frame,timestamp,processing_mode,speech_detector_implementation,is_speech,speech_probability,speech_gate_open,is_whisper,whisper_processed,trigger,raw_score,whisper_probability,stage1_silero_threshold,stage1_silero_low_pass,stage1_enter_count,stage1_exit_count,stage1_candidate,zcr_threshold,zcr_pass,centroid_threshold,centroid_pass,group_a_pass,entropy_threshold,group_b_pass,total_band_energy,low_proportion,mid_proportion,high_proportion,low_proportion_threshold,group_c_pass,silero_rolling_median,high_silero_threshold,high_silero_raw,high_silero_count,high_silero_normal_evidence,silero_penalty,group_count,effective_group_score,grouped_v1_raw_is_whisper,stage2_is_whisper,stage2_consecutive_count,legacy_is_whisper,grouped_v1_is_whisper,whisper_classifier_implementation,final_trigger,rms,zcr,entropy,voicing,hnr,spectral_centroid,band_energy_low,band_energy_mid,band_energy_high,temporal_score,formant_score
0,2026-08-07T11:57:58.580180,shadow,silero,False,0.0,True,False,True,False,3,0.0,0.005,False,0,0,False,0.08,True,1280.0,True,True,2.6,True,88.69523592861535,0.20582604122404435,0.42826586851239196,0.3659080902635638,0.8,True,,0.5,False,0,False,0,3,3,True,False,0,True,False,grouped_v1,False,0.028429089691788437,0.12734864300626306,4.722840786967693,0.0,0.0,2278.7181762310347,18.25578928661952,37.98514224787996,32.45430439411587,0.0,0.0
1,2026-08-07T11:57:58.706665,shadow,silero,False,0.008260281756520271,True,False,True,False,3,0.0,0.005,True,1,0,False,0.08,True,1280.0,True,True,2.6,True,0.012732377271133648,0.6815117505999553,0.2706743519645276,0.047813897435517234,0.8,True,,0.5,False,0,False,0,3,3,True,False,0,False,False,grouped_v1,False,0.0003428096759605022,0.1336116910229645,3.822782219197534,0.0,0.0,1474.0672367895609,0.008677264723349374,0.0034463279668319803,0.0006087845809522951,0.0,0.0
2,2026-08-07T11:57:58.755985,shadow,silero,False,0.008689061738550663,True,False,True,False,3,0.0,0.005,True,2,0,False,0.08,True,1280.0,True,True,2.6,True,0.010438580511138103,0.7027978030527654,0.2469944686313475,0.050207728315887164,0.8,True,,0.5,False,0,False,0,3,3,True,False,0,False,False,grouped_v1,False,0.0003136558752920346,0.12943632567849686,3.798132005202748,0.0,0.0,1518.6642157855608,0.007336211450217272,0.0025782716466140956,0.0005240974143067364,0.0,0.0
3,2026-08-07T11:57:58.761689,shadow,silero,False,0.004133883863687515,True,False,True,False,3,0.0,0.005,False,0,0,False,0.08,True,1280.0,True,True,2.6,True,0.007284089609016249,0.7186078901824782,0.2296520430450961,0.05174006677242582,0.8,True,,0.5,False,0,False,0,3,3,True,False,0,False,False,grouped_v1,False,0.0002626351670902056,0.1524008350730689,3.8130354342631683,0.0,0.0,1482.0720714524205,0.005234404265835279,0.0016728060604341369,0.0003768792827468338,0.0,0.0
4,2026-08-07T11:57:58.766656,shadow,silero,False,0.002803226700052619,True,False,True,False,3,0.0,0.005,False,0,0,False,0.08,True,1280.0,True,True,2.6,True,0.006442774951595634,0.7280873956066232,0.22027087015815386,0.051641734235222995,0.8,True,,0.5,False,0,False,0,3,3,True,False,0,False,False,grouped_v1,False,0.00024577191851456057,0.10855949895615867,3.7247084105302806,0.0,0.0,1496.8940255749706,0.004690903234986853,0.001419155644821128,0.00033271607178765345,0.0,0.0
5,2026-08-07T11:57:58.773002,shadow,silero,False,0.002885223599150777,True,False,True,False,3,0.0,0.005,False,0,0,False,0.08,True,1280.0,True,True,2.6,True,0.008303962830559364,0.7528266928883477,0.20306643102047697,0.04410687609117534,0.8,True,,0.5,False,0,False,0,3,3,True,False,0,False,False,grouped_v1,False,0.0002774996009802757,0.11482254697286012,3.703964147744167,0.0,0.0,1484.6278316083988,0.006251444875597769,0.0016862560953283879,0.00036626185963320755,0.0,0.0
6,2026-08-07T11:57:58.782806,shadow,silero,False,0.003271662164479494,True,False,True,False,3,0.0,0.005,False,0,0,False,0.08,True,1280.0,True,True,2.6,True,0.005610385282662197,0.6902883959365513,0.23633447237014826,0.07337713169330032,0.8,True,,0.5,False,0,False,0,3,3,True,False,0,False,False,grouped_v1,False,0.00022963894009769373,0.13569937369519833,3.8711843205436787,0.0,0.0,1550.7514580296108,0.0038727838573549235,0.0013259274455712155,0.00041167397973605795,0.0,0.0
7,2026-08-07T11:57:58.791558,shadow,silero,False,0.0033440222032368183,True,False,True,False,3,0.0,0.005,False,0,0,False,0.08,True,1280.0,True,True,2.6,True,0.007320741481899921,0.7009496475520262,0.2324994607980345,0.06655089164993926,0.8,True,,0.5,False,0,False,0,3,3,True,False,0,False,False,grouped_v1,False,0.00026410250937672824,0.1440501043841336,3.778608197154245,0.0,0.0,1521.5908249293818,0.005131471161557248,0.0017020684471835358,0.00048720187315913743,0.0,0.0
8,2026-08-07T11:57:58.803130,shadow,silero,False,0.0030885408632457256,True,False,True,False,3,0.0,0.005,False,0,0,False,0.08,True,1280.0,True,True,2.6,True,0.005335948040842555,0.750083628206413,0.17007446036270352,0.07984191143088361,0.8,True,,0.5,False,0,False,0,3,3,True,False,0,False,False,grouped_v1,False,0.00022466842909928854,0.1336116910229645,3.6972797305277756,0.0,0.0,1512.0538995472166,0.004002407266396084,0.0009075084835697226,0.00042603229087674816,0.0,0.0
9,2026-08-07T11:57:58.810189,shadow,silero,False,0.003033108077943325,True,False,True,False,3,0.0,0.005,False,0,0,False,0.08,True,1280.0,True,True,2.6,True,0.006459022918520586,0.7425348940198445,0.184880631090562,0.07258447488959364,0.8,True,0.00318010151386261,0.5,False,0,False,0,3,3,True,False,0,False,False,grouped_v1,False,0.000244895742759511,0.1336116910229645,3.7480210393681226,0.0,0.0,1530.2532087528664,0.00479604989827543,0.0011941482334044894,0.00046882478684066734,0.0,0.0
10,2026-08-07T11:57:58.818821,shadow,silero,False,0.0025787765625864267,True,False,True,False,3,0.0,0.005,False,0,0,False,0.08,True,1280.0,True,True,2.6,True,0.004909764392845654,0.7388873949405101,0.20217380146772632,0.05893880359176365,0.8,True,0.00318010151386261,0.5,False,0,False,0,3,3,True,False,0,False,False,grouped_v1,False,0.00021396836013387363,0.1440501043841336,3.641034003290926,0.0,0.0,1485.2617229989326,0.0036277630220014007,0.0009926257316124891,0.0002893756392317647,0.0,0.0
11,2026-08-07T11:57:58.827901,shadow,silero,False,0.0023439873475581408,True,False,True,False,3,0.0,0.005,False,0,0,False,0.08,True,1280.0,True,True,2.6,True,0.004122552288062981,0.6947373142573466,0.24271306996185862,0.06254961578079468,0.8,True,0.0030608244705945253,0.5,False,0,False,0,3,3,True,False,0,False,False,grouped_v1,False,0.00019872689603843345,0.11064718162839249,3.7083619006338093,0.0,0.0,1571.5215332448222,0.002864090904494355,0.0010005973219140507,0.0002578640616545755,0.0,0.0
12,2026-08-07T11:57:58.839870,shadow,silero,False,0.0020408944692462683,True,False,True,False,3,0.0,0.005,False,0,0,False,0.08,True,1280.0,True,True,2.6,True,0.005608444320841161,0.7246668724655666,0.22042413977568384,0.05490898775874945,0.8,True,0.002959165838547051,0.5,False,0,False,0,3,3,True,False,0,False,False,grouped_v1,False,0.0002301969983703468,0.12317327766179541,3.8268181237380348,0.0,0.0,1486.5006151158018,0.0040642538053812325,0.0012362365149012323,0.00030795400055869517,0.0,0.0
13,2026-08-07T11:57:58.848081,shadow,silero,False,0.001892855390906334,True,False,True,False,3,0.0,0.005,False,0,0,False,0.08,True,1280.0,True,True,2.6,True,0.004993136345948738,0.7926528878995982,0.163474025256392,0.0438730868440098,0.8,True,0.002844225149601698,0.5,False,0,False,0,3,3,True,False,0,False,False,grouped_v1,False,0.0002182559738440808,0.08977035490605428,3.645800757523981,0.0,0.0,1418.6403823710045,0.003957823944292714,0.0008162480971262329,0.00021906430452979075,0.0,0.0
14,2026-08-07T11:57:58.855808,shadow,silero,False,0.001859262934885919,True,False,True,False,3,0.0,0.005,False,0,0,False,0.08,True,1280.0,True,True,2.6,True,0.005891738548274245,0.727428909071422,0.21772269241785583,0.05484839851072216,0.8,True,0.002732000080868602,0.5,False,0,False,0,3,3,True,False,0,False,False,grouped_v1,False,0.00023653664591327033,0.0918580375782881,3.804142844039852,0.0,0.0,1498.7214691585177,0.004285820944705178,0.001282765179752338,0.00032315242381672943,0.0,0.0
15,2026-08-07T11:57:58.866277,shadow,silero,False,0.001964703667908907,True,False,True,False,3,0.0,0.005,False,0,0,False,0.08,True,1280.0,True,True,2.6,True,0.005092606048141685,0.7523272595247157,0.19937860983692887,0.04829413063835556,0.8,True,0.0024613819550722837,0.5,False,0,False,0,3,3,True,False,0,False,False,grouped_v1,False,0.00021910082242854057,0.11691022964509394,3.5607652521795936,0.0,0.0,1509.7382218256876,0.0038313063520374257,0.0010153567143256252,0.00024594298177863416,0.0,0.0
16,2026-08-07T11:57:58.868867,shadow,silero,False,0.001964703667908907,True,False,True,False,3,0.0,0.005,False,0,0,False,0.08,True,1280.0,True,True,2.6,True,0.004832304949415973,0.735978325854994,0.22360041453893062,0.04042125960607545,0.8,True,0.0021924409084022045,0.5,False,0,False,0,3,3,True,False,0,False,False,grouped_v1,False,0.00021220347510734846,0.11064718162839249,3.5768124848000586,0.0,0.0,1509.2841853435407,0.003556471706691969,0.0010805053898679377,0.00019532785285606634,0.0,0.0
17,2026-08-07T11:57:58.875673,shadow,silero,False,0.0014120317064225674,True,False,True,False,3,0.0,0.005,False,0,0,False,0.08,True,1280.0,True,True,2.6,True,0.004346591320257151,0.7312308833298986,0.22090103354495122,0.04786808312515021,0.8,True,0.0020027990685775876,0.5,False,0,False,0,3,3,True,False,0,False,False,grouped_v1,False,0.00020223656252875684,0.1127348643006263,3.734757731564533,0.0,0.0,1525.4839791047668,0.003178361810585707,0.0009601665150423187,0.00020806299462912569,0.0,0.0
18,2026-08-07T11:57:58.882358,shadow,silero,False,0.0013416447909548879,True,False,True,False,3,0.0,0.005,False,0,0,False,0.08,True,1280.0,True,True,2.6,True,0.0023030182088080984,0.7497340079537362,0.20981498502215165,0.040451007024112,0.8,True,0.001964703667908907,0.5,False,0,False,0,3,3,True,False,0,False,False,grouped_v1,False,0.00015067189138784747,0.08977035490605428,3.583206347473786,0.0,0.0,1469.8330407155756,0.0017266510720801301,0.0004832077309868137,9.315940574115422e-05,0.0,0.0
19,2026-08-07T11:57:58.892813,shadow,silero,False,0.001474712393246591,True,False,True,False,3,0.0,0.005,False,0,0,False,0.08,True,1280.0,True,True,2.6,True,0.004203753007251415,0.6998523531035848,0.24948911720095637,0.050658529695458816,0.8,True,0.0019287795294076204,0.5,False,0,False,0,3,3,True,False,0,False,False,grouped_v1,False,0.00019832948136951748,0.11691022964509394,3.7650948897325356,0.0,0.0,1564.3364994871233,0.0029420064339911738,0.001048790626710021,0.0002129559465502201,0.0,0.0
20,2026-08-07T11:57:58.903078,shadow,silero,False,0.0011799830244854093,True,False,True,False,3,0.0,0.005,False,0,0,False,0.08,True,1280.0,True,True,2.6,True,0.0029549515225530203,0.7213707786203105,0.24082264859761388,0.037806572782075526,0.8,True,0.0018760591628961265,0.5,False,0,False,0,3,3,True,False,0,False,False,grouped_v1,False,0.00016687457767262888,0.12317327766179541,3.3727816654931835,0.0,0.0,1506.5295174726045,0.0021316156806093444,0.0007116192521387701,0.00011171658980490565,0.0,0.0
21,2026-08-07T11:57:58.911773,shadow,silero,False,0.0011854927288368344,True,False,True,False,3,0.0,0.005,False,0,0,False,0.08,True,1280.0,True,True,2.6,True,0.0050073370945817415,0.7479451906524636,0.2043804167472127,0.047674392600323905,0.8,True,0.001666987664066255,0.5,False,0,False,0,3,3,True,False,0,False,False,grouped_v1,False,0.00021988651898779995,0.1022964509394572,3.587580893854362,0.0,0.0,1517.5610100497813,0.0037452136978680934,0.0010234016421843935,0.0002387217545292552,0.0,0.0
22,2026-08-07T11:57:58.920297,shadow,silero,False,0.0010092084994539618,True,False,True,False,3,0.0,0.005,False,0,0,False,0.08,True,1280.0,True,True,2.6,True,0.002586790201518476,0.7446698747597705,0.2067434667402852,0.04858665849994435,0.8,True,0.0014433720498345792,0.5,False,0,False,0,3,3,True,False,0,False,False,grouped_v1,False,0.00015737370216447518,0.09394572025052192,3.631822341129541,0.0,0.0,1520.8634835656162,0.001926304735394565,0.0005348019739917307,0.0001256834921321804,0.0,0.0
23,2026-08-07T11:57:58.928084,shadow,silero,False,0.0010315311374142766,True,False,True,False,3,0.0,0.005,False,0,0,False,0.08,True,1280.0,True,True,2.6,True,0.0037427095707844448,0.7414673630739811,0.214467589652235,0.04406504727378392,0.8,True,0.0013768382486887276,0.5,False,0,False,0,3,3,True,False,0,False,False,grouped_v1,False,0.00018862353627269632,0.1022964509394572,3.6993611554432726,0.0,0.0,1475.2376392738204,0.0027750969962012937,0.0008026899004144909,0.0001649226741686601,0.0,0.0
24,2026-08-07T11:57:58.940430,shadow,silero,False,0.0011831338051706553,True,False,True,False,3,0.0,0.005,False,0,0,False,0.08,True,1280.0,True,True,2.6,True,0.0016754513821232284,0.7169757928523288,0.23695775730775695,0.04606644983991412,0.8,True,0.0012635687598958611,0.5,False,0,False,0,3,3,True,False,0,False,False,grouped_v1,False,0.00013127213519581788,0.11482254697286012,3.526975108694529,0.0,0.0,1541.5741296053723,0.0012012580830833319,0.0003970112019861019,7.718209705379448e-05,0.0,0.0
25,2026-08-07T11:57:58.948659,shadow,silero,False,0.0009312441106885672,True,False,True,False,3,0.0,0.005,False,0,0,False,0.08,True,1280.0,True,True,2.6,True,0.003216678903924174,0.7256884270771112,0.22560533001812594,0.04870624290476279,0.8,True,0.0011843132670037448,0.5,False,0,False,0,3,3,True,False,0,False,False,grouped_v1,False,0.0001784062777317732,0.10020876826722339,3.695189082802802,0.0,0.0,1490.7197243329306,0.00233430665420086,0.0007256999056821569,0.00015667234404115695,0.0,0.0
26,2026-08-07T11:57:58.957954,shadow,silero,False,0.0008274780702777207,True,False,True,False,3,0.0,0.005,False,0,0,False,0.08,True,1280.0,True,True,2.6,True,0.0022378566471779435,0.7645925071340042,0.19551226537803942,0.03989522748795643,0.8,True,0.0011815584148280323,0.5,False,0,False,0,3,3,True,False,0,False,False,grouped_v1,False,0.00014751735408796078,0.12526096033402923,3.647854615585842,0.0,0.0,1417.6234733562674,0.0017110484244722804,0.0004375284226810636,8.92798000245995e-05,0.0,0.0
27,2026-08-07T11:57:58.964876,shadow,silero,False,0.0008078530663624406,True,False,True,False,2,0.0,0.005,False,0,0,False,0.08,True,1280.0,True,True,2.6,True,0.0012218076379533246,0.8189303703971835,0.1507230353405315,0.030346594262284896,0.8,False,0.001105757080949843,0.5,False,0,False,0,2,2,True,False,0,False,False,grouped_v1,False,0.00011005469914552903,0.09603340292275574,2.9315023385204713,0.0,0.0,1564.8401503247094,0.001000575381503224,0.00018415455579457026,3.707770065553022e-05,0.0,0.0
28,2026-08-07T11:57:58.972968,shadow,silero,False,0.0008350484422408044,True,False,True,False,3,0.0,0.005,False,0,0,False,0.08,True,1280.0,True,True,2.6,True,0.0010491708343802239,0.6189534533894132,0.3352919790307599,0.0457545675798269,0.8,True,0.0010203698184341192,0.5,False,0,False,0,3,3,True,False,0,False,False,grouped_v1,False,0.00010474547245591886,0.1524008350730689,3.69182014328841,0.0,0.0,1501.1501754024694,0.0006493879111350917,0.0003517785654006989,4.800435784443333e-05,0.0,0.0
29,2026-08-07T11:57:58.982987,shadow,silero,False,0.0009371726191602647,True,False,True,False,3,0.0,0.005,False,0,0,False,0.08,True,1280.0,True,True,2.6,True,0.00135936625380582,0.5754122826732988,0.3785689413090359,0.0460187760176653,0.8,True,0.0009731905593071133,0.5,False,0,False,0,3,3,True,False,0,False,False,grouped_v1,False,0.00011546113191645166,0.1440501043841336,3.5800075222731045,0.0,0.0,1543.3582229519182,0.0007821960390914577,0.0005146138435544995,6.255637115986279e-05,0.0,0.0
30,2026-08-07T11:57:58.992015,shadow,silero,False,0.0007947020349092782,True,False,True,False,3,0.0,0.005,False,0,0,False,0.08,True,1280.0,True,True,2.6,True,0.0011228001502928023,0.5138238263156969,0.4372793486830907,0.0488968250012123,0.8,True,0.000934208364924416,0.5,False,0,False,0,3,3,True,False,0,False,False,grouped_v1,False,0.00010496682538951953,0.18162839248434237,3.6104849821693685,0.0,0.0,1654.9045481063838,0.0005769214694112872,0.0004909773184213129,5.490136246020202e-05,0.0,0.0
31,2026-08-07T11:57:59.000947,shadow,silero,False,0.0008323712972924113,True,False,True,False,3,0.0,0.005,False,0,0,False,0.08,True,1280.0,True,True,2.6,True,0.001099957406472763,0.6752505682887985,0.2846808382477254,0.040068593463476264,0.8,True,0.0008831462764646858,0.5,False,0,False,0,3,3,True,False,0,False,False,grouped_v1,False,0.00010687940649803946,0.1544885177453027,3.3076257059792256,0.0,0.0,1583.6037051095968,0.0007427468638142061,0.00031313679651146013,4.407374614709685e-05,0.0,0.0
32,2026-08-07T11:57:59.002853,shadow,silero,False,0.0008323712972924113,True,False,True,False,3,0.0,0.005,False,0,0,False,0.08,True,1280.0,True,True,2.6,True,0.0010682536930374928,0.7249103001730746,0.22749158081457993,0.047598119012345494,0.8,True,0.0008337098697666079,0.5,False,0,False,0,3,3,True,False,0,False,False,grouped_v1,False,0.00010321354660836712,0.1336116910229645,3.3461154346671886,0.0,0.0,1525.062795345017,0.0007743881052808044,0.00024301872134011225,5.084686641657617e-05,0.0,0.0
33,2026-08-07T11:57:59.010414,shadow,silero,False,0.0007655428489670157,True,False,True,False,3,0.0,0.005,False,0,0,False,0.08,True,1280.0,True,True,2.6,True,0.0004542355222467234,0.6625867139011901,0.27693516144420705,0.06047812465460293,0.8,True,0.0008323712972924113,0.5,False,0,False,0,3,3,True,False,0,False,False,grouped_v1,False,7.193946643663316e-05,0.1544885177453027,3.5452141738417655,0.0,0.0,1534.1382397504635,0.00030097042202264736,0.00012579378768709005,2.7471312536986e-05,0.0,0.0
34,2026-08-07T11:57:59.018198,shadow,silero,False,0.0007547148852609098,True,False,True,False,3,0.0,0.005,False,0,0,False,0.08,True,1280.0,True,True,2.6,True,0.0007582527577706776,0.7322276636410202,0.2208622785859825,0.04691005777299718,0.8,True,0.000829924683785066,0.5,False,0,False,0,3,3,True,False,0,False,False,grouped_v1,False,8.88309234784199e-05,0.11691022964509394,3.286009906758072,0.0,0.0,1547.3009472317049,0.0005552136452717837,0.00016746943182533691,3.5569680673556925e-05,0.0,0.0
35,2026-08-07T11:57:59.030614,shadow,silero,False,0.0006918760482221842,True,False,True,False,3,0.0,0.005,False,0,0,False,0.08,True,1280.0,True,True,2.6,True,0.0003559838457056888,0.6447434039841401,0.30854985296663734,0.04670674304922244,0.8,True,0.0008176655683200806,0.5,False,0,False,0,3,3,True,False,0,False,False,grouped_v1,False,6.599997040556176e-05,0.15866388308977036,3.5140404844878934,0.0,0.0,1752.6940495529198,0.0002295182364436507,0.00010983876325098839,1.6626846011049654e-05,0.0,0.0
36,2026-08-07T11:57:59.039173,shadow,silero,False,0.0007359627052210271,True,False,True,False,3,0.0,0.005,False,0,0,False,0.08,True,1280.0,True,True,2.6,True,0.0007478098285561678,0.7116954658001027,0.25112729336929696,0.037177240830600304,0.8,True,0.0008012775506358594,0.5,False,0,False,0,3,3,True,False,0,False,False,grouped_v1,False,8.878997906871471e-05,0.1524008350730689,3.5203204003842425,0.0,0.0,1523.2812069001131,0.0005322128642641767,0.0001877954582002684,2.7801506091722577e-05,0.0,0.0
37,2026-08-07T11:57:59.046607,shadow,silero,False,0.0007549364236183465,True,False,True,False,3,0.0,0.005,False,0,0,False,0.08,True,1280.0,True,True,2.6,True,0.0007897375819716107,0.6661480769467538,0.27331230484507973,0.060539618208166425,0.8,True,0.000780122441938147,0.5,False,0,False,0,3,3,True,False,0,False,False,grouped_v1,False,9.409496328939049e-05,0.16075156576200417,3.7029731288716476,0.0,0.0,1560.6541858504477,0.0005260821715229678,0.000215844998751441,4.781041169720185e-05,0.0,0.0
38,2026-08-07T11:57:59.056256,shadow,silero,False,0.0007187842857092619,True,False,True,False,3,0.0,0.005,False,0,0,False,0.08,True,1280.0,True,True,2.6,True,0.0008476775353436168,0.6428406954328966,0.29820059230327317,0.0589587122638301,0.8,True,0.0007602396362926811,0.5,False,0,False,0,3,3,True,False,0,False,False,grouped_v1,False,9.717953892249682e-05,0.15657620041753653,3.7120331795821224,0.0,0.0,1628.5419107716755,0.0005449216163231344,0.0002527779431216453,4.9977975898836974e-05,0.0,0.0
39,2026-08-07T11:57:59.064142,shadow,silero,False,0.0006988508393988013,True,False,True,False,3,0.0,0.005,False,0,0,False,0.08,True,1280.0,True,True,2.6,True,0.0012852782238418417,0.7418379717317851,0.2154104736620619,0.042751554606153014,0.8,True,0.0007548256544396281,0.5,False,0,False,0,3,3,True,False,0,False,False,grouped_v1,False,0.0001184303304146158,0.1127348643006263,3.6970809088264303,0.0,0.0,1460.3884259426711,0.0009534681906858631,0.00027686239098530474,5.494764217067385e-05,0.0,0.0
40,2026-08-07T11:57:59.069783,shadow,silero,False,0.0006580899935215712,True,False,True,False,3,0.0,0.005,False,0,0,False,0.08,True,1280.0,True,True,2.6,True,0.0016084665620921398,0.7328011716041898,0.21827935086240724,0.048919477533403005,0.8,True,0.0007453387952409685,0.5,False,0,False,0,3,3,True,False,0,False,False,grouped_v1,False,0.00012772153464973252,0.14822546972860126,3.764390140967041,0.0,0.0,1488.6226111172762,0.0011786861811872832,0.0003510950370573601,7.86853438474964e-05,0.0,0.0
41,2026-08-07T11:57:59.075983,shadow,silero,False,0.0006011909572407603,True,False,True,False,3,0.0,0.005,False,0,0,False,0.08,True,1280.0,True,True,2.6,True,0.0010875843652562846,0.7186217794644911,0.23677262028469914,0.044605600250809806,0.8,True,0.0007273734954651445,0.5,False,0,False,0,3,3,True,False,0,False,False,grouped_v1,False,0.00010734316924778902,0.11482254697286012,3.7234518793884748,0.0,0.0,1508.684167774456,0.0007815618118782303,0.0002575101999424018,4.851235343565255e-05,0.0,0.0
42,2026-08-07T11:57:59.082525,shadow,silero,False,0.0006029885844327509,True,False,True,False,3,0.0,0.005,False,0,0,False,0.08,True,1280.0,True,True,2.6,True,0.0016884610765998938,0.6732678681585347,0.25842660713163945,0.06830552470982576,0.8,True,0.0007088175625540316,0.5,False,0,False,0,3,3,True,False,0,False,False,grouped_v1,False,0.00013104985707218113,0.13569937369519833,3.9382886330095377,0.0,0.0,1538.029402394273,0.0011367865895110748,0.00043634326729954573,0.00011533121978927304,0.0,0.0
43,2026-08-07T11:57:59.091746,shadow,silero,False,0.0005806711269542575,True,False,True,False,3,0.0,0.005,False,0,0,False,0.08,True,1280.0,True,True,2.6,True,0.0015427998374229744,0.7525197843387347,0.19371989917964458,0.05376031648162078,0.8,True,0.0006953634438104928,0.5,False,0,False,0,3,3,True,False,0,False,False,grouped_v1,False,0.00012524086828501617,0.1315240083507307,3.6814803604649615,0.0,0.0,1493.101360936406,0.0011609874009353715,0.0002988710289599506,8.294140752765219e-05,0.0,0.0
44,2026-08-07T11:57:59.098675,shadow,silero,False,0.00054843322141096,True,False,True,False,3,0.0,0.005,False,0,0,False,0.08,True,1280.0,True,True,2.6,True,0.0011180878998291674,0.7406881061718298,0.19981787844778312,0.05949401538038704,0.8,True,0.0006749830208718777,0.5,False,0,False,0,3,3,True,False,0,False,False,grouped_v1,False,0.00010903836515650513,0.14613778705636743,3.7516216792594377,0.0,0.0,1555.6837958399863,0.0008281544090581044,0.0002234139520620017,6.651953870906113e-05,0.0,0.0
45,2026-08-07T11:57:59.108372,shadow,silero,False,0.0005617180140689015,True,False,True,False,3,0.0,0.005,False,0,0,False,0.08,True,1280.0,True,True,2.6,True,0.0011672944805159015,0.7257805718736493,0.21719401790535797,0.05702541022099278,0.8,True,0.000630539288977161,0.5,False,0,False,0,3,3,True,False,0,False,False,grouped_v1,False,0.00010975640564573164,0.0918580375782881,3.752484508671443,0.0,0.0,1545.6496596070956,0.0008471996556137854,0.00025352937830199623,6.656544660011995e-05,0.0,0.0
46,2026-08-07T11:57:59.116909,shadow,silero,False,0.0005072805215604603,True,False,True,False,3,0.0,0.005,False,0,0,False,0.08,True,1280.0,True,True,2.6,True,0.0016370822727457765,0.7362598452923591,0.1932025068316037,0.07053764787603709,0.8,True,0.0006020897708367556,0.5,False,0,False,0,3,3,True,False,0,False,False,grouped_v1,False,0.00012569965976766412,0.13987473903966596,3.729543083144493,0.0,0.0,1554.3792730324196,0.001205317940862669,0.0003162883989840632,0.0001154759328990441,0.0,0.0
47,2026-08-07T11:57:59.125649,shadow,silero,False,0.0005182797904126346,True,False,True,False,3,0.0,0.005,False,0,0,False,0.08,True,1280.0,True,True,2.6,True,0.00042793717208964796,0.7294199020212474,0.17584901699671254,0.09473108098203999,0.8,True,0.0005909310420975089,0.5,False,0,False,0,3,3,True,False,0,False,False,grouped_v1,False,7.14313666165025e-05,0.13778705636743216,3.48358273456149,0.0,0.0,1655.9132377153142,0.0003121458901368807,7.52523310483176e-05,4.053895090444962e-05,0.0,0.0
48,2026-08-07T11:57:59.127393,shadow,silero,False,0.0005182797904126346,True,False,True,False,3,0.0,0.005,False,0,0,False,0.08,True,1280.0,True,True,2.6,True,0.0015927021616390356,0.7514712142075132,0.18614221372200787,0.06238657207047898,0.8,True,0.0005711945705115795,0.5,False,0,False,0,3,3,True,False,0,False,False,grouped_v1,False,0.0001252649506793393,0.1127348643006263,3.690664566261647,0.0,0.0,1580.4489378688481,0.001196869827277817,0.0002964691061673173,9.936322819390135e-05,0.0,0.0
49,2026-08-07T11:57:59.133662,shadow,silero,False,0.0004528128483798355,True,False,True,False,3,0.0,0.005,False,0,0,False,0.08,True,1280.0,True,True,2.6,True,0.0007905506845480048,0.6891676932095762,0.23339923094527765,0.07743307584514622,0.8,True,0.0005550756177399307,0.5,False,0,False,0,3,3,True,False,0,False,False,grouped_v1,False,9.123119850517423e-05,0.1524008350730689,3.7549957319257343,0.0,0.0,1579.228427098002,0.0005448219916351998,0.0001845139217967671,6.121477111603791e-05,0.0,0.0
50,2026-08-07T11:57:59.142507,shadow,silero,False,0.000451399915618822,True,False,True,False,2,0.0,0.005,False,0,0,False,0.08,True,1280.0,True,True,2.6,True,0.0006319158023814858,0.8092525951897764,0.13521117461916812,0.05553623019105542,0.8,False,0.0005333565059117973,0.5,False,0,False,0,2,2,True,False,0,False,False,grouped_v1,False,8.542503698328979e-05,0.10855949895615867,3.2082571236499993,0.0,0.0,1613.5502237075386,0.0005113795030186473,8.544207790041482e-05,3.509422146242368e-05,0.0,0.0
51,2026-08-07T11:57:59.153294,shadow,silero,False,0.0005499146063812077,True,False,True,False,3,0.0,0.005,False,0,0,False,0.08,True,1280.0,True,True,2.6,True,0.0020345830365280674,0.712925737615118,0.224924264959232,0.06214999742564992,0.8,True,0.0005333565059117973,0.5,False,0,False,0,3,3,True,False,0,False,False,grouped_v1,False,0.00014310550644986542,0.1524008350730689,3.857631186786264,0.0,0.0,1550.3048583659138,0.001450506612055979,0.00045762709398959784,0.00012644933048249038,0.0,0.0
52,2026-08-07T11:57:59.162292,shadow,silero,False,0.0004832307458855212,True,False,True,False,3,0.0,0.005,False,0,0,False,0.08,True,1280.0,True,True,2.6,True,0.0006904169675072151,0.699787866879069,0.23612456747140906,0.06408756564952203,0.8,True,0.0005182797904126346,0.5,False,0,False,0,3,3,True,False,0,False,False,grouped_v1,False,8.750578043796483e-05,0.11899791231732777,3.7809277588226022,0.0,0.0,1555.9526596208475,0.00048314541694898953,0.00016302440782756304,4.424714273066257e-05,0.0,0.0
53,2026-08-07T11:57:59.170988,shadow,silero,False,0.0005031437030993402,True,False,True,False,3,0.0,0.005,False,0,0,False,0.08,True,1280.0,True,True,2.6,True,0.000718831755157804,0.6642007242023745,0.26303618015371666,0.07276309564390888,0.8,True,0.0005127801559865475,0.5,False,0,False,0,3,3,True,False,0,False,False,grouped_v1,False,8.987822772193553e-05,0.12108559498956159,3.828180718522162,0.0,0.0,1578.203764542108,0.00047744857235547736,0.00018907875904990046,5.230442375242619e-05,0.0,0.0
54,2026-08-07T11:57:59.177240,shadow,silero,False,0.00047211197670549154,True,False,True,False,3,0.0,0.005,False,0,0,False,0.08,True,1280.0,True,True,2.6,True,0.0017069786691025388,0.7267473750533741,0.21564359647717743,0.05760902846944852,0.8,True,0.0005052121123299003,0.5,False,0,False,0,3,3,True,False,0,False,False,grouped_v1,False,0.00013288865855028668,0.12734864300626306,3.812952610569306,0.0,0.0,1523.8746118998226,0.001240542267042372,0.00036809901931509725,9.83373827450695e-05,0.0,0.0
55,2026-08-07T11:57:59.183020,shadow,silero,False,0.0004361549508757889,True,False,True,False,3,0.0,0.005,False,0,0,False,0.08,True,1280.0,True,True,2.6,True,0.00041945406701021746,0.6967349796800175,0.21418166189743115,0.08908335842255119,0.8,True,0.0004931872244924307,0.5,False,0,False,0,3,3,True,False,0,False,False,grouped_v1,False,7.372383839212044e-05,0.15031315240083507,3.7457080149857016,0.0,0.0,1576.0920949536019,0.0002922483208550646,8.983936916188482e-05,3.7366376993268005e-05,0.0,0.0
56,2026-08-07T11:57:59.189071,shadow,silero,False,0.00041787506779655814,True,False,True,False,3,0.0,0.005,False,0,0,False,0.08,True,1280.0,True,True,2.6,True,0.0008844562559582282,0.698798840857952,0.2389207514653379,0.06228040767671014,0.8,True,0.00047767136129550636,0.5,False,0,False,0,3,3,True,False,0,False,False,grouped_v1,False,9.771564777920546e-05,0.17745302713987474,3.8483776499516127,0.0,0.0,1556.32766015358,0.0006180570064531739,0.0002113149533117591,5.508429619329515e-05,0.0,0.0
57,2026-08-07T11:57:59.197529,shadow,silero,False,0.0004936602781526744,True,False,True,False,3,0.0,0.005,False,0,0,False,0.08,True,1280.0,True,True,2.6,True,0.0010438286999530904,0.7437118508632644,0.20582808111442405,0.050460068022311455,0.8,True,0.00047767136129550636,0.5,False,0,False,0,3,3,True,False,0,False,False,grouped_v1,False,0.00010435373675667858,0.12734864300626306,3.6138880305794103,0.0,0.0,1506.400722595723,0.000776307774426308,0.0002148492583235085,5.2671667203273876e-05,0.0,0.0
58,2026-08-07T11:57:59.202381,shadow,silero,False,0.0004592969489749521,True,False,True,False,3,0.0,0.005,False,0,0,False,0.08,True,1280.0,True,True,2.6,True,0.00023207316302879723,0.6446071179867559,0.20887479502429268,0.14651808698895138,0.8,True,0.0004657044628402218,0.5,False,0,False,0,3,3,True,False,0,False,False,grouped_v1,False,5.671661371602448e-05,0.1837160751565762,3.8993366704793986,0.0,0.0,1812.360560114887,0.00014959601278206352,4.847423435827928e-05,3.400291588845441e-05,0.0,0.0
59,2026-08-07T11:57:59.212440,shadow,silero,False,0.0004181998665444553,True,False,True,False,3,0.0,0.005,False,0,0,False,0.08,True,1280.0,True,True,2.6,True,0.00030205349143145384,0.7192419282514775,0.21478081047706188,0.06597726127146056,0.8,True,0.0004657044628402218,0.5,False,0,False,0,3,3,True,False,0,False,False,grouped_v1,False,6.395875911528822e-05,0.12317327766179541,3.336901108298171,0.0,0.0,1656.9416669294678,0.00021724953561224998,6.487529369707392e-05,1.9928662122129903e-05,0.0,0.0
60,2026-08-07T11:57:59.220520,shadow,silero,False,0.0003878591815009713,True,False,True,False,3,0.0,0.005,False,0,0,False,0.08,True,1280.0,True,True,2.6,True,0.000890969273988155,0.7117190127913685,0.21658467314394916,0.07169631406468238,0.8,True,0.0004657044628402218,0.5,False,0,False,0,3,3,True,False,0,False,False,grouped_v1,False,9.721836890108872e-05,0.15031315240083507,3.746305703965438,0.0,0.0,1607.8381334644334,0.000634119772110292,0.00019297028898802624,6.387921288983681e-05,0.0,0.0
61,2026-08-07T11:57:59.229386,shadow,silero,False,0.0003820217680186033,True,False,True,False,3,0.0,0.005,False,0,0,False,0.08,True,1280.0,True,True,2.6,True,0.0010800131769445804,0.7501859533758449,0.19763529683726372,0.05217874978689128,0.8,True,0.0004477259499253705,0.5,False,0,False,0,3,3,True,False,0,False,False,grouped_v1,False,0.00010505023355842544,0.13778705636743216,3.7412328365741843,0.0,0.0,1478.3769850135975,0.0008102107148046452,0.00021344872481359836,5.6353737326336794e-05,0.0,0.0
62,2026-08-07T11:57:59.239313,shadow,silero,False,0.0005307411774992943,True,False,True,False,3,0.0,0.005,False,0,0,False,0.08,True,1280.0,True,True,2.6,True,0.0005281227781652642,0.7690057415907677,0.1550501420510201,0.07594411635821215,0.8,True,0.0004477259499253705,0.5,False,0,False,0,3,3,True,False,0,False,False,grouped_v1,False,7.90847845297402e-05,0.14613778705636743,3.519668816272535,0.0,0.0,1616.316118272904,0.00040612944867395555,8.18855117749036e-05,4.010781771640509e-05,0.0,0.0
63,2026-08-07T11:57:59.246384,shadow,silero,False,0.00047792107216082513,True,False,True,False,3,0.0,0.005,False,0,0,False,0.08,True,1280.0,True,True,2.6,True,0.0015867542505590595,0.7175236892597158,0.21538043681273897,0.06709587392754546,0.8,True,0.0004477259499253705,0.5,False,0,False,0,3,3,True,False,0,False,False,grouped_v1,False,0.00012613912772251227,0.12734864300626306,3.893749514502909,0.0,0.0,1531.6614655602943,0.0011385337638096717,0.00034175582359988047,0.00010646466314950753,0.0,0.0
64,2026-08-07T11:57:59.253348,shadow,silero,False,0.00047792107216082513,True,False,True,False,3,0.0,0.005,False,0,0,False,0.08,True,1280.0,True,True,2.6,True,0.0002572937604282806,0.7647192476867561,0.17562284818446472,0.059657904128779124,0.8,True,0.0004477259499253705,0.5,False,0,False,0,3,3,True,False,0,False,False,grouped_v1,False,6.0500798915809674e-05,0.13569937369519833,3.154407714275526,0.0,0.0,1639.1327728077076,0.0001967574909092112,4.5186663026505956e-05,1.5349606492563427e-05,0.0,0.0
65,2026-08-07T11:57:59.265992,shadow,silero,False,0.00039363562245853245,True,False,True,False,3,0.0,0.005,False,0,0,False,0.08,True,1280.0,True,True,2.6,True,0.00029075035742432385,0.7241938419891969,0.2079029654424406,0.06790319256836257,0.8,True,0.0004387484077597037,0.5,False,0,False,0,3,3,True,False,0,False,False,grouped_v1,False,6.643575171563818e-05,0.12526096033402923,3.536167326054345,0.0,0.0,1587.32845745547,0.0002105596184028533,6.044786151196646e-05,1.9742877509504108e-05,0.0,0.0
66,2026-08-07T11:57:59.278232,shadow,silero,False,0.0003642723604571074,True,False,True,False,3,0.0,0.005,False,0,0,False,0.08,True,1280.0,True,True,2.6,True,0.0006326318070453264,0.7878295978794891,0.15349719564081057,0.05867320647970021,0.8,True,0.0004387484077597037,0.5,False,0,False,0,3,3,True,False,0,False,False,grouped_v1,False,8.260574340250915e-05,0.12526096033402923,3.425887533107693,0.0,0.0,1619.7311721185877,0.0004984060621502941,9.710720825463599e-05,3.71185366403963e-05,0.0,0.0
67,2026-08-07T11:57:59.287464,shadow,silero,False,0.00039014036883600056,True,False,True,False,3,0.0,0.005,False,0,0,False,0.08,True,1280.0,True,True,2.6,True,0.0011444162553217513,0.7179989951436517,0.22246055936048623,0.05954044549586197,0.8,True,0.00040591774450149387,0.5,False,0,False,0,3,3,True,False,0,False,False,grouped_v1,False,0.00010876885596619232,0.13569937369519833,3.815410452525529,0.0,0.0,1533.5153843642593,0.0008216897213470782,0.0002545874803001098,6.813905367456319e-05,0.0,0.0
68,2026-08-07T11:57:59.296989,shadow,silero,False,0.0003770875046029687,True,False,True,False,3,0.0,0.005,False,0,0,False,0.08,True,1280.0,True,True,2.6,True,0.00031560854332370026,0.7141003646198053,0.18110639274855717,0.10479324263163757,0.8,True,0.0003918879956472665,0.5,False,0,False,0,3,3,True,False,0,False,False,grouped_v1,False,6.342722260207439e-05,0.15866388308977036,3.267934901122408,0.0,0.0,1728.7017650600567,0.00022537617586457996,5.715872480198208e-05,3.307364265713822e-05,0.0,0.0
69,2026-08-07T11:57:59.303433,shadow,silero,False,0.0003390867495909333,True,False,True,False,3,0.0,0.005,False,0,0,False,0.08,True,1280.0,True,True,2.6,True,0.0004359884634335733,0.7990787123592414,0.1375721163560728,0.0633491712846857,0.8,True,0.00038899977516848594,0.5,False,0,False,0,3,3,True,False,0,False,False,grouped_v1,False,7.173768926474984e-05,0.1127348643006263,3.571769351792699,0.0,0.0,1563.1768676995912,0.000348389099963984,5.997985562138894e-05,2.7619507848200367e-05,0.0,0.0
70,2026-08-07T11:57:59.310306,shadow,silero,False,0.0003393980150576681,True,False,True,False,3,0.0,0.005,False,0,0,False,0.08,True,1280.0,True,True,2.6,True,0.0004033938159409237,0.6285529819508523,0.29624217465248726,0.07520484339666042,0.8,True,0.00038608106842730194,0.5,False,0,False,0,3,3,True,False,0,False,False,grouped_v1,False,6.986889978979869e-05,0.2045929018789144,3.9365575429934783,0.0,0.0,1597.7906548512642,0.00025355438591020084,0.00011950226127570441,3.0337168755018424e-05,0.0,0.0
71,2026-08-07T11:57:59.317344,shadow,silero,False,0.0003104358329437673,True,False,True,False,3,0.0,0.005,False,0,0,False,0.08,True,1280.0,True,True,2.6,True,0.0002634248823865872,0.7934496594144176,0.1401878774144675,0.06636246317111498,0.8,True,0.00038361393671948463,0.5,False,0,False,0,3,3,True,False,0,False,False,grouped_v1,False,6.29870635277132e-05,0.1336116910229645,3.1268525089410577,0.0,0.0,1613.7333562355757,0.0002090143832109206,3.6928975119931405e-05,1.748152405573519e-05,0.0,0.0
72,2026-08-07T11:57:59.326867,shadow,silero,False,0.0002679948811419308,True,False,True,False,3,0.0,0.005,False,0,0,False,0.08,True,1280.0,True,True,2.6,True,0.00023923439129567425,0.7424311510170974,0.18160642077087746,0.0759624282120251,0.8,True,0.00037067993253003806,0.5,False,0,False,0,3,3,True,False,0,False,False,grouped_v1,False,5.856591738135614e-05,0.15866388308977036,3.590595624788146,0.0,0.0,1603.9806053933787,0.0001776150644925221,4.344650152850696e-05,1.817282527464518e-05,0.0,0.0
73,2026-08-07T11:57:59.335781,shadow,silero,False,0.0003081329632550478,True,False,True,False,3,0.0,0.005,False,0,0,False,0.08,True,1280.0,True,True,2.6,True,0.0007130979350606487,0.731849048472706,0.21004078958567232,0.058110161941621566,0.8,True,0.00035183518775738776,0.5,False,0,False,0,3,3,True,False,0,False,False,grouped_v1,False,8.75630151873964e-05,0.12734864300626306,3.6582055837182175,0.0,0.0,1534.6262189907522,0.0005218800452419873,0.00014977965333205114,4.1438236486610234e-05,0.0,0.0
74,2026-08-07T11:57:59.344356,shadow,silero,False,0.00029930571326985955,True,False,True,False,3,0.0,0.005,False,0,0,False,0.08,True,1280.0,True,True,2.6,True,0.00024764542250109504,0.6496115829592006,0.23039442324527282,0.11999399379552644,0.8,True,0.0003392423823243007,0.5,False,0,False,0,3,3,True,False,0,False,False,grouped_v1,False,5.790693870457735e-05,0.16701461377870563,3.993233626055511,0.0,0.0,1828.766622894565,0.0001608733349235364,5.70561242864717e-05,2.9715963291086925e-05,0.0,0.0
75,2026-08-07T11:57:59.352135,shadow,silero,False,0.0003060192393604666,True,False,True,False,3,0.0,0.005,False,0,0,False,0.08,True,1280.0,True,True,2.6,True,0.000810658105413003,0.7170687285575824,0.22252828013237805,0.060402991310039504,0.8,True,0.0003247612912673503,0.5,False,0,False,0,3,3,True,False,0,False,False,grouped_v1,False,9.665449833097055e-05,0.11899791231732777,3.652125143264755,0.0,0.0,1525.6579927998273,0.0005812975769434006,0.00018039435397292758,4.896617449667471e-05,0.0,0.0
76,2026-08-07T11:57:59.365709,shadow,silero,False,0.00028271842165850103,True,False,True,False,3,0.0,0.005,False,0,0,False,0.08,True,1280.0,True,True,2.6,True,0.0005198223165626955,0.6801578796596164,0.24234490048405258,0.07749721985633105,0.8,True,0.00030928439809940755,0.5,False,0,False,0,3,3,True,False,0,False,False,grouped_v1,False,8.20697944547783e-05,0.14822546972860126,3.6552340876605722,0.0,0.0,1605.6980831353176,0.00035356124463303286,0.00012597628757677611,4.028478435288653e-05,0.0,0.0
77,2026-08-07T11:57:59.373878,shadow,silero,False,0.0002753985463641584,True,False,True,False,3,0.0,0.005,False,0,0,False,0.08,True,1280.0,True,True,2.6,True,0.00029340161612742056,0.7294144138435302,0.18601921345986816,0.08456637269660165,0.8,True,0.0003070761013077572,0.5,False,0,False,0,3,3,True,False,0,False,False,grouped_v1,False,6.572940887671763e-05,0.1524008350730689,3.4191550269853157,0.0,0.0,1649.3153535375093,0.00021401136784832692,5.457833785987694e-05,2.4811910419216697e-05,0.0,0.0
78,2026-08-07T11:57:59.380438,shadow,silero,False,0.00025453712441958487,True,False,True,False,3,0.0,0.005,False,0,0,False,0.08,True,1280.0,True,True,2.6,True,0.00030311011562664475,0.6971338419693694,0.19758560576280576,0.10528055226782475,0.8,True,0.0003026624763151631,0.5,False,0,False,0,3,3,True,False,0,False,False,grouped_v1,False,6.61795656162816e-05,0.16701461377870563,3.3034518142545424,0.0,0.0,1622.8422119397317,0.00021130831944658266,5.98901958089247e-05,3.1911600371137374e-05,0.0,0.0
79,2026-08-07T11:57:59.387374,shadow,silero,False,0.00026998345856554806,True,False,True,False,3,0.0,0.005,False,0,0,False,0.08,True,1280.0,True,True,2.6,True,0.00034080649552375677,0.7471458096945751,0.17877836396881447,0.07407582633661045,0.8,True,0.0002910120674641803,0.5,False,0,False,0,3,3,True,False,0,False,False,grouped_v1,False,6.578727567593904e-05,0.1544885177453027,3.6753648488656685,0.0,0.0,1602.6598244041045,0.00025463214504726784,6.092882769968233e-05,2.5245522776806612e-05,0.0,0.0
80,2026-08-07T11:57:59.389475,shadow,silero,False,0.00026998345856554806,True,False,True,False,3,0.0,0.005,False,0,0,False,0.08,True,1280.0,True,True,2.6,True,0.0005516245361455081,0.7361745916047208,0.18568547872897956,0.07813992966629978,0.8,True,0.0002790584840113297,0.5,False,0,False,0,3,3,True,False,0,False,False,grouped_v1,False,7.886522450495412e-05,0.15031315240083507,3.648161148592296,0.0,0.0,1556.5500179160165,0.00040609196761606293,0.00010242866607282996,4.310390245661524e-05,0.0,0.0
81,2026-08-07T11:57:59.397971,shadow,silero,False,0.0002866173454094678,True,False,True,False,3,0.0,0.005,False,0,0,False,0.08,True,1280.0,True,True,2.6,True,0.00028732727432124046,0.63954421283002,0.2683049709958442,0.09215081617413581,0.8,True,0.0002790584840113297,0.5,False,0,False,0,3,3,True,False,0,False,False,grouped_v1,False,6.468743842779546e-05,0.13569937369519833,3.5552387439785784,0.0,0.0,1666.5830071321298,0.00018375849548037297,7.709133600307539e-05,2.6477442837792123e-05,0.0,0.0
82,2026-08-07T11:57:59.410886,shadow,silero,False,0.00023985533334780484,True,False,True,False,3,0.0,0.005,False,0,0,False,0.08,True,1280.0,True,True,2.6,True,0.0002476445746323597,0.7174339468356007,0.1816406697507714,0.1009253834136279,0.8,True,0.0002790584840113297,0.5,False,0,False,0,3,3,True,False,0,False,False,grouped_v1,False,5.94403500789678e-05,0.16910229645093947,3.5175433466694606,0.0,0.0,1662.4997043094245,0.00017766862459091728,4.4982326396366705e-05,2.4993623645075692e-05,0.0,0.0
83,2026-08-07T11:57:59.426073,shadow,silero,False,0.0002458689850755036,True,False,True,False,3,0.0,0.005,False,0,0,False,0.08,True,1280.0,True,True,2.6,True,0.00044946678335560373,0.6966289040262328,0.22184127525467875,0.08152982071908832,0.8,True,0.00027269100246485323,0.5,False,0,False,0,3,3,True,False,0,False,False,grouped_v1,False,7.396620343040016e-05,0.13569937369519833,3.799494067907812,0.0,0.0,1594.1638019077411,0.00031311155268521045,9.971028440422554e-05,3.664494626616768e-05,0.0,0.0
84,2026-08-07T11:57:59.437888,shadow,silero,False,0.0002660384343471378,True,False,True,False,3,0.0,0.005,False,0,0,False,0.08,True,1280.0,True,True,2.6,True,0.00029989381878530645,0.7893934862904636,0.12463554312075999,0.0859709705887763,0.8,True,0.00026998345856554806,0.5,False,0,False,0,3,3,True,False,0,False,False,grouped_v1,False,6.288878875176194e-05,0.1544885177453027,3.417800297292392,0.0,0.0,1708.4232120023692,0.0002367342271278936,3.737742898286544e-05,2.578216267454739e-05,0.0,0.0
85,2026-08-07T11:57:59.447627,shadow,silero,False,0.00022336310939863324,True,False,True,False,3,0.0,0.005,False,0,0,False,0.08,True,1280.0,True,True,2.6,True,0.00030583768035494577,0.7223860846126977,0.21812041760514572,0.059493497782156714,0.8,True,0.00026801094645634294,0.5,False,0,False,0,3,3,True,False,0,False,False,grouped_v1,False,6.382058997125524e-05,0.1315240083507307,3.5299879693476264,0.0,0.0,1516.3465769343832,0.00022093288443863904,6.670944255840984e-05,1.819535335789692e-05,0.0,0.0
86,2026-08-07T11:57:59.459444,shadow,silero,False,0.00022500878549180925,True,False,True,False,3,0.0,0.005,False,0,0,False,0.08,True,1280.0,True,True,2.6,True,0.00035017307063452184,0.6396497060494274,0.29592895329286195,0.06442134065771063,0.8,True,0.00026028777938336134,0.5,False,0,False,0,3,3,True,False,0,False,False,grouped_v1,False,6.614081886360747e-05,0.12526096033402923,3.9267359318119976,0.0,0.0,1663.1892664390625,0.0002239881016977973,0.00010362635026422146,2.2558618672503096e-05,0.0,0.0
87,2026-08-07T11:57:59.471045,shadow,silero,False,0.00024000655685085803,True,False,True,False,3,0.0,0.005,False,0,0,False,0.08,True,1280.0,True,True,2.6,True,0.0006928918122313009,0.7404935612081395,0.19211278087623937,0.067393657915621,0.8,True,0.00025020305474754423,0.5,False,0,False,0,3,3,True,False,0,False,False,grouped_v1,False,8.741062089082471e-05,0.12943632567849686,3.6999941194604498,0.0,0.0,1571.3489071090332,0.0005130819255711176,0.00013311337289413232,4.6696513766051e-05,0.0,0.0
88,2026-08-07T11:57:59.479348,shadow,silero,False,0.00027472851797938347,True,False,True,False,2,0.0,0.005,False,0,0,False,0.08,True,1280.0,True,True,2.6,True,0.00046032662703924724,0.8198057960364529,0.11603932374842037,0.06415488021512672,0.8,False,0.0002559537097113207,0.5,False,0,False,0,2,2,True,False,0,False,False,grouped_v1,False,7.516335234744042e-05,0.12526096033402923,3.321690239040507,0.0,0.0,1548.1803644291715,0.00037737843691668544,5.3415990505025564e-05,2.9532199617536216e-05,0.0,0.0
89,2026-08-07T11:57:59.487059,shadow,silero,False,0.0002485602453816682,True,False,True,False,3,0.0,0.005,False,0,0,False,0.08,True,1280.0,True,True,2.6,True,0.0006789675868755087,0.7359109303458878,0.19543224568797096,0.06865682396614113,0.8,True,0.0002472146152285859,0.5,False,0,False,0,3,3,True,False,0,False,False,grouped_v1,False,8.451870176096049e-05,0.1419624217118998,3.4713253916599807,0.0,0.0,1684.7914411052234,0.000499659668532258,0.00013269216025242318,4.661575809082744e-05,0.0,0.0
90,2026-08-07T11:57:59.495936,shadow,silero,False,0.00022656135843135417,True,False,True,False,3,0.0,0.005,False,0,0,False,0.08,True,1280.0,True,True,2.6,True,0.00028039891791802773,0.6924482447577311,0.2278144419944547,0.07973731324781418,0.8,True,0.0002429377709631808,0.5,False,0,False,0,3,3,True,False,0,False,False,grouped_v1,False,6.212189252140583e-05,0.1315240083507307,3.59187056213314,0.0,0.0,1713.634665782879,0.00019416173854430542,6.387892302134439e-05,2.2358256352377912e-05,0.0,0.0
91,2026-08-07T11:57:59.503551,shadow,silero,False,0.00028881095931865275,True,False,True,False,3,0.0,0.005,False,0,0,False,0.08,True,1280.0,True,True,2.6,True,0.00046851295154168575,0.6764486621407088,0.24935968223415655,0.07419165562513469,0.8,True,0.0002429377709631808,0.5,False,0,False,0,3,3,True,False,0,False,False,grouped_v1,False,7.584221585893951e-05,0.15657620041753653,3.820020927291944,0.0,0.0,1539.3356490478873,0.00031692495926596804,0.00011682824071902155,3.475975155669617e-05,0.0,0.0
92,2026-08-07T11:57:59.511117,shadow,silero,False,0.00026418745983392,True,False,True,False,3,0.0,0.005,False,0,0,False,0.08,True,1280.0,True,True,2.6,True,0.0006195661550013512,0.7742517731098559,0.15116017213309357,0.0745880547570505,0.8,True,0.0002472146152285859,0.5,False,0,False,0,3,3,True,False,0,False,False,grouped_v1,False,8.434784343204413e-05,0.1419624217118998,3.4408000445878795,0.0,0.0,1600.9916563247616,0.000479700194068652,9.365372663784318e-05,4.621223429485602e-05,0.0,0.0
93,2026-08-07T11:57:59.521814,shadow,silero,False,0.000295869103865698,True,False,True,False,3,0.0,0.005,False,0,0,False,0.08,True,1280.0,True,True,2.6,True,0.0004218161677118096,0.6372168093140775,0.30875311753565937,0.054030073150263015,0.8,True,0.0002563738526077941,0.5,False,0,False,0,3,3,True,False,0,False,False,grouped_v1,False,7.438009660096517e-05,0.10647181628392484,3.5676854832406573,0.0,0.0,1481.5144242819395,0.0002687883525064111,0.00013023705680796575,2.2790758397432684e-05,0.0,0.0
94,2026-08-07T11:57:59.530492,shadow,silero,False,0.00036105202161706984,True,False,True,False,3,0.0,0.005,False,0,0,False,0.08,True,1280.0,True,True,2.6,True,0.0014646505857983756,0.7310312215969909,0.21751829184426597,0.05145048655874322,0.8,True,0.0002563738526077941,0.5,False,0,False,0,3,3,True,False,0,False,False,grouped_v1,False,0.00012146553196970363,0.15866388308977036,3.802293435275021,0.0,0.0,1532.0782504405724,0.0010707053069489347,0.00031858829357156617,7.535698527787471e-05,0.0,0.0
95,2026-08-07T11:57:59.539367,shadow,silero,False,0.0002272456476930529,True,False,True,False,3,0.0,0.005,False,0,0,False,0.08,True,1280.0,True,True,2.6,True,0.00022161499136033534,0.5756277263851836,0.2930631618000221,0.1313091118147944,0.8,True,0.0002563738526077941,0.5,False,0,False,0,3,3,True,False,0,False,False,grouped_v1,False,5.7411812858558034e-05,0.1419624217118998,3.809433007252674,0.0,0.0,1793.5974946781018,0.00012756773360962192,6.494719007034446e-05,2.910006768036897e-05,0.0,0.0
96,2026-08-07T11:57:59.541438,shadow,silero,False,0.0002272456476930529,True,False,True,False,3,0.0,0.005,False,0,0,False,0.08,True,1280.0,True,True,2.6,True,0.00026029165544326976,0.7719419103682098,0.17237316348876563,0.05568492614302462,0.8,True,0.0002563738526077941,0.5,False,0,False,0,3,3,True,False,0,False,False,grouped_v1,False,6.071106799340879e-05,0.12734864300626306,3.5013590802487053,0.0,0.0,1561.0689060974903,0.00020093003775578148,4.4867296078484195e-05,1.4494321609004089e-05,0.0,0.0
97,2026-08-07T11:57:59.547904,shadow,silero,False,0.00023042430984787643,True,False,True,False,3,0.0,0.005,False,0,0,False,0.08,True,1280.0,True,True,2.6,True,0.0004823572371135409,0.6866602006512346,0.24610737579734185,0.06723242355142355,0.8,True,0.0002563738526077941,0.5,False,0,False,0,3,3,True,False,0,False,False,grouped_v1,False,7.693605771201123e-05,0.13569937369519833,3.717378888268338,0.0,0.0,1526.9928986695365,0.00033121551722195916,0.00011871167382286974,3.243004606871202e-05,0.0,0.0
98,2026-08-07T11:57:59.555624,shadow,silero,False,0.00021837966050952673,True,False,True,False,3,0.0,0.005,False,0,0,False,0.08,True,1280.0,True,True,2.6,True,0.00026765435790004866,0.7857620443547263,0.1300364858153215,0.08420146982995216,0.8,True,0.00023949227761477232,0.5,False,0,False,0,3,3,True,False,0,False,False,grouped_v1,False,6.298430205223701e-05,0.1336116910229645,3.467734930160871,0.0,0.0,1561.8095271750312,0.00021031263544399383,3.480483211447867e-05,2.2536890341576167e-05,0.0,0.0
99,2026-08-07T11:57:59.566193,shadow,silero,False,0.00017760605260264128,True,False,True,False,3,0.0,0.005,False,0,0,False,0.08,True,1280.0,True,True,2.6,True,0.00016300219794158826,0.6547936608503677,0.21135657777984682,0.13384976136978552,0.8,True,0.00022883497877046466,0.5,False,0,False,0,3,3,True,False,0,False,False,grouped_v1,False,5.289788706218745e-05,0.17118997912317327,3.7576289555543427,0.0,0.0,1743.6318164738232,0.00010673280591682884,3.445158672752729e-05,2.181780529723213e-05,0.0,0.0
100,2026-08-07T11:57:59.573438,shadow,silero,False,0.00016721880820114166,True,False,True,False,3,0.0,0.005,False,0,0,False,0.08,True,1280.0,True,True,2.6,True,0.00029271935553312924,0.7097958975464197,0.23433688015834886,0.055867222295231604,0.8,True,0.00022883497877046466,0.5,False,0,False,0,3,3,True,False,0,False,False,grouped_v1,False,6.447727918119681e-05,0.12734864300626306,3.319272358706033,0.0,0.0,1584.1984470392772,0.000207770997689847,6.859494053759602e-05,1.6353417305686264e-05,0.0,0.0
101,2026-08-07T11:57:59.581424,shadow,silero,False,0.00020611644140444696,True,False,True,False,3,0.0,0.005,False,0,0,False,0.08,True,1280.0,True,True,2.6,True,0.00020587326080778417,0.7051502819939077,0.21144510120896187,0.08340461679713042,0.8,True,0.0002272456476930529,0.5,False,0,False,0,3,3,True,False,0,False,False,grouped_v1,False,5.703682748141675e-05,0.15866388308977036,3.5927869598010824,0.0,0.0,1579.6556895119427,0.0001451715879136143,4.3530892467720926e-05,1.7170780426448926e-05,0.0,0.0
102,2026-08-07T11:57:59.589437,shadow,silero,False,0.00021438387921079993,True,False,True,False,3,0.0,0.005,False,0,0,False,0.08,True,1280.0,True,True,2.6,True,0.00016657344320419306,0.5814084973401803,0.33750508533624385,0.08108641732357573,0.8,True,0.0002228126541012898,0.5,False,0,False,0,3,3,True,False,0,False,False,grouped_v1,False,5.080272761337529e-05,0.18789144050104384,3.795945141250614,0.0,0.0,1697.5658157147036,9.684721531012975e-05,5.621938416338315e-05,1.3506843730680138e-05,0.0,0.0
103,2026-08-07T11:57:59.596053,shadow,silero,False,0.0002373884490225464,True,False,True,False,3,0.0,0.005,False,0,0,False,0.08,True,1280.0,True,True,2.6,True,0.0002509085279637498,0.5973219461388294,0.2960142569468554,0.10666379691431535,0.8,True,0.0002228126541012898,0.5,False,0,False,0,3,3,True,False,0,False,False,grouped_v1,False,5.928829327602692e-05,0.162839248434238,3.7759891468321234,0.0,0.0,1667.7447182204887,0.00014987317022613591,7.427250146681868e-05,2.6762856270795224e-05,0.0,0.0
104,2026-08-07T11:57:59.605064,shadow,silero,False,0.00019287118630018085,True,False,True,False,3,0.0,0.005,False,0,0,False,0.08,True,1280.0,True,True,2.6,True,0.0005080306724716838,0.7443190273441307,0.20139000606248586,0.05429096659338346,0.8,True,0.00021638176986016333,0.5,False,0,False,0,3,3,True,False,0,False,False,grouped_v1,False,7.708157734753237e-05,0.1419624217118998,3.544239135167483,0.0,0.0,1547.1534529616004,0.00037813689599510835,0.00010231230020900118,2.7581476267574324e-05,0.0,0.0
105,2026-08-07T11:57:59.615224,shadow,silero,False,0.00018620640912558883,True,False,True,False,3,0.0,0.005,False,0,0,False,0.08,True,1280.0,True,True,2.6,True,0.00022113188353091768,0.6769805398837501,0.2423333812256393,0.08068607889061062,0.8,True,0.00021025016030762345,0.5,False,0,False,0,3,3,True,False,0,False,False,grouped_v1,False,5.719960546762872e-05,0.1524008350730689,3.7250107834138007,0.0,0.0,1701.9807340637094,0.00014970198189827118,5.3587637032841544e-05,1.7842264599804943e-05,0.0,0.0
106,2026-08-07T11:57:59.624132,shadow,silero,False,0.0002198101719841361,True,False,True,False,3,0.0,0.005,False,0,0,False,0.08,True,1280.0,True,True,2.6,True,0.000681579571880962,0.6999352221430235,0.23623464871712085,0.06383012913985554,0.8,True,0.00021025016030762345,0.5,False,0,False,0,3,3,True,False,0,False,False,grouped_v1,False,8.58039282014708e-05,0.1544885177453027,3.825430682842196,0.0,0.0,1532.6660917675958,0.00047706154905264805,0.00016101271073606468,4.3505312092249265e-05,0.0,0.0
107,2026-08-07T11:57:59.632262,shadow,silero,False,0.0002617704449221492,True,False,True,False,3,0.0,0.005,False,0,0,False,0.08,True,1280.0,True,True,2.6,True,0.0002713655917743565,0.6681538574137886,0.24617152661264005,0.08567461597357127,0.8,True,0.00021025016030762345,0.5,False,0,False,0,3,3,True,False,0,False,False,grouped_v1,False,6.045720358850407e-05,0.16075156576200417,3.7813309009955813,0.0,0.0,1605.7645694689238,0.00018131396691341175,6.680248199723581e-05,2.3249142863708904e-05,0.0,0.0
108,2026-08-07T11:57:59.639770,shadow,silero,False,0.0002989427011925727,True,False,True,False,3,0.0,0.005,False,0,0,False,0.08,True,1280.0,True,True,2.6,True,0.0004244566766868692,0.7138179814468592,0.22160757708328027,0.06457444146986056,0.8,True,0.00021025016030762345,0.5,False,0,False,0,3,3,True,False,0,False,False,grouped_v1,False,7.077527184896013e-05,0.1544885177453027,3.595516582073781,0.0,0.0,1542.3686472947775,0.0003029848081642631,9.406281569739835e-05,2.7409052825207768e-05,0.0,0.0
109,2026-08-07T11:57:59.647348,shadow,silero,False,0.00023292745754588395,True,False,True,False,3,0.0,0.005,False,0,0,False,0.08,True,1280.0,True,True,2.6,True,0.0004129126247680641,0.672827816554332,0.2643840146450066,0.06278816880066142,0.8,True,0.00021709702559746802,0.5,False,0,False,0,3,3,True,False,0,False,False,grouped_v1,False,7.002437800370044e-05,0.162839248434238,3.683898741888423,0.0,0.0,1611.2560580745924,0.00027781909975041475,0.00010916749743378797,2.5926027583861375e-05,0.0,0.0
110,2026-08-07T11:57:59.658677,shadow,silero,False,0.00026758969761431217,True,False,True,False,3,0.0,0.005,False,0,0,False,0.08,True,1280.0,True,True,2.6,True,0.001958768473369861,0.7219856811544837,0.221174219510384,0.05684009933513222,0.8,True,0.00022636881476501003,0.5,False,0,False,0,3,3,True,False,0,False,False,grouped_v1,False,0.0001408192055435737,0.14822546972860126,3.8724381892354254,0.0,0.0,1509.6703030986857,0.0014142027904698673,0.0004332290882991254,0.0001113365946008682,0.0,0.0
111,2026-08-07T11:57:59.665739,shadow,silero,False,0.000230696692597121,True,False,True,False,3,0.0,0.005,False,0,0,False,0.08,True,1280.0,True,True,2.6,True,0.0002301762100901562,0.6702307482403802,0.23093583380095806,0.09883341795866177,0.8,True,0.00023181207507150248,0.5,False,0,False,0,3,3,True,False,0,False,False,grouped_v1,False,5.692597490634665e-05,0.15657620041753653,3.7497703875866164,0.0,0.0,1750.9837768314485,0.00015427117351586033,5.3155934998314716e-05,2.274910157598115e-05,0.0,0.0
112,2026-08-07T11:57:59.668264,shadow,silero,False,0.000230696692597121,True,False,True,False,3,0.0,0.005,False,0,0,False,0.08,True,1280.0,True,True,2.6,True,0.0015589306981838753,0.6329421143324718,0.25971490937535163,0.10734297629217665,0.8,True,0.00023181207507150248,0.5,False,0,False,0,3,3,True,False,0,False,False,grouped_v1,False,0.00012754333228761293,0.15031315240083507,4.0536547289894544,0.0,0.0,1885.2870716666393,0.0009867128922062985,0.00040487754500127885,0.00016734026097629812,0.0,0.0
113,2026-08-07T11:57:59.676960,shadow,silero,False,0.0005413502221927047,True,False,True,False,3,0.0,0.005,False,0,0,False,0.08,True,1280.0,True,True,2.6,True,0.0010283632389792138,0.728673517557407,0.21326265601462036,0.05806382642797282,0.8,True,0.00023181207507150248,0.5,False,0,False,0,3,3,True,False,0,False,False,grouped_v1,False,0.00010319495581581732,0.15031315240083507,3.6949458683182,0.0,0.0,1487.6127709704072,0.000749341058673712,0.0002193114756925049,5.971070461299701e-05,0.0,0.0
114,2026-08-07T11:57:59.685382,shadow,silero,False,0.0005932047497481108,True,False,True,False,3,0.0,0.005,False,0,0,False,0.08,True,1280.0,True,True,2.6,True,0.0023643105521678857,0.4618399161208682,0.47769964196551595,0.06046044191361586,0.8,True,0.00024734895123401657,0.5,False,0,False,0,3,3,True,False,0,False,False,grouped_v1,False,0.00014859526222733976,0.17849686847599164,3.7645847178880976,0.0,0.0,1633.2395130460225,0.0010919329870969,0.0011294303042658903,0.0001429472608050955,0.0,0.0
115,2026-08-07T11:57:59.692138,shadow,silero,False,0.00035518337972462177,True,False,True,False,3,0.0,0.005,False,0,0,False,0.08,True,1280.0,True,True,2.6,True,0.0019196609150707394,0.5709080234404075,0.3798359763578729,0.04925600020171952,0.8,True,0.0002646800712682307,0.5,False,0,False,0,3,3,True,False,0,False,False,grouped_v1,False,0.00013438840182858626,0.1941544885177453,3.741756409074978,0.0,0.0,1589.3090617090807,0.0010959498186988398,0.0007291562779519421,9.45548184199574e-05,0.0,0.0
116,2026-08-07T11:57:59.698472,shadow,silero,False,0.00039216625737026334,True,False,True,False,3,0.0,0.005,False,0,0,False,0.08,True,1280.0,True,True,2.6,True,0.002313389050250889,0.3590211728149444,0.5956172897572122,0.04536153742784341,0.8,True,0.00028326619940344244,0.5,False,0,False,0,3,3,True,False,0,False,False,grouped_v1,False,0.00014888800038667478,0.18997912317327767,3.8727134200979973,0.0,0.0,1632.9514550391716,0.0008305556499983244,0.0013778945162644454,0.0001049388839881188,0.0,0.0
117,2026-08-07T11:57:59.705538,shadow,silero,False,0.0004194133507553488,True,False,True,False,3,0.0,0.005,False,0,0,False,0.08,True,1280.0,True,True,2.6,True,0.003616689722471472,0.3915303232214358,0.5686561457614355,0.039813531017128666,0.8,True,0.00032706304045859724,0.5,False,0,False,0,3,3,True,False,0,False,False,grouped_v1,False,0.00018193990026285303,0.20041753653444677,3.8368057616933244,0.0,0.0,1642.3540559123032,0.0014160436960309005,0.0020566528379956234,0.00014399318844494842,0.0,0.0
118,2026-08-07T11:57:59.711495,shadow,silero,False,0.0004213932843413204,True,False,True,False,3,0.0,0.005,False,0,0,False,0.08,True,1280.0,True,True,2.6,True,0.005053256078041324,0.28810449265992366,0.6815165963691105,0.030378910970965692,0.8,True,0.00037367481854744256,0.5,False,0,False,0,3,3,True,False,0,False,False,grouped_v1,False,0.00021502080456367462,0.22129436325678498,3.5667502077538153,0.0,0.0,1722.8705583113533,0.0014558657786447713,0.003443877882888244,0.00015351241650830865,0.0,0.0
119,2026-08-07T11:57:59.716577,shadow,silero,False,0.0004641535342670977,True,False,True,False,3,0.0,0.005,False,0,0,False,0.08,True,1280.0,True,True,2.6,True,0.0034237792368345746,0.23132602016594925,0.7314736762865859,0.03720030354746498,0.8,True,0.00040578980406280607,0.5,False,0,False,0,3,3,True,False,0,False,False,grouped_v1,False,0.00017748172435701784,0.22755741127348644,3.197615979745425,0.0,0.0,1768.4879170919405,0.0007920092247837531,0.0025044043851610675,0.00012736562688975416,0.0,0.0
120,2026-08-07T11:57:59.721688,shadow,silero,False,0.0002776844776235521,True,False,True,False,3,0.0,0.005,False,0,0,False,0.08,True,1280.0,True,True,2.6,True,0.0024339491649196564,0.33132543685232024,0.6369704641185252,0.0317040990291547,0.8,True,0.00040578980406280607,0.5,False,0,False,0,3,3,True,False,0,False,False,grouped_v1,False,0.00015141599744189277,0.18997912317327767,3.5178153869395405,0.0,0.0,1636.5558555959487,0.0008064292703433451,0.0015503537292197703,7.716616535654116e-05,0.0,0.0
121,2026-08-07T11:57:59.726673,shadow,silero,False,0.00026315401191823184,True,False,True,False,3,0.0,0.005,False,0,0,False,0.08,True,1280.0,True,True,2.6,True,0.00172196276547026,0.36989076611792265,0.6028563583002639,0.027252875581813555,0.8,True,0.00040578980406280607,0.5,False,0,False,0,3,3,True,False,0,False,False,grouped_v1,False,0.00012940934221502323,0.20250521920668058,3.6994153949911994,0.0,0.0,1620.9213749984262,0.0006369381265463312,0.0010380962019200521,4.692843700387659e-05,0.0,0.0
122,2026-08-07T11:57:59.731596,shadow,silero,False,0.0002481025585439056,True,False,True,False,3,0.0,0.005,False,0,0,False,0.08,True,1280.0,True,True,2.6,True,0.0016537510230174603,0.47930046472049176,0.49331889698823994,0.027380638291268373,0.8,True,0.00040578980406280607,0.5,False,0,False,0,3,3,True,False,0,False,False,grouped_v1,False,0.00012600156741984713,0.1941544885177453,3.651941095691417,0.0,0.0,1556.480389199853,0.0007926436338642574,0.0008158266305681469,4.528075858505612e-05,0.0,0.0
123,2026-08-07T11:57:59.736809,shadow,silero,False,0.00022200065723154694,True,False,True,False,3,0.0,0.005,False,0,0,False,0.08,True,1280.0,True,True,2.6,True,0.0006590783932842767,0.4985624860022329,0.4503430076881352,0.05109450630963191,0.8,True,0.00037367481854744256,0.5,False,0,False,0,3,3,True,False,0,False,False,grouped_v1,False,8.464512895810545e-05,0.1524008350730689,3.8084091594712897,0.0,0.0,1659.1866436783168,0.00032859176222616634,0.0002968113459339048,3.3675285124205535e-05,0.0,0.0
124,2026-08-07T11:57:59.742479,shadow,silero,False,0.00021785371063742787,True,False,True,False,3,0.0,0.005,False,0,0,False,0.08,True,1280.0,True,True,2.6,True,0.0008075699655328498,0.5976513113196442,0.3661693538570366,0.03617933482331915,0.8,True,0.00031643392867408693,0.5,False,0,False,0,3,3,True,False,0,False,False,grouped_v1,False,9.441457929635245e-05,0.14613778705636743,3.5435592660597415,0.0,0.0,1547.815118839996,0.00048264524888306755,0.0002957073724735129,2.9217344176269277e-05,0.0,0.0
125,2026-08-07T11:57:59.747464,shadow,silero,False,0.00020835337636526674,True,False,True,False,3,0.0,0.005,False,0,0,False,0.08,True,1280.0,True,True,2.6,True,0.000696897145446674,0.6667942251039298,0.29260317049372125,0.04060260440234904,0.8,True,0.00027041924477089196,0.5,False,0,False,0,3,3,True,False,0,False,False,grouped_v1,False,8.953995235644235e-05,0.12734864300626306,3.5070150416983616,0.0,0.0,1588.5933308401954,0.0004646869920752557,0.00020391431426572081,2.8295839105697607e-05,0.0,0.0
126,2026-08-07T11:57:59.752537,shadow,silero,False,0.00023664925538469106,True,False,True,False,3,0.0,0.005,False,0,0,False,0.08,True,1280.0,True,True,2.6,True,0.0007802148344909105,0.7573216859321196,0.2113007676622946,0.03137754640558577,0.8,True,0.00025562828523106873,0.5,False,0,False,0,3,3,True,False,0,False,False,grouped_v1,False,9.581832709545799e-05,0.10438413361169102,3.2048175831292514,0.0,0.0,1466.3457274275788,0.000590873613845906,0.00016485999346943953,2.4481227175564965e-05,0.0,0.0
127,2026-08-07T11:57:59.757641,shadow,silero,False,0.00026481744134798646,True,False,True,False,2,0.0,0.005,False,0,0,False,0.08,True,1280.0,True,True,2.6,True,0.0005972955741670276,0.815534659930178,0.14358770999704668,0.040877630072775444,0.8,False,0.00025562828523106873,0.5,False,0,False,0,2,2,True,False,0,False,False,grouped_v1,False,8.370466874356737e-05,0.1336116910229645,3.1160371028963327,0.0,0.0,1439.6640232916782,0.00048711524295610726,8.576430368601464e-05,2.441602752490576e-05,0.0,0.0
128,2026-08-07T11:57:59.759181,shadow,silero,False,0.00026481744134798646,True,False,True,False,3,0.0,0.005,False,0,0,False,0.08,True,1280.0,True,True,2.6,True,0.0011666543722373204,0.7903377864879718,0.16788208642659933,0.04178012708542888,0.8,True,0.00025562828523106873,0.5,False,0,False,0,3,3,True,False,0,False,False,grouped_v1,False,0.00011167138708275093,0.11064718162839249,3.3490643125368567,0.0,0.0,1433.7877969195413,0.0009220510341505582,0.0001958603701499158,4.87429679368465e-05,0.0,0.0
129,2026-08-07T11:57:59.764151,shadow,silero,False,0.0002760689239948988,True,False,True,False,2,0.0,0.005,False,0,0,False,0.08,True,1280.0,True,True,2.6,True,0.0005780916236654697,0.8252358686630842,0.1316993844862792,0.0430647468506365,0.8,False,0.00025562828523106873,0.5,False,0,False,0,2,2,True,False,0,False,False,grouped_v1,False,8.432571867991894e-05,0.10647181628392484,3.159482498025977,0.0,0.0,1482.784671204325,0.0004770619432224267,7.613431101341611e-05,2.489536942962688e-05,0.0,0.0
130,2026-08-07T11:57:59.770344,shadow,silero,False,0.00024310928711201996,True,False,True,False,2,0.0,0.005,False,0,0,False,0.08,True,1280.0,True,True,2.6,True,0.0011749267192313927,0.8085058547199439,0.15411424393931383,0.03737990134074228,0.8,False,0.0002456059228279628,0.5,False,0,False,0,2,2,True,False,0,False,False,grouped_v1,False,0.00011214067187721533,0.11064718162839249,3.511636216809562,0.0,0.0,1405.9093485513158,0.0009499351313654767,0.00018107294301844456,4.391864484747146e-05,0.0,0.0
131,2026-08-07T11:57:59.775320,shadow,silero,False,0.0002465086290612817,True,False,True,False,2,0.0,0.005,False,0,0,False,0.08,True,1280.0,True,True,2.6,True,0.0005863128111169492,0.8235702346662102,0.14209737732649577,0.03433238800729419,0.8,False,0.0002448089580866508,0.5,False,0,False,0,2,2,True,False,0,False,False,grouped_v1,False,8.241529856340736e-05,0.08977035490605428,3.147780793530765,0.0,0.0,1437.8545984122109,0.0004828697794393912,8.331351275264357e-05,2.012951892491449e-05,0.0,0.0
132,2026-08-07T11:57:59.780724,shadow,silero,False,0.0002711781417019665,True,False,True,False,2,0.0,0.005,False,0,0,False,0.08,True,1280.0,True,True,2.6,True,0.000588906581267124,0.8276442868974071,0.12956134723300505,0.04279436586958783,0.8,False,0.0002448089580866508,0.5,False,0,False,0,2,2,True,False,0,False,False,grouped_v1,False,8.161532526929984e-05,0.14509394572025053,3.030786276318432,0.0,0.0,1609.3524990673889,0.00048740516750201877,7.629953006335177e-05,2.5201883701753465e-05,0.0,0.0
133,2026-08-07T11:57:59.786972,shadow,silero,False,0.0002806379343383014,True,False,True,False,3,0.0,0.005,False,0,0,False,0.08,True,1280.0,True,True,2.6,True,0.0008569093388512074,0.7750657748355366,0.1795378976985939,0.045396327465869524,0.8,True,0.00025566303520463407,0.5,False,0,False,0,3,3,True,False,0,False,False,grouped_v1,False,9.68313619638225e-05,0.0918580375782881,3.5076509684392776,0.0,0.0,1487.9201514707993,0.0006641611006805184,0.0001538477012156378,3.890053695505116e-05,0.0,0.0
134,2026-08-07T11:57:59.792957,shadow,silero,False,0.0003420791181270033,True,False,True,False,3,0.0,0.005,False,0,0,False,0.08,True,1280.0,True,True,2.6,True,0.0025315149046805296,0.7797548598703479,0.2004680804479692,0.019777059681682856,0.8,True,0.00026481744134798646,0.5,False,0,False,0,3,3,True,False,0,False,False,grouped_v1,False,0.0001538269571324639,0.11064718162839249,3.3981439425034785,0.0,0.0,1442.1581770244372,0.0019739610497588635,0.0005074879335667295,5.006592135493652e-05,0.0,0.0
135,2026-08-07T11:57:59.803894,shadow,silero,False,0.0005817142082378268,True,False,True,False,3,0.0,0.005,False,0,0,False,0.08,True,1280.0,True,True,2.6,True,0.0050368408242503025,0.7433753863036414,0.23196598515215655,0.02465862854420189,0.8,True,0.0002679977915249765,0.5,False,0,False,0,3,3,True,False,0,False,False,grouped_v1,False,0.0002165598618419595,0.10438413361169102,3.4209034006849945,0.0,0.0,1397.0263356595694,0.0037442634934770204,0.0011683757438518216,0.0001242015869214599,0.0,0.0
136,2026-08-07T11:57:59.814522,shadow,silero,False,0.0008594777900725603,True,False,True,False,2,0.0,0.005,False,0,0,False,0.08,True,1280.0,True,True,2.6,True,0.0047630284133453596,0.8052736557295956,0.1685292778306761,0.02619706643972845,0.8,False,0.00027362353284843266,0.5,False,0,False,0,2,2,True,False,0,False,False,grouped_v1,False,0.00020851408007810423,0.11482254697286012,3.093283245763395,0.0,0.0,1415.952110909609,0.003835541302758553,0.0008027097387880844,0.00012477737179872276,0.0,0.0
137,2026-08-07T11:57:59.821520,shadow,silero,False,0.0007538023637607694,True,False,True,False,3,0.0,0.005,False,0,0,False,0.08,True,1280.0,True,True,2.6,True,0.0022328051407728227,0.7649782285226419,0.20292237044400646,0.032099401033351585,0.8,True,0.0002783534291666001,0.5,False,0,False,0,3,3,True,False,0,False,False,grouped_v1,False,0.00014493040544792348,0.09812108559498957,3.551001685659905,0.0,0.0,1411.4292444279797,0.0017080473212246418,0.0004530861119051847,7.167170764299588e-05,0.0,0.0
138,2026-08-07T11:57:59.827565,shadow,silero,False,0.0004947272245772183,True,False,True,False,3,0.0,0.005,False,0,0,False,0.08,False,1280.0,True,True,2.6,True,0.002013552263751606,0.7868733129523043,0.18079130506343608,0.03233538198425944,0.8,True,0.00031135852623265237,0.5,False,0,False,0,3,3,True,False,0,False,False,grouped_v1,False,0.0001387620308179425,0.07933194154488518,3.1934766078681887,0.0,0.0,1444.6596561612403,0.0015844105405808384,0.00036403274157708893,6.51089815936785e-05,0.0,0.0
139,2026-08-07T11:57:59.833517,shadow,silero,False,0.000354336341843009,True,False,True,False,3,0.0,0.005,False,0,0,False,0.08,True,1280.0,True,True,2.6,True,0.0007058250893815918,0.7898886592426254,0.15617578892579603,0.05393555183157848,0.8,True,0.00034820772998500615,0.5,False,0,False,0,3,3,True,False,0,False,False,grouped_v1,False,8.52304117067708e-05,0.12317327766179541,3.2952872895679444,0.0,0.0,1646.1259768585821,0.0005575232335114319,0.0001102327901777906,3.806906569236936e-05,0.0,0.0
140,2026-08-07T11:57:59.839998,shadow,silero,False,0.0003229844442103058,True,False,True,False,3,0.0,0.005,False,0,0,False,0.08,True,1280.0,True,True,2.6,True,0.0009874391241647019,0.7336636865902049,0.21447837949778173,0.05185793391201339,0.8,True,0.00034820772998500615,0.5,False,0,False,0,3,3,True,False,0,False,False,grouped_v1,False,0.00010095237800254294,0.12317327766179541,3.6964948071113337,0.0,0.0,1517.4098729579969,0.0007244482281180782,0.00021178434320355414,5.120655284306949e-05,0.0,0.0
141,2026-08-07T11:57:59.845002,shadow,silero,False,0.0003063263138756156,True,False,True,False,3,0.0,0.005,False,0,0,False,0.08,True,1280.0,True,True,2.6,True,0.0012170733530372365,0.7339517600467975,0.20280522423442543,0.06324301571877712,0.8,True,0.00034820772998500615,0.5,False,0,False,0,3,3,True,False,0,False,False,grouped_v1,False,0.00011063711951234185,0.1649269311064718,3.831048331888792,0.0,0.0,1555.8376607519353,0.0008932731295677372,0.0002468288342724608,7.697138919703872e-05,0.0,0.0
142,2026-08-07T11:57:59.849963,shadow,silero,False,0.00033124451874755323,True,False,True,False,3,0.0,0.005,False,0,0,False,0.08,True,1280.0,True,True,2.6,True,0.0008201717460787332,0.7871226232006706,0.16527328958761306,0.0476040872117162,0.8,True,0.00034820772998500615,0.5,False,0,False,0,3,3,True,False,0,False,False,grouped_v1,False,9.255396856005688e-05,0.10647181628392484,3.4647489167369447,0.0,0.0,1498.2392748645582,0.0006455757362485668,0.00013555248250124872,3.904352732891757e-05,0.0,0.0
143,2026-08-07T11:57:59.854945,shadow,silero,False,0.00030614587012678385,True,False,True,False,3,0.0,0.005,False,0,0,False,0.08,True,1280.0,True,True,2.6,True,0.0006683190067562449,0.7371998046759469,0.21018276778021,0.05261742754384292,0.8,True,0.00034820772998500615,0.5,False,0,False,0,3,3,True,False,0,False,False,grouped_v1,False,8.673013562859038e-05,0.11482254697286012,3.405503511120529,0.0,0.0,1533.9311869136284,0.0004926846412419266,0.00014046913860014842,3.5165226914169786e-05,0.0,0.0
144,2026-08-07T11:57:59.856645,shadow,silero,False,0.00030614587012678385,True,False,True,False,2,0.0,0.005,False,0,0,False,0.08,True,1280.0,True,True,2.6,True,0.0005814857491182745,0.819686070651313,0.12897127884245685,0.051342650506230124,0.8,False,0.0003427904302952811,0.5,False,0,False,0,2,2,True,False,0,False,False,grouped_v1,False,7.976088218284439e-05,0.0918580375782881,3.275397402068603,0.0,0.0,1519.0999426358253,0.0004766357688344937,7.49949606924479e-05,2.9855019591332982e-05,0.0,0.0
145,2026-08-07T11:57:59.861715,shadow,silero,False,0.0002722200006246567,True,False,True,False,2,0.0,0.005,False,0,0,False,0.08,True,1280.0,True,True,2.6,True,0.00038728234384277134,0.8438464911664576,0.1079741852321573,0.048179323601385056,0.8,False,0.0003271144814789295,0.5,False,0,False,0,2,2,True,False,0,False,False,grouped_v1,False,6.918326108159877e-05,0.11064718162839249,2.8153701408300194,0.0,0.0,1519.0177323017278,0.00032680684694244414,4.181649553122342e-05,1.8659001369103756e-05,0.0,0.0
146,2026-08-07T11:57:59.867208,shadow,silero,False,0.00028673242195509374,True,False,True,False,3,0.0,0.005,False,0,0,False,0.08,True,1280.0,True,True,2.6,True,0.00037635557558509693,0.7743641512415546,0.18550180721697238,0.04013404154147316,0.8,True,0.0003146553790429607,0.5,False,0,False,0,3,3,True,False,0,False,False,grouped_v1,False,6.656494352992659e-05,0.14613778705636743,3.204743396000319,0.0,0.0,1567.886228030294,0.0002914362658529803,6.981463942721932e-05,1.5104670304897323e-05,0.0,0.0
147,2026-08-07T11:57:59.872434,shadow,silero,False,0.0003016919072251767,True,False,True,False,2,0.0,0.005,False,0,0,False,0.08,True,1280.0,True,True,2.6,True,0.000504785755590718,0.8008613265035999,0.17339184115873624,0.02574683233766399,0.8,False,0.0003062360920011997,0.5,False,0,False,0,2,2,True,False,0,False,False,grouped_v1,False,7.658626360853936e-05,0.12317327766179541,2.8569333316925687,0.0,0.0,1455.9472600427898,0.0004042633898225044,8.752573155257843e-05,1.299663421563525e-05,0.0,0.0
148,2026-08-07T11:57:59.877418,shadow,silero,False,0.00028433409170247614,True,False,True,False,3,0.0,0.005,False,0,0,False,0.08,True,1280.0,True,True,2.6,True,0.00026001162328665573,0.6853921231513381,0.25170721788434364,0.06290065896431808,0.8,True,0.00030614587012678385,0.5,False,0,False,0,3,3,True,False,0,False,False,grouped_v1,False,5.9327752689035566e-05,0.17118997912317327,3.4891468716030025,0.0,0.0,1635.3711200555017,0.00017820991852846688,6.544680231507613e-05,1.635490244311268e-05,0.0,0.0
149,2026-08-07T11:57:59.882347,shadow,silero,False,0.00030844478169456124,True,False,True,False,3,0.0,0.005,False,0,0,False,0.08,True,1280.0,True,True,2.6,True,0.0003181451095142805,0.6680849424335438,0.25245282175316786,0.07946223581328841,0.8,True,0.00030614587012678385,0.5,False,0,False,0,3,3,True,False,0,False,False,grouped_v1,False,6.382555860871155e-05,0.15031315240083507,3.620635698709643,0.0,0.0,1627.1329910534566,0.00021254795717536156,8.031663062385073e-05,2.5280521715068227e-05,0.0,0.0
150,2026-08-07T11:57:59.887380,shadow,silero,False,0.0003747412993106991,True,False,True,False,3,0.0,0.005,False,0,0,False,0.08,True,1280.0,True,True,2.6,True,0.0006807866866828101,0.5387556411431679,0.39700650299094253,0.06423785586588973,0.8,True,0.00030614587012678385,0.5,False,0,False,0,3,3,True,False,0,False,False,grouped_v1,False,8.859332775356283e-05,0.1524008350730689,3.7867883270676015,0.0,0.0,1565.2884560920575,0.0003667776678655303,0.0002702767417627329,4.373227705454699e-05,0.0,0.0
151,2026-08-07T11:57:59.892280,shadow,silero,False,0.0002996923285536468,True,False,True,False,3,0.0,0.005,False,0,0,False,0.08,True,1280.0,True,True,2.6,True,0.00046535158560805003,0.5325888452214378,0.4272110110651221,0.04020014371344003,0.8,True,0.00030391888867598027,0.5,False,0,False,0,3,3,True,False,0,False,False,grouped_v1,False,7.242323927035023e-05,0.1732776617954071,3.552991771510151,0.0,0.0,1656.8351543038107,0.0002478410636009564,0.00019880332138837278,1.8707200618720803e-05,0.0,0.0
152,2026-08-07T11:57:59.898098,shadow,silero,False,0.0002346574328839779,True,False,True,False,3,0.0,0.005,False,0,0,False,0.08,True,1280.0,True,True,2.6,True,0.0005845491183309736,0.5809526723639509,0.35154384811092043,0.06750347952512863,0.8,True,0.00030069211788941175,0.5,False,0,False,0,3,3,True,False,0,False,False,grouped_v1,False,8.045538289745235e-05,0.12943632567849686,3.70539458412056,0.0,0.0,1624.6484737938754,0.00033959537242237044,0.00020549464646791622,3.945909944068686e-05,0.0,0.0
153,2026-08-07T11:57:59.903127,shadow,silero,False,0.0002213870466221124,True,False,True,False,3,0.0,0.005,False,0,0,False,0.08,True,1280.0,True,True,2.6,True,0.0004354837702696202,0.6342367533789398,0.31312223259595734,0.05264101402510279,0.8,True,0.00029321237525437027,0.5,False,0,False,0,3,3,True,False,0,False,False,grouped_v1,False,7.289632346348626e-05,0.1440501043841336,3.411081152021397,0.0,0.0,1606.7447630917577,0.000276199812605024,0.00013635965040612846,2.2924307258467715e-05,0.0,0.0
154,2026-08-07T11:57:59.908083,shadow,silero,False,0.000240144130657427,True,False,True,False,3,0.0,0.005,False,0,0,False,0.08,True,1280.0,True,True,2.6,True,0.00040113479555825234,0.5624920239670858,0.3751018509175086,0.06240612511540575,0.8,True,0.00028553325682878494,0.5,False,0,False,0,3,3,True,False,0,False,False,grouped_v1,False,6.942351409878338e-05,0.1440501043841336,3.5071224767859097,0.0,0.0,1610.8328324482022,0.00022563512303718452,0.00015046640428131684,2.5033268239751e-05,0.0,0.0
155,2026-08-07T11:57:59.913167,shadow,silero,False,0.0002513422805350274,True,False,True,False,3,0.0,0.005,False,0,0,False,0.08,True,1280.0,True,True,2.6,True,0.0009990926602169335,0.7104570798559343,0.22940082451801605,0.06014209562604951,0.8,True,0.00028553325682878494,0.5,False,0,False,0,3,3,True,False,0,False,False,grouped_v1,False,0.00010426132943416949,0.12108559498956159,3.619356214119878,0.0,0.0,1469.532134634091,0.0007098124538832197,0.0002291926800236626,6.0087526310051004e-05,0.0,0.0
156,2026-08-07T11:57:59.918159,shadow,silero,False,0.00024513332755304873,True,False,True,False,3,0.0,0.005,False,0,0,False,0.08,True,1280.0,True,True,2.6,True,0.00028389750288174685,0.5363190378867128,0.3856739039025351,0.07800705821075213,0.8,True,0.00026783818611875176,0.5,False,0,False,0,3,3,True,False,0,False,False,grouped_v1,False,6.305998757095285e-05,0.16910229645093947,3.6153700728042617,0.0,0.0,1722.007845839291,0.00015225963560397873,0.00010949185824458452,2.2146009033183596e-05,0.0,0.0
157,2026-08-07T11:57:59.923096,shadow,silero,False,0.00023814789892639965,True,False,True,False,3,0.0,0.005,False,0,0,False,0.08,True,1280.0,True,True,2.6,True,0.00039492554743784323,0.6387586775215608,0.31726264014829514,0.04397868233014409,0.8,True,0.00024823780404403806,0.5,False,0,False,0,3,3,True,False,0,False,False,grouped_v1,False,6.814725212863725e-05,0.1315240083507307,3.4808381438325973,0.0,0.0,1613.3641879122817,0.00025226212040087515,0.0001252951218421409,1.7368305194827158e-05,0.0,0.0
158,2026-08-07T11:57:59.928766,shadow,silero,False,0.0003081726317759603,True,False,True,False,3,0.0,0.005,False,0,0,False,0.08,True,1280.0,True,True,2.6,True,0.00048763384823121813,0.7063681077216564,0.220394683407453,0.07323720887089072,0.8,True,0.00024823780404403806,0.5,False,0,False,0,3,3,True,False,0,False,False,grouped_v1,False,7.40936558396986e-05,0.1544885177453027,3.6688097507753255,0.0,0.0,1635.406806862516,0.0003444489986361149,0.0001074719075996773,3.5712941995425944e-05,0.0,0.0
159,2026-08-07T11:57:59.933924,shadow,silero,False,0.00023036105267237872,True,False,True,False,3,0.0,0.005,False,0,0,False,0.08,True,1280.0,True,True,2.6,True,0.00028897277553736574,0.645442974845796,0.29690401164977476,0.05765301350442917,0.8,True,0.00024263872910523787,0.5,False,0,False,0,3,3,True,False,0,False,False,grouped_v1,False,6.16554531070151e-05,0.14613778705636743,3.5327422716459274,0.0,0.0,1758.7433981382408,0.00018651544789228383,8.579717631461378e-05,1.6660151330468125e-05,0.0,0.0
160,2026-08-07T11:57:59.935630,shadow,silero,False,0.00023036105267237872,True,False,True,False,3,0.0,0.005,False,0,0,False,0.08,True,1280.0,True,True,2.6,True,0.00043711839218558307,0.6634899272339599,0.2454074251596032,0.0911026476064368,0.8,True,0.00023914601479191333,0.5,False,0,False,0,3,3,True,False,0,False,False,grouped_v1,False,7.164202519644725e-05,0.16910229645093947,3.6981253062868604,0.0,0.0,1596.63644616821,0.0002900236502238381,0.00010727209911616956,3.982264284557541e-05,0.0,0.0
161,2026-08-07T11:57:59.940719,shadow,silero,False,0.0002234975399915129,True,False,True,False,3,0.0,0.005,False,0,0,False,0.08,True,1280.0,True,True,2.6,True,0.0009243378931481906,0.700727399392555,0.23330116821592042,0.06597143239152456,0.8,True,0.00023640266590518877,0.5,False,0,False,0,3,3,True,False,0,False,False,grouped_v1,False,9.965621009056903e-05,0.1732776617954071,3.6558546762636155,0.0,0.0,1527.742466304226,0.000647708888025725,0.0002156491102977155,6.097989482475011e-05,0.0,0.0
162,2026-08-07T11:57:59.945717,shadow,silero,False,0.00028185747214592993,True,False,True,False,3,0.0,0.005,False,0,0,False,0.08,True,1280.0,True,True,2.6,True,0.0001991951811651342,0.5614171565777198,0.342440862919296,0.09614198050298406,0.8,True,0.00023914601479191333,0.5,False,0,False,0,3,3,True,False,0,False,False,grouped_v1,False,5.330686041609929e-05,0.17536534446764093,3.6131647881162414,0.0,0.0,1706.1151110845462,0.00011183159221371343,6.821256972755405e-05,1.915101922386671e-05,0.0,0.0
163,2026-08-07T11:57:59.950636,shadow,silero,False,0.00022125641407910734,True,False,True,False,3,0.0,0.005,False,0,0,False,0.08,True,1280.0,True,True,2.6,True,0.0009634374631982319,0.7064720987522087,0.2260115185654657,0.06751638268232556,0.8,True,0.00023914601479191333,0.5,False,0,False,0,3,3,True,False,0,False,False,grouped_v1,False,0.00010008312765167894,0.12526096033402923,3.661930163512261,0.0,0.0,1558.5844399821176,0.0006806416866421588,0.00021774796410029234,6.504781245578077e-05,0.0,0.0
164,2026-08-07T11:57:59.956010,shadow,silero,False,0.00022185909620020539,True,False,True,False,3,0.0,0.005,False,0,0,False,0.08,True,1280.0,True,True,2.6,True,0.0010574087619566823,0.6397651955513195,0.21226546729853296,0.14796933715014765,0.8,True,0.00023425447579938918,0.5,False,0,False,0,3,3,True,False,0,False,False,grouped_v1,False,0.00010632703216017917,0.15866388308977036,3.534801466341346,0.0,0.0,1543.9479534582742,0.0006764933233708955,0.0002244513649822984,0.00015646407360348855,0.0,0.0
165,2026-08-07T11:57:59.961947,shadow,silero,False,0.00022505341621581465,True,False,True,False,3,0.0,0.005,False,0,0,False,0.08,True,1280.0,True,True,2.6,True,0.00042321889214562577,0.2509930220084512,0.3890613330505542,0.35994564494099457,0.8,True,0.00023036105267237872,0.5,False,0,False,0,3,3,True,False,0,False,False,grouped_v1,False,6.998498837052626e-05,0.2359081419624217,3.5615453102539636,0.0,0.0,2004.1965366798197,0.00010622498871069938,0.00016465810635035588,0.0001523357970845705,0.0,0.0
166,2026-08-07T11:57:59.966806,shadow,silero,False,0.0002503502182662487,True,False,True,False,3,0.0,0.005,False,0,0,False,0.08,True,1280.0,True,True,2.6,True,0.057718535585304986,0.5911253490898664,0.3813737988980139,0.02750085201211971,0.8,True,0.00023036105267237872,0.5,False,0,False,0,3,3,True,False,0,False,False,grouped_v1,False,0.0007104085895913863,0.21085594989561587,3.510104402068812,0.0,0.0,1520.622479609212,0.03411888949681929,0.022012337182997964,0.0015873089054877377,0.0,0.0
167,2026-08-07T11:57:59.971860,shadow,silero,False,0.0019670245237648487,True,False,True,False,3,0.0,0.005,False,0,0,False,0.08,True,1280.0,True,True,2.6,True,0.04801819808682345,0.14369517843673107,0.5861629620115718,0.27014185955169717,0.8,True,0.00023036105267237872,0.5,False,0,False,0,3,3,True,False,0,False,False,grouped_v1,False,0.0006470323578813364,0.26931106471816285,3.6741588109477608,0.0,0.0,2104.0103693401597,0.006899983542296394,0.028146489221030822,0.012971725323496235,0.0,0.0
168,2026-08-07T11:57:59.976857,shadow,silero,False,0.004404185805469751,True,False,True,False,3,0.0,0.005,False,0,0,False,0.08,True,1280.0,True,True,2.6,True,0.08200104149770979,0.19200904991774545,0.3620154051532738,0.4459755449289807,0.8,True,0.00023036105267237872,0.5,False,0,False,0,3,3,True,False,0,False,False,grouped_v1,False,0.0008451898855594267,0.29227557411273486,3.7256679916077626,0.0,0.0,2220.4994851396364,0.015744942070240873,0.029685640260783824,0.03657045916668508,0.0,0.0
169,2026-08-07T11:57:59.981556,shadow,silero,False,0.007170123979449272,True,False,True,False,3,0.0,0.005,True,1,0,False,0.08,True,1280.0,True,True,2.6,True,0.14677994333282313,0.20503819890739122,0.4670670250971563,0.3278947759954525,0.8,True,0.0002403556354693137,0.5,False,0,False,0,3,3,True,False,0,False,False,grouped_v1,False,0.0011312719822355105,0.29436325678496866,3.841071489085943,0.0,0.0,2149.709237975552,0.030095495216691002,0.06855607147639088,0.048128376639741254,0.0,0.0
170,2026-08-07T11:57:59.986582,shadow,silero,False,0.042002368718385696,True,False,True,False,3,0.0,0.005,True,2,0,False,0.08,True,1280.0,True,True,2.6,True,0.1450112364885277,0.11208937475239591,0.43441383241453524,0.453496792833069,0.8,True,0.0002661038452060893,0.5,False,0,False,0,3,3,True,False,0,False,False,grouped_v1,False,0.0011565557267426657,0.3444676409185804,4.144839357150221,0.0,0.0,2602.5149313386296,0.01625421883007089,0.06299488698615181,0.06576213067230502,0.0,0.0
171,2026-08-07T11:57:59.992534,shadow,silero,False,0.17358580231666565,True,True,True,False,3,0.0,0.005,True,0,0,True,0.08,True,1280.0,True,True,2.6,True,0.20169585160289238,0.038970692111157536,0.30840142629738154,0.6526278815914608,0.8,True,0.0011244409979553893,0.5,False,0,False,0,3,3,True,True,1,False,True,grouped_v1,False,0.0013598744703813715,0.37995824634655534,4.280080310208409,0.0,0.0,2874.5323225018624,0.007860226932914039,0.06220328831259702,0.1316323363573813,0.0,0.0
172,2026-08-07T11:57:59.997710,shadow,silero,True,0.5118552446365356,True,True,True,False,3,0.0,0.005,True,0,0,True,0.08,True,1280.0,True,True,2.6,True,0.12299420308313846,0.11572918249958711,0.4378061636270306,0.44646465387338236,0.8,True,0.0031856051646173,0.5,False,0,False,0,3,3,True,True,2,False,True,grouped_v1,False,0.0010568610968898135,0.3068893528183716,4.223204140520414,0.0,0.0,2641.1970406926735,0.014234018574999811,0.05384762020019275,0.05491256430794591,0.0,0.0
173,2026-08-07T11:58:00.002807,shadow,silero,True,0.6470049619674683,True,True,True,False,3,0.0,0.005,True,0,0,True,0.08,True,1280.0,True,True,2.6,True,0.09163896639556167,0.17651688894688508,0.5124169065087185,0.31106620454439643,0.8,True,0.005787154892459512,0.5,False,0,False,0,3,3,True,True,3,False,True,grouped_v1,False,0.0008987742838198034,0.2964509394572025,4.029671371552269,0.0,0.0,2277.42303247623,0.016175825254452693,0.04695735567607012,0.028505785465038857,0.0,0.0
174,2026-08-07T11:58:00.007754,shadow,silero,True,0.5143150091171265,True,True,True,False,3,0.0,0.005,True,0,0,True,0.08,True,1280.0,True,True,2.6,True,0.07373807330918888,0.13007176861689623,0.6117882236231008,0.258140007760003,0.8,True,0.024586246348917484,0.5,False,0,False,0,3,3,True,True,4,False,True,grouped_v1,False,0.0008112688144939707,0.2860125260960334,4.098761821694323,0.0,0.0,2348.287635631566,0.00959124160972855,0.04511208488321865,0.01903474681624169,0.0,0.0
175,2026-08-07T11:58:00.012736,shadow,silero,True,0.5174699425697327,True,True,True,False,3,0.0,0.005,True,0,0,True,0.08,True,1280.0,True,True,2.6,True,0.08509878921968836,0.08286944422451462,0.196909235703246,0.7202213200722394,0.8,True,0.10779408551752567,0.5,False,0,False,0,3,3,True,True,5,False,True,grouped_v1,False,0.0009341159028434931,0.3757828810020877,4.292312455829182,0.0,0.0,2955.2476293227464,0.00705208936681469,0.016756737544520464,0.0612899623083532,0.0,0.0
176,2026-08-07T11:58:00.014418,shadow,silero,True,0.5174699425697327,True,True,True,False,3,0.0,0.005,True,0,0,True,0.08,True,1280.0,True,True,2.6,True,0.08950297332150145,0.08895502600897268,0.20431571808931115,0.7067292559017161,0.8,True,0.34272052347660065,0.5,False,0,False,0,3,3,True,True,6,False,True,grouped_v1,False,0.0009543414771758192,0.3757828810020877,4.400176359047794,0.0,0.0,2922.0043173225918,0.00796173931969455,0.018286864265311027,0.06325436973649587,0.0,0.0
177,2026-08-07T11:58:00.021045,shadow,silero,False,0.4211016595363617,True,True,True,False,3,0.0,0.005,True,0,0,True,0.08,True,1280.0,True,True,2.6,True,0.23540029517754882,0.2569425971674764,0.6377897046752681,0.10526769815725551,0.8,True,0.46647845208644867,0.5,False,0,False,0,3,3,True,True,7,False,True,grouped_v1,False,0.0014416959711183207,0.2546972860125261,3.712642603135403,0.0,0.0,2171.6665937520747,0.06048436321690997,0.1501358847417598,0.024780047218879057,0.0,0.0
178,2026-08-07T11:58:00.026307,shadow,silero,True,0.7508518695831299,True,True,True,False,3,0.0,0.005,True,0,0,True,0.08,True,1280.0,True,True,2.6,True,0.9526478207994241,0.12231563832815306,0.7460298161888416,0.13165454548300531,0.8,True,0.513085126876831,0.5,True,1,False,0,3,3,True,True,8,False,True,grouped_v1,False,0.002880472270012887,0.22755741127348644,3.901760569435192,0.0,0.0,1902.2790778047222,0.11652372630300553,0.7107036786436949,0.12542041585272368,0.0,0.0
179,2026-08-07T11:58:00.031347,shadow,silero,True,0.6011894941329956,True,True,True,False,3,0.0,0.005,True,0,0,True,0.08,True,1280.0,True,True,2.6,True,0.6461244930404189,0.06276255813427926,0.8801129424976076,0.05712449936811307,0.8,True,0.5158924758434296,0.5,True,2,False,0,3,3,True,True,9,False,True,grouped_v1,False,0.002370468136777458,0.18162839248434237,3.2548227684709077,0.0,0.0,1815.2907138771286,0.04055242605643101,0.568662528789578,0.036909538194409786,0.0,0.0
180,2026-08-07T11:58:00.036374,shadow,silero,False,0.38352543115615845,True,True,True,True,3,0.0,0.005,True,0,0,True,0.08,True,1280.0,True,True,2.6,True,0.28904418383738456,0.22005730021531658,0.7615403266210276,0.018402373163655877,0.8,True,0.5158924758434296,0.5,True,3,True,1,3,2,True,True,10,False,True,grouped_v1,True,0.0015867746497189212,0.15866388308977036,3.2251154473342494,0.0,0.0,1471.93239855863,0.06360628273819449,0.22011880216743018,0.005319098931759901,0.0,0.0
181,2026-08-07T11:58:00.041640,shadow,silero,False,0.2067684531211853,True,True,True,False,3,0.0,0.005,True,0,0,True,0.08,True,1280.0,False,True,2.6,True,0.12377754341824958,0.5676491614647238,0.42650901616815234,0.005841822367123903,0.8,True,0.5158924758434296,0.5,True,4,True,1,3,2,True,True,11,False,True,grouped_v1,False,0.0010410092662555784,0.12734864300626306,3.1049537309374973,0.0,0.0,1278.3956730711272,0.07026221872953281,0.05279223826702839,0.0007230864216883805,0.0,0.0
182,2026-08-07T11:58:00.046670,shadow,silero,False,0.10576425492763519,True,True,True,False,3,0.0,0.005,True,0,0,True,0.08,True,1280.0,True,True,2.6,True,0.07816432031513204,0.7662371219600741,0.22248023379939535,0.011282644240530517,0.8,True,0.5158924758434296,0.5,True,5,True,1,3,2,True,True,12,False,True,grouped_v1,False,0.0008283904880248953,0.12734864300626306,3.100898567171184,0.0,0.0,1321.3568407730038,0.059892403838232126,0.017390016258481404,0.000881900218418507,0.0,0.0
183,2026-08-07T11:58:00.052344,shadow,silero,False,0.0777151808142662,True,True,True,False,3,0.0,0.005,True,0,0,True,0.08,True,1280.0,True,True,2.6,True,0.14534145109760402,0.3377069018549796,0.6091570063004205,0.053136091844599886,0.8,True,0.4677083343267441,0.5,False,0,False,0,3,3,True,True,13,False,True,grouped_v1,False,0.0011260091963123616,0.16701461377870563,3.6256139671720344,0.0,0.0,1538.5760560956055,0.049082811161278876,0.08853576324197543,0.00772287669434971,0.0,0.0
184,2026-08-07T11:58:00.057334,shadow,silero,False,0.05484902486205101,True,True,True,False,3,0.0,0.005,True,0,0,True,0.08,True,1280.0,True,True,2.6,True,0.23146511823445715,0.2860969915096762,0.6822127395899364,0.03169026890038728,0.8,True,0.40231354534626007,0.5,False,0,False,0,3,3,True,True,14,False,True,grouped_v1,False,0.0014207489180182715,0.1732776617954071,3.647314706630128,0.0,0.0,1587.4712162124206,0.06622147396630969,0.15790845243023757,0.007335191837909882,0.0,0.0
185,2026-08-07T11:58:00.062307,shadow,silero,False,0.05901295319199562,True,True,True,False,3,0.0,0.005,True,0,0,True,0.08,True,1280.0,True,True,2.6,True,0.37486511962607577,0.606673677373546,0.22736252577562466,0.16596379685082918,0.8,True,0.2951469421386719,0.5,False,0,False,0,3,3,True,True,15,False,True,grouped_v1,False,0.0018113232573268986,0.19206680584551147,3.317764862042853,0.0,0.0,2030.4050242969759,0.22742080064262563,0.08523028042336628,0.06221403856008382,0.0,0.0
186,2026-08-07T11:58:00.067349,shadow,silero,False,0.04665315896272659,True,True,True,False,3,0.0,0.005,True,0,0,True,0.08,True,1280.0,True,True,2.6,True,0.2514697289883283,0.2652449500549566,0.3101588013891604,0.4245962485558831,0.8,True,0.15626635402441025,0.5,False,0,False,0,3,3,True,True,16,False,True,grouped_v1,False,0.0014958060510751139,0.25260960334029225,3.828420868191683,0.0,0.0,2021.5199650491868,0.0667010757058426,0.07799554972867692,0.10677310355380881,0.0,0.0
187,2026-08-07T11:58:00.072405,shadow,silero,False,0.07797028869390488,True,True,True,False,3,0.0,0.005,True,0,0,True,0.08,True,1280.0,True,True,2.6,True,0.15789734856144105,0.23620157485585405,0.4792935794173172,0.2845048457268288,0.8,True,0.09186727181077003,0.5,False,0,False,0,3,3,True,True,17,False,True,grouped_v1,False,0.001177726923411776,0.2630480167014614,3.5495918516830085,0.0,0.0,2053.935467106455,0.0372956023957761,0.07567918537251686,0.0449225607931481,0.0,0.0
188,2026-08-07T11:58:00.077322,shadow,silero,False,0.16162393987178802,True,True,True,False,3,0.0,0.005,True,0,0,True,0.08,True,1280.0,True,True,2.6,True,0.07081517094050482,0.30418329172647324,0.4353980882745422,0.26041861999898464,0.8,True,0.09186727181077003,0.5,False,0,False,0,3,3,True,True,18,False,True,grouped_v1,False,0.0008440132481582115,0.325678496868476,4.2754584438145615,0.0,0.0,2620.676539056496,0.02154079180085565,0.030832790048330713,0.018441589091318464,0.0,0.0
189,2026-08-07T11:58:00.083004,shadow,silero,False,0.2938266098499298,True,True,True,False,3,0.0,0.005,True,0,0,True,0.08,True,1280.0,True,True,2.6,True,0.05959075977229794,0.5570390123179385,0.27031193868583325,0.17264904899622824,0.8,True,0.09186727181077003,0.5,False,0,False,0,3,3,True,True,19,False,True,grouped_v1,False,0.000777733051986118,0.3089770354906054,4.166694158572662,0.0,0.0,2505.890842795862,0.033194377966836386,0.01610809380181162,0.010288288003649934,0.0,0.0
190,2026-08-07T11:58:00.088133,shadow,silero,False,0.28039053082466125,True,True,True,False,3,0.0,0.005,True,0,0,True,0.08,True,1280.0,True,True,2.6,True,0.00544905007603182,0.7869305252857316,0.1554989167097502,0.05757055800451811,0.8,True,0.09186727181077003,0.5,False,0,False,0,3,3,True,True,20,False,True,grouped_v1,False,0.00022443547475498168,0.15657620041753653,3.479441540433963,0.0,0.0,1660.9336412167356,0.004288023838639976,0.00084732138392013,0.0003137048534717137,0.0,0.0
191,2026-08-07T11:58:00.093067,shadow,silero,False,0.2642885744571686,True,True,True,False,3,0.0,0.005,True,0,0,True,0.08,True,1280.0,True,True,2.6,True,0.00396088237079451,0.7070797356873703,0.2118992874729688,0.08102097683966106,0.8,True,0.09186727181077003,0.5,False,0,False,0,3,3,True,True,21,False,True,grouped_v1,False,0.00019563484074798586,0.17536534446764093,3.7671453123780148,0.0,0.0,1721.26401570511,0.0028006596598301467,0.0008393081521356001,0.0003209145588287638,0.0,0.0
192,2026-08-07T11:58:00.094739,shadow,silero,False,0.2642885744571686,True,True,True,False,2,0.0,0.005,True,0,0,True,0.08,True,1280.0,True,True,2.6,True,0.837447511086923,0.8023744083884901,0.16194446307992402,0.03568112853158589,0.8,False,0.11979711428284645,0.5,False,0,False,0,2,2,True,True,22,False,True,grouped_v1,False,0.002706108111015259,0.11482254697286012,3.365273366055485,0.0,0.0,1478.6065733324435,0.6719464512647833,0.13561998754059046,0.029881072281549202,0.0,0.0
193,2026-08-07T11:58:00.099880,shadow,silero,True,0.5645108222961426,True,True,True,False,3,0.0,0.005,True,0,0,True,0.08,True,1280.0,True,True,2.6,True,1.362729729933175,0.2568080287045541,0.6903297335880413,0.05286223770740471,0.8,True,0.2129562571644783,0.5,False,0,False,0,3,3,True,True,23,False,True,grouped_v1,False,0.0034499857531793,0.18997912317327767,3.6123469825216104,0.0,0.0,1939.5933508707985,0.34995993560122807,0.9407328514172721,0.07203694291467493,0.0,0.0
194,2026-08-07T11:58:00.104982,shadow,silero,False,0.4160807430744171,True,True,True,False,3,0.0,0.005,True,0,0,True,0.08,True,1280.0,True,True,2.6,True,2.0018350006356114,0.2337254170667602,0.7473782326421997,0.018896350291040066,0.8,True,0.2642885744571686,0.5,False,0,False,0,3,3,True,True,24,False,True,grouped_v1,False,0.004171429968312816,0.1544885177453027,2.7755249076238973,0.0,0.0,1753.8869456010254,0.46787972042239645,1.49612790481634,0.037827375396874925,0.0,0.0
195,2026-08-07T11:58:00.111163,shadow,silero,False,0.3646635115146637,True,True,True,False,3,0.0,0.005,True,0,0,True,0.08,True,1280.0,True,True,2.6,True,0.8988954455229302,0.4196906815132064,0.5613515398763836,0.018957778610409943,0.8,True,0.2723395526409149,0.5,False,0,False,0,3,3,True,True,25,False,True,grouped_v1,False,0.0027985505660049707,0.1524008350730689,3.053325192022558,0.0,0.0,1562.5385939435043,0.37725804214063585,0.5045963425321648,0.017041060850129523,0.0,0.0
196,2026-08-07T11:58:00.118359,shadow,silero,False,0.3176030218601227,True,True,True,False,3,0.0,0.005,True,0,0,True,0.08,True,1280.0,True,True,2.6,True,1.1252065324475646,0.40141214279721305,0.5855692519232353,0.01301860527955164,0.8,True,0.28710857033729553,0.5,False,0,False,0,3,3,True,True,26,False,True,grouped_v1,False,0.003129845121321333,0.16075156576200417,3.0839610910606483,0.0,0.0,1646.3409033540752,0.4516715652791988,0.658886347464458,0.014648619703907857,0.0,0.0
197,2026-08-07T11:58:00.126146,shadow,silero,False,0.2317112684249878,True,True,True,False,3,0.0,0.005,True,0,0,True,0.08,True,1280.0,True,True,2.6,True,0.4798710677248909,0.44769415742786084,0.5192784993606493,0.03302734321148988,0.8,True,0.28710857033729553,0.5,False,0,False,0,3,3,True,True,27,False,True,grouped_v1,False,0.0020494670388829777,0.1544885177453027,3.334329046021043,0.0,0.0,1801.9363380837635,0.214835473339103,0.24918672793477384,0.015848866451014076,0.0,0.0
198,2026-08-07T11:58:00.130257,shadow,silero,False,0.217947855591774,True,True,True,False,3,0.0,0.005,True,0,0,True,0.08,True,1280.0,True,True,2.6,True,0.34351585655892203,0.30332175270333006,0.6672941374884465,0.029384109808223372,0.8,True,0.28710857033729553,0.5,False,0,False,0,3,3,True,True,28,False,True,grouped_v1,False,0.0017319336233061432,0.15866388308977036,3.203306604629883,0.0,0.0,1554.0406169648622,0.10419583169283794,0.22922611721609076,0.010093907649993274,0.0,0.0
199,2026-08-07T11:58:00.134515,shadow,silero,False,0.17135407030582428,True,True,True,False,3,0.0,0.005,True,0,0,True,0.08,True,1280.0,True,True,2.6,True,0.5476705152282757,0.5013996875676626,0.4854331177422137,0.013167194690123557,0.8,True,0.2723395526409149,0.5,False,0,False,0,3,3,True,True,29,False,True,grouped_v1,False,0.0021853699344495984,0.1544885177453027,3.1519072655568436,0.0,0.0,1469.336654160195,0.27460182522547827,0.2658574057027464,0.007211284300050985,0.0,0.0
200,2026-08-07T11:58:00.140471,shadow,silero,False,0.16899654269218445,True,True,True,False,3,0.0,0.005,True,0,0,True,0.08,True,1280.0,True,True,2.6,True,0.28554713331564785,0.42163933063899606,0.5510708949734618,0.027289774387542185,0.8,True,0.2642885744571686,0.5,False,0,False,0,3,3,True,True,30,False,True,grouped_v1,False,0.0015805080679845466,0.16075156576200417,3.529633268072292,0.0,0.0,1444.305666080542,0.12039790215709394,0.15735671431336049,0.0077925168451934606,0.0,0.0
201,2026-08-07T11:58:00.145721,shadow,silero,False,0.14225071668624878,True,True,True,False,2,0.0,0.005,True,0,0,True,0.08,True,1280.0,True,True,2.6,False,0.5393857546605192,0.4742618879304173,0.5091796898212106,0.01655842224837195,0.8,True,0.24799992144107819,0.5,False,0,False,0,2,2,True,True,31,False,True,grouped_v1,False,0.002169240664193023,0.12526096033402923,2.427603756718891,0.0,0.0,1571.178431619845,0.2558101063280707,0.2746442712520228,0.008931377080425636,0.0,0.0
202,2026-08-07T11:58:00.150866,shadow,silero,False,0.11526515334844589,True,True,True,False,3,0.0,0.005,True,0,0,True,0.08,True,1280.0,True,True,2.6,True,0.23476322868468147,0.5730438500437458,0.4042795165400555,0.022676633416198758,0.8,True,0.2248295620083809,0.5,False,0,False,0,3,3,True,True,32,False,True,grouped_v1,False,0.0014379528783228068,0.14613778705636743,3.1527306618363173,0.0,0.0,1541.4496920658885,0.1345296244141702,0.09490996459402551,0.005323639676485759,0.0,0.0
203,2026-08-07T11:58:00.161415,shadow,silero,False,0.1069439947605133,True,True,True,False,3,0.0,0.005,True,0,0,True,0.08,True,1280.0,True,True,2.6,True,0.08966867948731405,0.6460386623451275,0.3106578759314562,0.04330346172341635,0.8,True,0.19465096294879913,0.5,False,0,False,0,3,3,True,True,33,False,True,grouped_v1,False,0.0008988988103783775,0.14822546972860126,3.8013592503737588,0.0,0.0,1511.472980683826,0.057929433750238346,0.027856281507107523,0.003882964229968193,0.0,0.0
204,2026-08-07T11:58:00.166357,shadow,silero,False,0.11671280860900879,True,True,True,False,3,0.0,0.005,True,0,0,True,0.08,True,1280.0,True,True,2.6,True,0.06485946508334187,0.7170566108396054,0.24192572882076624,0.0410176603396284,0.8,True,0.17017530649900436,0.5,False,0,False,0,3,3,True,True,34,False,True,grouped_v1,False,0.0007743834816554082,0.1336116910229645,3.807713501616684,0.0,0.0,1500.049660552294,0.04650790821353084,0.01569117336121252,0.0026603835085985046,0.0,0.0
205,2026-08-07T11:58:00.171806,shadow,silero,False,0.12057340145111084,True,True,True,False,3,0.0,0.005,True,0,0,True,0.08,True,1280.0,True,True,2.6,True,0.08083266425121144,0.7031087430017482,0.24299355103499673,0.05389770596325496,0.8,True,0.1556236296892166,0.5,False,0,False,0,3,3,True,True,35,False,True,grouped_v1,False,0.0008689217844411937,0.1315240083507307,3.9198039645597706,0.0,0.0,1524.662711755203,0.05683415295515162,0.0196418161260215,0.0043566951700383045,0.0,0.0
206,2026-08-07T11:58:00.177531,shadow,silero,False,0.10746651142835617,True,True,True,False,3,0.0,0.005,True,0,0,True,0.08,True,1280.0,True,True,2.6,True,0.15529149606514706,0.7338218970424973,0.21356157010278767,0.05261653285471495,0.8,True,0.1314120590686798,0.5,False,0,False,0,3,3,True,True,36,False,True,grouped_v1,False,0.0012035415330092641,0.10855949895615867,3.882432837137021,0.0,0.0,1494.4956943348163,0.11395630023709373,0.03316429572328368,0.008170900104769648,0.0,0.0
207,2026-08-07T11:58:00.182461,shadow,silero,False,0.09972723573446274,True,True,True,False,3,0.0,0.005,True,0,0,True,0.08,True,1280.0,True,True,2.6,True,0.24532419409135325,0.7356882854388861,0.21211702395421247,0.05219469060690141,0.8,True,0.11864310503005981,0.5,False,0,False,0,3,3,True,True,37,False,True,grouped_v1,False,0.0015128970777442787,0.11482254697286012,3.895826611207949,0.0,0.0,1493.9781198975502,0.1804821357277442,0.05203743795462345,0.012804620408985615,0.0,0.0
208,2026-08-07T11:58:00.184020,shadow,silero,False,0.09972723573446274,True,True,True,False,3,0.0,0.005,True,0,0,True,0.08,True,1280.0,True,True,2.6,True,0.2921358540192455,0.7238783750436466,0.21745135607512153,0.05867026888123185,0.8,True,0.11598898097872734,0.5,False,0,False,0,3,3,True,True,38,False,True,grouped_v1,False,0.0016538033506179732,0.1440501043841336,3.910635285149798,0.0,0.0,1504.7817376107084,0.2114708272994394,0.06352533761464868,0.01713968910515743,0.0,0.0
209,2026-08-07T11:58:00.189165,shadow,silero,False,0.09252109378576279,True,True,True,False,3,0.0,0.005,True,0,0,True,0.08,True,1280.0,True,True,2.6,True,0.3418261465443037,0.7361143838701157,0.21023308046747136,0.05365253566241286,0.8,True,0.11136583238840103,0.5,False,0,False,0,3,3,True,True,39,False,True,grouped_v1,False,0.0017875596741113845,0.11899791231732777,3.90203119625063,0.0,0.0,1498.56487051122,0.251623143254156,0.07186316377233426,0.01833983951781342,0.0,0.0
210,2026-08-07T11:58:00.194125,shadow,silero,False,0.08447038382291794,True,True,True,False,3,0.0,0.005,True,0,0,True,0.08,True,1280.0,True,True,2.6,True,0.356460368217671,0.7347350189879512,0.21156245844187424,0.05370252257017451,0.8,True,0.10720525309443474,0.5,False,0,False,0,3,3,True,True,40,False,True,grouped_v1,False,0.0018270547676453859,0.1336116910229645,3.8970257912464525,0.0,0.0,1497.8850152735995,0.2619039154108626,0.07541363183722621,0.019142820969582194,0.0,0.0
211,2026-08-07T11:58:00.199119,shadow,silero,False,0.07612909376621246,True,True,True,False,3,0.0,0.005,True,0,0,True,0.08,True,1280.0,True,True,2.6,True,0.4134050519788215,0.7334996164637145,0.21365910296720686,0.05284128056907858,0.8,True,0.10333561524748802,0.5,False,0,False,0,3,3,True,True,41,False,True,grouped_v1,False,0.0019677225038865665,0.11482254697286012,3.896396565454756,0.0,0.0,1494.9416560029315,0.3032324470706275,0.08832775256790652,0.02184485234028742,0.0,0.0
212,2026-08-07T11:58:00.206760,shadow,silero,False,0.06684663891792297,True,True,True,False,3,0.0,0.005,True,0,0,True,0.08,True,1280.0,True,True,2.6,True,0.45477996835370127,0.7342453340915961,0.213389562386455,0.05236510352194886,0.8,True,0.09972723573446274,0.5,False,0,False,0,3,3,True,True,42,False,True,grouped_v1,False,0.0020631213109988658,0.08559498956158663,3.8946150079781665,0.0,0.0,1492.8358769213974,0.3339200698020289,0.09704529842912217,0.023814600122550194,0.0,0.0
213,2026-08-07T11:58:00.213070,shadow,silero,False,0.05962719768285751,True,True,True,False,3,0.0,0.005,True,0,0,True,0.08,True,1280.0,True,True,2.6,True,0.4531962810377105,0.733188652617013,0.21411015586150686,0.05270119152148005,0.8,True,0.09612416476011276,0.5,False,0,False,0,3,3,True,True,43,False,True,grouped_v1,False,0.0020607171103146768,0.1022964509394572,3.9000478569081887,0.0,0.0,1492.1219322806771,0.33227837066508015,0.09703392636883945,0.023883984003790878,0.0,0.0
214,2026-08-07T11:58:00.218256,shadow,silero,False,0.0517582930624485,True,True,True,False,3,0.0,0.005,True,0,0,True,0.08,False,1280.0,True,True,2.6,True,0.4107857379999652,0.7347986347204079,0.21276046569695883,0.052440899582633184,0.8,True,0.08849573880434036,0.5,False,0,False,0,3,3,True,True,44,False,True,grouped_v1,False,0.001959330561113368,0.07933194154488518,3.894167987358392,0.0,0.0,1493.6248601785176,0.3018447994449896,0.08739896491854152,0.02154197363643404,0.0,0.0
215,2026-08-07T11:58:00.223415,shadow,silero,False,0.04660758376121521,True,True,True,False,3,0.0,0.005,True,0,0,True,0.08,True,1280.0,True,True,2.6,True,0.4062184478523083,0.7339631556267572,0.21338556404669362,0.05265128032654915,0.8,True,0.0802997387945652,0.5,False,0,False,0,3,3,True,True,45,False,True,grouped_v1,False,0.0019480683211576645,0.09394572025052192,3.897528494622532,0.0,0.0,1494.8608604988913,0.29814937385948354,0.08668115262113721,0.021387921371687574,0.0,0.0
216,2026-08-07T11:58:00.228390,shadow,silero,False,0.04226277768611908,True,True,True,False,3,0.0,0.005,True,0,0,True,0.08,True,1280.0,True,True,2.6,True,0.34470045878664224,0.7361366007992041,0.21151631672049728,0.05234708248029868,0.8,True,0.07148786634206772,0.5,False,0,False,0,3,3,True,True,46,False,True,grouped_v1,False,0.0017920077914551297,0.08350730688935282,3.8860739153532515,0.0,0.0,1495.083326812375,0.25374662402512493,0.07290977141441614,0.018044063347101156,0.0,0.0
217,2026-08-07T11:58:00.233343,shadow,silero,False,0.036744698882102966,True,True,True,False,3,0.0,0.005,True,0,0,True,0.08,True,1280.0,True,True,2.6,True,0.31761892347010606,0.7369776486011161,0.2109018679269016,0.05212048347198233,0.8,True,0.06323691830039024,0.5,False,0,False,0,3,3,True,True,47,False,True,grouped_v1,False,0.0017220300249722955,0.10020876826722339,3.888601096406105,0.0,0.0,1493.8307056252384,0.23407804737021662,0.06698642424877697,0.016554451851112484,0.0,0.0
218,2026-08-07T11:58:00.238520,shadow,silero,False,0.034145113080739975,True,True,True,False,3,0.0,0.005,True,0,0,True,0.08,True,1280.0,True,True,2.6,True,0.2245048515773776,0.7357167277336695,0.21163463487834386,0.05264863738798656,0.8,True,0.05569274537265301,0.5,False,0,False,0,3,3,True,True,48,False,True,grouped_v1,False,0.001447420852610896,0.0918580375782881,3.8871752565796185,0.0,0.0,1497.9123309638321,0.1651719747628414,0.047513002291995086,0.011819874522541095,0.0,0.0
219,2026-08-07T11:58:00.243650,shadow,silero,False,0.03177327290177345,True,True,True,False,3,0.0,0.005,True,0,0,True,0.08,True,1280.0,True,True,2.6,True,0.1701389252139773,0.7363462174439404,0.21065387184102016,0.0529999107150395,0.8,True,0.049182938411831856,0.5,False,0,False,0,3,3,True,True,49,False,True,grouped_v1,False,0.0012617302006564665,0.0918580375782881,3.8942225824053556,0.0,0.0,1495.0600778676828,0.12528115402128964,0.03584042334719409,0.00901734784549358,0.0,0.0
220,2026-08-07T11:58:00.248780,shadow,silero,False,0.029865071177482605,True,True,True,False,3,0.0,0.005,True,0,0,True,0.08,True,1280.0,True,True,2.6,True,0.1272959213004843,0.7410931600995792,0.20665321440510265,0.052253625495318264,0.8,True,0.044435180723667145,0.5,False,0,False,0,3,3,True,True,50,False,True,grouped_v1,False,0.001089576283247541,0.10020876826722339,3.868064141595056,0.0,0.0,1496.3649797151143,0.09433813658436324,0.026306111317404058,0.006651673398717015,0.0,0.0
221,2026-08-07T11:58:00.253894,shadow,silero,False,0.02761489525437355,True,True,True,False,3,0.0,0.005,True,0,0,True,0.08,True,1280.0,True,True,2.6,True,0.07828729623175044,0.7396952133377052,0.208907718004997,0.051397068657297956,0.8,True,0.03950373828411102,0.5,False,0,False,0,3,3,True,True,51,False,True,grouped_v1,False,0.0008562885073282695,0.12317327766179541,3.8827048112475713,0.0,0.0,1486.701125528732,0.05790873828777676,0.016354820404556186,0.0040237375394175014,0.0,0.0
222,2026-08-07T11:58:00.258833,shadow,silero,False,0.025879517197608948,True,True,True,False,3,0.0,0.005,True,0,0,True,0.08,True,1280.0,True,True,2.6,True,0.05571241759560883,0.7394328193359933,0.20718155989394732,0.053385620770059546,0.8,True,0.03544490598142147,0.5,False,0,False,0,3,3,True,True,52,False,True,grouped_v1,False,0.0007223613360940514,0.09603340292275574,3.8809547662464667,0.0,0.0,1501.3106601370553,0.04119559001474524,0.011542585582921237,0.0029742419979423658,0.0,0.0
223,2026-08-07T11:58:00.263728,shadow,silero,False,0.02496476098895073,True,True,True,False,3,0.0,0.005,True,0,0,True,0.08,True,1280.0,True,True,2.6,True,0.04998462495220177,0.7488687598983169,0.2002454093456396,0.050885830756043464,0.8,True,0.032959192991256714,0.5,False,0,False,0,3,3,True,True,53,False,True,grouped_v1,False,0.0006826596780711157,0.10020876826722339,3.8493982027252622,0.0,0.0,1494.9426949750248,0.037431924101937804,0.010009191684541915,0.002543509165722046,0.0,0.0
224,2026-08-07T11:58:00.265669,shadow,silero,False,0.02496476098895073,True,True,True,False,3,0.0,0.005,True,0,0,True,0.08,True,1280.0,True,True,2.6,True,0.05142716991288876,0.732689304457316,0.21320131351910132,0.05410938202358266,0.8,True,0.03081917203962803,0.5,False,0,False,0,3,3,True,True,54,False,True,grouped_v1,False,0.0006952021085815265,0.08350730688935282,3.885835090415932,0.0,0.0,1511.6558110209264,0.03768013735368267,0.010964340175997891,0.002782692383208194,0.0,0.0
225,2026-08-07T11:58:00.271493,shadow,silero,False,0.022982804104685783,True,True,True,False,3,0.0,0.005,True,0,0,True,0.08,True,1280.0,True,True,2.6,True,0.06022668146288845,0.7401509603525077,0.2084520339582401,0.051397005689252165,0.8,True,0.028739983215928078,0.5,False,0,False,0,3,3,True,True,55,False,True,grouped_v1,False,0.0007487360769292315,0.081419624217119,3.875079568903514,0.0,0.0,1491.3424275199152,0.04457683612360146,0.012554374249494132,0.0030954710897928553,0.0,0.0
226,2026-08-07T11:58:00.276442,shadow,silero,False,0.01823144592344761,True,True,True,False,3,0.0,0.005,True,0,0,True,0.08,True,1280.0,True,True,2.6,True,0.041375483837396934,0.7271309201426435,0.2196435113498295,0.053225568507527125,0.8,True,0.02674720622599125,0.5,False,0,False,0,3,3,True,True,56,False,True,grouped_v1,False,0.000624240331493447,0.09603340292275574,3.9080494611946386,0.0,0.0,1503.0743706151784,0.030085393634033505,0.009087856553843981,0.0022022336495194517,0.0,0.0
227,2026-08-07T11:58:00.281183,shadow,silero,False,0.01717348024249077,True,True,True,False,3,0.0,0.005,True,0,0,True,0.08,True,1280.0,True,True,2.6,True,0.03802094886739491,0.7379732202724615,0.20988273364975937,0.0521440460777792,0.8,True,0.02542213909327984,0.5,False,0,False,0,3,3,True,True,57,False,True,grouped_v1,False,0.0005956594320665891,0.10020876826722339,3.8761945171071757,0.0,0.0,1493.4908714668504,0.02805844207348602,0.007979940684246567,0.0019825661096623272,0.0,0.0
228,2026-08-07T11:58:00.286275,shadow,silero,False,0.015520608052611351,True,True,True,False,3,0.0,0.005,True,0,0,True,0.08,False,1280.0,True,True,2.6,True,0.019631892383463374,0.7425447867356645,0.2030753805678258,0.05437983269650985,0.8,True,0.02496476098895073,0.5,False,0,False,0,3,3,True,True,58,False,True,grouped_v1,False,0.00043103952514509904,0.07933194154488518,3.828414230625932,0.0,0.0,1507.8059747695117,0.014577559343096326,0.003986754017038425,0.0010675790233286243,0.0,0.0
229,2026-08-07T11:58:00.291192,shadow,silero,False,0.01344315242022276,True,True,True,False,3,0.0,0.005,True,0,0,True,0.08,True,1280.0,True,True,2.6,True,0.010547171578082375,0.7303025310756426,0.21709159713739032,0.05260587178696726,0.8,True,0.023973782546818256,0.5,False,0,False,0,3,3,True,True,59,False,True,grouped_v1,False,0.0003166341021889127,0.08977035490605428,3.872542843249044,0.0,0.0,1496.1911057024654,0.007702626099162637,0.002289702323167992,0.0005548431557517465,0.0,0.0
230,2026-08-07T11:58:00.296518,shadow,silero,False,0.012901706621050835,True,True,True,False,3,0.0,0.005,True,0,0,True,0.08,True,1280.0,True,True,2.6,True,0.002627149985585295,0.3680413637379659,0.36389172165095207,0.26806691461108206,0.8,True,0.020607125014066696,0.5,False,0,False,0,3,3,True,True,60,False,True,grouped_v1,False,0.00015896872957967288,0.10647181628392484,4.09958470064546,0.0,0.0,1800.7945223519678,0.0009668998634389894,0.0009559981312899068,0.0007042519908563987,0.0,0.0
231,2026-08-07T11:58:00.302178,shadow,silero,False,0.011990860104560852,True,True,True,False,2,0.0,0.005,True,0,0,True,0.08,True,1280.0,True,True,2.6,True,0.000550227949978018,0.8536437187636997,0.08480825396838595,0.06154802726791428,0.8,False,0.01770246308296919,0.5,False,0,False,0,2,2,True,True,61,False,True,grouped_v1,False,8.101510186529713e-05,0.0918580375782881,3.0402095469220956,0.0,0.0,1610.1805739157537,0.0004696986333869623,4.666387172224012e-05,3.386544486881563e-05,0.0,0.0
232,2026-08-07T11:58:00.307113,shadow,silero,False,0.009990500286221504,True,True,True,False,3,0.0,0.005,True,0,0,True,0.08,True,1280.0,True,True,2.6,True,0.0012885571038242418,0.756718075121967,0.18650379677080828,0.0567781281072248,0.8,True,0.01634704414755106,0.5,False,0,False,0,3,3,True,True,62,False,True,grouped_v1,False,0.00011833736815925715,0.081419624217119,3.4679304037390746,0.0,0.0,1517.667709870253,0.0009750744512906168,0.0002403207922192177,7.316186031440737e-05,0.0,0.0
233,2026-08-07T11:58:00.312042,shadow,silero,False,0.009708458557724953,True,True,True,False,3,0.0,0.005,True,0,0,True,0.08,True,1280.0,True,True,2.6,True,0.0019936055881637957,0.7174320362048553,0.23090353756454549,0.05166442623059926,0.8,True,0.014481880236417055,0.5,False,0,False,0,3,3,True,True,63,False,True,grouped_v1,False,0.00014289664800548263,0.1022964509394572,3.7695526986665704,0.0,0.0,1497.455398037448,0.0014302765165057302,0.0004603305828154668,0.00010299848884259888,0.0,0.0
234,2026-08-07T11:58:00.317167,shadow,silero,False,0.00921438354998827,True,True,True,False,3,0.0,0.005,True,0,0,True,0.08,True,1280.0,True,True,2.6,True,0.0038486922708075365,0.7235092488933789,0.21040661595071466,0.06608413515590641,0.8,True,0.013172429520636797,0.5,False,0,False,0,3,3,True,True,64,False,True,grouped_v1,False,0.00019180516173124455,0.11064718162839249,3.842499384727222,0.0,0.0,1514.882096037715,0.0027845644540737133,0.0008097903165362853,0.0002543375001975376,0.0,0.0
235,2026-08-07T11:58:00.322397,shadow,silero,False,0.00840040110051632,True,True,True,False,3,0.0,0.005,True,0,0,True,0.08,True,1280.0,True,True,2.6,True,0.009698394318604597,0.7482497255349274,0.20030440503375388,0.051445869431318604,0.8,True,0.012446283362805843,0.5,False,0,False,0,3,3,True,True,65,False,True,grouped_v1,False,0.000301992582970719,0.10647181628392484,3.8388158481670516,0.0,0.0,1503.5533100528057,0.007256820887025389,0.0019426311037708326,0.0004989423278083742,0.0,0.0
236,2026-08-07T11:58:00.327632,shadow,silero,False,0.008246847428381443,True,True,True,False,3,0.0,0.005,True,0,0,True,0.08,True,1280.0,True,True,2.6,True,0.008768451970305213,0.7353175477688394,0.21168913194731803,0.05299332028384274,0.8,True,0.010990680195391178,0.5,False,0,False,0,3,3,True,True,66,False,True,grouped_v1,False,0.00028788257654617527,0.09812108559498957,3.9080253837307777,0.0,0.0,1509.3423978368974,0.006447596600533677,0.001856185986115661,0.0004646693836558761,0.0,0.0
237,2026-08-07T11:58:00.333546,shadow,silero,False,0.007669677026569843,True,True,True,False,3,0.0,0.005,True,0,0,True,0.08,True,1280.0,True,True,2.6,True,0.010818759631241516,0.7498894424706867,0.19525166989358228,0.054858887635731005,0.8,True,0.009849479421973228,0.5,False,0,False,0,3,3,True,True,67,False,True,grouped_v1,False,0.0003188973473115861,0.10438413361169102,3.807787557614991,0.0,0.0,1514.1595247723958,0.008112873628096073,0.0021123808841771825,0.000593505118968261,0.0,0.0
238,2026-08-07T11:58:00.339127,shadow,silero,False,0.00743244169279933,True,True,True,False,3,0.0,0.005,True,0,0,True,0.08,True,1280.0,True,True,2.6,True,0.011348186829202354,0.7236915855661825,0.22320051372858565,0.05310790070523193,0.8,True,0.009461421053856611,0.5,False,0,False,0,3,3,True,True,68,False,True,grouped_v1,False,0.0003273491369055148,0.11899791231732777,3.8996973848016845,0.0,0.0,1503.1890296410268,0.008212587319726721,0.002532921130165935,0.0006026783793096994,0.0,0.0
239,2026-08-07T11:58:00.344947,shadow,silero,False,0.0062976679764688015,True,True,True,False,3,0.0,0.005,True,0,0,True,0.08,True,1280.0,True,True,2.6,True,0.012152687350437874,0.7232741980815256,0.22301971623761047,0.05370608568086387,0.8,True,0.008807392325252295,0.5,False,0,False,0,3,3,True,True,69,False,True,grouped_v1,False,0.0003384685415679075,0.10438413361169102,3.834736051321673,0.0,0.0,1504.31428488833,0.008789725197923454,0.0027102888844190527,0.000652673268095367,0.0,0.0
240,2026-08-07T11:58:00.347092,shadow,silero,False,0.0062976679764688015,True,True,True,False,3,0.0,0.005,True,0,0,True,0.08,True,1280.0,True,True,2.6,True,0.010661005465151962,0.7106154450938059,0.23137576262784235,0.05800879227835168,0.8,True,0.008323624264448881,0.5,False,0,False,0,3,3,True,True,70,False,True,grouped_v1,False,0.0003166743556706974,0.14613778705636743,3.938685404511722,0.0,0.0,1529.2656580448509,0.007575875143766458,0.00246669826987913,0.0006184320515063721,0.0,0.0
241,2026-08-07T11:58:00.355753,shadow,silero,False,0.005538669880479574,True,True,True,False,3,0.0,0.005,True,0,0,True,0.08,True,1280.0,True,True,2.6,True,0.007662351812022714,0.719691181624967,0.225819634568174,0.054489183806858944,0.8,True,0.007958262227475643,0.5,False,0,False,0,3,3,True,True,71,False,True,grouped_v1,False,0.000269505219490739,0.1524008350730689,3.8265119576616664,0.0,0.0,1506.5794075673994,0.005514527029620834,0.0017303094861237552,0.00041751529627812435,0.0,0.0
242,2026-08-07T11:58:00.363751,shadow,silero,False,0.004976002499461174,True,True,True,False,3,0.0,0.005,False,0,1,True,0.08,True,1280.0,True,True,2.6,True,0.01679954653747002,0.37776872835159575,0.336119945891796,0.28611132575660825,0.8,True,0.0075510593596845865,0.5,False,0,False,0,3,3,True,True,72,False,True,grouped_v1,False,0.0003898722781993332,0.17536534446764093,4.263776434968266,0.0,0.0,1898.5871407929674,0.0063463433323435025,0.005646662673181132,0.004806540531945384,0.0,0.0
243,2026-08-07T11:58:00.370457,shadow,silero,False,0.003881639800965786,True,True,True,False,3,0.0,0.005,False,0,2,True,0.08,True,1280.0,True,True,2.6,True,0.009165868412730586,0.7284518195071313,0.22186104864977052,0.04968713184309802,0.8,True,0.006865054834634066,0.5,False,0,False,0,3,3,True,True,73,False,True,grouped_v1,False,0.0002922184111275841,0.11899791231732777,3.831248520052747,0.0,0.0,1508.9295201898792,0.0066768935226165374,0.0020335491778342156,0.0004554257122798322,0.0,0.0
244,2026-08-07T11:58:00.376417,shadow,silero,False,0.009330027736723423,True,True,True,False,3,0.0,0.005,True,0,0,True,0.08,True,1280.0,True,True,2.6,True,0.5512295579113634,0.14799798700828545,0.8063086912550798,0.04569332173663467,0.8,True,0.006865054834634066,0.5,False,0,False,0,3,3,True,True,74,False,True,grouped_v1,False,0.0021904272536929846,0.16701461377870563,3.3921461518432934,0.0,0.0,1839.8291107509476,0.0815808649503489,0.4444611834206276,0.025187509540386822,0.0,0.0
245,2026-08-07T11:58:00.382205,shadow,silero,False,0.041616372764110565,True,True,True,False,3,0.0,0.005,True,0,0,True,0.08,True,1280.0,True,True,2.6,True,1.793858764175393,0.04940357267079751,0.7192898516804718,0.23130657564873083,0.8,True,0.006865054834634066,0.5,False,0,False,0,3,3,True,True,75,False,True,grouped_v1,False,0.003949319911211225,0.24217118997912318,3.52856056272685,0.0,0.0,1974.035531495499,0.08862303181708603,1.2903044044194327,0.41493132793887433,0.0,0.0
246,2026-08-07T11:58:00.387381,shadow,silero,False,0.05481340363621712,True,True,True,False,3,0.0,0.005,True,0,0,True,0.08,True,1280.0,True,True,2.6,True,2.7099297033502694,0.0466948827758248,0.451146610941508,0.5021585062826671,0.8,True,0.006865054834634066,0.5,False,0,False,0,3,3,True,True,76,False,True,grouped_v1,False,0.00485560114620443,0.2881002087682672,3.494637663623693,0.0,0.0,2226.305915493359,0.1265398498286665,1.2225756015562002,1.3608142519654025,0.0,0.0
247,2026-08-07T11:58:00.393245,shadow,silero,False,0.10601691901683807,True,True,True,False,3,0.0,0.005,True,0,0,True,0.08,True,1280.0,True,True,2.6,True,0.729026049002073,0.19888208344849212,0.39636166372888465,0.4047562528226232,0.8,True,0.006865054834634066,0.5,False,0,False,0,3,3,True,True,77,False,True,grouped_v1,False,0.002521604589845496,0.2818371607515658,3.6690674374323478,0.0,0.0,2091.4113982268395,0.1449902195137548,0.28895797768415704,0.29507785180416113,0.0,0.0
248,2026-08-07T11:58:00.399387,shadow,silero,False,0.13397783041000366,True,True,True,False,3,0.0,0.005,True,0,0,True,0.08,True,1280.0,True,True,2.6,True,0.7559820585421201,0.36112452131606837,0.3809678341567467,0.25790764452718506,0.8,True,0.007813847856596112,0.5,False,0,False,0,3,3,True,True,78,False,True,grouped_v1,False,0.0025748908956738504,0.23799582463465555,3.7947312795903496,0.0,0.0,1959.121348531041,0.2730036590145591,0.28800484750415034,0.1949735520234107,0.0,0.0
249,2026-08-07T11:58:00.404549,shadow,silero,False,0.11084675788879395,True,True,True,False,3,0.0,0.005,True,0,0,True,0.08,True,1280.0,True,True,2.6,True,4.519150237265762,0.09440537965736447,0.5526798569358183,0.3529147634068172,0.8,True,0.025473200250416994,0.5,False,0,False,0,3,3,True,True,79,False,True,grouped_v1,False,0.006275910529921782,0.2567849686847599,3.592269704948052,0.0,0.0,2151.667351162936,0.426632093877743,2.497643306603511,1.5948748367845085,0.0,0.0
250,2026-08-07T11:58:00.409531,shadow,silero,False,0.09058781713247299,True,True,True,False,3,0.0,0.005,True,0,0,True,0.08,True,1280.0,True,True,2.6,True,5.958750434905254,0.03994244128072678,0.7284882438398951,0.23156931487937818,0.8,True,0.04821488820016384,0.5,False,0,False,0,3,3,True,True,80,False,True,grouped_v1,False,0.007199067799033949,0.24217118997912318,3.6770498381345815,0.0,0.0,2052.068254332784,0.23800703935270828,4.340879639804339,1.3798637557482065,0.0,0.0
251,2026-08-07T11:58:00.414757,shadow,silero,False,0.0953092873096466,True,True,True,False,3,0.0,0.005,True,0,0,True,0.08,True,1280.0,True,True,2.6,True,5.138137063102964,0.05700893846966749,0.7505333236760502,0.19245773785428244,0.8,True,0.07270061038434505,0.5,False,0,False,0,3,3,True,True,81,False,True,grouped_v1,False,0.006686576818258634,0.2254697286012526,3.5365551673621316,0.0,0.0,1982.170634342083,0.2929197396791549,3.8563430874737668,0.988874235950043,0.0,0.0
252,2026-08-07T11:58:00.419747,shadow,silero,False,0.0873328447341919,True,True,True,False,3,0.0,0.005,True,0,0,True,0.08,True,1280.0,True,True,2.6,True,3.2120106065521505,0.03602435759869426,0.8794239927276973,0.0845516496736085,0.8,True,0.08896033093333244,0.5,False,0,False,0,3,3,True,True,82,False,True,grouped_v1,False,0.005286807318960062,0.17954070981210857,3.3262763406056064,0.0,0.0,1866.7988908658394,0.11571061870123353,2.824719192297805,0.27158079555311215,0.0,0.0
253,2026-08-07T11:58:00.425664,shadow,silero,False,0.07880356907844543,True,True,True,False,3,0.0,0.005,True,0,0,True,0.08,True,1280.0,True,True,2.6,True,2.226278068746321,0.05084435862197816,0.8719153642105254,0.07724027716749639,0.8,True,0.08896033093333244,0.5,False,0,False,0,3,3,True,True,83,False,True,grouped_v1,False,0.004415343120732611,0.19832985386221294,3.418880295929425,0.0,0.0,1871.3953951041362,0.1131936805195829,1.9411260531448535,0.1719583350818844,0.0,0.0
254,2026-08-07T11:58:00.430683,shadow,silero,False,0.07221014052629471,True,True,True,False,3,0.0,0.005,True,0,0,True,0.08,True,1280.0,True,True,2.6,True,2.9638981812854075,0.05382321937969111,0.9102223001622785,0.03595448045803034,0.8,True,0.08896033093333244,0.5,False,0,False,0,3,3,True,True,84,False,True,grouped_v1,False,0.005082482431968324,0.16910229645093947,3.1456087002164614,0.0,0.0,1643.8521342596978,0.159526542030392,2.6978062200163975,0.10656541923861784,0.0,0.0
255,2026-08-07T11:58:00.435626,shadow,silero,False,0.0688144639134407,True,True,True,False,3,0.0,0.005,True,0,0,True,0.08,True,1280.0,True,True,2.6,True,1.9485388686742302,0.12211703862204026,0.840382074883605,0.03750088649435491,0.8,True,0.08896033093333244,0.5,False,0,False,0,3,3,True,True,85,False,True,grouped_v1,False,0.004123742084945501,0.1649269311064718,3.267336193884661,0.0,0.0,1624.4394982400795,0.23794979628243762,1.6375171374478017,0.07307193494399103,0.0,0.0
256,2026-08-07T11:58:00.437331,shadow,silero,False,0.0688144639134407,True,True,True,False,3,0.0,0.005,True,0,0,True,0.08,True,1280.0,True,True,2.6,True,0.9475402181492159,0.12276005387832514,0.8322994375700292,0.04494050855164568,0.8,True,0.08896033093333244,0.5,False,0,False,0,3,3,True,True,86,False,True,grouped_v1,False,0.0028796916004880757,0.17745302713987474,3.5893717476053055,0.0,0.0,1692.1182154940514,0.1163200882318777,0.7886371906405751,0.04258293927676304,0.0,0.0
257,2026-08-07T11:58:00.442809,shadow,silero,False,0.05763554200530052,True,True,True,False,3,0.0,0.005,True,0,0,True,0.08,True,1280.0,True,True,2.6,True,1.6481346826755159,0.12264310797540005,0.8552045561527764,0.022152335871823484,0.8,True,0.08306820690631866,0.5,False,0,False,0,3,3,True,True,87,False,True,grouped_v1,False,0.0037905835728202185,0.1544885177453027,2.999106121427506,0.0,0.0,1492.3675837049263,0.202132359845375,1.4094922897775115,0.036510033052629245,0.0,0.0
258,2026-08-07T11:58:00.450104,shadow,silero,False,0.04962228238582611,True,True,True,False,3,0.0,0.005,True,0,0,True,0.08,True,1280.0,True,True,2.6,True,0.9807812121264179,0.09714730168850015,0.8927189064758612,0.010133791835638577,0.8,True,0.07550685480237007,0.5,False,0,False,0,3,3,True,True,88,False,True,grouped_v1,False,0.0029275290403954503,0.13569937369519833,2.7253762614269537,0.0,0.0,1426.2459008167612,0.09528024830485798,0.8755619311815654,0.009939032639994402,0.0,0.0
259,2026-08-07T11:58:00.458622,shadow,silero,False,0.0441574826836586,True,True,True,False,3,0.0,0.005,True,0,0,True,0.08,True,1280.0,True,True,2.6,True,0.6054703058140013,0.07214211488071669,0.9214672151111862,0.0063906700080969955,0.8,True,0.0705123022198677,0.5,False,0,False,0,3,3,True,True,89,False,True,grouped_v1,False,0.002299274520133204,0.14822546972860126,2.9972273887515968,0.0,0.0,1496.713494164541,0.04367990835889635,0.557921036530946,0.003869360924158854,0.0,0.0
260,2026-08-07T11:58:00.465062,shadow,silero,False,0.03614206984639168,True,True,True,False,3,0.0,0.005,True,0,0,True,0.08,True,1280.0,True,True,2.6,True,0.4108339686542883,0.121597600789471,0.873570345816105,0.00483205339442398,0.8,True,0.0688144639134407,0.5,False,0,False,0,3,3,True,True,90,False,True,grouped_v1,False,0.001894171413325988,0.16075156576200417,2.749083351211109,0.0,0.0,1360.5081148344814,0.04995642491117819,0.3588923720703295,0.0019851716727806285,0.0,0.0
261,2026-08-07T11:58:00.471902,shadow,silero,False,0.028031382709741592,True,True,True,False,3,0.0,0.005,True,0,0,True,0.08,True,1280.0,True,True,2.6,True,0.3177371126805685,0.10005172514509644,0.8969585068969715,0.002989767957932022,0.8,True,0.06322500295937061,0.5,False,0,False,0,3,3,True,True,91,False,True,grouped_v1,False,0.0016627147154738898,0.15031315240083507,2.641341214911214,0.0,0.0,1428.2406387450897,0.031790146266312776,0.2849970061757175,0.0009499602385382,0.0,0.0
262,2026-08-07T11:58:00.477118,shadow,silero,False,0.022604908794164658,True,True,True,False,2,0.0,0.005,True,0,0,True,0.08,True,1280.0,True,True,2.6,False,0.1740221330474552,0.09489684610396512,0.9024391129276965,0.002664040968338303,0.8,True,0.053628912195563316,0.5,False,0,False,0,2,2,True,True,92,False,True,grouped_v1,False,0.0012310717487024271,0.15657620041753653,2.526697134624794,0.0,0.0,1425.8962861978496,0.0165141515784881,0.15704437937713106,0.00046360209183603956,0.0,0.0
263,2026-08-07T11:58:00.482592,shadow,silero,False,0.019898589700460434,True,True,True,False,3,0.0,0.005,True,0,0,True,0.08,True,1280.0,True,True,2.6,True,0.10189823195566255,0.16209442042701794,0.8334386090264825,0.004466970546499517,0.8,True,0.046889882534742355,0.5,False,0,False,0,3,3,True,True,93,False,True,grouped_v1,False,0.0009417553193235194,0.15031315240083507,2.74447487180504,0.0,0.0,1439.8021130101552,0.01651713485139096,0.08492592070338527,0.0004551764008863205,0.0,0.0
264,2026-08-07T11:58:00.490054,shadow,silero,False,0.017332682386040688,True,True,True,False,3,0.0,0.005,True,0,0,True,0.08,True,1280.0,True,True,2.6,True,0.027491694019158956,0.3581065191501784,0.6356729190406526,0.006220561809168948,0.8,True,0.04014977626502514,0.5,False,0,False,0,3,3,True,True,94,False,True,grouped_v1,False,0.0004911126438913,0.13569937369519833,3.249220457314693,0.0,0.0,1405.760787873946,0.009844954850742792,0.017475725386531225,0.0001710137818849386,0.0,0.0
265,2026-08-07T11:58:00.495052,shadow,silero,False,0.014821904711425304,True,True,True,False,3,0.0,0.005,True,0,0,True,0.08,True,1280.0,True,True,2.6,True,0.014011022859903768,0.31594640652007455,0.6787088941167101,0.005344699363215339,0.8,True,0.032086726278066635,0.5,False,0,False,0,3,3,True,True,95,False,True,grouped_v1,False,0.0003512982168325083,0.12526096033402923,3.0120790588626765,0.0,0.0,1291.554080252587,0.004426732324257213,0.009509405830689231,7.488470495732323e-05,0.0,0.0
266,2026-08-07T11:58:00.499964,shadow,silero,False,0.014020946808159351,True,True,True,False,3,0.0,0.005,True,0,0,True,0.08,True,1280.0,True,True,2.6,True,0.008233872740512526,0.31436552543280727,0.671499424834483,0.014135049732709848,0.8,True,0.025318145751953125,0.5,False,0,False,0,3,3,True,True,96,False,True,grouped_v1,False,0.00027119755855513486,0.12943632567849686,2.9850641711725685,0.0,0.0,1507.3107260411196,0.002588445730418089,0.005529040809414489,0.00011638620067994848,0.0,0.0
267,2026-08-07T11:58:00.504957,shadow,silero,False,0.01155824214220047,True,True,True,False,3,0.0,0.005,True,0,0,True,0.08,True,1280.0,True,True,2.6,True,0.008220335691804557,0.31514392088144483,0.6672973465225541,0.017558732596001023,0.8,True,0.021251749247312546,0.5,False,0,False,0,3,3,True,True,97,False,True,grouped_v1,False,0.00027053394925992787,0.12108559498956159,2.885109013233274,0.0,0.0,1457.4597479743104,0.0025905888208769723,0.005485408194665825,0.0001443386762617593,0.0,0.0
268,2026-08-07T11:58:00.510533,shadow,silero,False,0.009472769685089588,True,True,True,False,3,0.0,0.005,True,0,0,True,0.08,True,1280.0,True,True,2.6,True,0.0027637177446823836,0.493728575193788,0.46358966157858456,0.04268176322762747,0.8,True,0.01861563604325056,0.5,False,0,False,0,3,3,True,True,98,False,True,grouped_v1,False,0.0001623170054755731,0.12317327766179541,3.601590187165106,0.0,0.0,1568.5193184823484,0.0013645264243198224,0.0012812309739560351,0.00011796034640652609,0.0,0.0
269,2026-08-07T11:58:00.516714,shadow,silero,False,0.008060874417424202,True,True,True,False,3,0.0,0.005,True,0,0,True,0.08,True,1280.0,True,True,2.6,True,0.0044005661114229185,0.733033929736007,0.22343173888603476,0.04353433137795844,0.8,True,0.016077293548732996,0.5,False,0,False,0,3,3,True,True,99,False,True,grouped_v1,False,0.00020744700558038593,0.11899791231732777,3.7256965555073145,0.0,0.0,1463.1428853155135,0.003225764269719441,0.0009832261383581789,0.0001915757033452993,0.0,0.0
270,2026-08-07T11:58:00.526339,shadow,silero,False,0.007399784401059151,True,True,True,False,3,0.0,0.005,True,0,0,True,0.08,True,1280.0,True,True,2.6,True,0.005745324418602516,0.7193662133505636,0.22681420252359702,0.05381958412583933,0.8,True,0.014421425759792328,0.5,False,0,False,0,3,3,True,True,100,False,True,grouped_v1,False,0.00023500851326380828,0.09394572025052192,3.8902801243874268,0.0,0.0,1529.1698210410461,0.00413299227148062,0.0013031211762446783,0.00030921097087721703,0.0,0.0
271,2026-08-07T11:58:00.536776,shadow,silero,False,0.00593775836750865,True,True,True,False,3,0.0,0.005,True,0,0,True,0.08,True,1280.0,True,True,2.6,True,0.0074622261951707266,0.688980760222438,0.2566360560775467,0.05438318370001526,0.8,True,0.01278959447517991,0.5,False,0,False,0,3,3,True,True,101,False,True,grouped_v1,False,0.0002658772765423895,0.1732776617954071,3.862440663940086,0.0,0.0,1511.805710584994,0.0051413302769005185,0.0019150763002871724,0.0004058196179830356,0.0,0.0
272,2026-08-07T11:58:00.538769,shadow,silero,False,0.00593775836750865,True,True,True,False,3,0.0,0.005,True,0,0,True,0.08,True,1280.0,True,True,2.6,True,0.009466892201713484,0.6813082660082318,0.2717044603201721,0.04698727367159606,0.8,True,0.010515505913645029,0.5,False,0,False,0,3,3,True,True,102,False,True,grouped_v1,False,0.0002997193537713219,0.11899791231732777,3.963410352163572,0.0,0.0,1513.1716319670682,0.006449871910436266,0.002572196836575808,0.00044482345470141005,0.0,0.0
273,2026-08-07T11:58:00.544310,shadow,silero,False,0.004899157676845789,True,True,True,False,3,0.0,0.005,False,0,1,True,0.08,True,1280.0,True,True,2.6,True,0.005906521301178018,0.7241415545919372,0.2274339024304707,0.04842454297759215,0.8,True,0.008766822051256895,0.5,False,0,False,0,3,3,True,True,103,False,True,grouped_v1,False,0.00023794141461852742,0.0918580375782881,3.782557902825177,0.0,0.0,1501.017765577492,0.004277157517265442,0.0013433431893156182,0.0002860205945969584,0.0,0.0
274,2026-08-07T11:58:00.554259,shadow,silero,False,0.004077752586454153,True,True,True,False,3,0.0,0.005,False,0,2,True,0.08,True,1280.0,True,True,2.6,True,0.005448918445446275,0.6961170954980331,0.2537812822170013,0.050101622284965626,0.8,True,0.007730329409241676,0.5,False,0,False,0,3,3,True,True,104,False,True,grouped_v1,False,0.00023048363034709093,0.13569937369519833,3.8578439539869525,0.0,0.0,1517.9782329480036,0.0037930852818497188,0.001382833509781225,0.00027299965381533136,0.0,0.0
275,2026-08-07T11:58:00.561412,shadow,silero,False,0.0034264337737113237,True,True,True,False,3,0.0,0.005,False,0,3,True,0.08,True,1280.0,True,True,2.6,True,0.007738836113258208,0.7457399970358067,0.20838616431012574,0.04587383865406751,0.8,True,0.0066687713842839,0.5,False,0,False,0,3,3,True,True,105,False,True,grouped_v1,False,0.00027231525799479645,0.11691022964509394,3.8075450907084507,0.0,0.0,1482.6771954480437,0.0057711596201617706,0.00161266637386656,0.00035501011922987793,0.0,0.0
276,2026-08-07T11:58:00.567265,shadow,silero,False,0.003172254655510187,True,True,True,False,3,0.0,0.005,False,0,4,True,0.08,True,1280.0,True,True,2.6,True,0.011095275860494375,0.752269430282451,0.19889022630439768,0.048840343413151396,0.8,True,0.00593775836750865,0.5,False,0,False,0,3,3,True,True,106,False,True,grouped_v1,False,0.00032330735861005165,0.08768267223382047,3.787514392211183,0.0,0.0,1490.157782019837,0.008346636850400735,0.002206741926803447,0.0005418970832901941,0.0,0.0
277,2026-08-07T11:58:00.573374,shadow,silero,False,0.002683062106370926,True,True,True,False,3,0.0,0.005,False,0,5,True,0.08,True,1280.0,True,True,2.6,True,0.007850353076312594,0.7486676271072457,0.19996446990557637,0.051367902987178075,0.8,True,0.005418458022177219,0.5,False,0,False,0,3,3,True,True,107,False,True,grouped_v1,False,0.0002706705303732154,0.0918580375782881,3.793845913748044,0.0,0.0,1525.4502324463717,0.005877305209597016,0.0015697916914764586,0.0004032561752391203,0.0,0.0
278,2026-08-07T11:58:00.579433,shadow,silero,False,0.0025753104127943516,True,True,True,False,3,0.0,0.005,False,0,6,True,0.08,True,1280.0,True,True,2.6,True,0.009692252956012603,0.7591252774306977,0.19362144529548306,0.04725327727381927,0.8,True,0.004488455131649971,0.5,False,0,False,0,3,3,True,True,108,False,True,grouped_v1,False,0.00030249089707716807,0.0918580375782881,3.747098471423292,0.0,0.0,1482.4332806160924,0.007357634214161567,0.0018766280255125781,0.000457990716338458,0.0,0.0
279,2026-08-07T11:58:00.587830,shadow,silero,False,0.0023972131311893463,True,True,True,False,3,0.0,0.005,False,0,7,True,0.08,True,1280.0,True,True,2.6,True,0.012685411066519475,0.726910971185504,0.21768547805630173,0.05540355075819426,0.8,True,0.0037520931800827384,0.5,False,0,False,0,3,3,True,True,109,False,True,grouped_v1,False,0.00034473727011510635,0.11482254697286012,3.908859045427279,0.0,0.0,1506.6062142997068,0.00922116447825101,0.0027614297723559922,0.0007028168159124709,0.0,0.0
280,2026-08-07T11:58:00.598458,shadow,silero,False,0.0021808354649692774,True,True,True,False,3,0.0,0.005,False,0,8,True,0.08,True,1280.0,True,True,2.6,True,0.01222694030418707,0.736539852253791,0.20943374402012893,0.05402640372608002,0.8,True,0.0032993442146107554,0.5,False,0,False,0,3,3,True,True,110,False,True,grouped_v1,False,0.0003396150224387505,0.09394572025052192,3.851271952135424,0.0,0.0,1503.0209783423509,0.009005628805161868,0.002560733885816512,0.0006605776132086903,0.0,0.0
281,2026-08-07T11:58:00.607065,shadow,silero,False,0.0019323915475979447,True,True,True,False,3,0.0,0.005,False,0,9,True,0.08,True,1280.0,True,True,2.6,True,0.018504163872392534,0.733002821757085,0.21545781302974681,0.051539365213168216,0.8,True,0.0029276583809405565,0.5,False,0,False,0,3,3,True,True,111,False,True,grouped_v1,False,0.0004202575052675571,0.1022964509394572,3.8622032106774102,0.0,0.0,1492.2430820326376,0.013563604332719236,0.003986866679889746,0.0009536928597835518,0.0,0.0
282,2026-08-07T11:58:00.617250,shadow,silero,False,0.002093494636937976,True,False,True,False,3,0.0,0.005,False,0,0,False,0.08,True,1280.0,True,True,2.6,True,0.017685815277071703,0.7439787981810251,0.20581664350765538,0.05020455831131961,0.8,True,0.0026291862595826387,0.5,False,0,False,0,3,3,True,False,0,False,False,grouped_v1,False,0.0004070179622246824,0.10438413361169102,3.8255375482498244,0.0,0.0,1497.9710923279008,0.013157871594687419,0.003640035138023312,0.0008879085443609736,0.0,0.0
283,2026-08-07T11:58:00.624795,shadow,silero,False,0.001950911246240139,True,False,True,False,3,0.0,0.005,False,0,0,False,0.08,True,1280.0,True,True,2.6,True,0.028926766823099585,0.7413597578221364,0.20798712088281776,0.050653121295045865,0.8,True,0.002486261771991849,0.5,False,0,False,0,3,3,True,False,0,False,False,grouped_v1,False,0.0005175211126787811,0.09394572025052192,3.8603186020677067,0.0,0.0,1501.162871965543,0.02144514084655052,0.006016394947985095,0.0014652310285639717,0.0,0.0
284,2026-08-07T11:58:00.630239,shadow,silero,False,0.0019667719025164843,True,False,True,False,3,0.0,0.005,False,0,0,False,0.08,True,1280.0,True,True,2.6,True,0.03415868211900327,0.7284879937714863,0.21884567886116532,0.05266632736734853,0.8,True,0.002289024298079312,0.5,False,0,False,0,3,3,True,False,0,False,False,grouped_v1,False,0.0005658337685076581,0.081419624217119,3.9033527369782823,0.0,0.0,1496.8391801753357,0.024884189806750633,0.0074754799773360196,0.0017990123349166207,0.0,0.0
285,2026-08-07T11:58:00.636304,shadow,silero,False,0.0018120730528607965,True,False,True,False,3,0.0,0.005,False,0,0,False,0.08,True,1280.0,True,True,2.6,True,0.0411028578325708,0.73567684026043,0.21280103574548637,0.0515221239940835,0.8,True,0.0021371650509536266,0.5,False,0,False,0,3,3,True,False,0,False,False,grouped_v1,False,0.0006186948755703428,0.08977035490605428,3.883119745796112,0.0,0.0,1492.4105650926463,0.03023842057593935,0.008746730718870542,0.0021177065377608988,0.0,0.0
286,2026-08-07T11:58:00.647112,shadow,silero,False,0.0017520856345072389,True,False,True,False,3,0.0,0.005,False,0,0,False,0.08,True,1280.0,True,True,2.6,True,0.04687664282353918,0.729889092277281,0.21789915724011286,0.052211750482606074,0.8,True,0.00203013326972723,0.5,False,0,False,0,3,3,True,False,0,False,False,grouped_v1,False,0.0006635703992991914,0.10647181628392484,3.910853925936661,0.0,0.0,1499.0379238753244,0.03421475027947933,0.01021438096549497,0.0024475115785648743,0.0,0.0
287,2026-08-07T11:58:00.655095,shadow,silero,False,0.0016879434697329998,True,False,True,False,3,0.0,0.005,False,0,0,False,0.08,True,1280.0,True,True,2.6,True,0.05404948366735078,0.7367091286345849,0.21013447785262462,0.053156393512790494,0.8,True,0.0019588415743783116,0.5,False,0,False,0,3,3,True,False,0,False,False,grouped_v1,False,0.0007114834974596013,0.14822546972860126,3.884575336377785,0.0,0.0,1491.6867568996174,0.03981874801572322,0.011357660028642719,0.002873075622984841,0.0,0.0
288,2026-08-07T11:58:00.657541,shadow,silero,False,0.0016879434697329998,True,False,True,False,3,0.0,0.005,False,0,0,False,0.08,True,1280.0,True,True,2.6,True,0.05493589271055133,0.7326031258115988,0.215194740932285,0.05220213325611618,0.8,True,0.0019416513969190419,0.5,False,0,False,0,3,3,True,False,0,False,False,grouped_v1,False,0.0007199606793274877,0.11899791231732777,3.909449092276517,0.0,0.0,1496.9321745764548,0.04024620671900053,0.011821915199730897,0.002867770791819902,0.0,0.0
289,2026-08-07T11:58:00.665404,shadow,silero,False,0.0015837544342502952,True,False,True,False,3,0.0,0.005,False,0,0,False,0.08,True,1280.0,True,True,2.6,True,0.05653576292754305,0.7337046474504091,0.21248887806258324,0.053806474487007656,0.8,True,0.0018722323002293706,0.5,False,0,False,0,3,3,True,False,0,False,False,grouped_v1,False,0.0007262733146822834,0.10855949895615867,3.8934324777830267,0.0,0.0,1501.613933550409,0.041480552007092886,0.01201322083488581,0.0030419900855643586,0.0,0.0
290,2026-08-07T11:58:00.672967,shadow,silero,False,0.0016507264226675034,True,False,True,False,3,0.0,0.005,False,0,0,False,0.08,True,1280.0,True,True,2.6,True,0.06136996485158872,0.737168089916739,0.21157252283234287,0.05125938725091814,0.8,True,0.0017820793436840177,0.5,False,0,False,0,3,3,True,False,0,False,False,grouped_v1,False,0.0007583626235648924,0.10855949895615867,3.896479695567362,0.0,0.0,1494.5074219715432,0.04523997976790307,0.012984198289782834,0.0031457867939028213,0.0,0.0
291,2026-08-07T11:58:00.680846,shadow,silero,False,0.0015310628805309534,True,False,True,False,3,0.0,0.005,False,0,0,False,0.08,True,1280.0,True,True,2.6,True,0.06681882371378198,0.7370678863638956,0.20870860855066475,0.054223505085439695,0.8,True,0.0017200145521201193,0.5,False,0,False,0,3,3,True,False,0,False,False,grouped_v1,False,0.000794398771891557,0.12317327766179541,3.8900772584827377,0.0,0.0,1493.9142897291783,0.04925000916403903,0.013945663722295597,0.0036231508274473558,0.0,0.0
292,2026-08-07T11:58:00.691541,shadow,silero,False,0.0014953698264434934,True,False,True,False,3,0.0,0.005,False,0,0,False,0.08,True,1280.0,True,True,2.6,True,0.05610247592424057,0.7267930702213072,0.2208281410477924,0.05237878873090042,0.8,True,0.0016879434697329998,0.5,False,0,False,0,3,3,True,False,0,False,False,grouped_v1,False,0.0007270370357256488,0.1440501043841336,3.9397586662219783,0.0,0.0,1494.2345124200651,0.040774890723995774,0.012389005466528574,0.0029385797337162243,0.0,0.0
293,2026-08-07T11:58:00.699044,shadow,silero,False,0.0014734194846823812,True,False,True,False,3,0.0,0.005,False,0,0,False,0.08,True,1280.0,True,True,2.6,True,0.07122065057148633,0.7376331505148839,0.20710377445146924,0.05526307503364702,0.8,True,0.0016693349462002516,0.5,False,0,False,0,3,3,True,False,0,False,False,grouped_v1,False,0.0008155830283753608,0.1127348643006263,3.8945581922206975,0.0,0.0,1500.078677705434,0.05253471286276512,0.014750065552244009,0.0039358721564772044,0.0,0.0
294,2026-08-07T11:58:00.707399,shadow,silero,False,0.001310361665673554,True,False,True,False,3,0.0,0.005,False,0,0,False,0.08,True,1280.0,True,True,2.6,True,0.06530621914302737,0.7404138153909626,0.20856021930198532,0.05102596530705217,0.8,True,0.0016172404284588993,0.5,False,0,False,0,3,3,True,False,0,False,False,grouped_v1,False,0.0007820571206266357,0.10855949895615867,3.874296121618289,0.0,0.0,1492.3999436102617,0.048353626884447214,0.0136202793862533,0.0033323128723268605,0.0,0.0
295,2026-08-07T11:58:00.714744,shadow,silero,False,0.0013176981592550874,True,False,True,False,3,0.0,0.005,False,0,0,False,0.08,True,1280.0,True,True,2.6,True,0.06975708208948085,0.7313200818378804,0.21490070034952577,0.05377921781259371,0.8,True,0.0015574086573906243,0.5,False,0,False,0,3,3,True,False,0,False,False,grouped_v1,False,0.0008093607758015755,0.08559498956158663,3.8909867794512802,0.0,0.0,1498.9045250527852,0.05101475498245088,0.014990845795368796,0.0037514813116611705,0.0,0.0
296,2026-08-07T11:58:00.720753,shadow,silero,False,0.001562681165523827,True,False,True,False,3,0.0,0.005,False,0,0,False,0.08,True,1280.0,True,True,2.6,True,0.12954234672704887,0.4729776015386979,0.47098850172572865,0.05603389673557344,0.8,True,0.0015468720230273902,0.5,False,0,False,0,3,3,True,False,0,False,False,grouped_v1,False,0.0010775543127751485,0.1544885177453027,4.008848467345697,0.0,0.0,1642.2325810674433,0.061270628452653964,0.061012955795007595,0.007258762479387307,0.0,0.0
297,2026-08-07T11:58:00.726670,shadow,silero,False,0.010387981310486794,True,False,True,False,3,0.0,0.005,True,1,0,False,0.08,True,1280.0,True,True,2.6,True,1.1256003448054692,0.07030488117658826,0.8323849685443209,0.0973101502790908,0.8,True,0.0015468720230273902,0.5,False,0,False,0,3,3,True,False,0,False,False,grouped_v1,False,0.003144071473574297,0.18997912317327767,3.5281502851961744,0.0,0.0,1758.7186930479536,0.07913519849387529,0.9369328076043772,0.10953233870721664,0.0,0.0
298,2026-08-07T11:58:00.732561,shadow,silero,False,0.010252655483782291,True,False,True,False,3,0.0,0.005,True,2,0,False,0.08,True,1280.0,True,True,2.6,True,3.2056827604271807,0.07537271273936688,0.8703734973832147,0.054253789877418475,0.8,True,0.0015468720230273902,0.5,False,0,False,0,3,3,True,False,0,False,False,grouped_v1,False,0.005287355525169586,0.17536534446764093,3.2416056953755263,0.0,0.0,1820.0202033845,0.24162100583521856,2.790141315694083,0.1739204388978791,0.0,0.0
299,2026-08-07T11:58:00.744376,shadow,silero,False,0.007503351662307978,True,True,True,False,3,0.0,0.005,True,0,0,True,0.08,True,1280.0,True,True,2.6,True,4.8130917499645545,0.07505781845384316,0.9030418875748206,0.021900293971336332,0.8,True,0.0015468720230273902,0.5,False,0,False,0,3,3,True,True,1,False,True,grouped_v1,False,0.0064791152529163195,0.16075156576200417,3.0910563624008316,0.0,0.0,1682.5977293450599,0.3612601667705298,4.346423458958788,0.10540812423523736,0.0,0.0
300,2026-08-07T11:58:00.754687,shadow,silero,False,0.007328832987695932,True,True,True,False,3,0.0,0.005,True,0,0,True,0.08,True,1280.0,True,True,2.6,True,1.9376246726772763,0.3232406157410201,0.6635193656098116,0.013240018649168359,0.8,True,0.0015468720230273902,0.5,False,0,False,0,3,3,True,True,2,False,True,grouped_v1,False,0.004111324416083957,0.13778705636743216,2.857070649721246,0.0,0.0,1396.5131555177284,0.6263189922711953,1.2856514936047452,0.025654186801335875,0.0,0.0
301,2026-08-07T11:58:00.763743,shadow,silero,False,0.006619840860366821,True,True,True,False,3,0.0,0.005,True,0,0,True,0.08,True,1280.0,True,True,2.6,True,1.8381044911688482,0.628772707014842,0.362340642739537,0.00888665024562105,0.8,True,0.004091261012945324,0.5,False,0,False,0,3,3,True,True,3,False,True,grouped_v1,False,0.004002836863088211,0.1336116910229645,2.790881942921682,0.0,0.0,1303.9254057898831,1.1557499366883754,0.66601996275255,0.0163345917279228,0.0,0.0
302,2026-08-07T11:58:00.770094,shadow,silero,False,0.007422345224767923,True,True,True,False,3,0.0,0.005,True,0,0,True,0.08,True,1280.0,True,True,2.6,True,2.907607494160621,0.19391091866188814,0.7845459588569111,0.021543122481200636,0.8,True,0.006974336924031377,0.5,False,0,False,0,3,3,True,True,4,False,True,grouped_v1,False,0.005032830074578802,0.1524008350730689,3.0038705090085434,0.0,0.0,1639.0993650616856,0.5638168403008765,2.281151709485785,0.06263894437395912,0.0,0.0
303,2026-08-07T11:58:00.780062,shadow,silero,False,0.005583442747592926,True,True,True,False,3,0.0,0.005,True,0,0,True,0.08,True,1280.0,True,True,2.6,True,3.8926183677576196,0.049927744284501835,0.9089802769006318,0.04109197881486638,0.8,True,0.006974336924031377,0.5,False,0,False,0,3,3,True,True,5,False,True,grouped_v1,False,0.005825128185245436,0.1732776617954071,3.2047746650343725,0.0,0.0,1797.975209019035,0.19434965446255736,3.538313321792806,0.15995539150225585,0.0,0.0
304,2026-08-07T11:58:00.782684,shadow,silero,False,0.005583442747592926,True,True,True,False,3,0.0,0.005,True,0,0,True,0.08,True,1280.0,True,True,2.6,True,3.3015828874894098,0.05090559660490434,0.8319731120262993,0.11712129136879636,0.8,True,0.006974336924031377,0.5,False,0,False,0,3,3,True,True,6,False,True,grouped_v1,False,0.005361559838208655,0.21920668058455114,3.7890057984744705,0.0,0.0,1878.1233624554295,0.16806904662819117,2.7468281895173394,0.38668565134387917,0.0,0.0
305,2026-08-07T11:58:00.794254,shadow,silero,False,0.0034259683452546597,True,True,True,False,3,0.0,0.005,False,0,1,True,0.08,True,1280.0,True,True,2.6,True,3.8509951212634115,0.0570385166307104,0.8570433674277753,0.08591811594151436,0.8,True,0.006974336924031377,0.5,False,0,False,0,3,3,True,True,7,False,True,grouped_v1,False,0.00578487777048441,0.22964509394572025,3.7916698454540514,0.0,0.0,1861.9313403852498,0.2196550492689677,3.300469826675528,0.3308702453189159,0.0,0.0
306,2026-08-07T11:58:00.804600,shadow,silero,False,0.0036530750803649426,True,True,True,False,3,0.0,0.005,False,0,2,True,0.08,True,1280.0,True,True,2.6,True,3.7562303417349003,0.0430349877342657,0.8663080773733814,0.09065693489235284,0.8,True,0.006974336924031377,0.5,False,0,False,0,3,3,True,True,8,True,True,grouped_v1,False,0.005716880524607545,0.23173277661795408,3.5844963800949006,0.0,0.0,1903.3619749937197,0.1616493266836381,3.254052685519921,0.3405283295313411,0.0,0.0
307,2026-08-07T11:58:00.811832,shadow,silero,False,0.0031557234469801188,True,True,True,False,3,0.0,0.005,False,0,3,True,0.08,True,1280.0,True,True,2.6,True,2.771821732009529,0.03821304089429054,0.8195922955828662,0.1421946635228432,0.8,True,0.006101641803979874,0.5,False,0,False,0,3,3,True,True,9,True,True,grouped_v1,False,0.00491055203859684,0.2359081419624217,3.570546239293904,0.0,0.0,1944.395337157486,0.10591973719696338,2.271763736284166,0.39413825852839945,0.0,0.0
308,2026-08-07T11:58:00.819616,shadow,silero,False,0.0032155518420040607,True,True,True,False,3,0.0,0.005,False,0,4,True,0.08,True,1280.0,True,True,2.6,True,1.9021057644589858,0.0632088460964932,0.7347569220721135,0.2020342318313933,0.8,True,0.005583442747592926,0.5,False,0,False,0,3,3,True,True,10,False,True,grouped_v1,False,0.004069013017216792,0.2630480167014614,3.7342382743797873,0.0,0.0,2051.364616390331,0.12022991052494057,1.397585376949509,0.38429047698453633,0.0,0.0
309,2026-08-07T11:58:00.827885,shadow,silero,False,0.004071923904120922,True,True,True,False,3,0.0,0.005,False,0,5,True,0.08,True,1280.0,True,True,2.6,True,0.9723306365927701,0.08930823202276841,0.2092073766350682,0.7014843913421634,0.8,True,0.004827683325856924,0.5,False,0,False,0,3,3,True,True,11,False,True,grouped_v1,False,0.0029153761565470313,0.31315240083507306,3.4685032031756524,0.0,0.0,2380.705585565684,0.08683713009567323,0.20341874170347926,0.6820747647936176,0.0,0.0
310,2026-08-07T11:58:00.834219,shadow,silero,False,0.00854799896478653,True,True,True,False,3,0.0,0.005,True,0,0,True,0.08,True,1280.0,True,True,2.6,True,0.2246230861694947,0.14239888001366566,0.11649949858510782,0.7411016214012265,0.8,True,0.004827683325856924,0.5,False,0,False,0,3,3,True,True,12,False,True,grouped_v1,False,0.0014166269696735483,0.30062630480167013,3.743779002653126,0.0,0.0,2388.6108109900906,0.03198607589574916,0.026168476909385598,0.16646853336435993,0.0,0.0
311,2026-08-07T11:58:00.839949,shadow,silero,False,0.01569201610982418,True,True,True,False,3,0.0,0.005,True,0,0,True,0.08,True,1280.0,True,True,2.6,True,0.14330105488908723,0.3030625477628698,0.16533408675917094,0.5316033654779592,0.8,True,0.004827683325856924,0.5,False,0,False,0,3,3,True,True,13,False,True,grouped_v1,False,0.0011564110546784388,0.29227557411273486,4.017229092539091,0.0,0.0,2169.6213733581844,0.04342918279179363,0.023692549041713064,0.07617932305558053,0.0,0.0
312,2026-08-07T11:58:00.845978,shadow,silero,False,0.017924796789884567,True,True,True,False,3,0.0,0.005,True,0,0,True,0.08,True,1280.0,True,True,2.6,True,0.9488249310585599,0.07402463752912074,0.05902117851385214,0.8669541839570272,0.8,True,0.004827683325856924,0.5,False,0,False,0,3,3,True,True,14,False,True,grouped_v1,False,0.00288725717694863,0.33820459290187893,3.109778869951291,0.0,0.0,2408.0921026244764,0.07023642160020287,0.056000765634400713,0.8225877438239564,0.0,0.0
313,2026-08-07T11:58:00.855464,shadow,silero,False,0.013259267434477806,True,True,True,False,3,0.0,0.005,True,0,0,True,0.08,True,1280.0,True,True,2.6,True,2.0765695851262933,0.07351482869200494,0.1406766581501298,0.7858085131578652,0.8,True,0.004827683325856924,0.5,False,0,False,0,3,3,True,True,15,False,True,grouped_v1,False,0.004265229757598343,0.3298538622129436,3.5050787348307857,0.0,0.0,2415.995326439973,0.15265865731758724,0.2921248696517684,1.6317860581569374,0.0,0.0
314,2026-08-07T11:58:00.863691,shadow,silero,False,0.008209560997784138,True,True,True,False,3,0.0,0.005,True,0,0,True,0.08,True,1280.0,True,True,2.6,True,2.008384955232879,0.08576374078375511,0.35353642873988095,0.5606998304763641,0.8,True,0.00614074245095253,0.5,False,0,False,0,3,3,True,True,16,False,True,grouped_v1,False,0.004191218086187748,0.325678496868476,3.902204501440228,0.0,0.0,2292.781772739734,0.17224660669458625,0.7100372446079377,1.1261011039303552,0.0,0.0
315,2026-08-07T11:58:00.872746,shadow,silero,False,0.011542323976755142,True,True,True,False,3,0.0,0.005,True,0,0,True,0.08,True,1280.0,True,True,2.6,True,1.5951818048206206,0.14907537413699704,0.6007822785033283,0.2501423473596745,0.8,True,0.008378779981285334,0.5,False,0,False,0,3,3,True,True,17,False,True,grouped_v1,False,0.003732820521721215,0.24008350730688935,3.9360519467845907,0.0,0.0,2040.9407960688623,0.2378023243701642,0.958356959327184,0.3990225211232722,0.0,0.0
316,2026-08-07T11:58:00.881245,shadow,silero,False,0.0110446996986866,True,True,True,False,3,0.0,0.005,True,0,0,True,0.08,True,1280.0,True,True,2.6,True,1.3670307075968178,0.11943843023648432,0.6973504031028251,0.18321116666069057,0.8,True,0.009796349331736565,0.5,False,0,False,0,3,3,True,True,18,False,True,grouped_v1,False,0.003450413617814599,0.2150313152400835,3.8037367217998135,0.0,0.0,1930.2692781537212,0.1632760018004343,0.9532994149965811,0.25045529079980233,0.0,0.0
317,2026-08-07T11:58:00.889179,shadow,silero,False,0.007901315577328205,True,True,True,False,3,0.0,0.005,True,0,0,True,0.08,True,1280.0,True,True,2.6,True,1.6120424023227728,0.11920936246801535,0.7177273625818884,0.16306327495009626,0.8,True,0.009796349331736565,0.5,False,0,False,0,3,3,True,True,19,False,True,grouped_v1,False,0.003743096110452699,0.23382045929018788,3.3046063668212406,0.0,0.0,1907.7118965539319,0.19217054705230566,1.1570069417892952,0.262864913481172,0.0,0.0
318,2026-08-07T11:58:00.899908,shadow,silero,False,0.009578452445566654,True,True,True,False,3,0.0,0.005,True,0,0,True,0.08,True,1280.0,True,True,2.6,True,1.0699958637026863,0.1924372797020147,0.702115115532607,0.10544760476537827,0.8,True,0.010311576072126627,0.5,False,0,False,0,3,3,True,True,20,False,True,grouped_v1,False,0.003052965638451163,0.1941544885177453,3.591607455818333,0.0,0.0,1872.3480003969075,0.20590709330335266,0.7512602694630232,0.11282850093631043,0.0,0.0
319,2026-08-07T11:58:00.908250,shadow,silero,False,0.00910693034529686,True,True,True,False,3,0.0,0.005,True,0,0,True,0.08,True,1280.0,True,True,2.6,True,1.0222651950619006,0.11271273599333337,0.8112837471168647,0.07600351688980195,0.8,True,0.010311576072126627,0.5,False,0,False,0,3,3,True,True,21,False,True,grouped_v1,False,0.0029812327089775905,0.20041753653444677,3.2715450361907075,0.0,0.0,1772.1843152697854,0.11522230704618544,0.8293471379969714,0.07769575001874385,0.0,0.0
320,2026-08-07T11:58:00.913372,shadow,silero,False,0.00910693034529686,True,True,True,False,3,0.0,0.005,True,0,0,True,0.08,True,1280.0,True,True,2.6,True,0.6730802239917418,0.1312393801781247,0.8085541504425416,0.06020646937933371,0.8,True,0.010311576072126627,0.5,False,0,False,0,3,3,True,True,22,False,True,grouped_v1,False,0.002422626641482209,0.162839248434238,3.5470221857436512,0.0,0.0,1777.1147994003002,0.08833463140682954,0.5442218086893185,0.04052378389559388,0.0,0.0
321,2026-08-07T11:58:00.924270,shadow,silero,False,0.007480096071958542,True,True,True,False,3,0.0,0.005,True,0,0,True,0.08,True,1280.0,True,True,2.6,True,0.3515796051968126,0.17915505393879952,0.7926920878367846,0.02815285822441576,0.8,True,0.009342691395431757,0.5,False,0,False,0,3,3,True,True,23,False,True,grouped_v1,False,0.0017531182319623496,0.16910229645093947,3.217911632183105,0.0,0.0,1564.9712096127207,0.0629872631328168,0.2786943712842938,0.00989797077970193,0.0,0.0
322,2026-08-07T11:58:00.933289,shadow,silero,False,0.007191299460828304,True,True,True,False,3,0.0,0.005,True,0,0,True,0.08,True,1280.0,True,True,2.6,True,0.20474285813397675,0.1966215009193841,0.7891696717354029,0.014208827345213016,0.8,True,0.00910693034529686,0.5,False,0,False,0,3,3,True,True,24,False,True,grouped_v1,False,0.0013358063029893729,0.1524008350730689,3.3096455294215295,0.0,0.0,1509.9284673327566,0.04025684806882704,0.16157685414375858,0.002909155921391118,0.0,0.0
323,2026-08-07T11:58:00.944084,shadow,silero,False,0.0058153895661234856,True,True,True,False,3,0.0,0.005,True,0,0,True,0.08,True,1280.0,True,True,2.6,True,0.16455111595118663,0.17940801968798206,0.8099026500328912,0.010689330279126646,0.8,True,0.008658245671540499,0.5,False,0,False,0,3,3,True,True,25,False,True,grouped_v1,False,0.00120087987929234,0.1524008350730689,3.2368518387813143,0.0,0.0,1576.0647727160328,0.029521789850249912,0.1332703848747356,0.0017589412262010988,0.0,0.0
324,2026-08-07T11:58:00.950961,shadow,silero,False,0.006498590111732483,True,True,True,False,3,0.0,0.005,True,0,0,True,0.08,True,1280.0,True,True,2.6,True,0.08843878830986676,0.2951744823177338,0.6944161805564489,0.010409337125817292,0.8,True,0.008504122961312532,0.5,False,0,False,0,3,3,True,True,26,False,True,grouped_v1,False,0.0008808023748238867,0.1419624217118998,3.3809134914792853,0.0,0.0,1363.2840024755365,0.026104873556172567,0.061413325591178,0.0009205891625161923,0.0,0.0
325,2026-08-07T11:58:00.957215,shadow,silero,False,0.005503983702510595,True,True,True,False,3,0.0,0.005,True,0,0,True,0.08,True,1280.0,True,True,2.6,True,0.05353258382210596,0.34709719785737325,0.6429802809991364,0.009922521143490399,0.8,True,0.0076907058246433735,0.5,False,0,False,0,3,3,True,True,27,False,True,grouped_v1,False,0.0006882208319033611,0.15031315240083507,3.3394922645608545,0.0,0.0,1361.4503772018468,0.01858100983871793,0.03442039578854751,0.0005311781948405185,0.0,0.0
326,2026-08-07T11:58:00.964763,shadow,silero,False,0.003111401805654168,True,True,True,False,3,0.0,0.005,False,0,1,True,0.08,True,1280.0,True,True,2.6,True,0.015553456458296634,0.46556351339068563,0.5082323595823381,0.026204127026976182,0.8,True,0.007335697766393423,0.5,False,0,False,0,3,3,True,True,28,False,True,grouped_v1,False,0.00038107196563924963,0.12317327766179541,3.433122934651326,0.0,0.0,1400.4396503481619,0.007241121834093631,0.007904769875461255,0.0004075647487417481,0.0,0.0
327,2026-08-07T11:58:00.975552,shadow,silero,False,0.0045042987912893295,True,True,True,False,3,0.0,0.005,False,0,2,True,0.08,True,1280.0,True,True,2.6,True,0.017362118428777912,0.5132892096956923,0.320106297172704,0.16660449313160378,0.8,True,0.006844944786280394,0.5,False,0,False,0,3,3,True,True,29,False,True,grouped_v1,False,0.0003978116643239122,0.15031315240083507,4.077332022769768,0.0,0.0,1670.4152509658757,0.008911788046950428,0.005557723441310063,0.0028926069405174207,0.0,0.0
328,2026-08-07T11:58:00.982536,shadow,silero,False,0.0032855398021638393,True,True,True,False,3,0.0,0.005,False,0,3,True,0.08,True,1280.0,True,True,2.6,True,0.013381602277923132,0.6979266179146891,0.2488523318177523,0.05322105026755857,0.8,True,0.006156989838927984,0.5,False,0,False,0,3,3,True,True,30,False,True,grouped_v1,False,0.0003549675464430946,0.13987473903966596,3.851162128104922,0.0,0.0,1514.9755895575156,0.00933937642011039,0.003330042930318917,0.0007121829274938233,0.0,0.0
329,2026-08-07T11:58:00.990855,shadow,silero,False,0.0020907302387058735,True,True,True,False,3,0.0,0.005,False,0,4,True,0.08,True,1280.0,True,True,2.6,True,0.021726069508910154,0.7607268483425089,0.18770272566454108,0.051570425992950024,0.8,True,0.0056596866343170404,0.5,False,0,False,0,3,3,True,True,31,False,True,grouped_v1,False,0.00045086337063864214,0.13778705636743216,3.7935434263697934,0.0,0.0,1493.496224010686,0.016527604384383502,0.004078042464799713,0.0011204226597269391,0.0,0.0
330,2026-08-07T11:58:00.999363,shadow,silero,False,0.001565188867971301,True,True,True,False,3,0.0,0.005,False,0,5,True,0.08,True,1280.0,True,True,2.6,True,0.036611269076092585,0.7380309261708654,0.20638388276076874,0.05558519106836593,0.8,True,0.005004141246899962,0.5,False,0,False,0,3,3,True,True,32,False,True,grouped_v1,False,0.0005886341106621611,0.12108559498956159,3.8869928585006974,0.0,0.0,1500.3746251696964,0.027020248824519373,0.007555975864723251,0.0020350443868499633,0.0,0.0
331,2026-08-07T11:58:01.006608,shadow,silero,False,0.001198298530653119,True,True,True,False,3,0.0,0.005,False,0,6,True,0.08,True,1280.0,True,True,2.6,True,0.04673198732896106,0.7349939104235615,0.21412945801632585,0.05087663156011263,0.8,True,0.0038949192967265844,0.5,False,0,False,0,3,3,True,True,33,False,True,grouped_v1,False,0.000662816477111529,0.1336116910229645,3.8454142588021107,0.0,0.0,1499.3715168891217,0.03434772610877742,0.01000669511877624,0.002377566101407404,0.0,0.0
332,2026-08-07T11:58:01.011680,shadow,silero,False,0.00100985961034894,True,True,True,False,3,0.0,0.005,False,0,7,True,0.08,True,1280.0,True,True,2.6,True,0.06791628310270251,0.7348456294365406,0.21303969426073888,0.05211467630272054,0.8,True,0.0031984708039090037,0.5,False,0,False,0,3,3,True,True,34,False,True,grouped_v1,False,0.0007968518967870594,0.11064718162839249,3.8860849566791473,0.0,0.0,1493.5045927532728,0.04990798380559571,0.014468864187525528,0.00353943510958127,0.0,0.0
333,2026-08-07T11:58:01.018186,shadow,silero,False,0.003814972471445799,True,True,True,False,3,0.0,0.005,False,0,8,True,0.08,False,1280.0,True,True,2.6,True,0.1535732144720931,0.7365346498546889,0.2107412309594512,0.05272411918586005,0.8,True,0.0031984708039090037,0.5,False,0,False,0,3,3,True,True,35,False,True,grouped_v1,False,0.0012144645585448635,0.05636743215031315,3.487563846138969,0.0,0.0,1490.6205164569562,0.11311199374826213,0.0323642082602487,0.008097012463582284,0.0,0.0
