frame,timestamp,processing_mode,detector_profile,speech_detector_implementation,comparison_speech_detector_implementation,is_speech,speech_probability,speech_gate_open,comparison_speech_evaluated,comparison_speech_is_speech,comparison_speech_aggressiveness,is_whisper,whisper_processed,trigger,raw_score,whisper_probability,stage1_silero_threshold,stage1_silero_low_pass,stage1_enter_count,stage1_exit_count,stage1_candidate,zcr_threshold,zcr_pass,centroid_threshold,centroid_pass,group_a_pass,entropy_threshold,group_b_pass,total_band_energy,low_proportion,mid_proportion,high_proportion,low_proportion_threshold,group_c_pass,silero_rolling_median,high_silero_threshold,high_silero_raw,high_silero_count,high_silero_normal_evidence,silero_penalty,group_count,effective_group_score,grouped_v1_raw_is_whisper,stage2_is_whisper,stage2_consecutive_count,legacy_is_whisper,grouped_v1_is_whisper,whisper_classifier_implementation,final_trigger,rms,zcr,entropy,voicing,hnr,spectral_centroid,band_energy_low,band_energy_mid,band_energy_high,temporal_score,formant_score,low_proportion_std,mid_proportion_std,high_proportion_std,zcr_std,entropy_std,spectral_centroid_std,spectral_flux,cepstral_peak_prominence,spectral_slope,spectral_rolloff,spectral_flatness,temporal_v1_window_full,temporal_v1_silero_median,temporal_v1_low_proportion_std,temporal_v1_silero_min_pass,temporal_v1_silero_max_pass,temporal_v1_low_proportion_std_pass,temporal_v1_low_proportion_max,temporal_v1_low_proportion_max_pass,temporal_v1_raw_is_whisper,temporal_v1_is_whisper,temporal_v1_qualifying_run,webrtc_mode_0_evaluated,webrtc_mode_0_is_speech,webrtc_mode_1_evaluated,webrtc_mode_1_is_speech,webrtc_mode_2_evaluated,webrtc_mode_2_is_speech,webrtc_mode_3_evaluated,webrtc_mode_3_is_speech,webrtc_assist_open,webrtc_assist_enter_count,webrtc_assist_exit_count,temporal_candidate,temporal_qualifying_run,assisted_confirmation_requirement,fallback_confirmation_requirement,confirmation_requirement,threshold_crossing_route,trigger_route,trigger_suppression_reason,actuation_enabled,actuation_requested,actuation_started,actuation_suppression_reason
0,2026-08-18T21:56:38.008311,shadow,analysis_full,silero,webrtc,False,0.0,True,True,True,1,False,True,False,0,0.0,,,,,,,,,,,,,83.49897814183052,0.1973922737814716,0.4703363173088945,0.33227140890962187,,,,,,,,,,,,,,True,False,temporal_v1,False,0.027549605699099745,0.1315240083507307,4.785510519384338,0.638618641450275,113.674223193986,2252.2040857527745,16.48205315384532,39.27260187828445,27.74432310969975,0.0,0.0,,,,,,,,2.0854536291631307,-0.0012717505709845319,3300.0000000000005,0.008195374018806283,False,,,,,,0.85,True,False,False,0,True,True,True,True,True,True,True,True,False,1,0,False,0,15,24,24,,,,False,False,False,
1,2026-08-18T21:56:38.200572,shadow,analysis_full,silero,webrtc,False,0.0114354956895113,True,True,True,1,False,True,False,0,0.0,,,,,,,,,,,,,0.0009660503440702037,0.388867915759479,0.4619524752906203,0.1491796079147579,,,,,,,,,,,,,,False,False,temporal_v1,False,9.876312408193918e-05,0.24008350730688935,4.168402862836035,0.8023435763753548,65.28337165640214,1881.4544771299365,0.0003756659838173077,0.000446269347698586,0.00014411501155430997,0.0,0.0,,,,,,,0.0033833623169817932,1.0595507241940538,-0.0006322934245271059,2566.666666666667,0.04371645327193343,False,,,,,,0.85,True,False,False,0,True,True,True,True,True,True,True,True,False,2,0,False,0,15,24,24,,,,False,False,False,
2,2026-08-18T21:56:38.272973,shadow,analysis_full,silero,webrtc,False,0.006077124737203121,True,True,True,1,False,True,False,0,0.0,,,,,,,,,,,,,0.0005604518400810466,0.33782341945765004,0.5687386172168882,0.09343796154118703,,,,,,,,,,,,,,False,False,temporal_v1,False,7.792278613823027e-05,0.1732776617954071,3.906382259637121,0.8339836590313677,63.08115450537096,1834.9121039825116,0.00018933375705751122,0.00031875060454435503,5.2367477479180335e-05,0.0,0.0,,,,,,,0.004961446740646572,1.0998050206077243,-0.0006521832384728691,2100.0,0.0360498884499334,False,,,,,,0.85,True,False,False,0,True,True,True,True,True,True,True,True,False,3,0,False,0,15,24,24,,,,False,False,False,
3,2026-08-18T21:56:38.281097,shadow,analysis_full,silero,webrtc,False,0.0029902218375355005,True,True,True,1,False,True,False,0,0.0,,,,,,,,,,,,,0.0006662402647024565,0.517100449138811,0.4062871068341774,0.07661244252605139,,,,,,,,,,,,,,False,False,temporal_v1,False,8.393955757471881e-05,0.20668058455114824,3.997374777054532,0.8529183168077882,63.94135852539187,1706.4732174623095,0.00034451314011200063,0.00027068482960239756,5.104229398805821e-05,0.0,0.0,,,,,,,0.004668245410370104,1.4332638057218376,-0.0008585588901157392,2133.3333333333335,0.016596814555665317,False,,,,,,0.85,True,False,False,0,True,True,True,True,True,False,True,False,False,4,0,False,0,15,24,24,,,,False,False,False,
4,2026-08-18T21:56:38.288803,shadow,analysis_full,silero,webrtc,False,0.0019695500377565622,True,True,True,1,False,True,False,0,0.0,,,,,,,,,,,,,0.0004257292819054712,0.5458038257569339,0.3570664990157404,0.09712967287841519,,,,,,,,,,,,,,False,False,temporal_v1,False,7.058484326238651e-05,0.18997912317327767,3.7880822899633486,0.858984904276598,62.1585096694603,1730.0352595425238,0.00023236467080075838,0.0001520136642184718,4.135094588624102e-05,0.0,0.0,,,,,,,0.00628298445259806,1.2250059410474032,-0.0007324403199926713,1900.0000000000002,0.02310160618448594,False,,,,,,0.85,True,False,False,0,True,True,True,True,True,False,True,False,False,5,0,False,0,15,24,24,,,,False,False,False,
5,2026-08-18T21:56:38.297144,shadow,analysis_full,silero,webrtc,False,0.0022068279795348644,True,True,True,1,False,True,False,0,0.0,,,,,,,,,,,,,0.0016356928286794222,0.7090640947631326,0.2233132132672892,0.0676226913582165,,,,,,,,,,,,,,False,False,temporal_v1,False,0.00012735421751075579,0.17118997912317327,3.828684114785208,0.8947669025345517,68.15845935235411,1585.9346086442383,0.0011598110548781222,0.00036527182149066333,0.00011060995131063667,0.0,0.0,,,,,,,0.0047567708995553916,1.4335198425327071,-0.0008500286581863838,1600.0,0.015537350886226752,False,,,,,,0.85,True,False,False,0,True,True,True,True,True,False,True,False,False,6,0,False,0,15,24,24,,,,False,False,False,
6,2026-08-18T21:56:38.304533,shadow,analysis_full,silero,webrtc,False,0.002568015828728676,True,True,False,1,False,True,False,0,0.0,,,,,,,,,,,,,0.0017663056256431795,0.7279438657355354,0.21887017469083345,0.05318595900747781,,,,,,,,,,,,,,False,False,temporal_v1,False,0.0001312924762117062,0.14822546972860126,3.796913022597219,0.9082603840502373,68.50472388539708,1506.5252802971795,0.0012857713452011194,0.00038659162084192457,9.394265860013559e-05,0.0,0.0,,,,,,,0.0017382893582797757,1.6943878824070648,-0.0010262627206626398,1533.3333333333335,0.008490593702026815,False,,,,,,0.85,True,False,False,0,True,False,True,False,True,False,True,False,False,0,0,False,0,15,24,24,,,,False,False,False,
7,2026-08-18T21:56:38.312242,shadow,analysis_full,silero,webrtc,False,0.004037682432681322,True,True,False,1,False,True,False,0,0.0,,,,,,,,,,,,,0.0027495660844700904,0.6431637075704743,0.23297319273897435,0.12386309932685764,,,,,,,,,,,,,,False,False,temporal_v1,False,0.00016102042999844736,0.1837160751565762,4.013056359068737,0.8605481710891051,70.1322164395721,1652.907313618413,0.0017684211170978152,0.0006405751893457974,0.00034056977702647787,0.0,0.0,,,,,,,0.0018527758322368242,1.5761165315668522,-0.000949897654399511,2200.0,0.012993508294239554,False,,,,,,0.85,True,False,False,0,True,False,True,False,True,False,True,False,False,0,0,False,0,15,24,24,,,,False,False,False,
8,2026-08-18T21:56:38.320666,shadow,analysis_full,silero,webrtc,False,0.0030162641778588295,True,True,False,1,False,True,False,0,0.0,,,,,,,,,,,,,0.002591246617199815,0.72312088054876,0.2160292486395631,0.06084987042576231,,,,,,,,,,,,,,False,False,temporal_v1,False,0.00015877931755992582,0.13987473903966596,3.737021951891394,0.9100392847582237,70.24794116949784,1531.726104433522,0.0018737845355485257,0.0005597850597534856,0.00015767702089780364,0.0,0.0,,,,,,,0.0020602824200351825,1.2168231278387662,-0.0007288043527963308,1566.6666666666667,0.025045475734717486,False,,,,,,0.85,True,False,False,0,True,False,True,False,True,False,True,False,False,0,0,False,0,15,24,24,,,,False,False,False,
9,2026-08-18T21:56:38.329705,shadow,analysis_full,silero,webrtc,False,0.0031647724099457264,True,True,False,1,True,True,False,1,0.0,,,,,,,,,,,,,0.0034633819738952667,0.7514235184612535,0.2003342003478077,0.04824228090220372,,,,,,,,,,,,,,False,False,temporal_v1,False,0.00018336956344268692,0.1315240083507307,3.717003020408067,0.9174504770267207,71.5786009350868,1482.358094251069,0.0026024666685996625,0.00069383385823932,0.00016708144605628424,0.0,0.0,0.18232604858853613,0.1277851133824725,0.07996207282025386,0.03342640093465626,0.3020320231364849,219.69036154849528,0.0014119940570336206,1.412230348424162,-0.0008409623639407274,1333.3333333333335,0.014530202915875583,True,0.003003243007697165,0.18232604858853613,True,True,True,0.85,True,True,True,1,True,False,True,False,True,False,True,False,False,0,0,True,1,15,24,24,,,,False,False,False,
10,2026-08-18T21:56:38.335745,shadow,analysis_full,silero,webrtc,False,0.0025570394936949015,True,True,False,1,True,True,False,1,0.0,,,,,,,,,,,,,0.00531286389716211,0.7449181940406775,0.20339825061293135,0.05168355515816859,,,,,,,,,,,,,,False,False,temporal_v1,False,0.0002258036298027654,0.0918580375782881,3.8656216646436317,0.911012432455147,73.4012160826336,1489.3813959920426,0.003957648979457915,0.001080627222427374,0.00027458769427682046,0.0,0.0,0.14544535453412036,0.12469278377799722,0.03193275174449969,0.03971044644248697,0.1343583981563351,137.47038757431153,0.0013117327440267978,1.8189218461879673,-0.0010989313150162451,1433.3333333333335,0.006948641151242721,True,0.003003243007697165,0.14544535453412036,True,True,True,0.85,True,True,True,2,True,False,True,False,True,False,True,False,False,0,0,True,2,15,24,24,,,,False,False,False,
11,2026-08-18T21:56:38.344681,shadow,analysis_full,silero,webrtc,False,0.002199825132265687,True,True,False,1,True,True,False,1,0.0,,,,,,,,,,,,,0.003287884186783026,0.7724974684805888,0.16958065734107705,0.05792187387418729,,,,,,,,,,,,,,False,False,temporal_v1,False,0.0001774473845274807,0.12526096033402923,3.7822424717746976,0.9122741543942304,71.25982829693734,1490.6779805245578,0.002539882210947247,0.0005575615616559981,0.0001904404131797813,0.0,0.0,0.132347544254456,0.11954807799236328,0.023374876459460552,0.033164598651040655,0.0966551560719408,117.40559036472634,0.0006316220661948162,1.61381364990059,-0.0009729837785836824,1333.3333333333335,0.010307013847238363,True,0.002779118833132088,0.132347544254456,True,True,True,0.85,True,True,True,3,True,False,True,False,True,False,True,False,False,0,0,True,3,15,24,24,,,,False,False,False,
12,2026-08-18T21:56:38.351710,shadow,analysis_full,silero,webrtc,False,0.0020779951009899378,True,True,False,1,True,True,False,1,0.0,,,,,,,,,,,,,0.004590522699534279,0.7882742725886951,0.16115495026979718,0.05057077692366748,,,,,,,,,,,,,,False,False,temporal_v1,False,0.00020991299131414062,0.12108559498956159,3.631177993342461,0.9176747706525422,72.7852673681414,1521.8676605339306,0.003618590941777277,0.0007397854573558218,0.00023214629940117987,0.0,0.0,0.08887000829352719,0.07535334384722207,0.0231736035724771,0.034151961766767866,0.11261918502721836,89.24483751318655,0.0007432936475836956,1.281331488574214,-0.0007657430250099194,1300.0,0.021035325236334043,True,0.0025625276612117887,0.08887000829352719,True,True,True,0.85,True,True,True,4,True,False,True,False,True,False,True,False,False,0,0,True,4,15,24,24,,,,False,False,False,
13,2026-08-18T21:56:38.357244,shadow,analysis_full,silero,webrtc,False,0.0020065228454768658,True,True,False,1,False,True,False,0,0.0,,,,,,,,,,,,,0.004783022317727863,0.7552734830782758,0.19829544462479562,0.04643107208785566,,,,,,,,,,,,,,False,False,temporal_v1,False,0.00021483206927617012,0.1336116910229645,3.7685550474030043,0.9159926959279975,72.98309695450064,1479.1355759144287,0.0036124899255514506,0.000948451537144167,0.00022208085403224484,0.0,0.0,0.0682364575234074,0.0510742687127881,0.023909169785041002,0.028849327215239584,0.09529953520736817,80.00843558185326,0.0008720115483807819,1.4547875359389302,-0.0008691325696383937,1333.3333333333335,0.014483339826786484,True,0.002381933736614883,0.0682364575234074,False,True,True,0.85,True,False,False,0,True,False,True,False,True,False,True,False,False,0,0,False,0,15,24,24,,,,False,False,False,
14,2026-08-18T21:56:38.362636,shadow,analysis_full,silero,webrtc,False,0.001770684844814241,True,True,False,1,False,True,False,0,0.0,,,,,,,,,,,,,0.00219581640157485,0.7334184800902458,0.21005964350022288,0.05652187595412002,,,,,,,,,,,,,,False,False,temporal_v1,False,0.00014481797192051355,0.1336116910229645,3.741306297425885,0.9036710289009168,69.38165326746292,1562.3869365041216,0.0016104523278002592,0.0004612524105067552,0.00012411166226783586,0.0,0.0,0.03784603419915434,0.021628991289004307,0.02156864855188809,0.024408037301289286,0.09655770706557221,52.87359469967858,0.0012640972777548574,1.2241949293955259,-0.0007295881590073933,1533.3333333333335,0.025255458609879638,True,0.002381933736614883,0.03784603419915434,False,True,False,0.85,True,False,False,0,True,False,True,False,True,False,True,False,False,0,0,False,0,15,24,24,,,,False,False,False,
15,2026-08-18T21:56:38.368701,shadow,analysis_full,silero,webrtc,False,0.0015069685177877545,True,True,False,1,False,True,False,0,0.0,,,,,,,,,,,,,0.005745919790431533,0.7300543742893885,0.22287575211788543,0.04706987341868946,,,,,,,,,,,,,,False,False,temporal_v1,False,0.00023539528683322642,0.11482254697286012,3.8097701093987344,0.9177754407779892,73.80150103861153,1449.5695518487082,0.004194833877320507,0.0012806261949014706,0.00027045971720955495,0.0,0.0,0.03692524703728787,0.021589078599686607,0.021882291693825832,0.022527634171551084,0.09592854560660315,54.32874147315496,0.0011259581252138348,1.7315922617695039,-0.001053210146536526,1333.3333333333335,0.008247430875717778,True,0.0023784323129802942,0.03692524703728787,False,True,False,0.85,True,False,False,0,True,False,True,False,True,False,True,False,False,0,0,False,0,15,24,24,,,,False,False,False,
16,2026-08-18T21:56:38.373960,shadow,analysis_full,silero,webrtc,False,0.0015069685177877545,True,True,False,1,False,True,False,0,0.0,,,,,,,,,,,,,0.0025750647282973328,0.737012376916796,0.21768247616693848,0.04530514652792572,,,,,,,,,,,,,,False,False,temporal_v1,False,0.00016021404649364744,0.09603340292275574,3.776337410383802,0.9168149718193701,70.36151419108656,1471.7144972574442,0.0018978545761170207,0.000560546466345908,0.0001166636848344039,0.0,0.0,0.0368026377228205,0.021506517903469115,0.02223932409058545,0.024228814395699155,0.09589878701392361,55.957020824673,0.0007934313055331027,1.430050609631337,-0.000857848602593322,1333.3333333333335,0.015517431412189168,True,0.0021389101166278124,0.0368026377228205,False,True,False,0.85,True,False,False,0,True,False,True,False,True,False,True,False,False,0,0,False,0,15,24,24,,,,False,False,False,
17,2026-08-18T21:56:38.380140,shadow,analysis_full,silero,webrtc,False,0.0016944652888923883,True,True,False,1,False,True,False,0,0.0,,,,,,,,,,,,,0.005457711639443238,0.6971712805047564,0.24488869310014424,0.057940026211872345,,,,,,,,,,,,,,False,False,temporal_v1,False,0.00022988358607116575,0.13987473903966596,3.9236290303982972,0.9060645588640425,73.53619115004595,1539.7346585763794,0.0038049598122963553,0.0013365318707007,0.000316219955446182,0.0,0.0,0.024361506368966158,0.023370268852042218,0.005337416981651436,0.01624641040362732,0.07631049830566096,33.482546874071,0.001379969400389305,1.2474442469952907,-0.0007383781334491799,1566.6666666666667,0.02514095271933124,True,0.0020422589732334018,0.024361506368966158,False,True,False,0.85,True,False,False,0,True,False,True,False,True,False,True,False,False,0,0,False,0,15,24,24,,,,False,False,False,
18,2026-08-18T21:56:38.385149,shadow,analysis_full,silero,webrtc,False,0.001371416263282299,True,True,False,1,False,True,False,0,0.0,,,,,,,,,,,,,0.0033573955334934035,0.73045462143048,0.21478864099042294,0.05475673728124706,,,,,,,,,,,,,,False,False,temporal_v1,False,0.0001796541126545464,0.1837160751565762,3.833436228850195,0.9073642452371103,71.34727216234297,1499.501392191473,0.0024524250834103084,0.0007211304239063642,0.0001838400251767306,0.0,0.0,0.023847468229617984,0.02331158393602483,0.004621015392235553,0.024228814395699155,0.07695740522354363,31.969107996934014,0.000986232303738065,2.012289358126487,-0.0012268327143960523,1466.6666666666667,0.004309547325595183,True,0.0018886038451455534,0.023847468229617984,False,True,False,0.85,True,False,False,0,True,False,True,False,True,False,True,False,False,0,0,False,0,15,24,24,,,,False,False,False,
19,2026-08-18T21:56:38.392677,shadow,analysis_full,silero,webrtc,False,0.0013296948745846748,True,True,False,1,False,True,False,0,0.0,,,,,,,,,,,,,0.005770111817191722,0.7402085894379945,0.21057558918347608,0.04921582120522248,,,,,,,,,,,,,,False,False,temporal_v1,False,0.00023473011949491139,0.16075156576200417,3.805215483731343,0.9126439915531821,73.75222110940786,1482.8287952072064,0.004271086329102987,0.0012150446955596847,0.00028398079152904915,0.0,0.0,0.023737782705436063,0.02333955023509762,0.004558144219778336,0.026259197636042748,0.07365296923336553,31.94544889287321,0.001396898119556426,1.989348951905062,-0.0012144687258866884,1433.3333333333335,0.00454024385581133,True,0.0017325750668533146,0.023737782705436063,False,True,False,0.85,True,False,False,0,True,False,True,False,True,False,True,False,False,0,0,False,0,15,24,24,,,,False,False,False,
20,2026-08-18T21:56:38.399337,shadow,analysis_full,silero,webrtc,False,0.001217700308188796,True,True,False,1,False,True,False,0,0.0,,,,,,,,,,,,,0.005947882443252292,0.7235970196743001,0.22220941351480528,0.05419356664276749,,,,,,,,,,,,,,False,False,temporal_v1,False,0.0002384494587601468,0.15866388308977036,3.900054548391738,0.906230143362547,73.86064548001693,1520.2754427556129,0.004303870009310453,0.001321675469370099,0.0003223369635717398,0.0,0.0,0.024411274754624505,0.023860307297585703,0.004616764688510554,0.024098948602536946,0.07763091617868732,32.38762349921668,0.0008343988061363842,1.5097690053858446,-0.0009036776907661709,1500.0,0.014673549058248277,True,0.0016007169033400714,0.024411274754624505,False,True,False,0.85,True,False,False,0,True,False,True,False,True,False,True,False,False,0,0,False,0,15,24,24,,,,False,False,False,
21,2026-08-18T21:56:38.408445,shadow,analysis_full,silero,webrtc,False,0.0010830092942342162,True,True,False,1,False,True,False,0,0.0,,,,,,,,,,,,,0.0027632933107992197,0.7563247453538223,0.2007937836620781,0.04288147062221263,,,,,,,,,,,,,,False,False,temporal_v1,False,0.00016230378244018912,0.12108559498956159,3.654229681939667,0.9180452339930789,70.48448317285495,1479.6281725590911,0.0020899471096281403,0.0005548521192434861,0.00011849408092759341,0.0,0.0,0.022735683062681113,0.02054469961819162,0.004882442988525674,0.024329341878357034,0.08878997568571857,32.931114111329684,0.001586092474700406,1.5710362060885268,-0.0009391325014101043,1366.6666666666667,0.009847992589443917,True,0.0015069685177877545,0.022735683062681113,False,True,False,0.85,True,False,False,0,True,False,True,False,True,False,True,False,False,0,0,False,0,15,24,24,,,,False,False,False,
22,2026-08-18T21:56:38.415474,shadow,analysis_full,silero,webrtc,False,0.0010649362811818719,True,True,False,1,False,True,False,0,0.0,,,,,,,,,,,,,0.007787700870084214,0.7307028560241213,0.2181523454006791,0.05114479844679186,,,,,,,,,,,,,,False,False,temporal_v1,False,0.0002703797376543524,0.17745302713987474,3.8709542232012675,0.9112439059551039,74.99338259741253,1488.9032277871518,0.0056904952676320696,0.0016989052100877806,0.0003983003913643627,0.0,0.0,0.01580872087415882,0.0124044431147184,0.004886443968030605,0.026571862341039365,0.07557499799176226,32.287235275753126,0.0009336159504728474,1.6132418703112972,-0.0009701958155050167,1466.6666666666667,0.01122564216375453,True,0.0014391923905350268,0.01580872087415882,False,True,False,0.85,True,False,False,0,True,False,True,False,True,False,True,False,False,0,0,False,0,15,24,24,,,,False,False,False,
23,2026-08-18T21:56:38.423759,shadow,analysis_full,silero,webrtc,False,0.0010403026826679707,True,True,False,1,False,True,False,0,0.0,,,,,,,,,,,,,0.0025256966270823305,0.7119708992506922,0.22671983398371764,0.06130926636965978,,,,,,,,,,,,,,False,False,temporal_v1,False,0.000155114830366285,0.17536534446764093,3.8655510082679605,0.8975022993272455,69.97652232062408,1569.3278203066611,0.001798222498818247,0.0005726255199853416,0.00015484860727874188,0.0,0.0,0.015146909816063033,0.011214016967916704,0.005617396153967986,0.028164379046413453,0.07606808152659195,38.022384893154296,0.0009994142668976044,1.3635162505573997,-0.0008080458172305637,1666.6666666666667,0.018650619953341822,True,0.001350555568933487,0.015146909816063033,False,True,False,0.85,True,False,False,0,True,False,True,False,True,False,True,False,False,0,0,False,0,15,24,24,,,,False,False,False,
24,2026-08-18T21:56:38.432369,shadow,analysis_full,silero,webrtc,False,0.0008765365346334875,True,True,False,1,False,True,False,0,0.0,,,,,,,,,,,,,0.0026961367970415578,0.7064674112113338,0.24751549404141068,0.046017094376354484,,,,,,,,,,,,,,False,False,temporal_v1,False,0.00016326543304083128,0.11899791231732777,3.871049126935495,0.9079222079435806,70.4897060155674,1491.0260895126487,0.0019047327832775666,0.0006673356313229678,0.00012406838144102345,0.0,0.0,0.016476591591947008,0.013637608878948763,0.005661938686390371,0.029138695813140863,0.07286970307889364,33.23815913745597,0.0011575561567425442,1.599446621622564,-0.0009589807275189632,1500.0,0.010113956643327687,True,0.0012736975913867354,0.016476591591947008,False,True,False,0.85,True,False,False,0,True,False,True,False,True,False,True,False,False,0,0,False,0,15,24,24,,,,False,False,False,
25,2026-08-18T21:56:38.440221,shadow,analysis_full,silero,webrtc,False,0.0008491994813084602,True,True,False,1,False,True,False,0,0.0,,,,,,,,,,,,,0.0013696665640530023,0.7172499441657088,0.2286893072461784,0.054060747858008074,,,,,,,,,,,,,,False,False,temporal_v1,False,0.00011562941934422844,0.13778705636743216,3.7547356671357983,0.9055586967475207,67.31024539801754,1527.381810628097,0.000982393266592654,0.0003132280976915345,7.404519876881362e-05,0.0,0.0,0.016639298921709015,0.013759479449245248,0.005566353581758166,0.027557411273486432,0.07626604383732075,29.606383029616786,0.001946043686516526,1.4083292087820385,-0.0008441508166392995,1433.3333333333335,0.014896937389463575,True,0.0011503548012115061,0.016639298921709015,False,True,False,0.85,True,False,False,0,True,False,True,False,True,False,True,False,False,0,0,False,0,15,24,24,,,,False,False,False,
26,2026-08-18T21:56:38.448321,shadow,analysis_full,silero,webrtc,False,0.0010185218416154385,True,True,False,1,False,True,False,0,0.0,,,,,,,,,,,,,0.0003053193010816842,0.6132830879707013,0.3191565183132365,0.06756039044080263,,,,,,,,,,,,,,False,False,temporal_v1,False,6.19457942322475e-05,0.18789144050104384,4.099215696218837,0.8583732188786889,60.6829086830582,1689.3903809879885,0.00018724716378443155,9.74446451070611e-05,2.0627491190191556e-05,0.0,0.0,0.03688202690372887,0.03168663570596897,0.006868417179596906,0.024145022621797012,0.10964987590761094,60.02855173139296,0.0032477362217986578,1.162698998542531,-0.000698710793427497,1966.6666666666667,0.03522713258627276,True,0.001073972787708044,0.03688202690372887,False,True,False,0.85,True,False,False,0,True,False,True,False,True,False,True,False,False,0,0,False,0,15,24,24,,,,False,False,False,
27,2026-08-18T21:56:38.455944,shadow,analysis_full,silero,webrtc,False,0.0009634431335143745,True,True,False,1,False,True,False,0,0.0,,,,,,,,,,,,,0.0003089094465594782,0.7133682148591313,0.2196034566738257,0.06702832522984849,,,,,,,,,,,,,,False,False,temporal_v1,False,6.314750760861107e-05,0.1127348643006263,3.7178808948321134,0.8976057769704244,61.10139302394505,1583.832074594215,0.00022036618044525718,6.783758226365985e-05,2.0705682850561207e-05,0.0,0.0,0.03651645654853282,0.03167375573794687,0.007870055100144456,0.027159941192604776,0.11456200380590625,62.24852928563134,0.004313463000896886,1.2540219656561984,-0.000752420214904083,1466.6666666666667,0.02008864856450019,True,0.0010526194819249213,0.03651645654853282,False,True,False,0.85,True,False,False,0,True,False,True,False,True,False,True,False,False,0,0,False,0,15,24,24,,,,False,False,False,
28,2026-08-18T21:56:38.464144,shadow,analysis_full,silero,webrtc,False,0.0008783800876699388,True,True,False,1,False,True,False,0,0.0,,,,,,,,,,,,,0.00015555194525059275,0.5566798740904071,0.279748445680623,0.1635716738002493,,,,,,,,,,,,,,False,False,temporal_v1,False,4.922618991280048e-05,0.20250521920668058,4.136982873709595,0.8025296908271978,57.395194017866935,1870.0240922660064,8.659263729661786e-05,4.3515414906450694e-05,2.54438920475242e-05,0.0,0.0,0.05909288188236475,0.03427422031799928,0.03356027837337519,0.029718512984174102,0.14555634428802933,117.18698928705874,0.005326069719017049,1.3186182055660167,-0.0007923898092021929,2566.666666666667,0.026132865942438133,True,0.0010294122621417046,0.05909288188236475,False,True,True,0.85,True,False,False,0,True,False,True,False,True,False,True,False,False,0,0,False,0,15,24,24,,,,False,False,False,
29,2026-08-18T21:56:38.472379,shadow,analysis_full,silero,webrtc,False,0.0008783432422205806,True,True,False,1,False,True,False,0,0.0,,,,,,,,,,,,,0.00032571166656266245,0.7504888895909247,0.16814333540846063,0.08136777193041442,,,,,,,,,,,,,,False,False,temporal_v1,False,6.378548539397683e-05,0.1732776617954071,3.5691622232288513,0.8906111907047098,61.18369891414642,1706.901222655899,0.0002444429869654221,5.4766245997294445e-05,2.6502432599945904e-05,0.0,0.0,0.05991952980437353,0.039543666576067574,0.03336676085289084,0.030181278277246263,0.17072243063883638,119.7217043770599,0.005718101640402162,1.0774638062147697,-0.0006459618662062941,1766.6666666666667,0.0327023417398524,True,0.0009909824875649065,0.05991952980437353,False,True,True,0.85,True,False,False,0,True,False,True,False,True,False,True,False,False,0,0,False,0,15,24,24,,,,False,False,False,
30,2026-08-18T21:56:38.480147,shadow,analysis_full,silero,webrtc,False,0.000998695963062346,True,True,False,1,False,True,False,0,0.0,,,,,,,,,,,,,0.0007423630924202261,0.7587877465341916,0.1815883467275558,0.05962390539120292,,,,,,,,,,,,,,False,False,temporal_v1,False,8.913417935747854e-05,0.1524008350730689,3.6917615935939176,0.9057994955904347,64.80438986107173,1534.396780373377,0.0005632960180076971,0.00013480448662414458,4.426258678838439e-05,0.0,0.0,0.06230462971570459,0.04243191756093583,0.03316636617928815,0.030196437313464077,0.1752568515638545,118.94021493091842,0.004883644218358073,1.6401617372666712,-0.0009942377141714297,1466.6666666666667,0.008263224059176226,True,0.0009810695482883602,0.06230462971570459,False,True,True,0.85,True,False,False,0,True,False,True,False,True,False,True,False,False,0,0,False,0,15,24,24,,,,False,False,False,
31,2026-08-18T21:56:38.487471,shadow,analysis_full,silero,webrtc,False,0.0008927631424739957,True,True,False,1,False,True,False,0,0.0,,,,,,,,,,,,,0.00024120521454456157,0.6263065736563374,0.2871516917406155,0.08654173045719978,,,,,,,,,,,,,,False,False,temporal_v1,False,5.724105436798734e-05,0.14822546972860126,3.925203764041383,0.8763066405994699,59.81688898652553,1674.1707833169803,0.0001510684114694461,6.926248541312897e-05,2.087431666198649e-05,0.0,0.0,0.06307528166944117,0.04454550618366115,0.03224147276218871,0.028086897801824027,0.16783521558272463,114.45432415525859,0.0040328791166580205,1.0588231668058703,-0.0006275706571466959,1900.0000000000002,0.034504888433798876,True,0.0009281031379941851,0.06307528166944117,False,True,True,0.85,True,False,False,0,True,False,True,False,True,False,True,False,False,0,0,False,0,15,24,24,,,,False,False,False,
32,2026-08-18T21:56:38.495147,shadow,analysis_full,silero,webrtc,False,0.0008927631424739957,True,True,False,1,False,True,False,0,0.0,,,,,,,,,,,,,0.0003412418540210032,0.6559105097295346,0.22617797559405142,0.11791151174594122,,,,,,,,,,,,,,False,False,temporal_v1,False,6.6338582793233e-05,0.16910229645093947,3.822732641266683,0.868819955888014,61.52268183903104,1651.6571308278067,0.00022382411841196764,7.718139173043133e-05,4.023634287860428e-05,0.0,0.0,0.0620573006685243,0.0442584218724476,0.03373262465700455,0.027636377024422395,0.16786380661930972,106.89673460887516,0.003313796786260072,1.598830653109455,-0.0009687922500134268,1966.6666666666667,0.010493413708412929,True,0.0008927631424739957,0.0620573006685243,False,True,True,0.85,True,False,False,0,True,False,True,False,True,False,True,False,False,0,0,False,0,15,24,24,,,,False,False,False,
33,2026-08-18T21:56:38.503807,shadow,analysis_full,silero,webrtc,False,0.0008397254860028625,True,True,False,1,False,True,False,0,0.0,,,,,,,,,,,,,0.00021721024835297107,0.6146773063037482,0.278802930466557,0.10651975862586047,,,,,,,,,,,,,,False,False,temporal_v1,False,5.517661172968561e-05,0.18789144050104384,3.9355308592410587,0.8444261967681476,59.188854840551755,1756.0966042965251,0.0001335142103591724,6.055885376817697e-05,2.3137183225621686e-05,0.0,0.0,0.06404214994873628,0.04561538627662621,0.03388703726203615,0.02866746370567327,0.1700019148972398,110.93726490199033,0.0047784142427789245,1.576124271319336,-0.0009540104307402148,2266.666666666667,0.012888229990406746,True,0.0008855716150719672,0.06404214994873628,False,True,True,0.85,True,False,False,0,True,False,True,False,True,False,True,False,False,0,0,False,0,15,24,24,,,,False,False,False,
34,2026-08-18T21:56:38.511329,shadow,analysis_full,silero,webrtc,False,0.000740146148018539,True,True,False,1,False,True,False,0,0.0,,,,,,,,,,,,,0.0002455629779261034,0.533712943758154,0.36947570803594104,0.09681134413362968,,,,,,,,,,,,,,False,False,temporal_v1,False,5.982943857235437e-05,0.16910229645093947,3.7742203899872897,0.858124221733191,60.268635499567445,1768.3897936393373,0.00013106013982695924,9.072955513666121e-05,2.3773281962482904e-05,0.0,0.0,0.0746529277798227,0.05927519008909335,0.03137369431824569,0.025418340301001124,0.17141707516976024,102.45001707107956,0.00441381242332481,1.6051486376658635,-0.0009764485554343276,1800.0000000000002,0.010950489991740683,True,0.0008855716150719672,0.0746529277798227,False,True,True,0.85,True,False,False,0,True,False,True,False,True,False,True,False,False,0,0,False,0,15,24,24,,,,False,False,False,
35,2026-08-18T21:56:38.519960,shadow,analysis_full,silero,webrtc,False,0.0007657576934434474,True,True,False,1,False,True,False,0,0.0,,,,,,,,,,,,,0.000336991684562442,0.6864950420170461,0.252431058297251,0.06107389671827061,,,,,,,,,,,,,,False,False,temporal_v1,False,6.323865110550471e-05,0.1440501043841336,3.5783666847432003,0.8877044192163068,61.06947296682412,1657.4371880324504,0.0002313431206530888,8.506716757147062e-05,2.0581395337882614e-05,0.0,0.0,0.07259080034180761,0.05861136525448244,0.030629821231656414,0.02483289543756158,0.18785019574579934,90.2593758596005,0.009621481258503733,1.1927721492596144,-0.0007171941675727124,1433.3333333333335,0.023402453598776258,True,0.0008855716150719672,0.07259080034180761,False,True,True,0.85,True,False,False,0,True,False,True,False,True,False,True,False,False,0,0,False,0,15,24,24,,,,False,False,False,
36,2026-08-18T21:56:38.530003,shadow,analysis_full,silero,webrtc,False,0.0006966026849113405,True,True,False,1,False,True,False,0,0.0,,,,,,,,,,,,,0.0006095292484564419,0.7335956707249024,0.19204404959815952,0.07436027803632776,,,,,,,,,,,,,,False,False,temporal_v1,False,8.060148527790038e-05,0.15866388308977036,3.7142418672603754,0.882026788199491,63.673236335273444,1674.9326859904463,0.00044714801784784914,0.00011705646522209782,4.532476438649492e-05,0.0,0.0,0.07526830949940636,0.05779721515336521,0.03017848012439978,0.02362404591216334,0.16589485305604926,90.36095553849233,0.005986531765272976,1.2069739460679023,-0.000720650161236032,1800.0000000000002,0.022597200729675193,True,0.0008783616649452597,0.07526830949940636,False,True,True,0.85,True,False,False,0,True,False,True,False,True,False,True,False,False,0,0,False,0,15,24,24,,,,False,False,False,
37,2026-08-18T21:56:38.538582,shadow,analysis_full,silero,webrtc,False,0.0006654257886111736,True,True,False,1,False,True,False,0,0.0,,,,,,,,,,,,,0.0004891501652517127,0.7565777020703885,0.1934980361820934,0.0499242597031562,,,,,,,,,,,,,,False,False,temporal_v1,False,7.305360246208732e-05,0.12317327766179541,3.2832098959738203,0.9068680696935333,62.76432017276191,1607.3084017677384,0.00037008010799349165,9.464959637435288e-05,2.4420459883868278e-05,0.0,0.0,0.07917456071253297,0.059473924280629135,0.031948680335553016,0.021574965649709916,0.22472287395336735,87.90121495113569,0.006806539972415614,1.104824393474936,-0.0006592239142765771,1566.6666666666667,0.02548210168671787,True,0.0008590343641117215,0.07917456071253297,False,True,True,0.85,True,False,False,0,True,False,True,False,True,False,True,False,False,0,0,False,0,15,24,24,,,,False,False,False,
38,2026-08-18T21:56:38.546980,shadow,analysis_full,silero,webrtc,False,0.0007649416220374405,True,True,False,1,False,True,False,0,0.0,,,,,,,,,,,,,0.0005011965417333379,0.7286719301479196,0.2116784929615639,0.05964957489529115,,,,,,,,,,,,,,False,False,temporal_v1,False,7.462988736117214e-05,0.162839248434238,3.509014332211695,0.9069223538051826,62.9904617048146,1547.6450227674893,0.00036520785144829364,0.00010609252863166053,2.9896160653383652e-05,0.0,0.0,0.07158889308881045,0.058758776126113806,0.021419341400439832,0.017099892592672424,0.19112129073944312,74.03677496193248,0.006581272004651388,1.2699887962060368,-0.0007696772104819088,1400.0,0.01753173478666683,True,0.0008027415897231549,0.07158889308881045,False,True,True,0.85,True,False,False,0,True,False,True,False,True,False,True,False,False,0,0,False,0,15,24,24,,,,False,False,False,
39,2026-08-18T21:56:38.553121,shadow,analysis_full,silero,webrtc,False,0.0006150980480015278,True,True,False,1,False,True,False,0,0.0,,,,,,,,,,,,,0.0006135370190928011,0.7030158512554303,0.23624804350891357,0.06073610360576265,,,,,,,,,,,,,,False,False,temporal_v1,False,8.21858920651762e-05,0.10438413361169102,3.3157733279394193,0.911231182422042,64.01228088674941,1544.8772664686014,0.00043132624975424473,0.0001449469203809652,3.726384795759114e-05,0.0,0.0,0.06856731012420365,0.05426245508778202,0.022110841302897588,0.022827452079894194,0.21895284593109213,79.09500381014665,0.005458953539545881,1.110261221539468,-0.0006685129973078404,1366.6666666666667,0.022176362062029473,True,0.0007653496577404439,0.06856731012420365,False,True,True,0.85,True,False,False,0,True,False,True,False,True,False,True,False,False,0,0,False,0,15,24,24,,,,False,False,False,
40,2026-08-18T21:56:38.560821,shadow,analysis_full,silero,webrtc,False,0.000476786692161113,True,True,False,1,False,True,False,0,0.0,,,,,,,,,,,,,0.00035662976862990713,0.6315522857706694,0.31403104702584134,0.054416664399460794,,,,,,,,,,,,,,False,False,temporal_v1,False,6.562001002926038e-05,0.1315240083507307,3.6597650741918097,0.8961193693607065,61.5341393215951,1582.6305657622956,0.0002252303455520828,0.00011199281964343328,1.9406602434391008e-05,0.0,0.0,0.06440366639982789,0.05384049473749531,0.022577738818202804,0.02363419072749045,0.2186258802378785,73.69098710814146,0.0066357665434293904,1.5872000903834358,-0.0009502901590465539,1366.6666666666667,0.007582759299019673,True,0.0007525438850279897,0.06440366639982789,False,True,True,0.85,True,False,False,0,True,False,True,False,True,False,True,False,False,0,0,False,0,15,24,24,,,,False,False,False,
41,2026-08-18T21:56:38.569964,shadow,analysis_full,silero,webrtc,False,0.000538680877070874,True,True,False,1,False,True,False,0,0.0,,,,,,,,,,,,,0.0004381282783328075,0.7521502175285832,0.19082119278973747,0.05702858739924284,,,,,,,,,,,,,,False,False,temporal_v1,False,7.08186623993306e-05,0.1524008350730689,3.251026960895431,0.909384829487615,62.441973623031274,1605.7425776914115,0.0003295382798534448,8.360416066638042e-05,2.4985836812982306e-05,0.0,0.0,0.06743610484445063,0.05600672496700449,0.023035025203988223,0.023637878671763115,0.22768369789639628,73.98165960560297,0.005279360190495162,1.1177289457156425,-0.0006672708089303512,1600.0,0.021877030633466583,True,0.0007183744164649397,0.06743610484445063,False,True,True,0.85,True,False,False,0,True,False,True,False,True,False,True,False,False,0,0,False,0,15,24,24,,,,False,False,False,
42,2026-08-18T21:56:38.577560,shadow,analysis_full,silero,webrtc,False,0.0005102282739244401,True,True,False,1,False,True,False,0,0.0,,,,,,,,,,,,,0.00032390392743588287,0.6546258346954741,0.2942115180686019,0.05116264414858893,,,,,,,,,,,,,,False,False,temporal_v1,False,6.426680587191329e-05,0.16075156576200417,3.778640020901997,0.8810094790854581,61.22236608849589,1691.7124626024925,0.0002120358788588571,9.529626619929337e-05,1.6571781377732446e-05,0.0,0.0,0.06748238782674017,0.05724093197876664,0.01852828639050937,0.02310075355928694,0.22341216271702968,75.58902376613793,0.007840665633431575,1.0529004831236344,-0.0006349511850104409,1800.0000000000002,0.0369754429018206,True,0.000681014236761257,0.06748238782674017,False,True,True,0.85,True,False,False,0,True,False,True,False,True,False,True,False,False,0,0,False,0,15,24,24,,,,False,False,False,
43,2026-08-18T21:56:38.587236,shadow,analysis_full,silero,webrtc,False,0.0005215296405367553,True,True,False,1,False,True,False,0,0.0,,,,,,,,,,,,,0.0007672647387468067,0.7326306557358568,0.2153235744299083,0.05204576853090386,,,,,,,,,,,,,,False,False,temporal_v1,False,9.046048368431897e-05,0.14613778705636743,3.7724014420978014,0.9062693515141428,64.95282192157298,1536.2204758199582,0.0005621216686710739,0.00016521018608099217,3.9932882994740724e-05,0.0,0.0,0.06539613761803027,0.05758225671852269,0.013477341297992936,0.019229359398195332,0.20176175958249914,71.56207381262989,0.004342338345939599,1.2599783871439743,-0.0007580865199224515,1433.3333333333335,0.022332471432223014,True,0.0006402619183063507,0.06539613761803027,False,True,True,0.85,True,False,False,0,True,False,True,False,True,False,True,False,False,0,0,False,0,15,24,24,,,,False,False,False,
44,2026-08-18T21:56:38.597304,shadow,analysis_full,silero,webrtc,False,0.0007290762732736766,True,True,False,1,False,True,False,0,0.0,,,,,,,,,,,,,0.0021646846460576254,0.5066033347424362,0.4209135715934773,0.07248309320212536,,,,,,,,,,,,,,False,False,temporal_v1,False,0.00014379718598080867,0.18997912317327767,3.7696081963667156,0.8291635757293345,68.94350738132667,1804.1968929491998,0.0010966364603585434,0.0009111451457456774,0.00015690303895340461,0.0,0.0,0.07209187573125302,0.06938346334592362,0.008010536997180046,0.022546972860125265,0.20128462091356783,79.2912676519063,0.006636049201806381,1.0361220061395942,-0.0006177300186201369,2066.666666666667,0.03725127936567719,True,0.0006402619183063507,0.07209187573125302,False,True,True,0.85,True,False,False,0,True,False,True,False,True,False,True,False,False,0,0,False,0,15,24,24,,,,False,False,False,
45,2026-08-18T21:56:38.605345,shadow,analysis_full,silero,webrtc,False,0.0017121514538303018,True,True,False,1,False,True,False,0,0.0,,,,,,,,,,,,,0.00722781520025332,0.4102792270200379,0.4106394963775467,0.17908127646406086,,,,,,,,,,,,,,False,False,temporal_v1,False,0.00025983324203327743,0.23173277661795408,4.058856545777259,0.7662227353020208,73.88921119669685,1799.9105104950145,0.0029654224334036126,0.0029680263937420003,0.0012943663721077063,0.0,0.0,0.11036140117324061,0.08412251443706224,0.0368732043263442,0.03378951650302329,0.2505012424763712,95.02929314177655,0.006831549427465577,1.4479526976049117,-0.0008746062456401054,2600.0,0.015996499122848482,True,0.0006402619183063507,0.11036140117324061,False,True,True,0.85,True,False,False,0,True,False,True,False,True,False,True,False,False,0,0,False,0,15,24,24,,,,False,False,False,
46,2026-08-18T21:56:38.616157,shadow,analysis_full,silero,webrtc,False,0.03801378607749939,True,True,True,1,False,True,False,0,0.0,,,,,,,,,,,,,1.2975158253943955,0.9191193611794461,0.07458042227885948,0.0063002165409236,,,,,,,,,,,,,,False,False,temporal_v1,False,0.0034730344899176644,0.1127348643006263,2.2715574897762494,0.9404173328847448,97.36407318362707,1237.5883374606035,1.1925719165567186,0.09676927817141692,0.008174630665259908,0.0,0.0,0.13406005699086349,0.1005057943358956,0.04161727545404866,0.036174185582113536,0.46942033063006444,152.1419195444167,0.027725087012875117,1.136382188726848,-0.0006819821344876059,900.0000000000001,0.0038190616344483713,True,0.0006402619183063507,0.13406005699086349,False,True,True,0.85,False,False,False,0,True,True,True,True,True,True,True,False,False,1,0,False,0,15,24,24,,,,False,False,False,
47,2026-08-18T21:56:38.626949,shadow,analysis_full,silero,webrtc,False,0.06351567804813385,True,True,True,1,False,True,False,0,0.0,,,,,,,,,,,,,2.885980188184137,0.816447574253593,0.158267945504536,0.025284480241524507,,,,,,,,,,,,,,False,False,temporal_v1,False,0.005030560834189421,0.09394572025052192,2.6599152367218433,0.9186497502896761,100.48073238802247,1562.3867373651615,2.3562515239868667,0.45675815515069756,0.07297050904557299,0.0,0.0,0.13862665821274803,0.10322247686757206,0.04309752485277693,0.03938810487777935,0.5274745082415778,152.39827403552664,0.0356627711469442,0.8461840200636368,-0.0005047750851505211,1266.6666666666667,0.018538760745131087,True,0.0006720871606376022,0.13862665821274803,False,True,True,0.85,True,False,False,0,True,True,True,True,True,True,True,True,False,2,0,False,0,15,24,24,,,,False,False,False,
48,2026-08-18T21:56:38.634587,shadow,analysis_full,silero,webrtc,False,0.06351567804813385,True,True,True,1,False,True,False,0,0.0,,,,,,,,,,,,,1.4312758880055243,0.8738445935859476,0.11094235745760302,0.015213048955750819,,,,,,,,,,,,,,False,False,temporal_v1,False,0.0035724336436062307,0.05845511482254697,2.5109052980750803,0.9489466042247542,97.64767200563116,1201.622645135525,1.2507126966635536,0.15878912118755706,0.021774070153413767,0.0,0.0,0.14955703547798552,0.11132867993581132,0.04532537934993363,0.04728313208147663,0.5891155052813548,192.40990227717597,0.009211386871775229,1.4967848889594513,-0.0008997896622382429,700.0,0.0022196377113862346,True,0.0006720871606376022,0.14955703547798552,False,True,True,0.85,False,False,False,0,True,True,True,True,True,True,True,True,False,3,0,False,0,15,24,24,,,,False,False,False,
49,2026-08-18T21:56:38.644444,shadow,analysis_full,silero,webrtc,False,0.16113486886024475,True,True,True,1,False,True,False,0,0.0,,,,,,,,,,,,,1.0643316481916654,0.9441223573962972,0.045718737818030084,0.010158904784732907,,,,,,,,,,,,,,False,False,temporal_v1,False,0.0030620738633038514,0.07724425887265135,1.783803211508697,0.9736251497281947,96.41975036705036,1043.4942198180795,1.0048593047422016,0.04865989957510658,0.01081244387335697,0.0,0.0,0.16656334995087146,0.12610777073401955,0.04744067506932957,0.04985541833403297,0.7449379914509482,246.6386873759912,0.010888542859585904,1.3938951991368473,-0.0008409982887058228,633.3333333333334,0.001508280458820333,True,0.0012206138635519892,0.16656334995087146,False,True,True,0.85,False,False,False,0,True,True,True,True,True,True,True,True,False,4,0,False,0,15,24,24,,,,False,False,False,
50,2026-08-18T21:56:38.655526,shadow,analysis_full,silero,webrtc,False,0.16940803825855255,True,True,True,1,False,True,False,0,0.0,,,,,,,,,,,,,4.09709317087543,0.8642345568279325,0.12210933895344304,0.013656104218380285,,,,,,,,,,,,,,False,True,temporal_v1,False,0.0060196622658450945,0.09603340292275574,2.6842077708629093,0.9403085608506907,102.14124003172778,1267.2786829395295,3.5408495008142764,0.5002933387262647,0.05595033133388902,0.0,0.0,0.16824819000965174,0.12547898930587612,0.04881631760558066,0.051255054387264645,0.7358309731463487,254.91657320577605,0.031639184773181436,1.2124589919722646,-0.0007181711994520834,866.6666666666667,0.004016824520506477,True,0.019862968765664846,0.16824819000965174,True,True,True,0.85,False,False,False,0,True,True,True,True,True,True,True,True,False,5,0,False,0,15,24,24,,,,False,False,False,
51,2026-08-18T21:56:38.664201,shadow,analysis_full,silero,webrtc,False,0.4234994649887085,True,True,True,1,False,True,False,0,0.0,,,,,,,,,,,,,7.482640241353874,0.8689621397963985,0.1199993071137038,0.011038553089764092,,,,,,,,,,,,,,False,False,temporal_v1,False,0.008133204481388122,0.1022964509394572,2.5607827760592734,0.9395058588354089,104.75128712259534,1384.1202725779212,6.5021310754535016,0.8979116443435822,0.08259752155578994,0.0,0.0,0.17218114671753942,0.12801585963892284,0.0499256032722418,0.05145873114596972,0.7464180744411968,252.20730704144236,0.025192878697939815,0.89380966854376,-0.0005344118216407778,866.6666666666667,0.009735270286475906,True,0.05076473206281662,0.17218114671753942,True,True,True,0.85,False,False,False,0,True,True,True,True,True,True,True,True,False,6,0,False,0,15,24,24,,,,False,False,False,
52,2026-08-18T21:56:38.675106,shadow,analysis_full,silero,webrtc,False,0.40078145265579224,True,True,True,1,False,True,False,0,0.0,,,,,,,,,,,,,10.2963955018678,0.923895365026949,0.0643583866760053,0.011746248296948598,,,,,,,,,,,,,,False,False,temporal_v1,False,0.009487449136476912,0.09394572025052192,2.0399512183341244,0.9442318368611726,106.11084684916156,1644.0601922949515,9.512792080659986,0.6626594030782894,0.12094401812852384,0.0,0.0,0.17477486850899268,0.12917642363760076,0.05072583614596975,0.0509685395608411,0.7438134189659773,248.06542335958758,0.014699764551522717,0.6042099934354833,-0.0003627294879068565,766.6666666666667,0.01951964650757275,True,0.06351567804813385,0.17477486850899268,True,True,True,0.85,False,False,False,0,True,True,True,True,True,True,True,True,False,7,0,False,0,15,24,24,,,,False,False,False,
53,2026-08-18T21:56:38.683184,shadow,analysis_full,silero,webrtc,False,0.3446860611438751,True,True,True,1,False,True,False,0,0.0,,,,,,,,,,,,,6.289028954118927,0.8656139690976092,0.11430492147145263,0.020081109430779107,,,,,,,,,,,,,,False,False,temporal_v1,False,0.007431309621449753,0.10855949895615867,2.4546025012692603,0.9413045753312508,103.97513348267118,1329.302126154831,5.443871314744671,0.7188669607322559,0.12629067864100044,0.0,0.0,0.17526565159459942,0.12952162601122513,0.05085416663340701,0.050302323005748655,0.6754387708043973,248.48052843203075,0.0048653617578183,1.042122959147104,-0.0006307131393436181,833.3333333333334,0.007728669382531714,True,0.1123252734541893,0.17526565159459942,True,True,True,0.85,False,False,False,0,True,True,True,True,True,True,True,True,False,8,0,False,0,15,24,24,,,,False,False,False,
54,2026-08-18T21:56:38.692414,shadow,analysis_full,silero,webrtc,False,0.20827443897724152,True,True,True,1,False,True,False,0,0.0,,,,,,,,,,,,,7.495299566026225,0.8658858248526692,0.12013045098584729,0.013983724161350087,,,,,,,,,,,,,,False,False,temporal_v1,False,0.008094759204568591,0.09394572025052192,2.2869017740663713,0.9462664935219561,104.74132650585348,1403.992002097486,6.490073647246471,0.9004137171407559,0.10481220163799775,0.0,0.0,0.14595397522180606,0.0973353882114712,0.04973122581428834,0.04414646773169923,0.5751426656876802,214.4710279323323,0.01572157812988842,0.7843467980477622,-0.0004670881927543984,833.3333333333334,0.010068604072110928,True,0.16527145355939865,0.14595397522180606,True,True,True,0.85,False,False,False,0,True,True,True,True,True,True,True,True,False,9,0,False,0,15,24,24,,,,False,False,False,
55,2026-08-18T21:56:38.701803,shadow,analysis_full,silero,webrtc,False,0.1565045416355133,True,True,True,1,False,True,False,0,0.0,,,,,,,,,,,,,7.2689242505168545,0.8622747039423095,0.1284671515669097,0.009258144490643142,,,,,,,,,,,,,,True,False,temporal_v1,False,0.007967226970581975,0.09603340292275574,1.6273929922146653,0.9498722994033714,104.61979522028729,1306.899318171497,6.267809506093495,0.9338179934195342,0.06729675100282495,0.0,0.0,0.03568529832261334,0.03215616492357542,0.005246039931290891,0.014763621885793025,0.346348225027829,164.9131793472314,0.010481281817390734,0.9694064216194657,-0.0005845488367070367,733.3333333333334,0.004949499103168428,True,0.16527145355939865,0.03568529832261334,True,True,False,0.85,False,False,False,0,True,True,True,True,True,True,True,True,True,0,0,False,0,15,24,15,,,,False,False,False,
56,2026-08-18T21:56:38.711769,shadow,analysis_full,silero,webrtc,False,0.10399916023015976,True,True,True,1,False,True,False,0,0.0,,,,,,,,,,,,,6.336899957128317,0.801982848601191,0.19105573810491466,0.006961413293736519,,,,,,,,,,,,,,True,False,temporal_v1,False,0.007451879063943655,0.0918580375782881,2.2277324475965274,0.9520456724140839,104.04869525675733,1097.4796334910384,5.082085078918532,1.2107010986061526,0.044113779602631444,0.0,0.0,0.04002717948822412,0.03906013508756993,0.005156106509988628,0.01327116081445747,0.3468055457679847,178.26635414519325,0.012158267982259307,1.3106947982569743,-0.0007959124736759143,1133.3333333333335,0.0014091860424664785,True,0.16527145355939865,0.04002717948822412,True,True,False,0.85,True,False,False,0,True,True,True,True,True,True,True,True,True,0,0,False,0,15,24,15,,,,False,False,False,
57,2026-08-18T21:56:38.721019,shadow,analysis_full,silero,webrtc,False,0.06172985956072807,True,True,True,1,False,True,False,0,0.0,,,,,,,,,,,,,5.8816858433251165,0.7741480532449189,0.21886708290797116,0.006984863846940022,,,,,,,,,,,,,,True,True,temporal_v1,False,0.007173799026297896,0.08977035490605428,2.2334365354966215,0.9499537601239049,103.70830289765533,1064.5678784957,4.553295645408338,1.2873074231096786,0.041082774806100536,0.0,0.0,0.04696255265632259,0.04847543874460639,0.0038033764543157953,0.013244861733245848,0.3233376447744719,174.22590603345694,0.005057710595953537,1.2762443936467913,-0.0007864331891345933,1133.3333333333335,0.001727484876868396,True,0.16527145355939865,0.04696255265632259,True,True,False,0.85,True,False,False,0,True,True,True,True,True,True,True,True,True,0,0,False,0,15,24,15,,,,False,False,False,
58,2026-08-18T21:56:38.730467,shadow,analysis_full,silero,webrtc,False,0.03541116043925285,True,True,True,1,False,True,False,0,0.0,,,,,,,,,,,,,4.867991067581669,0.8590631780527811,0.13281422504711132,0.008122596899902227,,,,,,,,,,,,,,True,False,temporal_v1,False,0.006519192717929057,0.10020876826722339,2.247459602333884,0.9539129545203618,102.89550013197794,1160.7800356440937,4.181911877249259,0.6465384611771195,0.0395407291542906,0.0,0.0,0.046877603279133984,0.048348457380102114,0.0037820391348740478,0.00788082926437448,0.3107587299381371,176.34714082714805,0.0037537402790251604,1.0233902977535485,-0.000624840144833933,900.0000000000001,0.0036090224054114296,True,0.16527145355939865,0.046877603279133984,True,True,False,0.85,False,False,False,0,True,True,True,True,True,True,True,True,True,0,0,False,0,15,24,15,,,,False,False,False,
59,2026-08-18T21:56:38.738571,shadow,analysis_full,silero,webrtc,False,0.020786603912711143,True,True,True,1,False,True,False,0,0.0,,,,,,,,,,,,,3.439833574212444,0.8061593051636734,0.18758880058601074,0.006251894250025099,,,,,,,,,,,,,,True,False,temporal_v1,False,0.005474804496511732,0.10647181628392484,2.427245384675067,0.9538505457813697,101.3790477415601,1014.7528736070514,2.773053844065779,0.6452742544020027,0.021505475743662062,0.0,0.0,0.04089840289578727,0.04332761815666442,0.004060850691434851,0.0059379802310346105,0.27998311258008535,180.21046321439903,0.007598604342387581,1.6161234699338314,-0.0009871248247068868,1133.3333333333335,0.0005986148596399837,True,0.16295628994703293,0.04089840289578727,True,True,False,0.85,True,False,False,0,True,True,True,True,True,True,True,True,True,0,0,False,0,15,24,15,,,,False,False,False,
60,2026-08-18T21:56:38.748808,shadow,analysis_full,silero,webrtc,False,0.026530714705586433,True,True,True,1,False,True,False,0,0.0,,,,,,,,,,,,,3.350954224799213,0.9636112732220223,0.032867272254513705,0.003521454523165513,,,,,,,,,,,,,,True,False,temporal_v1,False,0.00540191095700378,0.08559498956158663,2.2447706286162843,0.9661659837331479,101.31832494840367,955.2805991171131,3.2290172670674844,0.11013672481888864,0.011800232911839773,0.0,0.0,0.05347779958529615,0.053970658083956305,0.004467946368505937,0.006999187730371697,0.24526475938525075,203.0749802998339,0.006975295667762453,1.3591570487993347,-0.0008256916459374492,733.3333333333334,0.001017486889688261,True,0.13025185093283653,0.05347779958529615,True,True,True,0.85,False,False,False,0,True,True,True,True,True,True,True,True,True,0,0,False,0,15,24,15,,,,False,False,False,
61,2026-08-18T21:56:38.757962,shadow,analysis_full,silero,webrtc,False,0.0303321685642004,True,True,True,1,False,True,False,0,0.0,,,,,,,,,,,,,2.748376649346834,0.9844122888520344,0.013472611723818098,0.002115099423783663,,,,,,,,,,,,,,True,False,temporal_v1,False,0.004899641748943122,0.08350730688935282,2.1813889956256767,0.9677007775479243,100.47738503996909,872.9125534713826,2.705535748011002,0.03702781146745806,0.005813089867373964,0.0,0.0,0.06546602768523302,0.06457155403158862,0.0049909628092580805,0.007769433847986805,0.21998061561803772,222.77349102329572,0.003000876985068434,1.781239954998193,-0.0010867645005034948,900.0000000000001,0.00026758357968411354,True,0.08286450989544392,0.06546602768523302,True,True,True,0.85,False,False,False,0,True,True,True,True,True,True,True,True,True,0,0,False,0,15,24,15,,,,False,False,False,
62,2026-08-18T21:56:38.767157,shadow,analysis_full,silero,webrtc,False,0.022258643060922623,True,True,True,1,False,True,False,0,0.0,,,,,,,,,,,,,2.2675583045033982,0.9407192848911666,0.05757946163769409,0.0017012534706983273,,,,,,,,,,,,,,True,False,temporal_v1,False,0.004446241318331411,0.08977035490605428,2.2004967727164804,0.9582392745439305,99.59138043000516,1297.7211318658071,2.133135826661463,0.13056478640538807,0.003857691435547221,0.0,0.0,0.06700932716530623,0.06518889374399418,0.005317716275789035,0.007924949017161715,0.213695299377069,169.19127841643143,0.008600960260758184,0.6427225572593335,-0.00039642484471209605,933.3333333333334,0.009201003263261592,True,0.04857050999999046,0.06700932716530623,True,True,True,0.85,False,False,False,0,True,True,True,True,True,True,True,True,True,0,0,False,0,15,24,15,,,,False,False,False,
63,2026-08-18T21:56:38.777100,shadow,analysis_full,silero,webrtc,False,0.031472545117139816,True,True,True,1,False,True,False,0,0.0,,,,,,,,,,,,,0.8122189604741528,0.9702394005641871,0.02821512866210429,0.001545470772477297,,,,,,,,,,,,,,True,False,temporal_v1,False,0.002689509454133413,0.081419624217119,1.7988581735431006,0.9694964594446297,95.27525705216298,1042.1067583986812,0.7880468373373092,0.02291686247157882,0.001255260664264696,0.0,0.0,0.07303222183080305,0.07077972281475789,0.0037464157021984005,0.007291962086251765,0.22956168318889075,160.53420575567745,0.008705597898729872,0.8612047583157167,-0.0005293780061505317,900.0000000000001,0.0031275005202709115,True,0.033441852778196335,0.07303222183080305,True,True,True,0.85,False,False,False,0,True,True,True,True,True,True,True,True,True,0,0,False,0,15,24,15,,,,False,False,False,
64,2026-08-18T21:56:38.784712,shadow,analysis_full,silero,webrtc,False,0.031472545117139816,True,True,True,1,False,True,False,0,0.0,,,,,,,,,,,,,0.3157571085187332,0.974609716589672,0.02130229303350818,0.004087990373652947,,,,,,,,,,,,,,False,False,temporal_v1,False,0.0017464027671666275,0.07515657620041753,2.470659824449593,0.9693241157372142,91.52261434517115,1137.6093518334335,0.30773994604461685,0.006726350453079296,0.00129081202003707,0.0,0.0,0.07764477549196068,0.0755673310117879,0.0026713706637768037,0.008780685112656823,0.2466948047029677,130.82570499643757,0.017868635374692573,0.7011997106106468,-0.0004404311913407784,733.3333333333334,0.007837709847568005,True,0.031472545117139816,0.07764477549196068,True,True,True,0.85,False,False,False,0,True,True,True,True,True,True,True,False,True,0,0,False,0,15,24,15,,,,False,False,False,
65,2026-08-18T21:56:38.793892,shadow,analysis_full,silero,webrtc,False,0.025775492191314697,True,True,True,1,False,True,False,0,0.0,,,,,,,,,,,,,0.12150872951241568,0.9327977697585197,0.06539318930319721,0.0018090409300532588,,,,,,,,,,,,,,False,False,temporal_v1,False,0.0011328598194623913,0.07306889352818371,2.522173512480966,0.9697049811925899,87.76347096112909,1084.5407770786517,0.11334307189537256,0.007945843350996384,0.0002198142650467303,0.0,0.0,0.07767093660716727,0.07566234946986229,0.002422465576501626,0.00983650855063862,0.19114970138977516,110.1917832473917,0.012853550094114884,0.730367549420531,-0.00045269304050954027,933.3333333333334,0.006768302795480675,True,0.03090235684067011,0.07767093660716727,True,True,True,0.85,False,False,False,0,True,True,True,True,True,True,True,False,True,0,0,False,0,15,24,15,,,,False,False,False,
66,2026-08-18T21:56:38.803183,shadow,analysis_full,silero,webrtc,False,0.02267277054488659,True,True,True,1,False,True,False,0,0.0,,,,,,,,,,,,,0.04542351340316898,0.8791529896446904,0.11839337261026947,0.0024536377230251235,,,,,,,,,,,,,,False,False,temporal_v1,False,0.0007301885608706261,0.06889352818371608,2.6430863302132965,0.9678188638524067,83.93554856947634,1099.964789896281,0.039934217608561674,0.005377842947608955,0.00011145284599835273,0.0,0.0,0.07102108787096274,0.06930238533403373,0.002303659062556895,0.011182264501747039,0.2230800224746077,110.25000604039474,0.010454127925425697,0.7637863402087995,-0.0004688880748772228,933.3333333333334,0.007145017299968604,True,0.028431441634893417,0.07102108787096274,True,True,True,0.85,False,False,False,0,True,True,True,True,True,True,True,False,True,0,0,False,0,15,24,15,,,,False,False,False,
67,2026-08-18T21:56:38.811361,shadow,analysis_full,silero,webrtc,False,0.023934004828333855,True,True,True,1,False,True,False,0,0.0,,,,,,,,,,,,,0.0394461577183223,0.9517256821373917,0.0443521951103177,0.003922122726939467,,,,,,,,,,,,,,False,False,temporal_v1,False,0.0006026193791013795,0.07306889352818371,2.8061170703282294,0.9680651261001227,82.26455239264422,949.7475042756096,0.03754192136216943,0.0017495236834753952,0.00015471267167747058,0.0,0.0,0.055774243528793496,0.0544419043967555,0.002058285570624059,0.011640586103925385,0.2683391758271364,116.34336261507283,0.010792020598715786,1.666517056129505,-0.0010243536809232086,733.3333333333334,0.001254404964069413,True,0.026153103448450565,0.055774243528793496,True,True,True,0.85,False,False,False,0,True,True,True,True,True,True,True,False,True,0,0,False,0,15,24,15,,,,False,False,False,
68,2026-08-18T21:56:38.821336,shadow,analysis_full,silero,webrtc,False,0.020299823954701424,True,True,True,1,False,True,False,0,0.0,,,,,,,,,,,,,0.03271227719156409,0.9680363680678431,0.03061501439937885,0.001348617502208675,,,,,,,,,,,,,,False,False,temporal_v1,False,0.0005600847471103925,0.06993736951983298,2.325089632607723,0.9759590410448731,81.66232314876147,917.5624067071321,0.03166667400375024,0.0010014868372562069,4.411634955764497e-05,0.0,0.0,0.052107942661811235,0.05122570951118898,0.0014749766693338217,0.010868488824112977,0.26625296475986476,118.45845600289658,0.015408410073473518,0.9678098621764385,-0.0005959046257630663,666.6666666666667,0.0026480996913880906,True,0.024854748509824276,0.052107942661811235,True,True,True,0.85,False,False,False,0,True,True,True,True,True,False,True,False,True,0,0,False,0,15,24,15,,,,False,False,False,
69,2026-08-18T21:56:38.831907,shadow,analysis_full,silero,webrtc,False,0.014280786737799644,True,True,True,1,False,True,False,0,0.0,,,,,,,,,,,,,0.03171727830468891,0.963431809570745,0.03474862357521318,0.0018195668225133032,,,,,,,,,,,,,,False,False,temporal_v1,False,0.000531604611126131,0.060542797494780795,1.4570782219764347,0.9733396971118299,81.19607268738719,1173.704924752876,0.030557434831745365,0.0011021317646399105,5.771170730363292e-05,0.0,0.0,0.02865696090198068,0.028734484493886724,0.0009750573301594529,0.00843447053153059,0.37807253106983973,124.8682847256209,0.01991362987922998,0.8012203205672801,-0.00048473791535715,700.0,0.005524731154375929,True,0.024854748509824276,0.02865696090198068,True,True,False,0.85,False,False,False,0,True,True,True,True,True,False,True,False,True,0,0,False,0,15,24,15,,,,False,False,False,
70,2026-08-18T21:56:38.842134,shadow,analysis_full,silero,webrtc,False,0.01020054891705513,True,True,True,1,False,True,False,0,0.0,,,,,,,,,,,,,0.006492537955069978,0.833657063945996,0.15800163121845143,0.008341304681529478,,,,,,,,,,,,,,False,False,temporal_v1,False,0.0002477026287835406,0.06889352818371608,2.8809421772765456,0.9543571174889005,74.42147240626373,1264.5842852300455,0.005412550129181579,0.0010258315876487654,5.415623723963302e-05,0.0,0.0,0.045410025802047956,0.04403363939068993,0.002022699732778236,0.008032153905307156,0.42046738684501656,134.72254731518078,0.02797951953215857,1.0257688225421806,-0.0006149399318920419,1066.6666666666667,0.010629027716483351,True,0.023303387686610222,0.045410025802047956,True,True,False,0.85,True,False,False,0,True,True,True,True,True,False,True,False,True,0,0,False,0,15,24,15,,,,False,False,False,
71,2026-08-18T21:56:38.853186,shadow,analysis_full,silero,webrtc,False,0.007252172101289034,True,True,True,1,True,True,False,1,0.0,,,,,,,,,,,,,0.004125357387250346,0.7266061265054902,0.26082817721269597,0.012565696039410634,,,,,,,,,,,,,,False,True,temporal_v1,False,0.00019797129442418213,0.10855949895615867,2.39739586086188,0.9429145979384174,72.38166483017167,1349.7957697559336,0.002997509951600783,0.0010760094476674376,5.1837986982125076e-05,0.0,0.0,0.07581293705355045,0.0726772655596723,0.003500000867030132,0.01290358475592198,0.41789099649407624,135.9433784265011,0.01696188208721827,1.1988356879184874,-0.0007178608451991811,1133.3333333333335,0.006615919883781377,True,0.022465706802904606,0.07581293705355045,True,True,True,0.85,True,True,True,1,True,True,True,True,True,False,True,False,True,0,0,True,1,15,24,15,,,,False,False,False,
72,2026-08-18T21:56:38.862568,shadow,analysis_full,silero,webrtc,False,0.006365799345076084,True,True,False,1,True,True,False,1,0.0,,,,,,,,,,,,,0.005099533643569931,0.5209735101205799,0.42415037022398905,0.054876119459334585,,,,,,,,,,,,,,False,True,temporal_v1,False,0.00021571399847616305,0.1440501043841336,3.633633023786058,0.8756776374796112,72.82348275939589,1757.3493243864655,0.002656721942268617,0.002162969082889874,0.0002798426174114393,0.0,0.0,0.1391744288330849,0.12485783731006063,0.015579310198419153,0.023896672269564833,0.5626508265132064,229.67873899299812,0.010825823311838827,0.8060760609287876,-0.0004807868435063985,1800.0000000000002,0.05314505406100706,True,0.021486297249794006,0.1391744288330849,True,True,True,0.85,True,True,True,2,True,False,True,False,True,False,True,False,True,0,1,True,2,15,24,15,,,,False,False,False,
73,2026-08-18T21:56:38.870637,shadow,analysis_full,silero,webrtc,False,0.006379385944455862,True,True,True,1,True,True,False,1,0.0,,,,,,,,,,,,,0.02625599490787498,0.21274630871138853,0.7073398595892697,0.07991383166125521,,,,,,,,,,,,,,False,True,temporal_v1,False,0.0004798672119376647,0.20668058455114824,3.4214915318072365,0.8214942431716438,79.56742776946135,1869.3661285271066,0.005585865998195416,0.01857191175151287,0.0020982171571666953,0.0,0.0,0.23695284280532466,0.21171182142145395,0.025966865988991946,0.04426785763763112,0.5728084900150865,303.16819989433515,0.00923881229283809,1.145495050387158,-0.0006676295218477447,1966.6666666666667,0.014730704826794684,True,0.017290305346250534,0.23695284280532466,True,True,True,0.85,True,True,True,3,True,True,True,True,True,True,True,False,True,0,0,True,3,15,24,15,,,,False,False,False,
74,2026-08-18T21:56:38.879428,shadow,analysis_full,silero,webrtc,False,0.009754828177392483,True,True,True,1,True,True,False,1,0.0,,,,,,,,,,,,,0.03564287693646715,0.2228685733273232,0.61985875552159,0.15727267112303076,,,,,,,,,,,,,,False,True,temporal_v1,False,0.0005643704385075649,0.23799582463465555,3.8992605461179064,0.7504736080949073,80.5892745072051,2081.9234793992746,0.007943677132111786,0.022093549341047708,0.005605650462307656,0.0,0.0,0.28321283994127183,0.23935048921482538,0.048858025233984866,0.06085738225109019,0.6774229105228298,385.9685735063451,0.006212112385618203,0.8787086717887913,-0.0005106034829959982,2700.0,0.0496423554805296,True,0.012240667827427387,0.28321283994127183,True,True,True,0.85,True,True,True,4,True,True,True,True,True,True,True,False,True,0,0,True,4,15,24,15,,,,False,False,False,
75,2026-08-18T21:56:38.886987,shadow,analysis_full,silero,webrtc,False,0.019603081047534943,True,True,True,1,True,True,False,1,0.0,,,,,,,,,,,,,0.1888200863388304,0.4587966938729195,0.500954965555901,0.040248340565883486,,,,,,,,,,,,,,False,True,temporal_v1,False,0.0013506044158586067,0.17954070981210857,3.479756260673188,0.8980925086543365,88.95882864301514,1526.9965584544686,0.0866300313490546,0.09459035984813105,0.00759969514064477,0.0,0.0,0.28349760914520045,0.2420697622894431,0.0477981357633912,0.06255048823499532,0.6989157649380362,377.7174289626889,0.00847732370480309,1.0268130247774778,-0.0006046809370287672,1333.3333333333335,0.017483257274737162,True,0.012240667827427387,0.28349760914520045,True,True,True,0.85,True,True,True,5,True,True,True,True,True,True,True,False,True,0,0,True,5,15,24,15,,,,False,False,False,
76,2026-08-18T21:56:38.896819,shadow,analysis_full,silero,webrtc,False,0.040121328085660934,True,True,True,1,True,True,False,1,0.0,,,,,,,,,,,,,3.3201259387558077,0.6172128642015781,0.37259861079089335,0.010188525007227422,,,,,,,,,,,,,,False,True,temporal_v1,False,0.005439877450732288,0.1127348643006263,2.606407179424762,0.9248458341614928,101.18957617081878,1243.6972305358129,2.049224440169425,1.2370743124312247,0.033827186154157966,0.0,0.0,0.2752961458532148,0.23599318893327514,0.04730458348387017,0.060178969429749596,0.7003197939009984,368.6878009389084,0.009835651414188164,1.2149798365959117,-0.0007222094943819513,1100.0,0.0028472937115956924,True,0.012240667827427387,0.2752961458532148,True,True,True,0.85,True,True,True,6,True,True,True,True,True,True,True,False,True,0,0,True,6,15,24,15,,,,False,False,False,
77,2026-08-18T21:56:38.904907,shadow,analysis_full,silero,webrtc,False,0.019130093976855278,True,True,True,1,True,True,False,1,0.0,,,,,,,,,,,,,8.216034692783564,0.6079842108290802,0.37617027562301264,0.015845513547785357,,,,,,,,,,,,,,False,True,temporal_v1,False,0.008494155639785233,0.11691022964509394,2.0023935326469156,0.9121730284607827,105.00040439428103,1710.1870583049,4.995219368836359,3.0906280349126276,0.1301872890335765,0.0,0.0,0.255957930275782,0.21821554973658228,0.04659957198894546,0.05769421642471981,0.7497894812039633,342.70663464128575,0.005081737096285897,0.7028425678395944,-0.00041518120795857975,1100.0,0.015203321838216047,True,0.012240667827427387,0.255957930275782,True,True,True,0.85,True,True,True,7,True,True,True,True,True,True,True,True,True,0,0,True,7,15,24,15,,,,False,False,False,
78,2026-08-18T21:56:38.913945,shadow,analysis_full,silero,webrtc,False,0.00923437811434269,True,True,True,1,True,True,False,1,0.0,,,,,,,,,,,,,9.297539159008748,0.7154740732873972,0.26990721402695883,0.014618712685536392,,,,,,,,,,,,,,False,True,temporal_v1,False,0.009028615662099754,0.1022964509394572,2.064095997148757,0.9236767860785653,105.58482283694394,1404.3191050121402,6.65214821364507,2.509472891714605,0.13591805364807255,0.0,0.0,0.2309399975162016,0.19379561496635253,0.045710533894922786,0.055048752072636487,0.7704833281797114,288.2554537813758,0.0030591874779194693,0.9463132846517754,-0.0005635812237573763,1100.0,0.0052589291384473776,True,0.009977688547223806,0.2309399975162016,True,True,True,0.85,True,True,True,8,True,True,True,True,True,True,True,True,True,0,0,True,8,15,24,15,,,,False,False,False,
79,2026-08-18T21:56:38.923271,shadow,analysis_full,silero,webrtc,False,0.0036563670728355646,True,True,True,1,False,True,False,0,0.0,,,,,,,,,,,,,9.438405062665574,0.8712194962611591,0.11823769893571977,0.010542804803015114,,,,,,,,,,,,,,False,False,temporal_v1,False,0.00909802567164589,0.10438413361169102,1.2486843546795814,0.9320455393262249,105.69049763592977,1459.1463931478825,8.222922504204275,1.1159752962328253,0.09950726222747278,0.0,0.0,0.21719626263573352,0.18040262167181795,0.04506042544474352,0.05060467006467177,0.8080023396590092,263.84873365052806,0.013453503618974601,0.8948458904127404,-0.0005322377335512089,866.6666666666667,0.0037529078581866678,True,0.009494603145867586,0.21719626263573352,True,True,True,0.85,False,False,False,0,True,True,True,True,True,True,True,True,True,0,0,False,0,15,24,15,,,,False,False,False,
80,2026-08-18T21:56:38.930486,shadow,analysis_full,silero,webrtc,False,0.0036563670728355646,True,True,True,1,True,True,False,1,0.0,,,,,,,,,,,,,5.478667282548419,0.7205506175609457,0.27379781387895114,0.005651568559920572,,,,,,,,,,,,,,False,True,temporal_v1,False,0.006948007917473481,0.12317327766179541,2.1365747971538576,0.9301967458371105,103.34011419556268,1237.5889491271728,3.9476570938512117,1.500047124931891,0.03096306376431612,0.0,0.0,0.20629918626684898,0.16909152455063906,0.04525882448573197,0.045536374415058534,0.8277905654402119,267.04509335026086,0.01423475361984114,0.8986817899588428,-0.0005418077457888032,1100.0,0.003008975326563149,True,0.008243275107815862,0.20629918626684898,True,True,True,0.85,True,True,True,1,True,True,True,True,True,True,True,True,True,0,0,True,1,15,24,15,,,,False,False,False,
81,2026-08-18T21:56:38.938536,shadow,analysis_full,silero,webrtc,False,0.0025490301195532084,True,True,True,1,True,True,False,1,0.0,,,,,,,,,,,,,3.69303626209693,0.5609397356499938,0.4352189308884141,0.003841333461321296,,,,,,,,,,,,,,False,True,temporal_v1,False,0.005730330757419491,0.13569937369519833,2.452670502049649,0.9294471304719155,101.66298868034353,1421.4270814430658,2.071570784606493,1.607279293721971,0.014186183767465861,0.0,0.0,0.19938868594785544,0.16352552998083308,0.04586263882779299,0.04415288447710018,0.8260077919906343,262.11753060896064,0.007442236474485117,0.7032855753156481,-0.00041873314049533587,1100.0,0.010739175507468755,True,0.007806882029399276,0.19938868594785544,True,True,True,0.85,True,True,True,2,True,True,True,True,True,True,True,True,True,0,0,True,2,15,24,15,,,,False,False,False,
82,2026-08-18T21:56:38.948231,shadow,analysis_full,silero,webrtc,False,0.0022186939604580402,True,True,True,1,True,True,False,1,0.0,,,,,,,,,,,,,1.9985258540947226,0.5200218289718134,0.4739364096269403,0.006041761400745955,,,,,,,,,,,,,,False,True,temporal_v1,False,0.0042492578407807005,0.12734864300626306,2.384925895683675,0.9302563158437335,99.06845017255903,1228.1797127067834,1.039277069893793,0.9471741678362672,0.012074616363662338,0.0,0.0,0.19940316256199248,0.1646400120206634,0.04653904407146068,0.0445224945176766,0.7668649818925174,272.4087802778442,0.009222535265715117,1.2281412618747043,-0.0007370687016407777,1100.0,0.002775413244180266,True,0.007806882029399276,0.19940316256199248,True,True,True,0.85,True,True,True,3,True,True,True,True,True,True,True,True,True,0,0,True,3,15,24,15,,,,False,False,False,
83,2026-08-18T21:56:38.957866,shadow,analysis_full,silero,webrtc,False,0.004288586787879467,True,True,True,1,False,True,False,0,0.0,,,,,,,,,,,,,3.424871760303243,0.8850624364740423,0.11065610899665045,0.0042814545290153876,,,,,,,,,,,,,,True,False,temporal_v1,False,0.00550556927201313,0.10438413361169102,1.6791337547293006,0.941541968222785,101.37090861261962,1190.9730855926196,3.0312253447851303,0.37898298280766574,0.014663432709447222,0.0,0.0,0.1870538289079206,0.15568769163254903,0.044637333378250516,0.0406878587560078,0.751301517699359,260.75206054558834,0.016632642478218607,1.7533826408760704,-0.0010569181121667735,833.3333333333334,0.0007031583351808171,True,0.006761482451111078,0.1870538289079206,True,True,True,0.85,False,False,False,0,True,True,True,True,True,True,True,True,True,0,0,False,0,15,24,15,,,,False,False,False,
84,2026-08-18T21:56:38.967644,shadow,analysis_full,silero,webrtc,False,0.0034813256934285164,True,True,True,1,True,True,False,1,0.0,,,,,,,,,,,,,3.117963322830885,0.7208844040693517,0.2740294439062641,0.005086152024063429,,,,,,,,,,,,,,True,True,temporal_v1,False,0.005223488254341966,0.10647181628392484,2.2026208360089794,0.9162447781081111,100.79652316718341,1424.2285542938557,2.2476911318890385,0.8544137554754749,0.015858435465371842,0.0,0.0,0.1339898232463049,0.1291995790885359,0.010360639225438156,0.02210283192214233,0.5596619839238458,154.46062570771537,0.025776667164219186,0.9424765451329357,-0.0005490411277699394,1300.0,0.0045898886241082185,True,0.003972476930357516,0.1339898232463049,True,True,True,0.85,True,True,True,1,True,True,True,True,True,True,True,True,True,0,0,True,1,15,24,15,,,,False,False,False,
85,2026-08-18T21:56:38.977315,shadow,analysis_full,silero,webrtc,False,0.003259747987613082,True,True,True,1,True,True,False,1,0.0,,,,,,,,,,,,,3.2326877510670284,0.5738557879021734,0.421289958424139,0.004854253673378323,,,,,,,,,,,,,,True,True,temporal_v1,False,0.0053240579599150096,0.1649269311064718,2.381047448828417,0.8787590519888685,100.78096466949069,1500.6726500444947,1.8550965764302747,1.3618988882452518,0.01569228639050223,0.0,0.0,0.1197282893895981,0.11995556165161166,0.004187868661503824,0.01837160751565762,0.38249611741766043,152.22074429008507,0.013693689760786885,0.9485823477486581,-0.0005567330675514868,2000.0000000000002,0.004914681328146343,True,0.0036563670728355646,0.1197282893895981,True,True,True,0.85,True,True,True,2,True,True,True,True,True,True,True,True,True,0,0,True,2,15,24,15,,,,False,False,False,
86,2026-08-18T21:56:38.985100,shadow,analysis_full,silero,webrtc,False,0.0031626715790480375,True,True,True,1,True,True,False,1,0.0,,,,,,,,,,,,,2.1839540978871237,0.6486558640237231,0.33966920519940746,0.01167493077641152,,,,,,,,,,,,,,True,True,temporal_v1,False,0.0043887970679087175,0.1336116910229645,2.5927931026131867,0.8893979925983969,99.15510702609595,1469.8025330245787,1.416634632353123,0.7418219526213082,0.025497512911692437,0.0,0.0,0.11846211427721608,0.11870838395135735,0.00428478632143732,0.01863074030674163,0.3807680118886841,146.68395726524838,0.011573578783719262,1.4562253787919364,-0.0008553014990394677,2000.0000000000002,0.0019028352900882191,True,0.0035688463831320405,0.11846211427721608,True,True,True,0.85,True,True,True,3,True,True,True,True,True,True,True,True,True,0,0,True,3,15,24,15,,,,False,False,False,
87,2026-08-18T21:56:38.996096,shadow,analysis_full,silero,webrtc,False,0.004799454007297754,True,True,True,1,True,True,False,1,0.0,,,,,,,,,,,,,1.8390203817551383,0.7371274243361265,0.2470051959737053,0.01586737968962439,,,,,,,,,,,,,,True,True,temporal_v1,False,0.004020552618114187,0.0918580375782881,2.085736921421788,0.9069072504370755,98.47839724348809,1460.5044684529423,1.3555923573048052,0.45424758979506624,0.029180434654266774,0.0,0.0,0.11666428794367859,0.11775194492447662,0.004288668869117609,0.020704929049214924,0.3791317222056364,108.94759098346225,0.006870526321550816,1.5665172299990593,-0.0009245037985700318,1900.0000000000002,0.0012751390327658465,True,0.0035688463831320405,0.11666428794367859,True,True,True,0.85,True,True,True,4,True,True,True,True,True,True,True,True,True,0,0,True,4,15,24,15,,,,False,False,False,
88,2026-08-18T21:56:39.004144,shadow,analysis_full,silero,webrtc,False,0.005708193872123957,True,True,True,1,True,True,False,1,0.0,,,,,,,,,,,,,0.6933834172249086,0.8076027385755234,0.15771099831420277,0.034686263108831626,,,,,,,,,,,,,,False,False,temporal_v1,False,0.0025266621504666784,0.11899791231732777,2.0572804146447967,0.9218537405830689,94.51419528610201,1567.886359405134,0.559978346633691,0.10935419094505372,0.024050879645163954,0.0,0.0,0.12142780427180078,0.1248693407493092,0.008956175432737823,0.019915223411627256,0.3792428015556648,122.81429394358527,0.0059758324566857495,1.0755902423176706,-0.0006315695292742338,1533.3333333333335,0.0066827328571004655,True,0.0035688463831320405,0.12142780427180078,True,True,True,0.85,True,True,True,5,True,True,True,True,True,True,True,True,True,0,0,True,5,15,24,15,,,,False,False,False,
89,2026-08-18T21:56:39.014605,shadow,analysis_full,silero,webrtc,False,0.011750873178243637,True,True,True,1,True,True,False,1,0.0,,,,,,,,,,,,,0.3588702044246208,0.8338917929268842,0.14414279145979808,0.021965415610531242,,,,,,,,,,,,,,False,False,temporal_v1,False,0.001859591322128872,0.08977035490605428,2.014721031489609,0.9457400645916249,91.96112062470334,1305.0554792018015,0.2992589181956845,0.051728553037513225,0.007882733190423104,0.0,0.0,0.11673110005133248,0.1216057003731897,0.009623848843010166,0.021555765891927224,0.25063388725186597,123.59416441976073,0.01059586012940897,2.0217215145908876,-0.0012309456458528567,1000.0000000000001,0.0008210583179513891,True,0.0035688463831320405,0.11673110005133248,True,True,True,0.85,True,True,True,6,True,True,True,True,True,True,True,True,True,0,0,True,6,15,24,15,,,,False,False,False,
90,2026-08-18T21:56:39.022787,shadow,analysis_full,silero,webrtc,False,0.0159118864685297,True,True,True,1,True,True,False,1,0.0,,,,,,,,,,,,,0.20227645433548438,0.7813516362223037,0.17002148613574747,0.048626877637005,,,,,,,,,,,,,,False,True,temporal_v1,False,0.0015724198015584336,0.09603340292275574,2.617925470785811,0.9485013352404964,90.5156681972309,1350.7197521653695,0.15804903856427682,0.03439134337638872,0.00983607239381883,0.0,0.0,0.11915665885776769,0.1266755521165706,0.014473141491519454,0.02262030909491697,0.27871947794046426,114.85154356261909,0.011938704810506006,0.9650718205484506,-0.0005863457880634216,1033.3333333333335,0.012959234866691621,True,0.0038849562406539917,0.11915665885776769,True,True,True,0.85,True,True,True,7,True,True,True,True,True,True,True,True,True,0,0,True,7,15,24,15,,,,False,False,False,
91,2026-08-18T21:56:39.032511,shadow,analysis_full,silero,webrtc,False,0.01668628305196762,True,True,True,1,True,True,False,1,0.0,,,,,,,,,,,,,0.19991193908038551,0.796186403940218,0.1382162338499405,0.06559736220483911,,,,,,,,,,,,,,False,True,temporal_v1,False,0.0014080184081222535,0.08977035490605428,2.8744562462544585,0.9276666358003655,89.46083876836646,1462.817715606802,0.15916716788112809,0.027631075321329624,0.013113695876927779,0.0,0.0,0.11094959947492271,0.12086861623033313,0.02015780868418961,0.022998646102581063,0.33324956039129017,116.57238244891342,0.011511046643006059,1.0496078811135112,-0.0006269599947517737,1100.0,0.012532825824922655,True,0.004544020397588611,0.11094959947492271,True,True,True,0.85,True,True,True,8,True,True,True,True,True,True,True,False,True,0,0,True,8,15,24,15,,,,False,False,False,
92,2026-08-18T21:56:39.041829,shadow,analysis_full,silero,webrtc,False,0.01409284770488739,True,True,True,1,False,True,False,0,0.0,,,,,,,,,,,,,0.33062878248597105,0.8832391416839124,0.057987683850524066,0.058773174462539234,,,,,,,,,,,,,,False,False,temporal_v1,False,0.0017472674178628598,0.08977035490605428,1.9511607453880806,0.9363972475150075,91.37696340302497,1450.5839377317936,0.292024282058906,0.019172397310680177,0.019432103115384913,0.0,0.0,0.09431848605679753,0.10657013578931408,0.022128747984284353,0.023303626325471102,0.3459373755839131,102.82179694866927,0.00950155300539943,1.1959241660198543,-0.0007160734700046433,633.3333333333334,0.006180339144407926,True,0.0052538239397108555,0.09431848605679753,True,True,True,0.85,False,False,False,0,True,True,True,True,True,True,True,False,True,0,0,False,0,15,24,15,,,,False,False,False,
93,2026-08-18T21:56:39.049580,shadow,analysis_full,silero,webrtc,False,0.0157068632543087,True,True,True,1,False,True,False,0,0.0,,,,,,,,,,,,,1.1346335480809477,0.8885727241089334,0.056413040591880965,0.05501423529830422,,,,,,,,,,,,,,False,False,temporal_v1,False,0.003209109553155862,0.08977035490605428,1.2818354872978401,0.939068514814056,96.67059204673751,1513.0896338172067,1.0082044226836722,0.06400812840480043,0.06242099699147504,0.0,0.0,0.09476351002178554,0.11250396350278667,0.022121841425242483,0.02396837917912256,0.4229621401834975,72.5528132406016,0.00824540777653495,1.1384885024204507,-0.0006805184251415578,433.33333333333337,0.0038977991875021756,True,0.008729533525183797,0.09476351002178554,True,True,True,0.85,False,False,False,0,True,True,True,True,True,True,True,True,True,0,0,False,0,15,24,15,,,,False,False,False,
94,2026-08-18T21:56:39.058579,shadow,analysis_full,silero,webrtc,False,0.01789882779121399,True,True,True,1,False,True,False,0,0.0,,,,,,,,,,,,,3.945799926190818,0.9551740069582153,0.028826785300557458,0.015999207740973864,,,,,,,,,,,,,,False,False,temporal_v1,False,0.005872471203714753,0.05845511482254697,1.181315616163623,0.966615326646427,102.04592365138417,1556.2615470512287,3.7689255261551136,0.11374472731125818,0.06312967272344623,0.0,0.0,0.10841161258733267,0.12029005497668963,0.020997226867765378,0.028071375889722937,0.5229286465986023,78.34642107672626,0.009917921219270135,0.5782573094913982,-0.00034533604815604286,433.33333333333337,0.007128206807627784,True,0.012921860441565514,0.10841161258733267,True,True,True,0.85,False,False,False,0,True,True,True,True,True,True,True,True,True,0,0,False,0,15,24,15,,,,False,False,False,
95,2026-08-18T21:56:39.066862,shadow,analysis_full,silero,webrtc,False,0.014264222234487534,True,True,True,1,False,True,False,0,0.0,,,,,,,,,,,,,4.2247331921810405,0.9720816580810949,0.020452802519665882,0.007465539399002554,,,,,,,,,,,,,,False,False,temporal_v1,False,0.0060790191859886045,0.05219206680584551,1.457587464034203,0.9763196071968356,102.38934727262075,1258.6215341733991,4.106785646405583,0.08640763367795647,0.03153991209650139,0.0,0.0,0.09362542851012338,0.09631229560836567,0.020655220853365318,0.0227968829974425,0.5468126442867209,98.09792062614298,0.019463997913631705,0.6954166970504794,-0.00042754192732539847,433.33333333333337,0.005787264000631359,True,0.014178534969687462,0.09362542851012338,True,True,True,0.85,False,False,False,0,True,True,True,True,True,True,True,True,True,0,0,False,0,15,24,15,,,,False,False,False,
96,2026-08-18T21:56:39.074288,shadow,analysis_full,silero,webrtc,False,0.014264222234487534,True,True,True,1,False,True,False,0,0.0,,,,,,,,,,,,,3.4368570741829214,0.973742718099955,0.018082487005204886,0.008174794894549099,,,,,,,,,,,,,,False,False,temporal_v1,False,0.005477632415920935,0.05219206680584551,0.9013621407559806,0.9776741296820005,101.49038524331411,1198.3965951201833,3.346614549135937,0.06214692338265916,0.028095601663325497,0.0,0.0,0.08038211732601908,0.0740748781548507,0.021049128355542072,0.02056234960708766,0.5998656329876879,120.87064434592585,0.009224421077393328,0.8764072881940846,-0.0005331822590141973,433.33333333333337,0.0028987041454706236,True,0.014264222234487534,0.08038211732601908,True,True,True,0.85,False,False,False,0,True,True,True,True,True,True,True,True,True,0,0,False,0,15,24,15,,,,False,False,False,
97,2026-08-18T21:56:39.083226,shadow,analysis_full,silero,webrtc,False,0.018395865336060524,True,True,True,1,False,True,False,0,0.0,,,,,,,,,,,,,1.9874695724260327,0.961820677266567,0.021003086862331072,0.017176235870598786,,,,,,,,,,,,,,False,False,temporal_v1,False,0.004183429250911621,0.06263048016701461,1.146718336087328,0.9698001530263427,99.11423947095219,1633.0001598299973,1.911589330197501,0.04174299606590396,0.03413724616162765,0.0,0.0,0.07316559220097638,0.06012456325342748,0.020944649575289125,0.021147514450350707,0.6272843180564939,137.64963261309384,0.004983841857587383,0.48113061005752017,-0.00029529138494622094,433.33333333333337,0.010721202136171911,True,0.014985542744398117,0.07316559220097638,True,True,True,0.85,False,False,False,0,True,True,True,True,True,True,True,True,True,0,0,False,0,15,24,15,,,,False,False,False,
98,2026-08-18T21:56:39.091830,shadow,analysis_full,silero,webrtc,False,0.014752250164747238,True,True,True,1,False,True,False,0,0.0,,,,,,,,,,,,,4.011630409586601,0.9864265179011129,0.008056008080108572,0.005517474018529167,,,,,,,,,,,,,,False,False,temporal_v1,False,0.005926866381222391,0.05010438413361169,0.4900512875502933,0.9815536713400301,102.19248966286963,1431.5432293001695,3.9571786160347266,0.032317726994038926,0.022134066556835596,0.0,0.0,0.07382426617772692,0.05782018925911873,0.022526525801418625,0.018343117024207763,0.71954037973968,129.81052620421377,0.017741243082356542,0.5742184399738463,-0.00035186869194048465,400.0,0.005344241228094863,True,0.01522955670952797,0.07382426617772692,True,True,True,0.85,False,False,False,0,True,True,True,True,True,True,True,True,True,0,0,False,0,15,24,15,,,,False,False,False,
99,2026-08-18T21:56:39.100775,shadow,analysis_full,silero,webrtc,False,0.014460385777056217,True,True,True,1,False,True,False,0,0.0,,,,,,,,,,,,,2.5596358527577023,0.9843752258766554,0.010266968663120123,0.005357805459833964,,,,,,,,,,,,,,False,False,temporal_v1,False,0.004754115925630528,0.05219206680584551,0.9467566382771866,0.9826061324552213,100.28134106402192,952.9436899463411,2.5196421207203485,0.026279701089262083,0.013714030947091982,0.0,0.0,0.07348933304034971,0.05359579193364081,0.023672478522746492,0.018385836205681835,0.7280358862878578,189.26917980025445,0.005617338817213396,1.2305556387311551,-0.0007481700871882929,400.0,0.0008871276142634722,True,0.01522955670952797,0.07348933304034971,True,True,True,0.85,False,False,False,0,True,True,True,True,True,True,True,True,True,0,0,False,0,15,24,15,,,,False,False,False,
100,2026-08-18T21:56:39.110509,shadow,analysis_full,silero,webrtc,False,0.01123828999698162,True,True,True,1,False,True,False,0,0.0,,,,,,,,,,,,,1.5033069230718568,0.9788142377174983,0.014781646605057368,0.006404115676779037,,,,,,,,,,,,,,False,False,temporal_v1,False,0.0036239563881341236,0.05010438413361169,1.1783627330109006,0.9798867740187032,97.91211786464683,1133.42920957113,1.4714582199620174,0.02222135167578435,0.009627351433054935,0.0,0.0,0.05917427495441105,0.037497805852093294,0.023519239534260546,0.01680552133402765,0.6247716054690876,203.41908167171565,0.0030198904781941556,0.880079798555346,-0.0005296982170659247,400.0,0.0028971555355670462,True,0.014606317970901728,0.05917427495441105,True,True,True,0.85,False,False,False,0,True,True,True,True,True,True,True,True,True,0,0,False,0,15,24,15,,,,False,False,False,
101,2026-08-18T21:56:39.119573,shadow,analysis_full,silero,webrtc,False,0.01070831622928381,True,True,True,1,False,True,False,0,0.0,,,,,,,,,,,,,0.7142885149766209,0.9430140265996256,0.05020944116759176,0.006776532231382576,,,,,,,,,,,,,,False,False,temporal_v1,False,0.0025153830261139248,0.05010438413361169,1.554812822670386,0.9746962903773979,94.71619048841077,1070.970926119599,0.6735840886619703,0.035864027169405135,0.004840399144245468,0.0,0.0,0.03572314809494375,0.018132927113825803,0.01953543334898329,0.015009552791664878,0.37727626123385094,216.95053032308013,0.004417575868663808,1.0287236346041846,-0.0006314526384059389,433.33333333333337,0.0030274704782472504,True,0.014362304005771875,0.03572314809494375,True,True,False,0.85,False,False,False,0,True,True,True,True,True,True,True,True,True,0,0,False,0,15,24,15,,,,False,False,False,
102,2026-08-18T21:56:39.129421,shadow,analysis_full,silero,webrtc,False,0.008898485451936722,True,True,True,1,False,True,False,0,0.0,,,,,,,,,,,,,0.6528140359120445,0.917557038032589,0.07446342137425206,0.007979540591627286,,,,,,,,,,,,,,False,False,temporal_v1,False,0.002402659217824961,0.05010438413361169,1.8459342487143935,0.9707153686884178,94.29987420641717,1267.2341471914665,0.5989941131775557,0.04861076663514468,0.005209156098344191,0.0,0.0,0.030086686909296216,0.021214239258903794,0.014366412977924452,0.011691022964509397,0.35737213147757463,212.83870929625692,0.002936666825559773,0.6667794307979712,-0.00041732197745672007,766.6666666666667,0.008847540087561358,True,0.014362304005771875,0.030086686909296216,True,True,False,0.85,False,False,False,0,True,True,True,True,True,True,True,False,True,0,0,False,0,15,24,15,,,,False,False,False,
103,2026-08-18T21:56:39.138537,shadow,analysis_full,silero,webrtc,False,0.007181140594184399,True,True,True,1,False,True,False,0,0.0,,,,,,,,,,,,,0.7225693179367618,0.9793868580167678,0.017023860006641293,0.003589281975207011,,,,,,,,,,,,,,False,False,temporal_v1,False,0.002515293233615941,0.05010438413361169,1.5967334144648428,0.9794315170298387,94.73778049120297,1101.1044995676339,0.7076748939934041,0.012300918913649718,0.002593505028708043,0.0,0.0,0.020491945164798388,0.019586100957079508,0.004279926416790786,0.004074994007503785,0.3766820887561489,207.71581548915483,0.0038183023226206515,0.7374211899620653,-0.00045569312997810056,433.33333333333337,0.004150857446123008,True,0.014264222234487534,0.020491945164798388,True,True,False,0.85,False,False,False,0,True,True,True,True,True,True,True,False,True,0,0,False,0,15,24,15,,,,False,False,False,
104,2026-08-18T21:56:39.147331,shadow,analysis_full,silero,webrtc,False,0.005666565150022507,True,True,True,1,False,True,False,0,0.0,,,,,,,,,,,,,0.7931686811985118,0.960156084384227,0.031017115513420873,0.008826800101091407,,,,,,,,,,,,,,False,False,temporal_v1,False,0.002634843695068868,0.05845511482254697,1.6030441827765474,0.9717081788612196,95.1064446845489,1172.03299243292,0.7615657351957643,0.024601804606361934,0.007001141395385562,0.0,0.0,0.02030084985690365,0.01962515565762014,0.0034799351618606295,0.004074994007503785,0.3921646422007393,183.55710760791484,0.004551616938348944,1.2387748286997378,-0.0007479080222498226,766.6666666666667,0.003443433883345956,True,0.012751256115734577,0.02030084985690365,True,True,False,0.85,False,False,False,0,True,True,True,True,True,True,True,False,True,0,0,False,0,15,24,15,,,,False,False,False,
105,2026-08-18T21:56:39.156936,shadow,analysis_full,silero,webrtc,False,0.0038783669006079435,True,True,True,1,False,True,False,0,0.0,,,,,,,,,,,,,0.5806731991817058,0.9756131891428874,0.021042654405745927,0.003344156449644582,,,,,,,,,,,,,,False,False,temporal_v1,False,0.002251958964341541,0.05219206680584551,1.1004886415423107,0.9781393756518578,93.77132123861071,1059.9316550533438,0.5665124317034671,0.012218905453059503,0.0019418620241792544,0.0,0.0,0.020438392164263942,0.019607662993362696,0.003722100402289419,0.004074994007503785,0.38990382308963356,189.1773324618671,0.013946337398524916,1.1636018358656983,-0.0007010426348092924,600.0,0.0015891001511126113,True,0.010973303113132715,0.020438392164263942,True,True,False,0.85,False,False,False,0,True,True,True,True,True,True,True,False,True,0,0,False,0,15,24,15,,,,False,False,False,
106,2026-08-18T21:56:39.166386,shadow,analysis_full,silero,webrtc,False,0.00455674109980464,True,True,True,1,False,True,False,0,0.0,,,,,,,,,,,,,0.25490851123702724,0.9435373879646568,0.04991303494238046,0.006549577089039679,,,,,,,,,,,,,,False,False,temporal_v1,False,0.0015041764596622187,0.05845511482254697,1.7329127854134458,0.9737678201576495,90.24564885715641,1154.6893146900125,0.24051571086254406,0.012723257428483922,0.0016695429449992472,0.0,0.0,0.021298212293991748,0.02052943022185482,0.0037164733982365888,0.004399020356097175,0.398162386981099,189.71558900111114,0.01641507323696811,1.8177401605214332,-0.0011055979322767671,566.6666666666667,0.0010884136159723633,True,0.009803400840610266,0.021298212293991748,True,True,False,0.85,False,False,False,0,True,True,True,True,True,True,True,False,True,0,0,False,0,15,24,15,,,,False,False,False,
107,2026-08-18T21:56:39.177129,shadow,analysis_full,silero,webrtc,False,0.006289407145231962,True,True,True,1,False,True,False,0,0.0,,,,,,,,,,,,,0.09850619304463056,0.9389927904734845,0.05336961904981468,0.007637590466549026,,,,,,,,,,,,,,False,False,temporal_v1,False,0.0009349018889891934,0.05636743215031315,1.4139560770349373,0.972965419661395,86.10723746869436,1209.5305798638449,0.0924966050858974,0.005257237996839437,0.0007523499608937083,0.0,0.0,0.02249929801908273,0.02142288281791621,0.0016963655744130666,0.003372754576493425,0.39461578092638405,123.54390064077332,0.0077940259696914265,1.4371901736883255,-0.0008720854007144632,466.6666666666667,0.00337883927838906,True,0.00803981302306056,0.02249929801908273,True,True,False,0.85,False,False,False,0,True,True,True,True,True,True,True,False,True,0,0,False,0,15,24,15,,,,False,False,False,
108,2026-08-18T21:56:39.187393,shadow,analysis_full,silero,webrtc,False,0.007200789637863636,True,True,True,1,False,True,False,0,0.0,,,,,,,,,,,,,0.05726376420899533,0.9315342736963234,0.056535082518108855,0.011930643768104737,,,,,,,,,,,,,,False,False,temporal_v1,False,0.0007078385078218283,0.054279749478079335,1.6275687363819904,0.967212362256822,83.66229584664949,1407.1779195757065,0.05334315900154398,0.0032374116348530793,0.0006831935715982693,0.0,0.0,0.02226935614023002,0.020699469624252884,0.0023887253837739366,0.0032677402593942638,0.27816537816116615,118.19718727715819,0.007032866377671627,1.0715182259702873,-0.0006370023868839601,466.6666666666667,0.009543516683044612,True,0.007190965116024017,0.02226935614023002,True,True,False,0.85,False,False,False,0,True,True,True,True,True,True,True,False,True,0,0,False,0,15,24,15,,,,False,False,False,
109,2026-08-18T21:56:39.197787,shadow,analysis_full,silero,webrtc,False,0.005330321379005909,True,True,True,1,False,True,False,0,0.0,,,,,,,,,,,,,0.030350586586364275,0.979216148439536,0.01812537799644546,0.002658473531070338,,,,,,,,,,,,,,False,False,temporal_v1,False,0.0005163126468689262,0.054279749478079335,0.9938777099377674,0.9816485349475996,80.97851960188683,1116.9478281127265,0.029719784499980268,0.0005501158542916998,8.068623109230787e-05,0.0,0.0,0.021640643540287642,0.019764991755390152,0.0026761460618912407,0.0032610645828420257,0.2697005011179389,99.15874844364508,0.018781525292914485,1.0447805005701343,-0.0006239092476360491,400.0,0.002476545399657453,True,0.00673527386970818,0.021640643540287642,True,True,False,0.85,False,False,False,0,True,True,True,True,True,True,True,False,True,0,0,False,0,15,24,15,,,,False,False,False,
110,2026-08-18T21:56:39.208598,shadow,analysis_full,silero,webrtc,False,0.0037300987169146538,True,True,True,1,False,True,False,0,0.0,,,,,,,,,,,,,0.014113071412065435,0.9201537619405488,0.0682877842211398,0.011558453767455113,,,,,,,,,,,,,,False,False,temporal_v1,False,0.00035489283960029444,0.05219206680584551,2.534154988473268,0.967093534687813,77.6391042147212,1334.0022894417061,0.012986195752347622,0.0009637503752846613,0.00016312528343315078,0.0,0.0,0.022272538419540838,0.019822106053877634,0.00306302791903255,0.003103563412801357,0.40063996493308324,109.60829344624464,0.029946581451476172,0.9283528478723024,-0.0005488180710887723,600.0,0.015042297304868233,True,0.0059779861476272345,0.022272538419540838,True,True,False,0.85,False,False,False,0,True,True,True,True,True,False,True,False,True,0,0,False,0,15,24,15,,,,False,False,False,
111,2026-08-18T21:56:39.218633,shadow,analysis_full,silero,webrtc,False,0.0030216791201382875,True,True,True,1,False,True,False,0,0.0,,,,,,,,,,,,,0.005155655361454737,0.892137267199169,0.09353421161494778,0.0143285209919215,,,,,,,,,,,,,,False,False,temporal_v1,False,0.0002155208145792402,0.06471816283924843,2.8306064873711074,0.9590599717896509,73.2106644032155,1249.221651157464,0.004599552284788973,0.00048223015959204747,7.387291607371683e-05,0.0,0.0,0.028090607470229737,0.024812588591464048,0.0037481996348357987,0.00429880172901336,0.5434906108148365,103.21293647872324,0.005555591460810513,1.337034441730289,-0.0008065642536856255,766.6666666666667,0.0065531307329524495,True,0.005498443264514208,0.028090607470229737,True,True,False,0.85,False,False,False,0,True,True,True,True,True,False,True,False,True,0,0,False,0,15,24,15,,,,False,False,False,
112,2026-08-18T21:56:39.227314,shadow,analysis_full,silero,webrtc,False,0.0030216791201382875,True,True,True,1,False,True,False,0,0.0,,,,,,,,,,,,,0.005898984115594379,0.8500751671703821,0.13092631067541233,0.01899852198468476,,,,,,,,,,,,,,False,True,temporal_v1,False,0.0002320671987260289,0.07724425887265135,2.6674562646035143,0.952644571922927,73.83727191641712,1342.0248848391057,0.00501457990819932,0.0007723322269876321,0.00011207197940742602,0.0,0.0,0.039414384410847006,0.034607654106331306,0.005028266644601529,0.007587800352979642,0.6127902521774702,109.79311881351347,0.0070763922471303595,1.3113372408070003,-0.0007889795407143586,966.6666666666667,0.009055926498032845,True,0.004943531239405274,0.039414384410847006,True,True,False,0.85,False,False,False,0,True,True,True,True,True,False,True,False,True,0,0,False,0,15,24,15,,,,False,False,False,
113,2026-08-18T21:56:39.239499,shadow,analysis_full,silero,webrtc,False,0.002377954078838229,True,True,False,1,True,True,False,1,0.0,,,,,,,,,,,,,0.045262674177764,0.4513889923602663,0.45338225149995365,0.09522875611768686,,,,,,,,,,,,,,False,True,temporal_v1,False,0.0006362990645882975,0.0918580375782881,4.23560820880899,0.8560166984918931,82.20257745091418,1654.8730118272335,0.020431072888631937,0.020521293127623456,0.00431030816050861,0.0,0.0,0.148917076347433,0.12292054840862825,0.026133830562715135,0.012246354385020848,0.9432085461635373,164.54936384172026,0.010414166645788002,1.3348649308120049,-0.0008079425290908107,1733.3333333333335,0.028365205443550166,True,0.004217554000206292,0.148917076347433,True,True,True,0.85,True,True,True,1,True,False,True,False,True,False,True,False,True,0,1,True,1,15,24,15,,,,False,False,False,
114,2026-08-18T21:56:39.246348,shadow,analysis_full,silero,webrtc,False,0.012400451116263866,True,True,True,1,True,True,False,1,0.0,,,,,,,,,,,,,0.46011993659121203,0.5701311781481505,0.39305716929435675,0.036811652555319464,,,,,,,,,,,,,,False,True,temporal_v1,False,0.0020081381720973273,0.12421711899791232,3.4992459377693472,0.8935528732226113,92.38336065445942,1673.8920962586192,0.2623287215382,0.18085343981244073,0.01693777523957132,0.0,0.0,0.17305597664947694,0.1486066311562339,0.0264863083979351,0.022192616706039284,1.017178239468053,199.76651192660208,0.005939096501241462,0.8268437728312923,-0.0004907786354330181,1466.6666666666667,0.03359172270487907,True,0.004217554000206292,0.17305597664947694,True,True,True,0.85,True,True,True,2,True,True,True,True,True,True,True,False,True,0,0,True,2,15,24,15,,,,False,False,False,
115,2026-08-18T21:56:39.256195,shadow,analysis_full,silero,webrtc,False,0.01661796309053898,True,True,True,1,True,True,False,1,0.0,,,,,,,,,,,,,0.928544716314631,0.7554001400127466,0.21643184945220595,0.028168010533970608,,,,,,,,,,,,,,False,True,temporal_v1,False,0.002854710679615843,0.0918580375782881,2.8349138926103192,0.9243406566569524,95.58591251557061,1387.8394576172368,0.7014228087121683,0.20096665025104948,0.026155257350413276,0.0,0.0,0.16903405187166506,0.14530266280529805,0.02588051233235616,0.022452296778758037,0.9497003324842532,180.31378917011233,0.008362010956170082,0.9233209500858847,-0.0005588599178443732,1133.3333333333335,0.010120597760169587,True,0.004943531239405274,0.16903405187166506,True,True,True,0.85,True,True,True,3,True,True,True,True,True,True,True,True,True,0,0,True,3,15,24,15,,,,False,False,False,
116,2026-08-18T21:56:39.263925,shadow,analysis_full,silero,webrtc,False,0.016240790486335754,True,True,True,1,False,True,False,0,0.0,,,,,,,,,,,,,0.3572891526002111,0.8532439502004817,0.13594254149092344,0.010813508305796103,,,,,,,,,,,,,,False,False,temporal_v1,False,0.0017946124141280456,0.0918580375782881,2.342126998913108,0.9581336449254845,91.70931006718283,1129.968588707192,0.3048548079283868,0.048570795451611075,0.003863549219213234,0.0,0.0,0.16472450019597373,0.14141826819583894,0.02563354206263256,0.02259163017391507,0.9217059408801627,183.16287308966793,0.013516115996646398,1.088512764105639,-0.0006577969071905094,933.3333333333334,0.003750414648838085,True,0.005809864262118936,0.16472450019597373,True,True,True,0.85,False,False,False,0,True,True,True,True,True,True,True,True,True,0,0,False,0,15,24,15,,,,False,False,False,
117,2026-08-18T21:56:39.271549,shadow,analysis_full,silero,webrtc,False,0.012143502943217754,True,True,True,1,False,True,False,0,0.0,,,,,,,,,,,,,0.12389833246374936,0.8807472440226761,0.11387021759480016,0.0053825383744524665,,,,,,,,,,,,,,False,True,temporal_v1,False,0.0010838368434398832,0.08977035490605428,2.8341225558489698,0.9623654667059403,87.34610026129576,1038.053886282353,0.10912311485645251,0.014108330077280032,0.0006668875290168008,0.0,0.0,0.16120199701629356,0.1378934676831859,0.02578432889666681,0.0219179340177884,0.8503937880660744,202.56173266896022,0.010099171878991942,1.0607620243010192,-0.0006277867627463808,900.0000000000001,0.003693537967823702,True,0.0062655555084347725,0.16120199701629356,True,True,True,0.85,False,False,False,0,True,True,True,True,True,True,True,True,True,0,0,False,0,15,24,15,,,,False,False,False,
118,2026-08-18T21:56:39.279790,shadow,analysis_full,silero,webrtc,False,0.016615236178040504,True,True,True,1,True,True,False,1,0.0,,,,,,,,,,,,,0.038825619703133356,0.7395831884396384,0.25305717194993055,0.007359639584674737,,,,,,,,,,,,,,False,True,temporal_v1,False,0.0005911640263311399,0.09603340292275574,2.7657444579350567,0.9432347732971358,81.9848964134643,1266.9655300674267,0.028714775613188217,0.00982510152127843,0.00028574256766670766,0.0,0.0,0.15676450502498376,0.13456992178696692,0.026026316767676562,0.020711506176924237,0.7805779008877144,201.82096190315482,0.00698756546077614,0.9907161378177929,-0.0006016375576981966,1333.3333333333335,0.009384095530020028,True,0.008736912161111832,0.15676450502498376,True,True,True,0.85,True,True,True,1,True,True,True,True,True,True,True,False,True,0,0,True,1,15,24,15,,,,False,False,False,
119,2026-08-18T21:56:39.287869,shadow,analysis_full,silero,webrtc,False,0.017735691741108894,True,True,True,1,True,True,False,1,0.0,,,,,,,,,,,,,0.02217643566423175,0.6113507101927718,0.3718244828867168,0.01682480687541863,,,,,,,,,,,,,,False,True,temporal_v1,False,0.00045306518860780895,0.12108559498956159,2.8002112326346427,0.9201997728297705,79.55787783347431,1342.4414023804895,0.013557579692872393,0.008245741723123515,0.00037311424723584526,0.0,0.0,0.15091338689043252,0.13181572307520895,0.025247321300481348,0.02101234719548993,0.5168765354668778,190.20667745008865,0.0072491121191521485,1.3170092030918086,-0.000791036304445398,1366.6666666666667,0.006736088062802765,True,0.01227197702974081,0.15091338689043252,True,True,True,0.85,True,True,True,2,True,True,True,True,True,True,True,False,True,0,0,True,2,15,24,15,,,,False,False,False,
120,2026-08-18T21:56:39.295970,shadow,analysis_full,silero,webrtc,False,0.01836349442601204,True,True,True,1,False,True,False,0,0.0,,,,,,,,,,,,,0.5355575487722891,0.9142412914505821,0.08295803655882909,0.00280067198872147,,,,,,,,,,,,,,False,True,temporal_v1,False,0.002181909224012426,0.10020876826722339,2.7741145908187894,0.9550118314193384,93.39261618120985,977.8233840591693,0.4896288250356857,0.04442880271040846,0.0014999210251948826,0.0,0.0,0.15026527772085302,0.1301565547395857,0.025827912470504057,0.016886049363263586,0.5031244024668166,219.45592131965475,0.01918551402937686,1.2692819534117377,-0.0007717340635874961,900.0000000000001,0.00179773534128296,True,0.01432062080129981,0.15026527772085302,True,True,True,0.85,False,False,False,0,True,True,True,True,True,True,True,False,True,0,0,False,0,15,24,15,,,,False,False,False,
121,2026-08-18T21:56:39.303607,shadow,analysis_full,silero,webrtc,False,0.035969726741313934,True,True,True,1,False,True,False,0,0.0,,,,,,,,,,,,,2.8859663895662675,0.9289495876226351,0.06449549625785135,0.006554916119167009,,,,,,,,,,,,,,False,False,temporal_v1,False,0.005019040154883986,0.1022964509394572,1.7222594724331304,0.94714875060303,100.59330788215914,1166.3670558050385,2.6809172874803693,0.18613183447855597,0.01891726760634214,0.0,0.0,0.15406045816293196,0.13333126966161352,0.026211555561602446,0.013620029593632454,0.6261185147009886,222.99047921283798,0.03935835882567931,1.0838782281604842,-0.0006534771005405582,800.0,0.002679894696641371,True,0.01642801333218813,0.15406045816293196,True,True,True,0.85,False,False,False,0,True,True,True,True,True,True,True,False,True,0,0,False,0,15,24,15,,,,False,False,False,
122,2026-08-18T21:56:39.311165,shadow,analysis_full,silero,webrtc,False,0.030807090923190117,True,True,True,1,True,True,False,1,0.0,,,,,,,,,,,,,4.0917853343932284,0.815025083636535,0.17541715862177548,0.009557757741445067,,,,,,,,,,,,,,False,False,temporal_v1,False,0.005969912757470803,0.11064718162839249,1.789224703047345,0.9359864329550798,102.04893943840051,1372.1235838885514,3.3349076843865886,0.7177693570495116,0.03910829295612827,0.0,0.0,0.1522573319937281,0.13095264516107544,0.026503263878397375,0.011956882423004637,0.7021956198935907,223.76585072850048,0.03726726784265302,0.8954391071080255,-0.0005367739500575638,1133.3333333333335,0.006074692122098915,True,0.01661659963428974,0.1522573319937281,True,True,True,0.85,True,True,True,1,True,True,True,True,True,True,True,False,True,0,0,True,1,15,24,15,,,,False,False,False,
123,2026-08-18T21:56:39.318460,shadow,analysis_full,silero,webrtc,False,0.03139222040772438,True,True,True,1,True,True,False,1,0.0,,,,,,,,,,,,,4.133045118379559,0.7411654654233255,0.25112293911152556,0.007711595464907033,,,,,,,,,,,,,,False,True,temporal_v1,False,0.0059934376537918,0.10647181628392484,1.8826824586879238,0.934315983784977,102.07553007253637,1238.4217832421923,3.063270308779389,1.037902437608018,0.031872371991151956,0.0,0.0,0.11540050422770799,0.10786157600392804,0.010446531543763954,0.011514946817093308,0.5448196814524316,190.285918134569,0.002320663356411426,1.0414850715054296,-0.0006243603887228096,1133.3333333333335,0.0024946091991420337,True,0.017176827415823936,0.11540050422770799,True,True,True,0.85,True,True,True,2,True,True,True,True,True,True,True,False,True,0,0,True,2,15,24,15,,,,False,False,False,
124,2026-08-18T21:56:39.327150,shadow,analysis_full,silero,webrtc,False,0.03369702398777008,True,True,True,1,False,True,False,0,0.0,,,,,,,,,,,,,5.6244537455501575,0.893404752916794,0.10102855063089237,0.005566696452135756,,,,,,,,,,,,,,False,False,temporal_v1,False,0.006995989095796199,0.09603340292275574,1.8796369791322058,0.9445702724975834,103.46630974660009,1402.3099231214132,5.024913708835175,0.5682304100034263,0.031309626710555725,0.0,0.0,0.09534245447773208,0.09150698062163215,0.007030928431599715,0.00932705966751093,0.4660016777505188,142.59227181542295,0.012075469948931244,0.6644273267917739,-0.0004058560629480286,933.3333333333334,0.007269526929903808,True,0.018049593083560467,0.09534245447773208,True,True,True,0.85,False,False,False,0,True,True,True,True,True,True,True,False,True,0,0,False,0,15,24,15,,,,False,False,False,
125,2026-08-18T21:56:39.334442,shadow,analysis_full,silero,webrtc,False,0.030482802540063858,True,True,True,1,False,True,False,0,0.0,,,,,,,,,,,,,5.858290048728348,0.9358359223028623,0.06214744009065148,0.002016637606315536,,,,,,,,,,,,,,False,False,temporal_v1,False,0.007137242359545678,0.09394572025052192,1.867711559576433,0.949049198770439,103.66058592906073,1449.7081171516002,5.482398270869373,0.3640777298370047,0.01181404802096966,0.0,0.0,0.09965177718530258,0.09637027544985288,0.004043250262054094,0.009150149060881473,0.45822216660389914,150.34128982242947,0.0033254486109998414,0.5486787142531478,-0.0003314564555373941,800.0,0.009115459713254542,True,0.02442314848303795,0.09965177718530258,True,True,True,0.85,False,False,False,0,True,True,True,True,True,True,True,True,True,0,0,False,0,15,24,15,,,,False,False,False,
126,2026-08-18T21:56:39.343353,shadow,analysis_full,silero,webrtc,False,0.0309610553085804,True,True,True,1,False,True,False,0,0.0,,,,,,,,,,,,,2.671487778240002,0.9084695016899552,0.08880143971617192,0.0027290585934985354,,,,,,,,,,,,,,False,False,temporal_v1,False,0.004820039713612657,0.09394572025052192,2.2574007984287054,0.9497558265541015,100.25402381967291,1075.606230919592,2.4269651706685003,0.23723196089186963,0.007290646678632187,0.0,0.0,0.10220926181435798,0.09861663245610872,0.004099518540723169,0.008964889583959872,0.45751498628779097,155.0728668685539,0.0027548983465672987,1.3923626957197504,-0.0008412980879509911,933.3333333333334,0.0016168384192020405,True,0.030644946731626987,0.10220926181435798,True,True,True,0.85,False,False,False,0,True,True,True,True,True,True,True,True,True,0,0,False,0,15,24,15,,,,False,False,False,
127,2026-08-18T21:56:39.351436,shadow,analysis_full,silero,webrtc,False,0.04484584927558899,True,True,True,1,False,True,False,0,0.0,,,,,,,,,,,,,0.8369224161974389,0.9165503972680504,0.08088598737571093,0.002563615355043846,,,,,,,,,,,,,,False,False,temporal_v1,False,0.0027057989975231827,0.08977035490605428,2.3156000587386036,0.9625203379430732,95.29619491111696,1032.068556897599,0.7670815730482993,0.06769529599099552,0.002145547157144151,0.0,0.0,0.10428920254489585,0.1005196293353549,0.004270367728030635,0.00896488958395987,0.4167731983497152,155.83375794318428,0.011424491984098867,1.2357422274875747,-0.0007503961151252749,866.6666666666667,0.0025498959874289406,True,0.030884073115885258,0.10428920254489585,True,True,True,0.85,False,False,False,0,True,True,True,True,True,True,True,True,True,0,0,False,0,15,24,15,,,,False,False,False,
128,2026-08-18T21:56:39.357496,shadow,analysis_full,silero,webrtc,False,0.04484584927558899,True,True,True,1,False,True,False,0,0.0,,,,,,,,,,,,,0.7333660969060734,0.9632229260838652,0.034697256039217306,0.0020798178755539274,,,,,,,,,,,,,,False,False,temporal_v1,False,0.002536111471340721,0.07515657620041753,2.275412549302991,0.9698068210174653,94.7660746828622,854.7255660683699,0.7063950377525714,0.02544579123483148,0.001525267917670465,0.0,0.0,0.10423847047063929,0.10016680473912609,0.004438283544538904,0.011853920306119745,0.3746905114259485,191.64474096751022,0.012695590675549187,1.4536282109190601,-0.0008871141354279236,766.6666666666667,0.000597302044877724,True,0.03117663785815239,0.10423847047063929,True,True,True,0.85,False,False,False,0,True,True,True,True,True,True,True,False,True,0,0,False,0,15,24,15,,,,False,False,False,
129,2026-08-18T21:56:39.364103,shadow,analysis_full,silero,webrtc,False,0.05452529713511467,True,True,True,1,True,True,False,1,0.0,,,,,,,,,,,,,1.1417183010848369,0.7557237031484917,0.22907612574240593,0.01520017110822656,,,,,,,,,,,,,,False,True,temporal_v1,False,0.0031602815048653895,0.10855949895615867,2.5677861728318305,0.927261582337464,96.48327530933018,1745.5419513875604,0.8628235824482375,0.26154040510171617,0.01735431353388325,0.0,0.0,0.07403012405521536,0.07072138044442187,0.004045593854208478,0.009959799951462685,0.3396005239294948,252.08762403293483,0.033167596974061124,0.5177516059924698,-0.0003167538273376597,1166.6666666666667,0.029673057204278565,True,0.03254462219774723,0.07403012405521536,True,True,True,0.85,True,True,True,1,True,True,True,True,True,True,True,False,True,0,0,True,1,15,24,15,,,,False,False,False,
130,2026-08-18T21:56:39.370146,shadow,analysis_full,silero,webrtc,False,0.060425009578466415,True,True,True,1,False,True,False,0,0.0,,,,,,,,,,,,,3.5901934439520167,0.8828615245692951,0.09942798427737513,0.017710491153051122,,,,,,,,,,,,,,False,False,temporal_v1,False,0.005585402991747187,0.1022964509394572,2.167619799542166,0.9359101069288913,101.4705457634294,1324.2306250655324,3.1696436574261657,0.3569656972979964,0.06358408922685434,0.0,0.0,0.07305464633518897,0.07009697171289342,0.005271973581619509,0.010031744281197465,0.2658747966067574,238.27507183618206,0.01046853897486784,0.9596286407512735,-0.0005610824461003293,966.6666666666667,0.0037724717155481775,True,0.03483337536454201,0.07305464633518897,True,True,True,0.85,False,False,False,0,True,True,True,True,True,True,True,True,True,0,0,False,0,15,24,15,,,,False,False,False,
131,2026-08-18T21:56:39.375268,shadow,analysis_full,silero,webrtc,False,0.05467894300818443,True,True,True,1,True,True,False,1,0.0,,,,,,,,,,,,,3.4260080389944236,0.793756183889129,0.17794666018564553,0.028297155924933513,,,,,,,,,,,,,,False,True,temporal_v1,False,0.005455998631856822,0.11691022964509394,2.279978298064752,0.9206941024294493,101.19582072897052,1451.9221685828882,2.7194150670056922,0.6096466883082305,0.0969462836795009,0.0,0.0,0.07415820036926771,0.06958340225488716,0.00822607521990513,0.011518258224746324,0.24415784765584625,241.6967603444142,0.005113327126856537,0.9601484027509545,-0.0005637962893188916,1166.6666666666667,0.004890049920370136,True,0.039271436631679535,0.07415820036926771,True,True,True,0.85,True,True,True,1,True,True,True,True,True,True,True,True,True,0,0,True,1,15,24,15,,,,False,False,False,
132,2026-08-18T21:56:39.380929,shadow,analysis_full,silero,webrtc,False,0.06347707659006119,True,True,True,1,True,True,False,1,0.0,,,,,,,,,,,,,2.8594939484363158,0.7907107801649568,0.18160461921957965,0.02768460061511375,,,,,,,,,,,,,,False,True,temporal_v1,False,0.00499280382418954,0.12108559498956159,2.0043393078342593,0.916022149174835,100.40292135877486,1548.409917509761,2.261032690845052,0.5192973096664695,0.07916394792379407,0.0,0.0,0.07598866594217095,0.07001021791545237,0.009900415233658328,0.01288457129370311,0.22178706367800907,252.8738625287174,0.006450474943533976,0.8708616419726835,-0.0005191431463454836,1166.6666666666667,0.008505762954178573,True,0.04484584927558899,0.07598866594217095,True,True,True,0.85,True,True,True,2,True,True,True,True,True,True,True,True,True,0,0,True,2,15,24,15,,,,False,False,False,
133,2026-08-18T21:56:39.385459,shadow,analysis_full,silero,webrtc,False,0.06366179138422012,True,True,True,1,True,True,False,1,0.0,,,,,,,,,,,,,1.9397394130911039,0.7237226651178432,0.26680335722296755,0.009473977658673659,,,,,,,,,,,,,,False,True,temporal_v1,False,0.004105143895692174,0.12317327766179541,2.238909160590748,0.9180106307750419,98.71212595083736,1341.546078862263,1.4038333776764147,0.5175289875504152,0.018377047863273873,0.0,0.0,0.07880252354571311,0.07281001075945091,0.009853105864589038,0.014537528483134603,0.20390732294700015,251.75125051388517,0.0055805297861386246,1.4261470436905017,-0.0008415431780876962,1166.6666666666667,0.001717756243847369,True,0.04968557320535183,0.07880252354571311,True,True,True,0.85,True,True,True,3,True,True,True,True,True,True,True,True,True,0,0,True,3,15,24,15,,,,False,False,False,
134,2026-08-18T21:56:39.391558,shadow,analysis_full,silero,webrtc,False,0.06022736430168152,True,True,True,1,True,True,False,1,0.0,,,,,,,,,,,,,0.6505242985569697,0.5558165988518674,0.4317716456769382,0.012411755469657138,,,,,,,,,,,,,,False,True,temporal_v1,False,0.0023819380801471854,0.15970772442588727,2.6415768309206906,0.9101073940926417,93.94584960277514,1539.5991892033267,0.36157220309443167,0.28087794694077867,0.008074148520759342,0.0,0.0,0.11819487043240581,0.11437554140932753,0.00966475852235696,0.022341374914044365,0.21731839792760826,259.3521091203153,0.005807774945051037,0.7898804693290462,-0.0004739466994698977,1333.3333333333335,0.015333754033630801,True,0.05460212007164955,0.11819487043240581,True,True,True,0.85,True,True,True,4,True,True,True,True,True,True,True,True,True,0,0,True,4,15,24,15,,,,False,False,False,
135,2026-08-18T21:56:39.397117,shadow,analysis_full,silero,webrtc,False,0.07760471850633621,True,True,True,1,True,True,False,1,0.0,,,,,,,,,,,,,0.25839602682825213,0.71561395926564,0.27799697301274,0.006389067717750077,,,,,,,,,,,,,,False,True,temporal_v1,False,0.0015029038042054957,0.11064718162839249,3.004431136310709,0.9327980778720285,90.05173928828304,1268.3425049062566,0.18491180381707603,0.07183331329677285,0.0016509097134032686,0.0,0.0,0.11554378398037253,0.11323059832479651,0.0092942590324779,0.021812287993967616,0.27196206721761634,257.121690444714,0.008929940700434288,1.0402080131594684,-0.0006214692503277654,1333.3333333333335,0.00677893391854411,True,0.057453153654932976,0.11554378398037253,True,True,True,0.85,True,True,True,5,True,True,True,True,True,True,True,False,True,0,0,True,5,15,24,15,,,,False,False,False,
136,2026-08-18T21:56:39.403148,shadow,analysis_full,silero,webrtc,False,0.08415156602859497,True,True,True,1,True,True,False,1,0.0,,,,,,,,,,,,,0.20087728071810373,0.761109724966407,0.2321961723693018,0.006694102659312975,,,,,,,,,,,,,,False,True,temporal_v1,False,0.00133793544850311,0.1127348643006263,2.5373043471406724,0.9334162423520268,89.04420315562368,1303.1963673468967,0.1528896518793557,0.04664293569869744,0.0013446931390506173,0.0,0.0,0.11012221970316831,0.10889607394153675,0.008949092205383704,0.021136433885396745,0.2727895192077848,244.39918378748084,0.010324819168422207,1.0437731016445133,-0.0006255156340299108,1366.6666666666667,0.007396968112181098,True,0.06032618694007397,0.11012221970316831,True,True,True,0.85,True,True,True,6,True,True,True,True,True,True,True,False,True,0,0,True,6,15,24,15,,,,False,False,False,
137,2026-08-18T21:56:39.409741,shadow,analysis_full,silero,webrtc,False,0.1496279090642929,True,True,True,1,True,True,False,1,0.0,,,,,,,,,,,,,0.030124819574782177,0.6861505060691262,0.3073260673156231,0.006523426582055484,,,,,,,,,,,,,,False,True,temporal_v1,False,0.0005499557456809488,0.10438413361169102,2.946274611533417,0.9346307728461871,81.31576914262352,1276.2037508510557,0.02067016019647791,0.00925814232851051,0.00019651704879375945,0.0,0.0,0.10432887105608078,0.10498804524261711,0.008564499742844749,0.020024620808452822,0.3148811947712103,223.63579609049492,0.008686788280738442,0.9596595490057783,-0.0005752363058025254,1366.6666666666667,0.01015635747582156,True,0.0619510430842638,0.10432887105608078,True,True,True,0.85,True,True,True,7,True,True,True,True,True,True,True,False,True,0,0,True,7,15,24,15,,,,False,False,False,
138,2026-08-18T21:56:39.416954,shadow,analysis_full,silero,webrtc,False,0.2350579798221588,True,True,True,1,True,True,False,1,0.0,,,,,,,,,,,,,0.026807836046110627,0.7118506915447471,0.2825600491349005,0.005589259283050013,,,,,,,,,,,,,,False,True,temporal_v1,False,0.000486243352975783,0.11691022964509394,2.520569841614235,0.9351738860147999,80.24475301216418,1227.343061211592,0.01908317662824205,0.007574823470389376,0.00014983594647920658,0.0,0.0,0.08061478378282512,0.08469487266048008,0.008162192048491309,0.015426618883227968,0.30853973113771255,156.37699982345825,0.012255479567075645,1.0583127898379847,-0.0006370315020569888,1500.0,0.004742296549460593,True,0.06356943398714066,0.08061478378282512,True,True,True,0.85,True,True,True,8,True,True,True,True,True,True,True,False,True,0,0,True,8,15,24,15,,,,False,False,False,
139,2026-08-18T21:56:39.424779,shadow,analysis_full,silero,webrtc,False,0.22138890624046326,True,True,True,1,True,True,False,1,0.0,,,,,,,,,,,,,0.017317720191284233,0.7245474165622118,0.26537177268961953,0.010080810690424371,,,,,,,,,,,,,,False,True,temporal_v1,False,0.0003912630501676498,0.12526096033402923,2.5432946057353916,0.9223813878471655,78.28733460755019,1361.160575566868,0.012547509425342242,0.004595634106103914,0.0001745766588380761,0.0,0.0,0.08046138613095458,0.08455497405403936,0.00820603764779062,0.015256161622126034,0.30801629068819886,106.72235062600832,0.014259537958839188,1.1370275518323467,-0.0006730134707894164,1366.6666666666667,0.00706328075120855,True,0.07063325494527817,0.08046138613095458,True,True,True,0.85,True,True,True,9,True,True,True,True,True,True,True,False,True,0,0,True,9,15,24,15,,,,False,False,False,
140,2026-08-18T21:56:39.432354,shadow,analysis_full,silero,webrtc,False,0.2064722180366516,True,True,True,1,True,True,False,1,0.0,,,,,,,,,,,,,0.009956986988985178,0.6543669502659539,0.3404552714119584,0.005177778221655718,,,,,,,,,,,,,,False,True,temporal_v1,False,0.0003003732781112445,0.14613778705636743,2.820781892113627,0.9125730094877752,75.92483439740018,1308.4818976276304,0.006515523209820014,0.003389908707780287,5.15550703848768e-05,0.0,0.0,0.06631864919714096,0.07077235632850451,0.008359571083888505,0.016017098203249328,0.3022610041082983,107.41443611264413,0.0070059357630758235,1.0311407692214547,-0.0006177316933691133,1533.3333333333335,0.00696522122300758,True,0.08087814226746559,0.06631864919714096,True,True,True,0.85,True,True,True,10,True,True,True,True,True,True,True,False,True,0,0,True,10,15,24,15,,,,False,False,False,
141,2026-08-18T21:56:39.439921,shadow,analysis_full,silero,webrtc,False,0.17514725029468536,True,True,True,1,True,True,False,1,0.0,,,,,,,,,,,,,0.007914635351572202,0.6870163388636822,0.28980899727375015,0.023174663736219462,,,,,,,,,,,,,,False,True,temporal_v1,False,0.00026642836642147463,0.11899791231732777,3.1577141235612047,0.9171935302545423,74.89192389829635,1518.2421293085401,0.005437483802678206,0.0022937325350265146,0.00018341901286748088,0.0,0.0,0.06060704438505042,0.06270722284152933,0.007441484648017746,0.015940725210797767,0.33561940679466673,114.53474313285777,0.008702188433037475,1.0610495533194046,-0.0006257063387106728,1366.6666666666667,0.020651484578030913,True,0.11688973754644394,0.06060704438505042,True,True,True,0.85,True,True,True,11,True,True,True,True,True,False,True,False,True,0,0,True,11,15,24,15,,,,False,False,False,
142,2026-08-18T21:56:39.448346,shadow,analysis_full,silero,webrtc,False,0.13693378865718842,True,True,True,1,True,True,False,1,0.0,,,,,,,,,,,,,0.0031648448833606502,0.7586107163519111,0.23266699885550476,0.008722284476612954,,,,,,,,,,,,,,False,True,temporal_v1,False,0.000171594861460385,0.11899791231732777,2.8950101178971717,0.9315383372598198,71.04915988433591,1271.8291657496045,0.0024008852441089034,0.0007363549608547225,2.7604677397024533e-05,0.0,0.0,0.05648529154470656,0.05553819248416656,0.005067009504540793,0.01598986401019545,0.2655810905037368,100.46209959950133,0.004285766204769881,1.707892411694106,-0.001044145506108967,1166.6666666666667,0.0024075244053534564,True,0.14328084886074066,0.05648529154470656,True,True,True,0.85,True,True,True,12,True,True,True,True,True,False,True,False,True,0,0,True,12,15,24,15,,,,False,False,False,
143,2026-08-18T21:56:39.455379,shadow,analysis_full,silero,webrtc,False,0.10059969872236252,True,True,False,1,True,True,False,1,0.0,,,,,,,,,,,,,0.00404426840551209,0.657829150016622,0.29576096768073856,0.04640988205537569,,,,,,,,,,,,,,False,True,temporal_v1,False,0.00019342900174920818,0.1315240083507307,3.721855424911156,0.903372061846377,71.98873562976287,1520.269378758482,0.0026604376476370975,0.0011961367371748934,0.0001876940197000984,0.0,0.0,0.056928013048787245,0.05486349843840664,0.012199565363474147,0.016157976066020027,0.35018383385203466,113.86696303468139,0.009188929586462627,1.203128352901562,-0.0007191954822917502,1533.3333333333335,0.023231768108215433,True,0.14328084886074066,0.056928013048787245,True,True,True,0.85,True,True,True,13,True,True,True,False,True,False,True,False,True,0,0,True,13,15,24,15,,,,False,False,False,
144,2026-08-18T21:56:39.462472,shadow,analysis_full,silero,webrtc,False,0.10059969872236252,True,True,False,1,False,True,False,0,0.0,,,,,,,,,,,,,0.0018303756359422279,0.7855774987187634,0.18890342161710327,0.025519079117797435,,,,,,,,,,,,,,False,True,temporal_v1,False,0.00013293598048244587,0.10020876826722339,3.0878039552237113,0.9318270663307746,68.7300070880163,1382.3627834374554,0.0014379019137992612,0.0003457642204740682,4.670950066889851e-05,0.0,0.0,0.04203036489438288,0.04127813836324139,0.012745273667029766,0.01269201181926569,0.3455011694885387,97.60177920544692,0.005629469082125302,1.8176674491515297,-0.001117818894546984,1333.3333333333335,0.003145071646333889,True,0.14328084886074066,0.04203036489438288,True,True,False,0.85,True,False,False,0,True,False,True,False,True,False,True,False,True,0,1,False,0,15,24,15,,,,False,False,False,
145,2026-08-18T21:56:39.470031,shadow,analysis_full,silero,webrtc,False,0.07670917361974716,True,True,False,1,False,True,False,0,0.0,,,,,,,,,,,,,0.004073374726139482,0.7107987069257123,0.24583803942839536,0.043363253400395485,,,,,,,,,,,,,,False,True,temporal_v1,False,0.00019470263888825417,0.1336116910229645,3.5985338849801636,0.9066928918757629,72.06330412502169,1566.9289641298749,0.0028953494881638216,0.0010013904565313071,0.00017663478044435292,0.0,0.0,0.04203976054540847,0.04187981573970254,0.015034403224353173,0.013119221163561564,0.40094025878525125,114.22448475364762,0.007117608105696132,1.1929537665963474,-0.0007087760132590442,1366.6666666666667,0.021931261510024877,True,0.14328084886074066,0.04203976054540847,True,True,False,0.85,True,False,False,0,True,False,True,False,True,False,True,False,True,0,2,False,0,15,24,15,,,,False,False,False,
146,2026-08-18T21:56:39.478464,shadow,analysis_full,silero,webrtc,False,0.0512562170624733,True,True,False,1,False,True,False,0,0.0,,,,,,,,,,,,,0.003072747132153908,0.726932663560497,0.2251664418973568,0.04790089421670456,,,,,,,,,,,,,,False,True,temporal_v1,False,0.00016949668092336518,0.11482254697286012,3.6719411650538607,0.910667180264438,70.84033556666373,1507.0599155651282,0.0022336802572245186,0.0006918795385974026,0.00014718733533198666,0.0,0.0,0.03935719961213708,0.042530337077392774,0.016871377776774204,0.013004101463379903,0.41892489485426376,117.9705197028407,0.005390246632508043,1.5375490775565595,-0.0009202362991394569,1500.0,0.010605901903020614,True,0.14328084886074066,0.03935719961213708,True,True,False,0.85,True,False,False,0,True,False,True,False,True,False,True,False,True,0,3,False,0,15,24,15,,,,False,False,False,
147,2026-08-18T21:56:39.486522,shadow,analysis_full,silero,webrtc,False,0.03930245712399483,True,True,False,1,False,True,False,0,0.0,,,,,,,,,,,,,0.002662697937829429,0.7349296107872002,0.21937426117533437,0.045696127661906505,,,,,,,,,,,,,,False,True,temporal_v1,False,0.00016063219721273523,0.13778705636743216,3.736534750723237,0.9164223815543839,70.38319112812044,1480.0531379465458,0.001956895559092863,0.0005841273928444174,0.00012167498489214878,0.0,0.0,0.03907522359087022,0.04245542025019361,0.017308040237034274,0.012567780328427898,0.45604816241705903,113.37944717306165,0.002920640484902381,1.5162181654064795,-0.0009127870228548022,1333.3333333333335,0.013016482121165579,True,0.11876674368977547,0.03907522359087022,True,True,False,0.85,True,False,False,0,True,False,True,False,True,False,True,False,True,0,4,False,0,15,24,15,,,,False,False,False,
148,2026-08-18T21:56:39.493765,shadow,analysis_full,silero,webrtc,False,0.032519057393074036,True,True,False,1,False,True,False,0,0.0,,,,,,,,,,,,,0.0040388782880317955,0.7402960299606616,0.20910100812024807,0.05060296167149673,,,,,,,,,,,,,,False,True,temporal_v1,False,0.00019527514470160453,0.1127348643006263,3.784474670341447,0.9113204195712851,72.11161783535636,1496.7866504307128,0.0029899655621242515,0.0008445335217024301,0.00020437920320511327,0.0,0.0,0.03975398671733624,0.04399965054114507,0.017225143949526546,0.012876111853953464,0.4315336707050912,96.4887366585898,0.0015190224979098356,1.742946308677242,-0.0010501164152205019,1433.3333333333335,0.007654711837609701,True,0.10059969872236252,0.03975398671733624,True,True,False,0.85,True,False,False,0,True,False,True,False,True,False,True,False,True,0,5,False,0,15,24,15,,,,False,False,False,
149,2026-08-18T21:56:39.501406,shadow,analysis_full,silero,webrtc,False,0.025887073948979378,True,True,False,1,False,True,False,0,0.0,,,,,,,,,,,,,0.0020071977717402477,0.7283372170683268,0.22713864253994406,0.04452413989352207,,,,,,,,,,,,,,False,True,temporal_v1,False,0.00014059962142903005,0.11064718162839249,3.760992437133825,0.9161660653473735,69.17131833145893,1467.6220249528956,0.0014619168391750387,0.00045591217718228034,8.936875438292858e-05,0.0,0.0,0.03983172318323433,0.044266290170234666,0.016176538746997964,0.013466766950204706,0.3673520170423552,92.86235138418519,0.0018724539576592248,1.4276125230477565,-0.000857704888466649,1333.3333333333335,0.013975266180798893,True,0.08865443617105484,0.03983172318323433,True,True,False,0.85,True,False,False,0,True,False,True,False,True,False,True,False,True,0,6,False,0,15,24,15,,,,False,False,False,
150,2026-08-18T21:56:39.510299,shadow,analysis_full,silero,webrtc,False,0.023410791531205177,True,True,False,1,False,True,False,0,0.0,,,,,,,,,,,,,0.0016617208875746093,0.7597886255637454,0.1914580965406717,0.04875327729379712,,,,,,,,,,,,,,False,True,temporal_v1,False,0.00012726539419322114,0.1022964509394572,3.537732186046489,0.917878197801833,68.26247966431038,1499.617012363176,0.0012625566292408794,0.0003181499181169102,8.10143392168196e-05,0.0,0.0,0.035146016114415125,0.03442618224049454,0.01343261565541063,0.012144500686637985,0.30785727694647724,80.16529598295413,0.0018996343146299804,1.4044984750145428,-0.0008403015987384898,1400.0,0.014317423728335964,True,0.06398269534111023,0.035146016114415125,True,True,False,0.85,True,False,False,0,True,False,True,False,True,False,True,False,True,0,7,False,0,15,24,15,,,,False,False,False,
151,2026-08-18T21:56:39.517879,shadow,analysis_full,silero,webrtc,False,0.019880857318639755,True,True,False,1,False,True,False,0,0.0,,,,,,,,,,,,,0.002381332882433416,0.7390694707514992,0.20567368203833544,0.05525684679023239,,,,,,,,,,,,,,False,True,temporal_v1,False,0.0001535201175199324,0.11064718162839249,3.8120707762011183,0.9095288165820747,69.94037963896291,1497.1189141728028,0.001759970433103207,0.0004897775020890432,0.00013158494624116576,0.0,0.0,0.03227851395608993,0.029296287559874543,0.01322683047171608,0.012343837577531927,0.29855913472935264,79.16676358259242,0.002800513587907037,1.5986677665644222,-0.0009678301122904993,1433.3333333333335,0.01192737873832905,True,0.04527933709323406,0.03227851395608993,True,True,False,0.85,True,False,False,0,True,False,True,False,True,False,True,False,True,0,8,False,0,15,24,15,,,,False,False,False,
152,2026-08-18T21:56:39.525555,shadow,analysis_full,silero,webrtc,False,0.01796535961329937,True,True,False,1,False,True,False,0,0.0,,,,,,,,,,,,,0.004051849332689764,0.7690444488702225,0.18013242775292926,0.05082312313004715,,,,,,,,,,,,,,False,True,temporal_v1,False,0.00019814227863942366,0.12108559498956159,3.762373726840692,0.9157837380643369,72.26273396388117,1472.1762394774926,0.0031160522369635788,0.0007298694571864936,0.00020592763753969127,0.0,0.0,0.03320547665606707,0.031886278262808966,0.00755022934886727,0.01238789452955891,0.2033916572618409,44.50587233374563,0.0012877542283505348,2.0586219458373267,-0.0012641956670934246,1333.3333333333335,0.004083229005297817,True,0.03591075725853443,0.03320547665606707,True,True,False,0.85,True,False,False,0,True,False,True,False,True,False,True,False,True,0,9,False,0,15,24,15,,,,False,False,False,
153,2026-08-18T21:56:39.533837,shadow,analysis_full,silero,webrtc,False,0.015610573813319206,True,True,False,1,False,True,False,0,0.0,,,,,,,,,,,,,0.004723523602339679,0.7585134137641895,0.18973786531514078,0.051748720708963344,,,,,,,,,,,,,,False,True,temporal_v1,False,0.00021282760668534575,0.12108559498956159,3.801064407860344,0.9145040784221795,72.89281960233582,1477.1999778138106,0.0035828560126063918,0.0008962312850736146,0.0002444363036596725,0.0,0.0,0.021348115871574532,0.01994109677729101,0.007754466291405185,0.011578642692160374,0.20763391773946183,43.34011188410521,0.0009061504832961991,1.5397081454770394,-0.0009194599590038392,1366.6666666666667,0.011936960404486288,True,0.029203065671026707,0.021348115871574532,True,True,False,0.85,True,False,False,0,True,False,True,False,True,False,True,False,False,0,0,False,0,15,24,24,,,,False,False,False,
154,2026-08-18T21:56:39.543549,shadow,analysis_full,silero,webrtc,False,0.01597641408443451,True,True,False,1,False,True,False,0,0.0,,,,,,,,,,,,,0.0030831013378486466,0.7804983460701103,0.17616714900769895,0.043334504597842056,,,,,,,,,,,,,,False,True,temporal_v1,False,0.00017214852450292667,0.11691022964509394,3.6024192899340055,0.9210181698704952,71.02894728098781,1462.937578944894,0.002406355494957413,0.0005431411727906185,0.00013360466910061517,0.0,0.0,0.02042493485111345,0.02148332427788735,0.0037721554975617333,0.01023603396420147,0.09237230677055551,28.524233410484346,0.0009277812681975693,1.5883721631338559,-0.0009564019774025181,1233.3333333333335,0.009838427314290688,True,0.024648932740092278,0.02042493485111345,True,True,False,0.85,True,False,False,0,True,False,True,False,True,False,True,False,False,0,0,False,0,15,24,24,,,,False,False,False,
155,2026-08-18T21:56:39.551912,shadow,analysis_full,silero,webrtc,False,0.01402384601533413,True,True,False,1,False,True,False,0,0.0,,,,,,,,,,,,,0.0048072689203702895,0.7341120216262225,0.2163596821544322,0.04952829601132685,,,,,,,,,,,,,,False,True,temporal_v1,False,0.00021462886806484341,0.12943632567849686,3.85972962108044,0.9105358357183375,72.94880350301477,1496.9673614204908,0.0035290739056339413,0.0010400991756421962,0.00023809583809415133,0.0,0.0,0.01753454077782331,0.01762496255247036,0.0034184251090754827,0.009666669647423989,0.09495412286363536,14.704181606368616,0.0015975137503930143,1.6302039882775945,-0.0009726063223708872,1433.3333333333335,0.010308446853463778,True,0.021645824424922466,0.01753454077782331,True,True,False,0.85,True,False,False,0,True,False,True,False,True,False,True,False,False,0,0,False,0,15,24,24,,,,False,False,False,
156,2026-08-18T21:56:39.560879,shadow,analysis_full,silero,webrtc,False,0.013026564382016659,True,True,False,1,False,True,False,0,0.0,,,,,,,,,,,,,0.0014855056927298017,0.7585866018151428,0.19204438525283732,0.049369012258848384,,,,,,,,,,,,,,False,True,temporal_v1,False,0.00012164721691715699,0.15657620041753653,3.7000880184201104,0.9130745030663161,67.82059897099093,1528.5195014358917,0.00112688471542495,0.000285283027549885,7.333794875496665e-05,0.0,0.0,0.01642047768905192,0.016412352330037613,0.00340744124343758,0.015031315240083507,0.09351064205406369,18.684296491116065,0.0023710294261143207,1.1740268714070152,-0.0006981136253348377,1333.3333333333335,0.024578506935394862,True,0.018923108465969563,0.01642047768905192,True,True,False,0.85,True,False,False,0,True,False,True,False,True,False,True,False,False,0,0,False,0,15,24,24,,,,False,False,False,
157,2026-08-18T21:56:39.567442,shadow,analysis_full,silero,webrtc,False,0.011533176526427269,True,True,False,1,False,True,False,0,0.0,,,,,,,,,,,,,0.0032679761360579836,0.763429421071703,0.1861434771495239,0.05042710147277335,,,,,,,,,,,,,,False,True,temporal_v1,False,0.0001758170660103453,0.09603340292275574,3.721367271464136,0.9119861477320957,71.17566315667516,1532.8679751059276,0.002494869129626887,0.0006083124412074987,0.0001647945642235977,0.0,0.0,0.01596943272240917,0.015644913155019147,0.003245502308761502,0.015822376051354,0.09360853730153332,22.74346302578057,0.0026612065809043716,1.3229340802586909,-0.0007835648786161523,1433.3333333333335,0.0201809811111211,True,0.01697088684886694,0.01596943272240917,True,True,False,0.85,True,False,False,0,True,False,True,False,True,False,True,False,False,0,0,False,0,15,24,24,,,,False,False,False,
158,2026-08-18T21:56:39.572761,shadow,analysis_full,silero,webrtc,False,0.011072305962443352,True,True,False,1,False,True,False,0,0.0,,,,,,,,,,,,,0.0033046333383337525,0.7644085801299682,0.19176436065160735,0.04382705891581907,,,,,,,,,,,,,,False,True,temporal_v1,False,0.00017693939423363113,0.08768267223382047,3.572092987973567,0.9204657063634614,71.27290097409407,1494.061076166795,0.0025260900780058604,0.0006337108993135588,0.00014483236001433322,0.0,0.0,0.01566132360874455,0.015206159479097476,0.0036173305989219877,0.01821914340648971,0.10338249143862828,22.714937401697956,0.0009199802083903937,1.2896499118976892,-0.000766006060283449,1266.6666666666667,0.018118835288253407,True,0.015793493948876858,0.01566132360874455,True,True,False,0.85,True,False,False,0,True,False,True,False,True,False,True,False,False,0,0,False,0,15,24,24,,,,False,False,False,
159,2026-08-18T21:56:39.578395,shadow,analysis_full,silero,webrtc,False,0.012429350055754185,True,True,False,1,False,True,False,0,0.0,,,,,,,,,,,,,0.0023890267593311533,0.6469591698431744,0.27365280049070995,0.07938802924753512,,,,,,,,,,,,,,False,True,temporal_v1,False,0.0001547716653339047,0.11899791231732777,3.7899006200169665,0.8831665871028258,69.8864484184332,1600.8851406867195,0.001545602768950012,0.0006537638631382154,0.00018966012624292564,0.0,0.0,0.03584223000551333,0.0268098941850796,0.00964100933613307,0.018180827605074938,0.10507457300815863,37.95162207127222,0.0041639560918277805,1.282802890127559,-0.0007682839183293002,1866.6666666666667,0.02017927391999382,True,0.014817209914326668,0.03584223000551333,True,True,False,0.85,True,False,False,0,True,False,True,False,True,False,True,False,False,0,0,False,0,15,24,24,,,,False,False,False,
160,2026-08-18T21:56:39.583320,shadow,analysis_full,silero,webrtc,False,0.012429350055754185,True,True,False,1,False,True,False,0,0.0,,,,,,,,,,,,,0.002618363353910231,0.7185896826236479,0.22355428754885165,0.05785602944558265,,,,,,,,,,,,,,False,True,temporal_v1,False,0.00015800165644834827,0.10647181628392484,3.5667113333801623,0.9078137308007155,70.19295754490913,1552.1155822502574,0.0018815288914797428,0.0005853463541274234,0.00015148810730306487,0.0,0.0,0.03654703093951657,0.02747073104575452,0.009697861903733052,0.01790545439865684,0.10041767863457801,40.23539250112738,0.005049718549756902,1.314669114740748,-0.0007870605668403431,1566.6666666666667,0.01794476289753102,True,0.013525205198675394,0.03654703093951657,True,True,False,0.85,True,False,False,0,True,False,True,False,True,False,True,False,False,0,0,False,0,15,24,24,,,,False,False,False,
161,2026-08-18T21:56:39.588372,shadow,analysis_full,silero,webrtc,False,0.010532613843679428,True,True,False,1,False,True,False,0,0.0,,,,,,,,,,,,,0.0019912981235994435,0.7104419514156015,0.23968689052379227,0.04987115755842133,,,,,,,,,,,,,,False,True,temporal_v1,False,0.0001397529458768208,0.1315240083507307,3.853754078452902,0.9093298641624951,69.0835620035149,1512.1136160211875,0.0014147017247802143,0.00047728805535141277,9.930834246781659e-05,0.0,0.0,0.03786537227519874,0.029553208883214395,0.009715760118796851,0.018314582212493786,0.10496572511146403,39.95046518106716,0.0028627251569848878,1.3182000119118802,-0.00078471803567094,1500.0,0.019791636359400334,True,0.012727957218885422,0.03786537227519874,True,True,False,0.85,True,False,False,0,True,False,True,False,True,False,True,False,False,0,0,False,0,15,24,24,,,,False,False,False,
162,2026-08-18T21:56:39.595033,shadow,analysis_full,silero,webrtc,False,0.007587933912873268,True,True,False,1,False,True,False,0,0.0,,,,,,,,,,,,,0.0020975969667044406,0.7072350189997367,0.23725782851080163,0.05550715201272557,,,,,,,,,,,,,,False,True,temporal_v1,False,0.00014190087215873315,0.15657620041753653,3.874881836487541,0.9041579845941731,69.1983167298342,1539.1921169244536,0.0014834940306010052,0.0004976713014111398,0.00011643163369229544,0.0,0.0,0.037739170610731176,0.029342640001118594,0.009730868804878763,0.021600202487966385,0.1142108791706673,38.12193817070226,0.0011447446270877097,1.3050717911646887,-0.0007789153997959711,1533.3333333333335,0.022435393210508976,True,0.012429350055754185,0.037739170610731176,True,True,False,0.85,True,False,False,0,True,False,True,False,True,False,True,False,False,0,0,False,0,15,24,24,,,,False,False,False,
163,2026-08-18T21:56:39.601346,shadow,analysis_full,silero,webrtc,False,0.007238463498651981,True,True,False,1,False,True,False,0,0.0,,,,,,,,,,,,,0.0035246613959669802,0.7231294899631092,0.22387205393321755,0.05299845581995813,,,,,,,,,,,,,,False,True,temporal_v1,False,0.00018500763932796966,0.13569937369519833,3.88489367232708,0.909557402181187,71.62069840735788,1492.7962234937108,0.002548786597558263,0.0007890731861342497,0.00018680161127446795,0.0,0.0,0.036951509820241236,0.028452162835039995,0.00972091546903371,0.02197131042492337,0.1216454231782672,36.6421828481216,0.0010529719466434448,1.58205398274088,-0.0009523180731241427,1433.3333333333335,0.012113614514102308,True,0.011981263291090727,0.036951509820241236,True,True,False,0.85,True,False,False,0,True,False,True,False,True,False,True,False,False,0,0,False,0,15,24,24,,,,False,False,False,
164,2026-08-18T21:56:39.608925,shadow,analysis_full,silero,webrtc,False,0.006395004689693451,True,True,False,1,False,True,False,0,0.0,,,,,,,,,,,,,0.000608222810170903,0.7246197599837012,0.2170734975669616,0.05830674080520287,,,,,,,,,,,,,,False,True,temporal_v1,False,8.15719254366075e-05,0.1336116910229645,3.5477061951413065,0.9057352362394252,63.91093109631133,1524.4101654498,0.00044073026672265196,0.00013202905270380405,3.546348974444695e-05,0.0,0.0,0.033020228478423605,0.025175989868200035,0.009224837087856675,0.022034696955254715,0.12884406719150202,31.078601616741548,0.0037246668267032082,1.8310711807054934,-0.0011220469464831764,1433.3333333333335,0.0049364170773935215,True,0.01130274124443531,0.033020228478423605,True,True,False,0.85,True,False,False,0,True,False,True,False,True,False,True,False,False,0,0,False,0,15,24,24,,,,False,False,False,
165,2026-08-18T21:56:39.615547,shadow,analysis_full,silero,webrtc,False,0.0061639598570764065,True,True,False,1,False,True,False,0,0.0,,,,,,,,,,,,,0.00036044143835497116,0.7181602259138837,0.23465837649591245,0.047181394815827955,,,,,,,,,,,,,,False,True,temporal_v1,False,6.636981192337567e-05,0.1419624217118998,3.407526198087437,0.911289718660292,61.73488195197396,1543.8697986296486,0.0002588547047977313,8.458060274622905e-05,1.7006129811010807e-05,0.0,0.0,0.03293400269981009,0.025497605744490236,0.009382139398919447,0.022585600561667675,0.1546451979082664,29.638805601139396,0.007317415509153889,1.3158377296291133,-0.0007939892928453228,1500.0,0.015577848616972152,True,0.01080245990306139,0.03293400269981009,True,True,False,0.85,True,False,False,0,True,False,True,False,True,False,True,False,False,0,0,False,0,15,24,24,,,,False,False,False,
166,2026-08-18T21:56:39.623347,shadow,analysis_full,silero,webrtc,False,0.006404012441635132,True,True,False,1,False,True,False,0,0.0,,,,,,,,,,,,,0.00021118003244964334,0.6741161558221662,0.21090330840961438,0.11498053103292323,,,,,,,,,,,,,,False,True,temporal_v1,False,5.564264604547592e-05,0.1732776617954071,3.686416739757964,0.876453532846429,59.45857399327183,1825.3842946888728,0.00014235987166135388,4.45385675136795e-05,2.428159227460995e-05,0.0,0.0,0.033689929033469665,0.02385919595707658,0.0202109893297732,0.025211739690105265,0.1546271295016213,92.72788003165039,0.0076448214226236795,0.8218627908286797,-0.0004897732116239987,2033.3333333333335,0.060877670556566996,True,0.009060273878276348,0.033689929033469665,True,True,False,0.85,True,False,False,0,True,False,True,False,True,False,True,False,False,0,0,False,0,15,24,24,,,,False,False,False,
167,2026-08-18T21:56:39.631633,shadow,analysis_full,silero,webrtc,False,0.006696649827063084,True,True,False,1,False,True,False,0,0.0,,,,,,,,,,,,,0.00048658834063880214,0.801836599661828,0.15849451134636405,0.03966888693668273,,,,,,,,,,,,,,False,True,temporal_v1,False,7.453516363797278e-05,0.12943632567849686,3.25445841305159,0.9243135901781435,63.06081767522045,1518.7559665169447,0.00039016434049290836,7.712158127638508e-05,1.9302417869508706e-05,0.0,0.0,0.040483848232505816,0.029096552471926346,0.02101722292464937,0.02283127033735669,0.20161795883551112,93.26282817233694,0.004917819524074035,1.2270353475866917,-0.0007358362127583614,1233.3333333333335,0.01598733846547909,True,0.007413198705762625,0.040483848232505816,True,True,False,0.85,True,False,False,0,True,False,True,False,True,False,True,False,False,0,0,False,0,15,24,24,,,,False,False,False,
168,2026-08-18T21:56:39.639435,shadow,analysis_full,silero,webrtc,False,0.006797312758862972,True,True,False,1,False,True,False,0,0.0,,,,,,,,,,,,,0.0005621725736998806,0.7549906489277013,0.18602401942096078,0.05898532987252459,,,,,,,,,,,,,,False,True,temporal_v1,False,7.880095059699856e-05,0.12526096033402923,3.5854701429698235,0.9027444645042609,63.54079240580462,1542.0488606964159,0.00042443503622702883,0.0001045776017678781,3.3159934704973596e-05,0.0,0.0,0.03951327556977587,0.029719436308146864,0.020334654218493682,0.017856705453313654,0.20118143052295046,90.93358714286353,0.004840307170737332,1.4480981425552828,-0.0008695744358352018,1500.0,0.012576007613654927,True,0.007017888128757477,0.03951327556977587,True,True,False,0.85,True,False,False,0,True,False,True,False,True,False,True,False,False,0,0,False,0,15,24,24,,,,False,False,False,
169,2026-08-18T21:56:39.647331,shadow,analysis_full,silero,webrtc,False,0.005996855441480875,True,True,False,1,False,True,False,0,0.0,,,,,,,,,,,,,0.0013187828834984926,0.6979067040240903,0.25383636501212586,0.04825693020550896,,,,,,,,,,,,,,False,True,temporal_v1,False,0.00011618856602318791,0.15657620041753653,3.9445967421265764,0.9042105741169502,67.34911218505472,1506.938498184943,0.0009203874155458187,0.0003347550533874672,6.364041356520661e-05,0.0,0.0,0.03272546926491988,0.0266082255010949,0.019727819603738404,0.017988024407964945,0.21703811126894523,91.60758845723603,0.002761367560876031,1.5755389536092401,-0.000951727418456241,1500.0,0.012824652720106551,True,0.006746981292963028,0.03272546926491988,True,True,False,0.85,True,False,False,0,True,False,True,False,True,False,True,False,False,0,0,False,0,15,24,24,,,,False,False,False,
170,2026-08-18T21:56:39.654968,shadow,analysis_full,silero,webrtc,False,0.0061788433231413364,True,True,False,1,False,True,False,0,0.0,,,,,,,,,,,,,0.0010667880237499032,0.7145788758731187,0.23606679645662673,0.049354326732861234,,,,,,,,,,,,,,False,True,temporal_v1,False,0.00010542049731379116,0.15031315240083507,3.7338562367674357,0.9035541424380428,66.42597519954477,1537.7723767174969,0.0007623041868061117,0.0002518332312649355,5.265060467885606e-05,0.0,0.0,0.03280280836931478,0.027104359649260702,0.01991358925885156,0.014525531345969903,0.2155920187015383,91.76561161681671,0.00188805938607145,1.4520185987881922,-0.0008617887179385894,1500.0,0.0132933179579296,True,0.006550331134349108,0.03280280836931478,True,True,False,0.85,True,False,False,0,True,False,True,False,True,False,True,False,False,0,0,False,0,15,24,24,,,,False,False,False,
171,2026-08-18T21:56:39.663828,shadow,analysis_full,silero,webrtc,False,0.006897426210343838,True,True,False,1,True,True,False,1,0.0,,,,,,,,,,,,,0.004873484785076017,0.370708724582934,0.4410529700145194,0.18823830519735446,,,,,,,,,,,,,,False,True,temporal_v1,False,0.0002093572630297102,0.20250521920668058,3.985377687423897,0.7446259760344688,71.85534536879972,2118.124430668144,0.0018066433289498647,0.002149464938778349,0.0009173765163478028,0.0,0.0,0.11089049666172662,0.07200979812703764,0.0436831771765407,0.022260023568774278,0.22952729226793664,190.67472109402823,0.0077129095180036725,0.6985851550561225,-0.0004041431271322652,2966.666666666667,0.06637158798954307,True,0.006550331134349108,0.11089049666172662,True,True,True,0.85,True,True,True,1,True,False,True,False,True,False,True,False,False,0,0,True,1,15,24,24,,,,False,False,False,
172,2026-08-18T21:56:39.671372,shadow,analysis_full,silero,webrtc,False,0.03691308945417404,True,True,True,1,True,True,False,1,0.0,,,,,,,,,,,,,0.0738471318682866,0.26035534527820936,0.3564965224452211,0.38314813226302796,,,,,,,,,,,,,,False,True,temporal_v1,False,0.0008021276486722128,0.2818371607515658,3.769803827343396,0.6587932710292715,83.08487989334418,2133.810848022105,0.019226495515373216,0.026326245703597838,0.028294390648315543,0.0,0.0,0.1691619628474011,0.08000898366754068,0.10262351390292387,0.04537961397956991,0.22316360356883957,243.25158189790133,0.005101774814906212,1.0477150881723258,-0.0006023123868806115,3000.0,0.01892249775258594,True,0.006550331134349108,0.1691619628474011,True,True,True,0.85,True,True,True,2,True,True,True,True,True,True,True,False,False,1,0,True,2,15,24,24,,,,False,False,False,
173,2026-08-18T21:56:39.678552,shadow,analysis_full,silero,webrtc,False,0.04897863417863846,True,True,True,1,True,True,False,1,0.0,,,,,,,,,,,,,0.2393653347229672,0.19399668360286168,0.5911862858817138,0.21481703051124684,,,,,,,,,,,,,,False,True,temporal_v1,False,0.0014435254801475703,0.24217118997912318,3.5362993717632962,0.7083633405218811,88.5075177713943,2111.3634319477237,0.04643608110574455,0.1415095032037042,0.05141975041251846,0.0,0.0,0.21317683997628617,0.12840963159869317,0.10599074091722328,0.04997198931232462,0.21553282223953424,266.72436038869904,0.0066381072180084775,1.1742890781808006,-0.0006837349708087636,2966.666666666667,0.01377559614426204,True,0.006550331134349108,0.21317683997628617,True,True,True,0.85,True,True,True,3,True,True,True,True,True,True,True,False,False,2,0,True,3,15,24,24,,,,False,False,False,
174,2026-08-18T21:56:39.687102,shadow,analysis_full,silero,webrtc,False,0.03995876386761665,True,True,True,1,True,True,False,1,0.0,,,,,,,,,,,,,0.33848612046159815,0.08492569638329113,0.6051346815216323,0.3099396220921224,,,,,,,,,,,,,,False,True,temporal_v1,False,0.0017165642805667698,0.2860125260960334,3.869037535953959,0.6299704963042849,89.50453191697815,2192.278952496722,0.02874616949627979,0.20482969070502205,0.10491026025929635,0.0,0.0,0.2553315900910248,0.15650094036144588,0.11752941033884218,0.058015420591191046,0.22245183358571474,288.0803900848491,0.006996404995439512,1.3507136363254573,-0.000775355798476363,3066.666666666667,0.008693504471988467,True,0.006746981292963028,0.2553315900910248,True,True,True,0.85,True,True,True,4,True,True,True,True,True,True,True,False,False,3,0,True,4,15,24,24,,,,False,False,False,
175,2026-08-18T21:56:39.694705,shadow,analysis_full,silero,webrtc,False,0.037240367382764816,True,True,True,1,True,True,False,1,0.0,,,,,,,,,,,,,0.128598985866093,0.30601468559321565,0.34777675190946716,0.3462085624895409,,,,,,,,,,,,,,False,True,temporal_v1,False,0.001059218447275302,0.2755741127348643,3.874597076627745,0.6597180475244729,85.50866665744215,2157.8465091727594,0.039353178227418836,0.0447237376033613,0.04452207003431285,0.0,0.0,0.25443623401742477,0.15344815954806013,0.12642506247916452,0.060969270371966776,0.20956993347259345,291.7072657513792,0.007356338124232759,1.2496378502010232,-0.0007251052671933808,3166.666666666667,0.014905865500596999,True,0.006847369484603405,0.25443623401742477,True,True,True,0.85,True,True,True,5,True,True,True,True,True,True,True,False,False,4,0,True,5,15,24,24,,,,False,False,False,
176,2026-08-18T21:56:39.701283,shadow,analysis_full,silero,webrtc,False,0.037240367382764816,True,True,True,1,True,True,False,1,0.0,,,,,,,,,,,,,0.08146430588971172,0.5408157764304287,0.23514612136325494,0.22403810219404105,,,,,,,,,,,,,,False,True,temporal_v1,False,0.0008438643763515597,0.24217118997912318,3.452326468528913,0.75239923844543,84.10210505089763,2109.306590624305,0.04405718184111039,0.019156015559515478,0.018251108488085855,0.0,0.0,0.24762935224014504,0.15159028709583397,0.1254462184776468,0.0611929670504989,0.2249679341498773,300.21803860046657,0.008460311504747868,0.9092918381531555,-0.0005271604374714789,3166.666666666667,0.03093277238865543,True,0.02190525783225894,0.24762935224014504,True,True,True,0.85,True,True,True,6,True,True,True,True,True,True,True,False,False,5,0,True,6,15,24,24,,,,False,False,False,
177,2026-08-18T21:56:39.709358,shadow,analysis_full,silero,webrtc,False,0.03676780313253403,True,True,True,1,True,True,False,1,0.0,,,,,,,,,,,,,0.2657555290764674,0.2421922859518215,0.5945287082059102,0.1632790058385055,,,,,,,,,,,,,,False,True,temporal_v1,False,0.001520983626677932,0.18789144050104384,3.0632831466513277,0.7937119691566055,89.45536036652194,2049.3908566464347,0.0643639390913654,0.15799929140041036,0.04339229858369163,0.0,0.0,0.22947511476163487,0.15544972283934602,0.1161367286680947,0.05585477846355563,0.266378419410539,275.2702252622218,0.012761703629213798,1.0549350028966364,-0.000599697796168815,2733.3333333333335,0.011900446436385003,True,0.036840446293354034,0.22947511476163487,True,True,True,0.85,True,True,True,7,True,True,True,True,True,True,True,False,False,6,0,True,7,15,24,24,,,,False,False,False,
178,2026-08-18T21:56:39.718000,shadow,analysis_full,silero,webrtc,False,0.030046751722693443,True,True,True,1,True,True,False,1,0.0,,,,,,,,,,,,,0.19871359781947293,0.17262150936109566,0.4665200175022146,0.3608584731316574,,,,,,,,,,,,,,False,True,temporal_v1,False,0.0013159792283762666,0.24008350730688935,3.827274640434227,0.6860353569696046,87.5648852796756,2157.4051868457063,0.034302241186171145,0.09270387113266855,0.07170748549963325,0.0,0.0,0.209223974149535,0.14176979637837006,0.11514520994501816,0.04737935916640126,0.26753938135264277,245.25984821414528,0.009188686316846014,1.3035619622997612,-0.000763526321008378,3100.0,0.011896720703953598,True,0.036840446293354034,0.209223974149535,True,True,True,0.85,True,True,True,8,True,True,True,True,True,True,True,False,False,7,0,True,8,15,24,24,,,,False,False,False,
179,2026-08-18T21:56:39.725466,shadow,analysis_full,silero,webrtc,False,0.024908406659960747,True,True,True,1,True,True,False,1,0.0,,,,,,,,,,,,,0.1469121304541061,0.15993936189143393,0.4628715310673727,0.37718910703438646,,,,,,,,,,,,,,False,True,temporal_v1,False,0.0011377753679922844,0.2839248434237996,3.9343816818151023,0.672609874126746,86.21455042732467,2399.071107449338,0.023497032398940826,0.06800144275566168,0.05541365529850357,0.0,0.0,0.18246647966151713,0.13185808816473582,0.10544143979790294,0.04385326410954474,0.2666430781263802,206.11550285415368,0.004725731335534259,0.6497404623485517,-0.000359712521231483,2966.666666666667,0.07577506734346506,True,0.036840446293354034,0.18246647966151713,True,True,True,0.85,True,True,True,9,True,True,True,True,True,True,True,False,False,8,0,True,9,15,24,24,,,,False,False,False,
180,2026-08-18T21:56:39.734055,shadow,analysis_full,silero,webrtc,False,0.01918088272213936,True,True,True,1,True,True,False,1,0.0,,,,,,,,,,,,,0.13108803858238668,0.07571860792235437,0.6183177209020291,0.30596367116798795,,,,,,,,,,,,,,False,True,temporal_v1,False,0.0010693094877514634,0.2776617954070981,3.7880372935582325,0.700809132914331,85.85304349677456,2222.0142204629637,0.0099258037967302,0.0810540572537786,0.04010817753087788,0.0,0.0,0.13283409268075774,0.12421577454239649,0.0783958529158348,0.03342966048872447,0.2677302806041799,90.22585858967656,0.005273759698439755,0.8994475724610652,-0.0005139541092335638,2966.666666666667,0.036908217385553777,True,0.036840446293354034,0.13283409268075774,True,True,True,0.85,True,True,True,10,True,True,True,True,True,True,True,False,False,9,0,True,10,15,24,24,,,,False,False,False,
181,2026-08-18T21:56:39.741304,shadow,analysis_full,silero,webrtc,False,0.016354182735085487,True,True,True,1,True,True,False,1,0.0,,,,,,,,,,,,,0.13301578869303635,0.09255582552045413,0.5289690261953035,0.37847514827672435,,,,,,,,,,,,,,False,True,temporal_v1,False,0.001076771280775401,0.2588726513569937,3.651997909099658,0.6873116843788892,85.82917320729445,2071.1316465049304,0.012311386129738268,0.0703612322135557,0.05034317034874237,0.0,0.0,0.1318228149793569,0.12483086441483403,0.07504259291859738,0.029081052441529608,0.25164262653847913,93.704815977163,0.00486954419195489,1.4916922382047324,-0.0008797927207882768,2966.666666666667,0.00787967483114373,True,0.036840446293354034,0.1318228149793569,True,True,True,0.85,True,True,True,11,True,True,True,True,True,True,True,False,True,0,0,True,11,15,24,15,,,,False,False,False,
182,2026-08-18T21:56:39.749401,shadow,analysis_full,silero,webrtc,False,0.013095344416797161,True,True,True,1,True,True,False,1,0.0,,,,,,,,,,,,,0.13159261402090403,0.05878586977511319,0.7680893850721666,0.1731247451451208,,,,,,,,,,,,,,False,True,temporal_v1,False,0.0010704936650650465,0.2045929018789144,3.340427417316282,0.787861144621351,86.37050540878859,2011.0915830257718,0.007735786271199599,0.10107488998335515,0.02278193776534926,0.0,0.0,0.13828020437585883,0.1435468794987797,0.07985702879374419,0.03175817574881707,0.2681823963194812,103.86366127576275,0.005946920025414916,1.0844377311797018,-0.0006234371213229442,2833.3333333333335,0.015971856627460965,True,0.033407277427613735,0.13828020437585883,True,True,True,0.85,True,True,True,12,True,True,True,True,True,True,True,False,True,0,0,True,12,15,24,15,,,,False,False,False,
183,2026-08-18T21:56:39.757384,shadow,analysis_full,silero,webrtc,False,0.014235748909413815,True,True,True,1,True,True,False,1,0.0,,,,,,,,,,,,,0.0775421785995332,0.10049960697608697,0.7083265088575239,0.19117388415349293,,,,,,,,,,,,,,False,True,temporal_v1,False,0.0008223840157749078,0.2150313152400835,3.4846961776298837,0.7805684374985367,84.0373383197654,2068.7724256017027,0.0077929584733226285,0.054925180656613955,0.014824039468596619,0.0,0.0,0.14101411259100727,0.15318286727599553,0.08222630492455191,0.03341857670774737,0.27049469173094925,106.13088122077849,0.004682538393633598,0.8685552868787697,-0.0004954606301024688,2933.3333333333335,0.02525042379655339,True,0.027477579191327095,0.14101411259100727,True,True,True,0.85,True,True,True,13,True,True,True,True,True,True,True,False,True,0,0,True,13,15,24,15,,,,False,False,False,
184,2026-08-18T21:56:39.765947,shadow,analysis_full,silero,webrtc,False,0.012394602410495281,True,True,True,1,True,True,False,1,0.0,,,,,,,,,,,,,0.05912399653672288,0.07198520674272936,0.8146684072316513,0.11334638600870559,,,,,,,,,,,,,,False,True,temporal_v1,False,0.0007181701576458243,0.2045929018789144,3.456288404856973,0.8087756555622951,83.01227547255306,1838.1208553741114,0.004256053114152412,0.0481664520877417,0.006701491333828764,0.0,0.0,0.14196806004098486,0.17440043008057063,0.09581920996000542,0.0328801736317411,0.2620159488055138,138.27735421585786,0.007160741663825852,1.3869150771423324,-0.0008159790104131224,1866.6666666666667,0.007720738333700161,True,0.022044644691050053,0.14196806004098486,True,True,True,0.85,True,True,True,14,True,True,True,True,True,True,True,False,True,0,0,True,14,15,24,15,,,,False,False,False,
185,2026-08-18T21:56:39.773077,shadow,analysis_full,silero,webrtc,False,0.01317477598786354,True,True,True,1,True,True,True,1,0.0,,,,,,,,,,,,,0.036302620660894326,0.15821950503564655,0.7620447423944492,0.07973575254235804,,,,,,,,,,,,,,False,True,temporal_v1,True,0.0005629831833947523,0.17745302713987474,3.1765233732274516,0.8519682850021367,81.11814859595229,1784.5911151478929,0.0057437826724635365,0.027664221209774627,0.0028946167776561643,0.0,0.0,0.13586176549324744,0.16950394587736042,0.1056264438579718,0.03508052411072229,0.26907880303159976,167.24019121003465,0.008867086757687924,1.0217824742612707,-0.0005810253834982947,1566.6666666666667,0.012669538900191703,True,0.017767532728612423,0.13586176549324744,True,True,True,0.85,True,True,True,15,True,True,True,True,True,True,True,False,True,0,0,True,15,15,24,15,webrtc_assisted,webrtc_assisted,,False,False,False,
186,2026-08-18T21:56:39.778434,shadow,analysis_full,silero,webrtc,False,0.012772937305271626,True,True,True,1,True,True,False,1,0.0,,,,,,,,,,,,,0.03662870461933995,0.14519401688485992,0.8255068893504429,0.029299093737396135,,,,,,,,,,,,,,False,True,temporal_v1,False,0.0005652483310567412,0.1419624217118998,3.1166071896372913,0.8799672631661073,81.29339724940968,1576.1534566516186,0.005318268756970991,0.030237248011247525,0.001073187850121436,0.0,0.0,0.054711577554601626,0.13228088487010733,0.12273512849514723,0.04330117582658106,0.29482988579620273,222.4339885871284,0.00762578313356407,1.1872085509418921,-0.0006905615370535166,1366.6666666666667,0.007097498657182194,True,0.015294965822249651,0.054711577554601626,True,True,True,0.85,True,True,True,16,True,True,True,True,True,True,True,False,True,0,0,True,16,15,24,15,,,,False,False,False,
187,2026-08-18T21:56:39.784478,shadow,analysis_full,silero,webrtc,False,0.00947746355086565,True,True,True,1,True,True,False,1,0.0,,,,,,,,,,,,,0.022656895185400247,0.6699992702707902,0.3115843850179661,0.018416344667107003,,,,,,,,,,,,,,False,True,temporal_v1,False,0.0004451769648310752,0.12108559498956159,2.3769852302593217,0.9097726490911999,79.35532928547667,1549.5153191346242,0.015180103240819944,0.007059534752759453,0.0004172571908208482,0.0,0.0,0.1710411641478064,0.16770366587247015,0.13607386491782417,0.05191408224850559,0.43249958359345453,262.3067001391814,0.017262491313854364,0.9763768251792113,-0.0005773762634701215,1233.3333333333335,0.008628952350732516,True,0.013705262448638678,0.1710411641478064,True,True,True,0.85,True,True,True,17,True,True,True,True,True,True,True,False,True,0,0,True,17,15,24,15,,,,False,False,False,
188,2026-08-18T21:56:39.789397,shadow,analysis_full,silero,webrtc,False,0.008562769740819931,True,True,True,1,True,True,False,1,0.0,,,,,,,,,,,,,0.01078844052537524,0.4581769825857482,0.5303577477648785,0.011465269556681465,,,,,,,,,,,,,,False,True,temporal_v1,False,0.00030802649596383644,0.1315240083507307,2.9477175966344933,0.9044101967915055,76.10680859075488,1480.369836542984,0.004943015126722231,0.0057217330189333546,0.00012369237871965333,0.0,0.0,0.191603894243768,0.16262323546115162,0.13584945243784016,0.056190862396425324,0.42920223890850284,290.48758660301434,0.010319382551655853,0.9983913186229488,-0.0005874853850147908,1233.3333333333335,0.009348144134686032,True,0.013135060202330351,0.191603894243768,True,True,True,0.85,True,True,True,18,True,True,True,True,True,True,True,False,True,0,0,True,18,15,24,15,,,,False,False,False,
189,2026-08-18T21:56:39.794842,shadow,analysis_full,silero,webrtc,False,0.007729775737971067,True,True,True,1,True,True,False,1,0.0,,,,,,,,,,,,,0.006751476108038722,0.33324301702307685,0.6487944084691861,0.01796257435962122,,,,,,,,,,,,,,False,True,temporal_v1,False,0.00024680644507333563,0.13569937369519833,3.1626517319589174,0.9098469905728392,74.18227851922313,1417.6366704192333,0.0022498822676020446,0.004380319947808826,0.00012127389162785162,0.0,0.0,0.19508339933482724,0.15240893092214633,0.12258361666320484,0.05192625421881678,0.3796382502337197,270.4209054789402,0.014891489047091892,1.079467744236827,-0.0006424927845504581,1200.0,0.012655144592908361,True,0.012934140861034393,0.19508339933482724,True,True,True,0.85,True,True,True,19,True,True,True,True,True,True,True,False,True,0,0,True,19,15,24,15,,,,False,False,False,
190,2026-08-18T21:56:39.800384,shadow,analysis_full,silero,webrtc,False,0.006185335107147694,True,True,True,1,True,True,False,1,0.0,,,,,,,,,,,,,0.002764227021781727,0.33884757185756403,0.6405660468624175,0.020586380918253704,,,,,,,,,,,,,,False,True,temporal_v1,False,0.0001590326420398935,0.1440501043841336,3.3551578673899587,0.9030598148087893,70.22911701583367,1431.657168219305,0.0009366516143938041,0.0017706699759729946,5.690543041492862e-05,0.0,0.0,0.19205049019051884,0.15206788883703357,0.11145126823063334,0.043315768138832214,0.33826836847924097,250.8893790432562,0.0050647312505864624,1.1427762463029771,-0.000669246029796579,1266.6666666666667,0.010490404970592782,True,0.012583769857883453,0.19205049019051884,True,True,True,0.85,True,True,True,20,True,True,True,True,True,True,True,False,True,0,0,True,20,15,24,15,,,,False,False,False,
191,2026-08-18T21:56:39.805546,shadow,analysis_full,silero,webrtc,False,0.005326735321432352,True,True,True,1,True,True,False,1,0.0,,,,,,,,,,,,,0.0016934062797642258,0.5705354449462394,0.4016916606252225,0.027772893838012333,,,,,,,,,,,,,,False,True,temporal_v1,False,0.00012687562288444366,0.12943632567849686,3.5828815244049155,0.9038797941019961,68.16744280698191,1532.6314387020414,0.0009661483053000386,0.000680227180631672,4.703079283251526e-05,0.0,0.0,0.20757451843545724,0.16662095311812178,0.06476009505253774,0.03425899351028693,0.32970105746047434,227.02372559524818,0.006525889806878833,1.0885928315476618,-0.0006486119330576737,1333.3333333333335,0.02129170077894403,True,0.010936032980680466,0.20757451843545724,True,True,True,0.85,True,True,True,21,True,True,True,True,True,False,True,False,True,0,0,True,21,15,24,15,,,,False,False,False,
192,2026-08-18T21:56:39.811378,shadow,analysis_full,silero,webrtc,False,0.005326735321432352,True,True,True,1,True,True,False,1,0.0,,,,,,,,,,,,,0.0011127398251657907,0.613453520376757,0.3297537977338452,0.05679268099071508,,,,,,,,,,,,,,False,True,temporal_v1,False,0.00010607359395979602,0.1315240083507307,3.7279959420986795,0.8987305457525578,66.46165693747687,1548.831647005304,0.0006826141630113714,0.0003669301832381144,6.319547791630482e-05,0.0,0.0,0.21228748353748955,0.18419473700953512,0.05452234476131355,0.03178766815979003,0.36483855514350894,197.86181764455023,0.0035844332429647275,1.248304339363968,-0.0007387771579831883,1566.6666666666667,0.019256535922054757,True,0.00902011664584279,0.21228748353748955,True,True,True,0.85,True,True,True,22,True,True,True,True,True,False,True,False,True,0,0,True,22,15,24,15,,,,False,False,False,
193,2026-08-18T21:56:39.817432,shadow,analysis_full,silero,webrtc,False,0.003756641410291195,True,True,False,1,True,True,False,1,0.0,,,,,,,,,,,,,0.0008005596809713942,0.5415311080429265,0.4000916684208093,0.05837722228713813,,,,,,,,,,,,,,False,True,temporal_v1,False,9.333535440770105e-05,0.12734864300626306,3.7530056744700278,0.9010708770077068,65.23641313921746,1540.52861918766,0.0004335279710909308,0.0003202972584302759,4.673445045018747e-05,0.0,0.0,0.20227635874067024,0.18877461189345612,0.03141820297758584,0.02487410606865383,0.39087617229277893,130.95632370058087,0.003605053585810228,1.2586970877433694,-0.0007425727462598574,1366.6666666666667,0.01841019622563672,True,0.0081462727393955,0.20227635874067024,True,True,True,0.85,True,True,True,23,True,False,True,False,True,False,True,False,True,0,1,True,23,15,24,15,,,,False,False,False,
194,2026-08-18T21:56:39.823616,shadow,analysis_full,silero,webrtc,False,0.003182521555572748,True,True,False,1,True,True,False,1,0.0,,,,,,,,,,,,,0.0014718151300800566,0.694257673750259,0.25202490352481893,0.05371742204548899,,,,,,,,,,,,,,False,True,temporal_v1,False,0.00012187900765381717,0.12943632567849686,3.7495238638155137,0.9077933318025849,67.81314724124326,1495.1935746175736,0.001021818948399815,0.0003709340661647951,7.906211451544667e-05,0.0,0.0,0.19019114473219823,0.1902670548753863,0.021740513168880836,0.014944075297013176,0.4143759443347589,96.66714080779263,0.0035959646715294996,1.4697146376145511,-0.0008795243985933837,1400.0,0.012800678208966543,True,0.0069575554225593805,0.19019114473219823,True,True,True,0.85,True,True,True,24,True,False,True,False,True,False,True,False,True,0,2,True,24,15,24,15,,,,False,False,False,
195,2026-08-18T21:56:39.829762,shadow,analysis_full,silero,webrtc,False,0.002592850709334016,True,True,False,1,True,True,False,1,0.0,,,,,,,,,,,,,0.001060614496535658,0.7317739185870531,0.2109526958924886,0.05727338457760864,,,,,,,,,,,,,,False,True,temporal_v1,False,0.00010297019855960476,0.12943632567849686,3.691949603394467,0.9051306297225842,66.20844093016993,1545.2141159722478,0.0007761300262401329,0.00022373948734685157,6.07449819486735e-05,0.0,0.0,0.17899721566987686,0.18915980823436007,0.01810868082967101,0.006471816283924841,0.4282683762216564,50.85682705128807,0.002847436841583372,1.4150321178972858,-0.0008514713441132027,1466.6666666666667,0.014899947175177865,True,0.005756035214290023,0.17899721566987686,True,True,True,0.85,True,True,True,25,True,False,True,False,True,False,True,False,True,0,3,True,25,15,24,15,,,,False,False,False,
196,2026-08-18T21:56:39.837130,shadow,analysis_full,silero,webrtc,False,0.0023427645210176706,True,True,False,1,True,True,False,1,0.0,,,,,,,,,,,,,0.0007630413335389847,0.6959232695497116,0.2365483504294973,0.06752837871024615,,,,,,,,,,,,,,False,True,temporal_v1,False,9.012889751628457e-05,0.14613778705636743,3.7243560759790526,0.8992410251545974,64.88290215322799,1539.728526668777,0.0005310182196380223,0.00018049616875817067,5.152694414279181e-05,0.0,0.0,0.13852179470906215,0.15288193575781006,0.02036166343597657,0.00718660312236263,0.4344180388262681,47.29500264178004,0.0024704898856456087,1.7924439642729344,-0.0011007364159358838,1633.3333333333335,0.006094329387889812,True,0.005326735321432352,0.13852179470906215,True,True,True,0.85,True,True,True,26,True,False,True,False,True,False,True,False,True,0,4,True,26,15,24,15,,,,False,False,False,
197,2026-08-18T21:56:39.843804,shadow,analysis_full,silero,webrtc,False,0.0024289791472256184,True,True,False,1,True,True,False,1,0.0,,,,,,,,,,,,,0.0016284880588073173,0.6856392379686751,0.26676701128702107,0.04759375013023726,,,,,,,,,,,,,,False,True,temporal_v1,False,0.0001274089438122046,0.16075156576200417,3.899458335116727,0.9076505958376634,68.2244568145639,1495.1529878245226,0.001116555311681736,0.0004344268923646306,7.750585376095058e-05,0.0,0.0,0.1397835676760636,0.1559244615212112,0.019265601380026014,0.01010748930013378,0.28918940866976706,45.30825514906162,0.00265141266309971,1.537814006133637,-0.0009163857740094764,1500.0,0.011564065764731962,True,0.0045416883658617735,0.1397835676760636,True,True,True,0.85,True,True,True,27,True,False,True,False,True,False,True,False,True,0,5,True,27,15,24,15,,,,False,False,False,
198,2026-08-18T21:56:39.851425,shadow,analysis_full,silero,webrtc,False,0.001847394392825663,True,True,False,1,True,True,False,1,0.0,,,,,,,,,,,,,0.0010212804525472842,0.6191021899454173,0.2937908562104195,0.0871069528650002,,,,,,,,,,,,,,False,True,temporal_v1,False,0.00010516790263581714,0.1649269311064718,3.983789100179141,0.8860632253459931,66.31826887656325,1602.556000731259,0.0006322769647204705,0.00030004285858483136,8.896062824198235e-05,0.0,0.0,0.13560603363632653,0.1509682610720519,0.020629602446094006,0.013004101463379901,0.23125025197789767,53.394169009359786,0.001669016784190867,1.2437178318621596,-0.000736909351003854,1733.3333333333335,0.026482192958892162,True,0.0034695814829319715,0.13560603363632653,True,True,True,0.85,True,True,True,28,True,False,True,False,True,False,True,False,True,0,6,True,28,15,24,15,,,,False,False,False,
199,2026-08-18T21:56:39.858508,shadow,analysis_full,silero,webrtc,False,0.0017750222468748689,True,True,False,1,True,True,False,1,0.0,,,,,,,,,,,,,0.0018497171648714555,0.7224122864668111,0.22188638514662698,0.05570132784593879,,,,,,,,,,,,,,False,True,temporal_v1,False,0.00013548330136277462,0.14822546972860126,3.7930456430865065,0.9098678175113136,68.8016010679314,1538.0015854301657,0.0013362584063916956,0.0004104270552569947,0.00010303170222276537,0.0,0.0,0.11235881740766938,0.12340040297818367,0.017774721754048154,0.013144113769266967,0.1617076302540844,42.58049084599911,0.0017527039102161138,1.323552113121569,-0.0007860935289576935,1466.6666666666667,0.019987897766806904,True,0.002887686132453382,0.11235881740766938,True,True,True,0.85,True,True,True,29,True,False,True,False,True,False,True,False,True,0,7,True,29,15,24,15,,,,False,False,False,
200,2026-08-18T21:56:39.865098,shadow,analysis_full,silero,webrtc,False,0.0016448142705485225,True,True,False,1,True,True,False,1,0.0,,,,,,,,,,,,,0.0018507777127984766,0.7002604200269934,0.2362389093543896,0.06350067007830365,,,,,,,,,,,,,,False,True,temporal_v1,False,0.00013472678593978325,0.15657620041753653,3.9900267465559827,0.8958844806587087,68.68296136040324,1543.9833206092164,0.0012960263785408593,0.0004372257083289238,0.0001175256249286935,0.0,0.0,0.06293176071307154,0.06674919304519404,0.01419096084808492,0.013935965986036436,0.12378457599483868,28.423182754857134,0.0015238981417759739,1.5512782952971322,-0.000924715345382712,1633.3333333333335,0.012961713143280176,True,0.002510914928279817,0.06293176071307154,True,True,True,0.85,True,True,True,30,True,False,True,False,True,False,True,False,True,0,8,True,30,15,24,15,,,,False,False,False,
201,2026-08-18T21:56:39.870262,shadow,analysis_full,silero,webrtc,False,0.001574337831698358,True,True,False,1,False,True,False,0,0.0,,,,,,,,,,,,,0.002171576881795332,0.7387196490232658,0.20629164026963612,0.05498871024660317,,,,,,,,,,,,,,False,True,temporal_v1,False,0.00014762873431143443,0.1336116910229645,3.841180979228096,0.9130217611409798,69.6016165597231,1479.8362292085974,0.0016041865119468858,0.0004479781569171808,0.00011941221193126555,0.0,0.0,0.05984396486889416,0.057710117105026784,0.010297496472335922,0.013600415427893385,0.10318950603389122,33.42675453324966,0.0010266341097959852,1.656632703410908,-0.0009919628034203245,1366.6666666666667,0.009267921130896167,True,0.0023858718341216445,0.05984396486889416,False,True,True,0.85,True,False,False,0,True,False,True,False,True,False,True,False,True,0,9,False,0,15,24,15,,,,False,False,False,
202,2026-08-18T21:56:39.876818,shadow,analysis_full,silero,webrtc,False,0.0014556284295395017,True,True,False,1,False,True,False,0,0.0,,,,,,,,,,,,,0.001138434432943438,0.6971513224965769,0.2395462393138325,0.06330243731119135,,,,,,,,,,,,,,False,False,temporal_v1,False,0.0001087087590653409,0.16075156576200417,3.8855121818392893,0.8967488815200445,66.6854193325432,1557.8956268763943,0.0007936610705021583,0.000272707687116976,7.206567432430367e-05,0.0,0.0,0.05650763788326655,0.053874008355563587,0.01026355764470834,0.013998375460743388,0.10063070890131753,33.9649515917039,0.0014626948048610058,1.648162771275211,-0.000999015060750354,1600.0,0.010667031608401293,True,0.002095079456921667,0.05650763788326655,False,True,True,0.85,True,False,False,0,True,False,True,False,True,False,True,False,False,0,0,False,0,15,24,24,,,,False,False,False,
203,2026-08-18T21:56:39.882421,shadow,analysis_full,silero,webrtc,False,0.0015409654006361961,True,True,False,1,False,True,False,0,0.0,,,,,,,,,,,,,0.0027561523808387095,0.5877978142575577,0.3467342193104887,0.0654679660691289,,,,,,,,,,,,,,False,False,temporal_v1,False,0.00016285603299711818,0.21085594989561587,3.9803191468152805,0.8798322288351252,70.33072190837882,1587.0835248269912,0.0016200603452177571,0.0009556523440708547,0.00018043969055009748,0.0,0.0,0.04560368153623276,0.04031605305266139,0.010308987343923437,0.02273178720470347,0.10593739790135019,37.56655385998396,0.001637636376681479,1.6012198468032366,-0.0009535725278720044,1833.3333333333335,0.010776786570624962,True,0.001811208319850266,0.04560368153623276,False,True,False,0.85,True,False,False,0,True,False,True,False,True,False,True,False,False,0,0,False,0,15,24,24,,,,False,False,False,
204,2026-08-18T21:56:39.888466,shadow,analysis_full,silero,webrtc,False,0.0027400257531553507,True,True,True,1,False,True,False,0,0.0,,,,,,,,,,,,,0.016341500390224736,0.10799952665972581,0.7756220697067423,0.11637840357233793,,,,,,,,,,,,,,False,False,temporal_v1,False,0.0003798120187031571,0.20876826722338204,3.686738082392035,0.7732762577323075,77.26277036174642,1934.3332335918756,0.0017648743070539962,0.012674828354779647,0.0019017977273910922,0.0,0.0,0.1794358256846642,0.1624758135060039,0.018990477815688758,0.026311428399479166,0.11352703483782604,122.3387647699337,0.008147356827035573,1.0063152531386652,-0.0005819885331072992,2433.3333333333335,0.03017283460510636,True,0.001811208319850266,0.1794358256846642,False,True,True,0.85,True,False,False,0,True,True,True,True,True,False,True,False,False,1,0,False,0,15,24,24,,,,False,False,False,
205,2026-08-18T21:56:39.895720,shadow,analysis_full,silero,webrtc,False,0.0071409898810088634,True,True,True,1,False,True,False,0,0.0,,,,,,,,,,,,,0.07474508641990596,0.05106876223402127,0.7286124834087496,0.22031875434385018,,,,,,,,,,,,,,False,False,temporal_v1,False,0.0008077080423638253,0.2797494780793319,3.6588881618008977,0.6350381697628635,82.9859312411513,2180.8682379024785,0.0038171390465395498,0.05446020303900929,0.016467744333357112,0.0,0.0,0.24467117072351258,0.20233801226902698,0.04906292671341006,0.041793300591990774,0.1183901042887764,215.88674647259393,0.009231455126102697,1.2256375130273465,-0.0007097826096305569,2633.3333333333335,0.01624816570976041,True,0.001811208319850266,0.24467117072351258,False,True,True,0.85,True,False,False,0,True,True,True,True,True,True,True,False,False,2,0,False,0,15,24,24,,,,False,False,False,
206,2026-08-18T21:56:39.901282,shadow,analysis_full,silero,webrtc,False,0.007406119257211685,True,True,True,1,False,True,False,0,0.0,,,,,,,,,,,,,0.12781928563898357,0.07623630811296436,0.7143881260399692,0.20937556583924294,,,,,,,,,,,,,,False,False,temporal_v1,False,0.00105579639860549,0.2359081419624217,3.7466182044506735,0.7447779330774584,86.006369965283,2042.9448156000885,0.009744470442752552,0.091312579939401,0.026762235255830002,0.0,0.0,0.2786653287078455,0.2239437151650666,0.06119952649964912,0.04378612688389506,0.11630408242717738,242.29655457579037,0.009794761716127144,1.1909684858113359,-0.0006894969254406472,2633.3333333333335,0.016136127436195115,True,0.001811208319850266,0.2786653287078455,False,True,True,0.85,True,False,False,0,True,True,True,True,True,True,True,False,False,3,0,False,0,15,24,24,,,,False,False,False,
207,2026-08-18T21:56:39.908358,shadow,analysis_full,silero,webrtc,False,0.007304108701646328,True,True,True,1,False,True,False,0,0.0,,,,,,,,,,,,,0.14620810045519061,0.17922062411857448,0.6888088503851362,0.1319705254894498,,,,,,,,,,,,,,False,True,temporal_v1,False,0.0011279540090667138,0.19206680584551147,3.675066715534001,0.8115049185146794,86.95328771578491,1854.009441848169,0.026203507014770495,0.10070943359153435,0.019295159847885768,0.0,0.0,0.28599937611391396,0.2338447174623644,0.059407121906413035,0.04297990557814704,0.1252365353132141,236.3546649404601,0.008567431988267118,1.2383154126196456,-0.0007173184497224961,2400.0,0.012619251584874069,True,0.001811208319850266,0.28599937611391396,False,True,True,0.85,True,False,False,0,True,True,True,True,True,True,True,False,False,4,0,False,0,15,24,24,,,,False,False,False,
208,2026-08-18T21:56:39.913836,shadow,analysis_full,silero,webrtc,False,0.007304108701646328,True,True,True,1,False,True,False,0,0.0,,,,,,,,,,,,,0.19556578033056782,0.5389093923438486,0.43128032797165705,0.029810279679380932,,,,,,,,,,,,,,False,True,temporal_v1,False,0.0013036491264535259,0.1336116910229645,2.5351942832336207,0.9053090033879962,88.68603476604248,1487.7506292833089,0.10539223584119688,0.08434367388100032,0.005829870607370601,0.0,0.0,0.2821881291555993,0.22852011240082634,0.06364326120360086,0.04568591956117799,0.3978479770422565,245.00081076084513,0.013542346313486445,1.6401542585853015,-0.0009694930209476513,1100.0,0.0013617720452355692,True,0.0022575240000151098,0.2821881291555993,False,True,True,0.85,True,False,False,0,True,True,True,True,True,True,True,False,False,5,0,False,0,15,24,24,,,,False,False,False,
209,2026-08-18T21:56:39.919882,shadow,analysis_full,silero,webrtc,False,0.008332216180860996,True,True,True,1,True,True,False,1,0.0,,,,,,,,,,,,,0.07027328377448666,0.559524732434473,0.4245391319048956,0.015936135646401145,,,,,,,,,,,,,,False,True,temporal_v1,False,0.0007826726019648957,0.12317327766179541,2.7931959280211025,0.9023314814920552,84.23560124321403,1664.0393249377637,0.03931964030121144,0.029833758889726954,0.00111988458254826,0.0,0.0,0.2698463146007306,0.21519670829413015,0.06748102703878564,0.04830132580337049,0.47487056967738345,238.43333192417097,0.01332015660958856,0.7854648838752636,-0.00044885005501231836,1233.3333333333335,0.016525588250201614,True,0.004940507817082107,0.2698463146007306,True,True,True,0.85,True,True,True,1,True,True,True,True,True,True,True,False,False,6,0,True,1,15,24,24,,,,False,False,False,
210,2026-08-18T21:56:39.927370,shadow,analysis_full,silero,webrtc,False,0.00826225895434618,True,True,True,1,True,True,False,1,0.0,,,,,,,,,,,,,0.033779756134208604,0.6606749167724852,0.3203347791164802,0.018990304081431052,,,,,,,,,,,,,,False,True,temporal_v1,False,0.0005439147692301076,0.12839248434237996,2.667691080532104,0.9059346673264477,81.08424741575061,1606.827576223897,0.022317437572563117,0.010820830719860279,0.0006414878407852072,0.0,0.0,0.26602334422671403,0.2070256131893659,0.07093054536055075,0.050559972040183074,0.5236820726397285,234.1510792948289,0.013065891244300406,0.8628439089254241,-0.0005085866695447943,1200.0,0.0175528417403739,True,0.007222549291327596,0.26602334422671403,True,True,True,0.85,True,True,True,2,True,True,True,True,True,True,True,False,False,7,0,True,2,15,24,24,,,,False,False,False,
211,2026-08-18T21:56:39.934919,shadow,analysis_full,silero,webrtc,False,0.009109465405344963,True,True,True,1,True,True,False,1,0.0,,,,,,,,,,,,,0.06617333426399685,0.6283084383020886,0.32290727110021344,0.0487842905825861,,,,,,,,,,,,,,False,True,temporal_v1,False,0.0007592221923194609,0.1524008350730689,2.9032646386457484,0.8880717815142094,83.90182905042876,1589.4095282368592,0.04157726430865395,0.021367850786789475,0.0032282191675534234,0.0,0.0,0.254600818782579,0.1937064129979356,0.07128355306975834,0.04910372106066824,0.5286592334932166,224.08829165395903,0.009244850319516041,1.493161910419863,-0.0008794278663856069,1333.3333333333335,0.003813871499253336,True,0.007304108701646328,0.254600818782579,True,True,True,0.85,True,True,True,3,True,True,True,True,True,True,True,False,False,8,0,True,3,15,24,24,,,,False,False,False,
212,2026-08-18T21:56:39.943906,shadow,analysis_full,silero,webrtc,False,0.00916256383061409,True,True,True,1,True,True,False,1,0.0,,,,,,,,,,,,,0.13257266813122695,0.0713351739887204,0.796153703328006,0.13251112267573062,,,,,,,,,,,,,,False,True,temporal_v1,False,0.0010736465660530696,0.21711899791231734,3.7661387445061214,0.7393940530342734,86.12075523147611,2034.4082667699176,0.009457094347289963,0.10554822069275105,0.017567353090185936,0.0,0.0,0.2529127332727866,0.19102771447269307,0.07151743410787804,0.04950945069249519,0.5177407322738732,228.67908105743064,0.014501388523124046,0.9678703370771754,-0.0005392051624265094,2433.3333333333335,0.015024659181462873,True,0.007355113979429007,0.2529127332727866,True,True,True,0.85,True,True,True,4,True,True,True,True,True,True,True,False,False,9,0,True,4,15,24,24,,,,False,False,False,
213,2026-08-18T21:56:39.951452,shadow,analysis_full,silero,webrtc,False,0.007778188679367304,True,True,True,1,True,True,False,1,0.0,,,,,,,,,,,,,0.3449719878436518,0.019868834631514325,0.9192421814263249,0.060888983939262106,,,,,,,,,,,,,,False,True,temporal_v1,False,0.0017323235561854586,0.2567849686847599,3.078224545836828,0.6785941582837937,89.9062892131863,2265.1675982410507,0.006854191378970287,0.3171128026363741,0.021004993827307437,0.0,0.0,0.25601009960288906,0.20530658840563012,0.07174466610931067,0.053377048973220896,0.4754010056644456,255.04786302141423,0.011980175005002203,0.7349537920885357,-0.00041341486427337034,2300.0,0.021788678545413866,True,0.0075921539682894945,0.25601009960288906,True,True,True,0.85,True,True,True,5,True,True,True,True,True,True,True,False,True,0,0,True,5,15,24,15,,,,False,False,False,
214,2026-08-18T21:56:39.958870,shadow,analysis_full,silero,webrtc,False,0.009443833492696285,True,True,True,1,True,True,False,1,0.0,,,,,,,,,,,,,0.21328430372974524,0.02966228837649704,0.9179308007971153,0.0524069108216991,,,,,,,,,,,,,,False,True,temporal_v1,False,0.0013616372855862436,0.2546972860125261,3.2005107200085057,0.6775657137719725,87.80749775126117,2147.9245364021867,0.006326500523412087,0.19578023172010023,0.011177571485232943,0.0,0.0,0.26255327400839307,0.2205108809169783,0.07271053266524441,0.056441708581794384,0.45268092248722663,268.4686803346626,0.011391989950199985,0.9899494572814312,-0.0005421752403793972,2333.3333333333335,0.009030186824757862,True,0.008020223816856742,0.26255327400839307,True,True,True,0.85,True,True,True,6,True,True,True,True,True,True,True,False,True,0,0,True,6,15,24,15,,,,False,False,False,
215,2026-08-18T21:56:39.967454,shadow,analysis_full,silero,webrtc,False,0.008592180907726288,True,True,True,1,True,True,False,1,0.0,,,,,,,,,,,,,0.23131077496163646,0.02805120279581097,0.901903229860195,0.0700455673396708,,,,,,,,,,,,,,False,True,temporal_v1,False,0.0014183588089496134,0.267223382045929,2.8957207814387464,0.7526705185335618,88.61804078812149,2278.116127635552,0.0064885454573050585,0.20861993503936466,0.016202294463966743,0.0,0.0,0.2646556435230199,0.2342424609828414,0.058869472028762505,0.05471252317687983,0.43321466662826214,280.4205300668554,0.008326867549644975,0.7654419063907905,-0.0004269806763799229,2333.3333333333335,0.013364781858691279,True,0.008297237567603588,0.2646556435230199,True,True,True,0.85,True,True,True,7,True,True,True,True,True,True,True,False,True,0,0,True,7,15,24,15,,,,False,False,False,
216,2026-08-18T21:56:39.975519,shadow,analysis_full,silero,webrtc,False,0.008031261153519154,True,True,True,1,True,True,False,1,0.0,,,,,,,,,,,,,0.06261714005201616,0.10453006020781053,0.7219589222004448,0.17351101757577445,,,,,,,,,,,,,,False,True,temporal_v1,False,0.000738321186591372,0.267223382045929,3.509568882916563,0.6689800890664773,82.43019632185663,2086.022455946807,0.006545373419678153,0.04520700294322789,0.010864763688110105,0.0,0.0,0.2626142699866902,0.23448165851515357,0.05130669460492133,0.05771309919188521,0.4041244164186487,282.9479841631103,0.013796939387880722,1.2099223493138636,-0.0006985766639686368,2600.0,0.0100872866116936,True,0.008297237567603588,0.2626142699866902,True,True,True,0.85,True,True,True,8,True,True,True,True,True,True,True,False,True,0,0,True,8,15,24,15,,,,False,False,False,
217,2026-08-18T21:56:39.983207,shadow,analysis_full,silero,webrtc,False,0.008048024028539658,True,True,True,1,True,True,False,1,0.0,,,,,,,,,,,,,0.01777522657134495,0.12178045403380283,0.49967872594992685,0.3785408199600123,,,,,,,,,,,,,,False,True,temporal_v1,False,0.000396077933021525,0.30062630480167013,3.966327992215149,0.5846436372464872,76.41673071226671,2290.4518004998913,0.002164675162412104,0.008881902566640931,0.006728648841291916,0.0,0.0,0.2654129419614173,0.23775021089933032,0.10482476870171259,0.06507754282386699,0.45200364633497364,305.07231749536487,0.009129896272394801,1.2577339631126114,-0.0007360446145712557,3266.666666666667,0.021035481015545407,True,0.008297237567603588,0.2654129419614173,True,True,True,0.85,True,True,True,9,True,True,True,True,True,True,True,False,True,0,0,True,9,15,24,15,,,,False,False,False,
218,2026-08-18T21:56:39.993746,shadow,analysis_full,silero,webrtc,False,0.008502515032887459,True,True,True,1,True,True,False,1,0.0,,,,,,,,,,,,,0.007192003565735828,0.12421914892483381,0.34048840738565106,0.5352924435504718,,,,,,,,,,,,,,False,True,temporal_v1,False,0.00025282880186817394,0.33402922755741127,4.049388356234095,0.5115171120677919,71.89787595417411,2441.4063348789296,0.0008933845620000745,0.0024487938400093155,0.0038498251627264372,0.0,0.0,0.2532546126092754,0.24656733521301374,0.16454842346329104,0.06916069220214448,0.4796331372624353,296.152841328788,0.005637889710630087,0.9579575914913254,-0.0005560885081630247,3433.3333333333335,0.04377950416219893,True,0.008417365606874228,0.2532546126092754,True,True,True,0.85,True,True,True,10,True,True,True,True,True,True,True,False,True,0,0,True,10,15,24,15,,,,False,False,False,
219,2026-08-18T21:56:40.001384,shadow,analysis_full,silero,webrtc,False,0.008550990372896194,True,True,True,1,True,True,False,1,0.0,,,,,,,,,,,,,0.012713934881251625,0.03400630587359386,0.14957654861816352,0.8164171454295887,,,,,,,,,,,,,,False,True,temporal_v1,False,0.0003350955880682625,0.3924843423799583,3.4647317766101478,0.6192222532898384,75.20265337427729,2776.7429476450993,0.000432353958428797,0.0019017064988936989,0.010379874422929128,0.0,0.0,0.2342283669453388,0.2795657601857998,0.2519761076103198,0.07448383962111366,0.4526033119802674,339.684867529234,0.0068376676668610754,0.776745490233991,-0.00044578017464757006,3466.666666666667,0.03667816270956606,True,0.008526752702891827,0.2342283669453388,True,True,True,0.85,True,True,True,11,True,True,True,True,True,True,True,False,True,0,0,True,11,15,24,15,,,,False,False,False,
220,2026-08-18T21:56:40.007005,shadow,analysis_full,silero,webrtc,False,0.0080417450517416,True,True,True,1,True,True,False,1,0.0,,,,,,,,,,,,,0.011285067032077215,0.08904200491994792,0.16706593012749013,0.7438920648639492,,,,,,,,,,,,,,False,True,temporal_v1,False,0.00031633017327958033,0.3444676409185804,3.74931100965868,0.522457720513174,73.96042811633501,2469.690673661355,0.0010048449941921615,0.0018853502202650545,0.008394871816619999,0.0,0.0,0.17197179038400542,0.29750188542332245,0.28350656054032547,0.06471311179696497,0.40312183542324476,297.27548769620864,0.009504439890161276,1.1085279871699956,-0.0006529140737470104,3233.3333333333335,0.022663752222004546,True,0.008526752702891827,0.17197179038400542,True,True,True,0.85,True,True,True,12,True,True,True,True,True,False,True,False,True,0,0,True,12,15,24,15,,,,False,False,False,
221,2026-08-18T21:56:40.012591,shadow,analysis_full,silero,webrtc,False,0.007074883673340082,True,True,True,1,True,True,False,1,0.0,,,,,,,,,,,,,0.05223376134333609,0.21162470562392904,0.3491011259634345,0.4392741683934918,,,,,,,,,,,,,,False,True,temporal_v1,False,0.0006749216919188923,0.2985386221294363,3.6961132974728046,0.6040988586563034,81.20649781792207,2396.9223245272415,0.011053954367914065,0.01823486489826395,0.022944942076158083,0.0,0.0,0.05712432454254539,0.29539012538636406,0.272734224619714,0.049175896014497546,0.3620321022893746,205.72134490636682,0.009217823591336117,0.7792488066453371,-0.00043569458329145743,3000.0,0.029398293131822475,True,0.008275269530713558,0.05712432454254539,True,True,True,0.85,True,True,True,13,True,True,True,True,True,True,True,False,True,0,0,True,13,15,24,15,,,,False,False,False,
222,2026-08-18T21:56:40.017229,shadow,analysis_full,silero,webrtc,False,0.004591335076838732,True,True,True,1,True,True,False,1,0.0,,,,,,,,,,,,,0.045849682522414,0.5127408798544577,0.236218116982114,0.251041003141618,,,,,,,,,,,,,,False,True,temporal_v1,False,0.0006321330860775089,0.19832985386221294,3.4888854151700603,0.7551356758142045,81.60390142652841,1949.1833923809506,0.023509006557590105,0.010830525669672377,0.01151015029415152,0.0,0.0,0.14047256185545828,0.30141858986346026,0.2659381131073124,0.05231051277951007,0.353995853818104,218.6789013187864,0.00933812891175337,1.7007666660934306,-0.0010193470909254966,2933.3333333333335,0.0037196984249011486,True,0.008044884540140629,0.14047256185545828,True,True,True,0.85,True,True,True,14,True,True,True,True,True,True,True,False,True,0,0,True,14,15,24,15,,,,False,False,False,
223,2026-08-18T21:56:40.025249,shadow,analysis_full,silero,webrtc,False,0.004252971149981022,True,True,True,1,True,True,False,1,0.0,,,,,,,,,,,,,0.030409372535073205,0.4048542774466158,0.46121044872075834,0.13393527379974132,,,,,,,,,,,,,,False,True,temporal_v1,False,0.0005153427694633447,0.1941544885177453,3.414152090153996,0.8145531358959797,80.15257372648657,1817.5869919212923,0.012311364545292025,0.014025120352217818,0.0040728876365633635,0.0,0.0,0.157418062194651,0.2705372598639732,0.25874402122002543,0.05935924702865945,0.32629503097870605,264.3441231800928,0.008863566732091462,1.3572087171107092,-0.0007963997806320884,2233.3333333333335,0.007215913196047056,True,0.008044884540140629,0.157418062194651,True,True,True,0.85,True,True,True,15,True,True,True,True,True,True,True,False,True,0,0,True,15,15,24,15,webrtc_assisted,,cooldown,False,False,False,
224,2026-08-18T21:56:40.029517,shadow,analysis_full,silero,webrtc,False,0.004252971149981022,True,True,True,1,True,True,False,1,0.0,,,,,,,,,,,,,0.02756427074339065,0.7211545929622368,0.2267386642834432,0.05210674271804116,,,,,,,,,,,,,,False,True,temporal_v1,False,0.0004905735846079226,0.1440501043841336,2.6566048686685604,0.8870921162378433,80.09319908217208,1761.323197982585,0.019878100448250776,0.006249885930303588,0.0014362843638362857,0.0,0.0,0.22125239815966866,0.23428668765314725,0.2587796527406272,0.07280028169700267,0.41279667285081906,303.99485393997463,0.012363771509281873,0.8202578140421142,-0.00047146777914415554,1566.6666666666667,0.0170877031838568,True,0.008036503102630377,0.22125239815966866,True,True,True,0.85,True,True,True,16,True,True,True,True,True,True,True,False,True,0,0,True,16,15,24,15,,,,False,False,False,
225,2026-08-18T21:56:40.035607,shadow,analysis_full,silero,webrtc,False,0.0028986709658056498,True,True,True,1,True,True,False,1,0.0,,,,,,,,,,,,,0.02017647957980819,0.7008064282467381,0.2582707329919176,0.040922838711781616,,,,,,,,,,,,,,False,True,temporal_v1,False,0.00042015288857972095,0.14613778705636743,2.7960907458126143,0.9015673405746951,78.81079099881663,1518.8218782325932,0.014139806588918627,0.005210994170273519,0.0008256788196160459,0.0,0.0,0.24862512154698246,0.16810713751357675,0.2621614608532767,0.08237885778791729,0.42792258061648614,369.45791643520477,0.013504003018096606,1.4083601582464285,-0.0008335435400223782,1366.6666666666667,0.0042925115880822,True,0.007553072413429618,0.24862512154698246,True,True,True,0.85,True,True,True,17,True,True,True,True,True,True,True,False,True,0,0,True,17,15,24,15,,,,False,False,False,
226,2026-08-18T21:56:40.042394,shadow,analysis_full,silero,webrtc,False,0.00254426640458405,True,True,True,1,True,True,False,1,0.0,,,,,,,,,,,,,0.017368399232396543,0.7342210319563935,0.22993151957966046,0.03584744840637021,,,,,,,,,,,,,,False,True,temporal_v1,False,0.0003900203136862717,0.12526096033402923,2.905199745772303,0.9050614099326081,78.1772745307619,1691.959476318062,0.012752244007840823,0.003993542428171145,0.0006226127953845751,0.0,0.0,0.269390935259661,0.11208379860041452,0.27472212332983736,0.0919341590081261,0.4607716764530394,394.4380093583363,0.004297989057718891,0.7865084039441737,-0.00045852141498499714,1266.6666666666667,0.021234060563834898,True,0.005833109375089407,0.269390935259661,True,True,True,0.85,True,True,True,18,True,True,True,True,True,False,True,False,True,0,0,True,18,15,24,15,,,,False,False,False,
227,2026-08-18T21:56:40.048467,shadow,analysis_full,silero,webrtc,False,0.00209217332303524,True,True,False,1,True,True,False,1,0.0,,,,,,,,,,,,,0.016087085310877346,0.6510260171621919,0.3231167434501871,0.0258572393254595,,,,,,,,,,,,,,False,True,temporal_v1,False,0.0003755670417294568,0.12317327766179541,3.03480639120507,0.904907010693517,77.84630514344978,1578.1640856469683,0.01047311107768888,0.005198006617256028,0.00041596761493243955,0.0,0.0,0.268307435194244,0.089603255911459,0.2900702831374327,0.09701234726652264,0.43402462373092476,419.21017733097665,0.004327155269759053,0.8511246059264851,-0.0004942545579421686,1266.6666666666667,0.01581846059440076,True,0.004422153113409877,0.268307435194244,True,True,True,0.85,True,True,True,19,True,True,True,False,True,False,True,False,True,0,0,True,19,15,24,15,,,,False,False,False,
228,2026-08-18T21:56:40.057006,shadow,analysis_full,silero,webrtc,False,0.0018505475018173456,True,True,False,1,True,True,False,1,0.0,,,,,,,,,,,,,0.00948417689030946,0.7249314103327894,0.26362500692728724,0.01144358263448462,,,,,,,,,,,,,,False,True,temporal_v1,False,0.0002890470560537771,0.10647181628392484,2.7775372158346197,0.9240663334465342,75.64140537648206,1474.6845013090333,0.006875377728937686,0.002500266198407449,0.00010853296196432568,0.0,0.0,0.2629180488900109,0.08683892131734268,0.29149315558274835,0.09664437579338116,0.3870832251935314,426.93318641602553,0.011185173806376241,0.8983204191867273,-0.000529616798217741,1266.6666666666667,0.012331206833025627,True,0.004252971149981022,0.2629180488900109,True,True,True,0.85,True,True,True,20,True,False,True,False,True,False,True,False,True,0,1,True,20,15,24,15,,,,False,False,False,
229,2026-08-18T21:56:40.063056,shadow,analysis_full,silero,webrtc,False,0.001453989534638822,True,True,False,1,True,True,False,1,0.0,,,,,,,,,,,,,0.005703223698280258,0.5130330073688866,0.4643896716175055,0.022577320838268473,,,,,,,,,,,,,,False,True,temporal_v1,False,0.00022672831537719752,0.11691022964509394,3.451368901407766,0.9072698810646099,73.41957000474993,1557.0296672569325,0.002925942005626224,0.002648518180405544,0.00012876351124848945,0.0,0.0,0.21725261347112973,0.09539267307664571,0.22926242909916117,0.07725808148061762,0.3861833125512178,336.0110567108721,0.012871296465317868,0.9036028532797361,-0.000527438376561288,1233.3333333333335,0.027996066570137656,True,0.003575821057893336,0.21725261347112973,True,True,True,0.85,True,True,True,21,True,False,True,False,True,False,True,False,True,0,2,True,21,15,24,15,,,,False,False,False,
230,2026-08-18T21:56:40.068094,shadow,analysis_full,silero,webrtc,False,0.0011391073931008577,True,True,False,1,True,True,False,1,0.0,,,,,,,,,,,,,0.0013349001267567555,0.4772039246981915,0.49642640440597363,0.026369670146715173,,,,,,,,,,,,,,False,True,temporal_v1,False,0.00011267109536889633,0.1315240083507307,3.2797726605370925,0.8957955868783023,67.0194491370899,1551.2790841785938,0.000637019579568437,0.0006626796701669345,3.5200876021383914e-05,0.0,0.0,0.16373825553925497,0.10119336342144902,0.13174650550979652,0.05508832474939263,0.3422191240036077,264.12530623997117,0.008535234458730343,1.0731336886256921,-0.0006332079889625516,1366.6666666666667,0.01327856527470413,True,0.00272146868519485,0.16373825553925497,True,True,True,0.85,True,True,True,22,True,False,True,False,True,False,True,False,True,0,3,True,22,15,24,15,,,,False,False,False,
231,2026-08-18T21:56:40.077244,shadow,analysis_full,silero,webrtc,False,0.0010986928828060627,True,True,False,1,False,True,False,0,0.0,,,,,,,,,,,,,0.0022826503573581043,0.687289748584216,0.26909859713997214,0.043611653837724744,,,,,,,,,,,,,,False,False,temporal_v1,False,0.00014898778649973492,0.13569937369519833,3.801473020395402,0.9144486596577105,69.691775977325,1413.123163522434,0.0015688421902143221,0.0006142580089261219,9.955015721766033e-05,0.0,0.0,0.11636376815357966,0.1025911862324967,0.07007501975972247,0.029308715237516436,0.3600271361500167,159.9568770469348,0.010426676126253928,1.4962697543051242,-0.0008913589827290658,1400.0,0.00977977365817852,True,0.002318219863809645,0.11636376815357966,False,True,True,0.85,True,False,False,0,True,False,True,False,True,False,True,False,True,0,4,False,0,15,24,15,,,,False,False,False,
232,2026-08-18T21:56:40.083891,shadow,analysis_full,silero,webrtc,False,0.0011277587618678808,True,True,False,1,False,True,False,0,0.0,,,,,,,,,,,,,0.0005448437501721307,0.5291093311402655,0.4202182002224327,0.05067246680191335,,,,,,,,,,,,,,False,False,temporal_v1,False,7.658007338282018e-05,0.14822546972860126,3.700304790915223,0.8886131427481814,63.175012135951185,1569.3614573476025,0.00028828191222952997,0.00022895326009977353,2.7608576842827266e-05,0.0,0.0,0.11505354906007949,0.10189212028847128,0.03229922567723652,0.022851305721880575,0.38408854793417374,120.09741655690793,0.004750514047370346,1.3166717227737694,-0.0007878843949232453,1500.0,0.012776520073467518,True,0.001971360412426293,0.11505354906007949,False,True,True,0.85,True,False,False,0,True,False,True,False,True,False,True,False,True,0,5,False,0,15,24,15,,,,False,False,False,
233,2026-08-18T21:56:40.089451,shadow,analysis_full,silero,webrtc,False,0.0009415379608981311,True,True,False,1,False,True,False,0,0.0,,,,,,,,,,,,,0.001593705843806004,0.679426785289571,0.26922876644741545,0.05134444763554529,,,,,,,,,,,,,,False,False,temporal_v1,False,0.00012577911266791535,0.1315240083507307,3.7368715355905815,0.9058955278904933,68.09678089893053,1513.021197876531,0.0010828064381543164,0.0004290714584079278,8.182794624375989e-05,0.0,0.0,0.09228953855830489,0.095368280903422,0.013308281021472917,0.012700593882467751,0.4146066528414291,95.45585808965433,0.00589210873949033,1.381798485309619,-0.0008236233964942978,1500.0,0.014507462845522867,True,0.0016522685182280838,0.09228953855830489,False,True,True,0.85,True,False,False,0,True,False,True,False,True,False,True,False,True,0,6,False,0,15,24,15,,,,False,False,False,
234,2026-08-18T21:56:40.094789,shadow,analysis_full,silero,webrtc,False,0.0009478605934418738,True,True,False,1,False,True,False,0,0.0,,,,,,,,,,,,,0.0006440602778384618,0.6504779132518728,0.30512527900557873,0.044396806189898726,,,,,,,,,,,,,,False,False,temporal_v1,False,8.161009235702636e-05,0.15031315240083507,3.6790553127619376,0.8918331469219729,63.84859682071773,1565.48793897484,0.000418946985536784,0.0001965190719718712,2.859421932980651e-05,0.0,0.0,0.08857487453312848,0.09029413384876883,0.01255945886106744,0.013465148640164595,0.3898752719605084,69.2162534181277,0.005187466386073787,1.1919793451979666,-0.0007080034905578876,1666.6666666666667,0.019695604889052858,True,0.00129654846386984,0.08857487453312848,False,True,True,0.85,True,False,False,0,True,False,True,False,True,False,True,False,True,0,7,False,0,15,24,15,,,,False,False,False,
235,2026-08-18T21:56:40.100320,shadow,analysis_full,silero,webrtc,False,0.0009217137121595442,True,True,False,1,False,True,False,0,0.0,,,,,,,,,,,,,0.0026096210857257164,0.6975496879347574,0.2528308011778827,0.04961951050416261,,,,,,,,,,,,,,False,False,temporal_v1,False,0.00015900469932207093,0.15657620041753653,3.881330666023164,0.902301289245896,70.22385098807743,1558.85443411947,0.001820340373975936,0.000659792589874729,0.00012948812087505143,0.0,0.0,0.08833707552045346,0.09073958625714372,0.013203004612441739,0.014887095186644736,0.3809209221441095,68.84180389078652,0.004277754754576041,1.2117736305420164,-0.0007209307702397547,1700.0000000000002,0.027798986757363864,True,0.0011334330774843693,0.08833707552045346,False,True,True,0.85,True,False,False,0,True,False,True,False,True,False,True,False,True,0,8,False,0,15,24,15,,,,False,False,False,
236,2026-08-18T21:56:40.105848,shadow,analysis_full,silero,webrtc,False,0.0008135701064020395,True,True,False,1,False,True,False,0,0.0,,,,,,,,,,,,,0.002007403815168629,0.7025838422705196,0.24327073130483126,0.05414542592649327,,,,,,,,,,,,,,False,False,temporal_v1,False,0.0001411523410833772,0.1419624217118998,3.8608120993043897,0.9004687663062755,69.13225620337688,1531.9871654813753,0.0014103694854496753,0.0004883425941401806,0.00010869173457877298,0.0,0.0,0.085217836774002,0.08935503793877189,0.014256846384256994,0.014910497983857282,0.35775181161426917,49.13229571444209,0.0015671277665420503,1.7124844184986088,-0.0010207553763361987,1600.0,0.008185754332735622,True,0.0011132258223369718,0.085217836774002,False,True,True,0.85,True,False,False,0,True,False,True,False,True,False,True,False,True,0,9,False,0,15,24,15,,,,False,False,False,
237,2026-08-18T21:56:40.111400,shadow,analysis_full,silero,webrtc,False,0.0008219703449867666,True,True,False,1,False,True,False,0,0.0,,,,,,,,,,,,,0.0025419623664100126,0.772494741541198,0.17772509269666667,0.04978016536873853,,,,,,,,,,,,,,False,False,temporal_v1,False,0.00015661118025743931,0.11691022964509394,3.6410001526337368,0.9170501986937629,70.15664267021512,1470.6528571141446,0.0019636525612473548,0.00045177049720165766,0.00012653930696100035,0.0,0.0,0.09523713529543523,0.10053992890294643,0.014023156926125123,0.01548266907535629,0.31967806601015303,49.46274836054314,0.002342601599553425,1.5769109385380307,-0.0009524688116474115,1333.3333333333335,0.009548661947139905,True,0.0010232767381239682,0.09523713529543523,False,True,True,0.85,True,False,False,0,True,False,True,False,True,False,True,False,False,0,0,False,0,15,24,24,,,,False,False,False,
238,2026-08-18T21:56:40.117973,shadow,analysis_full,silero,webrtc,False,0.0006835372187197208,True,True,False,1,False,True,False,0,0.0,,,,,,,,,,,,,0.0009091535423623944,0.7352759790678791,0.21347945133744836,0.051244568494748316,,,,,,,,,,,,,,False,False,temporal_v1,False,9.553079797255225e-05,0.12526096033402923,3.5729347843801165,0.9009920322651114,65.46339357320551,1554.0860799922023,0.00066847876098354,0.00019408559940502156,4.658918097383278e-05,0.0,0.0,0.09616862031773393,0.10421999822735485,0.01042841341718605,0.013019174803898845,0.1769923385323037,47.80846439924252,0.00411296914420639,1.36813878741156,-0.000816032137799914,1566.6666666666667,0.013393705461933537,True,0.0009446992771700025,0.09616862031773393,False,True,True,0.85,True,False,False,0,True,False,True,False,True,False,True,False,False,0,0,False,0,15,24,24,,,,False,False,False,
239,2026-08-18T21:56:40.124305,shadow,analysis_full,silero,webrtc,False,0.0006208023405633867,True,True,False,1,False,True,False,0,0.0,,,,,,,,,,,,,0.0007538858555860184,0.719061902274562,0.21494880794473864,0.06598928845423846,,,,,,,,,,,,,,False,False,temporal_v1,False,8.867479283200534e-05,0.15031315240083507,3.714517359006243,0.8965992553006533,64.70863105296915,1550.5629393598717,0.0005420905974155681,0.00016204686598461404,4.974839118583612e-05,0.0,0.0,0.08748601186028504,0.09390574809693238,0.009439238953677018,0.012074316276343425,0.1629491425115148,47.46050035814877,0.0049542189758120195,1.76194233560501,-0.001076691221183761,1666.6666666666667,0.006690262733613407,True,0.0009316258365288377,0.08748601186028504,False,True,True,0.85,True,False,False,0,True,False,True,False,True,False,True,False,False,0,0,False,0,15,24,24,,,,False,False,False,
240,2026-08-18T21:56:40.128360,shadow,analysis_full,silero,webrtc,False,0.0006208023405633867,True,True,False,1,False,True,False,0,0.0,,,,,,,,,,,,,0.0003611888969553123,0.7676123400577862,0.17133149004071005,0.06105616713286936,,,,,,,,,,,,,,False,False,temporal_v1,False,6.648308804844067e-05,0.1315240083507307,3.5028193521074686,0.9092655563738713,61.74404257626592,1528.2497782377625,0.0002772530543947579,6.188303190151414e-05,2.2052809659040278e-05,0.0,0.0,0.06583215173248595,0.0682911075005341,0.006507696477113106,0.012074316276343425,0.11345644213797462,46.82179883196593,0.00502698291629177,1.2804791318996003,-0.0007728623360419349,1466.6666666666667,0.01680273631875869,True,0.0008718420285731554,0.06583215173248595,False,True,True,0.85,True,False,False,0,True,False,True,False,True,False,True,False,False,0,0,False,0,15,24,24,,,,False,False,False,
241,2026-08-18T21:56:40.134503,shadow,analysis_full,silero,webrtc,False,0.0006277203210629523,True,True,False,1,False,True,False,0,0.0,,,,,,,,,,,,,0.003255455724882344,0.7556547429205418,0.1922442076025199,0.052101049169761604,,,,,,,,,,,,,,False,False,temporal_v1,False,0.00017672937804232721,0.1022964509394572,3.6704222234376185,0.9160931592208144,71.24159718499226,1481.4485869803682,0.0024600005588751735,0.0006258425062150932,0.0001696126587920769,0.0,0.0,0.06827558958129877,0.07041998665058545,0.005854751114073184,0.01634403551235894,0.10953197154986205,32.80648894616076,0.003605070873547636,1.6698240177372927,-0.0010071732192970446,1366.6666666666667,0.008722652611290998,True,0.000817770225694403,0.06827558958129877,False,True,True,0.85,True,False,False,0,True,False,True,False,True,False,True,False,False,0,0,False,0,15,24,24,,,,False,False,False,
242,2026-08-18T21:56:40.141897,shadow,analysis_full,silero,webrtc,False,0.0006303575937636197,True,True,False,1,False,True,False,0,0.0,,,,,,,,,,,,,0.00179252572593742,0.7373261168910912,0.2019229710332591,0.060750911517777756,,,,,,,,,,,,,,False,False,temporal_v1,False,0.0001333326175304612,0.0918580375782881,3.725657930859188,0.905274337155676,68.63247000148455,1538.9273070496304,0.0013216760329328222,0.0003619521202348334,0.00010889757176976455,0.0,0.0,0.037529547623829436,0.0405374576907874,0.006217535999143145,0.020236527458960554,0.10989493399629956,30.569166607927354,0.0012933976372982456,1.6834704163363619,-0.001016607350899138,1466.6666666666667,0.008999272771215462,True,0.0007485536625608802,0.037529547623829436,False,True,False,0.85,True,False,False,0,True,False,True,False,True,False,True,False,False,0,0,False,0,15,24,24,,,,False,False,False,
243,2026-08-18T21:56:40.148174,shadow,analysis_full,silero,webrtc,False,0.0006744662532582879,True,True,False,1,False,True,False,0,0.0,,,,,,,,,,,,,0.00040387361455366573,0.7683394217785333,0.15435379455838683,0.07730678118705782,,,,,,,,,,,,,,False,False,temporal_v1,False,6.862523750107816e-05,0.15031315240083507,3.347002581351941,0.9002049759940558,62.05245764837399,1585.4537708027945,0.00031031201947776975,6.233942492836963e-05,3.122216914752637e-05,0.0,0.0,0.03697848391858497,0.0423870304781001,0.009236358645947568,0.0211557566856633,0.15089072370972795,34.21155784723839,0.004693125802130753,1.6205182056360483,-0.0009897937545567778,1600.0,0.007820733075068987,True,0.0006790017359890044,0.03697848391858497,False,True,False,0.85,True,False,False,0,True,False,True,False,True,False,True,False,False,0,0,False,0,15,24,24,,,,False,False,False,
244,2026-08-18T21:56:40.154202,shadow,analysis_full,silero,webrtc,False,0.0006491625099442899,True,True,False,1,False,True,False,0,0.0,,,,,,,,,,,,,0.0006063118008164459,0.7659947428101072,0.19455742866639372,0.03944782687418259,,,,,,,,,,,,,,False,False,temporal_v1,False,8.250045365856441e-05,0.10020876826722339,3.4991394814756367,0.9197641304074153,64.09278457276707,1463.9397053725706,0.0004644316519291264,0.0001179624649369384,2.391768295038104e-05,0.0,0.0,0.026766032973402402,0.02921633699980504,0.009981581848411712,0.022075208304233256,0.15804939080966554,38.874458910855594,0.004140366942674457,1.5244822234188649,-0.0009228303197480696,1333.3333333333335,0.010327397133295836,True,0.0006618143816012889,0.026766032973402402,False,True,False,0.85,True,False,False,0,True,False,True,False,True,False,True,False,False,0,0,False,0,15,24,24,,,,False,False,False,
245,2026-08-18T21:56:40.161331,shadow,analysis_full,silero,webrtc,False,0.0007184308487921953,True,True,False,1,False,True,False,0,0.0,,,,,,,,,,,,,0.0002412134887618058,0.6117763557937503,0.30625575382776804,0.08196788623277658,,,,,,,,,,,,,,False,False,temporal_v1,False,5.854668522237184e-05,0.13987473903966596,3.8491822544471948,0.8806554280646525,60.11729783752523,1592.517058156915,0.0001475687091229943,7.387301883417268e-05,1.977175980463883e-05,0.0,0.0,0.046306963504669854,0.040708291061019364,0.012312478199021393,0.020314986818194707,0.1533981783124922,42.79719446665876,0.00422834468292113,1.577233923038843,-0.0009627992123205665,1800.0000000000002,0.010661898358623348,True,0.0006618143816012889,0.046306963504669854,False,True,False,0.85,True,False,False,0,True,False,True,False,True,False,True,False,False,0,0,False,0,15,24,24,,,,False,False,False,
246,2026-08-18T21:56:40.168398,shadow,analysis_full,silero,webrtc,False,0.0006555619766004384,True,True,False,1,False,True,False,0,0.0,,,,,,,,,,,,,0.00019931972266355686,0.5880914318927892,0.30578463239274956,0.10612393069739617,,,,,,,,,,,,,,False,False,temporal_v1,False,5.315470922031278e-05,0.15866388308977036,3.8531607220027086,0.8533666559574544,58.74186768033509,1726.5977694787023,0.00011721822110568479,6.094890812330053e-05,2.1152592434571534e-05,0.0,0.0,0.06351849408045904,0.04962113119793005,0.01844855608194299,0.022232595259645275,0.15230180542944632,72.97948334938935,0.0038409259886649024,1.401817439503549,-0.0008496135761667485,1933.3333333333335,0.01836181026496991,True,0.0006523622432723641,0.06351849408045904,False,True,True,0.85,True,False,False,0,True,False,True,False,True,False,True,False,False,0,0,False,0,15,24,24,,,,False,False,False,
247,2026-08-18T21:56:40.176770,shadow,analysis_full,silero,webrtc,False,0.0006941807805560529,True,True,False,1,False,True,False,0,0.0,,,,,,,,,,,,,0.00019904968067926713,0.6233411120398893,0.28596879133733494,0.09069009159890434,,,,,,,,,,,,,,False,False,temporal_v1,False,5.360881367170622e-05,0.1649269311064718,3.8524963560277135,0.8606235398311238,58.893288687151454,1792.1142330928349,0.00012407584930579924,5.692199659993249e-05,1.8051833773535396e-05,0.0,0.0,0.06734517454432774,0.052416273138841486,0.019233015636366254,0.024648805249512216,0.16542705922365356,97.84475320966902,0.0044212171601489755,0.98156406431736,-0.000575817242945681,2000.0000000000002,0.04352991234835717,True,0.0006523622432723641,0.06734517454432774,False,True,True,0.85,True,False,False,0,True,False,True,False,True,False,True,False,False,0,0,False,0,15,24,24,,,,False,False,False,
248,2026-08-18T21:56:40.184812,shadow,analysis_full,silero,webrtc,False,0.0007114469772204757,True,True,False,1,False,True,False,0,0.0,,,,,,,,,,,,,0.0006324937731610002,0.818246701898348,0.14976958708366295,0.0319837094369458,,,,,,,,,,,,,,False,False,temporal_v1,False,8.125182612292732e-05,0.11691022964509394,3.0945610795030696,0.9315275396376995,63.99255011893378,1517.6482939969742,0.0005175359438602303,9.472833123931098e-05,2.0229497061458937e-05,0.0,0.0,0.07496702783345488,0.05699037735856728,0.021689043942044003,0.024985994656162303,0.2370033528232198,99.45886934852945,0.010742129750686662,1.1206806542383398,-0.0006640053692436854,1300.0,0.01591172399180516,True,0.0006523622432723641,0.07496702783345488,False,True,True,0.85,True,False,False,0,True,False,True,False,True,False,True,False,False,0,0,False,0,15,24,24,,,,False,False,False,
249,2026-08-18T21:56:40.192343,shadow,analysis_full,silero,webrtc,False,0.0005408777506090701,True,True,False,1,False,True,False,0,0.0,,,,,,,,,,,,,0.0003502299113939346,0.6353599939263692,0.3025366544895421,0.0621033487288215,,,,,,,,,,,,,,False,False,temporal_v1,False,6.460060407801309e-05,0.162839248434238,3.780757202219846,0.8739449378358382,61.246009491619404,1646.4776218195318,0.0002225220743760831,0.00010595738569528973,2.1750450322561772e-05,0.0,0.0,0.07868744014610636,0.06236918219124624,0.021733809829420494,0.026221826251536667,0.2407036708339969,100.98803495259467,0.007068394239816626,1.1700979158792821,-0.0007036642191659884,2000.0000000000002,0.026212053818586066,True,0.0006523622432723641,0.07868744014610636,False,True,True,0.85,True,False,False,0,True,False,True,False,True,False,True,False,False,0,0,False,0,15,24,24,,,,False,False,False,
250,2026-08-18T21:56:40.199416,shadow,analysis_full,silero,webrtc,False,0.004402459133416414,True,True,True,1,False,True,False,0,0.0,,,,,,,,,,,,,0.08660275000191238,0.13818405551080365,0.8362694467766477,0.025546497701001716,,,,,,,,,,,,,,False,False,temporal_v1,False,0.0008685651514756114,0.15657620041753653,2.9563787453049426,0.8886427119484461,85.07506339042918,1500.9589107773172,0.01196711921365251,0.07242323383343559,0.002212396953824281,0.0,0.0,0.18503952886674688,0.19065587958323854,0.024969216082487707,0.027239259173778854,0.3120054917216984,102.89861511617782,0.019058001167331737,1.1116943860584236,-0.0006446247994544911,1433.3333333333335,0.006579716749592384,True,0.0006650141149293631,0.18503952886674688,False,True,True,0.85,True,False,False,0,True,True,True,True,True,True,True,False,False,1,0,False,0,15,24,24,,,,False,False,False,
251,2026-08-18T21:56:40.204441,shadow,analysis_full,silero,webrtc,False,0.004706440027803183,True,True,True,1,False,True,False,0,0.0,,,,,,,,,,,,,0.1735282060280732,0.10583975822572114,0.8156033350454102,0.07855690672310595,,,,,,,,,,,,,,False,False,temporal_v1,False,0.001228641443208548,0.18580375782881003,3.40326339052627,0.8227671646963609,87.75629371767366,1776.0773079305013,0.018366183371354393,0.14153018356094355,0.013631839094775257,0.0,0.0,0.2403374309941739,0.2424135889633499,0.02509645843005943,0.028855369591934858,0.31308893358259576,111.0040904831852,0.010564092358228862,1.2213992572459103,-0.0007088383055409586,1900.0000000000002,0.009956543456394915,True,0.0006843235169071704,0.2403374309941739,False,True,True,0.85,True,False,False,0,True,True,True,True,True,True,True,False,False,2,0,False,0,15,24,24,,,,False,False,False,
252,2026-08-18T21:56:40.210559,shadow,analysis_full,silero,webrtc,False,0.003406390082091093,True,True,True,1,False,True,False,0,0.0,,,,,,,,,,,,,0.19548978902310524,0.09248818714859441,0.8008506106540813,0.10666120219220901,,,,,,,,,,,,,,False,False,temporal_v1,False,0.001303639200122465,0.19624217118997914,3.313495982700237,0.8017077112197561,88.15879265739711,1883.802636298445,0.018080496192808194,0.15655811691579133,0.020851175913505708,0.0,0.0,0.27349372490852025,0.26958490321383205,0.02786401180877562,0.027382885063999326,0.31255860791891693,133.57905012835147,0.011566421440173402,1.2696588034042087,-0.000731681128604568,2033.3333333333335,0.008896604994205793,True,0.0007028138788882643,0.27349372490852025,False,True,True,0.85,True,False,False,0,True,True,True,True,True,True,True,False,False,3,0,False,0,15,24,24,,,,False,False,False,
253,2026-08-18T21:56:40.216620,shadow,analysis_full,silero,webrtc,False,0.004821070469915867,True,True,True,1,False,True,False,0,0.0,,,,,,,,,,,,,0.08327957988102858,0.34119964772347194,0.6239744821130728,0.034825870151447474,,,,,,,,,,,,,,False,False,temporal_v1,False,0.0008584608424123123,0.15866388308977036,3.5128772080069823,0.8742188928520173,84.90227043642702,1607.619624441282,0.02841496331796569,0.05196433272685908,0.002900283835203799,0.0,0.0,0.26373647564117,0.2608172877348785,0.029615362870495026,0.027408339761630582,0.30864419715836,132.69448680317797,0.007470053379289405,1.23083099327435,-0.0007226657341666006,1633.3333333333335,0.011121719874888083,True,0.0007149389130063355,0.26373647564117,False,True,True,0.85,True,False,False,0,True,True,True,True,True,True,True,False,False,4,0,False,0,15,24,24,,,,False,False,False,
254,2026-08-18T21:56:40.221799,shadow,analysis_full,silero,webrtc,False,0.005525186657905579,True,True,True,1,False,True,False,0,0.0,,,,,,,,,,,,,0.015126937693379515,0.32892292930984224,0.6413033061217063,0.0297737645023442,,,,,,,,,,,,,,False,False,temporal_v1,False,0.00036517814471608636,0.1732776617954071,3.652572093888512,0.8640792360410741,77.40059274254185,1498.827613944023,0.004975596657593858,0.00970095515426134,0.00045038588052431544,0.0,0.0,0.24709307504181807,0.24915501034214052,0.030601652949479564,0.02108559498956159,0.31144778275734886,128.11600618782234,0.00818822858475744,1.63651730177332,-0.0009693659961110468,1766.6666666666667,0.003645631216111036,True,0.002062410465441644,0.24709307504181807,False,True,True,0.85,True,False,False,0,True,True,True,True,True,True,True,False,False,5,0,False,0,15,24,24,,,,False,False,False,
255,2026-08-18T21:56:40.228430,shadow,analysis_full,silero,webrtc,False,0.006720155477523804,True,True,True,1,True,True,False,1,0.0,,,,,,,,,,,,,0.00866723783332761,0.2703094104458961,0.7053831609886804,0.024307428450046527,,,,,,,,,,,,,,False,False,temporal_v1,False,0.0002776453842872542,0.162839248434238,3.5854525987213846,0.8726841656223455,75.03914597782207,1628.4438724068214,0.0023428359489211523,0.0061137236199133105,0.00021067826349314715,0.0,0.0,0.24294404849345486,0.24577305130788502,0.03221760419687132,0.019831886575428677,0.2936989934632463,126.83139331058346,0.006854154005231959,0.9579691104050095,-0.0005673400851428823,1566.6666666666667,0.029713947993480698,True,0.0039044246077537537,0.24294404849345486,True,True,True,0.85,True,True,True,1,True,True,True,True,True,True,True,False,False,6,0,True,1,15,24,24,,,,False,False,False,
256,2026-08-18T21:56:40.232457,shadow,analysis_full,silero,webrtc,False,0.006720155477523804,True,True,True,1,True,True,False,1,0.0,,,,,,,,,,,,,0.0036569682958688806,0.30319824383086863,0.6560589026015932,0.040742853294087694,,,,,,,,,,,,,,False,True,temporal_v1,False,0.00018212235080913137,0.17954070981210857,3.711576637523392,0.8497840308327674,71.18512951384568,1630.0163160924824,0.001108786365052609,0.002399186607036556,0.00014899532277971568,0.0,0.0,0.23511447653199674,0.23359425751459648,0.02841200387140689,0.020288151337380118,0.2794227227448955,124.89155095500418,0.007188234798755709,1.1432339548144754,-0.0006697631729118863,1800.0000000000002,0.017286942317320832,True,0.004554449580609798,0.23511447653199674,True,True,True,0.85,True,True,True,2,True,True,True,True,True,True,True,False,False,7,0,True,2,15,24,24,,,,False,False,False,
257,2026-08-18T21:56:40.237525,shadow,analysis_full,silero,webrtc,False,0.005910222418606281,True,True,True,1,True,True,False,1,0.0,,,,,,,,,,,,,0.0028386271732970736,0.29291237604061277,0.6736743167070925,0.03341330690001185,,,,,,,,,,,,,,False,True,temporal_v1,False,0.0001620311496811416,0.16910229645093947,3.5664460050525713,0.8573716455442589,70.17264389116622,1548.4121358776617,0.0008314690300238941,0.0019123102213570915,9.484792091608823e-05,0.0,0.0,0.21927035863172953,0.2125036105918299,0.025792190815443743,0.02030962255868946,0.2539559774595777,118.01930933184917,0.004898030015999478,1.348203344724028,-0.0007993471327439316,1800.0000000000002,0.009186439951274251,True,0.004763755248859525,0.21927035863172953,True,True,True,0.85,True,True,True,3,True,True,True,True,True,False,True,False,False,8,0,True,3,15,24,24,,,,False,False,False,
258,2026-08-18T21:56:40.243904,shadow,analysis_full,silero,webrtc,False,0.004651730880141258,True,True,True,1,True,True,False,1,0.0,,,,,,,,,,,,,0.06462878677810341,0.45673559724227647,0.38059400744397553,0.16267039529827493,,,,,,,,,,,,,,False,True,temporal_v1,False,0.0007505488481099325,0.17118997912317327,3.936920824758668,0.7922250266912504,83.30643915242241,1819.265425638335,0.029518267528140803,0.024597328956120598,0.010513190292842006,0.0,0.0,0.1572674839425329,0.167987515210219,0.042606479230206676,0.011949134046976359,0.25917135949974496,125.34340042390092,0.009361576528318542,1.278334176164841,-0.000747628646963651,2500.0,0.014593695701075722,True,0.004763755248859525,0.1572674839425329,True,True,True,0.85,True,True,True,4,True,True,True,True,True,True,True,False,False,9,0,True,4,15,24,24,,,,False,False,False,
259,2026-08-18T21:56:40.249450,shadow,analysis_full,silero,webrtc,False,0.020775096490979195,True,True,True,1,True,True,False,1,0.0,,,,,,,,,,,,,0.21225839390132828,0.05538113788558073,0.8095770534583481,0.13504180865136,,,,,,,,,,,,,,False,True,temporal_v1,False,0.0013585735393958263,0.2254697286012526,3.4730973716405438,0.7491587750597847,88.22348168515322,2021.4872393996254,0.011755111380021369,0.17183952510643874,0.028663757413868174,0.0,0.0,0.1253086989757848,0.12949442492185964,0.04823729636780251,0.01964641395577218,0.2469734992591902,166.7465544519969,0.01044559181657472,1.1706364142896664,-0.0006738707189035984,2400.0,0.011616571377521263,True,0.005173128563910723,0.1253086989757848,True,True,True,0.85,True,True,True,5,True,True,True,True,True,True,True,False,True,0,0,True,5,15,24,15,,,,False,False,False,
260,2026-08-18T21:56:40.256545,shadow,analysis_full,silero,webrtc,False,0.014214740134775639,True,True,True,1,True,True,False,1,0.0,,,,,,,,,,,,,0.2781989848561181,0.03332979025793344,0.7923750705330984,0.17429513920537365,,,,,,,,,,,,,,False,True,temporal_v1,False,0.0015560247036807311,0.23799582463465555,3.511997451172271,0.7447807298045775,89.3771752560827,2002.945100528941,0.009272313815224418,0.22043794024760296,0.04848873079229074,0.0,0.0,0.13709791324422532,0.12528420437134227,0.055501162356328286,0.025216061134694028,0.16469757276356875,177.0723557611245,0.011346774590339379,1.464493933187601,-0.000855743906041075,2566.666666666667,0.005832307410274617,True,0.00571770453825593,0.13709791324422532,True,True,True,0.85,True,True,True,6,True,True,True,True,True,True,True,False,True,0,0,True,6,15,24,15,,,,False,False,False,
261,2026-08-18T21:56:40.262744,shadow,analysis_full,silero,webrtc,False,0.007723209913820028,True,True,True,1,True,True,False,1,0.0,,,,,,,,,,,,,0.25432220940703865,0.03656862637029913,0.8374506619188674,0.12598071170690164,,,,,,,,,,,,,,False,True,temporal_v1,False,0.0014867154610534866,0.24634655532359082,3.646490075724989,0.7457069312563622,88.98671546380412,1983.6222758888757,0.009300213853474971,0.21298230260859333,0.0320396929439704,0.0,0.0,0.14463947186009993,0.12762512872816892,0.0570075421283707,0.031035634128013582,0.156511304078859,191.46476249140198,0.009622711094826023,1.3247379089846445,-0.0007668197925307426,2433.3333333333335,0.00900806451004906,True,0.0063151889480650425,0.14463947186009993,True,True,True,0.85,True,True,True,7,True,True,True,True,True,True,True,False,True,0,0,True,7,15,24,15,,,,False,False,False,
262,2026-08-18T21:56:40.268826,shadow,analysis_full,silero,webrtc,False,0.006444358266890049,True,True,True,1,True,True,False,1,0.0,,,,,,,,,,,,,0.17668858287260367,0.06589489253510655,0.7773651575240587,0.15673994993517493,,,,,,,,,,,,,,False,True,temporal_v1,False,0.001239576820642357,0.2150313152400835,3.431396897684145,0.7652913591563006,87.51922985272331,1979.084678248354,0.011642875180570486,0.13735154805746425,0.027694159633568905,0.0,0.0,0.14720153505265213,0.1258058681604428,0.06061997976478407,0.03179109573424493,0.13856790753821538,199.4705261883486,0.006430115376188729,1.1544474338614563,-0.0006593507310887242,2533.3333333333335,0.01051745283251219,True,0.006582256872206926,0.14720153505265213,True,True,True,0.85,True,True,True,8,True,True,True,True,True,True,True,False,True,0,0,True,8,15,24,15,,,,False,False,False,
263,2026-08-18T21:56:40.275238,shadow,analysis_full,silero,webrtc,False,0.006126362830400467,True,True,True,1,True,True,False,1,0.0,,,,,,,,,,,,,0.14292811970959685,0.022435114775057576,0.7026391960513094,0.2749256891666364,,,,,,,,,,,,,,False,True,temporal_v1,False,0.0011150313753228596,0.2567849686847599,3.526823301941142,0.6944765591541635,86.1777126406143,2099.4683102628983,0.003206608770267974,0.10042689912587645,0.03929461181245242,0.0,0.0,0.15161569084037727,0.12389028776447825,0.07828283268877766,0.034420816443465466,0.13772263562241574,213.05752833989362,0.007626148335615884,1.1122958021525096,-0.0006376669798349693,2766.666666666667,0.013975633866801217,True,0.006582256872206926,0.15161569084037727,True,True,True,0.85,True,True,True,9,True,True,True,True,True,True,True,False,True,0,0,True,9,15,24,15,,,,False,False,False,
264,2026-08-18T21:56:40.282333,shadow,analysis_full,silero,webrtc,False,0.00537163345143199,True,True,True,1,True,True,False,1,0.0,,,,,,,,,,,,,0.08480035328108584,0.10823161769847528,0.7457347608678782,0.14603362142185414,,,,,,,,,,,,,,False,True,temporal_v1,False,0.0008591452443402102,0.23382045929018788,3.265838224280576,0.7555388391438268,84.2763919535204,2046.961423725763,0.009178079417014127,0.06323857117558214,0.012383702687489577,0.0,0.0,0.1452152653223058,0.12310007675222256,0.07310709647124175,0.03384686718685548,0.16938936680279845,192.60870066940336,0.011071722735409852,0.9592522443054496,-0.0005470303496394196,2433.3333333333335,0.01839361192231218,True,0.006582256872206926,0.1452152653223058,True,True,True,0.85,True,True,True,10,True,True,True,True,True,True,True,False,True,0,0,True,10,15,24,15,,,,False,False,False,
265,2026-08-18T21:56:40.289544,shadow,analysis_full,silero,webrtc,False,0.005510224960744381,True,True,True,1,True,True,False,1,0.0,,,,,,,,,,,,,0.07728563157225503,0.4013295048975734,0.5036387437476806,0.09503175134180704,,,,,,,,,,,,,,False,True,temporal_v1,False,0.0008207573899065566,0.18580375782881003,3.143249505447457,0.8250118828940887,84.2603214165371,1860.5888762881887,0.031017004254589378,0.0389240383947966,0.0073445889218690516,0.0,0.0,0.15938970262525323,0.13757080797133536,0.06585117558180435,0.03126230738594553,0.2110361382333585,174.51620723566268,0.011360979858734455,0.9672296891431573,-0.000557945530953572,1733.3333333333335,0.01713327086783988,True,0.006285360548645258,0.15938970262525323,True,True,True,0.85,True,True,True,11,True,True,True,True,True,True,True,False,True,0,0,True,11,15,24,15,,,,False,False,False,
266,2026-08-18T21:56:40.295967,shadow,analysis_full,silero,webrtc,False,0.005883271340280771,True,True,True,1,True,True,False,1,0.0,,,,,,,,,,,,,0.06222739368747179,0.5522886097821915,0.3837078048162554,0.06400358538548308,,,,,,,,,,,,,,False,True,temporal_v1,False,0.0007376153004991812,0.1544885177453027,3.2766603531512604,0.8720000209686045,83.57134633276031,1713.9802544068787,0.03436748075002291,0.023877136631256707,0.003982776305192171,0.0,0.0,0.19299273702239578,0.16533743432406312,0.0628407427287518,0.03459763254424484,0.2121705447673636,163.00400579595032,0.010281475901615197,1.0515563972694544,-0.0006137726184485163,1666.6666666666667,0.01640021901246299,True,0.006018292624503374,0.19299273702239578,True,True,True,0.85,True,True,True,12,True,True,True,True,True,True,True,False,True,0,0,True,12,15,24,15,,,,False,False,False,
267,2026-08-18T21:56:40.303650,shadow,analysis_full,silero,webrtc,False,0.004631557501852512,True,True,True,1,True,True,False,1,0.0,,,,,,,,,,,,,0.04380902116573563,0.6995367349958289,0.26462259248343123,0.03584067249791351,,,,,,,,,,,,,,False,True,temporal_v1,False,0.0006194719999575661,0.1524008350730689,2.955040301372615,0.8920652354634556,82.15039806772837,1595.0955343167127,0.030646019629641866,0.011592856755038473,0.001570144780055292,0.0,0.0,0.24388317350401875,0.2033030796499398,0.06244430458553722,0.036842719696794625,0.26044458057203734,153.0130598956715,0.0071935559123119195,1.0288175019413544,-0.0006039591998568912,1666.6666666666667,0.012204917436971515,True,0.006004817085340619,0.24388317350401875,True,True,True,0.85,True,True,True,13,True,True,True,True,True,True,True,False,True,0,0,True,13,15,24,15,,,,False,False,False,
268,2026-08-18T21:56:40.312031,shadow,analysis_full,silero,webrtc,False,0.0042424676939845085,True,True,True,1,True,True,False,1,0.0,,,,,,,,,,,,,0.07666148252599357,0.7287624169415264,0.22704264379994252,0.04419493924548668,,,,,,,,,,,,,,False,True,temporal_v1,False,0.0008168568030011144,0.14822546972860126,2.538583274374258,0.8829376128101163,84.51324501568168,1724.222252132866,0.05586800729196367,0.017405425670324676,0.0033880495627052246,0.0,0.0,0.27885088748971404,0.22538708830985302,0.06749550097446097,0.039668717628217665,0.31358924046110026,161.22497655447435,0.008405311696999276,1.1024803312608231,-0.0006334558788968442,1733.3333333333335,0.006589165873053815,True,0.006004817085340619,0.27885088748971404,True,True,True,0.85,True,True,True,14,True,True,True,True,True,True,True,False,True,0,0,True,14,15,24,15,,,,False,False,False,
269,2026-08-18T21:56:40.319349,shadow,analysis_full,silero,webrtc,False,0.002587930066511035,True,True,True,1,True,True,False,1,0.0,,,,,,,,,,,,,0.06307520913021988,0.21088998967219919,0.6228727226970702,0.16623728761487652,,,,,,,,,,,,,,False,True,temporal_v1,False,0.000741115654091731,0.21920668058455114,3.7796194667522878,0.768655369141097,83.06542781678479,2008.3918982362795,0.013301930202043875,0.039287827245627155,0.010485451681548848,0.0,0.0,0.27064288596904656,0.21511785188866622,0.06858991200173968,0.03939916864162154,0.34470409853834083,160.30575320745058,0.01878576524967658,0.9580892853857914,-0.0005367118498309278,2566.666666666667,0.021040237206957666,True,0.005696748150512576,0.27064288596904656,True,True,True,0.85,True,True,True,15,True,True,True,True,True,True,True,False,True,0,0,True,15,15,24,15,webrtc_assisted,,cooldown,False,False,False,
270,2026-08-18T21:56:40.328266,shadow,analysis_full,silero,webrtc,False,0.0021626141387969255,True,True,True,1,True,True,False,1,0.0,,,,,,,,,,,,,0.11687410769103146,0.05427733767682072,0.7428246597555057,0.2028980025591174,,,,,,,,,,,,,,False,True,temporal_v1,False,0.001008179180614357,0.22338204592901878,3.3297194896491202,0.7668969881921519,85.73216447778535,2003.5034097567573,0.006343615408823224,0.08681696927981877,0.023713523001389465,0.0,0.0,0.2687541747187541,0.2108291736819063,0.07100115220900374,0.03840712030632473,0.3381695736180141,160.34119012904094,0.008587249584576163,1.0564139922319717,-0.0006003242562999885,2700.0,0.012546700508042217,True,0.005440929206088185,0.2687541747187541,True,True,True,0.85,True,True,True,16,True,True,True,True,True,True,True,False,True,0,0,True,16,15,24,15,,,,False,False,False,
271,2026-08-18T21:56:40.335673,shadow,analysis_full,silero,webrtc,False,0.0015858489787206054,True,True,True,1,True,True,False,1,0.0,,,,,,,,,,,,,0.12059830013700423,0.043994868168640934,0.8447281184692755,0.11127701335379148,,,,,,,,,,,,,,False,True,temporal_v1,False,0.0010242356663682103,0.22755741127348644,3.2143967730117495,0.7866705955823098,85.97987574563288,1910.1951831758815,0.005305706315889693,0.10187277516532456,0.013419818654789972,0.0,0.0,0.26806771513870997,0.21172452506937658,0.07124560763861906,0.03668861002290385,0.3166983200120345,158.0772488203711,0.006589415002765452,1.4554559313370046,-0.0008512936930846444,2300.0,0.005530878326807736,True,0.005001595476642251,0.26806771513870997,True,True,True,0.85,True,True,True,17,True,True,True,True,True,True,True,False,True,0,0,True,17,15,24,15,,,,False,False,False,
272,2026-08-18T21:56:40.342367,shadow,analysis_full,silero,webrtc,False,0.0015858489787206054,True,True,True,1,True,True,False,1,0.0,,,,,,,,,,,,,0.1378632554622746,0.027158160985541045,0.8403058077614948,0.13253603124571067,,,,,,,,,,,,,,False,True,temporal_v1,False,0.0010949704602030966,0.20041753653444677,3.2258041430789657,0.7990218009446604,86.62802470720334,1955.4206261578136,0.0037441124858352244,0.11584729424185596,0.01827184873358342,0.0,0.0,0.27151794230336024,0.21828688881003386,0.07069550961294992,0.03641734887709385,0.31061903875272917,156.96124316495343,0.0059084195342118985,1.0755796195666574,-0.0006174427470093716,2266.666666666667,0.011829313585895774,True,0.0044370125979185104,0.27151794230336024,True,True,True,0.85,True,True,True,18,True,True,True,True,True,True,True,False,True,0,0,True,18,15,24,15,,,,False,False,False,
273,2026-08-18T21:56:40.349520,shadow,analysis_full,silero,webrtc,False,0.0011935028014704585,True,True,True,1,True,True,False,1,0.0,,,,,,,,,,,,,0.08650960583570776,0.0761951994203886,0.7988742293390825,0.12493057122896939,,,,,,,,,,,,,,False,True,temporal_v1,False,0.0008675502004572973,0.19206680584551147,3.158550104614793,0.8023394516072575,84.62174477880659,1829.8017865630209,0.006591616668430967,0.06911029469242883,0.010807694473847954,0.0,0.0,0.26675865898514123,0.2251505222225878,0.050931645546253144,0.03115896986522862,0.2941122298771736,141.35228244504512,0.004678613772575833,1.5279632545371948,-0.0008962106322971648,2200.0,0.0039017878720554746,True,0.0034151988802477717,0.26675865898514123,True,True,True,0.85,True,True,True,19,True,True,True,True,True,True,True,False,True,0,0,True,19,15,24,15,,,,False,False,False,
274,2026-08-18T21:56:40.358164,shadow,analysis_full,silero,webrtc,False,0.0010177245130762458,True,True,True,1,False,True,False,0,0.0,,,,,,,,,,,,,0.0764863962952587,0.032172868757360036,0.877220547628174,0.09060658360139162,,,,,,,,,,,,,,False,True,temporal_v1,False,0.0008157802700613651,0.1837160751565762,2.7310460030156523,0.8336473328392822,84.25259645131527,1845.3822797949329,0.0024607867897307872,0.06709543844423238,0.006930171060295528,0.0,0.0,0.27285507942953896,0.2369569167909631,0.04996556159266957,0.028198403348481074,0.3224850410160289,127.64874722368334,0.008249337244508787,1.2379106667308062,-0.0007099877405936869,1833.3333333333335,0.005596470632791874,True,0.0023752721026539803,0.27285507942953896,False,True,True,0.85,True,False,False,0,True,True,True,True,True,True,True,False,True,0,0,False,0,15,24,15,,,,False,False,False,
275,2026-08-18T21:56:40.365350,shadow,analysis_full,silero,webrtc,False,0.0009055202826857567,True,True,True,1,False,True,False,0,0.0,,,,,,,,,,,,,0.021280776400992473,0.1236424326637115,0.7878227007435546,0.08853486654574319,,,,,,,,,,,,,,False,True,temporal_v1,False,0.00043164801888623467,0.1941544885177453,3.3760560829778155,0.826063806776254,78.66719112598145,1719.9483568544688,0.0026312069631912126,0.016765478738149594,0.0018840906986516697,0.0,0.0,0.27349449429656064,0.23945482710729926,0.05015565727909272,0.028223122532143947,0.3305241013735866,132.76400584255555,0.010705501527812385,1.5969464073533042,-0.0009424008201751376,1833.3333333333335,0.004455484605557947,True,0.0018742315587587655,0.27349449429656064,False,True,True,0.85,True,False,False,0,True,True,True,True,True,True,True,False,True,0,0,False,0,15,24,15,,,,False,False,False,
276,2026-08-18T21:56:40.371395,shadow,analysis_full,silero,webrtc,False,0.0010553483152762055,True,True,True,1,False,True,False,0,0.0,,,,,,,,,,,,,0.012218764594664127,0.1883336675703697,0.7480695127891986,0.06359681955859015,,,,,,,,,,,,,,False,False,temporal_v1,False,0.000328199218746354,0.20041753653444677,3.4803652342552103,0.8343285249754951,76.31334683611462,1742.989028296877,0.002301204749292077,0.009140485277216304,0.0007770745671557443,0.0,0.0,0.2550943417042926,0.22512899855503388,0.05018993932474886,0.025772525030498476,0.34320958838823984,130.4816147234312,0.0065042315136038115,1.053155422486836,-0.0006157519081290465,1766.6666666666667,0.017968967250805174,True,0.0015858489787206054,0.2550943417042926,False,True,True,0.85,True,False,False,0,True,True,True,True,True,True,True,False,True,0,0,False,0,15,24,15,,,,False,False,False,
277,2026-08-18T21:56:40.378802,shadow,analysis_full,silero,webrtc,False,0.0012111564865335822,True,True,True,1,False,True,False,0,0.0,,,,,,,,,,,,,0.00616482012778828,0.1929708413467538,0.7626769514154432,0.04435220707559209,,,,,,,,,,,,,,False,False,temporal_v1,False,0.0002348606872664469,0.18162839248434237,3.5396082003450653,0.8505286055301599,73.45133806220738,1633.6983214699303,0.0011896305268107065,0.004701766221086128,0.0002734233788914439,0.0,0.0,0.19857543874990294,0.17912728124965924,0.049051058464059105,0.022294261501816272,0.3498188598932422,123.76990953430801,0.006454920430086499,1.447768157341954,-0.0008611419802212017,1800.0000000000002,0.00846336496370972,True,0.0013985027326270938,0.19857543874990294,False,True,True,0.85,True,False,False,0,True,True,True,True,True,True,True,False,True,0,0,False,0,15,24,15,,,,False,False,False,
278,2026-08-18T21:56:40.384155,shadow,analysis_full,silero,webrtc,False,0.000991273089312017,True,True,True,1,False,True,False,0,0.0,,,,,,,,,,,,,0.004152866709957694,0.10823384572765149,0.8665704601343116,0.02519569389723919,,,,,,,,,,,,,,False,False,temporal_v1,False,0.00019329025274856667,0.17954070981210857,3.0186720450335214,0.8626298276130568,71.78225953287023,1574.357162398615,0.00044948073481306065,0.003598751615724504,0.00010463435842012886,0.0,0.0,0.06688433199215678,0.07192711062251707,0.0517380513959326,0.01671320046732813,0.27571816211657907,143.98364097376262,0.005064619716038929,1.4526157999184106,-0.0008605995618202214,1700.0000000000002,0.004812513469141707,True,0.0012023296440020204,0.06688433199215678,False,True,True,0.85,True,False,False,0,True,True,True,True,True,True,True,False,True,0,0,False,0,15,24,15,,,,False,False,False,
279,2026-08-18T21:56:40.390254,shadow,analysis_full,silero,webrtc,False,0.0008196821436285973,True,True,True,1,False,True,False,0,0.0,,,,,,,,,,,,,0.001851045284822709,0.3824485433097078,0.5640764018230612,0.05347505432699564,,,,,,,,,,,,,,False,False,temporal_v1,False,0.00013451361020471247,0.16701461377870563,3.8421586726682073,0.8669942491504389,68.5261968369822,1713.2327280151037,0.0007079295727807482,0.0010441309638743372,9.898474716762348e-05,0.0,0.0,0.10357939132579244,0.08625825163703733,0.049401685206171525,0.01806056680908741,0.28732269389065157,132.62996921743,0.010052066352066987,0.9219302045461166,-0.000543598976097166,1800.0000000000002,0.04682172039802797,True,0.001124425558373332,0.10357939132579244,False,True,True,0.85,True,False,False,0,True,True,True,True,True,True,True,False,True,0,0,False,0,15,24,15,,,,False,False,False,
280,2026-08-18T21:56:40.396026,shadow,analysis_full,silero,webrtc,False,0.0008266808581538498,True,True,True,1,False,True,False,0,0.0,,,,,,,,,,,,,0.0015689375646838562,0.4120824605602621,0.5374160218900768,0.05050151691228716,,,,,,,,,,,,,,False,False,temporal_v1,False,0.00012278397602681813,0.17536534446764093,3.8990233592321517,0.8670746981986757,67.68279243468126,1578.3120311969556,0.0006465316521203488,0.0008431721846063029,7.923372695720439e-05,0.0,0.0,0.13167052321718653,0.11358398886071502,0.0346943506784617,0.016156290116029943,0.3406757636830773,126.28636254108369,0.004625087993517884,1.6802711484674857,-0.0010181779386189912,1733.3333333333335,0.008000859266791244,True,0.0010365364141762257,0.13167052321718653,False,True,True,0.85,True,False,False,0,True,True,True,True,True,False,True,False,True,0,0,False,0,15,24,15,,,,False,False,False,
281,2026-08-18T21:56:40.401537,shadow,analysis_full,silero,webrtc,False,0.000713432498741895,True,True,True,1,False,True,False,0,0.0,,,,,,,,,,,,,0.001005013410507703,0.5873469176545095,0.34854393453633614,0.06410914681414281,,,,,,,,,,,,,,False,False,temporal_v1,False,0.00010033226375965008,0.18789144050104384,3.768354373316311,0.8800064157708709,65.83665296208983,1644.0293955557709,0.0005902915288631456,0.0003502913283601368,6.443055228442072e-05,0.0,0.0,0.17731433290380266,0.1640931076489061,0.03308673896578313,0.01030393543152657,0.35890548475782597,117.5342372052756,0.004054642526036474,1.119717580084446,-0.0006665726523627411,1766.6666666666667,0.028864466848576346,True,0.0010044988011941314,0.17731433290380266,False,True,True,0.85,True,False,False,0,True,True,True,True,True,False,True,False,True,0,0,False,0,15,24,15,,,,False,False,False,
282,2026-08-18T21:56:40.407249,shadow,analysis_full,silero,webrtc,False,0.0006144608487375081,True,True,False,1,False,True,False,0,0.0,,,,,,,,,,,,,0.0013970816147581746,0.6504227369186578,0.3044128357011145,0.04516442666444998,,,,,,,,,,,,,,False,False,temporal_v1,False,0.00011780324126131385,0.1315240083507307,3.787383838579717,0.9050550685503018,67.48251677794343,1518.926515870197,0.0009086936475697499,0.00042528957605442793,6.309839013399694e-05,0.0,0.0,0.2079149828147537,0.19785171935495693,0.0274794389725505,0.018377537475308403,0.370386869710255,103.60645740946569,0.0037759497489859247,1.7757384268502743,-0.0010774623589632417,1533.3333333333335,0.006305902734830347,True,0.0009483966859988868,0.2079149828147537,False,True,True,0.85,True,False,False,0,True,False,True,False,True,False,True,False,True,0,1,False,0,15,24,15,,,,False,False,False,
283,2026-08-18T21:56:40.412808,shadow,analysis_full,silero,webrtc,False,0.0005907200393266976,True,True,False,1,False,True,False,0,0.0,,,,,,,,,,,,,0.0005020797664477042,0.571939744820945,0.3728413944117355,0.05521885877560404,,,,,,,,,,,,,,False,False,temporal_v1,False,7.52414742134784e-05,0.1544885177453027,3.760504457511386,0.884136487136298,62.967504999178026,1610.7917019740376,0.00028715937350185964,0.00018719612022828055,2.772427171756404e-05,0.0,0.0,0.21353648952190718,0.20883219533775035,0.018909601334242528,0.019212352797717706,0.3653647071168176,92.1549413881726,0.00425712993989722,1.2354079690912163,-0.0007403506242935295,1666.6666666666667,0.020554054025537605,True,0.0008661005704198033,0.21353648952190718,False,True,True,0.85,True,False,False,0,True,False,True,False,True,False,True,False,True,0,2,False,0,15,24,15,,,,False,False,False,
284,2026-08-18T21:56:40.419381,shadow,analysis_full,silero,webrtc,False,0.0005073112552054226,True,True,False,1,False,True,False,0,0.0,,,,,,,,,,,,,0.000988961597990411,0.6971491788765412,0.23472758182408276,0.06812323828821448,,,,,,,,,,,,,,False,False,temporal_v1,False,0.00010269772832739131,0.1524008350730689,3.8756184949604795,0.8958070507054998,66.1382037429034,1569.4905000022754,0.0006894537659794471,0.00023213656441316988,6.737126659779415e-05,0.0,0.0,0.21553659666142438,0.21753200421189303,0.016024564181825466,0.02015884376546691,0.2659321341696201,70.80079710456748,0.004706139732624205,1.4471403610980187,-0.0008628590353134315,1600.0,0.014241175550306781,True,0.0008231815008912235,0.21553659666142438,False,True,True,0.85,True,False,False,0,True,False,True,False,True,False,True,False,True,0,3,False,0,15,24,15,,,,False,False,False,
285,2026-08-18T21:56:40.426863,shadow,analysis_full,silero,webrtc,False,0.000425055535743013,True,True,False,1,False,True,False,0,0.0,,,,,,,,,,,,,0.0004734725346856971,0.708384821099574,0.22446126269195055,0.06715391409642049,,,,,,,,,,,,,,False,False,temporal_v1,False,7.410258185186145e-05,0.16075156576200417,3.739132876987694,0.8944508146346741,62.856581436200614,1553.1960235186175,0.0003354007567788894,0.00010627624298550992,3.1795533921297775e-05,0.0,0.0,0.2142630245804014,0.22224758288778654,0.01257240760130222,0.0190196943197167,0.2525810747176646,67.3406728660404,0.002873888343769124,1.5793870988456136,-0.0009619279210240842,1700.0000000000002,0.01017401144065437,True,0.0007665573211852461,0.2142630245804014,False,True,True,0.85,True,False,False,0,True,False,True,False,True,False,True,False,True,0,4,False,0,15,24,15,,,,False,False,False,
286,2026-08-18T21:56:40.434173,shadow,analysis_full,silero,webrtc,False,0.0004312220844440162,True,True,False,1,False,True,False,0,0.0,,,,,,,,,,,,,0.0006695247737694228,0.6215836061885837,0.303973986426426,0.07444240589139371,,,,,,,,,,,,,,False,False,temporal_v1,False,8.604218640234952e-05,0.162839248434238,3.924456576710992,0.87984957422769,64.32565502202571,1664.2972096310327,0.00041616562331219344,0.00020351811449394243,4.9841034963286924e-05,0.0,0.0,0.20033649193256922,0.21163410334905947,0.013789230295034186,0.015921232538570036,0.2541802381132786,55.321507488763835,0.004265169700723463,1.1055390113163752,-0.0006500754598409297,1833.3333333333335,0.03310203007525876,True,0.0006639466737397015,0.20033649193256922,False,True,True,0.85,True,False,False,0,True,False,True,False,True,False,True,False,True,0,5,False,0,15,24,15,,,,False,False,False,
287,2026-08-18T21:56:40.440767,shadow,analysis_full,silero,webrtc,False,0.0004471425199881196,True,True,False,1,False,True,False,0,0.0,,,,,,,,,,,,,0.0002920152391712123,0.7315408367926057,0.19678364572460458,0.07167551405831106,,,,,,,,,,,,,,False,False,temporal_v1,False,6.144842926726659e-05,0.1524008350730689,3.5735217333460008,0.8874079883716829,60.732709384997435,1667.4146026690726,0.00021362107241950154,5.746382337125352e-05,2.0930342380457293e-05,0.0,0.0,0.18410582078950163,0.1960733978505311,0.014155702562808847,0.015335588870318963,0.25202805707355413,57.87342530159534,0.004720298800945945,1.3108725472567535,-0.0007949453025575217,1800.0000000000002,0.01695635898051096,True,0.0006025904440321028,0.18410582078950163,False,True,True,0.85,True,False,False,0,True,False,True,False,True,False,True,False,True,0,6,False,0,15,24,15,,,,False,False,False,
288,2026-08-18T21:56:40.445871,shadow,analysis_full,silero,webrtc,False,0.0004471425199881196,True,True,False,1,False,True,False,0,0.0,,,,,,,,,,,,,0.001547965457352147,0.7167499550375349,0.21886147366650047,0.06438857064995535,,,,,,,,,,,,,,False,False,temporal_v1,False,0.0001233975024355489,0.17954070981210857,3.924594108495019,0.894886779273345,67.86595147424273,1549.3880336993916,0.0011095041719568085,0.00033879000118092927,9.967128321440915e-05,0.0,0.0,0.11750821409481166,0.12313991861780942,0.00923930027099874,0.015335588870318963,0.10253500029121924,59.83699734553302,0.0031671554884079175,1.492151297848929,-0.000897904217980363,1533.3333333333335,0.015129463309520657,True,0.0005490156472660601,0.11750821409481166,False,True,True,0.85,True,False,False,0,True,False,True,False,True,False,True,False,True,0,7,False,0,15,24,15,,,,False,False,False,
289,2026-08-18T21:56:40.451440,shadow,analysis_full,silero,webrtc,False,0.0004880134074483067,True,True,False,1,False,True,False,0,0.0,,,,,,,,,,,,,0.0003020826841313762,0.647411731338819,0.26816189358219994,0.08442637176862905,,,,,,,,,,,,,,False,False,temporal_v1,False,6.215904982561455e-05,0.14613778705636743,3.6548508832789244,0.8748635956379327,60.806121000576276,1699.747454260815,0.00019557187354097186,8.100706459506342e-05,2.5503744995340906e-05,0.0,0.0,0.09042106535320737,0.09605778192526021,0.01106206750331836,0.0159758884924501,0.11156441214118425,57.53319940685811,0.0037726051101070537,1.1316315100074403,-0.0006794668838442788,1733.3333333333335,0.026552629083241207,True,0.0004976623313268647,0.09042106535320737,False,True,True,0.85,True,False,False,0,True,False,True,False,True,False,True,False,True,0,8,False,0,15,24,15,,,,False,False,False,
290,2026-08-18T21:56:40.459190,shadow,analysis_full,silero,webrtc,False,0.00042375383782200515,True,True,False,1,False,True,False,0,0.0,,,,,,,,,,,,,0.00037658947785534783,0.6551340309903042,0.2829556026999645,0.061910363654319935,,,,,,,,,,,,,,False,False,temporal_v1,False,6.729845837138133e-05,0.17118997912317327,3.660128397442754,0.8850534674950662,61.76297246732681,1629.8936552074506,0.0002467165826559079,0.00010655810267702487,2.331479152241505e-05,0.0,0.0,0.051795122081425705,0.05498944876201796,0.010104258929321834,0.015628365154248768,0.11139800260496954,57.170242522253396,0.0070252280597175205,1.3451300299828033,-0.0008103084628726386,1833.3333333333335,0.018613071269669892,True,0.00046757796371821314,0.051795122081425705,False,True,True,0.85,True,False,False,0,True,False,True,False,True,False,True,False,True,0,9,False,0,15,24,15,,,,False,False,False,
291,2026-08-18T21:56:40.465238,shadow,analysis_full,silero,webrtc,False,0.000487486831843853,True,True,False,1,False,True,False,0,0.0,,,,,,,,,,,,,0.00047544122632401937,0.5810784472005724,0.3278031308670227,0.09111841982909544,,,,,,,,,,,,,,False,False,temporal_v1,False,7.314744730995266e-05,0.17745302713987474,3.9476394491573226,0.8645028843933759,62.570751604720456,1715.2177867060384,0.0002762686495274971,0.00015585112253227026,4.332145326425198e-05,0.0,0.0,0.05268594911530412,0.052534350133604135,0.01262405321395668,0.013987473903966598,0.1239200377933011,64.79831310906324,0.004837273589128924,1.1340476285009171,-0.0006702050534669142,2033.3333333333335,0.03184843761400635,True,0.0004673146759159863,0.05268594911530412,False,True,True,0.85,True,False,False,0,True,False,True,False,True,False,True,False,False,0,0,False,0,15,24,24,,,,False,False,False,
292,2026-08-18T21:56:40.472451,shadow,analysis_full,silero,webrtc,False,0.00040271953912451863,True,True,False,1,False,True,False,0,0.0,,,,,,,,,,,,,0.0003587523000865575,0.6354922034031959,0.28891203651471015,0.07559575729465534,,,,,,,,,,,,,,False,False,temporal_v1,False,6.552490406968032e-05,0.12734864300626306,3.8562875525315734,0.883438767527309,61.45567791739193,1637.821277523087,0.00022798428965797098,0.00010364785762234375,2.712015180624276e-05,0.0,0.0,0.05309345735205121,0.0518231860476606,0.010075950383096968,0.014834303902706068,0.12577484283717136,55.84877779763594,0.003993236672354645,1.145281879158801,-0.0006871441738054842,1700.0000000000002,0.03109940335297519,True,0.0004471425199881196,0.05309345735205121,False,True,True,0.85,True,False,False,0,True,False,True,False,True,False,True,False,False,0,0,False,0,15,24,24,,,,False,False,False,
293,2026-08-18T21:56:40.480707,shadow,analysis_full,silero,webrtc,False,0.00041147053707391024,True,True,False,1,False,True,False,0,0.0,,,,,,,,,,,,,0.0003327653444393308,0.7741621385839721,0.1667827909024875,0.05905506750841975,,,,,,,,,,,,,,False,False,temporal_v1,False,6.836691482035192e-05,0.12526096033402923,3.3470035317442344,0.9227009505762491,62.11902878744117,1474.2318253774622,0.0002576143306977844,5.549953286121914e-05,1.965147988032723e-05,0.0,0.0,0.05543867908632344,0.04846724486896968,0.009509485562816144,0.017892061679386912,0.18380822668500818,72.90122262199758,0.0057716139605121205,1.3988823760505893,-0.0008483101307145725,1300.0,0.01166307766759644,True,0.0004391823022160679,0.05543867908632344,False,True,True,0.85,True,False,False,0,True,False,True,False,True,False,True,False,False,0,0,False,0,15,24,24,,,,False,False,False,
294,2026-08-18T21:56:40.488811,shadow,analysis_full,silero,webrtc,False,0.00044421557686291635,True,True,False,1,False,True,False,0,0.0,,,,,,,,,,,,,0.0005268321775011942,0.7323694059278559,0.22016139908257695,0.04746919309142947,,,,,,,,,,,,,,False,False,temporal_v1,False,8.069657037378348e-05,0.10647181628392484,3.406088679239196,0.9220533324763146,63.87791964551647,1510.1940262780827,0.0003858357688602283,0.00011598810928038342,2.500829836058243e-05,0.0,0.0,0.0576883487713761,0.049158642968909455,0.011998574250240618,0.023210863085345278,0.20459898880898872,78.63480658234263,0.004626857914816629,1.14901486183858,-0.0006840322691366084,1300.0,0.019150092845466718,True,0.0004377188306534663,0.0576883487713761,False,True,True,0.85,True,False,False,0,True,False,True,False,True,False,True,False,False,0,0,False,0,15,24,24,,,,False,False,False,
295,2026-08-18T21:56:40.496909,shadow,analysis_full,silero,webrtc,False,0.00037417406565509737,True,True,False,1,False,True,False,0,0.0,,,,,,,,,,,,,0.0004629733355849458,0.8106090123839618,0.1487743564120195,0.04061662904406716,,,,,,,,,,,,,,False,False,temporal_v1,False,7.294087933319574e-05,0.10020876826722339,2.9961728353751504,0.9356144749266069,62.88304345598533,1469.7808816704896,0.0003752903583186214,6.887856003757624e-05,1.8804416228748162e-05,0.0,0.0,0.06957557888044603,0.057593381702984905,0.014865548501803603,0.027382885063999322,0.29364228393771474,88.08894182948436,0.004422744940390007,1.1789502258732867,-0.0007118161036614071,1066.6666666666667,0.017426721069984708,True,0.0004377188306534663,0.06957557888044603,False,True,True,0.85,True,False,False,0,True,False,True,False,True,False,True,False,False,0,0,False,0,15,24,24,,,,False,False,False,
296,2026-08-18T21:56:40.504561,shadow,analysis_full,silero,webrtc,False,0.0003125034854747355,True,True,False,1,False,True,False,0,0.0,,,,,,,,,,,,,0.00046846735003229706,0.8383560903067094,0.12125214707562176,0.04039176048304822,,,,,,,,,,,,,,False,False,temporal_v1,False,7.40226612209161e-05,0.12526096033402923,3.118043724483409,0.9280861581028865,63.00530930034164,1478.004867828871,0.0003927424560094213,5.6802672026242864e-05,1.8922220996632855e-05,0.0,0.0,0.0779560677558112,0.06378587248307925,0.016586938072170127,0.027239259173778858,0.3116294948469288,92.490525482611,0.004166712417343399,1.496461584358726,-0.0009033746464077577,1033.3333333333335,0.007396257952375021,True,0.00043398470734246075,0.0779560677558112,False,True,True,0.85,True,False,False,0,True,False,True,False,True,False,True,False,False,0,0,False,0,15,24,24,,,,False,False,False,
297,2026-08-18T21:56:40.512559,shadow,analysis_full,silero,webrtc,False,0.00030118293943814933,True,True,False,1,False,True,False,0,0.0,,,,,,,,,,,,,0.000305518493403045,0.6686008011918768,0.2679315090216813,0.06346768651331759,,,,,,,,,,,,,,False,False,temporal_v1,False,6.215962338169046e-05,0.15031315240083507,3.629524398204173,0.8946162169231294,60.902979760814915,1608.378000839366,0.000204269909468211,8.185803097150843e-05,1.939055196332555e-05,0.0,0.0,0.0786851574664459,0.06431410370567539,0.0163719120384767,0.027159941192604776,0.31253194253302724,88.73255616957952,0.010331584212937808,1.2233502143066892,-0.00073601280517669,1633.3333333333335,0.021608254452036613,True,0.0004176121874479577,0.0786851574664459,False,True,True,0.85,True,False,False,0,True,False,True,False,True,False,True,False,False,0,0,False,0,15,24,24,,,,False,False,False,
298,2026-08-18T21:56:40.520262,shadow,analysis_full,silero,webrtc,False,0.000264892412815243,True,True,False,1,False,True,False,0,0.0,,,,,,,,,,,,,0.0002644491869353697,0.7280429006421072,0.19587770231068172,0.0760793932657664,,,,,,,,,,,,,,False,False,temporal_v1,False,5.903224852020282e-05,0.14613778705636743,3.678155995421263,0.8930101055540869,60.27892742335416,1611.2724070436093,0.00019253035312887337,5.1799699114828166e-05,2.0119133691668164e-05,0.0,0.0,0.07891210087972864,0.0651181878858786,0.01685086900510006,0.024084475844770338,0.29133831450771924,88.73047926462776,0.006541569816835108,1.2261524316174326,-0.0007349364544087974,1500.0,0.01972275419025506,True,0.00040709503809921443,0.07891210087972864,False,True,True,0.85,True,False,False,0,True,False,True,False,True,False,True,False,False,0,0,False,0,15,24,24,,,,False,False,False,
299,2026-08-18T21:56:40.528356,shadow,analysis_full,silero,webrtc,False,0.0002595158002804965,True,True,False,1,False,True,False,0,0.0,,,,,,,,,,,,,0.0002484353901658248,0.6429224975213256,0.27219759893197365,0.08487989952150941,,,,,,,,,,,,,,False,False,temporal_v1,False,5.8478380318593246e-05,0.162839248434238,3.798617699150386,0.8819655246767676,60.1094890826836,1702.0902034799637,0.00015972470151809706,6.762351669286558e-05,2.1087170954862198e-05,0.0,0.0,0.0792625222107094,0.0653725123742031,0.01690626802085734,0.025174544644490645,0.3005755307641756,89.03977252184656,0.00419032388385457,0.9954704865777393,-0.0005930489329031292,1666.6666666666667,0.04075633095290138,True,0.000388446802389808,0.0792625222107094,False,True,True,0.85,True,False,False,0,True,False,True,False,True,False,True,False,False,0,0,False,0,15,24,24,,,,False,False,False,
300,2026-08-18T21:56:40.537412,shadow,analysis_full,silero,webrtc,False,0.00029126592562533915,True,True,False,1,False,True,False,0,0.0,,,,,,,,,,,,,0.000599371038917691,0.7099912577560341,0.2249523264819223,0.0650564140936281,,,,,,,,,,,,,,False,False,temporal_v1,False,8.087965756625513e-05,0.13778705636743216,3.823421906958289,0.8882408555204755,63.7391102906918,1626.1405509362123,0.0004255481977837123,0.00013482990963042138,3.899293050355739e-05,0.0,0.0,0.07738144254863363,0.06287695447912943,0.016892634742655115,0.022820768592097626,0.3107180659015897,88.85193444046362,0.0034643619933506266,1.2050525731964823,-0.0007054720952568268,1533.3333333333335,0.024023536621981936,True,0.00034333877556491643,0.07738144254863363,False,True,True,0.85,True,False,False,0,True,False,True,False,True,False,True,False,False,0,0,False,0,15,24,24,,,,False,False,False,
301,2026-08-18T21:56:40.545793,shadow,analysis_full,silero,webrtc,False,0.00024947430938482285,True,True,False,1,False,True,False,0,0.0,,,,,,,,,,,,,0.00028523399584974655,0.6950470671815152,0.23291057295841225,0.0720423563541791,,,,,,,,,,,,,,False,False,temporal_v1,False,5.974571143258372e-05,0.1638830897703549,3.7432250404380545,0.8896999993199372,60.40836703515514,1633.0426228180954,0.0001982510522758308,6.643401340058185e-05,2.0548929173333883e-05,0.0,0.0,0.06456772150511438,0.05276109613025196,0.014699400846898022,0.02060602021684016,0.29062429137153345,79.589936204159,0.005255172241696718,1.084978906854009,-0.0006487090576091245,1566.6666666666667,0.027851247254548114,True,0.0003068432124564424,0.06456772150511438,False,True,True,0.85,True,False,False,0,True,False,True,False,True,False,True,False,False,0,0,False,0,15,24,24,,,,False,False,False,
302,2026-08-18T21:56:40.554355,shadow,analysis_full,silero,webrtc,False,0.00023100747785065323,True,True,False,1,False,True,False,0,0.0,,,,,,,,,,,,,0.00040874341425522034,0.6727280573957508,0.2625756261493062,0.06469631400842037,,,,,,,,,,,,,,False,False,temporal_v1,False,6.916355979184744e-05,0.14822546972860126,3.7743522254523114,0.8885369574331015,62.08308147291514,1596.0613086364974,0.000274973163045221,0.00010732605793246972,2.644419227752958e-05,0.0,0.0,0.060315217525208555,0.04951206546752762,0.014076274732412977,0.020826923655468434,0.28262694853037523,77.2504018187569,0.0045044220312507885,1.2604193539535622,-0.000755875870971812,1666.6666666666667,0.020009818694954096,True,0.00029622443253174424,0.060315217525208555,False,True,True,0.85,True,False,False,0,True,False,True,False,True,False,True,False,False,0,0,False,0,15,24,24,,,,False,False,False,
303,2026-08-18T21:56:40.563039,shadow,analysis_full,silero,webrtc,False,0.0002483200514689088,True,True,False,1,False,True,False,0,0.0,,,,,,,,,,,,,0.000631507230657602,0.6837216339530644,0.24541962617019905,0.07085873829322352,,,,,,,,,,,,,,False,False,temporal_v1,False,8.295217512316751e-05,0.15031315240083507,3.825533694711047,0.8889308398323245,64.0005195526542,1606.94621634741,0.00043177515559839037,0.00015498426847176635,4.4747805587445354e-05,0.0,0.0,0.059381168052630405,0.048033212489643026,0.014324910177891089,0.02081436375866236,0.28780816183394947,70.61466401084887,0.00578738027948135,1.2216186537991462,-0.0007311242719548486,1533.3333333333335,0.023512290388608307,True,0.0002780791692202911,0.059381168052630405,False,True,True,0.85,True,False,False,0,True,False,True,False,True,False,True,False,False,0,0,False,0,15,24,24,,,,False,False,False,
304,2026-08-18T21:56:40.569217,shadow,analysis_full,silero,webrtc,False,0.0002483200514689088,True,True,False,1,False,True,False,0,0.0,,,,,,,,,,,,,0.0007345384186844573,0.7471040404581903,0.21117200125348115,0.04172395692692938,,,,,,,,,,,,,,False,False,temporal_v1,False,8.706373108958189e-05,0.10647181628392484,3.264258093405595,0.923438880769206,64.65371715565097,1551.156028355765,0.000548776620470928,0.00015511394787116428,3.0647849342365116e-05,0.0,0.0,0.05989411172724077,0.04809099043820075,0.015016957621294598,0.02081436375866236,0.299261907598444,67.31438739809681,0.006061336270756182,1.038516343571532,-0.0006126231865972156,1266.6666666666667,0.024788410933655483,True,0.00026220410654786974,0.05989411172724077,False,True,True,0.85,True,False,False,0,True,False,True,False,True,False,True,False,False,0,0,False,0,15,24,24,,,,False,False,False,
305,2026-08-18T21:56:40.578120,shadow,analysis_full,silero,webrtc,False,0.00023373501608148217,True,True,False,1,False,True,False,0,0.0,,,,,,,,,,,,,0.0009941492468105442,0.6675096085849003,0.26680323818393153,0.06568715222528296,,,,,,,,,,,,,,False,False,temporal_v1,False,0.0001033183006276769,0.1315240083507307,3.97211770709522,0.8959407904814267,66.19661148916607,1541.2671052643798,0.0006636041746134797,0.00026524223828716973,6.530283290989461e-05,0.0,0.0,0.05318667238744789,0.04387664838587273,0.013226944015096245,0.016662598312444203,0.25342764193489997,57.41808579323528,0.004361667967342921,1.5723148728784495,-0.0009469668894385207,1533.3333333333335,0.012655630572520886,True,0.00025449505483265966,0.05318667238744789,False,True,True,0.85,True,False,False,0,True,False,True,False,True,False,True,False,False,0,0,False,0,15,24,24,,,,False,False,False,
306,2026-08-18T21:56:40.585832,shadow,analysis_full,silero,webrtc,False,0.0002157728304155171,True,True,False,1,False,True,False,0,0.0,,,,,,,,,,,,,0.0012859862041878032,0.835152470103106,0.12765378855793938,0.037193740561341275,,,,,,,,,,,,,,False,False,temporal_v1,False,0.00011352648112500278,0.10647181628392484,3.3925490420358515,0.9314814291847321,67.26020264216422,1430.5285137823853,0.0010739945549459611,0.00016416101099781688,4.78306372440252e-05,0.0,0.0,0.05238854051699351,0.04230219562924276,0.01383057458862065,0.01932234619405905,0.20274064953759927,67.93185336264615,0.004525390403407633,1.4116356849062532,-0.0008408276216152135,1066.6666666666667,0.009680990182921772,True,0.0002488971804268658,0.05238854051699351,False,True,True,0.85,True,False,False,0,True,False,True,False,True,False,True,False,False,0,0,False,0,15,24,24,,,,False,False,False,
307,2026-08-18T21:56:40.594540,shadow,analysis_full,silero,webrtc,False,0.00019863863417413086,True,True,False,1,False,True,False,0,0.0,,,,,,,,,,,,,0.0008099687014700961,0.7338335123825317,0.22024617178299866,0.045920314599854,,,,,,,,,,,,,,False,False,temporal_v1,False,9.056316284343064e-05,0.1127348643006263,3.571197595078158,0.9115690798152759,64.98938721396514,1585.4044490523384,0.0005943821771197189,0.00017839250576283513,3.7194017587542035e-05,0.0,0.0,0.051493522256745396,0.040490958112008604,0.014881412320776844,0.0206377226180315,0.20522541344319983,67.68277622442955,0.006635975304588428,1.0424216017119792,-0.0006236286004479189,1266.6666666666667,0.02945709663247857,True,0.0002483200514689088,0.051493522256745396,False,True,True,0.85,True,False,False,0,True,False,True,False,True,False,True,False,False,0,0,False,0,15,24,24,,,,False,False,False,
308,2026-08-18T21:56:40.614175,shadow,analysis_full,silero,webrtc,False,0.0001886173413367942,True,True,False,1,False,True,False,0,0.0,,,,,,,,,,,,,0.0012856531614143043,0.6887004395553523,0.2699645019564028,0.04133505771043008,,,,,,,,,,,,,,False,False,temporal_v1,False,0.00011188355672518617,0.11899791231732777,3.65505122701746,0.908821167216565,67.01590836303691,1524.8772262264736,0.0008854298973817597,0.0003470807154098874,5.314254762265714e-05,0.0,0.0,0.05159019645099649,0.04107876747775926,0.015334322036326375,0.020991594767330667,0.2054120357996825,69.6947628230669,0.005991412018494472,1.346081510716273,-0.0008015136303826157,1300.0,0.01348214016156159,True,0.00024102753377519548,0.05159019645099649,False,True,True,0.85,True,False,False,0,True,False,True,False,True,False,True,False,False,0,0,False,0,15,24,24,,,,False,False,False,
309,2026-08-18T21:56:40.619243,shadow,analysis_full,silero,webrtc,False,0.0002165314508602023,True,True,False,1,False,True,False,0,0.0,,,,,,,,,,,,,0.0018892377700388432,0.7825975700886584,0.16961700161753285,0.04778542776449474,,,,,,,,,,,,,,False,False,temporal_v1,False,0.00013813175091273078,0.12943632567849686,3.711584192184665,0.9213071426970011,69.03299724583208,1421.728216238237,0.0014785128881521143,0.0003204468458965826,9.027803499014626e-05,0.0,0.0,0.05107462883067753,0.04287568748095451,0.012904710409685435,0.018652074839914923,0.20210510677626964,71.21648098619623,0.004261668392744652,1.4438842376511631,-0.0008719922092246146,1200.0,0.013357569673375747,True,0.0002323712469660677,0.05107462883067753,False,True,True,0.85,True,False,False,0,True,False,True,False,True,False,True,False,False,0,0,False,0,15,24,24,,,,False,False,False,
310,2026-08-18T21:56:40.625446,shadow,analysis_full,silero,webrtc,False,0.0002388967841397971,True,True,False,1,False,True,False,0,0.0,,,,,,,,,,,,,0.0025024609783562534,0.6502334133872443,0.32386630359912355,0.02590028261402556,,,,,,,,,,,,,,False,False,temporal_v1,False,0.00015267973542083045,0.11482254697286012,3.31547344103112,0.9262986742996219,69.97002375387231,1388.212154231563,0.0016271837438249694,0.0008104627869612861,6.481444656999787e-05,0.0,0.0,0.05540046308967786,0.05248717595384082,0.015085307493250983,0.019033724762526304,0.2209516624516862,81.39471964901212,0.007654453172015264,1.3937755024573117,-0.0008275003592386292,1133.3333333333335,0.007951700593872098,True,0.0002323712469660677,0.05540046308967786,False,True,True,0.85,True,False,False,0,True,False,True,False,True,False,True,False,False,0,0,False,0,15,24,24,,,,False,False,False,
311,2026-08-18T21:56:40.631253,shadow,analysis_full,silero,webrtc,False,0.00022215522767510265,True,True,False,1,False,True,False,0,0.0,,,,,,,,,,,,,0.0017510602770930675,0.72900043714564,0.24304590020591296,0.027953662077364373,,,,,,,,,,,,,,False,False,temporal_v1,False,0.00012920394686238458,0.1315240083507307,3.5827653736887326,0.9173496562190558,68.39985984968683,1445.3879538610802,0.0012765237074692118,0.0004255880213609,4.894854726295563e-05,0.0,0.0,0.055072420835245536,0.05257300844168865,0.014823474007965645,0.015038562391191654,0.21740214576010602,76.4795684965804,0.005832866936091899,1.3321349508591995,-0.0007993441581293857,1233.3333333333335,0.013028243510084294,True,0.00022658135276287794,0.055072420835245536,False,True,True,0.85,True,False,False,0,True,False,True,False,True,False,True,False,False,0,0,False,0,15,24,24,,,,False,False,False,
312,2026-08-18T21:56:40.635111,shadow,analysis_full,silero,webrtc,False,0.00024721355293877423,True,True,False,1,False,True,False,0,0.0,,,,,,,,,,,,,0.0021128312369229126,0.8230442289315515,0.14721660664021877,0.029739163954931112,,,,,,,,,,,,,,False,False,temporal_v1,False,0.0001419550811820144,0.10438413361169102,3.25665585845475,0.927355308720165,69.31162519071347,1454.6575604755449,0.0017389535562557148,0.0003110438451032473,6.28338345639504e-05,0.0,0.0,0.06061093703555083,0.05747315425234711,0.0143294143051584,0.013998375460743392,0.2323876877945386,72.0482814556716,0.006945450999426957,1.2794110188117143,-0.0007654610929039536,1166.6666666666667,0.01280193185574258,True,0.0002279451218782924,0.06061093703555083,False,True,True,0.85,True,False,False,0,True,False,True,False,True,False,True,False,False,0,0,False,0,15,24,24,,,,False,False,False,
313,2026-08-18T21:56:40.641881,shadow,analysis_full,silero,webrtc,False,0.00022933390573598444,True,True,False,1,False,True,False,0,0.0,,,,,,,,,,,,,0.001663348349278441,0.6741359638428396,0.2824712484909962,0.0433927870649672,,,,,,,,,,,,,,False,False,temporal_v1,False,0.00012688547587190287,0.11482254697286012,3.7234745714062427,0.9099389134499708,68.19725511384972,1536.480534980115,0.001121322942647218,0.00046984808489611887,7.217732073510408e-05,0.0,0.0,0.06146964898046825,0.05997128947958263,0.011065426367956798,0.009944472120095662,0.22229182055767285,63.72128227718622,0.005492844801757693,1.1241914741458363,-0.0006646477139343305,1466.6666666666667,0.026408755779048255,True,0.00022574456670554355,0.06146964898046825,False,True,True,0.85,True,False,False,0,True,False,True,False,True,False,True,False,False,0,0,False,0,15,24,24,,,,False,False,False,
314,2026-08-18T21:56:40.647726,shadow,analysis_full,silero,webrtc,False,0.00018411150085739791,True,True,False,1,False,True,False,0,0.0,,,,,,,,,,,,,0.001900854509728164,0.7520170321294983,0.20110194316604266,0.046881024178379915,,,,,,,,,,,,,,False,False,temporal_v1,False,0.0001379186331956591,0.12943632567849686,3.701224430169966,0.912153153259422,68.9759492850384,1493.8052841301967,0.0014294749669157465,0.0003822655355822691,8.911400623014856e-05,0.0,0.0,0.061598862330311394,0.06029892291067418,0.01122191460409568,0.009871891789174856,0.2051970979122059,60.26332281889098,0.003155113951746825,1.6217325613045446,-0.0009775538277911643,1433.3333333333335,0.008940935656681012,True,0.00021934333926765248,0.061598862330311394,False,True,True,0.85,True,False,False,0,True,False,True,False,True,False,True,False,False,0,0,False,0,15,24,24,,,,False,False,False,
315,2026-08-18T21:56:40.652793,shadow,analysis_full,silero,webrtc,False,0.00019466459343675524,True,True,False,1,False,True,False,0,0.0,,,,,,,,,,,,,0.001421127581227496,0.6849827955043455,0.25480502461983423,0.06021217917215376,,,,,,,,,,,,,,False,False,temporal_v1,False,0.0001187522545763709,0.13569937369519833,3.722992168634063,0.9009056173126022,67.53764281329057,1584.0228485211844,0.0009734479433575389,0.0003621104483225976,8.556918854735948e-05,0.0,0.0,0.05992376386014807,0.05957415671177093,0.010089236867545905,0.010446760754235326,0.16900677944830284,65.58190347527292,0.003130623616628839,1.214314147838623,-0.0007138736976817613,1500.0,0.02190640803112702,True,0.0002161521406378597,0.05992376386014807,False,True,True,0.85,True,False,False,0,True,False,True,False,True,False,True,False,False,0,0,False,0,15,24,24,,,,False,False,False,
316,2026-08-18T21:56:40.659445,shadow,analysis_full,silero,webrtc,False,0.0002001145767280832,True,True,False,1,False,True,False,0,0.0,,,,,,,,,,,,,0.0029583110896897924,0.7417094864435009,0.20350438411337576,0.054786129105092625,,,,,,,,,,,,,,False,False,temporal_v1,False,0.00017097481946547853,0.10438413361169102,3.7743002682312294,0.9146680450079188,70.9372286975103,1489.638294543211,0.0021942073990739294,0.0006020292763230907,0.00016207441329277222,0.0,0.0,0.050118882114856045,0.05104225955452633,0.010842130388277757,0.010728739171214694,0.16924159935972655,62.87787161638209,0.0039465295389271605,1.359973320433123,-0.0008157649451563581,1266.6666666666667,0.019093474956133942,True,0.00020832301379414275,0.050118882114856045,False,True,True,0.85,True,False,False,0,True,False,True,False,True,False,True,False,False,0,0,False,0,15,24,24,,,,False,False,False,
317,2026-08-18T21:56:40.665139,shadow,analysis_full,silero,webrtc,False,0.0001847843814175576,True,True,False,1,False,True,False,0,0.0,,,,,,,,,,,,,0.002410207891557582,0.7026475466703311,0.2417040665569353,0.05564838635783158,,,,,,,,,,,,,,False,False,temporal_v1,False,0.0001556862708463027,0.12734864300626306,3.7822171424720206,0.9100734436656107,70.07003862972644,1508.4921182564296,0.0016935266619684064,0.0005825570486370844,0.00013412417995209094,0.0,0.0,0.050504781843970635,0.05097151341643612,0.011529806306080612,0.010685999074797267,0.17712328148061168,55.27851783022972,0.0015231748029265945,1.3353500106059943,-0.0008025570203398041,1533.3333333333335,0.020476530447606344,True,0.00020832301379414275,0.050504781843970635,False,True,True,0.85,True,False,False,0,True,False,True,False,True,False,True,False,False,0,0,False,0,15,24,24,,,,False,False,False,
318,2026-08-18T21:56:40.671213,shadow,analysis_full,silero,webrtc,False,0.00018517613352742046,True,True,False,1,False,True,False,0,0.0,,,,,,,,,,,,,0.002357915169101521,0.6884952781335065,0.25767901411876465,0.0538257073236254,,,,,,,,,,,,,,False,False,temporal_v1,False,0.00015185663485126478,0.1440501043841336,3.841247847288731,0.9070723842310326,69.82996463669078,1494.6403917322073,0.0016234134601657657,0.0006075852561497602,0.00012691645178599515,0.0,0.0,0.050518712831721976,0.050225956641611565,0.011912632597623242,0.01265762537889279,0.18895057049494227,53.80720031951124,0.001597418204604717,1.397320922849374,-0.0008333454947941103,1466.6666666666667,0.01527294032330257,True,0.00020832301379414275,0.050518712831721976,False,True,True,0.85,True,False,False,0,True,False,True,False,True,False,True,False,False,0,0,False,0,15,24,24,,,,False,False,False,
319,2026-08-18T21:56:40.678316,shadow,analysis_full,silero,webrtc,False,0.00020131911151111126,True,True,False,1,False,True,False,0,0.0,,,,,,,,,,,,,0.0012211428151933975,0.7044834594436732,0.22584038923495106,0.06967615050247065,,,,,,,,,,,,,,False,False,temporal_v1,False,0.0001137388128779001,0.14822546972860126,3.766670259838924,0.9041123882562806,67.14840762986226,1564.0652832676276,0.0008602749149222308,0.0002757833686947408,8.508453057642587e-05,0.0,0.0,0.04656657873538345,0.04582609515066586,0.014104282973631895,0.014627193365848315,0.19170532019166536,54.87415465726893,0.0023032971651405078,1.1094468220125904,-0.0006609271453881363,1500.0,0.02745437380986362,True,0.00020071684411959723,0.04656657873538345,False,True,False,0.85,True,False,False,0,True,False,True,False,True,False,True,False,False,0,0,False,0,15,24,24,,,,False,False,False,
320,2026-08-18T21:56:40.682844,shadow,analysis_full,silero,webrtc,False,0.00020131911151111126,True,True,False,1,False,True,False,0,0.0,,,,,,,,,,,,,0.0007293102922315733,0.7144782860992751,0.23265609051123184,0.05286562201833464,,,,,,,,,,,,,,False,False,temporal_v1,False,8.678393417914135e-05,0.12734864300626306,3.6080619754111813,0.8992549835318653,64.50596402975337,1581.7600012840114,0.0005210763676281759,0.00016967848136020187,3.8555442243195534e-05,0.0,0.0,0.04131301429560376,0.035841933112586474,0.012314646439509346,0.014191636241634524,0.15834427884240712,47.03758244016243,0.004250773662900946,1.3517880688957797,-0.0008144814298264727,1533.3333333333335,0.014951414248878858,True,0.00020071684411959723,0.04131301429560376,False,True,False,0.85,True,False,False,0,True,False,True,False,True,False,True,False,False,0,0,False,0,15,24,24,,,,False,False,False,
321,2026-08-18T21:56:40.688917,shadow,analysis_full,silero,webrtc,False,0.0001787942455848679,True,True,False,1,False,True,False,0,0.0,,,,,,,,,,,,,0.0008385071868639998,0.6909747892644158,0.25315127993405306,0.0558739296089355,,,,,,,,,,,,,,False,False,temporal_v1,False,0.00010140611443238525,0.1022964509394572,3.6089104792943383,0.9128142376754469,66.09814725786616,1532.6582136592826,0.0005793873267400504,0.00021226916758852377,4.685069153542565e-05,0.0,0.0,0.042188323889628024,0.03636231150129763,0.010074921758341043,0.015818243623811786,0.15699398009980814,40.96121720772733,0.0051360166305213,1.2615479035119026,-0.0007573889980219136,1500.0,0.0198653066772992,True,0.00019738958508241922,0.042188323889628024,False,True,False,0.85,True,False,False,0,True,False,True,False,True,False,True,False,False,0,0,False,0,15,24,24,,,,False,False,False,
322,2026-08-18T21:56:40.695146,shadow,analysis_full,silero,webrtc,False,0.00018181656196247786,True,True,False,1,False,True,False,0,0.0,,,,,,,,,,,,,0.0003942681402282286,0.5878644600911456,0.3205676104969698,0.09156792687553975,,,,,,,,,,,,,,False,False,temporal_v1,False,6.976480615031987e-05,0.13569937369519833,3.8390475055681805,0.8837933214285524,62.154909503405165,1609.1465887718782,0.00023177622738640766,0.00012638959560804745,3.610231623377348e-05,0.0,0.0,0.04245702629437159,0.03400296017898125,0.012911091662031325,0.01472667397791098,0.07764546047419604,41.01984995820554,0.004766498404157214,1.3010431215362246,-0.0007770714364690696,1600.0,0.019377448363526,True,0.00018992036348208785,0.04245702629437159,False,True,False,0.85,True,False,False,0,True,False,True,False,True,False,True,False,False,0,0,False,0,15,24,24,,,,False,False,False,
323,2026-08-18T21:56:40.703706,shadow,analysis_full,silero,webrtc,False,0.00019801723829004914,True,True,False,1,False,True,False,0,0.0,,,,,,,,,,,,,0.0005439320885189996,0.7272548661414551,0.21879368590735396,0.05395144611272633,,,,,,,,,,,,,,False,False,temporal_v1,False,7.856375150939376e-05,0.17954070981210857,3.6317560354413643,0.9056148411818027,63.52319436443422,1543.4418864703791,0.00039557725822592717,0.00011900890653035706,2.9345922762715496e-05,0.0,0.0,0.042937312734658825,0.03276926832954324,0.012036803195078221,0.02090707620608675,0.08384885440796573,41.02226290271304,0.0045582591988998266,1.4486239961198157,-0.0008745605654074774,1433.3333333333335,0.013137319707477804,True,0.00018992036348208785,0.042937312734658825,False,True,False,0.85,True,False,False,0,True,False,True,False,True,False,True,False,False,0,0,False,0,15,24,24,,,,False,False,False,
324,2026-08-18T21:56:40.710401,shadow,analysis_full,silero,webrtc,False,0.00019567078561522067,True,True,False,1,False,True,False,0,0.0,,,,,,,,,,,,,0.00033308367639258216,0.5903515297323223,0.32727695358769876,0.08237151367773034,,,,,,,,,,,,,,False,False,temporal_v1,False,6.458384858808896e-05,0.16910229645093947,3.859198575953716,0.8704815767923408,61.22717000990109,1707.8863420424482,0.0001966364578872267,0.00010901061089955519,2.7436606605800285e-05,0.0,0.0,0.049974923744309514,0.038733774523509304,0.012979632521959977,0.02339322726986462,0.09188019871239976,61.8267908011312,0.00582051289558291,1.0910817493764515,-0.0006489674059618835,1666.6666666666667,0.03414325622571021,True,0.00019516768952598795,0.049974923744309514,False,True,False,0.85,True,False,False,0,True,False,True,False,True,False,True,False,False,0,0,False,0,15,24,24,,,,False,False,False,
325,2026-08-18T21:56:40.714934,shadow,analysis_full,silero,webrtc,False,0.0001806444488465786,True,True,False,1,False,True,False,0,0.0,,,,,,,,,,,,,0.000698044392153392,0.6548885617977076,0.289935521882513,0.05517591488720581,,,,,,,,,,,,,,False,False,temporal_v1,False,8.692576040155405e-05,0.12734864300626306,3.8030070429013394,0.89838731245384,64.51854053759894,1565.7321701510755,0.00045714128804828986,0.00020238786513615526,3.851523796894687e-05,0.0,0.0,0.05068550218524199,0.04024749288877815,0.013177257726110846,0.023586194977033154,0.09322529367048542,61.404762907935385,0.003199945395898311,1.336829392983875,-0.0007902623088174202,1466.6666666666667,0.01659358480114355,True,0.00019042345957132056,0.05068550218524199,False,True,True,0.85,True,False,False,0,True,False,True,False,True,False,True,False,False,0,0,False,0,15,24,24,,,,False,False,False,
326,2026-08-18T21:56:40.721299,shadow,analysis_full,silero,webrtc,False,0.00020126288291066885,True,True,False,1,False,True,False,0,0.0,,,,,,,,,,,,,0.0007674221453052683,0.67926073651944,0.2544970711774663,0.06624219100002998,,,,,,,,,,,,,,False,False,temporal_v1,False,8.864379096303797e-05,0.1315240083507307,3.6210120967911084,0.896527968092515,64.70465226076728,1609.6251168280648,0.0005212797316413852,0.00019530668833691873,5.0835724326964344e-05,0.0,0.0,0.04640261145919668,0.03615488212927665,0.012946333541222084,0.02116811402122969,0.10052323052901067,58.1709294199799,0.006057012380967291,1.2046472284341931,-0.0007221460224682447,1500.0,0.021640129093932335,True,0.00019042345957132056,0.04640261145919668,False,True,False,0.85,True,False,False,0,True,False,True,False,True,False,True,False,False,0,0,False,0,15,24,24,,,,False,False,False,
327,2026-08-18T21:56:40.726877,shadow,analysis_full,silero,webrtc,False,0.00022424868075177073,True,True,False,1,False,True,False,0,0.0,,,,,,,,,,,,,0.00063752055266161,0.6511085352447074,0.282796031982776,0.06609543120393989,,,,,,,,,,,,,,False,False,temporal_v1,False,8.425712034245978e-05,0.14822546972860126,3.772412658000938,0.8898814096592195,64.16359420049903,1610.8770968034132,0.0004150950732318972,0.00018028828260016966,4.213719582954318e-05,0.0,0.0,0.045800594113810586,0.03592516893081973,0.012671447057153729,0.020919580439385303,0.10011576157067778,55.064266557433214,0.005000609009265202,1.3832925864677816,-0.0008244622886683527,1566.6666666666667,0.01507026402248451,True,0.0001968440119526349,0.045800594113810586,False,True,False,0.85,True,False,False,0,True,False,True,False,True,False,True,False,False,0,0,False,0,15,24,24,,,,False,False,False,
328,2026-08-18T21:56:40.732927,shadow,analysis_full,silero,webrtc,False,0.00017165597819257528,True,True,False,1,False,True,False,0,0.0,,,,,,,,,,,,,0.0006589816876040941,0.7866155936168776,0.16303981041879645,0.05034459444683305,,,,,,,,,,,,,,False,False,temporal_v1,False,8.308744764487963e-05,0.12943632567849686,3.408317299975205,0.9112918629695651,64.12507021240016,1661.2102153205626,0.0005183652713773463,0.00010744024941643006,3.317616581031775e-05,0.0,0.0,0.05786537904966723,0.047542118640685145,0.013010461027888047,0.02118766506282301,0.1330550389791301,51.18036865505531,0.006358261212238322,0.8855720623528532,-0.0005221272258605082,1400.0,0.03384751766592962,True,0.0001968440119526349,0.05786537904966723,False,True,True,0.85,True,False,False,0,True,False,True,False,True,False,True,False,False,0,0,False,0,15,24,24,,,,False,False,False,
329,2026-08-18T21:56:40.738477,shadow,analysis_full,silero,webrtc,False,0.0002039081882685423,True,True,False,1,False,True,False,0,0.0,,,,,,,,,,,,,0.00043380542867885755,0.6576509185092305,0.282239054796484,0.06011002438910451,,,,,,,,,,,,,,False,False,temporal_v1,False,7.593849430510988e-05,0.1315240083507307,3.6083168653734976,0.9061729866735031,63.171649575125755,1626.956013665221,0.0002852925386249412,0.0001224368341559043,2.6076054898012066e-05,0.0,0.0,0.057485302096220915,0.04686879934222557,0.012940058571794878,0.021121736734767,0.13262926079364,50.40349778755026,0.008205122274500603,0.9681934364298287,-0.0005721520605955066,1500.0,0.0357999664069889,True,0.0001968440119526349,0.057485302096220915,False,True,True,0.85,True,False,False,0,True,False,True,False,True,False,True,False,False,0,0,False,0,15,24,24,,,,False,False,False,
330,2026-08-18T21:56:40.744646,shadow,analysis_full,silero,webrtc,False,0.00022570989676751196,True,True,False,1,False,True,False,0,0.0,,,,,,,,,,,,,0.0013740942425250217,0.74818674102471,0.20381565239006105,0.0479976058574769,,,,,,,,,,,,,,False,False,temporal_v1,False,0.00012052734710762515,0.11899791231732777,3.6718229185628553,0.9174174359174198,67.75472181286179,1481.3891352238227,0.0010280790931756134,0.0002800619144856641,6.595323386374427e-05,0.0,0.0,0.060658167076497564,0.049433379097456404,0.013412400304976507,0.02169181663108232,0.13072873376482202,62.5484321742209,0.0037733889375381703,1.37700721400864,-0.0008269673370302734,1333.3333333333335,0.015947072522181346,True,0.0001968440119526349,0.060658167076497564,False,True,True,0.85,True,False,False,0,True,False,True,False,True,False,True,False,False,0,0,False,0,15,24,24,,,,False,False,False,
331,2026-08-18T21:56:40.750222,shadow,analysis_full,silero,webrtc,False,0.00019085704116150737,True,True,False,1,False,True,False,0,0.0,,,,,,,,,,,,,0.0012098330801616122,0.6892238894937702,0.23223514331860004,0.07854096636106937,,,,,,,,,,,,,,False,False,temporal_v1,False,0.00011255295717597981,0.1336116910229645,3.8525654376628413,0.8964809066148235,67.012795133003,1553.6335888143099,0.0008338458611472147,0.00028096575876291534,9.502145925148212e-05,0.0,0.0,0.060621291729370225,0.05010046101437813,0.013926620263078521,0.01841544400000031,0.13730567546385236,60.75217503238998,0.0030262787109731136,1.6010888680851276,-0.0009629168075458327,1466.6666666666667,0.010757259416077261,True,0.0001968440119526349,0.060621291729370225,False,True,True,0.85,True,False,False,0,True,False,True,False,True,False,True,False,False,0,0,False,0,15,24,24,,,,False,False,False,
332,2026-08-18T21:56:40.756913,shadow,analysis_full,silero,webrtc,False,0.0002011717442655936,True,True,False,1,False,True,False,0,0.0,,,,,,,,,,,,,0.0014047470442292418,0.6868490773366615,0.2481604537765361,0.06499046817493052,,,,,,,,,,,,,,False,False,temporal_v1,False,0.00012145208630804967,0.13569937369519833,3.8648715812649392,0.9035626923820526,67.76017568958126,1526.492628679454,0.000964849211220257,0.00034860266393717644,9.129516807180826e-05,0.0,0.0,0.05279568773911617,0.04548497780141707,0.010843252475805618,0.01841544400000031,0.13998636588549032,64.06806240083198,0.00238113993765131,1.5584890649830645,-0.0009421725765774596,1500.0,0.012360541918526369,True,0.00019959449127782136,0.05279568773911617,False,True,True,0.85,True,False,False,0,True,False,True,False,True,False,True,False,False,0,0,False,0,15,24,24,,,,False,False,False,
333,2026-08-18T21:56:40.762664,shadow,analysis_full,silero,webrtc,False,0.0002855990896932781,True,True,False,1,False,True,False,0,0.0,,,,,,,,,,,,,0.007064085519096114,0.7452318566368145,0.20419111069707657,0.05057703252454775,,,,,,,,,,,,,,False,False,temporal_v1,False,0.0002621086179343163,0.05636743215031315,3.488744427130142,0.9144895031005993,74.73510036148565,1484.6265331509524,0.005264381566837232,0.0014424234682033701,0.0003572804830555109,0.0,0.0,0.05441233764492141,0.046690764889449905,0.01115461996159626,0.027255254981824788,0.15380387248179314,70.34707083620674,0.005748059204501753,2.267226874272867,-0.0013938473414268637,1366.6666666666667,0.0007480215121932274,True,0.00020121731358813122,0.05441233764492141,False,True,True,0.85,True,False,False,0,True,False,True,False,True,False,True,False,False,0,0,False,0,15,24,24,,,,False,False,False,
