frame,timestamp,processing_mode,detector_profile,speech_detector_implementation,comparison_speech_detector_implementation,is_speech,speech_probability,speech_gate_open,comparison_speech_evaluated,comparison_speech_is_speech,comparison_speech_aggressiveness,is_whisper,whisper_processed,trigger,raw_score,whisper_probability,stage1_silero_threshold,stage1_silero_low_pass,stage1_enter_count,stage1_exit_count,stage1_candidate,zcr_threshold,zcr_pass,centroid_threshold,centroid_pass,group_a_pass,entropy_threshold,group_b_pass,total_band_energy,low_proportion,mid_proportion,high_proportion,low_proportion_threshold,group_c_pass,silero_rolling_median,high_silero_threshold,high_silero_raw,high_silero_count,high_silero_normal_evidence,silero_penalty,group_count,effective_group_score,grouped_v1_raw_is_whisper,stage2_is_whisper,stage2_consecutive_count,legacy_is_whisper,grouped_v1_is_whisper,whisper_classifier_implementation,final_trigger,rms,zcr,entropy,voicing,hnr,spectral_centroid,band_energy_low,band_energy_mid,band_energy_high,temporal_score,formant_score,low_proportion_std,mid_proportion_std,high_proportion_std,zcr_std,entropy_std,spectral_centroid_std,spectral_flux,cepstral_peak_prominence,spectral_slope,spectral_rolloff,spectral_flatness,temporal_v1_window_full,temporal_v1_silero_median,temporal_v1_low_proportion_std,temporal_v1_silero_min_pass,temporal_v1_silero_max_pass,temporal_v1_low_proportion_std_pass,temporal_v1_low_proportion_max,temporal_v1_low_proportion_max_pass,temporal_v1_raw_is_whisper,temporal_v1_is_whisper,temporal_v1_qualifying_run,webrtc_mode_0_evaluated,webrtc_mode_0_is_speech,webrtc_mode_1_evaluated,webrtc_mode_1_is_speech,webrtc_mode_2_evaluated,webrtc_mode_2_is_speech,webrtc_mode_3_evaluated,webrtc_mode_3_is_speech,webrtc_assist_open,webrtc_assist_enter_count,webrtc_assist_exit_count,temporal_candidate,temporal_qualifying_run,assisted_confirmation_requirement,fallback_confirmation_requirement,confirmation_requirement,threshold_crossing_route,trigger_route,trigger_suppression_reason,actuation_enabled,actuation_requested,actuation_started,actuation_suppression_reason
0,2026-08-18T21:57:22.257529,shadow,analysis_full,silero,webrtc,False,0.0,True,True,True,1,False,True,False,0,0.0,,,,,,,,,,,,,32.84359320441111,0.1767893666084289,0.47516541377238647,0.3480452196191542,,,,,,,,,,,,,,True,False,temporal_v1,False,0.017497486276590882,0.10855949895615867,4.648453559262249,0.5876834014384495,109.37105274651388,2397.6061447564007,5.8063980397527395,15.606139554745944,11.431055609911423,0.0,0.0,,,,,,,,1.7662546780008148,-0.0010851272306727803,3433.3333333333335,0.012813219059477635,False,,,,,,0.85,True,False,False,0,True,True,True,True,True,True,True,True,False,1,0,False,0,15,24,24,,,,False,False,False,
1,2026-08-18T21:57:22.576418,shadow,analysis_full,silero,webrtc,False,0.008798583410680294,True,True,True,1,False,True,False,0,0.0,,,,,,,,,,,,,0.012592962257373318,0.7124300403877101,0.23720459789546328,0.05036536163741709,,,,,,,,,,,,,,False,False,temporal_v1,False,0.0003459599983269299,0.13987473903966596,3.904090932153436,0.9115092615166724,77.1590465411662,1482.9011514982537,0.008971604609621382,0.0029871085485729835,0.0006342490981789514,0.0,0.0,,,,,,,0.005847835576061834,1.6225485922314604,-0.00097942422638722,1433.3333333333335,0.01147389371027048,False,,,,,,0.85,True,False,False,0,True,True,True,True,True,True,True,True,False,2,0,False,0,15,24,24,,,,False,False,False,
2,2026-08-18T21:57:22.680402,shadow,analysis_full,silero,webrtc,False,0.012075684033334255,True,True,True,1,False,True,False,0,0.0,,,,,,,,,,,,,0.011303440902558144,0.7284050891558516,0.22210292465896714,0.049491986096712716,,,,,,,,,,,,,,False,False,temporal_v1,False,0.00032755520392405515,0.13569937369519833,3.8459736069460746,0.9147016318583245,76.69518108021205,1482.1921246164836,0.008233483878395764,0.002510527283167959,0.0005594297399944215,0.0,0.0,,,,,,,0.0003198175654032471,1.5399860047273588,-0.0009214117668208052,1366.6666666666667,0.01257784382842321,False,,,,,,0.85,True,False,False,0,True,True,True,True,True,True,True,True,False,3,0,False,0,15,24,24,,,,False,False,False,
3,2026-08-18T21:57:22.691506,shadow,analysis_full,silero,webrtc,False,0.0052733938209712505,True,True,True,1,False,True,False,0,0.0,,,,,,,,,,,,,0.006924131332808005,0.7041445852799988,0.2406139453903034,0.05524146918527535,,,,,,,,,,,,,,False,True,temporal_v1,False,0.00025745926628986833,0.1649269311064718,3.9292252715882747,0.906665651868552,74.54002744861752,1510.686519542901,0.004875589585764338,0.001666042558387554,0.000382499187656113,0.0,0.0,,,,,,,0.00040450095997697093,1.5570694653335762,-0.0009333452684595468,1466.6666666666667,0.013081564744124878,False,,,,,,0.85,True,False,False,0,True,True,True,True,True,False,True,False,False,4,0,False,0,15,24,24,,,,False,False,False,
4,2026-08-18T21:57:22.702069,shadow,analysis_full,silero,webrtc,False,0.003502371720969677,True,True,True,1,False,True,False,0,0.0,,,,,,,,,,,,,0.006059662116418469,0.7039824513036058,0.23522792776339807,0.060789620767970266,,,,,,,,,,,,,,False,True,temporal_v1,False,0.0002414123046554201,0.1732776617954071,3.9144688398629466,0.9049663008073678,73.9637647052328,1518.6434816707042,0.00426589579078787,0.0014254017625914834,0.00036836456203911483,0.0,0.0,,,,,,,0.00038874516451413297,1.4831237140825384,-0.0008836446416297564,1533.3333333333335,0.014528594322269446,False,,,,,,0.85,True,False,False,0,True,True,True,True,True,False,True,False,False,5,0,False,0,15,24,24,,,,False,False,False,
5,2026-08-18T21:57:22.710479,shadow,analysis_full,silero,webrtc,False,0.0029194357339292765,True,True,True,1,False,True,False,0,0.0,,,,,,,,,,,,,0.0037373503017077963,0.7295838051636269,0.2131126595208438,0.05730353504796002,,,,,,,,,,,,,,False,True,temporal_v1,False,0.00019069718010977058,0.12943632567849686,3.882128070803885,0.9057440154464563,71.87325436974733,1528.996619848469,0.002726710254349403,0.0007964766623579765,0.00021416338400041666,0.0,0.0,,,,,,,0.0004563026372901765,1.4621286386301837,-0.0008658754889911683,1466.6666666666667,0.015445215851603097,False,,,,,,0.85,True,False,False,0,True,True,True,True,True,False,True,False,False,6,0,False,0,15,24,24,,,,False,False,False,
6,2026-08-18T21:57:22.721412,shadow,analysis_full,silero,webrtc,False,0.0031078115571290255,True,True,False,1,False,True,False,0,0.0,,,,,,,,,,,,,0.003065987752527696,0.7257548946558828,0.21352894435589173,0.06071616066206625,,,,,,,,,,,,,,False,True,temporal_v1,False,0.0001723288515402166,0.1440501043841336,3.9162070033802463,0.9042053225412755,70.95848581153822,1526.0204159915786,0.002225155618351965,0.000654677128205332,0.000186155004970399,0.0,0.0,,,,,,,0.0008377488332551792,1.4948253573244112,-0.000895190569057509,1500.0,0.015166899676260765,False,,,,,,0.85,True,False,False,0,True,False,True,False,True,False,True,False,False,0,0,False,0,15,24,24,,,,False,False,False,
7,2026-08-18T21:57:22.732325,shadow,analysis_full,silero,webrtc,False,0.002839747117832303,True,True,False,1,False,True,False,0,0.0,,,,,,,,,,,,,0.0014640350646529376,0.7259153765400974,0.20861385963153942,0.06547076314531934,,,,,,,,,,,,,,False,True,temporal_v1,False,0.00012350942754795713,0.1315240083507307,3.8400851962095386,0.9059774234644641,67.92812236053378,1515.7051139002228,0.001062765565225443,0.00030541800547315964,9.585149295433476e-05,0.0,0.0,,,,,,,0.001322942207621813,1.490347955593814,-0.0008938454611667261,1466.6666666666667,0.013815865768043882,False,,,,,,0.85,True,False,False,0,True,False,True,False,True,False,True,False,False,0,0,False,0,15,24,24,,,,False,False,False,
8,2026-08-18T21:57:22.739521,shadow,analysis_full,silero,webrtc,False,0.0026482893154025078,True,True,False,1,False,True,False,0,0.0,,,,,,,,,,,,,0.0008061298040016865,0.6834458976389359,0.24972227528227417,0.06683182583829476,,,,,,,,,,,,,,False,True,temporal_v1,False,9.238188060312554e-05,0.15031315240083507,3.8693200587159833,0.8969103236518523,65.11544624460007,1537.107864767927,0.0005509461075094321,0.00020130856882815486,5.3875126664099404e-05,0.0,0.0,,,,,,,0.0019986289405872016,1.6154117417857319,-0.0009676878840748824,1566.6666666666667,0.010088576381444562,False,,,,,,0.85,True,False,False,0,True,False,True,False,True,False,True,False,False,0,0,False,0,15,24,24,,,,False,False,False,
9,2026-08-18T21:57:22.750144,shadow,analysis_full,silero,webrtc,False,0.0031008480582386255,True,True,False,1,True,True,False,1,0.0,,,,,,,,,,,,,0.00043548286537237977,0.7253064495081325,0.2138163840472636,0.06087716414830238,,,,,,,,,,,,,,False,True,temporal_v1,False,7.058093430038664e-05,0.15866388308977036,3.6743740663707056,0.8868264204607491,62.29655451654053,1708.4248433514806,0.0003158585309048688,9.311337158846355e-05,2.651096187904743e-05,0.0,0.0,0.16220485261977105,0.07592918092396649,0.08701258183995517,0.018050911332958067,0.24539695424420618,265.9615383303062,0.003645433832684358,1.0372599338342516,-0.0006144329757390867,1800.0000000000002,0.03558805984838573,True,0.0031043298076838255,0.16220485261977105,True,True,True,0.85,True,True,True,1,True,False,True,False,True,False,True,False,False,0,0,True,1,15,24,24,,,,False,False,False,
10,2026-08-18T21:57:22.761745,shadow,analysis_full,silero,webrtc,False,0.0031705452129244804,True,True,False,1,False,True,False,0,0.0,,,,,,,,,,,,,0.00025796621449396674,0.6770934191951228,0.18795811553400874,0.1349484613943918,,,,,,,,,,,,,,False,True,temporal_v1,False,5.7693956340772346e-05,0.16701461377870563,3.766616633552464,0.83941571429953,59.7284235464027,1902.2079672342684,0.0001746672262085424,4.848684354772788e-05,3.481214373769646e-05,0.0,0.0,0.018156658596636094,0.017540137338982686,0.023545889382243175,0.014944075297013179,0.07541802242375513,125.938194018296,0.0031636505072453027,0.9568736244480638,-0.0005684869326110882,2500.0,0.05346201071491424,True,0.003139178385026753,0.018156658596636094,True,True,False,0.85,True,False,False,0,True,False,True,False,True,False,True,False,False,0,0,False,0,15,24,24,,,,False,False,False,
11,2026-08-18T21:57:22.772955,shadow,analysis_full,silero,webrtc,False,0.0024155706632882357,True,True,False,1,False,True,False,0,0.0,,,,,,,,,,,,,0.000715430000740156,0.6269268775702082,0.22288074197374405,0.150192379058287,,,,,,,,,,,,,,False,True,temporal_v1,False,8.810995840225717e-05,0.21920668058455114,3.9084468489338087,0.8496327022902376,64.41166689263775,1751.9233693800577,0.00044852229648407766,0.00015945556939524222,0.00010745213386083606,0.0,0.0,0.03120171872498929,0.016825844851400876,0.03369095426687727,0.025246290534999542,0.07571662470647135,132.73415728442274,0.003310235423771453,1.135443402056163,-0.0006694864457856754,2366.666666666667,0.030275666633713855,True,0.0031043298076838255,0.03120171872498929,True,True,False,0.85,True,False,False,0,True,False,True,False,True,False,True,False,False,0,0,False,0,15,24,24,,,,False,False,False,
12,2026-08-18T21:57:22.783164,shadow,analysis_full,silero,webrtc,False,0.0022784490138292313,True,True,False,1,False,True,False,0,0.0,,,,,,,,,,,,,0.0005088857944272131,0.6710151757706079,0.24722647744047133,0.08175834482384331,,,,,,,,,,,,,,False,True,temporal_v1,False,7.512841589469431e-05,0.18997912317327767,3.8286895126349174,0.874992924206515,62.90649159082016,1630.7453991728662,0.0003414700907947418,0.00012581004237573572,4.160566025673553e-05,0.0,0.0,0.031289194858455445,0.018619220979911724,0.03250407841281029,0.025823208511175328,0.07609208917464845,127.1144591626175,0.004291482705468059,1.3733090605601068,-0.0008261877130040482,1966.6666666666667,0.018352784495841726,True,0.003010141896083951,0.031289194858455445,True,True,False,0.85,True,False,False,0,True,False,True,False,True,False,True,False,False,0,0,False,0,15,24,24,,,,False,False,False,
13,2026-08-18T21:57:22.792962,shadow,analysis_full,silero,webrtc,False,0.003266177838668227,True,True,False,1,False,True,False,0,0.0,,,,,,,,,,,,,0.0036306562365665054,0.6949272126587396,0.23737693498635395,0.06769585207947412,,,,,,,,,,,,,,False,False,temporal_v1,False,0.0001871871041916878,0.19206680584551147,3.8887006183531323,0.891627100748305,71.63907801567805,1548.8498993509322,0.002523041818599231,0.0008618340494252479,0.00024578036754202635,0.0,0.0,0.031210149548190975,0.018340938116718206,0.03178469649076625,0.027284822505049662,0.07293594705238444,124.53066965701868,0.0021230696203371805,1.6429486191633336,-0.0009861811331046456,1700.0000000000002,0.009827588487473813,True,0.003010141896083951,0.031210149548190975,True,True,False,0.85,True,False,False,0,True,False,True,False,True,False,True,False,False,0,0,False,0,15,24,24,,,,False,False,False,
14,2026-08-18T21:57:22.814120,shadow,analysis_full,silero,webrtc,False,0.0027645204681903124,True,True,False,1,False,True,False,0,0.0,,,,,,,,,,,,,0.002419375341937771,0.6723177610990929,0.22720752155115326,0.10047471693642393,,,,,,,,,,,,,,False,False,temporal_v1,False,0.00015527609440071412,0.20668058455114824,3.9688641949175363,0.8724973920346026,69.86329081610592,1670.179918295484,0.0016265890131499545,0.0005497002751436549,0.0002430860526441614,0.0,0.0,0.03187886915003603,0.017957697974038758,0.03153267480578602,0.02994132915816127,0.07936773442619302,120.82148815074885,0.0016861309362351203,1.2817858884715596,-0.0007674701509742702,2033.3333333333335,0.023273148991350478,True,0.0028795914258807898,0.03187886915003603,True,True,False,0.85,True,False,False,0,True,False,True,False,True,False,True,False,False,0,0,False,0,15,24,24,,,,False,False,False,
15,2026-08-18T21:57:22.827345,shadow,analysis_full,silero,webrtc,False,0.002688706386834383,True,True,False,1,False,True,False,0,0.0,,,,,,,,,,,,,0.008701399164224357,0.720031476610837,0.21686025381915444,0.06310826945508456,,,,,,,,,,,,,,False,False,temporal_v1,False,0.0002868724541960258,0.16701461377870563,3.8539891399642086,0.902882547838211,75.47442226648688,1529.2759708888395,0.006265281288796766,0.0018869876313354723,0.0005491302430921183,0.0,0.0,0.030903386867175947,0.017803748616399075,0.031074444906255036,0.026963454218113136,0.07882976607656315,120.79769575700615,0.0014390247632462792,1.5679874268070222,-0.0009322116118381151,1500.0,0.011195139819119721,True,0.0028021337930113077,0.030903386867175947,True,True,False,0.85,True,False,False,0,True,False,True,False,True,False,True,False,False,0,0,False,0,15,24,24,,,,False,False,False,
16,2026-08-18T21:57:22.847134,shadow,analysis_full,silero,webrtc,False,0.002688706386834383,True,True,False,1,False,True,False,0,0.0,,,,,,,,,,,,,0.0057895074269461895,0.7012016292798737,0.23547159021752942,0.06332678032987055,,,,,,,,,,,,,,False,False,temporal_v1,False,0.00023497303376281847,0.14613778705636743,3.940976611316855,0.8977602270381463,73.69003256829662,1552.2528261602936,0.004059612040502598,0.0013632645203992162,0.0003666308650443754,0.0,0.0,0.029066496806671612,0.01791236597841405,0.030877937875230254,0.026748421508220405,0.08117732545718218,118.73400781783367,0.001177888622217916,1.3790722260237722,-0.0008187545618127861,1533.3333333333335,0.018489389592162137,True,0.0027266134275123477,0.029066496806671612,True,True,False,0.85,True,False,False,0,True,False,True,False,True,False,True,False,False,0,0,False,0,15,24,24,,,,False,False,False,
17,2026-08-18T21:57:22.872163,shadow,analysis_full,silero,webrtc,False,0.002271892735734582,True,True,False,1,False,True,False,0,0.0,,,,,,,,,,,,,0.005450843715889048,0.7206847664080644,0.22404038331880247,0.05527485008967505,,,,,,,,,,,,,,False,False,temporal_v1,False,0.0002275784079182765,0.15866388308977036,3.8548685530055025,0.9052189581524618,73.44289879539306,1518.5835198008451,0.003928340030112365,0.001221209115518668,0.00030129456925801444,0.0,0.0,0.028452793268881442,0.0171055197550028,0.031679363823519345,0.023609282035453982,0.08104484784453168,118.44841062976842,0.0008383179827753193,1.698562843552989,-0.0010153431767668476,1500.0,0.008808361976260767,True,0.002688706386834383,0.028452793268881442,True,True,False,0.85,True,False,False,0,True,False,True,False,True,False,True,False,False,0,0,False,0,15,24,24,,,,False,False,False,
18,2026-08-18T21:57:22.888585,shadow,analysis_full,silero,webrtc,False,0.0018578219460323453,True,True,False,1,False,True,False,0,0.0,,,,,,,,,,,,,0.012012159083441092,0.7115858391701829,0.2326536772438636,0.0557604835027045,,,,,,,,,,,,,,False,False,temporal_v1,False,0.0003372687793305839,0.1524008350730689,3.9452613712896683,0.9063483143618034,76.911523245058,1503.8559563859224,0.008547682301636165,0.0027946729824008484,0.000669803798404079,0.0,0.0,0.0291188849078821,0.015450310257616869,0.032459554235512535,0.023393227269864616,0.08542506099498454,121.57409211113296,0.0006842783927692127,1.6236380360179865,-0.0009772508289504522,1500.0,0.01157993228167016,True,0.002688706386834383,0.0291188849078821,True,True,False,0.85,True,False,False,0,True,False,True,False,True,False,True,False,False,0,0,False,0,15,24,24,,,,False,False,False,
19,2026-08-18T21:57:22.905146,shadow,analysis_full,silero,webrtc,False,0.0016380301676690578,True,True,False,1,False,True,False,0,0.0,,,,,,,,,,,,,0.008644239640783249,0.7417445623972563,0.19854229075662655,0.059713146730433125,,,,,,,,,,,,,,False,False,temporal_v1,False,0.00028588687053585516,0.1732776617954071,3.84804750732926,0.9091866416827958,75.47433550255298,1511.189327530794,0.006411817749609787,0.0017162471401303448,0.0005161747500431167,0.0,0.0,0.031326809335485796,0.017102506579120602,0.03254188738667709,0.02272507558170322,0.058800206576696594,123.49935564977547,0.0004023149106202517,1.5550522954773829,-0.0009350589753152915,1466.6666666666667,0.012815227986824815,True,0.0025521385250613093,0.031326809335485796,True,True,False,0.85,True,False,False,0,True,False,True,False,True,False,True,False,False,0,0,False,0,15,24,24,,,,False,False,False,
20,2026-08-18T21:57:22.922840,shadow,analysis_full,silero,webrtc,False,0.0013876117300242186,True,True,False,1,False,True,False,0,0.0,,,,,,,,,,,,,0.006046566435499209,0.7412085953657717,0.2045517802204566,0.05423962424838851,,,,,,,,,,,,,,False,False,temporal_v1,False,0.00023938115555238005,0.11899791231732777,3.79685605618841,0.9127930557246096,73.92640082884049,1496.1539281717173,0.00448176701444219,0.001236835928602624,0.000327963491454395,0.0,0.0,0.0337299904539546,0.014174279692848566,0.028466192707130106,0.02867354440649586,0.05339789201065131,80.71961813190903,0.0006821113183920265,1.3976092066735464,-0.0008349284357606086,1433.3333333333335,0.016433138286044875,True,0.0023470098385587335,0.0337299904539546,False,True,False,0.85,True,False,False,0,True,False,True,False,True,False,True,False,False,0,0,False,0,15,24,24,,,,False,False,False,
21,2026-08-18T21:57:22.937527,shadow,analysis_full,silero,webrtc,False,0.0012956650462001562,True,True,False,1,False,True,False,0,0.0,,,,,,,,,,,,,0.006288781130632972,0.7098331335262366,0.23576186891041467,0.05440499740433532,,,,,,,,,,,,,,False,False,temporal_v1,False,0.0002458282815459237,0.11482254697286012,3.9012834471456905,0.904867123926938,74.12342489888589,1528.159815456912,0.004463985216017871,0.00148265479252658,0.00034214112108851976,0.0,0.0,0.02327988244791826,0.014532894333666172,0.014091014864690221,0.028749444651527366,0.05310526695995238,54.20911486385089,0.0011783532638390787,1.4926838999578507,-0.0008945173951328905,1533.3333333333335,0.0155446428618887,True,0.0022751708747819066,0.02327988244791826,False,True,False,0.85,True,False,False,0,True,False,True,False,True,False,True,False,False,0,0,False,0,15,24,24,,,,False,False,False,
22,2026-08-18T21:57:22.952747,shadow,analysis_full,silero,webrtc,False,0.0012437885161489248,True,True,False,1,False,True,False,0,0.0,,,,,,,,,,,,,0.007139462975878702,0.7469533094757984,0.2035631164848449,0.04948357389929009,,,,,,,,,,,,,,False,False,temporal_v1,False,0.00026064978081143597,0.15866388308977036,3.841405354609417,0.9141517488732763,74.68427310984245,1482.7866762873841,0.005332845497712528,0.0014533313333980336,0.0003532861437681393,0.0,0.0,0.02218838960835095,0.014041256355917747,0.01370576472780324,0.02719522218918841,0.05193483783104653,49.87654895687961,0.001012967405661081,1.4760855802547328,-0.0008832807639110477,1366.6666666666667,0.014613366034688957,True,0.0020648573408834636,0.02218838960835095,False,True,False,0.85,True,False,False,0,True,False,True,False,True,False,True,False,False,0,0,False,0,15,24,24,,,,False,False,False,
23,2026-08-18T21:57:22.979877,shadow,analysis_full,silero,webrtc,False,0.0012202552752569318,True,True,False,1,False,True,False,0,0.0,,,,,,,,,,,,,0.002657833638657256,0.7027355672576617,0.22553413936331973,0.0717302930027723,,,,,,,,,,,,,,False,False,temporal_v1,False,0.00015868627396549258,0.18162839248434237,3.853487585337058,0.8936134880356523,70.16377927450537,1570.821275181103,0.001867754229738302,0.0005994322222654448,0.0001906471856535094,0.0,0.0,0.021559845921475244,0.01313079994434966,0.013915021541348173,0.02607849097223748,0.05268678242567707,50.94904798142471,0.0012984212148527746,1.416704273368907,-0.0008445423140975551,1600.0,0.016016542880645235,True,0.0017479260568507016,0.021559845921475244,False,True,False,0.85,True,False,False,0,True,False,True,False,True,False,True,False,False,0,0,False,0,15,24,24,,,,False,False,False,
24,2026-08-18T21:57:23.002460,shadow,analysis_full,silero,webrtc,False,0.0010442198254168034,True,True,False,1,False,True,False,0,0.0,,,,,,,,,,,,,0.0048877165294628,0.7207728342607751,0.22683452033192433,0.052392645202705916,,,,,,,,,,,,,,False,False,temporal_v1,False,0.0002145677584058783,0.1941544885177453,3.8963990171641294,0.9062932595685135,72.92600671120414,1515.2719587677632,0.0035229332960041416,0.0011087028344791122,0.0002560803979795456,0.0,0.0,0.015645188513366003,0.013111978428387999,0.0062399611349673425,0.023912853550357167,0.04436099092339374,24.667355294375554,0.001135092353213153,1.4915581434329779,-0.0008948430443180983,1500.0,0.015004801240483106,True,0.0015128209488466382,0.015645188513366003,False,True,False,0.85,True,False,False,0,True,False,True,False,True,False,True,False,False,0,0,False,0,15,24,24,,,,False,False,False,
25,2026-08-18T21:57:23.023050,shadow,analysis_full,silero,webrtc,False,0.001005088328383863,True,True,False,1,False,True,False,0,0.0,,,,,,,,,,,,,0.0029975957467339846,0.6892073869746175,0.2391094923310237,0.07168312036075809,,,,,,,,,,,,,,False,False,temporal_v1,False,0.0001708981612465068,0.18789144050104384,3.9055545928002458,0.8928744301658181,70.82882850026911,1559.3485888407038,0.002065965131812757,0.0007167535972151989,0.00021487701670602874,0.0,0.0,0.01845037147974144,0.01417067952335435,0.007376457438691124,0.02558582663858627,0.04481619322017005,27.21467789075418,0.0011417052869488952,1.7413680787580341,-0.0010389150054028826,1633.3333333333335,0.007769425067664955,True,0.0013416383881121874,0.01845037147974144,False,True,False,0.85,True,False,False,0,True,False,True,False,True,False,True,False,False,0,0,False,0,15,24,24,,,,False,False,False,
26,2026-08-18T21:57:23.034335,shadow,analysis_full,silero,webrtc,False,0.0009029378416016698,True,True,False,1,False,True,False,0,0.0,,,,,,,,,,,,,0.004206243366852608,0.7390534717088366,0.20279714299619817,0.05814938505722342,,,,,,,,,,,,,,False,False,temporal_v1,False,0.0001990675010128238,0.19206680584551147,3.859469290510758,0.903476352754275,72.24559645801571,1526.0793343620808,0.0031086387631246858,0.0008530141375444184,0.00024459046518350417,0.0,0.0,0.018376819619337438,0.014588371122175585,0.007220679422756315,0.027007869108636708,0.03983138293331246,25.565079020858573,0.0011359282413053841,1.5100407912236977,-0.0008995126207302939,1600.0,0.012685634787816607,True,0.0012697267811745405,0.018376819619337438,False,True,False,0.85,True,False,False,0,True,False,True,False,True,False,True,False,False,0,0,False,0,15,24,24,,,,False,False,False,
27,2026-08-18T21:57:23.045942,shadow,analysis_full,silero,webrtc,False,0.0008538576657883823,True,True,False,1,False,True,False,0,0.0,,,,,,,,,,,,,0.0035470570071442237,0.7334090764353525,0.21510922026653365,0.051481703016189956,,,,,,,,,,,,,,False,False,temporal_v1,False,0.00018466158743700892,0.12317327766179541,3.813753505551938,0.9119463971489908,71.61533765536048,1516.3065086087188,0.0026014438036731907,0.0007630046670477384,0.0001826085354232945,0.0,0.0,0.0186539624518336,0.014546526552777566,0.007464272231656586,0.029586964090423717,0.04318877485826295,25.597711789854475,0.0010395938688024465,1.240525166699495,-0.0007354975860941389,1433.3333333333335,0.02238167274276497,True,0.0012320218957029283,0.0186539624518336,False,True,False,0.85,True,False,False,0,True,False,True,False,True,False,True,False,False,0,0,False,0,15,24,24,,,,False,False,False,
28,2026-08-18T21:57:23.065097,shadow,analysis_full,silero,webrtc,False,0.0009423686424270272,True,True,False,1,False,True,False,0,0.0,,,,,,,,,,,,,0.001534506654589071,0.676770510556595,0.263970975897203,0.05925851289452678,,,,,,,,,,,,,,False,False,temporal_v1,False,0.00012646821344680455,0.13987473903966596,3.81471758300969,0.9056381378304225,68.14609225014057,1522.6529521111145,0.0010385088520787381,0.0004050652191326293,9.093258237770361e-05,0.0,0.0,0.023260828212611103,0.019719583152691015,0.007437544888100519,0.030129969814143787,0.03651805303682074,24.951973704507697,0.0016510460337302503,1.3422658685410105,-0.0008064549540541252,1566.6666666666667,0.018729870145305232,True,0.0011322375503368676,0.023260828212611103,False,True,False,0.85,True,False,False,0,True,False,True,False,True,False,True,False,False,0,0,False,0,15,24,24,,,,False,False,False,
29,2026-08-18T21:57:23.079068,shadow,analysis_full,silero,webrtc,False,0.0009527434594929218,True,True,False,1,False,True,False,0,0.0,,,,,,,,,,,,,0.002079267146075445,0.7302148618141574,0.2321915998895392,0.03759353781536493,,,,,,,,,,,,,,False,False,temporal_v1,False,0.00014156756505828187,0.11064718162839249,3.6873833548788566,0.9149821057529856,69.2283476683435,1499.3104906036695,0.0015183117717461983,0.0004827883652450137,7.816700808423315e-05,0.0,0.0,0.022433855575290373,0.018323300175171267,0.009638233004771147,0.032789912599687075,0.061798079567928765,25.75010443885906,0.0040407453918334495,1.2718473104802206,-0.0007605761402537663,1466.6666666666667,0.019960888127543153,True,0.0010246540769003332,0.022433855575290373,False,True,False,0.85,True,False,False,0,True,False,True,False,True,False,True,False,False,0,0,False,0,15,24,24,,,,False,False,False,
30,2026-08-18T21:57:23.099318,shadow,analysis_full,silero,webrtc,False,0.001196357305161655,True,True,False,1,False,True,False,0,0.0,,,,,,,,,,,,,0.0019840292039417016,0.7398975777758707,0.21736177641533366,0.042740645304770765,,,,,,,,,,,,,,False,False,temporal_v1,False,0.00014007066785920095,0.12317327766179541,3.747924282840924,0.9177087532386612,69.14413588429058,1436.5709554049079,0.0014679784022330541,0.0004312521122286686,8.479868847997897e-05,0.0,0.0,0.022307253430030698,0.017270531372652977,0.010437452684694181,0.03238869949002962,0.06654064426241846,35.87300594790301,0.0026591607821027903,1.523685549113473,-0.0009167275158493414,1300.0,0.009919708645719227,True,0.0010246540769003332,0.022307253430030698,False,True,False,0.85,True,False,False,0,True,False,True,False,True,False,True,False,False,0,0,False,0,15,24,24,,,,False,False,False,
31,2026-08-18T21:57:23.116919,shadow,analysis_full,silero,webrtc,False,0.0009950678795576096,True,True,False,1,False,True,False,0,0.0,,,,,,,,,,,,,0.001003441958902219,0.7080414935735234,0.2441333251565377,0.04782518027336916,,,,,,,,,,,,,,False,False,temporal_v1,False,0.00010080131171308118,0.13987473903966596,3.6153117686449994,0.9053857247187468,66.00512752062602,1543.5932585010635,0.0007104785432954692,0.0002449736220283886,4.798979257836132e-05,0.0,0.0,0.022386288415065788,0.017903875801732954,0.010652584045440667,0.03026851904811187,0.08850480294546613,36.697058321368345,0.002624284121864379,1.1854825451458664,-0.0007028741398361104,1500.0,0.01865417186137579,True,0.0010000781039707363,0.022386288415065788,False,True,False,0.85,True,False,False,0,True,False,True,False,True,False,True,False,False,0,0,False,0,15,24,24,,,,False,False,False,
32,2026-08-18T21:57:23.124054,shadow,analysis_full,silero,webrtc,False,0.0009950678795576096,True,True,False,1,False,True,False,0,0.0,,,,,,,,,,,,,0.0022487557591418014,0.7059648218893629,0.2463895368427761,0.047645640823170535,,,,,,,,,,,,,,False,False,temporal_v1,False,0.0001477693178021107,0.1419624217118998,3.792035574222732,0.9053164031016356,69.5734874659039,1505.4804379045459,0.001587542458975221,0.0005540698899674738,0.00010714340919910646,0.0,0.0,0.02051304109883133,0.016862856948261052,0.010748381651995449,0.03048660097392533,0.08762756028232829,35.163821964292616,0.005054846189790145,1.3924162767173403,-0.0008280351178826089,1566.6666666666667,0.014543485911569239,True,0.0009950678795576096,0.02051304109883133,False,True,False,0.85,True,False,False,0,True,False,True,False,True,False,True,False,False,0,0,False,0,15,24,24,,,,False,False,False,
33,2026-08-18T21:57:23.136932,shadow,analysis_full,silero,webrtc,False,0.0009387794998474419,True,True,False,1,False,True,False,0,0.0,,,,,,,,,,,,,0.0012157513283437657,0.6404110603926472,0.2690946804415069,0.09049425834330921,,,,,,,,,,,,,,False,False,temporal_v1,False,0.00011024065736572547,0.17954070981210857,3.9454026554586443,0.8798181438007572,66.7353228445569,1562.638390622385,0.0007785805973584004,0.0003271522151970032,0.00011001851478836207,0.0,0.0,0.030304274924061545,0.020112779065625343,0.014613887766264749,0.03029946147227847,0.09720018304200616,34.03822616690258,0.002512188361707196,1.6924011812283364,-0.001021698160101533,1900.0000000000002,0.008392063090285645,True,0.0009739056695252657,0.030304274924061545,False,True,False,0.85,True,False,False,0,True,False,True,False,True,False,True,False,False,0,0,False,0,15,24,24,,,,False,False,False,
34,2026-08-18T21:57:23.151600,shadow,analysis_full,silero,webrtc,False,0.0008177025592885911,True,True,False,1,False,True,False,0,0.0,,,,,,,,,,,,,0.0009067685708852022,0.6104661445676484,0.3092168645723962,0.08031698975713825,,,,,,,,,,,,,,False,False,temporal_v1,False,9.600769585565174e-05,0.16701461377870563,3.904187029332614,0.8648838256049984,65.33451550035514,1665.980205905862,0.0005535515134834058,0.00028038813438191484,7.282892201988167e-05,0.0,0.0,0.041712132000443415,0.029483578062572492,0.01624835433793539,0.027608764702663564,0.09793540700413024,55.66578511421619,0.0038826869559554886,1.3806268094608969,-0.0008242120049521134,1933.3333333333335,0.01833444208409187,True,0.0009475560509599745,0.041712132000443415,False,True,False,0.85,True,False,False,0,True,False,True,False,True,False,True,False,False,0,0,False,0,15,24,24,,,,False,False,False,
35,2026-08-18T21:57:23.168424,shadow,analysis_full,silero,webrtc,False,0.0006987219676375389,True,True,False,1,False,True,False,0,0.0,,,,,,,,,,,,,0.0006054972702519004,0.4922494238211631,0.3883700836968991,0.1193804908304027,,,,,,,,,,,,,,False,False,temporal_v1,False,8.077523766421544e-05,0.16701461377870563,3.9695346164007805,0.8385347594041498,63.475753048467496,1739.13410144799,0.00029805568240678503,0.0002351570255259745,7.228456131914085e-05,0.0,0.0,0.07450987502074494,0.052251712330128375,0.02433997558720447,0.025405476984628847,0.10583344669933926,83.2257616392326,0.004249684873588899,1.3098732911091082,-0.0007812877011623741,2233.3333333333335,0.020986304895341753,True,0.0009405740711372346,0.07450987502074494,False,True,True,0.85,True,False,False,0,True,False,True,False,True,False,True,False,False,0,0,False,0,15,24,24,,,,False,False,False,
36,2026-08-18T21:57:23.179995,shadow,analysis_full,silero,webrtc,False,0.000720991229172796,True,True,False,1,False,True,False,0,0.0,,,,,,,,,,,,,0.0011118988053296463,0.6904154392495042,0.23925980460376192,0.07032475524737127,,,,,,,,,,,,,,False,False,temporal_v1,False,0.00010490174288144716,0.162839248434238,3.7642897375143884,0.889710012734808,66.3118901166011,1576.3650597023607,0.0007676721020826668,0.0002660326909023275,7.819401134465189e-05,0.0,0.0,0.07188394072024623,0.04940681008436748,0.024346961034890445,0.021616338601889554,0.1056834642144311,83.0402590483294,0.004270617179686211,1.4451071092562928,-0.0008566040732302293,1566.6666666666667,0.011742854036907092,True,0.0009405740711372346,0.07188394072024623,False,True,True,0.85,True,False,False,0,True,False,True,False,True,False,True,False,False,0,0,False,0,15,24,24,,,,False,False,False,
37,2026-08-18T21:57:23.192361,shadow,analysis_full,silero,webrtc,False,0.0007550835725851357,True,True,False,1,False,True,False,0,0.0,,,,,,,,,,,,,0.000965246638775306,0.7144244593448908,0.2197240041106822,0.06585153550842232,,,,,,,,,,,,,,False,False,temporal_v1,False,9.918958711096732e-05,0.15031315240083507,3.633244172521394,0.895168919354416,65.8003358359139,1596.3534480872445,0.0006895958080415212,0.0002120878564260875,6.356297330769735e-05,0.0,0.0,0.07049503336037176,0.048981638087123476,0.023944772293315722,0.020305330130752114,0.11748145850903798,82.60770503402294,0.004331826667191683,1.2893290768497938,-0.0007655182573044048,1600.0,0.016712540343408133,True,0.0009405740711372346,0.07049503336037176,False,True,True,0.85,True,False,False,0,True,False,True,False,True,False,True,False,False,0,0,False,0,15,24,24,,,,False,False,False,
38,2026-08-18T21:57:23.205542,shadow,analysis_full,silero,webrtc,False,0.0007617768715135753,True,True,False,1,False,True,False,0,0.0,,,,,,,,,,,,,0.0006983274120662001,0.6510310257039102,0.2973468418799338,0.05162213098416288,,,,,,,,,,,,,,False,False,temporal_v1,False,8.558964364108502e-05,0.13569937369519833,3.719238224105341,0.8915635443287161,64.3300212718999,1584.3288103238517,0.0004546328113546154,0.0002076454505760718,3.6049149135512865e-05,0.0,0.0,0.07070276943605597,0.05006125718263766,0.02427169463712165,0.020514602916974108,0.11874664844119376,81.52543208439195,0.005112977610927758,1.4211348141495335,-0.0008506600312272128,1666.6666666666667,0.01345087812820784,True,0.0008782410295680165,0.07070276943605597,False,True,True,0.85,True,False,False,0,True,False,True,False,True,False,True,False,False,0,0,False,0,15,24,24,,,,False,False,False,
39,2026-08-18T21:57:23.224109,shadow,analysis_full,silero,webrtc,False,0.0006738234078511596,True,True,False,1,False,True,False,0,0.0,,,,,,,,,,,,,0.0008109831962942976,0.5738040788988253,0.32025225443621264,0.1059436654318909,,,,,,,,,,,,,,False,False,temporal_v1,False,9.497735824163663e-05,0.1440501043841336,3.917644276073358,0.871077749169926,65.2601493524438,1708.0688159323413,0.0004653454659520747,0.00025971919692313437,8.591853241908857e-05,0.0,0.0,0.07255484140880866,0.05102130009718847,0.025094555544382564,0.01652305548009134,0.12126892178343893,87.0428940292156,0.00402199007719304,1.0609960124000828,-0.0006297869951191285,1966.6666666666667,0.04057117894752302,True,0.0007897397154010832,0.07255484140880866,False,True,True,0.85,True,False,False,0,True,False,True,False,True,False,True,False,False,0,0,False,0,15,24,24,,,,False,False,False,
40,2026-08-18T21:57:23.241481,shadow,analysis_full,silero,webrtc,False,0.0006756869843229651,True,True,False,1,False,True,False,0,0.0,,,,,,,,,,,,,0.0003054212721522483,0.5760915413598349,0.31701318340099616,0.10689527196500281,,,,,,,,,,,,,,False,False,temporal_v1,False,6.129973257309112e-05,0.16910229645093947,3.9589687147673818,0.8521801873275093,60.528130276147174,1745.9844628526823,0.00017595061143827032,9.682256976336625e-05,3.264808995061172e-05,0.0,0.0,0.06943673334611103,0.04843421288892548,0.024939586299507044,0.0143489271627888,0.12837240813412354,81.13938543225152,0.003405020599955048,1.1987366960101788,-0.0007165055514521477,2200.0,0.02963132333826319,True,0.0007584302220493555,0.06943673334611103,False,True,True,0.85,True,False,False,0,True,False,True,False,True,False,True,False,False,0,0,False,0,15,24,24,,,,False,False,False,
41,2026-08-18T21:57:23.261137,shadow,analysis_full,silero,webrtc,False,0.0007075951434671879,True,True,False,1,False,True,False,0,0.0,,,,,,,,,,,,,0.0007479259850346068,0.6598920986346326,0.28630615898934414,0.053801741038992476,,,,,,,,,,,,,,False,False,temporal_v1,False,9.080598496352048e-05,0.16910229645093947,3.9146648861667046,0.8996839307683082,64.95892227740286,1554.4162346893436,0.0004935504478878615,0.00021413581598357998,4.023972016316528e-05,0.0,0.0,0.06587225535962554,0.046481978648364536,0.024256469943740096,0.013785030496216436,0.11032173597209032,80.14179589664059,0.0035382303491029265,1.156229342018524,-0.0006928774271956459,1666.6666666666667,0.030045402318957113,True,0.0007380374008789659,0.06587225535962554,False,True,True,0.85,True,False,False,0,True,False,True,False,True,False,True,False,False,0,0,False,0,15,24,24,,,,False,False,False,
42,2026-08-18T21:57:23.281650,shadow,analysis_full,silero,webrtc,False,0.000784198404289782,True,True,False,1,False,True,False,0,0.0,,,,,,,,,,,,,0.0003446968057630227,0.5215230394343606,0.41188301730253796,0.06659394036200118,,,,,,,,,,,,,,False,False,temporal_v1,False,6.546200574468639e-05,0.19102296450939457,3.827403254423917,0.8708721062097812,61.38283325515033,1654.2154102240538,0.000179767325824847,0.00014197476041222064,2.2954718525955037e-05,0.0,0.0,0.06821317078077271,0.05661545942735532,0.022383134113446352,0.01558123329529167,0.10890299510513102,69.94150014319123,0.004561070237563096,1.2480229652562775,-0.0007448696899911409,1733.3333333333335,0.021256887455486744,True,0.0007380374008789659,0.06821317078077271,False,True,True,0.85,True,False,False,0,True,False,True,False,True,False,True,False,False,0,0,False,0,15,24,24,,,,False,False,False,
43,2026-08-18T21:57:23.299748,shadow,analysis_full,silero,webrtc,False,0.0006628221599385142,True,True,False,1,False,True,False,0,0.0,,,,,,,,,,,,,0.000666830855820716,0.6614562320472582,0.28020930035826347,0.05833446609484771,,,,,,,,,,,,,,False,False,temporal_v1,False,8.521105246033062e-05,0.14613778705636743,3.7923843758346143,0.8915983597212715,64.285570639495,1623.1455485717845,0.0004410794253040193,0.00018685220756682489,3.889922194987184e-05,0.0,0.0,0.06934076669156562,0.05598867255058432,0.023104295964230602,0.01537851448381099,0.10589869243416224,65.57646443575437,0.005327979608065274,1.0653566016341398,-0.0006254233249641996,1466.6666666666667,0.02717013905120309,True,0.000714293186319992,0.06934076669156562,False,True,True,0.85,True,False,False,0,True,False,True,False,True,False,True,False,False,0,0,False,0,15,24,24,,,,False,False,False,
44,2026-08-18T21:57:23.317294,shadow,analysis_full,silero,webrtc,False,0.0006895701517350972,True,True,False,1,False,True,False,0,0.0,,,,,,,,,,,,,0.0010769014197452116,0.698878169434856,0.24768722384683195,0.053434605789722,,,,,,,,,,,,,,False,False,temporal_v1,False,0.00010541044018503754,0.15866388308977036,3.7954746129110086,0.9019294870921531,66.41723997816108,1541.03056813474,0.000752622892893331,0.00026673472301340335,5.754380283847732e-05,0.0,0.0,0.07368229724069607,0.058716833983803465,0.024205127018691947,0.015213248888993034,0.10433596205513072,71.9449665171103,0.004812880168250942,1.1777916134009618,-0.0006994927080465307,1566.6666666666667,0.02351427214651742,True,0.0007031585555523634,0.07368229724069607,False,True,True,0.85,True,False,False,0,True,False,True,False,True,False,True,False,False,0,0,False,0,15,24,24,,,,False,False,False,
45,2026-08-18T21:57:23.335057,shadow,analysis_full,silero,webrtc,False,0.0005539975827559829,True,True,False,1,False,True,False,0,0.0,,,,,,,,,,,,,0.00037938109119014336,0.6386863082796865,0.29683008977624614,0.06448359930819529,,,,,,,,,,,,,,False,False,temporal_v1,False,6.651900268942676e-05,0.1544885177453027,3.678389632136697,0.8800369100984792,61.60869101288011,1708.6328953903471,0.00024230550856335178,0.00011261172335738049,2.44638582694111e-05,0.0,0.0,0.05916990293954862,0.05097734712064047,0.019293639402648523,0.015049064561191507,0.10172642946679046,67.88313075933907,0.0041272139166254815,0.9860345000272597,-0.0005882897758361795,1633.3333333333335,0.0372013655999952,True,0.0006985826476011425,0.05916990293954862,False,True,True,0.85,True,False,False,0,True,False,True,False,True,False,True,False,False,0,0,False,0,15,24,24,,,,False,False,False,
46,2026-08-18T21:57:23.353055,shadow,analysis_full,silero,webrtc,False,0.0005655343411490321,True,True,False,1,False,True,False,0,0.0,,,,,,,,,,,,,0.00029602801898137994,0.6822750438997854,0.2372843700498566,0.08044058267229931,,,,,,,,,,,,,,False,False,temporal_v1,False,6.0730328357661465e-05,0.162839248434238,3.9537808226483353,0.8596991725593915,60.45570154941794,1793.278043243872,0.0002019725296460875,7.024282200110374e-05,2.3812666334188684e-05,0.0,0.0,0.058503971455748725,0.051183398480128046,0.019561707421527855,0.015049064561191507,0.11054446955478288,80.92135844908313,0.004676270829331568,0.9059492219254224,-0.0005346826070762936,1966.6666666666667,0.05317293420458825,True,0.0006826285680290312,0.058503971455748725,False,True,True,0.85,True,False,False,0,True,False,True,False,True,False,True,False,False,0,0,False,0,15,24,24,,,,False,False,False,
47,2026-08-18T21:57:23.365315,shadow,analysis_full,silero,webrtc,False,0.0005639249575324357,True,True,False,1,False,True,False,0,0.0,,,,,,,,,,,,,0.0004367064868046315,0.6941855984554824,0.24502411130968862,0.060790287944961365,,,,,,,,,,,,,,False,False,temporal_v1,False,7.180796511530964e-05,0.14822546972860126,3.704477272369464,0.8989781735273914,62.542058497374306,1571.2019024124781,0.0003031553538918644,0.0001070036188324811,2.654751308028602e-05,0.0,0.0,0.05611992917414659,0.0481081630323934,0.019746249245532484,0.015170214766985475,0.10014320442691228,82.94464895082847,0.004747721974068419,1.229991794735222,-0.0007389393567098062,1633.3333333333335,0.019905169906327284,True,0.0006747551960870624,0.05611992917414659,False,True,True,0.85,True,False,False,0,True,False,True,False,True,False,True,False,False,0,0,False,0,15,24,24,,,,False,False,False,
48,2026-08-18T21:57:23.371130,shadow,analysis_full,silero,webrtc,False,0.0005639249575324357,True,True,False,1,False,True,False,0,0.0,,,,,,,,,,,,,0.0004872604298687084,0.7657141599900539,0.1890160779790307,0.04526975997862492,,,,,,,,,,,,,,False,False,temporal_v1,False,7.305847412110921e-05,0.12526096033402923,3.0653350563566026,0.9159958646150693,62.808715877505136,1622.2974081216696,0.0003731022107533106,9.21000554081598e-05,2.2058162707238028e-05,0.0,0.0,0.06843172061130308,0.05742584722203867,0.0204252792220084,0.016922145856887037,0.2500116080315264,80.76380120677956,0.009073829227793595,1.1343903550525722,-0.000675462203815642,1300.0,0.018100182048864218,True,0.0006683227838948369,0.06843172061130308,False,True,True,0.85,True,False,False,0,True,False,True,False,True,False,True,False,False,0,0,False,0,15,24,24,,,,False,False,False,
49,2026-08-18T21:57:23.379141,shadow,analysis_full,silero,webrtc,False,0.0005237352452240884,True,True,False,1,False,True,False,0,0.0,,,,,,,,,,,,,0.0006496526903242652,0.7677202235070276,0.18194967297487913,0.0503301019788093,,,,,,,,,,,,,,False,False,temporal_v1,False,8.301586529524614e-05,0.12943632567849686,3.3591854060822204,0.9100716945563794,64.1104331843938,1616.9689180365554,0.0004987515086176867,0.00011820409455175047,3.2697086154828086e-05,0.0,0.0,0.07224069835071459,0.06318987883939318,0.017067413588038302,0.018523110834842173,0.27030038285382385,79.0713880914827,0.005985318595574216,1.0862216415932013,-0.0006485251459786681,1400.0,0.02357088558492079,True,0.0006141782505437732,0.07224069835071459,False,True,True,0.85,True,False,False,0,True,False,True,False,True,False,True,False,False,0,0,False,0,15,24,24,,,,False,False,False,
50,2026-08-18T21:57:23.394055,shadow,analysis_full,silero,webrtc,False,0.0005606543854810297,True,True,False,1,False,True,False,0,0.0,,,,,,,,,,,,,0.0003259547816166524,0.7835965969019347,0.14730849704165558,0.06909490298849946,,,,,,,,,,,,,,False,False,temporal_v1,False,6.312230667614445e-05,0.11691022964509394,3.3696879667723527,0.900451530742186,61.10992780014372,1650.0612681205082,0.00025541705761872216,4.8015908983490135e-05,2.2521814014440126e-05,0.0,0.0,0.07304809520053257,0.07047121096277494,0.009792155653588012,0.021107545572343633,0.27273419074716493,71.4627545391223,0.004496090873409501,1.0849042926040324,-0.0006551228662372019,1600.0,0.02701293459712729,True,0.0005647296493407339,0.07304809520053257,False,True,True,0.85,True,False,False,0,True,False,True,False,True,False,True,False,False,0,0,False,0,15,24,24,,,,False,False,False,
51,2026-08-18T21:57:23.407255,shadow,analysis_full,silero,webrtc,False,0.0005316036404110491,True,True,False,1,False,True,False,0,0.0,,,,,,,,,,,,,0.000555920745471639,0.7224579734235512,0.2141554331076372,0.06338659166999408,,,,,,,,,,,,,,False,False,temporal_v1,False,7.81148038141876e-05,0.11482254697286012,3.667570904908719,0.8993101252990541,63.43380666134688,1623.0306334170277,0.0004016293751575501,0.00011905344801999938,3.523792129408949e-05,0.0,0.0,0.07310408859410572,0.07031865034674732,0.00958014883949402,0.022485272804238114,0.2580808083496019,66.67114744476481,0.005611631456868448,1.03841696437075,-0.0006193649840067775,1500.0,0.03287346296097934,True,0.0005639249575324357,0.07310408859410572,False,True,True,0.85,True,False,False,0,True,False,True,False,True,False,True,False,False,0,0,False,0,15,24,24,,,,False,False,False,
52,2026-08-18T21:57:23.425298,shadow,analysis_full,silero,webrtc,False,0.0004642615094780922,True,True,False,1,False,True,False,0,0.0,,,,,,,,,,,,,0.000813733458642222,0.704701393561385,0.25351859299521917,0.04178001221449226,,,,,,,,,,,,,,False,False,temporal_v1,False,9.27984522083506e-05,0.15657620041753653,3.705257781827776,0.9100527398517307,65.22270306266476,1486.8770869391376,0.0005734391022926995,0.0002062965615081095,3.399779384141307e-05,0.0,0.0,0.0453666543757099,0.04382295090022485,0.010977472526371112,0.017140624864389158,0.2508290815405961,80.63747779111893,0.003666628546286177,1.509960165872587,-0.0009148729553828702,1466.6666666666667,0.011227909955488218,True,0.0005622896715067327,0.0453666543757099,False,True,False,0.85,True,False,False,0,True,False,True,False,True,False,True,False,False,0,0,False,0,15,24,24,,,,False,False,False,
53,2026-08-18T21:57:23.441146,shadow,analysis_full,silero,webrtc,False,0.0004879340995103121,True,True,False,1,False,True,False,0,0.0,,,,,,,,,,,,,0.0012029790720203828,0.7396201803575344,0.22801644277217145,0.03236337603902438,,,,,,,,,,,,,,False,False,temporal_v1,False,0.00010769725863252188,0.11691022964509394,3.59427235973894,0.9151152355490481,66.68464221419698,1467.718040795129,0.0008897475982140549,0.00027429900873145554,3.893246407487224e-05,0.0,0.0,0.04264235822239976,0.04042501437801482,0.01353837127017287,0.018509870687530575,0.2432849540740702,93.23279100045787,0.005186888618960392,1.2314599930010146,-0.0007358417559439963,1500.0,0.014919550777880217,True,0.0005573259841185063,0.04264235822239976,False,True,False,0.85,True,False,False,0,True,False,True,False,True,False,True,False,False,0,0,False,0,15,24,24,,,,False,False,False,
54,2026-08-18T21:57:23.459934,shadow,analysis_full,silero,webrtc,False,0.0006650659488514066,True,True,False,1,False,True,False,0,0.0,,,,,,,,,,,,,0.0032672313617378977,0.6026486190027501,0.3319985552325156,0.06535282545866472,,,,,,,,,,,,,,False,False,temporal_v1,False,0.0001752366831436296,0.16701461377870563,3.8727732564944963,0.8837619921160985,71.00960670660628,1577.921569862442,0.0019689924681138187,0.0010847160917073465,0.0002135228009167323,0.0,0.0,0.05526414251389236,0.051691635060230993,0.013770584475563027,0.019563045957023177,0.2508227703264691,91.21357003354939,0.0038829623834555874,1.330129019910226,-0.0007860279241432825,1766.6666666666667,0.01694388223242348,True,0.0005573259841185063,0.05526414251389236,False,True,True,0.85,True,False,False,0,True,False,True,False,True,False,True,False,False,0,0,False,0,15,24,24,,,,False,False,False,
55,2026-08-18T21:57:23.473176,shadow,analysis_full,silero,webrtc,False,0.0008451060275547206,True,True,False,1,False,True,False,0,0.0,,,,,,,,,,,,,0.019554945005549128,0.8542421764295592,0.1306631562835212,0.015094667235781713,,,,,,,,,,,,,,False,False,temporal_v1,False,0.0004619262687072882,0.1336116910229645,3.41201820515751,0.9494641949414292,42.99856625503657,1282.2540043343497,0.016704658781500625,0.0025551108353757284,0.00029517538767277567,0.0,0.0,0.064455987572877,0.05494986192577657,0.01839819021759387,0.018928962492775637,0.2548839254119944,128.15700062949233,0.007673980455338458,0.8314328303158349,-0.0005146354986529723,966.6666666666667,0.023606787660245827,True,0.0005622896715067327,0.064455987572877,False,True,True,0.85,False,False,False,0,True,False,True,False,True,False,True,False,False,0,0,False,0,15,24,24,,,,False,False,False,
56,2026-08-18T21:57:23.485799,shadow,analysis_full,silero,webrtc,False,0.023939022794365883,True,True,True,1,False,True,False,0,0.0,,,,,,,,,,,,,1.8155024728173998,0.9017074363021617,0.09225076873025305,0.006041794967034375,,,,,,,,,,,,,,False,False,temporal_v1,False,0.004054013565946972,0.10647181628392484,1.3998083379570856,0.9363816120647908,98.68843239438804,1210.7016278043313,1.6370520803644126,0.16748149874908047,0.010968893702906629,0.0,0.0,0.07948791095017234,0.0655143890773861,0.02047628687562911,0.018835479864116846,0.675429589889713,144.41855196500066,0.03803980567682436,1.3852046250852352,-0.0008334169473728979,866.6666666666667,0.0011659834090561828,True,0.0005622896715067327,0.07948791095017234,False,True,True,0.85,False,False,False,0,True,True,True,True,True,True,True,False,False,1,0,False,0,15,24,24,,,,False,False,False,
57,2026-08-18T21:57:23.496316,shadow,analysis_full,silero,webrtc,False,0.07456689327955246,True,True,True,1,False,True,False,0,0.0,,,,,,,,,,,,,1.905146437650232,0.8384018229406353,0.1479873933548929,0.013610783703946824,,,,,,,,,,,,,,False,False,temporal_v1,False,0.004170699602876083,0.10438413361169102,2.1310176239231984,0.9277743297552005,98.89537079506252,1265.1556573576975,1.5972782462948119,0.2819376552672178,0.02593053608720212,0.0,0.0,0.08046588269791038,0.06551920895315907,0.021682862365336862,0.019527367284296628,0.7459703175767635,159.98646831974503,0.011619424901916175,1.2864478694547763,-0.0007766507922207572,1033.3333333333335,0.0026237078799094746,True,0.0005622896715067327,0.08046588269791038,False,True,True,0.85,True,False,False,0,True,True,True,True,True,True,True,True,False,2,0,False,0,15,24,24,,,,False,False,False,
58,2026-08-18T21:57:23.506618,shadow,analysis_full,silero,webrtc,False,0.17634327709674835,True,True,True,1,False,True,False,0,0.0,,,,,,,,,,,,,1.047284085208439,0.8657488331312646,0.12576981974833676,0.008481347119443605,,,,,,,,,,,,,,False,False,temporal_v1,False,0.003189676573541931,0.08977035490605428,2.3436632439336402,0.9544736866484376,96.6892816705986,1325.983136455933,0.9066849747261501,0.13171673062196715,0.008882379859321726,0.0,0.0,0.08560390250744705,0.06845840408734578,0.02355607531092221,0.022539239375809234,0.7852865803660054,158.3749030638421,0.021785538521539277,0.7812026534731048,-0.00046993819862238404,833.3333333333334,0.009576085880812647,True,0.0006128601671662182,0.08560390250744705,False,True,True,0.85,False,False,False,0,True,True,True,True,True,True,True,True,False,3,0,False,0,15,24,24,,,,False,False,False,
59,2026-08-18T21:57:23.518279,shadow,analysis_full,silero,webrtc,False,0.3312491178512573,True,True,True,1,False,True,False,0,0.0,,,,,,,,,,,,,1.5600182650456722,0.9221172778101636,0.06946003767607412,0.008422684513121245,,,,,,,,,,,,,,False,False,temporal_v1,False,0.003728155203481024,0.081419624217119,1.9317484185709393,0.9633162561708478,98.08437178676628,1062.4878684755868,1.4385197958980496,0.10835892746543617,0.013139541681186457,0.0,0.0,0.09567363857004248,0.07682559630135602,0.02444345200031803,0.025678496868475988,0.849664894644412,185.23177412797986,0.01831965303819967,1.5065205445044305,-0.0008894776914689024,766.6666666666667,0.0006973567833566985,True,0.0007550859882030636,0.09567363857004248,False,True,True,0.85,False,False,False,0,True,True,True,True,True,True,True,True,False,4,0,False,0,15,24,24,,,,False,False,False,
60,2026-08-18T21:57:23.528738,shadow,analysis_full,silero,webrtc,False,0.2856709063053131,True,True,True,1,False,True,False,0,0.0,,,,,,,,,,,,,2.66201575897236,0.8776435201058751,0.1075981104548118,0.0147583694389375,,,,,,,,,,,,,,False,False,temporal_v1,False,0.004852136947762947,0.09812108559498957,2.2957754989416985,0.9422677781781069,100.27636865563098,1330.0231966319066,2.3363008812818147,0.28642786566635764,0.03928701202318769,0.0,0.0,0.09880661196468928,0.07910105548833159,0.021541255461806713,0.02642382852993192,0.8567580657782145,164.97625074433057,0.031053355586814317,0.8455258308423654,-0.0005157712685544904,966.6666666666667,0.009768280879919483,True,0.012392064410960302,0.09880661196468928,True,True,True,0.85,False,False,False,0,True,True,True,True,True,True,True,True,False,5,0,False,0,15,24,24,,,,False,False,False,
61,2026-08-18T21:57:23.539844,shadow,analysis_full,silero,webrtc,False,0.30791014432907104,True,True,True,1,False,True,False,0,0.0,,,,,,,,,,,,,5.674066889214117,0.8904963587677444,0.08804982048311055,0.021453820748968924,,,,,,,,,,,,,,False,False,temporal_v1,False,0.00707045758174308,0.08977035490605428,1.6871769955186848,0.9396774223835594,103.53513807117551,1341.1433257454003,5.0527359042497935,0.4996005710044646,0.12173041395885938,0.0,0.0,0.09797767999023942,0.08110573855734285,0.01779118687807329,0.027661598455201476,0.8702883490424373,140.43103012218444,0.030876720534843537,1.1314101379576573,-0.0006797998297298128,833.3333333333334,0.004512047264707657,True,0.04925295803695917,0.09797767999023942,True,True,True,0.85,False,False,False,0,True,True,True,True,True,True,True,True,False,6,0,False,0,15,24,24,,,,False,False,False,
62,2026-08-18T21:57:23.549566,shadow,analysis_full,silero,webrtc,False,0.2861539125442505,True,True,True,1,False,True,False,0,0.0,,,,,,,,,,,,,4.342395504719442,0.8771398495473716,0.10213191622489563,0.020728234227502466,,,,,,,,,,,,,,False,True,temporal_v1,False,0.0061544381226296034,0.10020876826722339,2.652681652926671,0.9400783641086221,102.33242589185713,1285.8462898814116,3.808888139684794,0.44349717390336946,0.09001019113027839,0.0,0.0,0.09115158456280015,0.0757265725047508,0.01662017133059122,0.02399382332554319,0.7951752606088143,131.34973051776143,0.0180039238423067,0.8694496937977432,-0.000529086913349809,900.0000000000001,0.006744613448180745,True,0.1254550851881504,0.09115158456280015,True,True,True,0.85,False,False,False,0,True,True,True,True,True,True,True,True,False,7,0,False,0,15,24,24,,,,False,False,False,
63,2026-08-18T21:57:23.560229,shadow,analysis_full,silero,webrtc,False,0.20773819088935852,True,True,True,1,True,True,False,1,0.0,,,,,,,,,,,,,4.096475319150803,0.8225684605254708,0.16583806382635038,0.011593475647934648,,,,,,,,,,,,,,False,False,temporal_v1,False,0.0059790633489507725,0.0918580375782881,2.3521932856096566,0.9426941764397312,102.09328154969214,1175.5054209299742,3.369631396854463,0.6793515354404,0.04749238685494015,0.0,0.0,0.08551455593531454,0.0708355633392987,0.01631925722645712,0.02431859095344925,0.7122430212095013,126.52268891613961,0.0052866925903632175,0.8349429654712672,-0.0005150743360396063,1133.3333333333335,0.0033090962020108933,True,0.19204073399305344,0.08551455593531454,True,True,True,0.85,True,True,True,1,True,True,True,True,True,True,True,True,False,8,0,True,1,15,24,24,,,,False,False,False,
64,2026-08-18T21:57:23.567996,shadow,analysis_full,silero,webrtc,False,0.20773819088935852,True,True,True,1,False,True,False,0,0.0,,,,,,,,,,,,,3.284615044851305,0.8603705125261233,0.13124230136876394,0.008387186104808382,,,,,,,,,,,,,,False,False,temporal_v1,False,0.0053461942157412784,0.09603340292275574,2.1159150317193234,0.9516875613467696,101.16284998564082,1242.1932528666985,2.8259859295897325,0.431080437596751,0.027548677663821425,0.0,0.0,0.02801336536819666,0.027971119114624597,0.00501880908806775,0.013505548216814916,0.5199612754221465,80.81425166736554,0.0049182632683767045,0.8078309104773932,-0.0004902406288245691,933.3333333333334,0.00453428710509625,True,0.20773819088935852,0.02801336536819666,True,True,False,0.85,False,False,False,0,True,True,True,True,True,True,True,True,False,9,0,False,0,15,24,24,,,,False,False,False,
65,2026-08-18T21:57:23.576079,shadow,analysis_full,silero,webrtc,False,0.14718763530254364,True,True,True,1,False,True,False,0,0.0,,,,,,,,,,,,,2.871149292650018,0.8553864343102507,0.13745147539580288,0.0071620902935980784,,,,,,,,,,,,,,False,False,temporal_v1,False,0.00501924916125977,0.08768267223382047,2.222657969279229,0.952763063731437,100.61848396711261,1291.5494869994425,2.4559421558122976,0.3946437063563608,0.020563430480359683,0.0,0.0,0.02794676082586136,0.028395490117698777,0.005225135987652552,0.007472037648506587,0.3420905069858491,81.2079084859415,0.01027232723472182,0.7731019753170304,-0.0004756409030546522,900.0000000000001,0.009109325114151223,True,0.20773819088935852,0.02794676082586136,True,True,False,0.85,False,False,False,0,True,True,True,True,True,True,True,True,True,0,0,False,0,15,24,15,,,,False,False,False,
66,2026-08-18T21:57:23.586138,shadow,analysis_full,silero,webrtc,False,0.08100826293230057,True,True,True,1,False,True,False,0,0.0,,,,,,,,,,,,,3.5837713036449625,0.8346654141960983,0.1594667465905986,0.005867839213023982,,,,,,,,,,,,,,False,False,temporal_v1,False,0.005594854248902395,0.08768267223382047,1.9425777626591734,0.9515902463492178,101.55721896998821,1201.146493679471,2.9912499595409137,0.5714923503170104,0.021028993786037987,0.0,0.0,0.027855338228530403,0.029718660416150233,0.005245406394689403,0.006548804651924058,0.2570825364636939,81.75504502647495,0.005819432173050364,1.3533272239036687,-0.0008120565205107859,1066.6666666666667,0.0021817157484370093,True,0.20773819088935852,0.027855338228530403,True,True,False,0.85,True,False,False,0,True,True,True,True,True,True,True,True,True,0,0,False,0,15,24,15,,,,False,False,False,
67,2026-08-18T21:57:23.594735,shadow,analysis_full,silero,webrtc,False,0.057933662086725235,True,True,True,1,False,True,False,0,0.0,,,,,,,,,,,,,2.0104614365722036,0.8210052647880111,0.1735017121689401,0.005493023042551303,,,,,,,,,,,,,,False,False,temporal_v1,False,0.004201407501923111,0.09394572025052192,2.2971199374510096,0.9517207443615373,99.06960156455631,1346.5729924707455,1.6505994240790471,0.34881850149490423,0.011043510997251909,0.0,0.0,0.02989649819221556,0.032661063252111946,0.0055592760729652295,0.005318471483447597,0.25954038902147664,86.56219498466136,0.008328933342084868,0.7046290461473507,-0.00043226561925759397,1100.0,0.010092565500857253,True,0.20773819088935852,0.02989649819221556,True,True,False,0.85,True,False,False,0,True,True,True,True,True,True,True,False,True,0,0,False,0,15,24,15,,,,False,False,False,
68,2026-08-18T21:57:23.603919,shadow,analysis_full,silero,webrtc,False,0.04545452073216438,True,True,True,1,False,True,False,0,0.0,,,,,,,,,,,,,1.7421843938833241,0.9393804736745917,0.05574806778981154,0.004871458535022665,,,,,,,,,,,,,,False,False,temporal_v1,False,0.003914133091957526,0.08350730688935282,1.881096726322461,0.9609697128910251,98.4964882150424,1122.419644270877,1.6365740011545984,0.09712341369255928,0.008486979035166207,0.0,0.0,0.037768179473745084,0.0388838902670651,0.0058366346263986095,0.005845511482254697,0.2680695945134208,92.44496318171093,0.006652767665251482,0.8434157461751864,-0.000519826993773603,866.6666666666667,0.003146826006880382,True,0.20773819088935852,0.037768179473745084,True,True,False,0.85,False,False,False,0,True,True,True,True,True,True,True,False,True,0,0,False,0,15,24,15,,,,False,False,False,
69,2026-08-18T21:57:23.618715,shadow,analysis_full,silero,webrtc,False,0.05858755111694336,True,True,True,1,False,True,False,0,0.0,,,,,,,,,,,,,2.2621539740154666,0.972908325598314,0.02581831029876958,0.0012733641024743377,,,,,,,,,,,,,,False,False,temporal_v1,False,0.004447254451234053,0.08350730688935282,1.2375028211985692,0.9676848712975252,99.63558828086991,908.245269037234,2.2008684351049594,0.058404993244726054,0.0028805456647809607,0.0,0.0,0.04676797572814513,0.04600216326069642,0.006493938878521582,0.005527433108506776,0.37929198640171846,127.12119197324895,0.012040081708344405,1.293201484923321,-0.0007899431816719392,866.6666666666667,0.00042712501407208935,True,0.17746291309595108,0.04676797572814513,True,True,False,0.85,False,False,False,0,True,True,True,True,True,True,True,False,True,0,0,False,0,15,24,15,,,,False,False,False,
70,2026-08-18T21:57:23.625763,shadow,analysis_full,silero,webrtc,False,0.06576653569936752,True,True,True,1,False,True,False,0,0.0,,,,,,,,,,,,,2.8368781533059435,0.9890673103191314,0.010408511037693979,0.0005241786428221688,,,,,,,,,,,,,,False,False,temporal_v1,False,0.004983010420510832,0.05845511482254697,1.0534320122822507,0.9724753130978031,100.6451231497873,887.5355126072926,2.805863444793414,0.029527677571277822,0.00148703094025177,0.0,0.0,0.057965856738357274,0.05571418402482551,0.006878397666812206,0.010839878902502856,0.4757011799668792,156.33201096160536,0.005353430933406557,0.7955322628499477,-0.0005039562422419454,866.6666666666667,0.0007068330647364005,True,0.1140979491174221,0.057965856738357274,True,True,True,0.85,False,False,False,0,True,True,True,True,True,True,True,False,True,0,0,False,0,15,24,15,,,,False,False,False,
71,2026-08-18T21:57:23.634737,shadow,analysis_full,silero,webrtc,False,0.08375384658575058,True,True,True,1,False,True,False,0,0.0,,,,,,,,,,,,,1.693755718475888,0.9849110655006701,0.014528369012670682,0.0005605654860686497,,,,,,,,,,,,,,False,False,temporal_v1,False,0.003846429755476278,0.054279749478079335,0.6763696389578923,0.9808676732743081,98.43355994804982,942.2727254665219,1.66819874938194,0.02460750809533886,0.0009494609976089912,0.0,0.0,0.06512737025510044,0.06196202497422569,0.00578397119713793,0.014597366268403623,0.608452757338998,160.99888641281572,0.020850215142654213,0.9128039712505159,-0.0005673950895195211,433.33333333333337,0.0010942264305039105,True,0.08238105475902557,0.06512737025510044,True,True,True,0.85,False,False,False,0,True,True,True,True,True,True,True,False,True,0,0,False,0,15,24,15,,,,False,False,False,
72,2026-08-18T21:57:23.645180,shadow,analysis_full,silero,webrtc,False,0.08694770932197571,True,True,True,1,False,True,False,0,0.0,,,,,,,,,,,,,0.917755023320635,0.9821377766160344,0.017017152638257965,0.0008450707446179781,,,,,,,,,,,,,,False,False,temporal_v1,False,0.002838910785091166,0.06263048016701461,1.082036332073945,0.9714662101282654,95.75362907090405,1028.3953528839343,0.9013618780823253,0.015617577316375244,0.0007755679209344589,0.0,0.0,0.06959298238507576,0.06644082801855651,0.0036104888392541217,0.014704460670513848,0.5813279744224444,156.18323390787592,0.018880634314674773,0.8158291088936324,-0.0005051604114943719,866.6666666666667,0.001977481101866517,True,0.08238105475902557,0.06959298238507576,True,True,True,0.85,False,False,False,0,True,True,True,True,True,True,True,False,True,0,0,False,0,15,24,15,,,,False,False,False,
73,2026-08-18T21:57:23.655064,shadow,analysis_full,silero,webrtc,False,0.073218934237957,True,True,True,1,False,True,False,0,0.0,,,,,,,,,,,,,0.30701481039558487,0.945611034693914,0.05174274082404423,0.002646224478784482,,,,,,,,,,,,,,False,False,temporal_v1,False,0.0016490986886484496,0.060542797494780795,1.8223463429392517,0.9664278133643728,91.01201416627511,1073.7967992057536,0.29031659252452485,0.01588578776344183,0.0008124301066181731,0.0,0.0,0.06439488394006335,0.06192686732257448,0.002798111081181234,0.015164108390258769,0.5409455356041606,155.19331786370225,0.017399017799921538,1.2218508184694357,-0.000737856959236898,900.0000000000001,0.0024237371494708,True,0.07711359858512878,0.06439488394006335,True,True,True,0.85,False,False,False,0,True,True,True,True,True,True,True,False,True,0,0,False,0,15,24,15,,,,False,False,False,
74,2026-08-18T21:57:23.667010,shadow,analysis_full,silero,webrtc,False,0.10743681341409683,True,True,True,1,False,True,False,0,0.0,,,,,,,,,,,,,0.11840310956365166,0.9816877246216357,0.015787916832418793,0.0025243585374997357,,,,,,,,,,,,,,False,False,temporal_v1,False,0.0010679634346036266,0.06263048016701461,1.8480423213120671,0.9749765995098099,87.2742796326209,961.1539308101002,0.11623487921566743,0.0018693384464907024,0.00029889190049352065,0.0,0.0,0.0637166476289604,0.061628729179330474,0.002345405943093709,0.01421465096496802,0.522698566715453,153.13098086415368,0.006624173823493742,1.327203640973669,-0.000806408825293565,866.6666666666667,0.0014586535798689923,True,0.07711359858512878,0.0637166476289604,True,True,True,0.85,False,False,False,0,True,True,True,True,True,True,True,False,True,0,0,False,0,15,24,15,,,,False,False,False,
75,2026-08-18T21:57:23.676884,shadow,analysis_full,silero,webrtc,False,0.10742565244436264,True,True,True,1,False,True,False,0,0.0,,,,,,,,,,,,,0.0895528689722342,0.9774710207113637,0.01747008261946302,0.005058896658006614,,,,,,,,,,,,,,False,False,temporal_v1,False,0.0009460128211047699,0.06680584551148225,1.8848527539014666,0.9672990110021591,86.18565185359516,1293.1107776734582,0.08753533424192078,0.001564496019754878,0.0004530387095585398,0.0,0.0,0.05968993412742516,0.05816062867090043,0.0020549153252776508,0.013491018305973705,0.49177570674810783,153.3509939190743,0.0087152474437681,0.7183875886786623,-0.00044101787530663217,866.6666666666667,0.010176406999319952,True,0.07711359858512878,0.05968993412742516,True,True,True,0.85,False,False,False,0,True,True,True,True,True,True,True,False,True,0,0,False,0,15,24,15,,,,False,False,False,
76,2026-08-18T21:57:23.688285,shadow,analysis_full,silero,webrtc,False,0.10562635958194733,True,True,True,1,False,True,False,0,0.0,,,,,,,,,,,,,0.033921853647393,0.952466474325497,0.04407622718762135,0.00345729845740219,,,,,,,,,,,,,,False,False,temporal_v1,False,0.000579182603421602,0.0709812108559499,2.1279469430159637,0.9743792927781753,81.9475972751598,1073.575294849433,0.03230942834611791,0.001495147327987736,0.00011727797228735468,0.0,0.0,0.047562177628552756,0.046373175519430675,0.0018294480930650284,0.01235795289098016,0.5085810728327821,147.64846596116064,0.012873425940239476,0.8678427251430434,-0.0005309373492672799,700.0,0.004891952997526759,True,0.07848639041185379,0.047562177628552756,True,True,False,0.85,False,False,False,0,True,True,True,True,True,True,True,False,True,0,0,False,0,15,24,15,,,,False,False,False,
77,2026-08-18T21:57:23.699890,shadow,analysis_full,silero,webrtc,False,0.09396995604038239,True,True,True,1,False,True,False,0,0.0,,,,,,,,,,,,,0.014112300840040552,0.9435439587470364,0.04346937574764035,0.012986665434462969,,,,,,,,,,,,,,False,False,temporal_v1,False,0.00037311936878295056,0.07933194154488518,2.4544913394648153,0.9544371898441895,78.02017531265398,1316.4264369130005,0.013315576201640991,0.0006134529078794633,0.00018327172952009737,0.0,0.0,0.01838171234977758,0.016376653452306437,0.003542407502859789,0.010057778263420379,0.5320769637411288,142.04358755738247,0.0111174618033639,1.0025385060280183,-0.0006041833645165885,866.6666666666667,0.00984192745713862,True,0.08535077795386314,0.01838171234977758,True,True,False,0.85,False,False,False,0,True,True,True,True,True,False,True,False,True,0,0,False,0,15,24,15,,,,False,False,False,
78,2026-08-18T21:57:23.709759,shadow,analysis_full,silero,webrtc,False,0.0998464822769165,True,True,True,1,False,True,False,0,0.0,,,,,,,,,,,,,0.006382076989671445,0.8316633959211714,0.14184962188414615,0.026486982037993555,,,,,,,,,,,,,,False,True,temporal_v1,False,0.00026652186699874095,0.08559498956158663,3.2544520571822684,0.9468155817027497,75.03238101333682,1281.516759770891,0.005307739822260521,0.0009052952078204043,0.00016904195859051955,0.0,0.0,0.04444567520145595,0.03722325437248622,0.007786995185009856,0.010388188145824408,0.7267692119464699,156.2643648526419,0.013318727893419832,1.3666753410971404,-0.0008276902427102675,900.0000000000001,0.009766448474859753,True,0.09045883268117905,0.04444567520145595,True,True,False,0.85,True,False,False,0,True,True,True,True,True,False,True,False,True,0,0,False,0,15,24,15,,,,False,False,False,
79,2026-08-18T21:57:23.721615,shadow,analysis_full,silero,webrtc,False,0.09267978370189667,True,True,True,1,True,True,False,1,0.0,,,,,,,,,,,,,0.0029169971434350314,0.7802516682812985,0.18638301721457415,0.03336531416130901,,,,,,,,,,,,,,False,True,temporal_v1,False,0.00018730734379539745,0.10438413361169102,3.179639807884042,0.9416640032153217,71.88149554814092,1322.8496822076952,0.0022759918875369656,0.000543678728799715,9.732652609835078e-05,0.0,0.0,0.0683378911414225,0.05751269393225694,0.011194832515660365,0.014487976261292253,0.8190662701590516,161.02454247846882,0.007438989698985439,1.6515543132210337,-0.0010053714015246307,1100.0,0.004953409321030892,True,0.09332486987113953,0.0683378911414225,True,True,True,0.85,True,True,True,1,True,True,True,True,True,False,True,False,True,0,0,True,1,15,24,15,,,,False,False,False,
80,2026-08-18T21:57:23.727968,shadow,analysis_full,silero,webrtc,False,0.09267978370189667,True,True,True,1,True,True,False,1,0.0,,,,,,,,,,,,,0.007601022293938076,0.8440280991166219,0.12380379863056593,0.03216810212125091,,,,,,,,,,,,,,False,True,temporal_v1,False,0.0002692663988207773,0.060542797494780795,3.079318233474041,0.9416821508803832,75.09882921050993,1397.2291381040127,0.006415476398095619,0.0009410354334651518,0.0002445104613773049,0.0,0.0,0.07106006478274941,0.058908081531809015,0.012758545495518466,0.014326128153902096,0.825648734574455,160.6551431651187,0.004671532016708409,1.4284099381280104,-0.0008626265884426944,966.6666666666667,0.011020270406956915,True,0.09332486987113953,0.07106006478274941,True,True,True,0.85,True,True,True,2,True,True,True,True,True,False,True,False,True,0,0,True,2,15,24,15,,,,False,False,False,
81,2026-08-18T21:57:23.737375,shadow,analysis_full,silero,webrtc,False,0.07167607545852661,True,True,True,1,True,True,False,1,0.0,,,,,,,,,,,,,0.005046893786720843,0.7808405107057564,0.1879316488543263,0.031227840241775502,,,,,,,,,,,,,,False,True,temporal_v1,False,0.0002160301510308333,0.07306889352818371,3.374122699279981,0.9316648567410154,73.1059554380459,1458.3844385895795,0.003940819121900812,0.0009484710709311028,0.0001576035928889279,0.0,0.0,0.07902721552547329,0.06636793062411861,0.013311632849996233,0.013230045526308859,0.7392491275668566,162.40935112447343,0.003021911400608718,1.2523223751926558,-0.00075062300062094,1200.0,0.01837799433856438,True,0.09332486987113953,0.07902721552547329,True,True,True,0.85,True,True,True,3,True,True,True,True,True,False,True,False,True,0,0,True,3,15,24,15,,,,False,False,False,
82,2026-08-18T21:57:23.746380,shadow,analysis_full,silero,webrtc,False,0.050305578857660294,True,True,False,1,True,True,False,1,0.0,,,,,,,,,,,,,0.004516712926757087,0.7780751980785615,0.17927223227815647,0.04265256942188197,,,,,,,,,,,,,,False,True,temporal_v1,False,0.00020544649295276004,0.06889352818371608,3.584371196424102,0.9238053634393374,72.6229063820491,1451.4053723982126,0.0035143423051505196,0.0008097212089393485,0.00019264941166721833,0.0,0.0,0.08198290783948947,0.06807654387097319,0.0146802601006507,0.012884571293703108,0.667139951744549,161.91529015211802,0.0017230206029141427,1.49731409702198,-0.0008987117971393308,1266.6666666666667,0.01118637123372446,True,0.09332486987113953,0.08198290783948947,True,True,True,0.85,True,True,True,4,True,False,True,False,True,False,True,False,True,0,1,True,4,15,24,15,,,,False,False,False,
83,2026-08-18T21:57:23.756085,shadow,analysis_full,silero,webrtc,False,0.032838840037584305,True,True,False,1,True,True,False,1,0.0,,,,,,,,,,,,,0.0038957062472296895,0.7159157667883649,0.22044716364082365,0.06363706931411858,,,,,,,,,,,,,,False,True,temporal_v1,False,0.00019261499862451744,0.081419624217119,3.83626114651664,0.9034168834056877,71.95130683719448,1557.14695927715,0.0027889975251676664,0.0008587973925796224,0.00024791132848240053,0.0,0.0,0.09234351772403945,0.07480235389290318,0.018645999245507867,0.012331473424319297,0.6872582014898199,170.1707253003945,0.002102176573473998,1.2753606115616394,-0.0007615906882792458,1533.3333333333335,0.02334939941555287,True,0.09332486987113953,0.09234351772403945,True,True,True,0.85,True,True,True,5,True,False,True,False,True,False,True,False,True,0,2,True,5,15,24,15,,,,False,False,False,
84,2026-08-18T21:57:23.766875,shadow,analysis_full,silero,webrtc,False,0.02144707180559635,True,True,False,1,True,True,False,1,0.0,,,,,,,,,,,,,0.0037387571207106937,0.7172006599604134,0.23766279198712073,0.04513654778499727,,,,,,,,,,,,,,False,True,temporal_v1,False,0.00019030937666447145,0.08559498956158663,3.7797094313320443,0.9128579060077716,71.88898700869984,1502.355982053269,0.0026814390744054045,0.000888563455869832,0.00016875458943545703,0.0,0.0,0.09116914248289494,0.07467841516683044,0.01779071610857851,0.01187596046206922,0.645200233420784,131.98965450501973,0.0016719538608197786,1.3649816880606604,-0.0008156488180816945,1433.3333333333335,0.01708175519799193,True,0.09267978370189667,0.09116914248289494,True,True,True,0.85,True,True,True,6,True,False,True,False,True,False,True,False,True,0,3,True,6,15,24,15,,,,False,False,False,
85,2026-08-18T21:57:23.776146,shadow,analysis_full,silero,webrtc,False,0.01834801211953163,True,True,False,1,True,True,False,1,0.0,,,,,,,,,,,,,0.007088928672292506,0.7498257617850602,0.19920154533309,0.05097269274078476,,,,,,,,,,,,,,False,True,temporal_v1,False,0.0002695352063741977,0.08559498956158663,3.60181364746557,0.9191465901355192,75.00328735520921,1501.5483186571378,0.005315461341941684,0.0014121255462767172,0.0003613417830741052,0.0,0.0,0.07974522001042315,0.0644966656159612,0.016754660247091355,0.01148984376268644,0.528774498157143,135.34351333881034,0.00223336219833367,1.4517039915223182,-0.0008706192505287525,1333.3333333333335,0.013813400385722388,True,0.08217792958021164,0.07974522001042315,True,True,True,0.85,True,True,True,7,True,False,True,False,True,False,True,False,True,0,4,True,7,15,24,15,,,,False,False,False,
86,2026-08-18T21:57:23.789496,shadow,analysis_full,silero,webrtc,False,0.01233651302754879,True,True,False,1,True,True,False,1,0.0,,,,,,,,,,,,,0.005331484866263959,0.7172348128741228,0.22429008206779258,0.05847510487051952,,,,,,,,,,,,,,False,True,temporal_v1,False,0.00022653061235215907,0.14613778705636743,3.8959005457990656,0.9023848956666217,73.3884162207649,1545.9925598112884,0.0038239265503960487,0.0011957991781975374,0.0003117591366703727,0.0,0.0,0.06788014790985798,0.05508122849474396,0.01465488073236185,0.02262127246065046,0.41499603751962993,94.13760926616229,0.002591632585156255,1.3766376101431645,-0.0008158079693642627,1433.3333333333335,0.018944391014652055,True,0.06099082715809345,0.06788014790985798,True,True,True,0.85,True,True,True,8,True,False,True,False,True,False,True,False,True,0,5,True,8,15,24,15,,,,False,False,False,
87,2026-08-18T21:57:23.800305,shadow,analysis_full,silero,webrtc,False,0.008860292844474316,True,True,False,1,False,True,False,0,0.0,,,,,,,,,,,,,0.006725577835449079,0.7395228265061157,0.19961486915060567,0.06086230419459254,,,,,,,,,,,,,,False,True,temporal_v1,False,0.00025339552645466004,0.21294363256784968,3.878829399052696,0.9045503986772618,74.38954556694074,1521.4095011329473,0.004973718330758186,0.0013425253395853815,0.0004093341641055111,0.0,0.0,0.043814110095636544,0.03374094864253882,0.012851637528330243,0.04372636281197675,0.2903819318199393,88.56910764444304,0.0008228755639736095,1.4702884603103796,-0.0008736907257232863,1433.3333333333335,0.015037241469094778,True,0.0415722094476223,0.043814110095636544,True,True,False,0.85,True,False,False,0,True,False,True,False,True,False,True,False,True,0,6,False,0,15,24,15,,,,False,False,False,
88,2026-08-18T21:57:23.808387,shadow,analysis_full,silero,webrtc,False,0.0071179973892867565,True,True,False,1,False,True,False,0,0.0,,,,,,,,,,,,,0.006098334055248478,0.7406786704935263,0.20604054171410763,0.05328078762838684,,,,,,,,,,,,,,False,True,temporal_v1,False,0.00023880475333349927,0.19206680584551147,3.8236512513241374,0.9070785025640968,73.87788199497994,1515.3927069447425,0.004516905960266837,0.0012565040522969871,0.00032492404168465327,0.0,0.0,0.03820917891778155,0.029841991705058517,0.011543705651886454,0.05115291188960397,0.28326753119442205,68.55743067341767,0.0005130830078725571,1.5414016115580722,-0.000917941622461044,1500.0,0.012287288233036365,True,0.027142955921590328,0.03820917891778155,True,True,False,0.85,True,False,False,0,True,False,True,False,True,False,True,False,True,0,7,False,0,15,24,15,,,,False,False,False,
89,2026-08-18T21:57:23.817107,shadow,analysis_full,silero,webrtc,False,0.027728278189897537,True,True,True,1,True,True,False,1,0.0,,,,,,,,,,,,,0.5212838696774382,0.3336941650997936,0.6570188327701445,0.00928700212814363,,,,,,,,,,,,,,False,True,temporal_v1,False,0.0021353658050006366,0.12943632567849686,2.9954447910464794,0.9007769595920126,92.95206429108572,1377.1552397929697,0.17394938567200235,0.3424933195973746,0.0048411644070613154,0.0,0.0,0.1314272897769445,0.14098370170165536,0.015873009450538145,0.05137735733558606,0.3144892528225783,57.334643963935086,0.017546566556881055,1.1613265615984978,-0.0006889097293331626,1266.6666666666667,0.00554642648777819,True,0.024587674997746944,0.1314272897769445,True,True,True,0.85,True,True,True,1,True,True,True,True,True,True,True,False,True,0,0,True,1,15,24,15,,,,False,False,False,
90,2026-08-18T21:57:23.823816,shadow,analysis_full,silero,webrtc,False,0.08828943967819214,True,True,True,1,True,True,False,1,0.0,,,,,,,,,,,,,1.2226328860280784,0.3605788460071081,0.6273871733645335,0.012033980627540408,,,,,,,,,,,,,,False,True,temporal_v1,False,0.003275609465059902,0.15031315240083507,2.255766339823479,0.8981997747456725,96.65643077481293,1396.8681495266162,0.4408555551343446,0.7670641904276779,0.014713140465055716,0.0,0.0,0.15972975256082006,0.17504800694411832,0.018416908594762263,0.049120915192442646,0.4931798918538762,57.388598983769,0.015561460972608495,1.1315765591323197,-0.0006773182726815651,1466.6666666666667,0.0040998457262129626,True,0.024587674997746944,0.15972975256082006,True,True,True,0.85,True,True,True,2,True,True,True,True,True,True,True,False,True,0,0,True,2,15,24,15,,,,False,False,False,
91,2026-08-18T21:57:23.834195,shadow,analysis_full,silero,webrtc,False,0.08398368209600449,True,True,True,1,True,True,False,1,0.0,,,,,,,,,,,,,1.4115372859841653,0.607295093295044,0.384116590157119,0.008588316547128556,,,,,,,,,,,,,,False,True,temporal_v1,False,0.003523993708411352,0.12317327766179541,2.5909099591440223,0.9095354202355204,97.34552273038304,1530.0826534878186,0.8572196677811869,0.5421948891718718,0.012122729030106739,0.0,0.0,0.15539131342720847,0.17305610625143006,0.020916809636239417,0.04629245088112884,0.5644088817611952,58.36511437432676,0.012735155317477079,0.7361444622356205,-0.0004446964468842988,1466.6666666666667,0.013937634300548321,True,0.024587674997746944,0.15539131342720847,True,True,True,0.85,True,True,True,3,True,True,True,True,True,True,True,False,True,0,0,True,3,15,24,15,,,,False,False,False,
92,2026-08-18T21:57:23.843821,shadow,analysis_full,silero,webrtc,False,0.07597842067480087,True,True,True,1,True,True,False,1,0.0,,,,,,,,,,,,,0.7490723681507058,0.7893582633268176,0.20749950595885827,0.003142230712989302,,,,,,,,,,,,,,False,True,temporal_v1,False,0.0025903537878010532,0.10855949895615867,2.544853960383215,0.9385620727676275,94.80838323345702,1187.7607238548007,0.5912864636295476,0.15543214631870345,0.002353758201454777,0.0,0.0,0.15638400066842228,0.17106232775194044,0.023684193358409163,0.04265212849944522,0.6184857019105576,108.13841552160031,0.013212792581251876,0.922007445968537,-0.0005547507701988796,1200.0,0.004925826335788216,True,0.024587674997746944,0.15638400066842228,True,True,True,0.85,True,True,True,4,True,True,True,True,True,True,True,False,True,0,0,True,4,15,24,15,,,,False,False,False,
93,2026-08-18T21:57:23.867433,shadow,analysis_full,silero,webrtc,False,0.1399410218000412,True,True,True,1,True,True,False,1,0.0,,,,,,,,,,,,,0.21858581516158043,0.44098595702170096,0.5523078556056983,0.0067061873680259055,,,,,,,,,,,,,,False,True,temporal_v1,False,0.0014863699286339074,0.11691022964509394,2.9347380314962432,0.9187278320983138,89.8897558470005,1256.379169859583,0.09639327489039817,0.12072666283771602,0.0014658774324662362,0.0,0.0,0.16576039000097165,0.18113626509718478,0.023326563021998342,0.03971044644248695,0.6021991943334665,119.19110924219737,0.011700206038621838,1.0529864906378628,-0.0006324449195152625,1433.3333333333335,0.006822326756571876,True,0.024587674997746944,0.16576039000097165,True,True,True,0.85,True,True,True,5,True,True,True,True,True,True,True,False,True,0,0,True,5,15,24,15,,,,False,False,False,
94,2026-08-18T21:57:23.883796,shadow,analysis_full,silero,webrtc,False,0.16408555209636688,True,True,True,1,True,True,False,1,0.0,,,,,,,,,,,,,0.15933689876472548,0.5844886712266743,0.3982744294063951,0.01723689936065439,,,,,,,,,,,,,,False,True,temporal_v1,False,0.0013188156188855714,0.11064718162839249,3.2003168937859767,0.9254955088070841,88.88221629318976,1407.7053125869827,0.09313061223637352,0.06345981243890558,0.0027464740884463497,0.0,0.0,0.16270239494741257,0.1775924404569382,0.02311833603680324,0.037222275545958035,0.5737383698255957,117.08651027108468,0.006157460670579276,0.9557237849553903,-0.0005664925938438817,1433.3333333333335,0.017692267626707957,True,0.051853349432349205,0.16270239494741257,True,True,True,0.85,True,True,True,6,True,True,True,True,True,True,True,False,True,0,0,True,6,15,24,15,,,,False,False,False,
95,2026-08-18T21:57:23.898925,shadow,analysis_full,silero,webrtc,False,0.15259769558906555,True,True,True,1,True,True,False,1,0.0,,,,,,,,,,,,,0.05799551878733443,0.6714174610876076,0.32230083028439804,0.006281708610751647,,,,,,,,,,,,,,False,True,temporal_v1,False,0.0007404668679478331,0.13569937369519833,2.6780086416298694,0.9232812251132362,83.85280365252208,1299.5994159842955,0.03893920397865073,0.018692003857932293,0.0003643109497514076,0.0,0.0,0.1574029683640823,0.1697256309251574,0.022569933857742946,0.033023022317221734,0.5714992871091321,119.3682640717102,0.008175886973865596,0.9024019533944808,-0.0005417374791090671,1233.3333333333335,0.0075228950980295705,True,0.07998105138540268,0.1574029683640823,True,True,True,0.85,True,True,True,7,True,True,True,True,True,True,True,False,True,0,0,True,7,15,24,15,,,,False,False,False,
96,2026-08-18T21:57:23.911230,shadow,analysis_full,silero,webrtc,False,0.15259769558906555,True,True,True,1,True,True,False,1,0.0,,,,,,,,,,,,,0.04538122644278207,0.6814435823769203,0.2957782003812483,0.022778217219795883,,,,,,,,,,,,,,False,True,temporal_v1,False,0.0006475934958810165,0.11899791231732777,3.282690498556592,0.9133439757165386,82.63920278676922,1454.3161981021008,0.03092474551982764,0.013422777488339999,0.001033703433614435,0.0,0.0,0.15505236181171198,0.16453174781612492,0.019365540800419124,0.03372754576493426,0.5102653854396726,111.34938929249572,0.011201898978881934,1.031855398980557,-0.0006138994916698902,1466.6666666666667,0.017938993531790147,True,0.08613656088709831,0.15505236181171198,True,True,True,0.85,True,True,True,8,True,True,True,True,True,True,True,False,True,0,0,True,8,15,24,15,,,,False,False,False,
97,2026-08-18T21:57:23.925559,shadow,analysis_full,silero,webrtc,False,0.20906955003738403,True,True,True,1,True,True,False,1,0.0,,,,,,,,,,,,,0.07916717045481166,0.7813133187655026,0.2099633995544064,0.008723281667459495,,,,,,,,,,,,,,False,True,temporal_v1,False,0.0008527056159805041,0.13778705636743216,3.2718703185138573,0.9324677331562805,85.1215129678535,1181.8094347103934,0.06185436468532314,0.016622208241795416,0.0006905975266930994,0.0,0.0,0.15939510459638043,0.16339085490492647,0.01392081643814225,0.023400678528938706,0.43484744572881223,119.03724747956893,0.010106449861008717,1.664605731934909,-0.00101044076561772,1200.0,0.002883775273475615,True,0.11411523073911667,0.15939510459638043,True,True,True,0.85,True,True,True,9,True,True,True,True,True,True,True,False,True,0,0,True,9,15,24,15,,,,False,False,False,
98,2026-08-18T21:57:23.941370,shadow,analysis_full,silero,webrtc,False,0.1924881935119629,True,True,True,1,False,True,False,0,0.0,,,,,,,,,,,,,1.6777826029080876,0.9327105020392586,0.06629830311810539,0.0009911948420398516,,,,,,,,,,,,,,False,False,temporal_v1,False,0.00382291633967525,0.10647181628392484,2.2931593954151905,0.9438226884784059,98.21370399530409,1055.1558243667798,1.5648854538711365,0.11123413957388423,0.0016630094620666929,0.0,0.0,0.1848302091307234,0.1829906840049611,0.006123693274731553,0.013595607645231676,0.36726120905933995,137.8225763304193,0.023719222277735836,1.191913109014115,-0.0007109253177040488,900.0000000000001,0.0011704139627079213,True,0.14626935869455338,0.1848302091307234,True,True,True,0.85,False,False,False,0,True,True,True,True,True,True,True,False,True,0,0,False,0,15,24,15,,,,False,False,False,
99,2026-08-18T21:57:23.964071,shadow,analysis_full,silero,webrtc,False,0.2342296838760376,True,True,True,1,True,True,False,1,0.0,,,,,,,,,,,,,4.957513751602964,0.8360546340566704,0.1601053187149642,0.0038400472281636226,,,,,,,,,,,,,,False,False,temporal_v1,False,0.00657017391969222,0.11064718162839249,2.1053394356892925,0.9337709188670237,102.87099895996977,1446.6271831509687,4.144752345427327,0.7937243192342105,0.019037086940426006,0.0,0.0,0.16815865615912634,0.16550563429805049,0.006362835226546548,0.013979681872887853,0.41502239863990564,142.4691010735655,0.022507082088078154,0.6743444938569652,-0.00040854469283918066,1066.6666666666667,0.010221957037785116,True,0.15259769558906555,0.16815865615912634,True,True,True,0.85,True,True,True,1,True,True,True,True,True,True,True,False,True,0,0,True,1,15,24,15,,,,False,False,False,
100,2026-08-18T21:57:23.983722,shadow,analysis_full,silero,webrtc,False,0.15579967200756073,True,True,True,1,True,True,False,1,0.0,,,,,,,,,,,,,5.53304074341885,0.7911065748421886,0.20453847307505185,0.0043549520825788566,,,,,,,,,,,,,,False,True,temporal_v1,False,0.0069383008200061234,0.1127348643006263,1.505600423356224,0.9335133296929905,103.34329488265963,1348.083165424505,4.377224910988363,1.1317197051209413,0.024096127308545583,0.0,0.0,0.13579366939304158,0.13301048232372453,0.006417367318320837,0.010446760754235328,0.5402833589872504,140.63267067962656,0.02331021029451133,0.8510112484105324,-0.0005152930194931358,1200.0,0.004600777168256467,True,0.15419868379831314,0.13579366939304158,True,True,True,0.85,True,True,True,2,True,True,True,True,True,True,True,False,True,0,0,True,2,15,24,15,,,,False,False,False,
101,2026-08-18T21:57:24.002366,shadow,analysis_full,silero,webrtc,False,0.13788728415966034,True,True,True,1,True,True,False,1,0.0,,,,,,,,,,,,,5.517454354390552,0.8089779611363611,0.189114701477051,0.0019073373864066357,,,,,,,,,,,,,,False,False,temporal_v1,False,0.0069304712355591725,0.10647181628392484,1.6280418835416817,0.9368187885782976,103.34882969700386,1138.2085036090475,4.463498974277806,1.0434317331438245,0.010523646967921187,0.0,0.0,0.13376379981208353,0.13060678288415917,0.006690803533935237,0.010839878902502858,0.6204386263237864,129.91793028347527,0.003474751079182129,0.9560323712675225,-0.0005843152019072618,1200.0,0.0017080980252219906,True,0.15419868379831314,0.13376379981208353,True,True,True,0.85,True,True,True,3,True,True,True,True,True,True,True,False,True,0,0,True,3,15,24,15,,,,False,False,False,
102,2026-08-18T21:57:24.020876,shadow,analysis_full,silero,webrtc,False,0.09391478449106216,True,True,True,1,False,True,False,0,0.0,,,,,,,,,,,,,3.9960107938674296,0.888237385073037,0.10960218902113243,0.0021604259055803352,,,,,,,,,,,,,,False,False,temporal_v1,False,0.00589356709234397,0.10438413361169102,1.4547390108820772,0.9449814238667004,101.97887728335789,1038.2658563155107,3.5494061782684363,0.43797153035994346,0.008633085238049835,0.0,0.0,0.14110718072086323,0.13769791195480782,0.006762262446218655,0.01121145852367228,0.701291790666082,146.88462654922347,0.008307878074856606,1.3162392980705986,-0.0007868828277529434,833.3333333333334,0.0005733154298856181,True,0.15419868379831314,0.14110718072086323,True,True,True,0.85,False,False,False,0,True,True,True,True,True,True,True,False,True,0,0,False,0,15,24,15,,,,False,False,False,
103,2026-08-18T21:57:24.030933,shadow,analysis_full,silero,webrtc,False,0.07041054219007492,True,True,True,1,True,True,False,1,0.0,,,,,,,,,,,,,2.223740886192779,0.6896973885845106,0.30761039270497237,0.002692218710067248,,,,,,,,,,,,,,False,True,temporal_v1,False,0.004399337366083416,0.11064718162839249,2.528669103939787,0.9436258762606896,99.43267621785952,1183.3568396697426,1.533708282095765,0.6840458072758641,0.005986796820149722,0.0,0.0,0.10257440832641528,0.09795600166644812,0.00691476325031787,0.01132170928013048,0.682716206797447,148.81555040791417,0.026023119129357567,0.8367129076304086,-0.0005069753210402255,1066.6666666666667,0.005079342379800599,True,0.15419868379831314,0.10257440832641528,True,True,True,0.85,True,True,True,1,True,True,True,True,True,True,True,False,True,0,0,True,1,15,24,15,,,,False,False,False,
104,2026-08-18T21:57:24.046065,shadow,analysis_full,silero,webrtc,False,0.09677594155073166,True,True,True,1,False,True,False,0,0.0,,,,,,,,,,,,,1.031259629636003,0.945265396380522,0.05337805535796408,0.0013565482605440004,,,,,,,,,,,,,,False,False,temporal_v1,False,0.003003790838002495,0.081419624217119,2.024640962798398,0.9674462300863279,96.22620445340127,972.9748353204982,0.9748140425791068,0.05504663359914411,0.00139895345675197,0.0,0.0,0.0953916993348293,0.09188343951155663,0.006189057882197212,0.015268655117516952,0.6333289408792091,160.95118729536333,0.012647979331156209,1.0449415829907782,-0.0006342373293123124,833.3333333333334,0.0020678877759566982,True,0.15259769558906555,0.0953916993348293,True,True,True,0.85,False,False,False,0,True,True,True,True,True,True,True,False,True,0,0,False,0,15,24,15,,,,False,False,False,
105,2026-08-18T21:57:24.058829,shadow,analysis_full,silero,webrtc,False,0.23300236463546753,True,True,True,1,False,True,False,0,0.0,,,,,,,,,,,,,1.4227747996685247,0.9199436660645793,0.078937219641119,0.0011191142935987148,,,,,,,,,,,,,,False,False,temporal_v1,False,0.0035365451480523597,0.05845511482254697,1.5519165372871875,0.9751137438839239,97.67838787669831,1163.1377607453935,1.30887266519136,0.11230988686128342,0.0015922476148810942,0.0,0.0,0.09020463895107236,0.0861650729096662,0.006317032168870883,0.020301036795228763,0.6519054193313946,158.7012245463197,0.011122006447531235,0.6361608778915857,-0.0004021399924235127,633.3333333333334,0.005841182317103713,True,0.15419868379831314,0.09020463895107236,True,True,True,0.85,False,False,False,0,True,True,True,True,True,True,True,False,True,0,0,False,0,15,24,15,,,,False,False,False,
106,2026-08-18T21:57:24.082138,shadow,analysis_full,silero,webrtc,False,0.46461808681488037,True,True,True,1,False,True,False,0,0.0,,,,,,,,,,,,,1.2309199568306282,0.9312723651215667,0.06741197388926738,0.0013156609883534247,,,,,,,,,,,,,,False,False,temporal_v1,False,0.0032807710620477173,0.06263048016701461,1.8047467607060308,0.973349218772341,97.01886609689852,890.5748562658608,1.1463217394729959,0.08297874398964444,0.0016194733669877392,0.0,0.0,0.08035920882847127,0.07912414414586312,0.0022397565589785963,0.023195836224121195,0.5395313063533448,157.83244849323788,0.004096742104270459,1.6203064712859774,-0.0009711443744694142,833.3333333333334,0.00033447751379285664,True,0.1741439327597618,0.08035920882847127,True,True,True,0.85,False,False,False,0,True,True,True,True,True,True,True,False,True,0,0,False,0,15,24,15,,,,False,False,False,
107,2026-08-18T21:57:24.106402,shadow,analysis_full,silero,webrtc,False,0.4595751166343689,True,True,True,1,True,True,False,1,0.0,,,,,,,,,,,,,0.8858884474321994,0.7589539426213612,0.2364553294616925,0.004590727915817626,,,,,,,,,,,,,,False,True,temporal_v1,False,0.0027899084178534444,0.11899791231732777,2.6388132688867527,0.9410136407219604,95.46442691908318,1228.1024235640743,0.6723485299013842,0.20947304470388797,0.0040668728259273335,0.0,0.0,0.08258781370792209,0.08166765613821873,0.0013022893646127199,0.02060787086305314,0.4102017589197312,159.60641239245075,0.02104529465341281,0.848636626798295,-0.0005023858589602025,1066.6666666666667,0.005626179486472493,True,0.1741439327597618,0.08258781370792209,True,True,True,0.85,True,True,True,1,True,True,True,True,True,True,True,False,True,0,0,True,1,15,24,15,,,,False,False,False,
108,2026-08-18T21:57:24.115375,shadow,analysis_full,silero,webrtc,True,0.5169616341590881,True,True,True,1,False,True,False,0,0.0,,,,,,,,,,,,,0.5345249907366364,0.880151173540533,0.11566773856106666,0.004181087896529801,,,,,,,,,,,,,,False,False,temporal_v1,False,0.002173914419662051,0.06889352818371608,2.329092288099689,0.963915427424799,93.40133522720132,1248.0704942594605,0.470462797883593,0.061827296882881834,0.0022348959691616543,0.0,0.0,0.07875444238545255,0.07803024347932944,0.001300775693472919,0.02197131042492337,0.41330642180252536,159.0638400529139,0.016302936916809153,0.800386709007057,-0.000484563646329148,833.3333333333334,0.009672334882267512,True,0.19440101832151413,0.07875444238545255,True,True,True,0.85,False,False,False,0,True,True,True,True,True,True,True,False,True,0,0,False,0,15,24,15,,,,False,False,False,
109,2026-08-18T21:57:24.122577,shadow,analysis_full,silero,webrtc,True,0.6174696683883667,True,True,True,1,False,True,False,0,0.0,,,,,,,,,,,,,0.7513933550588779,0.966795364320022,0.031118879772861378,0.0020857559057857896,,,,,,,,,,,,,,False,False,temporal_v1,False,0.0025704143460021237,0.054279749478079335,1.5592770480702443,0.9771932142630188,94.91621448605399,1367.175461674234,0.7264436124517916,0.023382519478204165,0.0015672231278822534,0.0,0.0,0.08664656768847616,0.08593181723096129,0.0012598331352204216,0.023993823325543194,0.42599967520132787,146.3080519190587,0.01464035493675805,0.5638145966139704,-0.0003490226899488119,466.6666666666667,0.010746640153878802,True,0.19440101832151413,0.08664656768847616,True,True,True,0.85,False,False,False,0,True,True,True,True,True,True,True,False,True,0,0,False,0,15,24,15,,,,False,False,False,
110,2026-08-18T21:57:24.130067,shadow,analysis_full,silero,webrtc,True,0.6102778911590576,True,True,True,1,False,True,False,0,0.0,,,,,,,,,,,,,1.2721310937965828,0.9900240165607809,0.008762453362750037,0.001213530075682847,,,,,,,,,,,,,,False,False,temporal_v1,False,0.0033477733441228817,0.054279749478079335,1.1930435508467951,0.9826034036740702,97.23522209737988,1149.2689447868186,1.2594403350723524,0.01114698938069675,0.00154376934253347,0.0,0.0,0.09168375583513452,0.09100913833409181,0.0011652897392453575,0.024347249537103086,0.4637694274907014,131.8980161620509,0.005502941804444948,0.6227914567232303,-0.0003911397556366716,433.33333333333337,0.004883652652136855,True,0.3462887406349182,0.09168375583513452,True,True,True,0.85,False,False,False,0,True,True,True,True,True,True,True,False,True,0,0,False,0,15,24,15,,,,False,False,False,
111,2026-08-18T21:57:24.137302,shadow,analysis_full,silero,webrtc,True,0.6859802603721619,True,True,True,1,False,True,False,0,0.0,,,,,,,,,,,,,1.3729236801084856,0.9853569578943514,0.012942357661201456,0.0017006844437187205,,,,,,,,,,,,,,False,False,temporal_v1,False,0.0034806270579864807,0.054279749478079335,1.200759816653895,0.9822978932434377,97.5719986807047,898.5515636259514,1.352819900852815,0.017768869309496955,0.0023349099451735584,0.0,0.0,0.09366625069054821,0.09291881806054542,0.0011732058771156476,0.024145022621797012,0.5022959063024777,150.17370546649502,0.0015744124095788618,1.1414434634895356,-0.0006960678488197506,433.33333333333337,0.0009220820269908387,True,0.46209660172462463,0.09366625069054821,True,True,True,0.85,False,False,False,0,True,True,True,True,True,True,True,False,True,0,0,False,0,15,24,15,,,,False,False,False,
112,2026-08-18T21:57:24.142349,shadow,analysis_full,silero,webrtc,True,0.6859802603721619,True,True,True,1,False,True,False,0,0.0,,,,,,,,,,,,,0.3217689364007612,0.9535834255295565,0.04071735945750326,0.005699215009832546,,,,,,,,,,,,,,False,False,temporal_v1,False,0.001698751993000153,0.06263048016701461,1.8661275635535628,0.9746977732510331,91.30685231145273,1130.647329701043,0.3068335246020399,0.0131015814456883,0.0018338303520330722,0.0,0.0,0.09519373698727988,0.09465110446030627,0.0015639854097638948,0.02257788030830192,0.4865951930320803,148.0604886590667,0.017983749051773343,1.6364119795806982,-0.0009799387703829327,466.6666666666667,0.0013097087505449649,True,0.49078986048698425,0.09519373698727988,True,True,True,0.85,False,False,False,0,True,True,True,True,True,True,True,False,True,0,0,False,0,15,24,15,,,,False,False,False,
113,2026-08-18T21:57:24.154210,shadow,analysis_full,silero,webrtc,True,0.8031254410743713,True,True,True,1,False,True,False,0,0.0,,,,,,,,,,,,,0.04799087890707935,0.8820063361391102,0.08195633072362472,0.03603733311642769,,,,,,,,,,,,,,False,False,temporal_v1,False,0.0006629747009003307,0.10020876826722339,2.273039947977507,0.9395586416627407,82.96531462071756,1547.589587545998,0.04232825927292876,0.003933156343426021,0.0017294632897245617,0.0,0.0,0.06496722852808014,0.06292755379822769,0.01015687319124221,0.020981989827561148,0.45712815148999136,195.563383998351,0.007641095821563905,1.1050310966648313,-0.000674697179696629,833.3333333333334,0.011205163297759864,True,0.5636197626590729,0.06496722852808014,True,False,True,0.85,False,False,False,0,True,True,True,True,True,True,True,False,True,0,0,False,0,15,24,15,,,,False,False,False,
114,2026-08-18T21:57:24.169203,shadow,analysis_full,silero,webrtc,True,0.9014216065406799,True,True,True,1,False,True,False,0,0.0,,,,,,,,,,,,,0.055780674262554265,0.8936515156200333,0.03892450318175501,0.06742398118028448,,,,,,,,,,,,,,False,False,temporal_v1,False,0.0006994827195895536,0.09603340292275574,1.9819568708461572,0.9213644663045608,83.34818802991619,1863.3758125209945,0.049848484097039,0.0021712350328132336,0.003760955131702037,0.0,0.0,0.06491128352541542,0.06351876217915689,0.020870380786674657,0.022093956668597835,0.4556196506903777,276.33744163158804,0.005487988585450887,0.8423798856158108,-0.0005094051762334206,633.3333333333334,0.015880970015273395,True,0.6138737797737122,0.06491128352541542,True,False,True,0.85,False,False,False,0,True,True,True,True,True,True,True,False,True,0,0,False,0,15,24,15,,,,False,False,False,
115,2026-08-18T21:57:24.184982,shadow,analysis_full,silero,webrtc,True,0.9205538630485535,True,True,True,1,False,True,False,0,0.0,,,,,,,,,,,,,0.023423599879720258,0.6973267784886008,0.12795374418622418,0.1747194772824831,,,,,,,,,,,,,,False,True,temporal_v1,False,0.00045934978360253535,0.1649269311064718,2.8092384866433373,0.8137793594733731,79.14521946580206,2089.317115091843,0.016333903444731304,0.0029971373069301974,0.0040925591270587576,0.0,0.0,0.09222730634129407,0.06577113869182988,0.05245465486401644,0.03460078176304095,0.5267396280553877,371.113583705839,0.00817395403172031,1.1955002523478413,-0.0007219079729455804,3066.666666666667,0.01783851968944516,True,0.6517249643802643,0.09222730634129407,True,False,True,0.85,True,False,False,0,True,True,True,True,True,True,True,False,True,0,0,False,0,15,24,15,,,,False,False,False,
116,2026-08-18T21:57:24.200597,shadow,analysis_full,silero,webrtc,True,0.9365962147712708,True,True,True,1,False,True,False,0,0.0,,,,,,,,,,,,,0.022051068162301613,0.8957480545563647,0.05626933546406185,0.04798260993422419,,,,,,,,,,,,,,False,False,temporal_v1,False,0.00047309516574121257,0.1022964509394572,2.5484427652969757,0.9395654713176235,80.02602092254465,1625.9850959001276,0.019752201407271464,0.0012407989517654434,0.001058067802264708,0.0,0.0,0.09140030099921358,0.06600440433880882,0.051775812758634,0.03422781049172308,0.5507318483232259,346.57041937830314,0.008483929162935576,0.8038766745953182,-0.0004827100948872393,500.00000000000006,0.022992364248388075,True,0.6859802603721619,0.09140030099921358,True,False,True,0.85,False,False,False,0,True,True,True,True,True,False,True,False,True,0,0,False,0,15,24,15,,,,False,False,False,
117,2026-08-18T21:57:24.212847,shadow,analysis_full,silero,webrtc,True,0.9184912443161011,True,True,True,1,False,True,False,0,0.0,,,,,,,,,,,,,0.19979078923062432,0.9656003853885193,0.023338038195088128,0.011061576411387322,,,,,,,,,,,,,,False,False,temporal_v1,False,0.0013735632098488724,0.06471816283924843,1.7180450483899432,0.9745025346283918,89.45895833165066,1180.0575188412495,0.19291806307816728,0.004662725070091112,0.00221000108136593,0.0,0.0,0.08225785026359515,0.039569921652988824,0.05143649949114885,0.03311725444610175,0.518971440399709,349.44650198780965,0.007528752833755413,1.0103158233268499,-0.0006150004296772232,433.33333333333337,0.0057309218281176326,True,0.7445528507232666,0.08225785026359515,True,False,True,0.85,False,False,False,0,True,True,True,True,True,True,True,False,True,0,0,False,0,15,24,15,,,,False,False,False,
118,2026-08-18T21:57:24.227955,shadow,analysis_full,silero,webrtc,True,0.9509263038635254,True,True,True,1,False,True,False,0,0.0,,,,,,,,,,,,,0.1476340263576185,0.981607891160505,0.010498102154297811,0.00789400667842366,,,,,,,,,,,,,,False,False,temporal_v1,False,0.0011783235980683344,0.06263048016701461,1.6625020789624705,0.9790557515185089,88.14727344333639,1063.655272375067,0.1449187252764363,0.0015498770901525745,0.001165423990029615,0.0,0.0,0.08406132624111211,0.03548494432697966,0.05122413730631616,0.033421837024894256,0.5084315921995534,362.14121848621437,0.011445827148321892,1.1404354867345856,-0.0006866386184024056,433.33333333333337,0.00175272885009949,True,0.8522735238075256,0.08406132624111211,True,False,True,0.85,False,False,False,0,True,True,True,True,True,True,True,False,True,0,0,False,0,15,24,15,,,,False,False,False,
119,2026-08-18T21:57:24.234745,shadow,analysis_full,silero,webrtc,True,0.9599484205245972,True,True,True,1,False,True,False,0,0.0,,,,,,,,,,,,,0.0223741413658958,0.7210828223877737,0.03934781487620352,0.2395693626913284,,,,,,,,,,,,,,False,True,temporal_v1,False,0.00048156215871976833,0.19624217118997914,3.2733336161612843,0.8278516681741734,79.63051577735365,1818.1801509738186,0.01613360900462318,0.0008803735724792753,0.005360158787793345,0.0,0.0,0.10128121286991222,0.035289000086286534,0.07815894623464673,0.046414684075468886,0.6422990711352674,383.73560010103324,0.032540922450553435,0.9872835946175178,-0.0005967739476553039,3100.0,0.021487666716489457,True,0.9099564254283905,0.10128121286991222,True,False,True,0.85,True,False,False,0,True,True,True,True,True,True,True,False,True,0,0,False,0,15,24,15,,,,False,False,False,
120,2026-08-18T21:57:24.240398,shadow,analysis_full,silero,webrtc,True,0.9493081569671631,True,True,True,1,False,True,False,0,0.0,,,,,,,,,,,,,0.03319370579950145,0.6822772125937082,0.027598858788912786,0.29012392858725283,,,,,,,,,,,,,,False,True,temporal_v1,False,0.0005436030833370657,0.21294363256784968,2.973723686538611,0.7734747490491903,80.39326914397988,2064.744469739401,0.022647309068539456,0.0009161083990411559,0.009630288330920838,0.0,0.0,0.1141549448407413,0.033826457213978096,0.1013062178032486,0.055692628225036254,0.6259277860833726,412.3847533992965,0.005012482599810893,0.9659682383839341,-0.0005825676634613833,3200.0,0.01688264834289272,True,0.9195225536823273,0.1141549448407413,True,False,True,0.85,True,False,False,0,True,True,True,True,True,True,True,False,True,0,0,False,0,15,24,15,,,,False,False,False,
121,2026-08-18T21:57:24.247483,shadow,analysis_full,silero,webrtc,True,0.9039211869239807,True,True,True,1,False,True,False,0,0.0,,,,,,,,,,,,,0.03620597492397209,0.3113954836618328,0.05041998665585316,0.6381845296546942,,,,,,,,,,,,,,False,True,temporal_v1,False,0.0005758352023829246,0.31106471816283926,3.1762590681511838,0.7639818349243023,80.84185309604996,2316.9620030024253,0.011274377072898478,0.0018255047725288269,0.02310609307754478,0.0,0.0,0.19442071523573465,0.03198743973743228,0.18896882578025018,0.07802349158143373,0.579727026691922,415.341052108209,0.00889034842189288,1.0928605865744903,-0.0006481416807602379,3100.0,0.012334140629665365,True,0.9195225536823273,0.19442071523573465,True,False,True,0.85,True,False,False,0,True,True,True,True,True,True,True,False,True,0,0,False,0,15,24,15,,,,False,False,False,
122,2026-08-18T21:57:24.254049,shadow,analysis_full,silero,webrtc,True,0.8636322021484375,True,True,True,1,False,True,False,0,0.0,,,,,,,,,,,,,0.0408313547987742,0.7390697470530732,0.03421546166810132,0.22671479125433452,,,,,,,,,,,,,,False,False,temporal_v1,False,0.0006022036316114367,0.21294363256784968,2.535461943210668,0.8260237573628711,81.57063617967582,2167.495906290667,0.030177219062964333,0.0013970636549741034,0.009257072079835763,0.0,0.0,0.1878410831982332,0.032228636246720885,0.18342393599825202,0.07664383241499825,0.5487734987733818,396.74558732390307,0.01155438475905388,0.6301258944254374,-0.0003722360217791595,2966.666666666667,0.03589000703170722,True,0.9195225536823273,0.1878410831982332,True,False,True,0.85,True,False,False,0,True,True,True,True,True,True,True,False,True,0,0,False,0,15,24,15,,,,False,False,False,
123,2026-08-18T21:57:24.262164,shadow,analysis_full,silero,webrtc,True,0.8537082672119141,True,True,True,1,False,True,False,0,0.0,,,,,,,,,,,,,0.1769907068978552,0.9629676622372935,0.008794241410255614,0.0282380963468009,,,,,,,,,,,,,,False,False,temporal_v1,False,0.001249250761379635,0.060542797494780795,0.7668800090496604,0.9669542465751837,88.60124903887015,1797.8434573139407,0.17043632725915364,0.0015564990038315321,0.004997880633870034,0.0,0.0,0.19384237870516283,0.0322329098854839,0.184024374852758,0.0801868560171302,0.756465975030009,389.51851477765086,0.02295498965473927,0.5431769858068393,-0.0003290825081524735,366.6666666666667,0.012150302159108442,True,0.9195225536823273,0.19384237870516283,True,False,True,0.85,False,False,False,0,True,True,True,True,True,True,True,False,True,0,0,False,0,15,24,15,,,,False,False,False,
124,2026-08-18T21:57:24.269016,shadow,analysis_full,silero,webrtc,True,0.8448231220245361,True,True,True,1,False,True,False,0,0.0,,,,,,,,,,,,,0.3417031755954759,0.9731805276570966,0.013637875736515773,0.013181596603461165,,,,,,,,,,,,,,False,False,temporal_v1,False,0.0017300855167136022,0.05219206680584551,0.5869893236798398,0.9765738443043124,91.47353705623304,1494.693101253232,0.3325388767281108,0.004660105447543929,0.004504193418821219,0.0,0.0,0.19967758468875849,0.03332756209916363,0.18782221760988976,0.08403797980846182,0.9211653421813345,398.9908211974129,0.002930700575715725,0.7246050766136174,-0.0004402742285803277,366.6666666666667,0.006600647529055991,True,0.9195225536823273,0.19967758468875849,True,False,True,0.85,False,False,False,0,True,True,True,True,True,True,True,False,True,0,0,False,0,15,24,15,,,,False,False,False,
125,2026-08-18T21:57:24.277088,shadow,analysis_full,silero,webrtc,True,0.8452965617179871,True,True,True,1,False,True,False,0,0.0,,,,,,,,,,,,,0.4830904670318215,0.9851298697992154,0.00909632103016718,0.005773809168547378,,,,,,,,,,,,,,False,False,temporal_v1,False,0.002060011479097562,0.04801670146137787,0.8010924568441248,0.9829952257296923,93.01795929653213,1052.2349717488705,0.4759068488883005,0.004394345974734843,0.002789272167786166,0.0,0.0,0.20449304874215235,0.01650850042845263,0.1939358261145167,0.08834228483927577,0.9842964445384408,433.68094622737624,0.0050733689022843835,1.0671709530937323,-0.0006480057289562701,366.6666666666667,0.0015460825837492343,True,0.9112062156200409,0.20449304874215235,True,False,True,0.85,False,False,False,0,True,True,True,True,True,True,True,False,True,0,0,False,0,15,24,15,,,,False,False,False,
126,2026-08-18T21:57:24.285735,shadow,analysis_full,silero,webrtc,True,0.8416456580162048,True,True,True,1,False,True,False,0,0.0,,,,,,,,,,,,,0.5798564651832853,0.9808731321236555,0.012979344502219553,0.006147523372400423,,,,,,,,,,,,,,False,False,temporal_v1,False,0.0022486127806481612,0.04801670146137787,0.7411870320418751,0.9820788092508909,93.77578179075228,1229.47903030843,0.5687656271864804,0.007526156823453137,0.0035646811723517384,0.0,0.0,0.2091134555435682,0.01380446575565658,0.19654389144589837,0.09162905603111449,1.0325232688137487,452.5286791200123,0.002675107929943627,0.8735733559264217,-0.0005267539499159337,366.6666666666667,0.003583457626385655,True,0.8837766945362091,0.2091134555435682,True,False,True,0.85,False,False,False,0,True,True,True,True,True,True,True,False,True,0,0,False,0,15,24,15,,,,False,False,False,
127,2026-08-18T21:57:24.294392,shadow,analysis_full,silero,webrtc,True,0.8167123794555664,True,True,True,1,False,True,False,0,0.0,,,,,,,,,,,,,0.07620989955023541,0.9792921330072092,0.013119060456024732,0.007588806523644217,,,,,,,,,,,,,,False,False,temporal_v1,False,0.0008229310800402579,0.04592901878914405,1.5850626236901093,0.9775587895975137,85.01850648742459,1288.688826543241,0.07463175508681519,0.0009998022795471104,0.000578342182873097,0.0,0.0,0.21003751618312308,0.014115798046778733,0.19678614582550213,0.09306687044896259,1.034650608815477,443.07765282087263,0.018955490535685484,0.7601145893462187,-0.0004665023575146261,400.0,0.0084056292906861,True,0.8586702346801758,0.21003751618312308,True,False,True,0.85,False,False,False,0,True,True,True,True,True,True,True,False,True,0,0,False,0,15,24,15,,,,False,False,False,
128,2026-08-18T21:57:24.302946,shadow,analysis_full,silero,webrtc,True,0.8167123794555664,True,True,True,1,False,True,False,0,0.0,,,,,,,,,,,,,0.2307702365912847,0.9918526813297419,0.006633868022295156,0.001513450643629614,,,,,,,,,,,,,,False,False,temporal_v1,False,0.00142578948919381,0.04592901878914405,0.4255097950939891,0.9867326295669799,89.83728653087888,1188.4789323733005,0.22889007793416466,0.0015308992930204112,0.0003492593630996381,0.0,0.0,0.21078990608185275,0.014472948145457042,0.19724382324013476,0.09431359197032554,1.1156916150941971,428.4816017265449,0.032556095051347156,0.6605183497022241,-0.0004115650336224063,366.6666666666667,0.0036058085616491624,True,0.8495024144649506,0.21078990608185275,True,False,True,0.85,False,False,False,0,True,True,True,True,True,True,True,False,True,0,0,False,0,15,24,15,,,,False,False,False,
129,2026-08-18T21:57:24.311499,shadow,analysis_full,silero,webrtc,True,0.7580772638320923,True,True,True,1,False,True,False,0,0.0,,,,,,,,,,,,,0.20626877874788432,0.9865909841081533,0.008615602957430211,0.004793412929568494,,,,,,,,,,,,,,False,False,temporal_v1,False,0.0013473913247126635,0.04801670146137787,1.0956973951732887,0.9848739075630072,89.3382692119779,909.6097637526854,0.20350291741566212,0.00177712990020579,0.0009887314310164117,0.0,0.0,0.21177629413708748,0.013611976388234647,0.1986414301907533,0.09334066349105703,0.9901864577385159,475.24235137064056,0.015724261031785623,1.1868281875901057,-0.000714929327384536,366.6666666666667,0.0008181917199208932,True,0.8450598418712616,0.21177629413708748,True,False,True,0.85,False,False,False,0,True,True,True,True,True,True,True,False,True,0,0,False,0,15,24,15,,,,False,False,False,
130,2026-08-18T21:57:24.321533,shadow,analysis_full,silero,webrtc,True,0.7469580173492432,True,True,True,1,False,True,False,0,0.0,,,,,,,,,,,,,0.3518813158900198,0.7476306925833974,0.22603033879245563,0.026338968621305213,,,,,,,,,,,,,,False,False,temporal_v1,False,0.0017513929710486654,0.11691022964509394,2.3342825148287782,0.920445024264829,91.32333254886797,1356.969127861953,0.26307727190601277,0.07953585304535628,0.009268190937650819,0.0,0.0,0.20717207591001666,0.06395077476275038,0.19199753457724367,0.08681949119580855,0.9081878061727281,445.2196709682934,0.0725418773087268,1.6859003330198465,-0.001013130087251317,1266.6666666666667,0.0015068158398009535,True,0.8432343900203705,0.20717207591001666,True,False,True,0.85,True,False,False,0,True,True,True,True,True,True,True,False,True,0,0,False,0,15,24,15,,,,False,False,False,
131,2026-08-18T21:57:24.329540,shadow,analysis_full,silero,webrtc,True,0.8383572697639465,True,True,True,1,False,True,False,0,0.0,,,,,,,,,,,,,0.308605716836176,0.5690324555204568,0.3552930687143477,0.07567447576195509,,,,,,,,,,,,,,False,True,temporal_v1,False,0.0016376364627737434,0.13987473903966596,2.894881742627359,0.8754361864285741,90.52251395332023,1585.7580854132575,0.17560666883894,0.109645472157516,0.023353575838719973,0.0,0.0,0.14257366432191015,0.1148507350577004,0.06577710259838003,0.05397214913917983,0.8557122016076639,352.10482163126954,0.005075646535623276,1.4271557608293988,-0.0008409145235194641,1633.3333333333335,0.003187847433328679,True,0.8400014638900757,0.14257366432191015,True,False,True,0.85,True,False,False,0,True,True,True,True,True,True,True,False,True,0,0,False,0,15,24,15,,,,False,False,False,
132,2026-08-18T21:57:24.337826,shadow,analysis_full,silero,webrtc,True,0.8316279053688049,True,True,True,1,False,True,False,0,0.0,,,,,,,,,,,,,0.2595491576894791,0.4704405547101237,0.4322384501184995,0.09732099516752399,,,,,,,,,,,,,,False,True,temporal_v1,False,0.0015034730704140964,0.1127348643006263,3.2262721393721523,0.8510350933074136,89.65719682962389,1779.7391914477232,0.12210244971798392,0.11218712564926248,0.02525958232123272,0.0,0.0,0.18712180835010783,0.15713785340699915,0.031481514347964965,0.034484069127275106,0.9671035885639291,280.2534640263396,0.004336175273027938,0.9198160292656384,-0.0005327339846657891,1966.6666666666667,0.02260703170496665,True,0.8349925875663757,0.18712180835010783,True,False,True,0.85,True,False,False,0,True,True,True,True,True,True,True,False,True,0,0,False,0,15,24,15,,,,False,False,False,
133,2026-08-18T21:57:24.346721,shadow,analysis_full,silero,webrtc,True,0.8048483729362488,True,True,True,1,False,True,False,0,0.0,,,,,,,,,,,,,0.15809941018653198,0.5119603920838961,0.4107440257140732,0.07729558219570556,,,,,,,,,,,,,,False,True,temporal_v1,False,0.0011742366927973262,0.1544885177453027,3.1146769175901063,0.8675041447374572,87.5923125849121,1750.0407863616622,0.08094063602732963,0.0649383882030367,0.012220385955165652,0.0,0.0,0.2108489539652024,0.17665256438646626,0.03497420301929919,0.042091017033309884,1.0547968695728198,273.20591232127606,0.0027036747203122505,0.8398677301915238,-0.00047933921350773613,1800.0000000000002,0.022489558454756076,True,0.8241701424121857,0.2108489539652024,True,False,True,0.85,True,False,False,0,True,True,True,True,True,True,True,False,True,0,0,False,0,15,24,15,,,,False,False,False,
134,2026-08-18T21:57:24.354652,shadow,analysis_full,silero,webrtc,True,0.7802058458328247,True,True,True,1,False,True,False,0,0.0,,,,,,,,,,,,,0.16361676975174338,0.4247835533589255,0.5230939120097123,0.05212253462525022,,,,,,,,,,,,,,False,True,temporal_v1,False,0.0011956958128333027,0.17745302713987474,3.2162165194228827,0.8640461439047258,87.73238950277083,1760.1967334895778,0.06950171284425471,0.08558693615983182,0.008528120746656837,0.0,0.0,0.23383543778463817,0.2019639431126396,0.03487855833622806,0.049566088934449845,1.0768935696973092,296.5611943522134,0.0013792360586579063,0.8079842756545573,-0.00046685579560473906,1633.3333333333335,0.022965541666302845,True,0.8167123794555664,0.23383543778463817,True,False,True,0.85,True,False,False,0,True,True,True,True,True,True,True,False,True,0,0,False,0,15,24,15,,,,False,False,False,
135,2026-08-18T21:57:24.362817,shadow,analysis_full,silero,webrtc,True,0.755618691444397,True,True,True,1,False,True,False,0,0.0,,,,,,,,,,,,,0.19741360919133774,0.48942876608934466,0.48554047915199666,0.025030754753593103,,,,,,,,,,,,,,False,True,temporal_v1,False,0.0013137451207919054,0.1336116910229645,2.792845504969479,0.8989490047117585,88.72229174287746,1601.037140117651,0.09661989915576054,0.09585229839788714,0.0049414116366900485,0.0,0.0,0.234405892968271,0.20748229650705458,0.03369817768253617,0.04830628841514051,1.0303703471184638,279.22881031894906,0.0053949473987075025,0.8431288578787391,-0.0005025288565683255,1333.3333333333335,0.0182148462861045,True,0.8107803761959076,0.234405892968271,True,False,True,0.85,True,False,False,0,True,True,True,True,True,True,True,False,True,0,0,False,0,15,24,15,,,,False,False,False,
136,2026-08-18T21:57:24.371739,shadow,analysis_full,silero,webrtc,True,0.7362383604049683,True,True,True,1,False,True,False,0,0.0,,,,,,,,,,,,,0.13901853782418772,0.7658598919418733,0.2210479151261895,0.013092192924743935,,,,,,,,,,,,,,False,True,temporal_v1,False,0.001102873518098335,0.09812108559498957,2.6639103893169933,0.9311178972206157,87.35373529867209,1374.2141557438617,0.10646872235594963,0.030729757949928008,0.0018200575173100775,0.0,0.0,0.21836149804488825,0.19284428388558852,0.03311380695543745,0.04489440114967929,0.9249057856504991,271.32155752898007,0.006029043117019397,0.9926205531716493,-0.0005942567301973296,1266.6666666666667,0.009231407832327131,True,0.7925271093845367,0.21836149804488825,True,False,True,0.85,True,False,False,0,True,True,True,True,True,True,True,False,True,0,0,False,0,15,24,15,,,,False,False,False,
137,2026-08-18T21:57:24.380081,shadow,analysis_full,silero,webrtc,True,0.7668021321296692,True,True,True,1,False,True,False,0,0.0,,,,,,,,,,,,,0.05946278370487432,0.8091208436244645,0.17983968268234207,0.011039473676376236,,,,,,,,,,,,,,False,False,temporal_v1,False,0.0007281096725175283,0.0918580375782881,2.542954078384624,0.9510515700722424,83.83495325268818,1239.8245849225145,0.048112577715546966,0.010693768152893338,0.0006564378354340138,0.0,0.0,0.20141409171106678,0.17658962797747318,0.03281089526113359,0.04051610679150965,0.8912751434813011,274.7714183715786,0.011358935707257923,1.2227480020520567,-0.0007178692545360063,1233.3333333333335,0.004826431386438511,True,0.773503988981247,0.20141409171106678,True,False,True,0.85,True,False,False,0,True,True,True,True,True,True,True,False,True,0,0,False,0,15,24,15,,,,False,False,False,
138,2026-08-18T21:57:24.388407,shadow,analysis_full,silero,webrtc,True,0.8226749897003174,True,True,True,1,False,True,False,0,0.0,,,,,,,,,,,,,0.008580372486654334,0.5818429432761227,0.39269173311797817,0.025465323489353892,,,,,,,,,,,,,,False,True,temporal_v1,False,0.0002858181382990327,0.12943632567849686,3.2880742545337793,0.9010446497349756,75.4330969203187,1388.9418462082108,0.004992429182040422,0.0033694413425821067,0.00021850196103180447,0.0,0.0,0.17277664188341177,0.15202497995320097,0.030844456369311952,0.03416663473148857,0.619552074573001,261.6238957352087,0.013814056085212465,1.3767701801895655,-0.0008179426595796898,1566.6666666666667,0.006957281106783815,True,0.773503988981247,0.17277664188341177,True,False,True,0.85,True,False,False,0,True,True,True,True,True,True,True,False,True,0,0,False,0,15,24,15,,,,False,False,False,
139,2026-08-18T21:57:24.400388,shadow,analysis_full,silero,webrtc,True,0.7885869145393372,True,True,True,1,False,True,False,0,0.0,,,,,,,,,,,,,0.007649517925990794,0.679803035870575,0.3056519604865295,0.014545003512168203,,,,,,,,,,,,,,False,True,temporal_v1,False,0.0002637330214123921,0.12317327766179541,3.01941379953461,0.9250370284166014,74.83924824520919,1358.1428532157945,0.005200165509034927,0.0023380901508559373,0.00011126226509992973,0.0,0.0,0.1295791015476105,0.1111086055086053,0.02982751626529687,0.024289001373275967,0.30516942201341357,189.38611480181663,0.005717456395538876,1.203187421745925,-0.0007169461461511182,1433.3333333333335,0.009306891042062665,True,0.7843963801860809,0.1295791015476105,True,False,True,0.85,True,False,False,0,True,True,True,True,True,True,True,False,True,0,0,False,0,15,24,15,,,,False,False,False,
140,2026-08-18T21:57:24.406987,shadow,analysis_full,silero,webrtc,True,0.7244439721107483,True,True,True,1,False,True,False,0,0.0,,,,,,,,,,,,,0.006875354835064656,0.7227466407127027,0.2616430332983323,0.015610325843517969,,,,,,,,,,,,,,False,True,temporal_v1,False,0.0002504799391922885,0.11482254697286012,3.1271685150698287,0.9302162215685041,74.4087495349599,1334.697474556657,0.004969139610750818,0.0017988886940486714,0.00010732652926516602,0.0,0.0,0.12702983460554162,0.1074866174064209,0.03054830953315048,0.024390174273939493,0.24189973446355129,191.40441155181188,0.003809716125586557,1.194714816645741,-0.0007138029150828306,1266.6666666666667,0.01006073470479479,True,0.7843963801860809,0.12702983460554162,True,False,True,0.85,True,False,False,0,True,True,True,True,True,True,True,False,True,0,0,False,0,15,24,15,,,,False,False,False,
141,2026-08-18T21:57:24.418708,shadow,analysis_full,silero,webrtc,True,0.6256522536277771,True,True,True,1,False,True,False,0,0.0,,,,,,,,,,,,,0.006017459395638022,0.6425267001991062,0.32408170663751784,0.03339159299719284,,,,,,,,,,,,,,False,True,temporal_v1,False,0.00023604027769573638,0.12734864300626306,3.5843637652603326,0.9097249641834976,73.78722937965533,1531.68842904671,0.003866378329061406,0.0019501485105603367,0.0002009325550162788,0.0,0.0,0.12700686130349467,0.10793664043127273,0.02825786595051682,0.024044630843158103,0.2972726949611858,190.15263589990823,0.007932220953725515,0.9685406629094936,-0.0005795389959575116,1266.6666666666667,0.03265055704887998,True,0.773503988981247,0.12700686130349467,True,False,True,0.85,True,False,False,0,True,True,True,True,True,False,True,False,True,0,0,False,0,15,24,15,,,,False,False,False,
142,2026-08-18T21:57:24.428623,shadow,analysis_full,silero,webrtc,False,0.49011772871017456,True,True,True,1,False,True,False,0,0.0,,,,,,,,,,,,,0.0056965268055692055,0.8477994793253738,0.13134009204195207,0.02086042845712858,,,,,,,,,,,,,,False,False,temporal_v1,False,0.0002288215845873963,0.10647181628392484,3.1827567446096334,0.9355148715716105,73.63395488484409,1300.3379847207295,0.0048295124597246076,0.0007481823549629066,0.0001188319898816916,0.0,0.0,0.13573923833330873,0.12275957761788835,0.019860846661242822,0.024467783422102065,0.29508205752351624,176.51420208058727,0.005175919860205492,1.907531562568721,-0.0011607604475208533,966.6666666666667,0.0020269213002331054,True,0.7612104117870331,0.13573923833330873,True,False,True,0.85,True,False,False,0,True,True,True,True,True,False,True,False,True,0,0,False,0,15,24,15,,,,False,False,False,
143,2026-08-18T21:57:24.437881,shadow,analysis_full,silero,webrtc,False,0.3545892834663391,True,True,True,1,False,True,False,0,0.0,,,,,,,,,,,,,0.002449050678760393,0.520281180515836,0.4299774990139101,0.04974132006193252,,,,,,,,,,,,,,False,True,temporal_v1,False,0.00015267272755435394,0.13569937369519833,3.7394684052916776,0.8859412838080344,69.77626029409382,1652.2153609098616,0.0012741949782885667,0.0010530366858117126,0.00012181901366011379,0.0,0.0,0.1349283794619427,0.1242519574665622,0.013992224788589034,0.022851305721880575,0.36039355347989577,162.54358376233222,0.006111227033063575,0.9965021498612845,-0.0005903847362155113,1566.6666666666667,0.038982228043113666,True,0.7459285259246826,0.1349283794619427,True,False,True,0.85,True,False,False,0,True,True,True,True,True,False,True,False,True,0,0,False,0,15,24,15,,,,False,False,False,
144,2026-08-18T21:57:24.442923,shadow,analysis_full,silero,webrtc,False,0.3545892834663391,True,True,False,1,False,True,False,0,0.0,,,,,,,,,,,,,0.004615331816226746,0.7178343802036219,0.2137921857522634,0.06837343382744542,,,,,,,,,,,,,,False,True,temporal_v1,False,0.00020660631473494654,0.13778705636743216,3.684345323719003,0.8902448572731206,72.51244157035002,1646.3333537638316,0.0033130438537351827,0.0009867218769630797,0.0003155660845284829,0.0,0.0,0.11325824529298253,0.10874204566050232,0.017440222767100343,0.015431915334092966,0.39876791599216826,143.58721561357925,0.0063711514651712585,1.0752615073889134,-0.0006382488526810438,1700.0000000000002,0.03215827900860467,True,0.7303411662578583,0.11325824529298253,True,False,True,0.85,True,False,False,0,True,False,True,False,True,False,True,False,True,0,1,False,0,15,24,15,,,,False,False,False,
145,2026-08-18T21:57:24.454517,shadow,analysis_full,silero,webrtc,False,0.29356029629707336,True,True,False,1,False,True,False,0,0.0,,,,,,,,,,,,,0.0023157421997786025,0.7031624310497202,0.23270189392318352,0.06413567459526937,,,,,,,,,,,,,,False,True,temporal_v1,False,0.00014922210981240438,0.15866388308977036,3.7517310894465554,0.8894512006594351,69.5858324063242,1659.781017203648,0.001628342914880749,0.00053887759572632,0.0001485216881715337,0.0,0.0,0.09428570777055018,0.08899932007122552,0.020513302435805757,0.019070041330554052,0.41336466951786555,150.95569856233638,0.004829951245713942,1.0214034708195474,-0.0006020635354708528,1566.6666666666667,0.03346034123516285,True,0.6750481128692627,0.09428570777055018,True,False,True,0.85,True,False,False,0,True,False,True,False,True,False,True,False,True,0,2,False,0,15,24,15,,,,False,False,False,
146,2026-08-18T21:57:24.466639,shadow,analysis_full,silero,webrtc,False,0.19585905969142914,True,True,False,1,False,True,False,0,0.0,,,,,,,,,,,,,0.0035474445908130676,0.6900261672343386,0.23583020989400583,0.07414362258976243,,,,,,,,,,,,,,False,True,temporal_v1,False,0.00018240437832317536,0.14822546972860126,3.8543942021915614,0.8807083074223915,71.35402690270237,1606.7114804725143,0.002447829594474928,0.0008365946024388014,0.00026302039289933827,0.0,0.0,0.09162313132614915,0.0883060519114511,0.023020725781564576,0.018626060979703936,0.3960713506525685,155.5405033766159,0.004263898433900562,1.2458683511621327,-0.000741321745813379,1833.3333333333335,0.02262334166080085,True,0.5578849911689758,0.09162313132614915,True,False,True,0.85,True,False,False,0,True,False,True,False,True,False,True,False,True,0,3,False,0,15,24,15,,,,False,False,False,
147,2026-08-18T21:57:24.478508,shadow,analysis_full,silero,webrtc,False,0.14197245240211487,True,True,False,1,True,True,False,1,0.0,,,,,,,,,,,,,0.0026923957078141612,0.6483323322396767,0.26784534083385003,0.08382232655505689,,,,,,,,,,,,,,False,True,temporal_v1,False,0.0001599531273307411,0.16910229645093947,3.9408317838692173,0.8722347025318565,70.13060830174702,1622.7568984170891,0.0017455671885592502,0.0007211456460190789,0.00022568287223583217,0.0,0.0,0.08330431947262598,0.08303490814361282,0.024863290053206814,0.018320530630011544,0.3153231602203227,140.0673086236758,0.0026615667539604316,1.294179550256158,-0.0007688109434163309,1966.6666666666667,0.020702808666996815,True,0.42235350608825684,0.08330431947262598,True,True,True,0.85,True,True,True,1,True,False,True,False,True,False,True,False,True,0,4,True,1,15,24,15,,,,False,False,False,
148,2026-08-18T21:57:24.490629,shadow,analysis_full,silero,webrtc,False,0.09831422567367554,True,True,False,1,True,True,False,1,0.0,,,,,,,,,,,,,0.004292900616104526,0.7483745113593839,0.20436950159753559,0.04725598681013762,,,,,,,,,,,,,,False,True,temporal_v1,False,0.0002032543744505649,0.1419624217118998,3.7024126156161743,0.9094056458419887,72.45929032703113,1484.1002656047156,0.0032126974008916225,0.0008773379593210353,0.0002028652548918671,0.0,0.0,0.07948795074437509,0.07632469141604341,0.023994679435022773,0.018320530630011544,0.3096577190838846,134.6358564560862,0.002989846404533371,1.247629442654598,-0.0007458751011383416,1533.3333333333335,0.01805154609859715,True,0.3545892834663391,0.07948795074437509,True,True,True,0.85,True,True,True,2,True,False,True,False,True,False,True,False,True,0,5,True,2,15,24,15,,,,False,False,False,
149,2026-08-18T21:57:24.503722,shadow,analysis_full,silero,webrtc,False,0.06979770213365555,True,True,False,1,True,True,False,1,0.0,,,,,,,,,,,,,0.001974072915969835,0.67745710387653,0.2788526436167334,0.04369025200016969,,,,,,,,,,,,,,False,True,temporal_v1,False,0.00013597881922215076,0.15866388308977036,3.779100082110161,0.8918781341126741,68.74845047975168,1545.59693110978,0.001337349720494021,0.0005504754513103821,8.624774316543189e-05,0.0,0.0,0.07952731530200051,0.07516172942111132,0.021492260332831897,0.018858605078306834,0.25669643140348625,123.42324764388688,0.0031430843049215194,1.1728747311111372,-0.0006932782359748099,1700.0000000000002,0.0213354581535477,True,0.32407478988170624,0.07952731530200051,True,True,True,0.85,True,True,True,3,True,False,True,False,True,False,True,False,True,0,6,True,3,15,24,15,,,,False,False,False,
150,2026-08-18T21:57:24.516165,shadow,analysis_full,silero,webrtc,False,0.05074933543801308,True,True,False,1,True,True,False,1,0.0,,,,,,,,,,,,,0.0032743863499634296,0.6600733880345373,0.2831386112005609,0.05678800045950105,,,,,,,,,,,,,,False,True,temporal_v1,False,0.00017585425639228804,0.1336116910229645,3.839923501411452,0.8864778302813705,71.05447545141888,1573.8944408614573,0.002161335291754403,0.0009271052036627192,0.00018594585354630722,0.0,0.0,0.07931507346909034,0.07554036107656693,0.018178554921822774,0.017125361615712598,0.19817114469814195,103.13394784765573,0.0025336029356888335,1.3432425274729924,-0.0007980247095588434,1766.6666666666667,0.01784747898301683,True,0.24470967799425125,0.07931507346909034,True,True,True,0.85,True,True,True,4,True,False,True,False,True,False,True,False,True,0,7,True,4,15,24,15,,,,False,False,False,
151,2026-08-18T21:57:24.529631,shadow,analysis_full,silero,webrtc,False,0.03994051367044449,True,True,False,1,True,True,False,1,0.0,,,,,,,,,,,,,0.003390141631791045,0.6260859171223135,0.32230647401496143,0.051607608567752095,,,,,,,,,,,,,,False,True,temporal_v1,False,0.00018024642947435393,0.13569937369519833,3.9305886780294452,0.8914016302395545,71.29973158559042,1666.3423836070215,0.002122519932714433,0.0010926645957538995,0.0001749571023227126,0.0,0.0,0.0803541913379767,0.07539195121302675,0.016865374904796043,0.01659806197102377,0.2040642359403204,106.97171821289027,0.0026475958516160776,0.8914717233403603,-0.000524787020755088,1700.0000000000002,0.05021694192862497,True,0.168915756046772,0.0803541913379767,True,True,True,0.85,True,True,True,5,True,False,True,False,True,False,True,False,True,0,8,True,5,15,24,15,,,,False,False,False,
152,2026-08-18T21:57:24.541241,shadow,analysis_full,silero,webrtc,False,0.032831717282533646,True,True,False,1,True,True,False,1,0.0,,,,,,,,,,,,,0.0017185773938353864,0.7119432058213508,0.2584349854253466,0.029621808171426036,,,,,,,,,,,,,,False,True,temporal_v1,False,0.00012809999530829022,0.16075156576200417,3.1874662436241055,0.9027168715721877,68.25069599901491,1495.9223263619815,0.0012235294992192672,0.0004441405237281782,5.090736988794111e-05,0.0,0.0,0.060545230351706086,0.062184647004090945,0.015155917814742256,0.012189278143628397,0.2027777557792129,64.11126238359932,0.007714837925679951,1.2715341416362242,-0.0007613632567359528,1600.0,0.01225895505656121,True,0.1201433390378952,0.060545230351706086,True,True,True,0.85,True,True,True,6,True,False,True,False,True,False,True,False,True,0,9,True,6,15,24,15,,,,False,False,False,
153,2026-08-18T21:57:24.554332,shadow,analysis_full,silero,webrtc,False,0.02952650375664234,True,True,False,1,True,True,False,1,0.0,,,,,,,,,,,,,0.0034440701944342808,0.8166484614270321,0.158059848725404,0.025291689557209836,,,,,,,,,,,,,,False,True,temporal_v1,False,0.00017915176470699196,0.11691022964509394,3.164060387477619,0.9257557661282805,71.409212666292,1448.5183615977614,0.0028125946253314544,0.0005443692139319551,8.710635417087115e-05,0.0,0.0,0.05172262189576882,0.04437915641457952,0.01784925473701997,0.015054493843273446,0.266639430165872,74.35418360436708,0.004508497201099633,1.212304554828259,-0.0007226168617244078,1166.6666666666667,0.01390785971217144,True,0.08405596390366554,0.05172262189576882,True,True,True,0.85,True,True,True,7,True,False,True,False,True,False,True,False,False,0,0,True,7,15,24,24,,,,False,False,False,
154,2026-08-18T21:57:24.567581,shadow,analysis_full,silero,webrtc,False,0.03699661046266556,True,True,False,1,True,True,False,1,0.0,,,,,,,,,,,,,0.001513422208094448,0.6374080673843794,0.3334407693639677,0.029151162590898713,,,,,,,,,,,,,,False,True,temporal_v1,False,0.0001195799439735928,0.13569937369519833,2.9193017453440833,0.8948726031110467,67.57326849904635,1598.531749367538,0.0009646675247980823,0.0005046366654395276,4.4118016856838205e-05,0.0,0.0,0.05450150728981684,0.04998377031559786,0.018655017668501014,0.015182778985867819,0.3516265908504338,71.07871412731211,0.00656719700018058,1.2308204997596321,-0.0007310488728216429,1666.6666666666667,0.013463731804487173,True,0.06027351878583431,0.05450150728981684,True,True,True,0.85,True,True,True,8,True,False,True,False,True,False,True,False,False,0,0,True,8,15,24,24,,,,False,False,False,
155,2026-08-18T21:57:24.581405,shadow,analysis_full,silero,webrtc,False,0.03175196796655655,True,True,False,1,True,True,False,1,0.0,,,,,,,,,,,,,0.0017209793494430158,0.6697081522454996,0.27719590829213364,0.053095938881302186,,,,,,,,,,,,,,False,True,temporal_v1,False,0.00012768606221067193,0.13569937369519833,3.6740616085292928,0.8926282984742862,68.17215434371191,1621.6123562698824,0.0011525539001681442,0.00047704843392086207,9.137701435400956e-05,0.0,0.0,0.05473690052452477,0.04955699693635974,0.01813791187274698,0.014815194153828957,0.3491928641686116,67.07891832644455,0.007815694414811114,1.0432267714535275,-0.0006149492470812594,1666.6666666666667,0.029610609677229432,True,0.04534492455422878,0.05473690052452477,True,True,True,0.85,True,True,True,9,True,False,True,False,True,False,True,False,False,0,0,True,9,15,24,24,,,,False,False,False,
156,2026-08-18T21:57:24.597092,shadow,analysis_full,silero,webrtc,False,0.034595269709825516,True,True,False,1,True,True,False,1,0.0,,,,,,,,,,,,,0.0014500897256559358,0.7892904390482289,0.18306940312394399,0.0276401571382146,,,,,,,,,,,,,,False,True,temporal_v1,False,0.00011770824497138772,0.11482254697286012,3.0630368171227333,0.9161066133446192,67.52723543568577,1500.6636240903965,0.0011445419562222995,0.00026546706055199584,4.008070788164057e-05,0.0,0.0,0.06253905666439531,0.05460789598945928,0.017144041392812805,0.01700660697654806,0.37136250253176095,68.24015100892021,0.006975374627342659,1.1756141021901287,-0.0007052444368645258,1500.0,0.013838770095453746,True,0.03846856206655502,0.06253905666439531,True,True,True,0.85,True,True,True,10,True,False,True,False,True,False,True,False,False,0,0,True,10,15,24,24,,,,False,False,False,
157,2026-08-18T21:57:24.607777,shadow,analysis_full,silero,webrtc,False,0.026560738682746887,True,True,False,1,True,True,False,1,0.0,,,,,,,,,,,,,0.0024169005681671297,0.7278720000049749,0.21801190222491845,0.054116097356353664,,,,,,,,,,,,,,False,True,temporal_v1,False,0.00015302134610654797,0.12108559498956159,3.7717944726163743,0.8979226465301977,69.8553368807832,1558.2453984111332,0.0017591942503649687,0.0005269130903546021,0.00013079322644755887,0.0,0.0,0.060679060684339516,0.05562515669831464,0.01189443101835134,0.01483430390270607,0.35532678967858733,64.55461236281982,0.0058768315671526815,1.8399478315941737,-0.0011058212946992035,1566.6666666666667,0.005836658260173505,True,0.03579594008624554,0.060679060684339516,True,True,True,0.85,True,True,True,11,True,False,True,False,True,False,True,False,False,0,0,True,11,15,24,24,,,,False,False,False,
158,2026-08-18T21:57:24.620732,shadow,analysis_full,silero,webrtc,False,0.019702410325407982,True,True,False,1,True,True,False,1,0.0,,,,,,,,,,,,,0.0019082626426433584,0.758497391003811,0.18900514155619866,0.052497466915953465,,,,,,,,,,,,,,False,True,temporal_v1,False,0.00013661554216544948,0.17118997912317327,3.703321041233431,0.9017965023519644,68.83936362074037,1584.4145185095342,0.0014474122357950251,0.0003606714508992137,0.00010017895494911963,0.0,0.0,0.061448980197458154,0.05710348047099963,0.012232842644663854,0.018296725356664288,0.3553778275516555,61.35154867567716,0.002089821475762209,1.1422362765508032,-0.0006739242933253394,1566.6666666666667,0.024085328504028922,True,0.03371349349617958,0.061448980197458154,True,True,True,0.85,True,True,True,12,True,False,True,False,True,False,True,False,False,0,0,True,12,15,24,24,,,,False,False,False,
159,2026-08-18T21:57:24.642482,shadow,analysis_full,silero,webrtc,False,0.014771723188459873,True,True,False,1,True,True,False,1,0.0,,,,,,,,,,,,,0.0019294064502217156,0.7024359536813822,0.22269028111035682,0.07487376468996686,,,,,,,,,,,,,,False,True,temporal_v1,False,0.0001369812508024353,0.1941544885177453,3.847165176629371,0.8877889730058853,68.79591335201818,1612.4350367295992,0.0013552844599005011,0.00042966006477600954,0.000144461924545205,0.0,0.0,0.06067991895179092,0.05676532774820041,0.015669017539976522,0.024328446149406623,0.3611998053838856,63.1023217192111,0.0032462640342841246,1.353225406114162,-0.0008118290320759509,1733.3333333333335,0.020069129665261434,True,0.0322918426245451,0.06067991895179092,True,True,True,0.85,True,True,True,13,True,False,True,False,True,False,True,False,False,0,0,True,13,15,24,24,,,,False,False,False,
160,2026-08-18T21:57:24.657126,shadow,analysis_full,silero,webrtc,False,0.014771723188459873,True,True,False,1,False,True,False,0,0.0,,,,,,,,,,,,,0.00240926936278679,0.9064543757353292,0.0634967503877171,0.030048873461890075,,,,,,,,,,,,,,False,False,temporal_v1,False,0.00014936204028305047,0.12943632567849686,2.434276586021809,0.9329213482346359,69.80101372159774,1564.596960027457,0.002183892756223154,0.00015298077534564705,7.239583021798879e-05,0.0,0.0,0.08176407897495311,0.07660517262556493,0.015790217936560692,0.024503383300411206,0.4642846472334446,63.048482095201685,0.008535340861639255,0.8887084182760008,-0.0005353702220369949,733.3333333333334,0.018060151098952426,True,0.030639235861599445,0.08176407897495311,True,True,True,0.85,False,False,False,0,True,False,True,False,True,False,True,False,False,0,0,False,0,15,24,24,,,,False,False,False,
161,2026-08-18T21:57:24.674791,shadow,analysis_full,silero,webrtc,False,0.013946508057415485,True,True,False,1,False,True,False,0,0.0,,,,,,,,,,,,,0.004211130855331383,0.9223607233243801,0.06625950729698925,0.011379769141164656,,,,,,,,,,,,,,False,False,temporal_v1,False,0.00019426211265564166,0.08977035490605428,1.9376472486283234,0.9472958362403263,72.2331076831164,1421.0545465545747,0.0038841817017370704,0.0002790274556374064,4.7921696956906397e-05,0.0,0.0,0.09029627430043148,0.08161722414386821,0.01800192453485378,0.0290510626919398,0.5910864217186907,66.51874951709601,0.006862912107844502,0.9669613088681019,-0.0005767400104476123,733.3333333333334,0.009242549762765806,True,0.028043621219694614,0.09029627430043148,True,True,True,0.85,False,False,False,0,True,False,True,False,True,False,True,False,False,0,0,False,0,15,24,24,,,,False,False,False,
162,2026-08-18T21:57:24.690341,shadow,analysis_full,silero,webrtc,False,0.015691198408603668,True,True,False,1,False,True,False,0,0.0,,,,,,,,,,,,,0.002499397489581138,0.9397569041833259,0.03973304348402071,0.020510051932556915,,,,,,,,,,,,,,False,False,temporal_v1,False,0.0001511145499870098,0.0918580375782881,2.0429458387535915,0.9420628542438657,69.94967286329113,1473.0123551604802,0.002348826047132347,9.930866913737956e-05,5.1262772311411524e-05,0.0,0.0,0.1021790216415159,0.09098055946016698,0.018660539202340315,0.03071164995231569,0.680681479541074,68.38634764267084,0.005185035501371564,1.012285910079953,-0.0005940842237556433,733.3333333333334,0.007993590132661215,True,0.023131574504077435,0.1021790216415159,True,True,True,0.85,False,False,False,0,True,False,True,False,True,False,True,False,False,0,0,False,0,15,24,24,,,,False,False,False,
163,2026-08-18T21:57:24.704398,shadow,analysis_full,silero,webrtc,False,0.015103594399988651,True,True,False,1,False,True,False,0,0.0,,,,,,,,,,,,,0.002795997795353344,0.933519579418806,0.04643132083162041,0.020049099391919394,,,,,,,,,,,,,,False,False,temporal_v1,False,0.00016004120617436383,0.08977035490605428,2.023100909927888,0.9427356782506342,70.47232859430744,1423.9322342935538,0.0026101186859741627,0.00012982187068055447,5.60572376986267e-05,0.0,0.0,0.11118385048987793,0.09889032078162854,0.01907532365130982,0.032876859599214235,0.7455033351860488,71.92088599108884,0.0024300061458540677,1.2315107176206805,-0.0007450581661784262,733.3333333333334,0.006122085540103156,True,0.017696804367005825,0.11118385048987793,True,True,True,0.85,False,False,False,0,True,False,True,False,True,False,True,False,False,0,0,False,0,15,24,24,,,,False,False,False,
164,2026-08-18T21:57:24.718867,shadow,analysis_full,silero,webrtc,False,0.016343362629413605,True,True,False,1,False,True,False,0,0.0,,,,,,,,,,,,,0.0025101449505411915,0.9428342101825019,0.04355769211186133,0.013608097307253566,,,,,,,,,,,,,,False,False,temporal_v1,False,0.0001523662323458347,0.1022964509394572,1.9160184364118917,0.9483979787411458,70.05361175649625,1331.6321971138332,0.0023666505318870996,0.0001093361209118166,3.4158296742275724e-05,0.0,0.0,0.10441791590676185,0.08668754234630138,0.020274491959422145,0.03354874225737063,0.8067555724064414,90.76257239370435,0.005895520754797741,1.386037835805789,-0.0008384824378713857,733.3333333333334,0.0037018291555415295,True,0.016017280519008636,0.10441791590676185,True,True,True,0.85,False,False,False,0,True,False,True,False,True,False,True,False,False,0,0,False,0,15,24,24,,,,False,False,False,
165,2026-08-18T21:57:24.727366,shadow,analysis_full,silero,webrtc,False,0.015095878392457962,True,True,False,1,True,True,False,1,0.0,,,,,,,,,,,,,0.001266339932892844,0.6961522078008924,0.21625210697524444,0.08759568443418575,,,,,,,,,,,,,,False,True,temporal_v1,False,0.0001134286573809647,0.13569937369519833,3.6757193676240942,0.886379075908038,67.03678320431366,1661.317593130114,0.0008815653401097872,0.00027384867863496716,0.00011092591314808952,0.0,0.0,0.10060879132892489,0.07819937442697872,0.025251568527392725,0.03354874225737063,0.8069268197080641,96.29496442985362,0.015578038668382282,1.0883348987655528,-0.0006401498822345245,1700.0000000000002,0.030415979778173445,True,0.01539739640429616,0.10060879132892489,True,True,True,0.85,True,True,True,1,True,False,True,False,True,False,True,False,False,0,0,True,1,15,24,24,,,,False,False,False,
166,2026-08-18T21:57:24.734621,shadow,analysis_full,silero,webrtc,False,0.01365288533270359,True,True,False,1,True,True,False,1,0.0,,,,,,,,,,,,,0.003586548129868497,0.8315586052617066,0.12196332576179617,0.04647806869767759,,,,,,,,,,,,,,False,True,temporal_v1,False,0.00018304979939238024,0.10020876826722339,3.302017588724669,0.9193302894398165,71.5717210456617,1522.9134013468095,0.0029824249605774297,0.00043742733792351236,0.0001666958303675551,0.0,0.0,0.09961209861035386,0.07608271572198398,0.02501813075600138,0.03422844716382425,0.8166146210561084,96.23823618270018,0.004408723021329489,1.3204974011815251,-0.0007872657647011096,1100.0,0.013990976410844356,True,0.015099736396223307,0.09961209861035386,True,True,True,0.85,True,True,True,2,True,False,True,False,True,False,True,False,False,0,0,True,2,15,24,24,,,,False,False,False,
167,2026-08-18T21:57:24.741223,shadow,analysis_full,silero,webrtc,False,0.01481601595878601,True,True,False,1,False,True,False,0,0.0,,,,,,,,,,,,,0.0071900187479383955,0.9509722716340243,0.03745292599184501,0.011574802235048932,,,,,,,,,,,,,,False,False,temporal_v1,False,0.0002532808977325361,0.08768267223382047,1.5854763812515331,0.9483723258810848,74.5906108240678,1472.651354056072,0.006837508461818199,0.00026928724004651484,8.322304507368106e-05,0.0,0.0,0.0978319721375781,0.07267931636187035,0.026041786744760414,0.03580177964918122,0.8370933137024211,95.84854443303595,0.020384532980140983,0.9626288791613536,-0.0005800198121310544,700.0,0.010087495192115081,True,0.014955947175621986,0.0978319721375781,True,True,True,0.85,False,False,False,0,True,False,True,False,True,False,True,False,False,0,0,False,0,15,24,24,,,,False,False,False,
168,2026-08-18T21:57:24.748928,shadow,analysis_full,silero,webrtc,False,0.015053887851536274,True,True,False,1,False,True,False,0,0.0,,,,,,,,,,,,,0.008458543610918523,0.9514680007752037,0.040750538902920984,0.007781460203651631,,,,,,,,,,,,,,False,False,temporal_v1,False,0.000275324649671372,0.08559498956158663,1.6248669074991682,0.9536974231025729,75.3504639014699,1378.5098572023696,0.008048033578950519,0.000344690210478789,6.581982048921425e-05,0.0,0.0,0.09520891607042349,0.06899447964565154,0.026801055504352838,0.03242299567151094,0.8064264429195511,99.02649638971715,0.0019253615682948222,0.9426638123457113,-0.0005638669955613233,700.0,0.010277618266529339,True,0.014934951905161142,0.09520891607042349,True,True,True,0.85,False,False,False,0,True,False,True,False,True,False,True,False,False,0,0,False,0,15,24,24,,,,False,False,False,
169,2026-08-18T21:57:24.755112,shadow,analysis_full,silero,webrtc,False,0.014370815828442574,True,True,False,1,False,True,False,0,0.0,,,,,,,,,,,,,0.00832320359203094,0.9717718268945471,0.01908241067083874,0.009145762314468018,,,,,,,,,,,,,,False,False,temporal_v1,False,0.0002721680791733751,0.08768267223382047,1.88622325819722,0.9570190543278873,75.26392805062207,1227.8850308670308,0.008088254760243163,0.00015882678904013454,7.61220417476414e-05,0.0,0.0,0.07842040143076813,0.05551742067674287,0.02342299881911868,0.01712536161571259,0.6664112451104987,115.7886908102792,0.005344910441289185,1.501477533628913,-0.0009067217948649618,700.0,0.0019350085191495833,True,0.014934951905161142,0.07842040143076813,True,True,True,0.85,False,False,False,0,True,False,True,False,True,False,True,False,False,0,0,False,0,15,24,24,,,,False,False,False,
170,2026-08-18T21:57:24.766489,shadow,analysis_full,silero,webrtc,False,0.011595547199249268,True,True,False,1,False,True,False,0,0.0,,,,,,,,,,,,,0.008155983009879275,0.9438267390382682,0.03927052206784495,0.016902738771277598,,,,,,,,,,,,,,False,False,temporal_v1,False,0.000269373686443903,0.08768267223382047,1.660180210810742,0.9441181414349546,75.11430942000895,1566.4622945102883,0.007697834847865875,0.0003202897107744325,0.00013785845023896778,0.0,0.0,0.0793012477670167,0.05625018450446267,0.023517326250713993,0.014295672915048008,0.6843935110922037,115.97812551752283,0.004954193925783383,0.9095762165333177,-0.0005347541960199392,700.0,0.015523668381807269,True,0.014934951905161142,0.0793012477670167,True,True,True,0.85,False,False,False,0,True,False,True,False,True,False,True,False,False,0,0,False,0,15,24,24,,,,False,False,False,
171,2026-08-18T21:57:24.782159,shadow,analysis_full,silero,webrtc,False,0.009264686144888401,True,True,False,1,False,True,False,0,0.0,,,,,,,,,,,,,0.006770560383643883,0.8943095920795672,0.08697598620460055,0.01871442156813394,,,,,,,,,,,,,,False,False,temporal_v1,False,0.00024853346164140197,0.08559498956158663,2.3951311294583846,0.9414056731132581,74.39174942536211,1436.0359616563385,0.006054977094846639,0.0005888761665252254,0.0001267071212720183,0.0,0.0,0.07925469728769947,0.05656260732927327,0.02320896729708645,0.0145255313459699,0.6829277237980641,115.71766396132288,0.0033838774696807127,1.1077172903095578,-0.0006614754536702461,833.3333333333334,0.014043949730178466,True,0.014934951905161142,0.07925469728769947,True,True,True,0.85,False,False,False,0,True,False,True,False,True,False,True,False,False,0,0,False,0,15,24,24,,,,False,False,False,
172,2026-08-18T21:57:24.797728,shadow,analysis_full,silero,webrtc,False,0.008640729822218418,True,True,False,1,False,True,False,0,0.0,,,,,,,,,,,,,0.004602749844142652,0.9195386816899105,0.06409037433210595,0.01637094376072213,,,,,,,,,,,,,,False,True,temporal_v1,False,0.00020496377830446245,0.08350730688935282,2.76623796208515,0.9491919609000578,72.7195978644295,1301.176313712255,0.004232406523831375,0.0002949919604681449,7.53513588431319e-05,0.0,0.0,0.07861327666452753,0.05576230515871464,0.023326172424981,0.014939699927194022,0.6993848420491903,123.44141919568452,0.0075671851036983075,1.6940627321835715,-0.0010262108791127106,700.0,0.0030379551180830093,True,0.014593415893614292,0.07861327666452753,True,True,True,0.85,False,False,False,0,True,False,True,False,True,False,True,False,False,0,0,False,0,15,24,24,,,,False,False,False,
173,2026-08-18T21:57:24.812970,shadow,analysis_full,silero,webrtc,False,0.006981363520026207,True,True,False,1,False,True,False,0,0.0,,,,,,,,,,,,,0.002136633182220453,0.8829598236843472,0.09589762029952528,0.021142555548101457,,,,,,,,,,,,,,False,False,temporal_v1,False,0.0001419091471966648,0.0918580375782881,2.4952144130799816,0.9365515947546592,69.35152618430341,1419.011177741851,0.0018865612578514968,0.0002048980376279434,4.517388574101271e-05,0.0,0.0,0.0781506181531878,0.05550520403186012,0.023306096049583412,0.014885631290167754,0.6961408185831018,123.48340585707773,0.004711307200665431,1.5701328574085838,-0.0009491491456249727,800.0,0.005149960765865747,True,0.014011850580573082,0.0781506181531878,True,True,True,0.85,False,False,False,0,True,False,True,False,True,False,True,False,False,0,0,False,0,15,24,24,,,,False,False,False,
174,2026-08-18T21:57:24.832609,shadow,analysis_full,silero,webrtc,False,0.2265336513519287,True,True,True,1,True,True,False,1,0.0,,,,,,,,,,,,,0.22674871631313762,0.48603530912256343,0.5023178819579863,0.011646808915040037,,,,,,,,,,,,,,False,True,temporal_v1,False,0.0014072234994229006,0.1022964509394572,3.4061805001888756,0.9049393245429501,89.34837691567274,1389.8891602618746,0.11020788242640028,0.11389993491510758,0.0026408989706297355,0.0,0.0,0.1443627638611304,0.13782994195238452,0.023408587850886422,0.014885631290167754,0.7489148198854964,119.94572701802022,0.01964991995381439,1.2364724326074101,-0.0007316815243558743,1366.6666666666667,0.00804189305275362,True,0.014011850580573082,0.1443627638611304,True,True,True,0.85,True,True,True,1,True,True,True,True,True,True,True,False,False,1,0,True,1,15,24,24,,,,False,False,False,
175,2026-08-18T21:57:24.852693,shadow,analysis_full,silero,webrtc,True,0.8083203434944153,True,True,True,1,True,True,False,1,0.0,,,,,,,,,,,,,1.1746871273032577,0.5423750110872794,0.44560607176368133,0.012018917148187912,,,,,,,,,,,,,,False,True,temporal_v1,False,0.0032004549163800323,0.11064718162839249,2.982105788149418,0.9028152679381924,96.47714883922731,1444.2482323959266,0.6371209436951888,0.5234477163489681,0.014118467258100722,0.0,0.0,0.16669874503807924,0.16744016506284712,0.010576943146107924,0.008546759703740595,0.6620126665822583,94.41720293436688,0.010710165549912803,1.1449416348828902,-0.0006747279444707795,1400.0,0.006534358003215283,True,0.014011850580573082,0.16669874503807924,True,True,True,0.85,True,True,True,2,True,True,True,True,True,True,True,False,False,2,0,True,2,15,24,24,,,,False,False,False,
176,2026-08-18T21:57:24.866437,shadow,analysis_full,silero,webrtc,True,0.8083203434944153,True,True,True,1,True,True,False,1,0.0,,,,,,,,,,,,,2.239962310784199,0.6327307500563847,0.3543804372527378,0.012888812690430943,,,,,,,,,,,,,,False,True,temporal_v1,False,0.0044188145937316,0.10855949895615867,2.303499061262691,0.908396393842254,99.30587615100902,1455.125368306336,1.417293033000519,0.7937988231253574,0.028870454657322405,0.0,0.0,0.177713051727028,0.17835677641510073,0.004071521839216756,0.009621476928436672,0.5915468370853035,88.75267707266278,0.014509544288790177,1.1749823316627108,-0.000696843284901596,1300.0,0.0049363161562044,True,0.014593415893614292,0.177713051727028,True,True,True,0.85,True,True,True,3,True,True,True,True,True,True,True,True,False,3,0,True,3,15,24,24,,,,False,False,False,
177,2026-08-18T21:57:24.881428,shadow,analysis_full,silero,webrtc,True,0.8455424308776855,True,True,True,1,True,True,False,1,0.0,,,,,,,,,,,,,1.7912694857893285,0.6701145691883369,0.3113880765401695,0.01849735427093534,,,,,,,,,,,,,,False,True,temporal_v1,False,0.0039547779769681475,0.12317327766179541,2.467796655734171,0.9084933672963367,98.34270768991286,1474.151915033468,1.2003557797699296,0.5577799597450375,0.03313374627336139,0.0,0.0,0.17660529391327418,0.1771456548730882,0.004217050484048263,0.012938580736823524,0.5404156073599876,88.86120094273771,0.00846194606602491,1.2933320487453728,-0.0007596248839113487,1300.0,0.0035483362359312828,True,0.014712351839989424,0.17660529391327418,True,True,True,0.85,True,True,True,4,True,True,True,True,True,True,True,True,False,4,0,True,4,15,24,24,,,,False,False,False,
178,2026-08-18T21:57:24.896208,shadow,analysis_full,silero,webrtc,True,0.9133725166320801,True,True,True,1,True,True,False,1,0.0,,,,,,,,,,,,,1.4892721906709894,0.8334746037666944,0.14972273007148154,0.01680266616115253,,,,,,,,,,,,,,False,False,temporal_v1,False,0.0036081531742160867,0.11064718162839249,2.4651433279316546,0.9216003034715626,97.60809193362455,1501.2275439995603,1.2412705490202598,0.22297789820679653,0.02502374344293293,0.0,0.0,0.16917602126269807,0.17048834549884784,0.003600866085966501,0.012978940327657246,0.47491132311859563,92.18036371880413,0.005541686198233795,0.8558982103595574,-0.0005048200220261213,1100.0,0.011111386294095348,True,0.12045223359018564,0.16917602126269807,True,True,True,0.85,True,True,True,5,True,True,True,True,True,True,True,True,False,5,0,True,5,15,24,24,,,,False,False,False,
179,2026-08-18T21:57:24.902548,shadow,analysis_full,silero,webrtc,True,0.9386892914772034,True,True,True,1,False,True,False,0,0.0,,,,,,,,,,,,,0.6681664335116164,0.9012577671717698,0.09311112284017807,0.0056311099865556475,,,,,,,,,,,,,,False,False,temporal_v1,False,0.0024382334781106432,0.09394572025052192,2.2158943046077,0.9557459483163021,94.36105349322946,1116.8853643543048,0.6021901879658041,0.062213726868383785,0.0037625186764285333,0.0,0.0,0.1622691027408919,0.163643259098512,0.004299242739126669,0.012553900942273828,0.44270680574940535,117.91867981201052,0.008505121768177587,1.1622855196449224,-0.0007003949899066239,900.0000000000001,0.0030116204884704286,True,0.517426997423172,0.1622691027408919,True,False,True,0.85,False,False,False,0,True,True,True,True,True,True,True,True,False,6,0,False,0,15,24,24,,,,False,False,False,
180,2026-08-18T21:57:24.908601,shadow,analysis_full,silero,webrtc,True,0.9662637114524841,True,True,True,1,False,True,False,0,0.0,,,,,,,,,,,,,0.34120036094212397,0.8604186936605204,0.12537497054876723,0.014206335787781622,,,,,,,,,,,,,,False,False,temporal_v1,False,0.0017722378139789143,0.07724425887265135,2.283258872608467,0.9606515743802917,91.61184484985135,1108.980455564493,0.29357516883832036,0.042777985204347536,0.004847206898456103,0.0,0.0,0.15514097187437925,0.15630938117456458,0.0042596911228225095,0.013881127523907551,0.35258154416318266,135.88120116117403,0.009563391694586388,1.205631103754187,-0.000702817650365413,866.6666666666667,0.002487225780232352,True,0.8083203434944153,0.15514097187437925,True,False,True,0.85,False,False,False,0,True,True,True,True,True,True,True,False,False,7,0,False,0,15,24,24,,,,False,False,False,
181,2026-08-18T21:57:24.922849,shadow,analysis_full,silero,webrtc,True,0.9729447364807129,True,True,True,1,False,True,False,0,0.0,,,,,,,,,,,,,0.17114172621831636,0.8776290497683371,0.11122745279797266,0.011143497427847105,,,,,,,,,,,,,,False,False,temporal_v1,False,0.0012970613219881232,0.09603340292275574,2.4357173268504906,0.9542269321706692,88.87015444609104,1264.7566779780593,0.15019895055669388,0.019035658274711344,0.001907117385911122,0.0,0.0,0.1537967364454363,0.1543578591494878,0.004167059672588678,0.013230045526308862,0.35068109642254885,136.59941407020264,0.010856125998487983,0.9647043797041089,-0.000584236361939588,866.6666666666667,0.010038508585015494,True,0.8269313871860504,0.1537967364454363,True,False,True,0.85,False,False,False,0,True,True,True,True,True,True,True,False,False,8,0,False,0,15,24,24,,,,False,False,False,
182,2026-08-18T21:57:24.931327,shadow,analysis_full,silero,webrtc,True,0.976498007774353,True,True,True,1,False,True,False,0,0.0,,,,,,,,,,,,,0.13076033110375246,0.7586362356838228,0.214205067282041,0.02715869702648848,,,,,,,,,,,,,,False,True,temporal_v1,False,0.0010997213380347685,0.12734864300626306,2.982874963476851,0.9313394979472832,87.33037787149017,1490.0898785233828,0.09919952536532105,0.028009525521901255,0.003551280215530131,0.0,0.0,0.14446624043521406,0.1449624413433586,0.005733962376720554,0.0143261281539021,0.36766708422032907,141.8428953442119,0.011011535088464268,0.8836704240767742,-0.0005234727367210927,1100.0,0.020731314334950353,True,0.8794574737548828,0.14446624043521406,True,False,True,0.85,True,False,False,0,True,True,True,True,True,True,True,False,False,9,0,False,0,15,24,24,,,,False,False,False,
183,2026-08-18T21:57:24.937893,shadow,analysis_full,silero,webrtc,True,0.9673599600791931,True,True,True,1,False,True,False,0,0.0,,,,,,,,,,,,,0.08042551396850996,0.4812398482235587,0.42871171774696215,0.09004843401704524,,,,,,,,,,,,,,False,True,temporal_v1,False,0.0008732439076501519,0.17118997912317327,3.650742603605933,0.8671653080049696,85.01514190087569,1534.6677122077565,0.03870396213550743,0.0344793602441222,0.0072421915878803185,0.0,0.0,0.15580519873255977,0.14618347890716513,0.023308478878958996,0.02400471970363691,0.4798580042766736,150.13129331146806,0.006774670264390123,1.904156627604117,-0.0011437533713164248,1966.6666666666667,0.0030030157891336048,True,0.9260309040546417,0.15580519873255977,True,False,True,0.85,True,False,False,0,True,True,True,True,True,True,True,False,True,0,0,False,0,15,24,15,,,,False,False,False,
184,2026-08-18T21:57:24.943961,shadow,analysis_full,silero,webrtc,True,0.9561296105384827,True,True,True,1,False,True,False,0,0.0,,,,,,,,,,,,,0.5756291601042405,0.4859254939190773,0.5082195872952149,0.005854918783970626,,,,,,,,,,,,,,False,True,temporal_v1,False,0.002274941316768532,0.13569937369519833,2.9203249591233518,0.9143324676129096,93.56686805862208,1376.7546522346759,0.2797128839378767,0.29254601418326825,0.0033702619820955523,0.0,0.0,0.15582059169569976,0.14711459462512277,0.023628418789331668,0.02472031390516182,0.4298439753445386,150.07899857925366,0.015842915806395932,0.9076342871058066,-0.0005410319059250995,1200.0,0.00963346921862637,True,0.947409451007843,0.15582059169569976,True,False,True,0.85,True,False,False,0,True,True,True,True,True,True,True,False,True,0,0,False,0,15,24,15,,,,False,False,False,
185,2026-08-18T21:57:24.949769,shadow,analysis_full,silero,webrtc,True,0.9821334481239319,True,True,True,1,False,True,False,0,0.0,,,,,,,,,,,,,2.4807630684369837,0.5230281577661582,0.4673237967243591,0.009648045509079602,,,,,,,,,,,,,,False,False,temporal_v1,False,0.004649926065430288,0.11482254697286012,2.4346768584908203,0.9115917043754173,99.76409893791228,1466.5143484541748,1.2975089375389173,1.1593196159155423,0.023934514981523974,0.0,0.0,0.15792593832728566,0.14976543732586,0.023733272544104674,0.02467089793589539,0.4214810941765194,151.22560407897188,0.019737121666006767,0.8802755550463949,-0.0005154987955832803,1133.3333333333335,0.008993362271555378,True,0.9611966609954834,0.15792593832728566,True,False,True,0.85,True,False,False,0,True,True,True,True,True,True,True,False,True,0,0,False,0,15,24,15,,,,False,False,False,
186,2026-08-18T21:57:24.955853,shadow,analysis_full,silero,webrtc,True,0.9774004817008972,True,True,True,1,False,True,False,0,0.0,,,,,,,,,,,,,2.867294648077633,0.4163665763568004,0.575232116395896,0.008401307246954773,,,,,,,,,,,,,,False,True,temporal_v1,False,0.004994469486036312,0.12108559498956159,2.66604630516431,0.9080744406031737,100.36801387689775,1273.0952891105617,1.193845656026261,1.6493599687443228,0.024089023306049256,0.0,0.0,0.17936155828788453,0.17396948003044166,0.023927581098795458,0.024585953770009005,0.4084326169644149,151.91058945395565,0.01125971055355014,1.7482736549234728,-0.0010408215804664596,1333.3333333333335,0.0006984990676149254,True,0.9668118357658386,0.17936155828788453,True,False,True,0.85,True,False,False,0,True,True,True,True,True,True,True,False,True,0,0,False,0,15,24,15,,,,False,False,False,
187,2026-08-18T21:57:24.962420,shadow,analysis_full,silero,webrtc,True,0.9827784895896912,True,True,True,1,False,True,False,0,0.0,,,,,,,,,,,,,4.078607439820214,0.8035499112015527,0.18838104070380474,0.008069048094397385,,,,,,,,,,,,,,False,False,temporal_v1,False,0.005957147541215037,0.11064718162839249,1.7785196180094394,0.9282205115215658,101.99443769266317,1371.0075492728329,3.2773646460935253,0.7683323141356125,0.03291047959007629,0.0,0.0,0.18299620781039522,0.17694318806732215,0.024227926151999857,0.024564671832439225,0.4847721323143015,147.28946297620195,0.020469987893696293,0.9092814785893825,-0.0005342628958757429,1100.0,0.0032994859479676467,True,0.970152348279953,0.18299620781039522,True,False,True,0.85,True,False,False,0,True,True,True,True,True,True,True,False,True,0,0,False,0,15,24,15,,,,False,False,False,
188,2026-08-18T21:57:24.968836,shadow,analysis_full,silero,webrtc,True,0.9723735451698303,True,True,True,1,False,True,False,0,0.0,,,,,,,,,,,,,0.8126894836890546,0.7957601704958394,0.1999890736334976,0.004250755869432541,,,,,,,,,,,,,,False,True,temporal_v1,False,0.0026620257176089425,0.12734864300626306,2.6030032962652467,0.9257777158806633,94.98596724903267,1260.7818536377138,0.6467059221005778,0.1625290169946595,0.00345454459281735,0.0,0.0,0.1804570206660084,0.17368000927607594,0.02466650236428956,0.02472031390516182,0.4831729913441866,140.15774076983098,0.013483825387018837,1.3062741216952096,-0.0007771090216225443,1100.0,0.0028759436131576125,True,0.9726591408252716,0.1804570206660084,True,False,True,0.85,True,False,False,0,True,True,True,True,True,True,True,False,True,0,0,False,0,15,24,15,,,,False,False,False,
189,2026-08-18T21:57:24.979485,shadow,analysis_full,silero,webrtc,True,0.9616804718971252,True,True,True,1,False,True,False,0,0.0,,,,,,,,,,,,,0.18615125562581036,0.6688943758665559,0.3208348836869395,0.010270740441132662,,,,,,,,,,,,,,False,False,temporal_v1,False,0.0012741521900637505,0.13987473903966596,2.307999756116718,0.909315123374215,88.50618421517842,1579.652087889549,0.12451552794860211,0.05972381644688461,0.0019119112293236346,0.0,0.0,0.16620494610388384,0.16065829348589097,0.02446399116271412,0.02417118240590794,0.47665219334452197,139.75335649031166,0.015266592132551635,0.8610333960619263,-0.0005093333445322553,1533.3333333333335,0.012018021401673858,True,0.9726591408252716,0.16620494610388384,True,False,True,0.85,True,False,False,0,True,True,True,True,True,True,True,False,True,0,0,False,0,15,24,15,,,,False,False,False,
190,2026-08-18T21:57:24.985438,shadow,analysis_full,silero,webrtc,True,0.9737924933433533,True,True,True,1,False,True,False,0,0.0,,,,,,,,,,,,,0.15941100518869172,0.6239236331401189,0.36649722572118026,0.009579141132427709,,,,,,,,,,,,,,False,False,temporal_v1,False,0.0011798395954252616,0.12526096033402923,2.571966464450067,0.9152064189618583,87.86588153152286,1439.6727490656724,0.09946029351984688,0.05842369115108019,0.001527020516764644,0.0,0.0,0.15334964795674833,0.14815450104575523,0.02459191612860737,0.018992176059363937,0.46480658844212736,109.2510328256312,0.00947935614874061,1.1008469559818062,-0.0006513770495979081,1300.0,0.007594182800452977,True,0.9733686149120331,0.15334964795674833,True,False,True,0.85,True,False,False,0,True,True,True,True,True,True,True,False,True,0,0,False,0,15,24,15,,,,False,False,False,
191,2026-08-18T21:57:24.991703,shadow,analysis_full,silero,webrtc,True,0.9558960199356079,True,True,True,1,False,True,False,0,0.0,,,,,,,,,,,,,0.06042185596949782,0.4968980905659514,0.4883029017604027,0.014799007657095638,,,,,,,,,,,,,,False,True,temporal_v1,False,0.0007272223521563298,0.12734864300626306,2.9496118709835644,0.9128956492891492,83.64668627804178,1425.2929679308359,0.0300235048596944,0.029504167599654893,0.000894183509148528,0.0,0.0,0.1368713638561903,0.13281462313092035,0.02450772738172927,0.015982707344821045,0.46830732582306284,98.64065454451391,0.009540881825296875,1.003786929541599,-0.0005936470185961472,1333.3333333333335,0.010406034318302304,True,0.9730830192565918,0.1368713638561903,True,False,True,0.85,True,False,False,0,True,True,True,True,True,True,True,False,True,0,0,False,0,15,24,15,,,,False,False,False,
192,2026-08-18T21:57:24.997223,shadow,analysis_full,silero,webrtc,True,0.9558960199356079,True,True,True,1,False,True,False,0,0.0,,,,,,,,,,,,,0.015859289164135724,0.5504497204790824,0.43880194252434634,0.010748336933516948,,,,,,,,,,,,,,False,True,temporal_v1,False,0.00037551627304558744,0.1315240083507307,3.1503980739719237,0.9146578154340621,77.8916175658932,1335.9231241596813,0.008729741287395449,0.006959086892278073,0.00017046098346220514,0.0,0.0,0.12749548746434447,0.12215677636952922,0.02444295678636471,0.01596087676287883,0.481419643466094,98.80276260566492,0.005716237408831599,1.0392057300343465,-0.0006120560345076115,1333.3333333333335,0.009378580637809214,True,0.9698667526245117,0.12749548746434447,True,False,True,0.85,True,False,False,0,True,True,True,True,True,True,True,False,True,0,0,False,0,15,24,15,,,,False,False,False,
193,2026-08-18T21:57:25.004547,shadow,analysis_full,silero,webrtc,True,0.8376250267028809,True,True,True,1,False,True,False,0,0.0,,,,,,,,,,,,,0.026060519878101093,0.4681553751580035,0.5240762769921694,0.00776834781145499,,,,,,,,,,,,,,False,True,temporal_v1,False,0.00047823956450407807,0.1336116910229645,2.616294261166435,0.9073439097816811,79.96899343892116,1358.815485924972,0.012200372460345024,0.013657700234195644,0.0002024471825604259,0.0,0.0,0.12861181777899922,0.12775820893738205,0.0027240960887970015,0.008710916929029252,0.3634037511088464,89.61959128592754,0.01105559074465222,1.2844861006910746,-0.0007599286380754742,1333.3333333333335,0.003371992807513081,True,0.9670270085334778,0.12861181777899922,True,False,True,0.85,True,False,False,0,True,True,True,True,True,True,True,False,True,0,0,False,0,15,24,15,,,,False,False,False,
194,2026-08-18T21:57:25.010678,shadow,analysis_full,silero,webrtc,True,0.6247283220291138,True,True,True,1,False,True,False,0,0.0,,,,,,,,,,,,,0.251108504812075,0.9247219921465604,0.07257371575984796,0.0027042920896094102,,,,,,,,,,,,,,False,False,temporal_v1,False,0.0015067136969179893,0.1022964509394572,2.6485787519098425,0.967018176426686,90.22808186676943,1225.1817264749484,0.23220555681476612,0.018223877253111944,0.0006790707431969409,0.0,0.0,0.15913742432785474,0.15700500329221995,0.0032027200168328576,0.010785462507799154,0.34827103141364474,102.28894094003124,0.03368980106602228,0.7569615189933473,-0.0004689823087170269,700.0,0.013770919767505163,True,0.9670270085334778,0.15913742432785474,True,False,True,0.85,False,False,False,0,True,True,True,True,True,True,True,False,True,0,0,False,0,15,24,15,,,,False,False,False,
195,2026-08-18T21:57:25.027871,shadow,analysis_full,silero,webrtc,True,0.9878756999969482,True,True,True,1,False,True,False,0,0.0,,,,,,,,,,,,,1.1365408126275731,0.9068094853504047,0.09114204713594075,0.002048467512774648,,,,,,,,,,,,,,False,False,temporal_v1,False,0.0031528623703312906,0.054279749478079335,1.9626828225679698,0.961699816814374,96.62117237616056,1275.7761895652955,1.0306259893785403,0.10358665631642267,0.0023281669316100816,0.0,0.0,0.17489065766798823,0.17212830795545733,0.0037280862314564085,0.023449053999330224,0.39290314805271,100.95850397022153,0.013493305025440293,0.8148686608561755,-0.0004871160061717439,833.3333333333334,0.007517044798344809,True,0.9670270085334778,0.17489065766798823,True,False,True,0.85,False,False,False,0,True,True,True,True,True,True,True,False,True,0,0,False,0,15,24,15,,,,False,False,False,
196,2026-08-18T21:57:25.054163,shadow,analysis_full,silero,webrtc,True,0.9975364208221436,True,True,True,1,False,True,False,0,0.0,,,,,,,,,,,,,1.1199967225108418,0.9215151572659073,0.07582853398251223,0.002656308750687525,,,,,,,,,,,,,,False,False,temporal_v1,False,0.003134355737845933,0.05636743215031315,2.1149744776217294,0.9644701339182862,96.582518968211,1263.8417635313251,1.0320939558818791,0.08492770953321568,0.002975057094746897,0.0,0.0,0.16845555269955761,0.16504323421818085,0.004031333276380993,0.029634065401317917,0.4076947287100498,101.73995757962972,0.003386292741489204,0.814091790271693,-0.0004827470149667117,633.3333333333334,0.007350831849362034,True,0.9670270085334778,0.16845555269955761,True,False,True,0.85,False,False,False,0,True,True,True,True,True,True,True,False,True,0,0,False,0,15,24,15,,,,False,False,False,
197,2026-08-18T21:57:25.074819,shadow,analysis_full,silero,webrtc,True,0.9948219060897827,True,True,True,1,False,True,False,0,0.0,,,,,,,,,,,,,0.9723667768441954,0.9695864781515466,0.026935807101511163,0.0034777147459137212,,,,,,,,,,,,,,False,False,temporal_v1,False,0.0029249520993308914,0.054279749478079335,1.8596789587331304,0.9737022721386325,96.0229449698833,1226.1442716886852,0.9427936786319343,0.0261914839329934,0.003381614278267655,0.0,0.0,0.18374833918196642,0.1800971037669242,0.004175283808336308,0.03415387598921932,0.3944328186750317,108.32913439512194,0.004399714050936818,0.742717633778195,-0.0004574405918151537,633.3333333333334,0.007140065170811569,True,0.9670270085334778,0.18374833918196642,True,False,True,0.85,False,False,False,0,True,True,True,True,True,True,True,False,True,0,0,False,0,15,24,15,,,,False,False,False,
198,2026-08-18T21:57:25.094955,shadow,analysis_full,silero,webrtc,True,0.9939893484115601,True,True,True,1,False,True,False,0,0.0,,,,,,,,,,,,,0.2632219603085959,0.9583759711477005,0.040433384077878734,0.0011906447706219918,,,,,,,,,,,,,,False,False,temporal_v1,False,0.0015318350277297096,0.05636743215031315,2.149719686929766,0.9785169904040805,90.42506794704026,999.3980789666058,0.25226560183815205,0.01064295461888961,0.0003134038505542992,0.0,0.0,0.19543604492703026,0.1914604522892,0.004455841706308902,0.03613561005998965,0.40346479584941913,148.2524290235785,0.010997933292594065,0.9006019935025193,-0.0005487637204555198,500.00000000000006,0.003948090524651105,True,0.9677364826202393,0.19543604492703026,True,False,True,0.85,False,False,False,0,True,True,True,True,True,True,True,False,True,0,0,False,0,15,24,15,,,,False,False,False,
199,2026-08-18T21:57:25.114321,shadow,analysis_full,silero,webrtc,True,0.9917866587638855,True,True,True,1,False,True,False,0,0.0,,,,,,,,,,,,,0.09881789779290089,0.9050086365284187,0.08381623140226817,0.011175132059193535,,,,,,,,,,,,,,False,False,temporal_v1,False,0.0009295222754058789,0.06680584551148225,2.1258935988260665,0.9607809422351696,86.0035353133282,1422.857511845865,0.08943105094615786,0.008282543788095465,0.0011043030576475567,0.0,0.0,0.1985776653944184,0.19518343957372464,0.004539359902310473,0.03429459652692026,0.41270822832789933,125.81146756471303,0.008002960034909483,0.9766740308000307,-0.0005797718261894498,600.0,0.011269680655071373,True,0.9808340966701508,0.1985776653944184,True,False,True,0.85,False,False,False,0,True,True,True,True,True,True,True,False,True,0,0,False,0,15,24,15,,,,False,False,False,
200,2026-08-18T21:57:25.132492,shadow,analysis_full,silero,webrtc,True,0.9920902252197266,True,True,True,1,False,True,False,0,0.0,,,,,,,,,,,,,0.03116958236706478,0.8004883339305198,0.16086636374301488,0.038645302294382795,,,,,,,,,,,,,,False,False,temporal_v1,False,0.000529628456116304,0.12943632567849686,2.7767704015829353,0.9282083342728382,80.95764644750375,1587.1643346665064,0.024950887058321793,0.005014137374778105,0.001204557932964882,0.0,0.0,0.1923294295247879,0.1895042181805326,0.010671190165944672,0.034734045931423985,0.4248922144487883,148.27813239277285,0.004031477706407865,1.2247552397717987,-0.0007441496389206219,1233.3333333333335,0.013634873347737032,True,0.9898311793804169,0.1923294295247879,True,False,True,0.85,True,False,False,0,True,True,True,True,True,True,True,False,True,0,0,False,0,15,24,15,,,,False,False,False,
201,2026-08-18T21:57:25.141442,shadow,analysis_full,silero,webrtc,True,0.9939509630203247,True,True,True,1,False,True,False,0,0.0,,,,,,,,,,,,,0.24940218484379756,0.9713316441587578,0.020574656984278888,0.00809369885295372,,,,,,,,,,,,,,False,False,temporal_v1,False,0.0014919117483812843,0.07933194154488518,1.4966192997380583,0.9776006426366373,90.19066650655894,1210.1363772844215,0.2422522342611123,0.005131364404290854,0.0020185861773943958,0.0,0.0,0.17151651831585077,0.16928561720778504,0.010528207205738545,0.03266673067902905,0.47024310263929,145.87416755496784,0.024227637022281628,1.0038615519707117,-0.0006081022588943041,400.0,0.005101740568125957,True,0.991938441991806,0.17151651831585077,True,False,True,0.85,False,False,False,0,True,True,True,True,True,True,True,False,True,0,0,False,0,15,24,15,,,,False,False,False,
202,2026-08-18T21:57:25.150994,shadow,analysis_full,silero,webrtc,True,0.9993305206298828,True,True,True,1,False,True,False,0,0.0,,,,,,,,,,,,,1.0182247035331027,0.9860285647945803,0.008034978316410474,0.005936456888027078,,,,,,,,,,,,,,False,False,temporal_v1,False,0.003009929506173349,0.05010438413361169,1.1361274758818989,0.9812102701692484,96.30460691681746,1140.913629464952,1.0039986430631322,0.008181413414121964,0.006044647054848417,0.0,0.0,0.14654127372213807,0.14414828349957867,0.01054044134106828,0.03048660097392533,0.4896266778973171,151.43051062836514,0.00577247010693099,0.870407439893728,-0.0005360215834587854,400.0,0.004081901901412521,True,0.9930205941200256,0.14654127372213807,True,False,True,0.85,False,False,False,0,True,True,True,True,True,True,True,False,True,0,0,False,0,15,24,15,,,,False,False,False,
203,2026-08-18T21:57:25.165897,shadow,analysis_full,silero,webrtc,True,0.9988641738891602,True,True,True,1,False,True,False,0,0.0,,,,,,,,,,,,,0.8636232535662981,0.98891561638453,0.00640267901208637,0.004681704602225821,,,,,,,,,,,,,,False,False,temporal_v1,False,0.0027549887932156562,0.04592901878914405,1.2781307523478465,0.9834285034085851,95.54513013537897,934.3242861642229,0.8540505221245289,0.005529502479958682,0.0040432289608105755,0.0,0.0,0.05349660208946253,0.04550303056427565,0.010598564025797858,0.025518451634400433,0.5096108715934673,178.03122405981057,0.03080655175304326,0.9997358397686763,-0.0006147375231697649,400.0,0.0012229152167897506,True,0.9939701557159424,0.05349660208946253,True,False,True,0.85,False,False,False,0,True,True,True,True,True,True,True,False,True,0,0,False,0,15,24,15,,,,False,False,False,
204,2026-08-18T21:57:25.185858,shadow,analysis_full,silero,webrtc,True,0.9972851276397705,True,True,True,1,False,True,False,0,0.0,,,,,,,,,,,,,0.8086873802051867,0.989361778240151,0.0073874928181458304,0.003250728940466522,,,,,,,,,,,,,,False,False,temporal_v1,False,0.0026561717309546307,0.04801670146137787,0.9760120772710833,0.9846223028053951,95.23401262229216,1013.8027911782513,0.8000843845201726,0.0059741722133909835,0.002628823470623054,0.0,0.0,0.05592244161794699,0.04766101292054935,0.010572181199332056,0.023675646978833984,0.5286184617243512,189.36687915613632,0.007101359530231809,1.1072522654623027,-0.0006683664709198359,400.0,0.0015297678516230484,True,0.9944056272506714,0.05592244161794699,True,False,True,0.85,False,False,False,0,True,True,True,True,True,True,True,False,True,0,0,False,0,15,24,15,,,,False,False,False,
205,2026-08-18T21:57:25.202914,shadow,analysis_full,silero,webrtc,True,0.9940277338027954,True,True,True,1,False,True,False,0,0.0,,,,,,,,,,,,,0.27844050961009653,0.9551884225181719,0.0371130938773365,0.007698483600900207,,,,,,,,,,,,,,False,False,temporal_v1,False,0.0015576666299004442,0.05636743215031315,1.4061051137079363,0.9751426364036988,90.55535507936196,1293.321484301431,0.265963151139624,0.010333788772412929,0.0021435696970596245,0.0,0.0,0.05494831019880436,0.04596596195853603,0.010382107658208637,0.0235972795840414,0.536502480164104,190.0719082524216,0.010922974547113457,1.1251840450442352,-0.0006729489567260787,433.33333333333337,0.006255879673178435,True,0.9944248199462891,0.05494831019880436,True,False,True,0.85,False,False,False,0,True,True,True,True,True,True,True,False,True,0,0,False,0,15,24,15,,,,False,False,False,
206,2026-08-18T21:57:25.218884,shadow,analysis_full,silero,webrtc,True,0.9972705245018005,True,True,True,1,False,True,False,0,0.0,,,,,,,,,,,,,0.24968632168590602,0.9706518071463365,0.020467827527538694,0.008880365322119776,,,,,,,,,,,,,,False,False,temporal_v1,False,0.0014820527316534596,0.05219206680584551,1.8676787761171973,0.9756797906869553,90.12535053232779,1196.3911713748432,0.24235847936414617,0.005110536568252669,0.002217305752507163,0.0,0.0,0.05486298673181981,0.04546011987273488,0.010187027578750387,0.02377026359497333,0.5238295954327831,189.20766387332918,0.012583110792352,0.8988564821946723,-0.0005413864081967471,466.6666666666667,0.00617526829163177,True,0.9944248199462891,0.05486298673181981,True,False,True,0.85,False,False,False,0,True,True,True,True,True,True,True,False,True,0,0,False,0,15,24,15,,,,False,False,False,
207,2026-08-18T21:57:25.233576,shadow,analysis_full,silero,webrtc,True,0.9975603818893433,True,True,True,1,False,True,False,0,0.0,,,,,,,,,,,,,0.45440156258793574,0.8975092637499882,0.06882391233416832,0.0336668239136428,,,,,,,,,,,,,,False,False,temporal_v1,False,0.001999641614407155,0.1127348643006263,2.4533022538052567,0.9322423078287309,92.5301505754392,1477.220947986747,0.4078296118851424,0.031273693308061186,0.015298257393732171,0.0,0.0,0.05646116025487888,0.04588039296786499,0.012273050329210012,0.027573222515405522,0.5693915112678708,206.55057960819912,0.017157900284080176,0.9889305059187747,-0.0005931520915646204,800.0,0.012093833038125928,True,0.995649129152298,0.05646116025487888,True,False,True,0.85,False,False,False,0,True,True,True,True,True,True,True,False,True,0,0,False,0,15,24,15,,,,False,False,False,
208,2026-08-18T21:57:25.246999,shadow,analysis_full,silero,webrtc,True,0.9975603818893433,True,True,True,1,False,True,False,0,0.0,,,,,,,,,,,,,0.6681848933146664,0.9145977768427204,0.0699227969809089,0.015479426174874297,,,,,,,,,,,,,,False,False,temporal_v1,False,0.00241734443951063,0.1022964509394572,1.938165258393808,0.9363340270917427,94.1975696466769,1457.5591998020416,0.6111204179454841,0.04672135664095169,0.010343118727230635,0.0,0.0,0.05674039479210946,0.046411540065957324,0.011712919660789614,0.028764600667473633,0.5585929246647034,201.6155712895095,0.008520863077082934,0.7452485548801132,-0.0004449073656379242,800.0,0.00809836572047512,True,0.9972778260707855,0.05674039479210946,True,False,True,0.85,False,False,False,0,True,True,True,True,True,True,True,True,True,0,0,False,0,15,24,15,,,,False,False,False,
209,2026-08-18T21:57:25.262779,shadow,analysis_full,silero,webrtc,True,0.9960862398147583,True,True,True,1,False,True,False,0,0.0,,,,,,,,,,,,,0.6169623131942522,0.9556796833842625,0.04091758839693778,0.003402728217178923,,,,,,,,,,,,,,False,False,temporal_v1,False,0.0023190532437691856,0.09394572025052192,1.95422709625346,0.9533098694837512,93.91486621146045,1294.5361231482111,0.5896183481335051,0.025244609987705027,0.0020993550720420622,0.0,0.0,0.05583136612667619,0.044891977496710714,0.012109221934497207,0.029204434635135543,0.5491971077852179,195.68930078477447,0.00681846814151206,0.725628979011498,-0.00044028859737741435,766.6666666666667,0.0074151172565530025,True,0.9972778260707855,0.05583136612667619,True,False,True,0.85,False,False,False,0,True,True,True,True,True,True,True,True,True,0,0,False,0,15,24,15,,,,False,False,False,
210,2026-08-18T21:57:25.277446,shadow,analysis_full,silero,webrtc,True,0.9947973489761353,True,True,True,1,False,True,False,0,0.0,,,,,,,,,,,,,0.36378953290067856,0.9782308820274527,0.01855152879144602,0.0032175891783526134,,,,,,,,,,,,,,False,False,temporal_v1,False,0.0017834632325180136,0.06680584551148225,1.8964134681356237,0.9668260117266457,91.69449934383272,1279.849095584221,0.3558701556417858,0.006748851993633637,0.0011705252642591753,0.0,0.0,0.02992089157958777,0.02265387075024619,0.008814543260884185,0.023442547731373154,0.43216526247809894,163.45834983604234,0.008509773794688365,0.65100894497945,-0.0003890008011295778,766.6666666666667,0.007291123011324446,True,0.9972778260707855,0.02992089157958777,True,False,False,0.85,False,False,False,0,True,True,True,True,True,True,True,True,True,0,0,False,0,15,24,15,,,,False,False,False,
211,2026-08-18T21:57:25.293836,shadow,analysis_full,silero,webrtc,True,0.994481086730957,True,True,True,1,False,True,False,0,0.0,,,,,,,,,,,,,0.23087400008266967,0.9705397561178032,0.024508387606680556,0.004951856271184798,,,,,,,,,,,,,,False,False,temporal_v1,False,0.001445855364480271,0.05219206680584551,1.7738189800490034,0.9770386398597262,89.91609857305394,1016.1999910453945,0.2240723957341759,0.005658349482330867,0.0011432548651628873,0.0,0.0,0.029893815798472185,0.022523700284535115,0.00891205763291211,0.02386176544840008,0.4309500503202656,175.68882500332924,0.027190029696664498,1.3763998338384844,-0.0008367175657568485,500.00000000000006,0.0021840592605707663,True,0.9972778260707855,0.029893815798472185,True,False,False,0.85,False,False,False,0,True,True,True,True,True,True,True,False,True,0,0,False,0,15,24,15,,,,False,False,False,
212,2026-08-18T21:57:25.302663,shadow,analysis_full,silero,webrtc,True,0.9954181909561157,True,True,True,1,False,True,False,0,0.0,,,,,,,,,,,,,0.2625973875524119,0.9513368557544444,0.0470251428377463,0.0016380014040013676,,,,,,,,,,,,,,False,False,temporal_v1,False,0.0015237895315221614,0.05636743215031315,1.8086491652764654,0.9713369558893323,90.34724544355069,1135.9539740418372,0.24981857300344282,0.012348679658471192,0.000430134889497942,0.0,0.0,0.028740435234814662,0.021706977508477745,0.009155415378558369,0.023461132281407428,0.3935539663011004,175.89120084451372,0.007222985006851034,0.8168155819924451,-0.000497633091997331,800.0,0.004644313686492991,True,0.9966783821582794,0.028740435234814662,True,False,False,0.85,False,False,False,0,True,True,True,True,True,True,True,False,True,0,0,False,0,15,24,15,,,,False,False,False,
213,2026-08-18T21:57:25.318882,shadow,analysis_full,silero,webrtc,True,0.9937453269958496,True,True,True,1,False,True,False,0,0.0,,,,,,,,,,,,,0.06127103918710069,0.7663847229927949,0.22190730096822553,0.011707976022658575,,,,,,,,,,,,,,False,True,temporal_v1,False,0.0007395500201680546,0.1127348643006263,2.81574732420022,0.9404572596158556,83.92197657654765,1258.9179529731775,0.04695718839488684,0.013596490933527893,0.0007173598576859488,0.0,0.0,0.062219967044132116,0.0587936677797207,0.00909047075133066,0.025456891251299196,0.4765434217575009,150.09713517434778,0.03114704388669907,1.5285204501134158,-0.0009168555051063198,1133.3333333333335,0.0034620956066509783,True,0.995752215385437,0.062219967044132116,True,False,True,0.85,True,False,False,0,True,True,True,True,True,True,True,False,True,0,0,False,0,15,24,15,,,,False,False,False,
214,2026-08-18T21:57:25.333891,shadow,analysis_full,silero,webrtc,True,0.9860072135925293,True,True,True,1,False,True,False,0,0.0,,,,,,,,,,,,,0.048608786334722,0.3928221669107049,0.46353578782672733,0.1436420452419954,,,,,,,,,,,,,,False,True,temporal_v1,False,0.0006548543280315627,0.2045929018789144,3.9353838660810387,0.8160543620953488,82.2479098383436,1722.8206010095564,0.019094608778904957,0.02253191206896642,0.006982265485850625,0.0,0.0,0.17148380828459686,0.13333790272422383,0.04103837774082407,0.04469981631761527,0.6891456619080266,188.043401364172,0.012398283872657487,1.4598235259672692,-0.0008389143776247192,2433.3333333333335,0.009648476001077856,True,0.9951077699661255,0.17148380828459686,True,False,True,0.85,True,False,False,0,True,True,True,True,True,True,True,False,True,0,0,False,0,15,24,15,,,,False,False,False,
215,2026-08-18T21:57:25.349551,shadow,analysis_full,silero,webrtc,True,0.9599647521972656,True,True,True,1,False,True,False,0,0.0,,,,,,,,,,,,,0.03734302632609706,0.44991142881345375,0.46703883476350094,0.08304973639626666,,,,,,,,,,,,,,False,True,temporal_v1,False,0.000578234532066802,0.1941544885177453,3.6860587041250494,0.8472488158107756,81.32619265079097,1676.6478980548402,0.016801054330592747,0.01744064350188311,0.003101328492621207,0.0,0.0,0.21050031574250103,0.16999140335830024,0.04425037548852458,0.05245694788990199,0.7665592310262634,216.92151563824373,0.003708144599388701,1.2531163198233375,-0.0007437240180671253,2200.0,0.01776886985366892,True,0.9951077699661255,0.21050031574250103,True,False,True,0.85,True,False,False,0,True,True,True,True,True,True,True,False,True,0,0,False,0,15,24,15,,,,False,False,False,
216,2026-08-18T21:57:25.365542,shadow,analysis_full,silero,webrtc,True,0.990231454372406,True,True,True,1,False,True,False,0,0.0,,,,,,,,,,,,,0.6661561300308412,0.5922962713825202,0.40041002843193796,0.0072937001840406935,,,,,,,,,,,,,,False,True,temporal_v1,False,0.0024224733759793744,0.1315240083507307,2.915444954968898,0.9178980875142043,94.129686711713,1512.0065902607478,0.3945617919758765,0.2667355949657589,0.0048587430882057825,0.0,0.0,0.21483676892584574,0.1802265154159516,0.04433204330451168,0.049833995545017835,0.7564086970880144,214.9936054444543,0.015838819689962022,0.741430156726601,-0.0004423755248057686,1300.0,0.019015287202207,True,0.9946392178535461,0.21483676892584574,True,False,True,0.85,True,False,False,0,True,True,True,True,True,True,True,False,True,0,0,False,0,15,24,15,,,,False,False,False,
217,2026-08-18T21:57:25.379708,shadow,analysis_full,silero,webrtc,True,0.9977380037307739,True,True,True,1,False,True,False,0,0.0,,,,,,,,,,,,,2.4479351142784718,0.5165899957886654,0.475434794519366,0.007975209691560103,,,,,,,,,,,,,,False,True,temporal_v1,False,0.004616296796507662,0.10647181628392484,2.715141999424575,0.9237575960362393,99.7583596202088,1215.443303770058,1.264578790376042,1.163833528053726,0.019522795847703955,0.0,0.0,0.22536526779555308,0.19528519720203963,0.0448333619302075,0.04986940375944166,0.7582552594685098,217.86625759220527,0.01801896138293241,1.2966412554126914,-0.0007746755335585048,1100.0,0.002023091557853188,True,0.9946392178535461,0.22536526779555308,True,False,True,0.85,True,False,False,0,True,True,True,True,True,True,True,False,True,0,0,False,0,15,24,15,,,,False,False,False,
218,2026-08-18T21:57:25.392532,shadow,analysis_full,silero,webrtc,True,0.996606707572937,True,True,True,1,False,True,False,0,0.0,,,,,,,,,,,,,1.0453926034536272,0.58240061015571,0.4087970011152614,0.008802388728071955,,,,,,,,,,,,,,False,False,temporal_v1,False,0.003017842173727829,0.12108559498956159,2.4595717646934343,0.9242270391954456,96.06855121233014,1262.3346844310768,0.6088372901036586,0.42735336127991846,0.009201952069050003,0.0,0.0,0.22295409358936122,0.19519684628765843,0.045067480400144834,0.04981825048275459,0.732291969467323,216.723930765885,0.00612697455189483,1.5133105946389112,-0.0008924872048297093,1200.0,0.0013011785895467322,True,0.9946392178535461,0.22295409358936122,True,False,True,0.85,True,False,False,0,True,True,True,True,True,True,True,False,True,0,0,False,0,15,24,15,,,,False,False,False,
219,2026-08-18T21:57:25.407166,shadow,analysis_full,silero,webrtc,True,0.9950817823410034,True,True,True,1,False,True,False,0,0.0,,,,,,,,,,,,,0.17214784512226636,0.36836791974957833,0.6259643395631578,0.005667740681454976,,,,,,,,,,,,,,False,True,temporal_v1,False,0.0012297211722920689,0.1315240083507307,2.9205290592850175,0.9138735712630032,88.2194530325254,1308.8852315756997,0.06341374359706185,0.10775841217918022,0.0009756893450242795,0.0,0.0,0.22924795037622525,0.20891443761502457,0.04495100144391891,0.04958147455337299,0.7044501121415139,216.48227961335928,0.01656622173985626,1.0241424845316374,-0.0006104736308687867,1433.3333333333335,0.006434999300577733,True,0.9946392178535461,0.22924795037622525,True,False,True,0.85,True,False,False,0,True,True,True,True,True,True,True,False,True,0,0,False,0,15,24,15,,,,False,False,False,
220,2026-08-18T21:57:25.423958,shadow,analysis_full,silero,webrtc,True,0.9863889813423157,True,True,True,1,False,True,False,0,0.0,,,,,,,,,,,,,0.12239885874283746,0.5223315355764702,0.4686626527505976,0.009005811664762173,,,,,,,,,,,,,,False,True,temporal_v1,False,0.0010325402068701594,0.13569937369519833,2.8882453588084798,0.9140551064082492,86.70115337750472,1336.8726766467635,0.06393278383995375,0.057363773832063876,0.001102301069819823,0.0,0.0,0.204842880273577,0.18751994057076213,0.04466717338281271,0.046729128743236995,0.6533253439953296,215.60079525707093,0.015247683502706284,1.4195987455105454,-0.0008383126471576011,1400.0,0.0027187685399410557,True,0.9941132068634033,0.204842880273577,True,False,True,0.85,True,False,False,0,True,True,True,True,True,True,True,False,True,0,0,False,0,15,24,15,,,,False,False,False,
221,2026-08-18T21:57:25.440572,shadow,analysis_full,silero,webrtc,True,0.9829528331756592,True,True,True,1,False,True,False,0,0.0,,,,,,,,,,,,,0.05601486825497378,0.5183429462044287,0.45470643281378953,0.026950620963929545,,,,,,,,,,,,,,False,True,temporal_v1,False,0.0006996692544469844,0.14613778705636743,3.011546088726786,0.9037968507219546,83.26710077137596,1489.4729292593374,0.02903491184253603,0.025470320928753506,0.0015096354826842479,0.0,0.0,0.16695627494422446,0.1514141190235925,0.04399616205227831,0.0402094403089887,0.559195838226893,188.56618314935875,0.009238442781622417,1.2157597290696924,-0.0007144731669719338,1433.3333333333335,0.008126597661620636,True,0.9919883906841278,0.16695627494422446,True,False,True,0.85,True,False,False,0,True,True,True,True,True,True,True,False,True,0,0,False,0,15,24,15,,,,False,False,False,
222,2026-08-18T21:57:25.454527,shadow,analysis_full,silero,webrtc,True,0.9454147219657898,True,True,True,1,False,True,False,0,0.0,,,,,,,,,,,,,0.02468319054757473,0.5573665694886148,0.409392416513038,0.03324101395783374,,,,,,,,,,,,,,False,True,temporal_v1,False,0.00046627271075081947,0.1336116910229645,2.972448694939595,0.90904852888344,79.756028376481,1564.887921939958,0.013757585239535531,0.010105111025523396,0.0008204942815158015,0.0,0.0,0.10717955624401969,0.09444667220696644,0.0429262290983636,0.03088712226421615,0.4206393300531451,173.6546997630061,0.0047154258567982275,0.9393510947456293,-0.000553456112960638,1066.6666666666667,0.01931249648358407,True,0.9883102178573608,0.10717955624401969,True,False,True,0.85,True,False,False,0,True,True,True,True,True,True,True,False,True,0,0,False,0,15,24,15,,,,False,False,False,
223,2026-08-18T21:57:25.472268,shadow,analysis_full,silero,webrtc,True,0.9711437821388245,True,True,True,1,False,True,False,0,0.0,,,,,,,,,,,,,0.06989206976646724,0.86920181015927,0.11906615233674608,0.011732037489676054,,,,,,,,,,,,,,False,False,temporal_v1,False,0.0008191691640299214,0.0918580375782881,2.897445177610045,0.9581956882585159,84.8925398208765,1282.2062541861455,0.06075031355679131,0.008321779825944673,0.0008199763827312479,0.0,0.0,0.13178770136542003,0.11978850167192609,0.04292499508245641,0.033382692203515064,0.417138449598881,171.4217955957242,0.016631639460202508,0.9139498988235857,-0.0005519272796747372,800.0,0.015453100726782864,True,0.9861980974674225,0.13178770136542003,True,False,True,0.85,False,False,False,0,True,True,True,True,True,True,True,False,True,0,0,False,0,15,24,15,,,,False,False,False,
224,2026-08-18T21:57:25.486423,shadow,analysis_full,silero,webrtc,True,0.9711437821388245,True,True,True,1,False,True,False,0,0.0,,,,,,,,,,,,,0.11347635946584705,0.8799863339554378,0.1140356146881625,0.005978051347587237,,,,,,,,,,,,,,False,False,temporal_v1,False,0.0010158826280076234,0.06889352818371608,1.8905152281338853,0.9707281830357659,86.82062756802311,1082.355682217519,0.0998576455569602,0.012940346404262757,0.0006783675036241007,0.0,0.0,0.15710996003362565,0.15149189671537328,0.022850793940123664,0.031773954164518774,0.42921342250523864,172.3705622802951,0.0173939223948168,1.412855828657342,-0.0008478753716737898,466.6666666666667,0.0016471166888290395,True,0.9846709072589874,0.15710996003362565,True,False,True,0.85,False,False,False,0,True,True,True,True,True,True,True,False,True,0,0,False,0,15,24,15,,,,False,False,False,
225,2026-08-18T21:57:25.500473,shadow,analysis_full,silero,webrtc,True,0.9929797053337097,True,True,True,1,False,True,False,0,0.0,,,,,,,,,,,,,0.01613407743238866,0.6512264696616828,0.3082219892026836,0.040551541073653,,,,,,,,,,,,,,False,True,temporal_v1,False,0.00038954190926880996,0.10855949895615867,3.430153058449081,0.9179524330086047,78.22771892498565,1509.5633071920865,0.010506938287542695,0.004972877440160959,0.0006542617036850066,0.0,0.0,0.1512104625900113,0.15136389886923649,0.012188082339898711,0.022447200574839645,0.3828778725165739,148.59645723403386,0.02653475102016894,1.016043214767828,-0.0006044353887078315,1266.6666666666667,0.024122911324331954,True,0.9883102178573608,0.1512104625900113,True,False,True,0.85,True,False,False,0,True,True,True,True,True,True,True,False,True,0,0,False,0,15,24,15,,,,False,False,False,
226,2026-08-18T21:57:25.516712,shadow,analysis_full,silero,webrtc,True,0.9767391681671143,True,True,True,1,False,True,False,0,0.0,,,,,,,,,,,,,0.01795304414100086,0.49593602549637467,0.09914705673083156,0.4049169177170929,,,,,,,,,,,,,,False,True,temporal_v1,False,0.0003998320445818195,0.27348643006263046,3.5426570079117035,0.6764930944636198,77.13204193640229,2166.820921193241,0.008903561356848944,0.0017799914859389357,0.007269491297212982,0.0,0.0,0.15479256484299936,0.17250327125461037,0.11708051045017032,0.052103892114721675,0.44183166201128,284.6920802706439,0.008929415687347092,0.8769529073992711,-0.0005076911079771684,3466.666666666667,0.030952904032696037,True,0.9846709072589874,0.15479256484299936,True,False,True,0.85,True,False,False,0,True,True,True,True,True,True,True,False,True,0,0,False,0,15,24,15,,,,False,False,False,
227,2026-08-18T21:57:25.535387,shadow,analysis_full,silero,webrtc,True,0.9789038896560669,True,True,True,1,False,True,False,0,0.0,,,,,,,,,,,,,0.39653857487773597,0.972212571985651,0.022240585549753448,0.005546842462073783,,,,,,,,,,,,,,False,False,temporal_v1,False,0.0018762187183698163,0.081419624217119,2.0472951893913423,0.9748772771298403,92.17059096272078,1034.0942022575719,0.38551978777340834,0.0088192500983456,0.00219953700498205,0.0,0.0,0.1881272577426853,0.19163131446560522,0.11718126772503688,0.053831860166450314,0.506377945622791,302.48476454727347,0.027981735231133394,1.062148059711152,-0.0006451341839582477,600.0,0.0029167094376183304,True,0.980928361415863,0.1881272577426853,True,False,True,0.85,False,False,False,0,True,True,True,True,True,True,True,False,True,0,0,False,0,15,24,15,,,,False,False,False,
228,2026-08-18T21:57:25.552470,shadow,analysis_full,silero,webrtc,True,0.9979162812232971,True,True,True,1,False,True,False,0,0.0,,,,,,,,,,,,,0.8075113239362414,0.9662033501801579,0.030808133009922856,0.0029885168086809617,,,,,,,,,,,,,,False,False,temporal_v1,False,0.0026625971880997906,0.08977035490605428,2.485546293755381,0.9585478033255045,95.13817231125788,982.0955823296471,0.7802201464956111,0.024877916274846625,0.0024132611647836744,0.0,0.0,0.2099870442726349,0.20392429073693322,0.11742438951171659,0.05511007760937661,0.5046577764931377,326.32970167844064,0.029599195364795165,1.834222532619835,-0.0011175299279770783,800.0,0.0005982965184591186,True,0.980928361415863,0.2099870442726349,True,False,True,0.85,False,False,False,0,True,True,True,True,True,True,True,False,True,0,0,False,0,15,24,15,,,,False,False,False,
229,2026-08-18T21:57:25.570521,shadow,analysis_full,silero,webrtc,True,0.9983069896697998,True,True,True,1,False,True,False,0,0.0,,,,,,,,,,,,,1.8655652712163724,0.9212501211016418,0.07344719569606732,0.005302683201754705,,,,,,,,,,,,,,False,False,temporal_v1,False,0.004026836112993117,0.09812108559498957,2.277432904127436,0.9437590089520069,98.66476664093389,1226.693090079239,1.7186522320311004,0.13702053755881582,0.009892501625456018,0.0,0.0,0.1927004919719058,0.17087100044543907,0.11743967000861234,0.055689106483292665,0.5267918792862218,328.93437340902466,0.024097940902452243,1.166206050845975,-0.000694270423618727,900.0000000000001,0.003026343693025509,True,0.980928361415863,0.1927004919719058,True,False,True,0.85,False,False,False,0,True,True,True,True,True,True,True,False,True,0,0,False,0,15,24,15,,,,False,False,False,
230,2026-08-18T21:57:25.597982,shadow,analysis_full,silero,webrtc,True,0.9978221654891968,True,True,True,1,False,True,False,0,0.0,,,,,,,,,,,,,2.5749067055689765,0.9092473861847616,0.08618723545002344,0.0045653783648265545,,,,,,,,,,,,,,False,False,temporal_v1,False,0.00473634079438165,0.1022964509394572,2.218819860342383,0.9382611133370733,100.04870558514794,1270.0431925971532,2.3412271917082075,0.22192409049471756,0.011755423365051424,0.0,0.0,0.18471185236557078,0.15024735840035175,0.11761956155669039,0.05581418745727052,0.54641843484395,330.16544863863487,0.0266988853299242,0.9815461737024057,-0.000593972482496026,900.0000000000001,0.0053981219973965495,True,0.980928361415863,0.18471185236557078,True,False,True,0.85,False,False,False,0,True,True,True,True,True,True,True,False,True,0,0,False,0,15,24,15,,,,False,False,False,
231,2026-08-18T21:57:25.623701,shadow,analysis_full,silero,webrtc,True,0.9955350160598755,True,True,True,1,False,True,False,0,0.0,,,,,,,,,,,,,0.7283092743402587,0.8836830217450122,0.11071110181728436,0.005605876436330387,,,,,,,,,,,,,,False,False,temporal_v1,False,0.0025164469410144117,0.10438413361169102,2.522346280847766,0.943648666007253,94.58034810253189,1295.4605033364933,0.6435945403139169,0.08063192222595687,0.00408281179938494,0.0,0.0,0.16566111347758244,0.11728333479423227,0.11828607124572314,0.05521752940532711,0.5361132077461448,327.726978431095,0.01396195947029731,0.9842733539997761,-0.0005859362245472335,866.6666666666667,0.006816832602295893,True,0.9859417974948883,0.16566111347758244,True,False,True,0.85,False,False,False,0,True,True,True,True,True,True,True,False,True,0,0,False,0,15,24,15,,,,False,False,False,
232,2026-08-18T21:57:25.649626,shadow,analysis_full,silero,webrtc,True,0.9558850526809692,True,True,True,1,False,True,False,0,0.0,,,,,,,,,,,,,0.14604650459841764,0.8400945086123198,0.15845891093694434,0.0014465804438886507,,,,,,,,,,,,,,False,False,temporal_v1,False,0.0011267785965443048,0.11899791231732777,2.3188899009163264,0.9371924339973695,87.5688767690781,1213.017592665533,0.12269286651515457,0.023142370064812692,0.00021126801745036485,0.0,0.0,0.1425368570065974,0.07594957688646888,0.11917270393996303,0.054904466665410726,0.5299974558787475,320.6585677736903,0.006138948317531412,1.2120545402533922,-0.0007183529621867207,1066.6666666666667,0.0021422506171963622,True,0.9859417974948883,0.1425368570065974,True,False,True,0.85,True,False,False,0,True,True,True,True,True,True,True,False,True,0,0,False,0,15,24,15,,,,False,False,False,
233,2026-08-18T21:57:25.666985,shadow,analysis_full,silero,webrtc,True,0.9370980858802795,True,True,True,1,False,True,False,0,0.0,,,,,,,,,,,,,0.059941749955268096,0.8463448699882063,0.15223891217041313,0.0014162178246976808,,,,,,,,,,,,,,False,False,temporal_v1,False,0.0007228566729646102,0.11899791231732777,2.714093376683074,0.9380780034077286,83.71234402312649,1097.9820357363394,0.05073139257275695,0.009125466806780926,8.48905747302221e-05,0.0,0.0,0.1422155858679187,0.07689418710212591,0.11953375670585512,0.05442248776773494,0.5212127441068578,326.7441266781601,0.009486194849677068,1.9979672529462196,-0.0012107037801732659,1033.3333333333335,0.00033471678196139433,True,0.9859417974948883,0.1422155858679187,True,False,True,0.85,True,False,False,0,True,True,True,True,True,True,True,False,True,0,0,False,0,15,24,15,,,,False,False,False,
234,2026-08-18T21:57:25.674682,shadow,analysis_full,silero,webrtc,True,0.8728547096252441,True,True,True,1,False,True,False,0,0.0,,,,,,,,,,,,,0.030154756152890264,0.7946716314829594,0.18577834580971683,0.01955002267416165,,,,,,,,,,,,,,False,True,temporal_v1,False,0.0005142653481824519,0.13569937369519833,3.0427866499750484,0.92206061582924,80.67215953167326,1434.3592420051675,0.023963129268988113,0.005602100716379334,0.0005895261665228202,0.0,0.0,0.14191674803495857,0.07971338168135404,0.11912719718434146,0.05222545904650141,0.4902870857919437,321.6348796505867,0.007245410033408961,1.265628334927026,-0.000749215410159154,1300.0,0.008806999460542647,True,0.9859417974948883,0.14191674803495857,True,False,True,0.85,True,False,False,0,True,True,True,True,True,True,True,False,True,0,0,False,0,15,24,15,,,,False,False,False,
235,2026-08-18T21:57:25.682448,shadow,analysis_full,silero,webrtc,True,0.9628455638885498,True,True,True,1,False,True,False,0,0.0,,,,,,,,,,,,,0.12531200571060835,0.9371141283069022,0.05160064626647638,0.011285225418641277,,,,,,,,,,,,,,False,False,temporal_v1,False,0.0010577888764351688,0.0918580375782881,2.3557878068413447,0.967838985688212,87.15884874004902,1255.3042515878624,0.1174316509978863,0.00646618047961577,0.0014141742321062782,0.0,0.0,0.13184753634317073,0.05254120372223735,0.11966174542223289,0.05292841729958747,0.4228240686498188,315.8810902901412,0.024524092768012346,0.8827636485959719,-0.0005339034051351974,666.6666666666667,0.010926981719969154,True,0.9778215289115906,0.13184753634317073,True,False,True,0.85,False,False,False,0,True,True,True,True,True,True,True,False,True,0,0,False,0,15,24,15,,,,False,False,False,
236,2026-08-18T21:57:25.690568,shadow,analysis_full,silero,webrtc,True,0.997097373008728,True,True,True,1,False,True,False,0,0.0,,,,,,,,,,,,,0.3523181440871929,0.9637085590681364,0.030538814938262764,0.005752625990762663,,,,,,,,,,,,,,False,False,temporal_v1,False,0.0017535497424206478,0.05219206680584551,1.1063838166285982,0.9766502518955684,91.59135562553887,1411.5342271679103,0.3395320109718287,0.01075937860167098,0.0020267545126932507,0.0,0.0,0.05768836684866523,0.056174756556023824,0.005139256482240109,0.021959405081093456,0.48014785465146304,140.77616508315936,0.022757426081039128,0.6850624495528914,-0.00041137539514677257,400.0,0.008539403418875005,True,0.9872194528579712,0.05768836684866523,True,False,True,0.85,False,False,False,0,True,True,True,True,True,True,True,False,True,0,0,False,0,15,24,15,,,,False,False,False,
237,2026-08-18T21:57:25.712574,shadow,analysis_full,silero,webrtc,True,0.9982162117958069,True,True,True,1,False,True,False,0,0.0,,,,,,,,,,,,,0.46412018445453007,0.9882988414532914,0.010137302034475121,0.001563856510078885,,,,,,,,,,,,,,False,False,temporal_v1,False,0.0020286961296004167,0.04801670146137787,1.4148743390784815,0.9853989314269097,92.89576899602254,869.0949084045542,0.45868944059149996,0.004704926490111876,0.0007258173719182297,0.0,0.0,0.05977000709731184,0.057734704734040736,0.005336322456382051,0.02650617160434886,0.547386256909607,168.73336776597898,0.012603798580947857,1.437676285990173,-0.0008815969136948059,400.0,0.000902580309157134,True,0.9963161945343018,0.05977000709731184,True,False,True,0.85,False,False,False,0,True,True,True,True,True,True,True,False,True,0,0,False,0,15,24,15,,,,False,False,False,
238,2026-08-18T21:57:25.721319,shadow,analysis_full,silero,webrtc,True,0.9978306889533997,True,True,True,1,False,True,False,0,0.0,,,,,,,,,,,,,0.5900261886664089,0.9846163769693317,0.014103149279783234,0.0012804737491903225,,,,,,,,,,,,,,False,False,temporal_v1,False,0.0022717907805188857,0.04801670146137787,1.2256490461681244,0.9835877142167104,93.8716748383537,1214.9014093240394,0.5809494482017429,0.008321227417743911,0.0007555130459221531,0.0,0.0,0.061871868334758585,0.05960535921190033,0.005454336463905262,0.030195715627164166,0.6181060563872954,151.473189200993,0.005380797696133302,0.6512763191577841,-0.0003908978126020353,400.0,0.006589030098258656,True,0.9963161945343018,0.061871868334758585,True,False,True,0.85,False,False,False,0,True,True,True,True,True,True,True,False,True,0,0,False,0,15,24,15,,,,False,False,False,
239,2026-08-18T21:57:25.730428,shadow,analysis_full,silero,webrtc,True,0.9984771609306335,True,True,True,1,False,True,False,0,0.0,,,,,,,,,,,,,0.5225707174320371,0.9961732873015373,0.002679093143182604,0.0011476195533664589,,,,,,,,,,,,,,False,False,temporal_v1,False,0.0021435738641953986,0.04592901878914405,0.8010805439085701,0.9872935791101375,93.38239576714395,938.0397170449498,0.5205709894317951,0.0014000156259001844,0.0005997123733417444,0.0,0.0,0.06744129703510365,0.06480650221836502,0.005630068505393607,0.033038856268177805,0.7291423614831547,174.83387477117947,0.010457045635208497,0.7483083020888214,-0.00046973848561262957,366.6666666666667,0.0018771651750488874,True,0.9963161945343018,0.06744129703510365,True,False,True,0.85,False,False,False,0,True,True,True,True,True,True,True,False,True,0,0,False,0,15,24,15,,,,False,False,False,
240,2026-08-18T21:57:25.736205,shadow,analysis_full,silero,webrtc,True,0.9984771609306335,True,True,True,1,False,True,False,0,0.0,,,,,,,,,,,,,0.5742659089651289,0.9904335145418501,0.0031772428449488572,0.006389242611459648,,,,,,,,,,,,,,False,False,temporal_v1,False,0.0022394775485445237,0.054279749478079335,0.5064944470947561,0.9828154467217426,93.74360881149778,1368.4114387475274,0.5687722024979027,0.0018245822503575075,0.0036691242158686087,0.0,0.0,0.07111925342867959,0.06871216537486463,0.005630869564685248,0.03389254926694059,0.84322655251253,181.1526270745743,0.0056033792259420016,0.6276668942961028,-0.00038745980752290796,366.6666666666667,0.0038753962775428708,True,0.9963161945343018,0.07111925342867959,True,False,True,0.85,False,False,False,0,True,True,True,True,True,True,True,False,True,0,0,False,0,15,24,15,,,,False,False,False,
241,2026-08-18T21:57:25.744008,shadow,analysis_full,silero,webrtc,True,0.9979616403579712,True,True,True,1,False,True,False,0,0.0,,,,,,,,,,,,,0.32183696040735726,0.9829329573686634,0.0025805165172942384,0.014486526110935356,,,,,,,,,,,,,,False,False,temporal_v1,False,0.0017065744611370272,0.05010438413361169,1.697521252073416,0.9794914216842877,91.36661172699206,990.119030599772,0.3163441552837451,0.0008305055922069572,0.004662299530405249,0.0,0.0,0.07192847674543645,0.07025129365358812,0.006238183093914649,0.03419213793331648,0.8082312621402878,189.67547021902786,0.03443081493286288,1.1770695476194912,-0.0007231065017305165,400.0,0.0012886292177022645,True,0.9974640309810638,0.07192847674543645,True,False,True,0.85,False,False,False,0,True,True,True,True,True,True,True,False,True,0,0,False,0,15,24,15,,,,False,False,False,
242,2026-08-18T21:57:25.753604,shadow,analysis_full,silero,webrtc,True,0.9974149465560913,True,True,True,1,False,True,False,0,0.0,,,,,,,,,,,,,0.32490994055082484,0.9750945770104879,0.002529500739281647,0.022375922247152822,,,,,,,,,,,,,,False,False,temporal_v1,False,0.0016846852602005389,0.05845511482254697,1.5458098940209053,0.9745567725012315,91.23372343654228,1187.2204187142818,0.3168179210479093,0.0008218599348232674,0.007270159567092302,0.0,0.0,0.06573171590289349,0.06393897539977825,0.007580940128423833,0.031357660898751194,0.783692786504417,189.37421397951016,0.010793063897073457,0.9115240391927784,-0.0005551689641119169,400.0,0.00195562442360788,True,0.9976228177547455,0.06573171590289349,True,False,True,0.85,False,False,False,0,True,True,True,True,True,True,True,False,True,0,0,False,0,15,24,15,,,,False,False,False,
243,2026-08-18T21:57:25.773639,shadow,analysis_full,silero,webrtc,True,0.9935852885246277,True,True,True,1,False,True,False,0,0.0,,,,,,,,,,,,,0.19619030400574794,0.951611945746113,0.007839248924757576,0.0405488053240323,,,,,,,,,,,,,,False,False,temporal_v1,False,0.0013123312483721533,0.06471816283924843,1.270096210614951,0.9622275519475708,89.00724625368248,1389.8997511541663,0.18669703693143122,0.0015379846297249213,0.007955282443591788,0.0,0.0,0.056755340775961456,0.05369584231451736,0.01181768869289456,0.026840325381477143,0.7013850756086624,197.3230587942302,0.008409546884989638,0.9348666964568723,-0.000570776210356616,400.0,0.004744145153316764,True,0.9976228177547455,0.056755340775961456,True,False,True,0.85,False,False,False,0,True,True,True,True,True,True,True,False,True,0,0,False,0,15,24,15,,,,False,False,False,
244,2026-08-18T21:57:25.790439,shadow,analysis_full,silero,webrtc,True,0.9905158281326294,True,True,True,1,False,True,False,0,0.0,,,,,,,,,,,,,0.2691729867372867,0.9541141115691757,0.0184510054448444,0.027434882982264833,,,,,,,,,,,,,,False,False,temporal_v1,False,0.0015404785689334907,0.060542797494780795,1.8030192339788762,0.967727949824838,90.42517211313564,1316.2144746382692,0.2568217450992678,0.004966512243894706,0.007384729393124184,0.0,0.0,0.01870225556869225,0.015053198699208731,0.012508739688511647,0.012843915169329456,0.4968930991424672,186.53176757313162,0.00699460737712198,0.8985365248979345,-0.0005458101750242018,433.33333333333337,0.008597190438588717,True,0.9976228177547455,0.01870225556869225,True,False,False,0.85,False,False,False,0,True,True,True,True,True,True,True,False,True,0,0,False,0,15,24,15,,,,False,False,False,
245,2026-08-18T21:57:25.803077,shadow,analysis_full,silero,webrtc,True,0.9911699295043945,True,True,True,1,False,True,False,0,0.0,,,,,,,,,,,,,0.22168391806921092,0.9623891872203885,0.006374351467523659,0.03123646130757694,,,,,,,,,,,,,,False,False,temporal_v1,False,0.0013920202421383874,0.07933194154488518,1.6669727188617167,0.9635150853157173,89.52631317830975,1435.520098713992,0.2133462057304591,0.0014130912084708693,0.006924621129280963,0.0,0.0,0.015127747685383733,0.008594657170922193,0.013584807483615229,0.009632794985435764,0.3926419044061337,199.80998881162287,0.006208843158701476,0.6049842464464138,-0.0003720071172627512,533.3333333333334,0.0066839723751088665,True,0.9976228177547455,0.015127747685383733,True,False,False,0.85,False,False,False,0,True,True,True,True,True,True,True,False,True,0,0,False,0,15,24,15,,,,False,False,False,
246,2026-08-18T21:57:25.812144,shadow,analysis_full,silero,webrtc,True,0.9860077500343323,True,True,True,1,False,True,False,0,0.0,,,,,,,,,,,,,0.27916832025104593,0.9681203442422185,0.012695299698802308,0.019184356055397186,,,,,,,,,,,,,,False,False,temporal_v1,False,0.0015696911293324905,0.04801670146137787,1.5832962864734315,0.9732667872823875,90.6138153646657,1443.7328916494564,0.2702685303029645,0.00354412549199825,0.005355664455083214,0.0,0.0,0.01485572974400531,0.005353414825605831,0.013241864123392384,0.009882923071853551,0.3947260467978952,203.22812628907016,0.0019564829354696616,0.5991677026637467,-0.0003674987917883307,366.6666666666667,0.011407305519327542,True,0.9976228177547455,0.01485572974400531,True,False,False,0.85,False,False,False,0,True,True,True,True,True,True,True,False,True,0,0,False,0,15,24,15,,,,False,False,False,
247,2026-08-18T21:57:25.824795,shadow,analysis_full,silero,webrtc,True,0.9843276143074036,True,True,True,1,False,True,False,0,0.0,,,,,,,,,,,,,0.2543686232373673,0.9707370000823994,0.014652757538326167,0.014610242375343278,,,,,,,,,,,,,,False,False,temporal_v1,False,0.001492102152712184,0.05010438413361169,1.75151692245475,0.9739442821839536,90.17620277258537,1366.66817378937,0.24692503423653206,0.0037272017616549824,0.0037163872381803125,0.0,0.0,0.014250242233048696,0.0056897355047770565,0.01230951032331175,0.009738541786797998,0.4126455444664532,170.6744905393286,0.003181980629160611,0.7587600693004988,-0.00046296804600550135,433.33333333333337,0.01019903806220295,True,0.9955001175403595,0.014250242233048696,True,False,False,0.85,False,False,False,0,True,True,True,True,True,True,True,False,True,0,0,False,0,15,24,15,,,,False,False,False,
248,2026-08-18T21:57:25.841483,shadow,analysis_full,silero,webrtc,True,0.9684244990348816,True,True,True,1,False,True,False,0,0.0,,,,,,,,,,,,,0.14878940283041822,0.9787057503590131,0.014982722872077438,0.006311526762188628,,,,,,,,,,,,,,False,False,temporal_v1,False,0.0011406597174882542,0.05010438413361169,1.3954857077627336,0.9809512839303561,87.872845540886,1047.854495133834,0.14562104414261393,0.0022292703889100506,0.000939088297894249,0.0,0.0,0.013900261085754687,0.005781604414167667,0.011709401003292238,0.00958744259140295,0.4092122618871977,182.53053270115697,0.006898545431496508,0.9242917441011983,-0.0005657169495235997,400.0,0.002256681653442348,True,0.9923776090145111,0.013900261085754687,True,False,False,0.85,False,False,False,0,True,True,True,True,True,True,True,False,True,0,0,False,0,15,24,15,,,,False,False,False,
249,2026-08-18T21:57:25.857784,shadow,analysis_full,silero,webrtc,True,0.9646106362342834,True,True,True,1,False,True,False,0,0.0,,,,,,,,,,,,,0.08471605434071726,0.962934629432598,0.027462915674396092,0.009602454881201828,,,,,,,,,,,,,,False,False,temporal_v1,False,0.0008605010658963513,0.04384133611691023,1.714142426245616,0.9748201329148163,85.39545119216073,1273.3704288748227,0.08157602239357041,0.002326549856626675,0.0008134820895201798,0.0,0.0,0.011781683952369733,0.007705762841182377,0.010696581181520542,0.009827642835857887,0.3643173200342969,150.4163323662031,0.0076053036258308445,0.879791412772121,-0.0005255068718708888,700.0,0.007072453155414433,True,0.990842878818512,0.011781683952369733,True,False,False,0.85,False,False,False,0,True,True,True,True,True,True,True,False,True,0,0,False,0,15,24,15,,,,False,False,False,
250,2026-08-18T21:57:25.869572,shadow,analysis_full,silero,webrtc,True,0.9694375395774841,True,True,True,1,False,True,False,0,0.0,,,,,,,,,,,,,0.030675139516820594,0.895760199921779,0.07681601736256387,0.02742378268305747,,,,,,,,,,,,,,False,False,temporal_v1,False,0.000523877554267738,0.06680584551148225,2.977534816465041,0.9478947131924024,80.95313856932086,1400.9460604865849,0.02747756910621568,0.0023563420497231596,0.0008412283598817564,0.0,0.0,0.023516789801254333,0.02076317186763978,0.010013387966947727,0.010320840997334676,0.44104026302282656,152.58851295440672,0.01369476356717718,1.1582714601340827,-0.000700562986852318,733.3333333333334,0.01501754822295773,True,0.9882617890834808,0.023516789801254333,True,False,False,0.85,False,False,False,0,True,True,True,True,True,True,True,False,True,0,0,False,0,15,24,15,,,,False,False,False,
251,2026-08-18T21:57:25.877666,shadow,analysis_full,silero,webrtc,True,0.9721856713294983,True,True,True,1,False,True,False,0,0.0,,,,,,,,,,,,,0.017243898728061972,0.8975825896965666,0.07350993483656305,0.028907475408878943,,,,,,,,,,,,,,False,False,temporal_v1,False,0.0003926313510336657,0.08768267223382047,2.290064041477044,0.9407237432219265,78.4030746394595,1649.6470130494163,0.015477823276799195,0.001267597871828128,0.0004984775784346503,0.0,0.0,0.028658189493827115,0.025669810152364896,0.009963499766674636,0.013426250681263907,0.4701256254237947,153.3439213337107,0.008453868611724256,0.8872661760233724,-0.0005387693349511285,700.0,0.020653501120770718,True,0.9851676821708679,0.028658189493827115,True,False,False,0.85,False,False,False,0,True,True,True,True,True,True,True,False,True,0,0,False,0,15,24,15,,,,False,False,False,
252,2026-08-18T21:57:25.889319,shadow,analysis_full,silero,webrtc,True,0.967257559299469,True,True,True,1,False,True,False,0,0.0,,,,,,,,,,,,,0.01924333932851113,0.8649386587496701,0.09436111068127356,0.04070023051709029,,,,,,,,,,,,,,False,False,temporal_v1,False,0.000418137933602054,0.11064718162839249,2.8761266698809598,0.9296730754707437,78.90182018807204,1621.409256303194,0.016644308108667193,0.0018158228722549431,0.0007832083465889925,0.0,0.0,0.03739093294600087,0.03155080551244971,0.011316837007984606,0.019981860751401338,0.5592129574624181,162.0172074645511,0.0032705529430483654,1.0075175806386953,-0.0006182907369886383,933.3333333333334,0.027198269672118754,True,0.9782566428184509,0.03739093294600087,True,False,False,0.85,False,False,False,0,True,True,True,True,True,False,True,False,True,0,0,False,0,15,24,15,,,,False,False,False,
253,2026-08-18T21:57:25.899545,shadow,analysis_full,silero,webrtc,True,0.9299718141555786,True,True,True,1,False,True,False,0,0.0,,,,,,,,,,,,,0.01987826173094111,0.9086192681883325,0.06261527096403753,0.02876546079732394,,,,,,,,,,,,,,False,False,temporal_v1,False,0.00042198672738940604,0.1022964509394572,2.015904293865658,0.9282222898800607,78.97519440214748,1729.732593621726,0.018061771626823847,0.0012446827445769355,0.0005718073585403312,0.0,0.0,0.03834732920030678,0.031161935005139675,0.010147493276258742,0.022702049238968208,0.5137373179079179,190.601415945346,0.007225576167148316,1.204486497146316,-0.000761573075348226,733.3333333333334,0.011914883310942743,True,0.9708116054534912,0.03834732920030678,True,False,False,0.85,False,False,False,0,True,True,True,True,True,False,True,False,True,0,0,False,0,15,24,15,,,,False,False,False,
254,2026-08-18T21:57:25.907736,shadow,analysis_full,silero,webrtc,True,0.8571435809135437,True,True,False,1,False,True,False,0,0.0,,,,,,,,,,,,,0.02438496545389953,0.8955394926158387,0.06637225795555168,0.03808824938760072,,,,,,,,,,,,,,False,False,temporal_v1,False,0.0004708734819618968,0.09812108559498957,2.184835049512772,0.9201614770324815,79.89439413072486,1840.0109746268315,0.02183769959003994,0.0016184852173434362,0.0009287806455161536,0.0,0.0,0.039644316326186535,0.031134770051900688,0.011033831181941125,0.02391376484600927,0.5113109490163408,221.94052361441777,0.0033367687557949023,0.8104098813891734,-0.000493271388773481,800.0,0.034321973609323306,True,0.9689310193061829,0.039644316326186535,True,False,False,0.85,False,False,False,0,True,False,True,False,True,False,True,False,True,0,1,False,0,15,24,15,,,,False,False,False,
255,2026-08-18T21:57:25.918107,shadow,analysis_full,silero,webrtc,True,0.7609043121337891,True,True,False,1,False,True,False,0,0.0,,,,,,,,,,,,,0.0206087592041988,0.851759522042064,0.07858154078216895,0.06965893712724408,,,,,,,,,,,,,,False,False,temporal_v1,False,0.0004329557397949695,0.1022964509394572,2.574255195233194,0.8983503572320237,79.0574097124004,1883.4254567227865,0.017553706889648357,0.0016194680518746476,0.001435584261675797,0.0,0.0,0.044365759704867225,0.029682322884320676,0.017507369450512983,0.025401187764935503,0.5165474211014198,251.49376197150946,0.002990252562484353,0.9176228158785983,-0.0005646318638232628,1033.3333333333335,0.035482394245595766,True,0.9678410291671753,0.044365759704867225,True,False,False,0.85,False,False,False,0,True,False,True,False,True,False,True,False,True,0,2,False,0,15,24,15,,,,False,False,False,
256,2026-08-18T21:57:25.926396,shadow,analysis_full,silero,webrtc,True,0.7609043121337891,True,True,False,1,False,True,False,0,0.0,,,,,,,,,,,,,0.00883482744194324,0.7056604579724014,0.1947804544132839,0.09955908750112626,,,,,,,,,,,,,,False,True,temporal_v1,False,0.0002877135029706054,0.18997912317327767,3.754742700097276,0.8521700878521763,75.24929375798311,1946.657469495191,0.006234388378788807,0.001720851703804655,0.0008795873583497786,0.0,0.0,0.07492811077576572,0.04925611900568734,0.027220893255342226,0.04080124628368016,0.6715778434184106,278.8735875605348,0.006912026561522002,0.963632778173443,-0.0005911997256283909,2000.0000000000002,0.05301391436523459,True,0.9659340977668762,0.07492811077576572,True,False,True,0.85,True,False,False,0,True,False,True,False,True,False,True,False,True,0,3,False,0,15,24,15,,,,False,False,False,
257,2026-08-18T21:57:25.937080,shadow,analysis_full,silero,webrtc,True,0.6553331017494202,True,True,False,1,False,True,False,0,0.0,,,,,,,,,,,,,0.007767979849784099,0.7628575802719045,0.15123921272219834,0.08590320687716338,,,,,,,,,,,,,,False,True,temporal_v1,False,0.0002707130356782957,0.1524008350730689,3.2958008308575697,0.8296835942547822,74.59730299251527,2087.163166905577,0.005925862311807211,0.0011748231569232478,0.00066729438005364,0.0,0.0,0.0792514161820945,0.050812992945142396,0.029803670321783375,0.0422666811956439,0.6926294157369913,307.13214018740035,0.0047103635699834575,1.1008385257455973,-0.0006879119910078831,2000.0000000000002,0.037652481948493056,True,0.947291225194931,0.0792514161820945,True,False,True,0.85,True,False,False,0,True,False,True,False,True,False,True,False,True,0,4,False,0,15,24,15,,,,False,False,False,
258,2026-08-18T21:57:25.947716,shadow,analysis_full,silero,webrtc,True,0.5319399833679199,True,True,False,1,False,True,False,0,0.0,,,,,,,,,,,,,0.013572441013180368,0.8642612125525909,0.09235052611735563,0.04338826125637471,,,,,,,,,,,,,,False,False,temporal_v1,False,0.0003519722028555032,0.09812108559498957,2.647202702061133,0.9143021541613207,77.32313238252218,1731.1338962820105,0.01173013432734978,0.0012534220682639823,0.0005888846165666049,0.0,0.0,0.07090249600127238,0.04529482128023109,0.027134368132057676,0.03886904091102139,0.585033530801249,233.09256022388016,0.003094303474321816,1.209148625164979,-0.0007576863041227489,933.3333333333334,0.017886910894841977,True,0.8935576975345612,0.07090249600127238,True,False,True,0.85,False,False,False,0,True,False,True,False,True,False,True,False,True,0,5,False,0,15,24,15,,,,False,False,False,
259,2026-08-18T21:57:25.959064,shadow,analysis_full,silero,webrtc,False,0.35915887355804443,True,True,False,1,False,True,False,0,0.0,,,,,,,,,,,,,0.007438916593417313,0.9077358334210449,0.03729408317848351,0.05497008326604329,,,,,,,,,,,,,,False,False,temporal_v1,False,0.00025832554538367117,0.10855949895615867,1.8881207391564623,0.9173787274584704,74.62036165809596,1773.3421098676256,0.006752571153675305,0.00027742757419270647,0.00040891786454930076,0.0,0.0,0.0646216406655941,0.04397499544288798,0.024090956509884652,0.03306522933665046,0.5594765560464995,180.37234173592006,0.004593748547969293,1.0585695332956042,-0.0006562666335340923,700.0,0.012573348569812992,True,0.8090239465236664,0.0646216406655941,True,False,True,0.85,False,False,False,0,True,False,True,False,True,False,True,False,True,0,6,False,0,15,24,15,,,,False,False,False,
260,2026-08-18T21:57:25.977011,shadow,analysis_full,silero,webrtc,False,0.31836584210395813,True,True,False,1,False,True,False,0,0.0,,,,,,,,,,,,,0.011369166353024813,0.9311759339788565,0.046058177369131696,0.02276588856405474,,,,,,,,,,,,,,False,False,temporal_v1,False,0.00032057571089856297,0.08350730688935282,1.825074810870728,0.9426222019146658,76.6365685085799,1497.4017427256035,0.010586694097338869,0.000523643080426781,0.0002588291742591635,0.0,0.0,0.06763292119319131,0.04601327899905642,0.024596260186697028,0.031120479955252224,0.5976289441265386,162.2421616644897,0.0033838957881624533,1.1028684984530963,-0.0006653054318327717,700.0,0.012153395878945442,True,0.7609043121337891,0.06763292119319131,True,False,True,0.85,False,False,False,0,True,False,True,False,True,False,True,False,True,0,7,False,0,15,24,15,,,,False,False,False,
261,2026-08-18T21:57:25.987163,shadow,analysis_full,silero,webrtc,False,0.20001892745494843,True,True,False,1,False,True,False,0,0.0,,,,,,,,,,,,,0.006904765870611348,0.9580527454531759,0.025138328205631194,0.01680892619636528,,,,,,,,,,,,,,False,False,temporal_v1,False,0.0002487613649614564,0.08768267223382047,1.0523389977809539,0.9469279090903912,74.42526966166267,1646.366846164769,0.00661512989905059,0.00017357427063846887,0.000116061699922288,0.0,0.0,0.07327871969545416,0.04984566301040582,0.025928020389778712,0.031120479955252224,0.7454678920200477,162.50038198705545,0.00677627702814381,0.81972250999829,-0.000481636705413126,700.0,0.009578614825051034,True,0.7081187069416046,0.07327871969545416,True,False,True,0.85,False,False,False,0,True,False,True,False,True,False,True,False,True,0,8,False,0,15,24,15,,,,False,False,False,
262,2026-08-18T21:57:25.996806,shadow,analysis_full,silero,webrtc,False,0.09942018985748291,True,True,False,1,False,True,False,0,0.0,,,,,,,,,,,,,0.003010676970844524,0.8665164754563218,0.10368531354469714,0.029798210666829788,,,,,,,,,,,,,,False,False,temporal_v1,False,0.00016712013206423898,0.10855949895615867,2.675921182690991,0.9281461357189689,70.79547012567029,1521.3474066268604,0.0026088011975137124,0.0003121629857038135,8.971278662699809e-05,0.0,0.0,0.07327998705376491,0.050100870596260935,0.026521104799516814,0.031144979037948252,0.7353388491780528,174.34017841365036,0.014486420542331563,1.3151343584900603,-0.0007999129254365705,900.0000000000001,0.012669638510340116,True,0.59363654255867,0.07327998705376491,True,False,True,0.85,False,False,False,0,True,False,True,False,True,False,True,False,True,0,9,False,0,15,24,15,,,,False,False,False,
263,2026-08-18T21:57:26.010814,shadow,analysis_full,silero,webrtc,False,0.05281761288642883,True,True,False,1,True,True,False,1,0.0,,,,,,,,,,,,,0.0012469785583436026,0.8471951438073632,0.10747585309620936,0.045329002294489114,,,,,,,,,,,,,,False,False,temporal_v1,False,0.00011000640138809251,0.10855949895615867,2.260835992355544,0.9125585486085233,66.87353024053985,1749.6249364623818,0.0010564341790606068,0.00013402008435065997,5.652429393233589e-05,0.0,0.0,0.07194679133070024,0.04983071626319702,0.025712385067226142,0.03098292709740257,0.7264484418222286,174.03213072570082,0.002935549142413439,0.9814096449591914,-0.000590341363737429,1033.3333333333335,0.023109106174852328,True,0.4455494284629822,0.07194679133070024,True,True,True,0.85,True,True,True,1,True,False,True,False,True,False,True,False,False,0,0,True,1,15,24,24,,,,False,False,False,
264,2026-08-18T21:57:26.021533,shadow,analysis_full,silero,webrtc,False,0.04405629634857178,True,True,False,1,False,True,False,0,0.0,,,,,,,,,,,,,0.002832237822730759,0.8932990312384993,0.08237716730170028,0.024323801106722873,,,,,,,,,,,,,,False,False,temporal_v1,False,0.00017163165577048874,0.08977035490605428,2.5803526335794453,0.9478930007047218,71.12583197120709,1340.4175277567679,0.0025300353032824234,0.00023331172896129507,6.889078948704082e-05,0.0,0.0,0.07183629509107217,0.04929066766794303,0.026696365025238856,0.031501879442918254,0.7235518976933695,213.35448001516258,0.005334827488532769,1.7127641748099134,-0.0010614131430645472,733.3333333333334,0.0037264336356341845,True,0.3387623578310013,0.07183629509107217,True,True,True,0.85,False,False,False,0,True,False,True,False,True,False,True,False,False,0,0,False,0,15,24,24,,,,False,False,False,
265,2026-08-18T21:57:26.031172,shadow,analysis_full,silero,webrtc,False,0.14065003395080566,True,True,True,1,False,True,False,0,0.0,,,,,,,,,,,,,0.09851621946617545,0.9449508698492356,0.04069101549891184,0.014358114641701883,,,,,,,,,,,,,,False,False,temporal_v1,False,0.0009418137147927508,0.08768267223382047,2.5559540284424376,0.964008919903055,86.13218352028838,1224.045783422288,0.09309298727882069,0.004008725013192345,0.0014145071731624097,0.0,0.0,0.07622263138863858,0.05157224268272798,0.027608186623978133,0.03229099173442222,0.7232722110112412,250.58671018550564,0.020579268693901986,0.9244867029610001,-0.0005577405500932591,700.0,0.008377268406083238,True,0.2591923847794533,0.07622263138863858,True,True,True,0.85,False,False,False,0,True,True,True,True,True,True,True,False,False,1,0,False,0,15,24,24,,,,False,False,False,
266,2026-08-18T21:57:26.039414,shadow,analysis_full,silero,webrtc,True,0.9576433300971985,True,True,True,1,False,True,False,0,0.0,,,,,,,,,,,,,0.8419962647869585,0.8681873477000935,0.10354572100881909,0.02826693128989985,,,,,,,,,,,,,,False,False,temporal_v1,False,0.0027113631056427437,0.10020876826722339,2.368532588898774,0.932028109368999,95.17461666258652,1466.5994792203433,0.7310105038987752,0.08718511032409818,0.023800650563085276,0.0,0.0,0.0538960793213082,0.03824144356937868,0.020578438983411978,0.018938170306766765,0.5790879679244303,234.9897467194129,0.030237610863750836,0.7865761499645867,-0.00047194281745504993,800.0,0.010046495547960468,True,0.2591923847794533,0.0538960793213082,True,True,True,0.85,False,False,False,0,True,True,True,True,True,True,True,False,False,2,0,False,0,15,24,24,,,,False,False,False,
267,2026-08-18T21:57:26.049818,shadow,analysis_full,silero,webrtc,True,0.9873379468917847,True,True,True,1,False,True,False,0,0.0,,,,,,,,,,,,,0.3507613039046558,0.891459771399222,0.09074844434568809,0.01779178425223912,,,,,,,,,,,,,,False,False,temporal_v1,False,0.0017492415655670402,0.08559498956158663,2.590854593043384,0.9479800130954036,91.44069219362723,1252.804430602696,0.3126895917945375,0.031831042666012645,0.006240669443105716,0.0,0.0,0.03558838332181579,0.030291813134816676,0.013009822197911393,0.009677934853026524,0.4917192569767264,192.8863225195856,0.01346719731041128,1.1915993064001766,-0.0007105551102466902,800.0,0.0035766430738010486,True,0.2591923847794533,0.03558838332181579,True,True,False,0.85,False,False,False,0,True,True,True,True,True,True,True,False,False,3,0,False,0,15,24,24,,,,False,False,False,
268,2026-08-18T21:57:26.058868,shadow,analysis_full,silero,webrtc,True,0.9446813464164734,True,True,True,1,False,True,False,0,0.0,,,,,,,,,,,,,0.05682261559878431,0.8622139663764209,0.13452859289668664,0.003257440709293765,,,,,,,,,,,,,,False,False,temporal_v1,False,0.0007050151653264429,0.081419624217119,2.326674391262573,0.9419733793527262,83.51283150259547,1276.3556925978646,0.048993252775310504,0.0076442665212137694,0.0001850963012600309,0.0,0.0,0.035783112795243724,0.03523453578453987,0.014317038422369744,0.01054021341241281,0.47457345800711875,191.42480527268336,0.014507823738978355,0.9002829120102425,-0.0005187000218615273,966.6666666666667,0.005884765348624596,True,0.2591923847794533,0.035783112795243724,True,True,False,0.85,False,False,False,0,True,True,True,True,True,True,True,False,False,4,0,False,0,15,24,24,,,,False,False,False,
269,2026-08-18T21:57:26.070310,shadow,analysis_full,silero,webrtc,True,0.9782425761222839,True,True,True,1,False,True,False,0,0.0,,,,,,,,,,,,,0.04362966857472005,0.9373508436298543,0.040423843877981466,0.022225312469244078,,,,,,,,,,,,,,False,False,temporal_v1,False,0.0006208552935917746,0.09812108559498957,2.3841142425418473,0.946474155578627,82.42679307194746,1617.4898417056932,0.040896306645804785,0.0017636789109125577,0.0009696830170027121,0.0,0.0,0.03771588138576502,0.03489131022360742,0.010498945504774954,0.009530448610032008,0.46388166486751964,171.82785109509703,0.010005544579116621,0.762435102795706,-0.00046201395958595805,600.0,0.014705388854559064,True,0.2591923847794533,0.03771588138576502,True,True,False,0.85,False,False,False,0,True,True,True,True,True,True,True,False,False,5,0,False,0,15,24,24,,,,False,False,False,
270,2026-08-18T21:57:26.081264,shadow,analysis_full,silero,webrtc,True,0.9888190627098083,True,True,True,1,False,True,False,0,0.0,,,,,,,,,,,,,0.014118372274156406,0.6889919331350896,0.21530846263474293,0.09569960415933773,,,,,,,,,,,,,,False,True,temporal_v1,False,0.00035499940322477415,0.17745302713987474,3.3586394894658813,0.8437728579943208,77.04963897769191,1987.7302179767737,0.009727444605891873,0.0030398050292535952,0.001351122638010937,0.0,0.0,0.07206352150695576,0.05227154186808059,0.024350657538629715,0.026546426471368286,0.5411279009194283,234.31735526070455,0.010232780355865414,0.9242608419108301,-0.0005651935559715047,2000.0000000000002,0.04085093843176837,True,0.5723501369357109,0.07206352150695576,True,False,True,0.85,True,False,False,0,True,True,True,True,True,True,True,False,False,6,0,False,0,15,24,24,,,,False,False,False,
271,2026-08-18T21:57:26.091359,shadow,analysis_full,silero,webrtc,True,0.9995297193527222,True,True,True,1,False,True,False,0,0.0,,,,,,,,,,,,,0.5260484246890061,0.9223757669034911,0.07187553397322481,0.005748699121383235,,,,,,,,,,,,,,False,False,temporal_v1,False,0.0021683623183824585,0.07933194154488518,2.517215059603677,0.9579075080797621,93.3515495076905,1216.1505673959905,0.4852143191508954,0.03781001142029605,0.0030240941168147247,0.0,0.0,0.0687092213592711,0.04776567680162763,0.025152927907082078,0.027124614306053712,0.2942745257145632,244.29648352530893,0.01993113652332745,0.8628870419404381,-0.000527261951070935,833.3333333333334,0.009497197712290172,True,0.9511623382568359,0.0687092213592711,True,False,True,0.85,False,False,False,0,True,True,True,True,True,True,True,False,False,7,0,False,0,15,24,24,,,,False,False,False,
272,2026-08-18T21:57:26.103343,shadow,analysis_full,silero,webrtc,True,0.9995297193527222,True,True,True,1,False,True,False,0,0.0,,,,,,,,,,,,,0.7112580020788867,0.9496425329707002,0.04729988712995838,0.003057579897935592,,,,,,,,,,,,,,False,False,temporal_v1,False,0.00250408063607238,0.05845511482254697,2.1487957181356983,0.9670665262556415,94.64366449730151,1212.097835257863,0.6754408506898735,0.033642423218611044,0.0021747281694022356,0.0,0.0,0.0724393702285196,0.05015581618479985,0.026287723041854765,0.029877211769008937,0.3155714005010352,254.59524019075397,0.010447774408265163,0.7533576711818577,-0.0004629944920081915,833.3333333333334,0.007709932150915316,True,0.9679429531097412,0.0724393702285196,True,False,True,0.85,False,False,False,0,True,True,True,True,True,True,True,False,False,8,0,False,0,15,24,24,,,,False,False,False,
273,2026-08-18T21:57:26.114502,shadow,analysis_full,silero,webrtc,True,0.9998317956924438,True,True,True,1,False,True,False,0,0.0,,,,,,,,,,,,,1.0729372005213171,0.9809225643269478,0.01754181292848248,0.00153562274363763,,,,,,,,,,,,,,False,False,temporal_v1,False,0.003066464176599466,0.05219206680584551,1.4004043161985011,0.9814735387401236,96.46811080746787,1110.7907127264036,1.052468310097147,0.01882126365555464,0.001647626767615423,0.0,0.0,0.07722949857190042,0.05468868117737459,0.026351591243006237,0.032317975103160514,0.457116684168669,247.51672759040724,0.01272041491520215,0.6924973334251482,-0.0004095659185251504,433.33333333333337,0.0036229058074335454,True,0.9827902615070343,0.07722949857190042,True,False,True,0.85,False,False,False,0,True,True,True,True,True,True,True,False,False,9,0,False,0,15,24,24,,,,False,False,False,
274,2026-08-18T21:57:26.126369,shadow,analysis_full,silero,webrtc,True,0.9997449517250061,True,True,True,1,False,True,False,0,0.0,,,,,,,,,,,,,0.21348294808334045,0.9703572967461804,0.02639167150343527,0.0032510317457001125,,,,,,,,,,,,,,False,False,temporal_v1,False,0.0013916505486725485,0.0709812108559499,1.4631181229361294,0.9788509496433094,89.592399284263,1246.883515466485,0.20715473640355542,0.005634171837400448,0.0006940398413845888,0.0,0.0,0.08055397697696735,0.057410598014880666,0.026888732561955443,0.032877522432443795,0.5349478621748976,250.22726367688406,0.00503072072841387,0.7589446266970565,-0.000462225126035708,433.33333333333337,0.00727499286542765,True,0.9880785048007965,0.08055397697696735,True,False,True,0.85,False,False,False,0,True,True,True,True,True,True,True,False,True,0,0,False,0,15,24,15,,,,False,False,False,
275,2026-08-18T21:57:26.153630,shadow,analysis_full,silero,webrtc,True,0.9994426369667053,True,True,True,1,False,True,False,0,0.0,,,,,,,,,,,,,1.14115554178608,0.975660387823257,0.01905868412229285,0.005280928053573626,,,,,,,,,,,,,,False,False,temporal_v1,False,0.0031631198136030116,0.05010438413361169,0.7395106862746262,0.977729279490206,96.72100384944643,1380.5346104082482,1.1133802584656658,0.021748923005304854,0.00602636031410912,0.0,0.0,0.08270307498582541,0.05918719272390116,0.02719906553894062,0.034914269193458906,0.703056524461564,246.02508621450977,0.019542060714508206,0.6401031692789637,-0.0003910671332037307,400.0,0.005799963512264453,True,0.9941308498382568,0.08270307498582541,True,False,True,0.85,False,False,False,0,True,True,True,True,True,True,True,False,True,0,0,False,0,15,24,15,,,,False,False,False,
276,2026-08-18T21:57:26.170864,shadow,analysis_full,silero,webrtc,True,0.9995982050895691,True,True,True,1,False,True,False,0,0.0,,,,,,,,,,,,,1.3115506608459788,0.9821398722566693,0.014956642114537946,0.0029034856280302146,,,,,,,,,,,,,,False,False,temporal_v1,False,0.003408748154362476,0.04801670146137787,1.3653001298806324,0.9824093061552253,97.39083863876886,903.0715461512726,1.2881261985014199,0.01961639384935904,0.00380806849419983,0.0,0.0,0.08471099512107894,0.061100794498964654,0.027362520450231787,0.036186231999438406,0.7327807163305251,281.0370606724324,0.013992960532604742,1.0572314673677126,-0.0006473548336372006,400.0,0.0011925864901415426,True,0.9994861781597137,0.08471099512107894,True,False,True,0.85,False,False,False,0,True,True,True,True,True,True,True,False,True,0,0,False,0,15,24,15,,,,False,False,False,
277,2026-08-18T21:57:26.186780,shadow,analysis_full,silero,webrtc,True,0.9993253946304321,True,True,True,1,False,True,False,0,0.0,,,,,,,,,,,,,0.4175642300755336,0.9621013234779872,0.032847438876149264,0.005051237643468777,,,,,,,,,,,,,,False,False,temporal_v1,False,0.0019097346185138356,0.05219206680584551,1.8152480432276918,0.9741264345208763,92.32137827139171,1516.28437227297,0.40173909839273764,0.013715915524272418,0.0021092161575235924,0.0,0.0,0.08530408026986315,0.06139577795199142,0.02754890720700949,0.037062100764975195,0.7099469172386107,285.77656481015913,0.021595006640540964,0.5796026115043804,-0.0003520430111461631,466.6666666666667,0.01898424232474784,True,0.9994861781597137,0.08530408026986315,True,False,True,0.85,False,False,False,0,True,True,True,True,True,True,True,False,True,0,0,False,0,15,24,15,,,,False,False,False,
278,2026-08-18T21:57:26.203612,shadow,analysis_full,silero,webrtc,True,0.9994308352470398,True,True,True,1,False,True,False,0,0.0,,,,,,,,,,,,,0.5519881857191786,0.9742347375464765,0.0203099204882898,0.005455341963422012,,,,,,,,,,,,,,False,False,temporal_v1,False,0.002197207850006036,0.05845511482254697,2.0652437031459847,0.9758883672454078,93.54754445296201,966.9055497024508,0.5377660652428797,0.011210836162431861,0.0030112843128670182,0.0,0.0,0.08390691247873687,0.05733480941050545,0.027464571642191103,0.037416142875767465,0.7004144244195027,307.6403880374577,0.008536905832594801,1.4401216531141803,-0.0008672348743271874,600.0,0.0009181869247319717,True,0.9994861781597137,0.08390691247873687,True,False,True,0.85,False,False,False,0,True,True,True,True,True,True,True,False,True,0,0,False,0,15,24,15,,,,False,False,False,
279,2026-08-18T21:57:26.220901,shadow,analysis_full,silero,webrtc,True,0.9991809725761414,True,True,True,1,False,True,False,0,0.0,,,,,,,,,,,,,0.4306602029629414,0.9696033839444274,0.0290359647752644,0.0013606512779862513,,,,,,,,,,,,,,False,False,temporal_v1,False,0.0019353633241900492,0.05219206680584551,1.5707556601365293,0.9807384919990245,92.4666457224855,896.5948630721969,0.4175695901230619,0.012504634483340183,0.0005859783555393445,0.0,0.0,0.08457640601153481,0.05763793927357875,0.027630041130939986,0.03705563232532648,0.6896075843884514,312.9160405795603,0.010761394620658978,1.2460985982275925,-0.00074993477391083,533.3333333333334,0.0008840122663831491,True,0.9994861781597137,0.08457640601153481,True,False,True,0.85,False,False,False,0,True,True,True,True,True,True,True,False,True,0,0,False,0,15,24,15,,,,False,False,False,
280,2026-08-18T21:57:26.231256,shadow,analysis_full,silero,webrtc,True,0.9943033456802368,True,True,True,1,False,True,False,0,0.0,,,,,,,,,,,,,0.056878878885032354,0.9679010961854653,0.030409512100265563,0.0016893916966880685,,,,,,,,,,,,,,False,False,temporal_v1,False,0.0007069317205957472,0.06889352818371608,2.0668722524416716,0.9768979272310163,83.693742389014,904.3355529919496,0.05505312922262313,0.0017296589557039307,9.609070570529997e-05,0.0,0.0,0.016920921028468705,0.01631174097840744,0.0016362867362459312,0.009970733975999629,0.48428837255803,205.76365947427067,0.008237690233544898,1.2297243046889847,-0.0007516889155248888,633.3333333333334,0.001549278748564125,True,0.9994861781597137,0.016920921028468705,True,False,False,0.85,False,False,False,0,True,True,True,True,True,True,True,False,True,0,0,False,0,15,24,15,,,,False,False,False,
281,2026-08-18T21:57:26.239566,shadow,analysis_full,silero,webrtc,True,0.9783409237861633,True,True,True,1,False,True,False,0,0.0,,,,,,,,,,,,,0.04516641539773771,0.9697051715226901,0.02896931915435585,0.0013255093008136876,,,,,,,,,,,,,,False,False,temporal_v1,False,0.0006278228488683256,0.06471816283924843,2.0675582158955823,0.9775684037786617,82.66422335883377,1007.4570933810153,0.04379810659032832,0.0013084403027152761,5.9868503694115886e-05,0.0,0.0,0.008931574298240895,0.008986695175961054,0.0015743279967854848,0.007710307019882835,0.42498270637430247,207.09071132385478,0.008468817319346563,1.022422147946974,-0.0006133216755811115,633.3333333333334,0.002945339786271428,True,0.9994367361068726,0.008931574298240895,True,False,False,0.85,False,False,False,0,True,True,True,True,True,True,True,False,True,0,0,False,0,15,24,15,,,,False,False,False,
282,2026-08-18T21:57:26.249528,shadow,analysis_full,silero,webrtc,True,0.9461491107940674,True,True,True,1,False,True,False,0,0.0,,,,,,,,,,,,,0.048820680898516745,0.9685730836694748,0.0269301160482585,0.00449680026178357,,,,,,,,,,,,,,False,False,temporal_v1,False,0.0006751746533279551,0.07306889352818371,2.9720585056537527,0.9613466735443373,83.2242465317108,1420.8541705455307,0.04728639744471979,0.001314746602152053,0.00021953685064490225,0.0,0.0,0.005838792334842722,0.005840221846842638,0.0016295055648115223,0.009006118835124423,0.5660367217005086,225.57417812916904,0.02491919579367952,0.5640241209177933,-0.00035366849951342494,766.6666666666667,0.026329155832659143,True,0.999378114938736,0.005838792334842722,True,False,False,0.85,False,False,False,0,True,True,True,True,True,True,True,False,True,0,0,False,0,15,24,15,,,,False,False,False,
283,2026-08-18T21:57:26.263416,shadow,analysis_full,silero,webrtc,True,0.9959182143211365,True,True,True,1,False,True,False,0,0.0,,,,,,,,,,,,,0.6701540469466859,0.9892052855620754,0.00751464612176267,0.0032800683146696694,,,,,,,,,,,,,,False,False,temporal_v1,False,0.0024293938467844184,0.05219206680584551,1.5931584642356662,0.9777376366640267,94.42847332249843,1381.5302879861163,0.662919925380477,0.005035970509871471,0.0021981510553374744,0.0,0.0,0.00740593174020499,0.007576433410974024,0.0015284869252334798,0.009006118835124421,0.5569234602795076,236.9593221605838,0.03703489896751071,0.5151152254498739,-0.0003175842753633897,600.0,0.010129623308352457,True,0.9992531836032867,0.00740593174020499,True,False,False,0.85,False,False,False,0,True,True,True,True,True,True,True,False,True,0,0,False,0,15,24,15,,,,False,False,False,
284,2026-08-18T21:57:26.273561,shadow,analysis_full,silero,webrtc,True,0.9989991784095764,True,True,True,1,False,True,False,0,0.0,,,,,,,,,,,,,0.44873819677315335,0.9939095036379418,0.004769457272092819,0.0013210390877369015,,,,,,,,,,,,,,False,False,temporal_v1,False,0.002002215362248517,0.054279749478079335,1.5991922426934562,0.9833112617905873,92.77301495443409,853.2666491402447,0.44600515841818994,0.0021402376558655348,0.0005928006980979087,0.0,0.0,0.00962118899465584,0.00935895573572996,0.001653075271952548,0.008152661457105068,0.5508422920412964,251.88594493396297,0.006680963901711933,0.8749434939306691,-0.0005402181273352672,433.33333333333337,0.0015389919587176046,True,0.9990900754928589,0.00962118899465584,True,False,False,0.85,False,False,False,0,True,True,True,True,True,True,True,False,True,0,0,False,0,15,24,15,,,,False,False,False,
285,2026-08-18T21:57:26.292741,shadow,analysis_full,silero,webrtc,True,0.9985026121139526,True,True,True,1,False,True,False,0,0.0,,,,,,,,,,,,,0.06577487769227006,0.9742450696313021,0.019854921882170362,0.0059000084713240865,,,,,,,,,,,,,,False,False,temporal_v1,False,0.0007826067914568374,0.06889352818371608,2.2242778550199582,0.9774049333862692,84.58149318622,1043.6876197377785,0.06408085029729602,0.001305955058389332,0.000388072335584699,0.0,0.0,0.00962530541497899,0.009341386206522882,0.0017386107878843463,0.008413128049941498,0.4372964248634735,237.30598687955816,0.011655524026770338,1.1271364473972072,-0.0006799415740699828,533.3333333333334,0.0035816721465799935,True,0.9987508952617645,0.00962530541497899,True,False,False,0.85,False,False,False,0,True,True,True,True,True,True,True,False,True,0,0,False,0,15,24,15,,,,False,False,False,
286,2026-08-18T21:57:26.305030,shadow,analysis_full,silero,webrtc,True,0.9960997104644775,True,True,True,1,False,True,False,0,0.0,,,,,,,,,,,,,0.052669442789234924,0.9176301002880705,0.05353218225392153,0.028837717439021762,,,,,,,,,,,,,,False,False,temporal_v1,False,0.0006796247253168986,0.07515657620041753,1.8537934826215312,0.95320936373959,83.24499946132038,1634.9765456729228,0.048331066068802435,0.002819510210605817,0.001518866508826679,0.0,0.0,0.019420411323225115,0.013047757423132352,0.007849266225732012,0.008710916929029255,0.3964171188988621,277.94065832263027,0.00802201502604739,0.7947993471266157,-0.00046963373904968897,500.00000000000006,0.016430349810618094,True,0.9973011612892151,0.019420411323225115,True,False,False,0.85,False,False,False,0,True,True,True,True,True,True,True,False,True,0,0,False,0,15,24,15,,,,False,False,False,
287,2026-08-18T21:57:26.319000,shadow,analysis_full,silero,webrtc,True,0.9895480871200562,True,True,True,1,False,True,False,0,0.0,,,,,,,,,,,,,0.013555887082405805,0.5489104771617695,0.3219453129229679,0.12914420984149383,,,,,,,,,,,,,,False,True,temporal_v1,False,0.0003494333658658909,0.2045929018789144,3.506782360770645,0.8089469363771307,76.72875961253706,1953.9343879229864,0.007440968446754439,0.004364254308693556,0.001750664325957811,0.0,0.0,0.12762740478329432,0.09012120141799426,0.03777780135808352,0.04321049263630983,0.5983085715791547,354.1868450073804,0.015532841805122703,0.8156066020426898,-0.00047414729996338834,2400.0,0.03859520497089972,True,0.996008962392807,0.12762740478329432,True,False,True,0.85,True,False,False,0,True,True,True,True,True,True,True,False,True,0,0,False,0,15,24,15,,,,False,False,False,
288,2026-08-18T21:57:26.328772,shadow,analysis_full,silero,webrtc,True,0.9895480871200562,True,True,True,1,False,True,False,0,0.0,,,,,,,,,,,,,0.014899508259950043,0.48939253417412454,0.3297464947029099,0.18086097105584922,,,,,,,,,,,,,,False,True,temporal_v1,False,0.0003657738847087453,0.2150313152400835,3.426749489589671,0.7777195943506076,76.95813714276869,1917.0594900419999,0.007291708105285252,0.004913060621515579,0.0026947395321492112,0.0,0.0,0.18139168546449505,0.12097184082803099,0.061206725847296334,0.05903566468946797,0.7079480871014349,401.49348401208584,0.0055910218389549505,1.345546393529662,-0.0007935153106213086,2666.666666666667,0.010968870995068844,True,0.9951107800006866,0.18139168546449505,True,False,True,0.85,True,False,False,0,True,True,True,True,True,False,True,False,True,0,0,False,0,15,24,15,,,,False,False,False,
289,2026-08-18T21:57:26.349174,shadow,analysis_full,silero,webrtc,True,0.9779481887817383,True,True,True,1,False,True,False,0,0.0,,,,,,,,,,,,,0.009322416366135806,0.5123935378326799,0.18113459201328447,0.3064718700467672,,,,,,,,,,,,,,False,True,temporal_v1,False,0.0002918527877029552,0.22755741127348644,3.7293938564020332,0.742573614347543,74.77732525064249,1923.595444695975,0.0047767459029936015,0.0016886120850579751,0.0028570583770842284,0.0,0.0,0.20838237853886468,0.12249733696386683,0.10010860932878018,0.0694633862133433,0.7815748474813222,415.9109803868412,0.005707366495528395,1.1408374978064917,-0.0006780999985873383,3066.666666666667,0.021514554896285416,True,0.9919257164001465,0.20838237853886468,True,False,True,0.85,True,False,False,0,True,True,True,True,True,False,True,False,True,0,0,False,0,15,24,15,,,,False,False,False,
290,2026-08-18T21:57:26.369287,shadow,analysis_full,silero,webrtc,True,0.9150746464729309,True,True,True,1,False,True,False,0,0.0,,,,,,,,,,,,,0.15994282163584408,0.8840670979922218,0.07499875086955322,0.040934151131972706,,,,,,,,,,,,,,False,False,temporal_v1,False,0.0011922402167388489,0.11064718162839249,2.0511908902861236,0.9350097990049165,88.0496115386213,1759.3714140363134,0.14140018616828823,0.011995511833240057,0.006547123633315796,0.0,0.0,0.20444318774914325,0.12066338215960412,0.0982495017206838,0.06808182546349999,0.7824655098931329,391.56300292594847,0.01541606613691833,0.6538676099902436,-0.0003879785039753105,500.00000000000006,0.023522591359563586,True,0.9895480871200562,0.20444318774914325,True,False,True,0.85,False,False,False,0,True,True,True,True,True,True,True,False,True,0,0,False,0,15,24,15,,,,False,False,False,
291,2026-08-18T21:57:26.388403,shadow,analysis_full,silero,webrtc,True,0.9952860474586487,True,True,True,1,False,True,False,0,0.0,,,,,,,,,,,,,1.0710665149034033,0.9644704454051733,0.023920978993450897,0.011608575600441878,,,,,,,,,,,,,,False,False,temporal_v1,False,0.003055627583724564,0.05845511482254697,1.3784633653943437,0.9731162666895695,96.40011565406782,1451.3778858822805,1.0330119986874522,0.025620959603592973,0.012433556611357964,0.0,0.0,0.2040778743218964,0.12099028991509517,0.09757415343740099,0.06856504215256232,0.8455297253096377,358.12457740544147,0.01391312978882871,0.636928863665765,-0.0003856882413333328,400.0,0.007519860719354747,True,0.9924170672893524,0.2040778743218964,True,False,True,0.85,False,False,False,0,True,True,True,True,True,True,True,False,True,0,0,False,0,15,24,15,,,,False,False,False,
292,2026-08-18T21:57:26.405621,shadow,analysis_full,silero,webrtc,True,0.998816967010498,True,True,True,1,False,True,False,0,0.0,,,,,,,,,,,,,0.864652831406384,0.9696375953416944,0.024860001075445823,0.0055024035817034175,,,,,,,,,,,,,,False,False,temporal_v1,False,0.0027532046125372535,0.05219206680584551,0.7158297408785582,0.9800885318252885,95.52572715982352,1350.2730256375953,0.8383998922502737,0.021495270318649982,0.004757668836460489,0.0,0.0,0.20415337658179714,0.12112441800181098,0.09750576308372608,0.07008024542114571,0.9643921142908831,360.96851612210565,0.02815863282459813,0.7437373651460893,-0.00045157089734884084,366.6666666666667,0.006354485368096243,True,0.9956021308898926,0.20415337658179714,True,False,True,0.85,False,False,False,0,True,True,True,True,True,True,True,False,True,0,0,False,0,15,24,15,,,,False,False,False,
293,2026-08-18T21:57:26.427724,shadow,analysis_full,silero,webrtc,True,0.999123752117157,True,True,True,1,False,True,False,0,0.0,,,,,,,,,,,,,0.31049571640825396,0.9833600184154746,0.013061340052874059,0.003578641528430817,,,,,,,,,,,,,,False,False,temporal_v1,False,0.0016470401058504875,0.04801670146137787,1.096586832128554,0.9836924238497232,91.07800013040949,1001.4067782845303,0.3053290734051466,0.004055490136968953,0.0011111528651384555,0.0,0.0,0.20368847256193037,0.1206921951916925,0.09748494719821159,0.07044622162883804,1.0066258616749744,392.88033951872325,0.006642431602205487,1.1714497556511991,-0.000711163655589375,366.6666666666667,0.0015853093360380334,True,0.9956928789615631,0.20368847256193037,True,False,True,0.85,False,False,False,0,True,True,True,True,True,True,True,False,True,0,0,False,0,15,24,15,,,,False,False,False,
294,2026-08-18T21:57:26.437503,shadow,analysis_full,silero,webrtc,True,0.9988345503807068,True,True,True,1,False,True,False,0,0.0,,,,,,,,,,,,,0.0434811018608157,0.9567801253032757,0.029808071095971816,0.01341180357775396,,,,,,,,,,,,,,False,False,temporal_v1,False,0.0006182832070698535,0.06471816283924843,1.4744384785296651,0.9682073896878324,82.48893934986927,1548.9253575494924,0.04160185408671574,0.0012960877755983868,0.0005831599975015723,0.0,0.0,0.20087276361051398,0.11883683254982308,0.09667973670727702,0.06966387805340543,1.014221205623346,330.86792787295167,0.011260068620866488,0.8534410706840927,-0.0005237797825824131,533.3333333333334,0.012282514362563713,True,0.9956928789615631,0.20087276361051398,True,False,True,0.85,False,False,False,0,True,True,True,True,True,True,True,False,True,0,0,False,0,15,24,15,,,,False,False,False,
295,2026-08-18T21:57:26.447501,shadow,analysis_full,silero,webrtc,True,0.9972007274627686,True,True,True,1,False,True,False,0,0.0,,,,,,,,,,,,,0.06346176590645183,0.9314757807829891,0.06022015782070175,0.008304061380551649,,,,,,,,,,,,,,False,False,temporal_v1,False,0.0007662137854843637,0.09394572025052192,2.509514570953424,0.9654472624375929,84.34391587743741,1557.3358939008622,0.0591130979475795,0.003821677558466959,0.000526990399405376,0.0,0.0,0.19797945496416317,0.11646028129647332,0.09651636930171614,0.06849031114598456,1.020022951588486,283.43645592664166,0.016979006842867073,0.5959989400217488,-0.00036331502429451314,600.0,0.031215885025976126,True,0.9956928789615631,0.19797945496416317,True,False,True,0.85,False,False,False,0,True,True,True,True,True,True,True,False,True,0,0,False,0,15,24,15,,,,False,False,False,
296,2026-08-18T21:57:26.458388,shadow,analysis_full,silero,webrtc,True,0.9995030164718628,True,True,True,1,False,True,False,0,0.0,,,,,,,,,,,,,0.4677420633402202,0.9851627015453152,0.012197910393354196,0.002639388059192853,,,,,,,,,,,,,,False,False,temporal_v1,False,0.002050970381422201,0.05636743215031315,1.5635105947422419,0.9788583627846646,92.96237742715238,1136.8997497973821,0.4608020347466313,0.0057054757758266085,0.0012345528167624045,0.0,0.0,0.20243896515170465,0.11914071774856641,0.09801975220845642,0.0698035675170066,1.0327810104493553,316.4775676128868,0.024432472338424015,0.7260555061940996,-0.00044116335788227964,466.6666666666667,0.004052858917509256,True,0.9962433874607086,0.20243896515170465,True,False,True,0.85,False,False,False,0,True,True,True,True,True,True,True,False,True,0,0,False,0,15,24,15,,,,False,False,False,
297,2026-08-18T21:57:26.469631,shadow,analysis_full,silero,webrtc,True,0.9995057582855225,True,True,True,1,False,True,False,0,0.0,,,,,,,,,,,,,0.1348030442602156,0.9812780393437665,0.007635844758395286,0.011086115890419931,,,,,,,,,,,,,,False,False,temporal_v1,False,0.0011719180779256795,0.06263048016701461,1.9964130225781482,0.9760297340234977,88.08534876096115,1038.2294794369316,0.13227926696923534,0.001029335118930095,0.0014944421710501575,0.0,0.0,0.18477667035460937,0.09790650937738203,0.09732201548675712,0.06395400433125599,0.9277184189944485,321.68649253484637,0.0211284349555456,0.8480308456035306,-0.000526942158496372,500.00000000000006,0.004612475207204455,True,0.9980088472366333,0.18477667035460937,True,False,True,0.85,False,False,False,0,True,True,True,True,True,True,True,False,True,0,0,False,0,15,24,15,,,,False,False,False,
298,2026-08-18T21:57:26.478441,shadow,analysis_full,silero,webrtc,True,0.9992579817771912,True,True,True,1,False,True,False,0,0.0,,,,,,,,,,,,,0.05481470357495103,0.9746484535996169,0.022049126759989164,0.0033024196221507368,,,,,,,,,,,,,,False,False,temporal_v1,False,0.0008855122423462868,0.060542797494780795,2.3004314506244086,0.9819447512455985,85.67620961675718,985.922850189385,0.053425066073847415,0.0012086163474353264,0.00018102115266829442,0.0,0.0,0.13712786695670234,0.04976326081227646,0.0892279272499035,0.05149429175221996,0.8075491032397834,313.0012270144048,0.013358584833371288,0.8212563858742324,-0.0005016307282314402,533.3333333333334,0.00456998240725281,True,0.9988257586956024,0.13712786695670234,True,False,True,0.85,False,False,False,0,True,True,True,True,True,True,True,False,True,0,0,False,0,15,24,15,,,,False,False,False,
299,2026-08-18T21:57:26.489331,shadow,analysis_full,silero,webrtc,True,0.9994822144508362,True,True,True,1,False,True,False,0,0.0,,,,,,,,,,,,,0.0271959765294943,0.9265866161522414,0.053651436504392615,0.01976194730659604,,,,,,,,,,,,,,False,False,temporal_v1,False,0.0005432919730578542,0.07515657620041753,2.5558178163849985,0.9648040388952878,81.34736978365034,1359.679448611277,0.0251994278654199,0.0014591032079471153,0.0005374454551272889,0.0,0.0,0.03079675974423295,0.02162859010201924,0.010910911040782867,0.01874385634678719,0.5851326064007261,254.47038533657195,0.018059709867712336,1.4654022734793666,-0.0009304655889454976,466.6666666666667,0.0049893920341548695,True,0.9989791512489319,0.03079675974423295,True,False,False,0.85,False,False,False,0,True,True,True,True,True,True,True,False,True,0,0,False,0,15,24,15,,,,False,False,False,
300,2026-08-18T21:57:26.505911,shadow,analysis_full,silero,webrtc,True,0.9986085295677185,True,True,True,1,False,True,False,0,0.0,,,,,,,,,,,,,0.011020983714181531,0.8352994913756482,0.09882502355469502,0.06587548497892073,,,,,,,,,,,,,,False,False,temporal_v1,False,0.0003236903797566091,0.13569937369519833,2.8216741414800754,0.9022019962198716,76.53124635875854,1875.2722925895425,0.009205822090915135,0.0010891489751499001,0.0007260126471164955,0.0,0.0,0.04314642471078801,0.026882015018640758,0.01786899422218765,0.02490300044100757,0.6633471711740103,275.9952446722697,0.00962797356984141,0.9990277714518043,-0.0006227813958469098,1266.6666666666667,0.025873138722319795,True,0.9989791512489319,0.04314642471078801,True,False,False,0.85,True,False,False,0,True,True,True,True,True,True,True,False,True,0,0,False,0,15,24,15,,,,False,False,False,
301,2026-08-18T21:57:26.518662,shadow,analysis_full,silero,webrtc,True,0.997714638710022,True,True,True,1,False,True,False,0,0.0,,,,,,,,,,,,,0.008389963795618051,0.7059178033798742,0.23821514112333358,0.0558670553776023,,,,,,,,,,,,,,False,True,temporal_v1,False,0.00032856561319406986,0.11064718162839249,3.2201959340469877,0.9052058859359629,76.67675791770198,1842.5576597472561,0.005922624813039366,0.0019986164095928136,0.00046872257198587205,0.0,0.0,0.0847040503205794,0.06630947131979233,0.021678039832539922,0.027143086368509407,0.7581787996271301,315.2773257460219,0.007061420709606161,0.8189361148719153,-0.0005032490745427663,1766.6666666666667,0.049535629882816554,True,0.9989791512489319,0.0847040503205794,True,False,True,0.85,True,False,False,0,True,True,True,True,True,True,True,False,True,0,0,False,0,15,24,15,,,,False,False,False,
302,2026-08-18T21:57:26.532504,shadow,analysis_full,silero,webrtc,True,0.9866103529930115,True,True,True,1,False,True,False,0,0.0,,,,,,,,,,,,,0.021758357223166335,0.9045128213944499,0.07202899233512366,0.023458186224467045,,,,,,,,,,,,,,False,False,temporal_v1,False,0.00048043860594060436,0.10438413361169102,3.0865503435435,0.9533153404889168,43.303802364049844,1481.9631538845647,0.01968071308083449,0.0015672325456523306,0.0005104115956795135,0.0,0.0,0.08351811608590796,0.06559668722132862,0.021230242401586955,0.027082804939728863,0.6780257715591161,316.9388589178394,0.009574050748483484,0.7387128881890948,-0.00045561430318220706,600.0,0.03685996110277796,True,0.9989791512489319,0.08351811608590796,True,False,True,0.85,False,False,False,0,True,True,True,True,True,False,True,False,True,0,0,False,0,15,24,15,,,,False,False,False,
303,2026-08-18T21:57:26.543417,shadow,analysis_full,silero,webrtc,True,0.9991740584373474,True,True,True,1,False,True,False,0,0.0,,,,,,,,,,,,,0.3788960899960109,0.9713309064861406,0.026446771207468807,0.0022223223037513952,,,,,,,,,,,,,,False,False,temporal_v1,False,0.0018462644552090402,0.06471816283924843,1.6359022969832366,0.9722548438213903,92.01906091256127,1044.7640907705963,0.36803348255987955,0.01002057820352901,0.0008420292316023308,0.0,0.0,0.0826574996316921,0.06474049983506985,0.021343404038823267,0.02545004201696488,0.6001133353444771,311.9487510707952,0.04156529710097822,1.0029148095555647,-0.0006110916944687991,700.0,0.0026267165723091257,True,0.9990043044090271,0.0826574996316921,True,False,True,0.85,False,False,False,0,True,True,True,True,True,True,True,False,True,0,0,False,0,15,24,15,,,,False,False,False,
304,2026-08-18T21:57:26.554705,shadow,analysis_full,silero,webrtc,True,0.9991740584373474,True,True,True,1,False,True,False,0,0.0,,,,,,,,,,,,,0.2531450015225991,0.9808227041825911,0.016299967829960627,0.002877327983498248,,,,,,,,,,,,,,False,False,temporal_v1,False,0.0015134817842761168,0.05636743215031315,1.587211212535195,0.979617681530182,90.32482702833276,972.5594400632629,0.2482903649437018,0.004126255381133699,0.000728381196763681,0.0,0.0,0.08410785127400869,0.0655363735563481,0.021923923769519054,0.026159421969164737,0.5850551554052451,329.487525240083,0.04007597270870151,1.0109252999886558,-0.0006178308392035956,466.6666666666667,0.002329096418826535,True,0.9991740584373474,0.08410785127400869,True,False,True,0.85,False,False,False,0,True,True,True,True,True,True,True,False,True,0,0,False,0,15,24,15,,,,False,False,False,
305,2026-08-18T21:57:26.570629,shadow,analysis_full,silero,webrtc,True,0.9994736313819885,True,True,True,1,False,True,False,0,0.0,,,,,,,,,,,,,0.21646070880730658,0.9870846243360162,0.010288833235485888,0.002626542423878084,,,,,,,,,,,,,,False,False,temporal_v1,False,0.0014029353106880234,0.054279749478079335,1.1615084093026051,0.9807932754931227,89.67111742141088,1295.3470405805924,0.213665037436568,0.002227128134953449,0.0005685432347851112,0.0,0.0,0.08650647252876996,0.06726633648898585,0.0222781803136568,0.02704657159198605,0.6758838110832961,320.62803235684765,0.008846213586116402,0.583968769616448,-0.000365095738273955,433.33333333333337,0.00810388352656448,True,0.9992160201072693,0.08650647252876996,True,False,True,0.85,False,False,False,0,True,True,True,True,True,True,True,False,True,0,0,False,0,15,24,15,,,,False,False,False,
306,2026-08-18T21:57:26.586979,shadow,analysis_full,silero,webrtc,True,0.9994252920150757,True,True,True,1,False,True,False,0,0.0,,,,,,,,,,,,,0.08990719300511169,0.9914121615880511,0.0075117880477292166,0.0010760503530970313,,,,,,,,,,,,,,False,False,temporal_v1,False,0.0009364308070989021,0.05845511482254697,1.849798796933031,0.9859050989099092,86.17990848147498,728.1189156829317,0.08913508455951188,0.0006753637778206818,9.674466677911338e-05,0.0,0.0,0.0869583302228687,0.06758378146743983,0.0223974073851098,0.026885754242534008,0.6543369358634865,362.55666730214153,0.026054666177770885,1.773054822592244,-0.0010929269122560276,433.33333333333337,0.000208005541556371,True,0.9992160201072693,0.0869583302228687,True,False,True,0.85,False,False,False,0,True,True,True,True,True,True,True,False,True,0,0,False,0,15,24,15,,,,False,False,False,
307,2026-08-18T21:57:26.602432,shadow,analysis_full,silero,webrtc,True,0.9988786578178406,True,True,True,1,False,True,False,0,0.0,,,,,,,,,,,,,0.015447076515923069,0.9197068021603384,0.05104171849123786,0.02925147928368656,,,,,,,,,,,,,,False,False,temporal_v1,False,0.00037350874838966793,0.06471816283924843,2.42969523613254,0.9549737939027085,78.03184444476646,1468.9106139572505,0.014206781345185666,0.0007884453310383566,0.00045184983869904483,0.0,0.0,0.08497571930709535,0.06575251943207445,0.022433484883607024,0.026771223552251262,0.6523367529634176,358.9266310925216,0.020355235279381916,0.856986810013524,-0.0004977460988307531,700.0,0.015126477991250427,True,0.9991740584373474,0.08497571930709535,True,False,True,0.85,False,False,False,0,True,True,True,True,True,True,True,False,True,0,0,False,0,15,24,15,,,,False,False,False,
308,2026-08-18T21:57:26.615112,shadow,analysis_full,silero,webrtc,True,0.9949092268943787,True,True,True,1,False,True,False,0,0.0,,,,,,,,,,,,,0.015509169639331511,0.862845118805371,0.08824005620296126,0.04891482492718967,,,,,,,,,,,,,,False,False,temporal_v1,False,0.0003782468507034764,0.08350730688935282,2.711030539314144,0.9325587276412168,78.03905703151305,1491.739266481248,0.01338201132002165,0.0013685300006358728,0.0007586283176739862,0.0,0.0,0.08436769752046079,0.06496248847741279,0.023074180203346412,0.026109391153315918,0.6660601180825673,345.72302329543334,0.0051691743952690635,1.415889325146847,-0.0008530254545622726,900.0000000000001,0.006775910677804641,True,0.999026358127594,0.08436769752046079,True,False,True,0.85,False,False,False,0,True,True,True,True,True,True,True,False,True,0,0,False,0,15,24,15,,,,False,False,False,
309,2026-08-18T21:57:26.633703,shadow,analysis_full,silero,webrtc,True,0.9977847933769226,True,True,True,1,False,True,False,0,0.0,,,,,,,,,,,,,0.01162329327038107,0.8000105337575901,0.13359435659134206,0.06639510956503354,,,,,,,,,,,,,,False,False,temporal_v1,False,0.00033720457754150227,0.1419624217118998,2.946506352784425,0.8848675026289041,76.80582115292977,1989.4663277501356,0.009298757053258565,0.0015528063859290351,0.0007717298301934682,0.0,0.0,0.09001828250245275,0.06777750771333207,0.026028482184441357,0.03174994041915605,0.6905783502526347,394.5544479225222,0.005081142269766819,0.7598347517548022,-0.0004477703923693863,1533.3333333333335,0.052980214365289505,True,0.9987435936927795,0.09001828250245275,True,False,True,0.85,True,False,False,0,True,True,True,True,True,False,True,False,True,0,0,False,0,15,24,15,,,,False,False,False,
310,2026-08-18T21:57:26.655024,shadow,analysis_full,silero,webrtc,True,0.9863439798355103,True,True,True,1,False,True,False,0,0.0,,,,,,,,,,,,,0.0792336182630246,0.931881347832252,0.0593180330370781,0.008800619118049056,,,,,,,,,,,,,,False,False,temporal_v1,False,0.0008437793648201449,0.10020876826722339,2.798136841919744,0.952414457944143,85.12389007370926,1204.2719746683613,0.07383633098057349,0.0046999823857733275,0.000697304895677775,0.0,0.0,0.0881609004917429,0.06738011506135526,0.02365383820762717,0.027912559354251805,0.688987973999661,367.3861021015984,0.010251127399048805,1.1515585359733886,-0.0006875974681177736,866.6666666666667,0.00573277465379015,True,0.9983317255973816,0.0881609004917429,True,False,True,0.85,False,False,False,0,True,True,True,True,True,True,True,False,True,0,0,False,0,15,24,15,,,,False,False,False,
311,2026-08-18T21:57:26.664769,shadow,analysis_full,silero,webrtc,True,0.9988705515861511,True,True,True,1,False,True,False,0,0.0,,,,,,,,,,,,,0.27834473046999425,0.8999590723775541,0.08953247252952747,0.0105084550893258,,,,,,,,,,,,,,False,False,temporal_v1,False,0.0015709269578180261,0.10438413361169102,2.1634630734084235,0.9396888426025218,90.46823174050475,1572.3103467469778,0.25049886543495636,0.02492089193454349,0.002924973099494429,0.0,0.0,0.058425613834121044,0.03919708199035409,0.021375980467524782,0.027370945025468257,0.6242919620134999,339.1600881151277,0.008094570199340971,0.7053172885379647,-0.00042633542324503924,833.3333333333334,0.022120567751346024,True,0.9988746047019958,0.058425613834121044,True,False,True,0.85,False,False,False,0,True,True,True,True,True,True,True,False,True,0,0,False,0,15,24,15,,,,False,False,False,
312,2026-08-18T21:57:26.672036,shadow,analysis_full,silero,webrtc,True,0.9993763566017151,True,True,True,1,False,True,False,0,0.0,,,,,,,,,,,,,0.2506341929988887,0.8014821490633839,0.18641663859055888,0.012101212342067309,,,,,,,,,,,,,,False,False,temporal_v1,False,0.0014856453384199653,0.10855949895615867,2.646426718814909,0.9374044799910609,89.97257000730554,1206.5810653296244,0.20087883163351627,0.04672238377471022,0.0030329775896622323,0.0,0.0,0.06921126023993104,0.055621545784126654,0.021443112889940382,0.027719048954157232,0.5765336744623007,336.46210917218286,0.011379793844802746,1.6178779426443366,-0.0009719609606039126,1200.0,0.0018144678097889143,True,0.999026358127594,0.06921126023993104,True,False,True,0.85,True,False,False,0,True,True,True,True,True,True,True,False,True,0,0,False,0,15,24,15,,,,False,False,False,
313,2026-08-18T21:57:26.682096,shadow,analysis_full,silero,webrtc,True,0.9987560510635376,True,True,True,1,False,True,False,0,0.0,,,,,,,,,,,,,0.2582231523869867,0.7940981925030431,0.1943253284426482,0.011576479050436113,,,,,,,,,,,,,,False,False,temporal_v1,False,0.0015073051503209638,0.10438413361169102,2.3949871258924116,0.9324418690263343,90.07541128785388,1327.6051694479497,0.20505453857294398,0.050179298899097176,0.0029893149139455233,0.0,0.0,0.07488799010358067,0.0653684788636986,0.020911040491120293,0.02755424793636145,0.5474284801798107,325.75314937682214,0.00730115712062767,1.0295575189355377,-0.0006172408216014965,1233.3333333333335,0.006652887860376999,True,0.9988746047019958,0.07488799010358067,True,False,True,0.85,True,False,False,0,True,True,True,True,True,True,True,False,True,0,0,False,0,15,24,15,,,,False,False,False,
314,2026-08-18T21:57:26.689238,shadow,analysis_full,silero,webrtc,True,0.9981856942176819,True,True,True,1,False,True,False,0,0.0,,,,,,,,,,,,,0.41699136610434206,0.8455803370796017,0.1403462151691033,0.014073447748896909,,,,,,,,,,,,,,False,False,temporal_v1,False,0.0019111859405719132,0.11691022964509394,1.871266502152818,0.9340997667170976,92.14606275621742,1474.6160159229619,0.3525996999097932,0.05852315999093832,0.0058685062026106,0.0,0.0,0.07060590351246446,0.0631413893547487,0.02028612199967737,0.026644752975542807,0.5178935077779308,305.519526112514,0.004617904204093699,0.7537925062183027,-0.00044269430268876645,1033.3333333333335,0.008611365674325555,True,0.9988133013248444,0.07060590351246446,True,False,True,0.85,True,False,False,0,True,True,True,True,True,True,True,False,True,0,0,False,0,15,24,15,,,,False,False,False,
315,2026-08-18T21:57:26.699567,shadow,analysis_full,silero,webrtc,True,0.9989379048347473,True,True,True,1,False,True,False,0,0.0,,,,,,,,,,,,,0.43818432942615737,0.8149640776634041,0.1663033292679882,0.018732593066325704,,,,,,,,,,,,,,False,False,temporal_v1,False,0.001959981791054172,0.10647181628392484,2.2925604239887467,0.935254460366771,92.370386811376,1302.813270281314,0.35710448787734556,0.07287151281663086,0.008208328731181014,0.0,0.0,0.06389400529426977,0.05917030393234173,0.019421497965504405,0.02330736657528662,0.35556289502533,305.3308327637072,0.0029425117351953864,1.0458451673721367,-0.0006223964747459653,1166.6666666666667,0.003913240319120665,True,0.9988133013248444,0.06389400529426977,True,False,True,0.85,True,False,False,0,True,True,True,True,True,True,True,False,True,0,0,False,0,15,24,15,,,,False,False,False,
316,2026-08-18T21:57:26.707412,shadow,analysis_full,silero,webrtc,True,0.9981982111930847,True,True,True,1,False,True,False,0,0.0,,,,,,,,,,,,,0.5413706428144995,0.8166580013677077,0.15822289958393573,0.025119099046509413,,,,,,,,,,,,,,False,False,temporal_v1,False,0.002174988530885447,0.1127348643006263,2.1981729649806914,0.9301378147094111,93.2509733168913,1500.3292078671368,0.4421146671600404,0.08565723285572929,0.013598742797729883,0.0,0.0,0.04954266585709118,0.049051214028291656,0.01810850217539263,0.019202141607627423,0.3135105768651262,216.18340195002853,0.0017714129526640457,0.8881598005708714,-0.0005206793736080388,1033.3333333333335,0.010291300659643517,True,0.9984771311283112,0.04954266585709118,True,False,False,0.85,True,False,False,0,True,True,True,True,True,True,True,False,True,0,0,False,0,15,24,15,,,,False,False,False,
317,2026-08-18T21:57:26.721574,shadow,analysis_full,silero,webrtc,True,0.997448742389679,True,True,True,1,False,True,False,0,0.0,,,,,,,,,,,,,0.5897980589281097,0.7932684525609941,0.19054274867629548,0.01618879876101495,,,,,,,,,,,,,,False,False,temporal_v1,False,0.002271253489611072,0.12108559498956159,2.3161246446545807,0.9284461958029386,93.6190249195486,1268.8756213304111,0.4678681935293796,0.11238174331210571,0.009548122085624404,0.0,0.0,0.045805541686517445,0.04522871645874171,0.01819299651615108,0.014405010438413362,0.3159152770056,223.01248013765988,0.0037893090531201934,1.7246320852662609,-0.0010299313236717456,1266.6666666666667,0.0007138431166771431,True,0.9981919527053833,0.045805541686517445,True,False,False,0.85,True,False,False,0,True,True,True,True,True,True,True,False,True,0,0,False,0,15,24,15,,,,False,False,False,
318,2026-08-18T21:57:26.732803,shadow,analysis_full,silero,webrtc,True,0.9984332919120789,True,True,True,1,False,True,False,0,0.0,,,,,,,,,,,,,0.49879137231258364,0.8665948720208027,0.12541279420196713,0.007992333775225385,,,,,,,,,,,,,,False,False,temporal_v1,False,0.002091478209318302,0.10855949895615867,2.2238777993138745,0.9446741329432469,92.9780825085477,1282.6634732876223,0.43225004545430395,0.06255481972555482,0.003986507131724882,0.0,0.0,0.0460379145834772,0.04219124757089728,0.016479587242894576,0.01145184814355113,0.3068499935777952,226.38134200500204,0.0016788152175171327,1.0792216942124355,-0.0006402473882802936,833.3333333333334,0.004732257239619119,True,0.9983157515525818,0.0460379145834772,True,False,False,0.85,False,False,False,0,True,True,True,True,True,True,True,False,True,0,0,False,0,15,24,15,,,,False,False,False,
319,2026-08-18T21:57:26.740552,shadow,analysis_full,silero,webrtc,True,0.998469889163971,True,True,True,1,False,True,False,0,0.0,,,,,,,,,,,,,0.30149814130472485,0.9605583146236059,0.03598760922188728,0.003454076151190168,,,,,,,,,,,,,,False,False,temporal_v1,False,0.0016317368834243473,0.05636743215031315,2.0490003943082735,0.9737029165173977,90.95260665822036,1140.4885064342257,0.2896065464738163,0.010850197290399792,0.0010413975395088134,0.0,0.0,0.057177330317174174,0.053371415362077054,0.005776876621228701,0.016929549004353478,0.25668991469453745,135.0105510668608,0.009256177561633227,0.8085835155714799,-0.0004930368912644258,666.6666666666667,0.006492330064579042,True,0.9984515905380249,0.057177330317174174,True,False,True,0.85,False,False,False,0,True,True,True,True,True,True,True,False,True,0,0,False,0,15,24,15,,,,False,False,False,
320,2026-08-18T21:57:26.748939,shadow,analysis_full,silero,webrtc,True,0.998469889163971,True,True,True,1,False,True,False,0,0.0,,,,,,,,,,,,,0.2949460684937354,0.9813838725913919,0.017190625778979125,0.0014255016262387163,,,,,,,,,,,,,,False,False,temporal_v1,False,0.0016204499287128,0.054279749478079335,1.482632696357673,0.9824643093284793,90.9305422538611,947.5649581815666,0.28945531490398796,0.005070307488456951,0.00042044610029053563,0.0,0.0,0.06538855522557747,0.06035613698199175,0.006651879217252005,0.02260488965952261,0.29894693565752634,174.68237264540457,0.009759884333728725,0.8346404362319141,-0.0005196110004877432,433.33333333333337,0.0026028680609989363,True,0.998469889163971,0.06538855522557747,True,False,True,0.85,False,False,False,0,True,True,True,True,True,True,True,False,True,0,0,False,0,15,24,15,,,,False,False,False,
321,2026-08-18T21:57:26.757303,shadow,analysis_full,silero,webrtc,True,0.9985344409942627,True,True,True,1,False,True,False,0,0.0,,,,,,,,,,,,,0.17419015007012068,0.9748400798558934,0.022724791993440626,0.002435128144925157,,,,,,,,,,,,,,False,False,temporal_v1,False,0.001254553743544202,0.054279749478079335,1.6866990068092127,0.980901929960496,88.70018626116378,1027.069984455832,0.1698075398044665,0.0039584349276496995,0.0004241753370044876,0.0,0.0,0.07359933126724227,0.06775680909104609,0.007260244901074142,0.02620519964010556,0.3314568453786946,166.83794979365425,0.0037582827582918355,0.7723546365729465,-0.000479209184447336,433.33333333333337,0.00374656721447945,True,0.998469889163971,0.07359933126724227,True,False,True,0.85,False,False,False,0,True,True,True,True,True,True,True,False,True,0,0,False,0,15,24,15,,,,False,False,False,
322,2026-08-18T21:57:26.767494,shadow,analysis_full,silero,webrtc,True,0.9986785054206848,True,True,True,1,False,True,False,0,0.0,,,,,,,,,,,,,0.01768552765802819,0.88486158650959,0.10827266451455204,0.006865748919314479,,,,,,,,,,,,,,False,False,temporal_v1,False,0.0004095411027816298,0.06889352818371608,2.5749528742397625,0.9675372594376028,78.8937472101894,1219.161825130025,0.01564924406174206,0.0019148592028805176,0.00012142439240561338,0.0,0.0,0.07059950466136343,0.06450676069956063,0.007372208015748086,0.0267524947271918,0.32053639113179205,166.5691459593635,0.01270205350005762,0.9305196006852378,-0.0005616646601296194,600.0,0.009328753263169773,True,0.998469889163971,0.07059950466136343,True,False,True,0.85,False,False,False,0,True,True,True,True,True,True,True,False,True,0,0,False,0,15,24,15,,,,False,False,False,
323,2026-08-18T21:57:26.776717,shadow,analysis_full,silero,webrtc,True,0.998816967010498,True,True,True,1,False,True,False,0,0.0,,,,,,,,,,,,,0.014849282368168433,0.9404726457324091,0.040368311112439374,0.01915904308780817,,,,,,,,,,,,,,False,False,temporal_v1,False,0.0003645115038658676,0.08350730688935282,1.8193338901390415,0.9367033177262124,77.73448048336196,1911.9461082367002,0.01396534387601898,0.0005994404504346838,0.0002844980407147692,0.0,0.0,0.06778290165926669,0.062294124850212296,0.0077924522043941085,0.02639164509447385,0.3156655714921257,260.0936941099591,0.011320784476985767,0.8005790484069826,-0.0005011904505452725,633.3333333333334,0.015667825674297815,True,0.998469889163971,0.06778290165926669,True,False,True,0.85,False,False,False,0,True,True,True,True,True,True,True,False,True,0,0,False,0,15,24,15,,,,False,False,False,
324,2026-08-18T21:57:26.786562,shadow,analysis_full,silero,webrtc,True,0.9982596039772034,True,True,True,1,False,True,False,0,0.0,,,,,,,,,,,,,0.002090299040024584,0.7258844319724062,0.21219131233255534,0.06192425521663806,,,,,,,,,,,,,,False,True,temporal_v1,False,0.00015767611017129167,0.18162839248434237,3.6408496231808716,0.7327342147929642,69.2444438497934,2243.5137507489444,0.001517315531320711,0.00044354329647029706,0.00012944021123357586,0.0,0.0,0.08305116476825684,0.07012224423997826,0.017058633951345024,0.03799582463465553,0.5636476970315139,382.8158249561204,0.01678105653621614,0.7829551001276744,-0.00048274684532986615,3633.3333333333335,0.0641068514761978,True,0.998469889163971,0.08305116476825684,True,False,True,0.85,True,False,False,0,True,True,True,True,True,True,True,False,True,0,0,False,0,15,24,15,,,,False,False,False,
325,2026-08-18T21:57:26.795021,shadow,analysis_full,silero,webrtc,True,0.9772616624832153,True,True,True,1,False,True,False,0,0.0,,,,,,,,,,,,,0.0035219727546843714,0.9032521821385802,0.08360601552944621,0.013141802048041802,,,,,,,,,,,,,,False,False,temporal_v1,False,0.00018052731102137273,0.0709812108559499,2.290366027852975,0.9528465571578063,71.60229244317249,1506.5799400112153,0.0031812295761012846,0.000294458108822428,4.62850687606585e-05,0.0,0.0,0.08076004486992897,0.0675552863853402,0.017062334408312747,0.038393500357207795,0.563623109925793,383.35122621217636,0.012268049563896818,1.026492176899728,-0.0006299650968281286,833.3333333333334,0.01255284116540961,True,0.9984515905380249,0.08076004486992897,True,False,True,0.85,False,False,False,0,True,True,True,True,True,True,True,False,True,0,0,False,0,15,24,15,,,,False,False,False,
326,2026-08-18T21:57:26.805055,shadow,analysis_full,silero,webrtc,True,0.9598550200462341,True,True,True,1,False,True,False,0,0.0,,,,,,,,,,,,,0.0020329523658351124,0.8112197836192101,0.1582673465623958,0.030512869326498583,,,,,,,,,,,,,,False,False,temporal_v1,False,0.00014011730257553422,0.10647181628392484,2.781097685835655,0.9305868024181214,69.2076451883119,1681.7531819331189,0.0016491711783209212,0.00032174997662846817,6.203120988572293e-05,0.0,0.0,0.0812338365388348,0.06755915433445564,0.017430615535073087,0.03808748035734851,0.5871561162790869,391.64529607507797,0.00473782787271214,0.7851629864252347,-0.0004618582066526478,1266.6666666666667,0.029042568888008633,True,0.9984515905380249,0.0812338365388348,True,False,True,0.85,True,False,False,0,True,True,True,True,True,False,True,False,True,0,0,False,0,15,24,15,,,,False,False,False,
327,2026-08-18T21:57:26.819065,shadow,analysis_full,silero,webrtc,True,0.8554248809814453,True,True,True,1,False,True,False,0,0.0,,,,,,,,,,,,,0.005411595272805499,0.7885324395255092,0.1431286824632894,0.06833887782641278,,,,,,,,,,,,,,False,True,temporal_v1,False,0.00022438271651077256,0.10438413361169102,3.725518667875475,0.8937340707103147,73.2608207178964,1688.2671276620856,0.0042672184221900335,0.0007745545014212162,0.0003698223481942479,0.0,0.0,0.0817747964129058,0.062472499071394856,0.023395073333293114,0.03706680437572641,0.7293009959772029,395.337308736454,0.01007972622520932,0.9257189292659335,-0.0005582600986586989,1633.3333333333335,0.04836978633920858,True,0.9984515905380249,0.0817747964129058,True,False,True,0.85,True,False,False,0,True,True,True,True,True,False,True,False,True,0,0,False,0,15,24,15,,,,False,False,False,
328,2026-08-18T21:57:26.827667,shadow,analysis_full,silero,webrtc,True,0.9097658395767212,True,True,True,1,False,True,False,0,0.0,,,,,,,,,,,,,0.1990286022731229,0.8884457363785779,0.10785971294158302,0.00369455067481463,,,,,,,,,,,,,,False,False,temporal_v1,False,0.0013204508747415606,0.05845511482254697,2.2516714610952486,0.9690564818484426,89.09252996837019,992.3547822513852,0.1768261131069438,0.021467167908343535,0.0007353212568355789,0.0,0.0,0.08157863743143748,0.06182859353499109,0.023677497806899206,0.03745979927742277,0.7285725485370357,417.6813747977131,0.026127994404072447,1.2205470971403516,-0.0007319073637444267,800.0,0.0016421676279737504,True,0.9983647465705872,0.08157863743143748,True,False,True,0.85,False,False,False,0,True,True,True,True,True,True,True,False,True,0,0,False,0,15,24,15,,,,False,False,False,
329,2026-08-18T21:57:26.840360,shadow,analysis_full,silero,webrtc,True,0.9901010990142822,True,True,True,1,False,True,False,0,0.0,,,,,,,,,,,,,0.30110834175685497,0.9071578925222923,0.08594924743560063,0.006892860038786073,,,,,,,,,,,,,,False,False,temporal_v1,False,0.001625124232844215,0.06471816283924843,1.7930319772901973,0.9650973570389696,90.8787957725056,1101.2453624616737,0.2731528087290307,0.025880035370583327,0.0020754976562409656,0.0,0.0,0.07819746280592932,0.058975808472143884,0.0234425975764305,0.036925435422923605,0.7458085420505772,420.6122595331808,0.010251130331436929,1.2782490000133355,-0.0007716911044177244,800.0,0.001668270992496734,True,0.9941803514957428,0.07819746280592932,True,False,True,0.85,False,False,False,0,True,True,True,True,True,True,True,False,True,0,0,False,0,15,24,15,,,,False,False,False,
330,2026-08-18T21:57:26.852567,shadow,analysis_full,silero,webrtc,True,0.9966377019882202,True,True,True,1,False,True,False,0,0.0,,,,,,,,,,,,,0.301330347263403,0.939133249861749,0.049393410169323124,0.01147333996560938,,,,,,,,,,,,,,False,False,temporal_v1,False,0.0016216040413457886,0.05010438413361169,2.183821987160377,0.9644114795779316,90.85697642288463,1107.7786766588592,0.28298934830744904,0.01488373343884584,0.003457265516108155,0.0,0.0,0.0736472000496683,0.055238614826244446,0.022768906185030163,0.037289542483116674,0.6864280595711966,404.6034404746584,0.007283849561928091,1.2106983623963246,-0.000720315555071295,766.6666666666667,0.0017998283849723082,True,0.9933694005012512,0.0736472000496683,True,False,True,0.85,False,False,False,0,True,True,True,True,True,True,True,False,True,0,0,False,0,15,24,15,,,,False,False,False,
331,2026-08-18T21:57:26.865252,shadow,analysis_full,silero,webrtc,True,0.996086597442627,True,True,True,1,False,True,False,0,0.0,,,,,,,,,,,,,0.21997486180231413,0.9059909929356446,0.0680208383825148,0.025988168677294737,,,,,,,,,,,,,,False,False,temporal_v1,False,0.0013866926850324638,0.1127348643006263,2.6394146337657958,0.9446838484178534,89.40740241763157,1216.2966955862069,0.19929524346515975,0.014962874522871237,0.005716743813283139,0.0,0.0,0.06704290047361054,0.05025189713588353,0.02177376788247855,0.036695737023331655,0.6346012963827427,388.58404108808395,0.005442485178759699,1.239427191798902,-0.0007364535865681741,833.3333333333334,0.002630506616546182,True,0.9930938482284546,0.06704290047361054,True,False,True,0.85,False,False,False,0,True,True,True,True,True,True,True,False,True,0,0,False,0,15,24,15,,,,False,False,False,
332,2026-08-18T21:57:26.883484,shadow,analysis_full,silero,webrtc,True,0.9930342435836792,True,True,True,1,False,True,False,0,0.0,,,,,,,,,,,,,0.23450136038228894,0.9239539793907292,0.05437638609358816,0.021669634511418245,,,,,,,,,,,,,,False,False,temporal_v1,False,0.00143155990692663,0.10020876826722339,2.485171017073437,0.9479262205536845,89.69900831795654,1242.336855960014,0.21666846509775536,0.012751336511619001,0.005081558771914576,0.0,0.0,0.0689378884341766,0.05252634174434315,0.02099343021348823,0.036075857296217914,0.6351027048631825,387.16620970430864,0.0035811864637585685,1.0918491106199468,-0.0006415460682846391,800.0,0.003800468205511703,True,0.9915676712989807,0.0689378884341766,True,False,True,0.85,False,False,False,0,True,True,True,True,True,True,True,False,True,0,0,False,0,15,24,15,,,,False,False,False,
333,2026-08-18T21:57:26.905484,shadow,analysis_full,silero,webrtc,True,0.9961091876029968,True,True,True,1,False,True,False,0,0.0,,,,,,,,,,,,,0.023826723520584014,0.839738901704503,0.13787189775992517,0.02238920049360209,,,,,,,,,,,,,,False,False,temporal_v1,False,0.00046346394479221853,0.04801670146137787,3.2753786178514184,0.9445646422851937,79.86957921891242,1315.3405538366144,0.02000822664039207,0.0032850355891839633,0.0005334612900079801,0.0,0.0,0.06568470040482934,0.04945317608937542,0.020906054132501146,0.038528917593742294,0.6149581584913896,359.3104760514476,0.019782952204047848,2.3783959442149496,-0.0014616575524477528,1000.0000000000001,0.0008767962319503409,True,0.9915676712989807,0.06568470040482934,True,False,True,0.85,True,False,False,0,True,True,True,True,True,True,True,False,True,0,0,False,0,15,24,15,,,,False,False,False,
