frame,timestamp,processing_mode,detector_profile,speech_detector_implementation,comparison_speech_detector_implementation,is_speech,speech_probability,speech_gate_open,comparison_speech_evaluated,comparison_speech_is_speech,comparison_speech_aggressiveness,is_whisper,whisper_processed,trigger,raw_score,whisper_probability,stage1_silero_threshold,stage1_silero_low_pass,stage1_enter_count,stage1_exit_count,stage1_candidate,zcr_threshold,zcr_pass,centroid_threshold,centroid_pass,group_a_pass,entropy_threshold,group_b_pass,total_band_energy,low_proportion,mid_proportion,high_proportion,low_proportion_threshold,group_c_pass,silero_rolling_median,high_silero_threshold,high_silero_raw,high_silero_count,high_silero_normal_evidence,silero_penalty,group_count,effective_group_score,grouped_v1_raw_is_whisper,stage2_is_whisper,stage2_consecutive_count,legacy_is_whisper,grouped_v1_is_whisper,whisper_classifier_implementation,final_trigger,rms,zcr,entropy,voicing,hnr,spectral_centroid,band_energy_low,band_energy_mid,band_energy_high,temporal_score,formant_score,low_proportion_std,mid_proportion_std,high_proportion_std,zcr_std,entropy_std,spectral_centroid_std,spectral_flux,cepstral_peak_prominence,spectral_slope,spectral_rolloff,spectral_flatness,temporal_v1_window_full,temporal_v1_silero_median,temporal_v1_low_proportion_std,temporal_v1_silero_min_pass,temporal_v1_silero_max_pass,temporal_v1_low_proportion_std_pass,temporal_v1_low_proportion_max,temporal_v1_low_proportion_max_pass,temporal_v1_raw_is_whisper,temporal_v1_is_whisper,temporal_v1_qualifying_run,webrtc_mode_0_evaluated,webrtc_mode_0_is_speech,webrtc_mode_1_evaluated,webrtc_mode_1_is_speech,webrtc_mode_2_evaluated,webrtc_mode_2_is_speech,webrtc_mode_3_evaluated,webrtc_mode_3_is_speech,webrtc_assist_open,webrtc_assist_enter_count,webrtc_assist_exit_count,temporal_candidate,temporal_qualifying_run,assisted_confirmation_requirement,fallback_confirmation_requirement,confirmation_requirement,threshold_crossing_route,trigger_route,trigger_suppression_reason,actuation_enabled,actuation_requested,actuation_started,actuation_suppression_reason
0,2026-08-18T21:57:41.023231,shadow,analysis_full,silero,webrtc,False,0.0,True,True,True,1,False,True,False,0,0.0,,,,,,,,,,,,,56.21459402675143,0.23785622217963995,0.44767525405210834,0.3144685237682339,,,,,,,,,,,,,,True,False,temporal_v1,False,0.022664480342226314,0.15657620041753653,4.687275272062791,0.6503029782718327,112.05744220519593,2230.3331577030995,13.370990966565248,25.165882662362076,17.6777203978231,0.0,0.0,,,,,,,,2.0691896727251375,-0.0012717825085833013,3300.0000000000005,0.007423361001573687,False,,,,,,0.85,True,False,False,0,True,True,True,True,True,True,True,True,False,1,0,False,0,15,24,24,,,,False,False,False,
1,2026-08-18T21:57:41.334047,shadow,analysis_full,silero,webrtc,False,0.008303887210786343,True,True,True,1,False,True,False,0,0.0,,,,,,,,,,,,,0.0007878632103172565,0.6604992489433253,0.20879107346810055,0.13070967631931824,,,,,,,,,,,,,,False,False,temporal_v1,False,9.145113803156731e-05,0.1649269311064718,3.961056491755221,0.858084409568404,64.8235207374739,1716.6398466343758,0.0005203830586846251,0.00016449880542816387,0.00010298134520446755,0.0,0.0,,,,,,,0.005185271012354438,1.2032342306586339,-0.0007241816613251523,2166.666666666667,0.030603097272864442,False,,,,,,0.85,True,False,False,0,True,True,True,True,True,True,True,True,False,2,0,False,0,15,24,24,,,,False,False,False,
2,2026-08-18T21:57:41.487791,shadow,analysis_full,silero,webrtc,False,0.010324336588382721,True,True,True,1,False,True,False,0,0.0,,,,,,,,,,,,,0.00019382390705107588,0.5610062649845226,0.3318207187056248,0.1071730111505305,,,,,,,,,,,,,,False,False,temporal_v1,False,5.3520750879532396e-05,0.19206680584551147,4.0051932850228855,0.8424852899478548,58.778473558073415,1771.7419835846986,0.00010873642615943134,6.431478814002021e-05,2.0772691751624342e-05,0.0,0.0,,,,,,,0.0030772657290033586,1.2276408560649854,-0.0007401795525660395,2166.666666666667,0.03203920137801006,False,,,,,,0.85,True,False,False,0,True,True,True,True,True,True,True,True,False,3,0,False,0,15,24,24,,,,False,False,False,
3,2026-08-18T21:57:41.509083,shadow,analysis_full,silero,webrtc,False,0.005131812300533056,True,True,True,1,False,True,False,0,0.0,,,,,,,,,,,,,0.00046530826256681106,0.7062324846632061,0.2092012045176721,0.08456630867000893,,,,,,,,,,,,,,False,True,temporal_v1,False,7.317679552281709e-05,0.1837160751565762,3.743012791257429,0.882997846638718,62.66685544549969,1645.1001449210678,0.00032861581040687847,9.734304900100211e-05,3.9349402158930505e-05,0.0,0.0,,,,,,,0.00292283467768863,1.2911529463584464,-0.0007684186577984984,1766.6666666666667,0.019345421745020755,False,,,,,,0.85,True,False,False,0,True,True,True,True,True,False,True,False,False,4,0,False,0,15,24,24,,,,False,False,False,
4,2026-08-18T21:57:41.525980,shadow,analysis_full,silero,webrtc,False,0.0035990499891340733,True,True,True,1,False,True,False,0,0.0,,,,,,,,,,,,,0.0004678794557475286,0.7174472469120049,0.21600095279166992,0.06655179815902244,,,,,,,,,,,,,,False,True,temporal_v1,False,7.356616415477868e-05,0.18580375782881003,3.6908349290612934,0.9019775564128537,62.81544219139742,1538.3392006467943,0.00033567882741275166,0.00010106240823311414,3.1138219101662797e-05,0.0,0.0,,,,,,,0.003593404205918203,1.5407156860265818,-0.0009357717658436284,1566.6666666666667,0.011829199921327882,False,,,,,,0.85,True,False,False,0,True,True,True,True,True,False,True,False,False,5,0,False,0,15,24,24,,,,False,False,False,
5,2026-08-18T21:57:41.538162,shadow,analysis_full,silero,webrtc,False,0.0041662720032036304,True,True,True,1,False,True,False,0,0.0,,,,,,,,,,,,,0.00022899175122602177,0.6273300677412366,0.27432237188018144,0.09834755601161246,,,,,,,,,,,,,,False,True,temporal_v1,False,5.6200377225743424e-05,0.18580375782881003,3.9246743395790595,0.8614581866941378,59.511389371994724,1686.405409966561,0.00014365341080880463,6.281756033731873e-05,2.2520779079898404e-05,0.0,0.0,,,,,,,0.004160898107754421,1.460060074720863,-0.0008863746665163599,2133.3333333333335,0.01779546191327807,False,,,,,,0.85,True,False,False,0,True,True,True,True,True,False,True,False,False,6,0,False,0,15,24,24,,,,False,False,False,
6,2026-08-18T21:57:41.548269,shadow,analysis_full,silero,webrtc,False,0.003999326378107071,True,True,False,1,False,True,False,0,0.0,,,,,,,,,,,,,0.0010180511053314695,0.7421263598597039,0.1974260799099699,0.06044755924805731,,,,,,,,,,,,,,False,True,temporal_v1,False,0.00010227466923205823,0.162839248434238,3.774682812455687,0.9020597040170449,66.128723182351,1573.5319424270099,0.0007555225609507915,0.0002009898388736039,6.153870450707424e-05,0.0,0.0,,,,,,,0.0031058177816886195,1.1912781127001355,-0.0007094231135707734,1500.0,0.024693558665383274,False,,,,,,0.85,True,False,False,0,True,False,True,False,True,False,True,False,False,0,0,False,0,15,24,24,,,,False,False,False,
7,2026-08-18T21:57:41.556875,shadow,analysis_full,silero,webrtc,False,0.0051217651925981045,True,True,False,1,False,True,False,0,0.0,,,,,,,,,,,,,0.000135919550856521,0.49495549138365147,0.3200807313038087,0.18496376995524658,,,,,,,,,,,,,,False,True,temporal_v1,False,4.86239735401263e-05,0.18997912317327767,4.142253745117062,0.7965948410417919,57.17936841283942,2048.5578963383678,6.727412808283456e-05,4.3505229236640464e-05,2.5140192537045992e-05,0.0,0.0,,,,,,,0.0045943294931952055,0.8177795675464634,-0.00048619980711161993,2766.666666666667,0.09442159183473955,False,,,,,,0.85,True,False,False,0,True,False,True,False,True,False,True,False,False,0,0,False,0,15,24,24,,,,False,False,False,
8,2026-08-18T21:57:41.567133,shadow,analysis_full,silero,webrtc,False,0.004616841673851013,True,True,False,1,False,True,False,0,0.0,,,,,,,,,,,,,0.0009650974556203901,0.7386331793414984,0.20420560284200417,0.05716121678033259,,,,,,,,,,,,,,False,True,temporal_v1,False,0.0001019701946553156,0.13987473903966596,3.722063931604595,0.911212181954748,66.14388007555172,1541.142523628637,0.0007128530020192794,0.00019707830772624612,5.516614487486453e-05,0.0,0.0,,,,,,,0.004764163479937825,1.1869277540821652,-0.0007083071093048593,1500.0,0.023371539715664937,False,,,,,,0.85,True,False,False,0,True,False,True,False,True,False,True,False,False,0,0,False,0,15,24,24,,,,False,False,False,
9,2026-08-18T21:57:41.580965,shadow,analysis_full,silero,webrtc,False,0.00405131233856082,True,True,False,1,True,True,False,1,0.0,,,,,,,,,,,,,0.0003926600287821525,0.6264085756891213,0.26045048024951306,0.1131409415146333,,,,,,,,,,,,,,False,True,temporal_v1,False,6.861028420323405e-05,0.17118997912317327,3.8165439103198397,0.863763861587401,61.87216547446211,1718.9237343410725,0.00024596560935947754,0.00010226849307109924,4.442592535157575e-05,0.0,0.0,0.14561600944468686,0.07607423984784893,0.07376322474432787,0.016224934636931487,0.2819136332362608,213.75998640140125,0.003320839217335022,1.1719967925013366,-0.0006992988442579196,2166.666666666667,0.030953645004591187,True,0.004391556838527322,0.14561600944468686,True,True,True,0.85,True,True,True,1,True,False,True,False,True,False,True,False,False,0,0,True,1,15,24,24,,,,False,False,False,
10,2026-08-18T21:57:41.596701,shadow,analysis_full,silero,webrtc,False,0.0036350712180137634,True,True,False,1,True,True,False,1,0.0,,,,,,,,,,,,,0.0022646280727225652,0.7107579859797807,0.233695666580497,0.05554634699814873,,,,,,,,,,,,,,False,True,temporal_v1,False,0.00014860240143730542,0.15657620041753653,3.9358676982242455,0.9045094023124628,69.62080499443273,1529.9767082228364,0.0016096024879615628,0.0005292337670118061,0.0001257918167491964,0.0,0.0,0.07756029893195371,0.04664623447270246,0.038665398496575326,0.016224934636931487,0.13785721953059427,148.81929939627042,0.0024462826828998917,1.3697045450061405,-0.0008148030014323062,1533.3333333333335,0.019359444380961644,True,0.004391556838527322,0.07756029893195371,True,True,True,0.85,True,True,True,2,True,False,True,False,True,False,True,False,False,0,0,True,2,15,24,24,,,,False,False,False,
11,2026-08-18T21:57:41.616974,shadow,analysis_full,silero,webrtc,False,0.002988699823617935,True,True,False,1,True,True,False,1,0.0,,,,,,,,,,,,,0.0007245368345154502,0.7291137109959368,0.19649372260962208,0.074392565014249,,,,,,,,,,,,,,False,True,temporal_v1,False,8.853121208822568e-05,0.15657620041753653,3.703263791783841,0.9006660016224943,64.71203092439505,1602.0786947761026,0.0005282697401668089,0.00014236693978173255,5.39001535669088e-05,0.0,0.0,0.0804127214790649,0.047749456793521584,0.0372550824997845,0.016836613907019588,0.14273910488006916,149.73627882196334,0.002372257351733826,1.1386539544278205,-0.0006807818396861444,1500.0,0.02736919195430205,True,0.004108792170882225,0.0804127214790649,True,True,True,0.85,True,True,True,3,True,False,True,False,True,False,True,False,False,0,0,True,3,15,24,24,,,,False,False,False,
12,2026-08-18T21:57:41.635987,shadow,analysis_full,silero,webrtc,False,0.0029733951669186354,True,True,False,1,True,True,False,1,0.0,,,,,,,,,,,,,0.0005569670962341638,0.5775246555503764,0.32470809683111457,0.09776724582307077,,,,,,,,,,,,,,False,True,temporal_v1,False,7.790256552903949e-05,0.18580375782881003,3.962302382232716,0.8662029128835663,63.24252066725687,1676.2293088361953,0.00032166223040552876,0.00018085172581574756,5.4453139012887405e-05,0.0,0.0,0.07839563682433992,0.04647754876327817,0.036932766663437214,0.01619939518544163,0.13846678283995603,145.65035950124107,0.003965087858056407,1.2768160770487609,-0.0007644164733756264,1833.3333333333335,0.023545510341078633,True,0.004025319358333945,0.07839563682433992,True,True,True,0.85,True,True,True,4,True,False,True,False,True,False,True,False,False,0,0,True,4,15,24,24,,,,False,False,False,
13,2026-08-18T21:57:41.662425,shadow,analysis_full,silero,webrtc,False,0.0028361682780086994,True,True,False,1,True,True,False,1,0.0,,,,,,,,,,,,,0.00037732157139519154,0.5494765070988825,0.36766782283529403,0.08285566741556416,,,,,,,,,,,,,,False,True,temporal_v1,False,6.939186165168628e-05,0.18580375782881003,3.891445787431826,0.878635569123203,62.070862851965565,1609.2054937114053,0.00020732933910329147,0.00013872900066366203,3.126323062823804e-05,0.0,0.0,0.08443382447919737,0.05769009298326313,0.03695819564636016,0.016364023333833348,0.1350212065998047,146.31623240525974,0.004420479282294806,1.629596818239123,-0.0009842149032133097,1633.3333333333335,0.009552835805815955,True,0.003817198798060417,0.08443382447919737,True,True,True,0.85,True,True,True,5,True,False,True,False,True,False,True,False,False,0,0,True,5,15,24,24,,,,False,False,False,
14,2026-08-18T21:57:41.681228,shadow,analysis_full,silero,webrtc,False,0.0028664988931268454,True,True,False,1,True,True,False,1,0.0,,,,,,,,,,,,,0.0004529774075786778,0.5910584508202178,0.3536584705077023,0.055283076464464224,,,,,,,,,,,,,,False,True,temporal_v1,False,7.099827637793058e-05,0.15031315240083507,3.825068050946859,0.8733070725884443,62.29389650028423,1667.6371210865784,0.0002677361247800117,0.00016019929713881928,2.5041984659846823e-05,0.0,0.0,0.08304603530338732,0.061934433788792646,0.03779145460446346,0.016832730476243216,0.12412779602301957,141.28864019967438,0.006429306108986496,1.1199100439120633,-0.0006572502451763293,1800.0000000000002,0.027875342956881734,True,0.003817198798060417,0.08304603530338732,True,True,True,0.85,True,True,True,6,True,False,True,False,True,False,True,False,False,0,0,True,6,15,24,24,,,,False,False,False,
15,2026-08-18T21:57:41.702701,shadow,analysis_full,silero,webrtc,False,0.0025454149581491947,True,True,False,1,True,True,False,1,0.0,,,,,,,,,,,,,0.0009682942966038952,0.663445981249821,0.27823928223972516,0.05831473547770999,,,,,,,,,,,,,,False,True,temporal_v1,False,9.8418926833838e-05,0.1336116910229645,3.8093525852912458,0.8957891867914075,65.72782266897593,1561.0622265232114,0.0006424109597489764,0.00026941751008388733,5.6465825771031404e-05,0.0,0.0,0.08325641794517187,0.061952228258545565,0.03859412869593584,0.018644771241558344,0.12385221944278522,144.39219173255495,0.0032306833359817344,1.2836491365913751,-0.0007653027599110306,1600.0,0.020265819686672785,True,0.0033118855208158493,0.08325641794517187,True,True,True,0.85,True,True,True,7,True,False,True,False,True,False,True,False,False,0,0,True,7,15,24,24,,,,False,False,False,
16,2026-08-18T21:57:41.715587,shadow,analysis_full,silero,webrtc,False,0.0025454149581491947,True,True,False,1,True,True,False,1,0.0,,,,,,,,,,,,,0.0003284776504943624,0.49732054530863595,0.42035535871969165,0.08232409292732538,,,,,,,,,,,,,,False,True,temporal_v1,False,6.35233081717701e-05,0.17745302713987474,3.9179654682431226,0.8612901210502616,60.99054313150194,1644.5829525875686,0.00016335868426555584,0.0001380773406049592,2.70416246238474e-05,0.0,0.0,0.08625635473032552,0.07008409231637872,0.037809860807647824,0.019121395473971434,0.12161961815546882,142.0441511963162,0.004243560157581098,1.346171114736725,-0.0008090419859113927,1733.3333333333335,0.019644024477298856,True,0.0029810474952682853,0.08625635473032552,True,True,True,0.85,True,True,True,8,True,False,True,False,True,False,True,False,False,0,0,True,8,15,24,24,,,,False,False,False,
17,2026-08-18T21:57:41.735904,shadow,analysis_full,silero,webrtc,False,0.002152835251763463,True,True,False,1,True,True,False,1,0.0,,,,,,,,,,,,,0.00043557780428054964,0.653690854241734,0.2895835730058762,0.056725570456588596,,,,,,,,,,,,,,False,False,temporal_v1,False,7.128204667177465e-05,0.1524008350730689,3.725012752307894,0.8929439769086039,62.433488761895966,1586.0518428132475,0.00028473322696889134,0.0001261361768856158,2.4708399426042478e-05,0.0,0.0,0.07619528136883932,0.06962999956304074,0.01938914962304659,0.017403060999054226,0.08920974792492863,58.99958085007147,0.0041449370729628445,1.2114776585354015,-0.0007279062365547316,1733.3333333333335,0.0207912066267415,True,0.0029199470300227404,0.07619528136883932,True,True,True,0.85,True,True,True,9,True,False,True,False,True,False,True,False,False,0,0,True,9,15,24,24,,,,False,False,False,
18,2026-08-18T21:57:41.751807,shadow,analysis_full,silero,webrtc,False,0.0019342474406585097,True,True,False,1,True,True,False,1,0.0,,,,,,,,,,,,,0.00026504694146485135,0.5480503953124273,0.3751974666765467,0.0767521342381096,,,,,,,,,,,,,,False,False,temporal_v1,False,5.902955177733484e-05,0.1544885177453027,3.8645970098470306,0.874076545668322,60.18542298617686,1655.8697872239627,0.00014525908104616155,9.944494098797918e-05,2.0342918430710647e-05,0.0,0.0,0.07125048705678605,0.06668113485596264,0.018629180721766656,0.01613874579548033,0.08175919620179434,54.780913248624536,0.004020680698230441,1.1097664196207082,-0.0006590732600784468,1733.3333333333335,0.028345457104299473,True,0.0028513335855677724,0.07125048705678605,True,True,True,0.85,True,True,True,10,True,False,True,False,True,False,True,False,False,0,0,True,10,15,24,24,,,,False,False,False,
19,2026-08-18T21:57:41.765574,shadow,analysis_full,silero,webrtc,False,0.0019725272431969643,True,True,False,1,True,True,False,1,0.0,,,,,,,,,,,,,0.0004022273524685586,0.6030509761473862,0.3267100316169207,0.07023898974953699,,,,,,,,,,,,,,False,False,temporal_v1,False,6.814178208310043e-05,0.162839248434238,3.7988544961200024,0.8756976171744129,61.855519874950424,1722.6010890860512,0.00024256359753934304,0.00013141171104219307,2.825204288702249e-05,0.0,0.0,0.07121071455607071,0.06469011755082713,0.013714814603309422,0.015877372310506514,0.08254638113636842,55.417729195157435,0.005578370414967131,0.9761101780368145,-0.0005812358741220521,1733.3333333333335,0.043646846768052985,True,0.002690791618078947,0.07121071455607071,True,True,True,0.85,True,True,True,11,True,False,True,False,True,False,True,False,False,0,0,True,11,15,24,24,,,,False,False,False,
20,2026-08-18T21:57:41.778987,shadow,analysis_full,silero,webrtc,False,0.0016525167739018798,True,True,False,1,True,True,False,1,0.0,,,,,,,,,,,,,0.00023456907265470548,0.5209987371945534,0.4003848547340378,0.07861640380827227,,,,,,,,,,,,,,False,False,temporal_v1,False,5.783319613451711e-05,0.1732776617954071,3.8978480841728125,0.8683399005075114,59.9049920313275,1744.22262061462,0.000122210190637999,9.391790407995221e-05,1.844097693675428e-05,0.0,0.0,0.06765304560678861,0.06261472681747167,0.012829684713815973,0.016138745795480334,0.07899795380162167,55.74838762087388,0.005058372162979508,0.9922996435155097,-0.0005921663347632817,1866.6666666666667,0.04679309426823142,True,0.0025454149581491947,0.06765304560678861,True,True,True,0.85,True,True,True,12,True,False,True,False,True,False,True,False,False,0,0,True,12,15,24,24,,,,False,False,False,
21,2026-08-18T21:57:41.788747,shadow,analysis_full,silero,webrtc,False,0.001474133925512433,True,True,False,1,False,True,False,0,0.0,,,,,,,,,,,,,0.00048110914363453533,0.6541312708779458,0.2750075328927012,0.07086119415082259,,,,,,,,,,,,,,False,False,temporal_v1,False,7.566941327914116e-05,0.14822546972860126,3.7203835407278123,0.895899032138321,63.08486876342741,1568.117188089183,0.0003147085355566587,0.00013230863864305379,3.40919684348228e-05,0.0,0.0,0.05520248928306937,0.04824072265518707,0.012844088718981296,0.01667011672457381,0.07615999770604878,59.30003916318817,0.0049809464277617375,1.843055739148262,-0.0011306302592293139,1600.0,0.005271258562174107,True,0.002349125104956329,0.05520248928306937,False,True,True,0.85,True,False,False,0,True,False,True,False,True,False,True,False,False,0,0,False,0,15,24,24,,,,False,False,False,
22,2026-08-18T21:57:41.805096,shadow,analysis_full,silero,webrtc,False,0.0014119214611127973,True,True,False,1,False,True,False,0,0.0,,,,,,,,,,,,,0.0008468909358742785,0.718888135120852,0.2160848057427854,0.06502705795557298,,,,,,,,,,,,,,False,False,temporal_v1,False,9.429814337197531e-05,0.16075156576200417,3.8740343248671025,0.8995133331510334,65.32934063059648,1512.9177409862623,0.0006088198455414132,0.00018300026336371918,5.5070825969146146e-05,0.0,0.0,0.06789521097551686,0.06120703330771454,0.009954683244888487,0.01473850738598981,0.06606912190471084,69.64002470988231,0.003264795157698044,1.651855877884165,-0.0009997534502494516,1566.6666666666667,0.00984334718585876,True,0.0020626812474802136,0.06789521097551686,False,True,True,0.85,True,False,False,0,True,False,True,False,True,False,True,False,False,0,0,False,0,15,24,24,,,,False,False,False,
23,2026-08-18T21:57:41.823652,shadow,analysis_full,silero,webrtc,False,0.0014035517815500498,True,True,False,1,False,True,False,0,0.0,,,,,,,,,,,,,0.00029529482211904004,0.6071395440894872,0.30528358890462787,0.08757686361943878,,,,,,,,,,,,,,False,False,temporal_v1,False,6.0345686362024215e-05,0.16701461377870563,3.7687907582588176,0.8582248178387846,60.372370753002265,1724.0624111887216,0.00017928516367334018,9.014866308145424e-05,2.5860994364245603e-05,0.0,0.0,0.06577397201359154,0.060251069859537626,0.010654763726624855,0.012317327766179543,0.06536083121655444,74.98698949806148,0.004358746236596973,1.3176072163146144,-0.0007829286237210823,1933.3333333333335,0.0189014255321141,True,0.001953387341927737,0.06577397201359154,False,True,True,0.85,True,False,False,0,True,False,True,False,True,False,True,False,False,0,0,False,0,15,24,24,,,,False,False,False,
24,2026-08-18T21:57:41.837903,shadow,analysis_full,silero,webrtc,False,0.0013583693653345108,True,True,False,1,False,True,False,0,0.0,,,,,,,,,,,,,0.0004876977168842981,0.6370825691703694,0.28237735923860235,0.08054006954057785,,,,,,,,,,,,,,False,False,temporal_v1,False,7.459577581218866e-05,0.1419624217118998,3.73300900927019,0.8837306835139965,62.87462251814425,1618.8519592852524,0.0003107037144511721,0.00013771479340048362,3.927920803264242e-05,0.0,0.0,0.06619191034684663,0.06054240890050426,0.009783989740288612,0.013072628145681229,0.07032052033882671,74.53206955258295,0.005188263912025591,1.4894368574048513,-0.0008912775152863467,1633.3333333333335,0.011525859867797469,True,0.0017933821072801948,0.06619191034684663,False,True,True,0.85,True,False,False,0,True,False,True,False,True,False,True,False,False,0,0,False,0,15,24,24,,,,False,False,False,
25,2026-08-18T21:57:41.853241,shadow,analysis_full,silero,webrtc,False,0.0014628989156335592,True,True,False,1,False,True,False,0,0.0,,,,,,,,,,,,,0.0007565466412268497,0.6957805105870093,0.23715733452167828,0.06706215356951692,,,,,,,,,,,,,,False,False,temporal_v1,False,9.03171213627469e-05,0.1837160751565762,3.8573913365330768,0.886227354577798,64.8403916001296,1629.0837288771634,0.0005263904083157044,0.0001794205848746881,5.073564703645722e-05,0.0,0.0,0.06941641954752344,0.06430485283519682,0.008800581454455112,0.012666230740807943,0.07167278833256231,70.5793439832167,0.003449768837503465,1.1907237426576494,-0.0007036653897764811,1800.0000000000002,0.0266324903690875,True,0.0015633253497071564,0.06941641954752344,False,True,True,0.85,True,False,False,0,True,False,True,False,True,False,True,False,False,0,0,False,0,15,24,24,,,,False,False,False,
26,2026-08-18T21:57:41.871024,shadow,analysis_full,silero,webrtc,False,0.0013754619285464287,True,True,False,1,False,True,False,0,0.0,,,,,,,,,,,,,0.0009158779612504363,0.6028669366618109,0.3261829192869309,0.07095014295940978,,,,,,,,,,,,,,False,False,temporal_v1,False,9.822170124319283e-05,0.1544885177453027,3.7849827127899185,0.8800820847664873,65.63154182360825,1613.2601455456117,0.0005521525408551152,0.0002987437471112299,6.498167228409122e-05,0.0,0.0,0.05802056284511996,0.053923942932481796,0.008317757955993954,0.011743099048371801,0.06333273686352084,71.02829956659885,0.003241967588323562,1.3488976980630796,-0.0008045289145232557,1933.3333333333335,0.016788869620527627,True,0.0014685164205729961,0.05802056284511996,False,True,True,0.85,True,False,False,0,True,False,True,False,True,False,True,False,False,0,0,False,0,15,24,24,,,,False,False,False,
27,2026-08-18T21:57:41.895275,shadow,analysis_full,silero,webrtc,False,0.0012843729928135872,True,True,False,1,False,True,False,0,0.0,,,,,,,,,,,,,0.0009472896853718309,0.638637711023908,0.30599668869744157,0.055365599223007135,,,,,,,,,,,,,,False,False,temporal_v1,False,9.779860083376188e-05,0.19206680584551147,3.797435972064165,0.872558426657632,65.55256030155383,1614.9678521042608,0.0006049749163424241,0.0002898675069610215,5.2447261068385315e-05,0.0,0.0,0.05742731999542433,0.05372795040206717,0.008580468786990984,0.014828426602989362,0.05797292842311783,69.44576438647375,0.003857108355754617,1.32225816758515,-0.0007831319259759917,1933.3333333333335,0.01716893571434965,True,0.0014374101883731782,0.05742731999542433,False,True,True,0.85,True,False,False,0,True,False,True,False,True,False,True,False,False,0,0,False,0,15,24,24,,,,False,False,False,
28,2026-08-18T21:57:41.913783,shadow,analysis_full,silero,webrtc,False,0.001070961239747703,True,True,False,1,False,True,False,0,0.0,,,,,,,,,,,,,0.0013722192237436886,0.711321109233253,0.23048181573750143,0.05819707430049905,,,,,,,,,,,,,,False,False,temporal_v1,False,0.00011527018120572306,0.1544885177453027,3.6706872970295024,0.8945096643472369,67.22786280740263,1599.2342412069095,0.0009760885003445538,0.0003162715782783501,7.985914412078457e-05,0.0,0.0,0.05710215645231611,0.052353617992499046,0.009385369381782957,0.014828426602989362,0.06795001670882586,70.25750754351779,0.0030814251998225787,1.2266297647945377,-0.0007203484176627976,1833.3333333333335,0.020036391036426154,True,0.0014077366213314235,0.05710215645231611,False,True,True,0.85,True,False,False,0,True,False,True,False,True,False,True,False,False,0,0,False,0,15,24,24,,,,False,False,False,
29,2026-08-18T21:57:41.927979,shadow,analysis_full,silero,webrtc,False,0.0009132047416642308,True,True,False,1,False,True,False,0,0.0,,,,,,,,,,,,,0.0009135747758928472,0.6516971540137017,0.25649591384981413,0.09180693104188299,,,,,,,,,,,,,,False,False,temporal_v1,False,9.660433464882887e-05,0.1544885177453027,3.9717172752927317,0.8618787821637858,65.37983044266831,1690.852841323759,0.0005953740814280738,0.00023432819701277497,8.387249645199833e-05,0.0,0.0,0.05589257580631704,0.051740204889883484,0.011360836100291805,0.01509641435473146,0.08718285777210673,66.8497898702444,0.003249667288981006,1.4541069551269563,-0.000858675174445836,2033.3333333333335,0.014983709570829125,True,0.0013895068550482392,0.05589257580631704,False,True,True,0.85,True,False,False,0,True,False,True,False,True,False,True,False,False,0,0,False,0,15,24,24,,,,False,False,False,
30,2026-08-18T21:57:41.955629,shadow,analysis_full,silero,webrtc,False,0.0008795743342489004,True,True,False,1,False,True,False,0,0.0,,,,,,,,,,,,,0.0017052163073535474,0.7233523246099951,0.21518574529979234,0.0614619295037767,,,,,,,,,,,,,,False,False,temporal_v1,False,0.0001301176959309805,0.12734864300626306,3.7807493143661186,0.9057217243536645,68.4096700825292,1515.8538913263335,0.0012334721798870603,0.00036693824199523286,0.00010480588447125415,0.0,0.0,0.04286201352626602,0.037897436946730124,0.011615204880277013,0.017994080778093103,0.0819878662614368,63.377769761837655,0.0026432727390473176,1.6204301700404316,-0.0009774203081341084,1600.0,0.010454756878828478,True,0.0013669156469404697,0.04286201352626602,False,True,False,0.85,True,False,False,0,True,False,True,False,True,False,True,False,False,0,0,False,0,15,24,24,,,,False,False,False,
31,2026-08-18T21:57:41.981565,shadow,analysis_full,silero,webrtc,False,0.0008377371123060584,True,True,False,1,False,True,False,0,0.0,,,,,,,,,,,,,0.0006361440224491686,0.7138379171698666,0.2126970457840047,0.07346503547415777,,,,,,,,,,,,,,False,False,temporal_v1,False,8.284102667642908e-05,0.15866388308977036,3.75582103114445,0.8819625681126292,63.95266590397792,1638.9107412281105,0.0004541037240051753,0.00013530595426809172,4.673434317590158e-05,0.0,0.0,0.045156112881897865,0.04075844401123499,0.011640912223620578,0.017670232959915513,0.07937053736679792,62.39319553252588,0.0022003938249615857,1.3073047822034891,-0.000782101861477371,1933.3333333333335,0.020006295948542294,True,0.001321371179074049,0.045156112881897865,False,True,False,0.85,True,False,False,0,True,False,True,False,True,False,True,False,False,0,0,False,0,15,24,24,,,,False,False,False,
32,2026-08-18T21:57:41.995629,shadow,analysis_full,silero,webrtc,False,0.0008377371123060584,True,True,False,1,False,True,False,0,0.0,,,,,,,,,,,,,0.001708634801120985,0.7254962134178805,0.21710020915421188,0.05740357684264503,,,,,,,,,,,,,,False,False,temporal_v1,False,0.00013042866825375155,0.12943632567849686,3.749295611657449,0.905930505423457,68.43271217842752,1511.0261571008298,0.001239608078327288,0.00037094497269153106,9.808174910216597e-05,0.0,0.0,0.045907908300361275,0.04065304508327688,0.01225029991235522,0.01981539710174076,0.07641757525980564,62.706895898603825,0.0026389428090562066,1.5682000418665742,-0.0009450721587616871,1600.0,0.010081966620999515,True,0.0011776671162806451,0.045907908300361275,False,True,False,0.85,True,False,False,0,True,False,True,False,True,False,True,False,False,0,0,False,0,15,24,24,,,,False,False,False,
33,2026-08-18T21:57:42.011276,shadow,analysis_full,silero,webrtc,False,0.000844256195705384,True,True,False,1,False,True,False,0,0.0,,,,,,,,,,,,,0.0011327877428399847,0.6556409032803612,0.29242067277685124,0.05193842306000977,,,,,,,,,,,,,,False,False,temporal_v1,False,0.00010831793671716309,0.15657620041753653,3.6715509756038394,0.8875950511859602,66.60664997219948,1546.5087068229166,0.000742701978940529,0.0003312505538746391,5.883520902481668e-05,0.0,0.0,0.0412612539058863,0.03934748659795783,0.011909062347908143,0.019499447897846543,0.0839318019225185,54.02057044668118,0.0027804907983542586,1.3740312166181416,-0.0008256349208637544,1933.3333333333335,0.01478080575443695,True,0.000992082990705967,0.0412612539058863,False,True,False,0.85,True,False,False,0,True,False,True,False,True,False,True,False,False,0,0,False,0,15,24,24,,,,False,False,False,
34,2026-08-18T21:57:42.024759,shadow,analysis_full,silero,webrtc,False,0.0008522458374500275,True,True,False,1,False,True,False,0,0.0,,,,,,,,,,,,,0.0008477347085677784,0.6019336399291632,0.3425211380373239,0.05554522085389852,,,,,,,,,,,,,,False,False,temporal_v1,False,9.387270558473658e-05,0.16910229645093947,3.7698376487503817,0.8695535437016837,65.13818659819457,1650.9959683996785,0.0005102800388224912,0.0002903670571323746,4.708761161291255e-05,0.0,0.0,0.04565357713322097,0.04660155636182989,0.011378130063801882,0.01933897435844802,0.0827082108458407,56.090984215290796,0.005789343312914349,1.1715648126500589,-0.0006981966031852025,2033.3333333333335,0.023372552997053223,True,0.0008963895379565656,0.04565357713322097,False,True,False,0.85,True,False,False,0,True,False,True,False,True,False,True,False,False,0,0,False,0,15,24,24,,,,False,False,False,
35,2026-08-18T21:57:42.037736,shadow,analysis_full,silero,webrtc,False,0.0007670453051105142,True,True,False,1,False,True,False,0,0.0,,,,,,,,,,,,,0.0007650893032065304,0.5351735353613077,0.4147046418032741,0.050121821528381134,,,,,,,,,,,,,,False,False,temporal_v1,False,9.033228339111899e-05,0.17745302713987474,3.920165239151718,0.8521205934872861,64.67182059009332,1617.223295032888,0.00040945554726415834,0.0003172860854337807,3.8347669508591196e-05,0.0,0.0,0.060363175611182006,0.06378843172592075,0.012082948978419036,0.01858389401609009,0.09030526950710652,55.60940969422101,0.0029755303461799524,1.572557025526047,-0.0009433131008115888,2066.666666666667,0.009252479949590216,True,0.0008659100858494639,0.060363175611182006,False,True,True,0.85,True,False,False,0,True,False,True,False,True,False,True,False,False,0,0,False,0,15,24,24,,,,False,False,False,
36,2026-08-18T21:57:42.051125,shadow,analysis_full,silero,webrtc,False,0.00088884262368083,True,True,False,1,False,True,False,0,0.0,,,,,,,,,,,,,0.000815453959248707,0.5268149330632795,0.42410638126146954,0.04907868444894009,,,,,,,,,,,,,,False,False,temporal_v1,False,9.169381375684222e-05,0.18789144050104384,3.8411254646232313,0.8385572985996418,64.7499134927296,1739.3322185410182,0.00042959332295779384,0.00034583922774230697,4.0021407548606145e-05,0.0,0.0,0.07051506987171399,0.07621975912898227,0.012354595595354291,0.020645904492820236,0.09172541965537376,69.71491046365863,0.003395135107770557,1.0554684261822282,-0.0006258233105318391,2133.3333333333335,0.033329606639846805,True,0.0008659100858494639,0.07051506987171399,False,True,True,0.85,True,False,False,0,True,False,True,False,True,False,True,False,False,0,0,False,0,15,24,24,,,,False,False,False,
37,2026-08-18T21:57:42.064109,shadow,analysis_full,silero,webrtc,False,0.0007727731135673821,True,True,False,1,False,True,False,0,0.0,,,,,,,,,,,,,0.0007415014470241019,0.480566571641051,0.4652971495512437,0.05413627745909037,,,,,,,,,,,,,,False,False,temporal_v1,False,8.794913163315652e-05,0.17954070981210857,3.7133422151405173,0.8324920222017554,64.30445494402774,1749.0822193356973,0.000356340808263251,0.0003450185096884371,4.014212807241378e-05,0.0,0.0,0.08677261679913016,0.09255104537746997,0.012410450087281833,0.019024276826546168,0.09472427704950412,80.90374347692128,0.004202749745783109,1.0453996532054657,-0.0006233622394595896,2100.0,0.03339488276012838,True,0.0008482510165777057,0.08677261679913016,False,True,True,0.85,True,False,False,0,True,False,True,False,True,False,True,False,False,0,0,False,0,15,24,24,,,,False,False,False,
38,2026-08-18T21:57:42.079190,shadow,analysis_full,silero,webrtc,False,0.000693372159730643,True,True,False,1,False,True,False,0,0.0,,,,,,,,,,,,,0.0006976826041329294,0.5093627733294174,0.41833536953686673,0.07230185570039954,,,,,,,,,,,,,,False,False,temporal_v1,False,8.712938298778218e-05,0.20041753653444677,3.933652922552601,0.8347943218418452,64.22334499710486,1708.2684754375898,0.0003553735461448389,0.0002918653100193925,5.0443746968698034e-05,0.0,0.0,0.08955437537403807,0.0941438383585553,0.012882093367478562,0.022488906905211242,0.09599077542101093,83.86797449949391,0.004503452125551718,1.3124493267524064,-0.0007820396769956337,2100.0,0.020563403082674535,True,0.0008409966540057212,0.08955437537403807,False,True,True,0.85,True,False,False,0,True,False,True,False,True,False,True,False,False,0,0,False,0,15,24,24,,,,False,False,False,
39,2026-08-18T21:57:42.090998,shadow,analysis_full,silero,webrtc,False,0.000642593891825527,True,True,False,1,False,True,False,0,0.0,,,,,,,,,,,,,0.0007782338029226969,0.6240967457076747,0.3266819600447959,0.049221292962568525,,,,,,,,,,,,,,False,False,temporal_v1,False,9.161669735447172e-05,0.16075156576200417,3.646627350986646,0.8779162119926194,64.94063729390449,1602.3603942661018,0.000485693183803763,0.00025423494411190204,3.830567400703188e-05,0.0,0.0,0.08872178204940673,0.09128176406034799,0.008541854863254265,0.022299148343790272,0.09087572283363979,82.35327665670161,0.0037199177018469383,1.2481056601987444,-0.0007436497693367728,1966.6666666666667,0.01846161944087124,True,0.0008377371123060584,0.08872178204940673,False,True,True,0.85,True,False,False,0,True,False,True,False,True,False,True,False,False,0,0,False,0,15,24,24,,,,False,False,False,
40,2026-08-18T21:57:42.106218,shadow,analysis_full,silero,webrtc,False,0.0006394798983819783,True,True,False,1,False,True,False,0,0.0,,,,,,,,,,,,,0.001145116064475549,0.7333845120304731,0.22722136108778923,0.039394126008463905,,,,,,,,,,,,,,False,False,temporal_v1,False,0.00010865424163739084,0.1336116910229645,3.5790729415555234,0.9089460176155227,66.73910461066464,1520.5079547783298,0.0008398103861636563,0.00026019483077362686,4.511084653826606e-05,0.0,0.0,0.0900488438556031,0.08978882266043697,0.009958019566267936,0.021306640204046892,0.10870532998928747,81.72921965779396,0.0035376373528599927,1.3279846623511185,-0.0007964660148135409,1800.0000000000002,0.016716324918227426,True,0.0008052551129367203,0.0900488438556031,False,True,True,0.85,True,False,False,0,True,False,True,False,True,False,True,False,False,0,0,False,0,15,24,24,,,,False,False,False,
41,2026-08-18T21:57:42.130789,shadow,analysis_full,silero,webrtc,False,0.0006420050631277263,True,True,False,1,False,True,False,0,0.0,,,,,,,,,,,,,0.0004634112114334025,0.6661059071320922,0.2656990768311742,0.06819501387882289,,,,,,,,,,,,,,False,False,temporal_v1,False,7.269276421150848e-05,0.2045929018789144,3.794855773323231,0.8765366072644031,62.56400466392023,1624.269287973766,0.00030868094536702835,0.00012312793107107113,3.160233399530301e-05,0.0,0.0,0.08560717514372822,0.08383227500982654,0.009081531516381625,0.024134189589341843,0.10925469342299,81.65931437275177,0.0035341661772453595,1.4199603150665978,-0.0008503691993774808,1900.0000000000002,0.015039781112649853,True,0.0007699092093389481,0.08560717514372822,False,True,True,0.85,True,False,False,0,True,False,True,False,True,False,True,False,False,0,0,False,0,15,24,24,,,,False,False,False,
42,2026-08-18T21:57:42.149767,shadow,analysis_full,silero,webrtc,False,0.0006021790904924273,True,True,False,1,False,True,False,0,0.0,,,,,,,,,,,,,0.0004088569698653108,0.6616166207834452,0.25164816427875075,0.08673521249196094,,,,,,,,,,,,,,False,False,temporal_v1,False,7.019169989002273e-05,0.16701461377870563,3.916656687637902,0.8764791409429747,62.18512684661712,1613.2697094872178,0.00027050656678604583,0.00010288810591917798,3.5462296160087e-05,0.0,0.0,0.07853247182953163,0.0793105826962675,0.013250208942736649,0.020128552472975285,0.11846436508675287,72.37703211059785,0.0026381435605268323,1.4620371960117156,-0.0008783872353103371,1933.3333333333335,0.015427045910939732,True,0.0007302087324205786,0.07853247182953163,False,True,True,0.85,True,False,False,0,True,False,True,False,True,False,True,False,False,0,0,False,0,15,24,24,,,,False,False,False,
43,2026-08-18T21:57:42.168024,shadow,analysis_full,silero,webrtc,False,0.000555643520783633,True,True,False,1,False,True,False,0,0.0,,,,,,,,,,,,,0.00035903637391229774,0.7288082056538668,0.1780897686935885,0.09310202286731155,,,,,,,,,,,,,,False,False,temporal_v1,False,6.499198228143615e-05,0.162839248434238,3.518763162861972,0.8812709202513443,61.350706401907374,1676.7035430820454,0.0002616686554354925,6.394070478262586e-05,3.3427012694179363e-05,0.0,0.0,0.08643575846919008,0.09284419979249384,0.016760302748357027,0.019678554896489328,0.13931491160374412,66.35482694691733,0.005484269686326929,1.33598626848819,-0.0008072566978553639,1933.3333333333335,0.019270580221104092,True,0.000667983025778085,0.08643575846919008,False,True,True,0.85,True,False,False,0,True,False,True,False,True,False,True,False,False,0,0,False,0,15,24,24,,,,False,False,False,
44,2026-08-18T21:57:42.181989,shadow,analysis_full,silero,webrtc,False,0.0005421167588792741,True,True,False,1,False,True,False,0,0.0,,,,,,,,,,,,,0.0003275745089629346,0.7235844991276876,0.20529893901332893,0.07111655880624292,,,,,,,,,,,,,,False,False,temporal_v1,False,6.309593578991797e-05,0.1440501043841336,3.652524037044354,0.8926752749684445,61.06791342282303,1677.831111628114,0.00023702783699494325,6.725069913790268e-05,2.3295971830088686e-05,0.0,0.0,0.09319322424876618,0.1000518015284087,0.016831611621274,0.02167674205030608,0.14316583593561016,66.87330763246703,0.0033848812855002265,0.9610594920779576,-0.000572078793860917,1700.0000000000002,0.03921202798100581,True,0.0006422994774766266,0.09319322424876618,False,True,True,0.85,True,False,False,0,True,False,True,False,True,False,True,False,False,0,0,False,0,15,24,24,,,,False,False,False,
45,2026-08-18T21:57:42.196041,shadow,analysis_full,silero,webrtc,False,0.0005620393203571439,True,True,False,1,False,True,False,0,0.0,,,,,,,,,,,,,0.0007651700500793101,0.7157436599729708,0.22355688905627244,0.06069944966385762,,,,,,,,,,,,,,False,False,temporal_v1,False,8.964699873125405e-05,0.11899791231732777,3.771922373677446,0.9042695993257197,64.8540155243473,1535.4117781433624,0.0005476656121454668,0.00017105903599476274,4.644540093908049e-05,0.0,0.0,0.09270340526825449,0.09793164668737563,0.016291375253638225,0.026674180248811352,0.13220780150713382,75.21918084107904,0.004351861570230708,1.3220985982811868,-0.0007875101602288793,1533.3333333333335,0.017399523445741458,True,0.0006407424807548523,0.09270340526825449,False,True,True,0.85,True,False,False,0,True,False,True,False,True,False,True,False,False,0,0,False,0,15,24,24,,,,False,False,False,
46,2026-08-18T21:57:42.207994,shadow,analysis_full,silero,webrtc,False,0.0005363464006222785,True,True,False,1,False,True,False,0,0.0,,,,,,,,,,,,,0.00033000618872972904,0.7344837657966422,0.19090388984541534,0.07461234132769629,,,,,,,,,,,,,,False,False,temporal_v1,False,6.301523589075922e-05,0.12526096033402923,3.618215504785997,0.8944218020683162,61.06169087603633,1611.7841319325605,0.0002423841882344088,6.299946510156554e-05,2.46225343937547e-05,0.0,0.0,0.0888737351872112,0.09290387805134656,0.01567973574011947,0.02810628813744522,0.13153814183902793,68.61598489052871,0.003142080330375902,1.4293555296577245,-0.0008652205849144034,1433.3333333333335,0.01331225743840982,True,0.0006208294944372028,0.0888737351872112,False,True,True,0.85,True,False,False,0,True,False,True,False,True,False,True,False,False,0,0,False,0,15,24,24,,,,False,False,False,
47,2026-08-18T21:57:42.239235,shadow,analysis_full,silero,webrtc,False,0.0005270708352327347,True,True,False,1,False,True,False,0,0.0,,,,,,,,,,,,,0.00023119093092593225,0.7465918414716829,0.1722817027525792,0.08112645145030878,,,,,,,,,,,,,,False,False,temporal_v1,False,5.6298209320319475e-05,0.13778705636743216,3.565484326363766,0.8886945326960924,59.66844994116467,1646.0511111199792,0.0001726052628515444,3.982996724087353e-05,1.8755699833514333e-05,0.0,0.0,0.06956572027871753,0.07226595377405443,0.015564055003343374,0.027950788807924603,0.13894591771243717,57.00758076020627,0.006294933364322429,1.1931754657442224,-0.0007181837120525993,1433.3333333333335,0.022240000237496293,True,0.0005821092054247856,0.06956572027871753,False,True,True,0.85,True,False,False,0,True,False,True,False,True,False,True,False,False,0,0,False,0,15,24,24,,,,False,False,False,
48,2026-08-18T21:57:42.262238,shadow,analysis_full,silero,webrtc,False,0.0005270708352327347,True,True,False,1,False,True,False,0,0.0,,,,,,,,,,,,,0.0002817703732190116,0.7122265199119618,0.21161600368722938,0.07615747285181973,,,,,,,,,,,,,,False,False,temporal_v1,False,5.975129310047166e-05,0.16075156576200417,3.8410850617361474,0.8787458449327828,60.35578264895754,1646.0473920009724,0.0002006843323320713,5.962712033806636e-05,2.145891954887399e-05,0.0,0.0,0.03797867099712123,0.044069803072343317,0.015672341982423,0.02380690653887003,0.125488212525822,50.20302765994559,0.005664468048546396,1.3251445054184428,-0.0007964740882326169,1900.0000000000002,0.01815714275954412,True,0.0005588414205703884,0.03797867099712123,False,True,False,0.85,True,False,False,0,True,False,True,False,True,False,True,False,False,0,0,False,0,15,24,24,,,,False,False,False,
49,2026-08-18T21:57:42.282554,shadow,analysis_full,silero,webrtc,False,0.00048651316319592297,True,True,False,1,False,True,False,0,0.0,,,,,,,,,,,,,0.0004196267560435474,0.6688950305097556,0.24603354826477408,0.08507141884240008,,,,,,,,,,,,,,False,False,temporal_v1,False,7.016930324356208e-05,0.15866388308977036,3.9281915124466424,0.8738051384447548,62.16873444295412,1673.5085704556602,0.0002806862517864584,0.0001032422597362307,3.569824352085826e-05,0.0,0.0,0.030019030934947136,0.029870722774593114,0.014561978175845649,0.02373448225658053,0.14286561998659048,52.820870985429,0.004368506040603101,1.1998393655239226,-0.0007100316625503762,1700.0000000000002,0.025438920606981996,True,0.0005488801398314536,0.030019030934947136,False,True,False,0.85,True,False,False,0,True,False,True,False,True,False,True,False,False,0,0,False,0,15,24,24,,,,False,False,False,
50,2026-08-18T21:57:42.298545,shadow,analysis_full,silero,webrtc,False,0.0005581537261605263,True,True,False,1,False,True,False,0,0.0,,,,,,,,,,,,,0.0006015842660457891,0.7413718043930041,0.1879492819494956,0.07067891199522283,,,,,,,,,,,,,,False,False,temporal_v1,False,8.147088849490764e-05,0.15031315240083507,3.728695473042288,0.8992211732835492,63.86692508867473,1575.6719382927956,0.00044599761281280767,0.00011306733083542039,4.251932139756104e-05,0.0,0.0,0.030750724467731336,0.03086469162068704,0.009272620193099414,0.023003383305478443,0.13508449166277686,44.0254296670727,0.0033952306803054742,1.340368421634981,-0.0008035294225262157,1633.3333333333335,0.01793308143403271,True,0.0005488801398314536,0.030750724467731336,False,True,False,0.85,True,False,False,0,True,False,True,False,True,False,True,False,False,0,0,False,0,15,24,24,,,,False,False,False,
51,2026-08-18T21:57:42.307140,shadow,analysis_full,silero,webrtc,False,0.0005472134798765182,True,True,False,1,False,True,False,0,0.0,,,,,,,,,,,,,0.0002672311582221328,0.7576881313654666,0.15956872293778282,0.08274314195467185,,,,,,,,,,,,,,False,False,temporal_v1,False,5.860507066635038e-05,0.12526096033402923,3.6350317048798444,0.8838563904021436,60.14543022867762,1713.6819448501687,0.00020247787691595717,4.264173464669031e-05,2.2111545659485307e-05,0.0,0.0,0.029958782225989335,0.029228331440002767,0.00895206671546461,0.016655730711305376,0.13634509744874768,50.892622078223766,0.0038805296085049133,1.0931640446843136,-0.0006562871239044951,1466.6666666666667,0.026837281787970322,True,0.0005446651193778962,0.029958782225989335,False,True,False,0.85,True,False,False,0,True,False,True,False,True,False,True,False,False,0,0,False,0,15,24,24,,,,False,False,False,
52,2026-08-18T21:57:42.318423,shadow,analysis_full,silero,webrtc,False,0.00046083316556178033,True,True,False,1,False,True,False,0,0.0,,,,,,,,,,,,,0.000590280614615918,0.7618678991204525,0.17537937199735484,0.06275272718808306,,,,,,,,,,,,,,False,False,temporal_v1,False,8.071172340251722e-05,0.1544885177453027,3.527667431377204,0.9026780205953446,63.78726505978932,1587.609119740308,0.00044971585174895896,0.00010352304349355235,3.70417183734067e-05,0.0,0.0,0.025484910567999293,0.025121593965218517,0.0095386245021598,0.015382410872474857,0.129330483738579,52.641121408307804,0.005915894728011458,1.287120015735243,-0.0007756698762098783,1466.6666666666667,0.019600982589870187,True,0.0005392315797507763,0.025484910567999293,False,True,False,0.85,True,False,False,0,True,False,True,False,True,False,True,False,False,0,0,False,0,15,24,24,,,,False,False,False,
53,2026-08-18T21:57:42.330762,shadow,analysis_full,silero,webrtc,False,0.00043005970655940473,True,True,False,1,False,True,False,0,0.0,,,,,,,,,,,,,0.0003961744804001376,0.7279472311317303,0.1708178462560442,0.10123492008808513,,,,,,,,,,,,,,False,False,temporal_v1,False,6.705984437736384e-05,0.15657620041753653,3.5782314524459418,0.8780084413223813,61.689503503876956,1717.9901288223227,0.0002883941160523321,6.76736714835589e-05,4.0106691864246577e-05,0.0,0.0,0.0254872934526187,0.02570109653183469,0.011183541182052075,0.0147089060157065,0.12305174698078147,57.21508175660978,0.007417148504509785,1.0874271438413965,-0.000645969169417255,1866.6666666666667,0.02776368378929444,True,0.0005317086179275066,0.0254872934526187,False,True,False,0.85,True,False,False,0,True,False,True,False,True,False,True,False,False,0,0,False,0,15,24,24,,,,False,False,False,
54,2026-08-18T21:57:42.339394,shadow,analysis_full,silero,webrtc,False,0.00042362420936115086,True,True,False,1,False,True,False,0,0.0,,,,,,,,,,,,,0.00034115520003510707,0.657274141018718,0.2560283377970459,0.08669751825301897,,,,,,,,,,,,,,False,False,temporal_v1,False,6.477338987098428e-05,0.1544885177453027,3.7381823971483943,0.8730124531098233,61.27326536273472,1743.8156084201585,0.00022423249105714389,8.734539879580717e-05,2.9577309182156035e-05,0.0,0.0,0.0334318650667854,0.03167555248723679,0.011391788262533755,0.015096414354731458,0.12349405886067327,64.68149030598511,0.007053950665042366,1.0122112088484971,-0.0006019272725349995,1700.0000000000002,0.03868417150120656,True,0.0005270708352327347,0.0334318650667854,False,True,False,0.85,True,False,False,0,True,False,True,False,True,False,True,False,False,0,0,False,0,15,24,24,,,,False,False,False,
55,2026-08-18T21:57:42.353176,shadow,analysis_full,silero,webrtc,False,0.00041762299952097237,True,True,False,1,False,True,False,0,0.0,,,,,,,,,,,,,0.00023876840353127395,0.6429694524112143,0.26834326314919366,0.08868728025143334,,,,,,,,,,,,,,False,False,temporal_v1,False,5.655022414288137e-05,0.1419624217118998,3.8277972353166265,0.8665011583456107,59.614986924530164,1690.8844200138428,0.00015352078967160304,6.407189254050551e-05,2.117572031916542e-05,0.0,0.0,0.041126029242612376,0.037418214829766094,0.01012113327472117,0.012623145267499768,0.12810422553373477,54.283245357753515,0.004961599943106135,1.2537655977951851,-0.0007552677741224513,1900.0000000000002,0.024202672759143052,True,0.0005067919992143288,0.041126029242612376,False,True,False,0.85,True,False,False,0,True,False,True,False,True,False,True,False,False,0,0,False,0,15,24,24,,,,False,False,False,
56,2026-08-18T21:57:42.369951,shadow,analysis_full,silero,webrtc,False,0.0003774511278606951,True,True,False,1,False,True,False,0,0.0,,,,,,,,,,,,,0.00048448458730096646,0.7221937940296184,0.22029313578632898,0.05751306812000345,,,,,,,,,,,,,,False,False,temporal_v1,False,7.439478816170102e-05,0.16701461377870563,3.807838384687452,0.8961740231613256,62.90675885417989,1550.0864528287318,0.00034989176225175885,0.00010672862897667536,2.7864195072532244e-05,0.0,0.0,0.04071089078617418,0.03743681331405065,0.012268477344753094,0.011765346808856257,0.1287962246829385,62.39326007314588,0.0040089869850745505,1.3319449475590173,-0.0007960087673405406,1500.0,0.01605247471663174,True,0.00047367316437885165,0.04071089078617418,False,True,False,0.85,True,False,False,0,True,False,True,False,True,False,True,False,False,0,0,False,0,15,24,24,,,,False,False,False,
57,2026-08-18T21:57:42.383176,shadow,analysis_full,silero,webrtc,False,0.0004275596875231713,True,True,False,1,False,True,False,0,0.0,,,,,,,,,,,,,0.0013952984961265137,0.6866488007136089,0.25560474451892096,0.05774645405077766,,,,,,,,,,,,,,False,False,temporal_v1,False,0.00011787953592418912,0.15866388308977036,3.802248295900682,0.8962369131239218,67.44609671182246,1575.8162221898408,0.0009580800390027726,0.0003566449156300522,8.05735404936889e-05,0.0,0.0,0.0398605452624263,0.038086849378537145,0.013820767438243266,0.011117767812688391,0.12008359633795943,66.75366516425623,0.0031236957343669107,1.4019403617616815,-0.0008333275957126492,1700.0000000000002,0.016840848992009234,True,0.00044544643606059253,0.0398605452624263,False,True,False,0.85,True,False,False,0,True,False,True,False,True,False,True,False,False,0,0,False,0,15,24,24,,,,False,False,False,
58,2026-08-18T21:57:42.394690,shadow,analysis_full,silero,webrtc,False,0.00034179649082943797,True,True,False,1,False,True,False,0,0.0,,,,,,,,,,,,,0.0004219706020299633,0.696643946660295,0.2465004829350378,0.05685556803483387,,,,,,,,,,,,,,False,False,temporal_v1,False,7.03075412850763e-05,0.1419624217118998,3.6877408376100123,0.8899993947855817,62.26964695179518,1603.210429824674,0.00029396326557277433,0.00010401595718477458,2.3991378272414383e-05,0.0,0.0,0.03996571912435573,0.03918394470237227,0.015083765555598047,0.011205625804024752,0.11611251728745674,68.07160301191871,0.004347424046226467,1.332011376117418,-0.0007985408689316976,1766.6666666666667,0.01822623410854206,True,0.000428809697041288,0.03996571912435573,False,True,False,0.85,True,False,False,0,True,False,True,False,True,False,True,False,False,0,0,False,0,15,24,24,,,,False,False,False,
59,2026-08-18T21:57:42.404324,shadow,analysis_full,silero,webrtc,False,0.0003519452002365142,True,True,False,1,False,True,False,0,0.0,,,,,,,,,,,,,0.0016651537736464917,0.7314621837407083,0.21695525120738962,0.051582564451357026,,,,,,,,,,,,,,False,False,temporal_v1,False,0.0001283078018676355,0.13987473903966596,3.7785764406366935,0.9085426595570124,68.29374711532469,1489.1729102040804,0.0012179970155355437,0.0003612638552604074,8.589290185054052e-05,0.0,0.0,0.03848228985209666,0.038108244391643904,0.016155076935272412,0.011327482226514017,0.09721840916553093,81.08966342538487,0.0038140529315217435,1.6804205430078212,-0.0010160560274611223,1566.6666666666667,0.008641229246475769,True,0.0004255919484421611,0.03848228985209666,False,True,False,0.85,True,False,False,0,True,False,True,False,True,False,True,False,False,0,0,False,0,15,24,24,,,,False,False,False,
60,2026-08-18T21:57:42.417446,shadow,analysis_full,silero,webrtc,False,0.00042577271233312786,True,True,False,1,False,True,False,0,0.0,,,,,,,,,,,,,0.0003558519751890055,0.665940617924627,0.2392574058115096,0.09480197345370613,,,,,,,,,,,,,,False,False,temporal_v1,False,6.639371288354186e-05,0.1419624217118998,3.8224816273412063,0.8761407386018453,61.56838123257302,1654.9727066250168,0.00023697628424706538,8.514022043662314e-05,3.373546950531699e-05,0.0,0.0,0.039484399097451044,0.037469267340022615,0.01756923906536475,0.011510687893185987,0.10281630924872054,79.76481958073279,0.0035408135139592487,1.2187420647778275,-0.0007271409423959502,1666.6666666666667,0.024209661621183338,True,0.00042469846084713936,0.039484399097451044,False,True,False,0.85,True,False,False,0,True,False,True,False,True,False,True,False,False,0,0,False,0,15,24,24,,,,False,False,False,
61,2026-08-18T21:57:42.431293,shadow,analysis_full,silero,webrtc,False,0.000507341988850385,True,True,False,1,False,True,False,0,0.0,,,,,,,,,,,,,0.001697165193597596,0.7072593556988255,0.24379055749960624,0.04895008621235036,,,,,,,,,,,,,,False,False,temporal_v1,False,0.00012950638192455973,0.1315240083507307,3.829973032456652,0.9073029962111765,68.37376452839021,1561.5410939684327,0.001200335961338308,0.0004137528487160851,8.307638254320262e-05,0.0,0.0,0.03545610471999445,0.031775486765889774,0.018782433830373122,0.010356673699217086,0.10322800519821378,77.34493915887035,0.0024614184543479355,1.1624628500959104,-0.0006874354561456085,1533.3333333333335,0.02848132394884076,True,0.00042469846084713936,0.03545610471999445,False,True,False,0.85,True,False,False,0,True,False,True,False,True,False,True,False,False,0,0,False,0,15,24,24,,,,False,False,False,
62,2026-08-18T21:57:42.445583,shadow,analysis_full,silero,webrtc,False,0.0009444683091714978,True,True,False,1,False,True,False,0,0.0,,,,,,,,,,,,,0.005211530773758846,0.43826479716722455,0.45412794240812493,0.10760726023276816,,,,,,,,,,,,,,False,False,temporal_v1,False,0.00021572903057162128,0.18997912317327767,3.595551311853611,0.8318644803791896,72.60205638403257,1798.8448749224171,0.0022840304774921693,0.002366701747083728,0.0005607985481829478,0.0,0.0,0.08172549224675646,0.07068844245409744,0.02151089814559475,0.01614414607864819,0.09048186798616437,93.46050195909855,0.009512453046781206,1.050828861135237,-0.0006141509538441026,2166.666666666667,0.021389222190770475,True,0.00042469846084713936,0.08172549224675646,False,True,True,0.85,True,False,False,0,True,False,True,False,True,False,True,False,False,0,0,False,0,15,24,24,,,,False,False,False,
63,2026-08-18T21:57:42.470651,shadow,analysis_full,silero,webrtc,False,0.010534770786762238,True,True,True,1,False,True,False,0,0.0,,,,,,,,,,,,,0.05823475113458943,0.0932428065894572,0.6150004918430614,0.2917567015503096,,,,,,,,,,,,,,False,False,temporal_v1,False,0.0007131049235468011,0.2630480167014614,3.8638653573571693,0.6475061687190892,81.98630936036174,2226.6512089548023,0.005429971636827696,0.035814400590130774,0.01699037890663096,0.0,0.0,0.18783681760298349,0.12281002326478704,0.0687230964021355,0.037010910399981015,0.07678833090858506,200.23546434345266,0.007685838810598694,1.044941760759455,-0.0006018881478444948,2866.666666666667,0.02524041562384595,True,0.00042469846084713936,0.18783681760298349,False,True,True,0.85,True,False,False,0,True,True,True,True,True,True,True,False,False,1,0,False,0,15,24,24,,,,False,False,False,
64,2026-08-18T21:57:42.485052,shadow,analysis_full,silero,webrtc,False,0.010534770786762238,True,True,True,1,False,True,False,0,0.0,,,,,,,,,,,,,0.14212615659287772,0.08485205670987916,0.4968344731905284,0.41831347009255626,,,,,,,,,,,,,,False,False,temporal_v1,False,0.0011158797362763857,0.29018789144050106,3.9117108926856012,0.629351521898195,85.75737182407457,2363.1012336082536,0.012059696699176028,0.07061317413741695,0.059453285755284725,0.0,0.0,0.24227132674198637,0.13456177771769406,0.11883257829115008,0.05286579764886323,0.08552188379363813,285.19815641139536,0.006218565077185252,0.7848459345076249,-0.0004454805483662715,2900.0,0.04387074384924063,True,0.0004266661999281496,0.24227132674198637,False,True,True,0.85,True,False,False,0,True,True,True,True,True,True,True,False,False,2,0,False,0,15,24,24,,,,False,False,False,
65,2026-08-18T21:57:42.506060,shadow,analysis_full,silero,webrtc,False,0.018485315144062042,True,True,True,1,False,True,False,0,0.0,,,,,,,,,,,,,0.1296510573603367,0.15980188559898093,0.5785013630261389,0.2616967513671671,,,,,,,,,,,,,,False,True,temporal_v1,False,0.0010647589224380494,0.24425887265135698,3.818235884600485,0.6934791085216524,85.77047155031892,2231.0522884910647,0.020718483436083436,0.07500331340073489,0.03392926052251835,0.0,0.0,0.26538098103586055,0.15234361760918733,0.12440335722054956,0.05502341062341587,0.0851777833191049,317.8955043458165,0.006163703635748397,0.7689764975226758,-0.0004223492197537201,2533.3333333333335,0.039700029998774256,True,0.00046745083818677813,0.26538098103586055,False,True,True,0.85,True,False,False,0,True,True,True,True,True,True,True,False,False,3,0,False,0,15,24,24,,,,False,False,False,
66,2026-08-18T21:57:42.530931,shadow,analysis_full,silero,webrtc,False,0.014677881263196468,True,True,True,1,False,True,False,0,0.0,,,,,,,,,,,,,0.05532304508647239,0.29525612024331654,0.37489456709195473,0.32984931264665307,,,,,,,,,,,,,,False,True,temporal_v1,False,0.0006950081528540546,0.2567849686847599,3.5888787762886687,0.7017366490678117,82.111342086811,2046.9984702258803,0.016334467652277914,0.02074030903790176,0.018248268395292717,0.0,0.0,0.2602737237934658,0.14540425567522405,0.13192177552138404,0.05828187870200998,0.10425340982837547,312.8935138949425,0.006868919752613961,1.2671105015677413,-0.0007440022635333119,2600.0,0.012481944961638583,True,0.0007259051490109414,0.2602737237934658,False,True,True,0.85,True,False,False,0,True,True,True,True,True,True,True,False,False,4,0,False,0,15,24,24,,,,False,False,False,
67,2026-08-18T21:57:42.549231,shadow,analysis_full,silero,webrtc,False,0.020878849551081657,True,True,True,1,True,True,False,1,0.0,,,,,,,,,,,,,0.037697522629637256,0.39634838694761704,0.41813662114406874,0.18551499188178738,,,,,,,,,,,,,,False,True,temporal_v1,False,0.0005745439037522403,0.23173277661795408,3.898311263938528,0.753271609578644,80.76115434781896,1949.738515526865,0.014941352286178017,0.01576271473785859,0.006993455604600652,0.0,0.0,0.24886134634412202,0.1404689826850159,0.12631362253065054,0.05774282702853739,0.11099681221085238,299.32786577296474,0.00621717908037377,1.1832767145666099,-0.0006936414354581998,2566.666666666667,0.01973227745287239,True,0.005739619547966868,0.24886134634412202,True,True,True,0.85,True,True,True,1,True,True,True,True,True,True,True,False,False,5,0,True,1,15,24,24,,,,False,False,False,
68,2026-08-18T21:57:42.568101,shadow,analysis_full,silero,webrtc,False,0.029976530000567436,True,True,True,1,True,True,False,1,0.0,,,,,,,,,,,,,0.10753391185780502,0.14922473673094938,0.6719771386476984,0.17879812461205277,,,,,,,,,,,,,,False,True,temporal_v1,False,0.0009700374518147101,0.2546972860125261,3.8493025626349344,0.6859503094878815,84.91309449630391,2171.078021030623,0.01604671968663007,0.07226033039780162,0.01922686177237332,0.0,0.0,0.24366012661700143,0.1547555830777682,0.11906161698750346,0.055667579887134847,0.10818264312767746,292.8496860294529,0.005499734435496579,0.9727887902196113,-0.0005488336750416685,2533.3333333333335,0.028010370151119034,True,0.010534770786762238,0.24366012661700143,True,True,True,0.85,True,True,True,2,True,True,True,True,True,True,True,False,False,6,0,True,2,15,24,24,,,,False,False,False,
69,2026-08-18T21:57:42.583805,shadow,analysis_full,silero,webrtc,False,0.03641900420188904,True,True,True,1,True,True,False,1,0.0,,,,,,,,,,,,,0.10354714141820705,0.0604040538096509,0.7749303979270222,0.16466554825366936,,,,,,,,,,,,,,False,True,temporal_v1,False,0.0009512186233595224,0.24843423799582465,3.964018249221051,0.7090567104618919,84.88640257146844,2106.6971718716336,0.00625466710206091,0.08024182750341684,0.017050646811729298,0.0,0.0,0.22732608485385505,0.1675979532762882,0.10972817563019982,0.05041180912933726,0.11901175507849984,251.49831141703447,0.006356275255696195,1.0423042025518443,-0.0005975342202739678,2533.3333333333335,0.028449306972504407,True,0.012606326024979353,0.22732608485385505,True,True,True,0.85,True,True,True,3,True,True,True,True,True,True,True,False,False,7,0,True,3,15,24,24,,,,False,False,False,
70,2026-08-18T21:57:42.596286,shadow,analysis_full,silero,webrtc,False,0.025178175419569016,True,True,True,1,True,True,False,1,0.0,,,,,,,,,,,,,0.12192314937282615,0.12182665828549744,0.749914895012761,0.12825844669353972,,,,,,,,,,,,,,False,True,temporal_v1,False,0.0010323737529371654,0.22129436325678498,3.8765216717800035,0.758094896030066,85.88810650585742,2032.1494198942619,0.014853489855734953,0.0914319857615481,0.015637673754543103,0.0,0.0,0.19761188263407628,0.16211780246410132,0.10668769261590208,0.042262556309089996,0.12048144913857789,221.79465288503823,0.0047801108741798,0.8859715513552799,-0.0005132377819000195,2366.666666666667,0.04131910445456683,True,0.016581598203629255,0.19761188263407628,True,True,True,0.85,True,True,True,4,True,True,True,True,True,True,True,False,False,8,0,True,4,15,24,24,,,,False,False,False,
71,2026-08-18T21:57:42.608498,shadow,analysis_full,silero,webrtc,False,0.01557691115885973,True,True,True,1,True,True,False,1,0.0,,,,,,,,,,,,,0.12839881610734658,0.11572233507376384,0.7864837183869517,0.09779394653149623,,,,,,,,,,,,,,False,True,temporal_v1,False,0.0010584472548880776,0.21085594989561587,3.4181555529507883,0.8051468016587289,86.36627590361599,1859.9419718167082,0.014858610820648946,0.10098357832858837,0.012556626957109268,0.0,0.0,0.12853951271472913,0.14448546667640252,0.1000433133394562,0.02719201671744352,0.17008200047299032,167.7138337311151,0.005880678085304458,1.2444908533895707,-0.0007267324215409479,1933.3333333333335,0.013792260464157208,True,0.017031113151460886,0.12853951271472913,True,True,True,0.85,True,True,True,5,True,True,True,True,True,True,True,False,False,9,0,True,5,15,24,24,,,,False,False,False,
72,2026-08-18T21:57:42.620722,shadow,analysis_full,silero,webrtc,False,0.012175089679658413,True,True,True,1,True,True,False,1,0.0,,,,,,,,,,,,,0.12803998966520735,0.10075538900810553,0.8326672943833507,0.0665773166007336,,,,,,,,,,,,,,False,True,temporal_v1,False,0.0010576851966098125,0.18997912317327767,3.238890962951186,0.8295216215930766,86.48937474133497,1951.445605609513,0.01290071896731178,0.1066147117674004,0.008524558929495168,0.0,0.0,0.10058366240859992,0.1527359325577501,0.10513389791734128,0.02719201671744352,0.23113500557051078,147.2576602333214,0.0047462346162603095,0.8465602453430853,-0.0004865100675320345,1900.0000000000002,0.03597941340767228,True,0.017031113151460886,0.10058366240859992,True,True,True,0.85,True,True,True,6,True,True,True,True,True,True,True,False,True,0,0,True,6,15,24,15,,,,False,False,False,
73,2026-08-18T21:57:42.633834,shadow,analysis_full,silero,webrtc,False,0.008759801276028156,True,True,True,1,True,True,False,1,0.0,,,,,,,,,,,,,0.09744842805261286,0.19248709354994292,0.7340698791159592,0.07344302732383595,,,,,,,,,,,,,,False,True,temporal_v1,False,0.0009248506154925433,0.19206680584551147,3.699066871511176,0.8316208083032821,85.33342804982942,1865.517169308051,0.018757564686858175,0.07153395580062177,0.0071569075641329085,0.0,0.0,0.09860658079556255,0.15571966729376105,0.10896925135741806,0.029692836970581712,0.22776528111719424,154.37994933337635,0.005485972127096244,0.9251812614177565,-0.0005375389906866477,1866.6666666666667,0.04130407825044229,True,0.017031113151460886,0.09860658079556255,True,True,True,0.85,True,True,True,7,True,True,True,True,True,True,True,False,True,0,0,True,7,15,24,15,,,,False,False,False,
74,2026-08-18T21:57:42.646950,shadow,analysis_full,silero,webrtc,False,0.006387107074260712,True,True,True,1,True,True,False,1,0.0,,,,,,,,,,,,,0.1092137761708726,0.09000844347705704,0.8201451298025949,0.08984642671119158,,,,,,,,,,,,,,False,True,temporal_v1,False,0.0009765966577813057,0.17118997912317327,3.2851639377766273,0.8284887099518402,85.79042124474935,1844.8733942084682,0.009830161999391946,0.08957114663389186,0.009812467536588787,0.0,0.0,0.09818474754766147,0.15581996571125073,0.08135123311779888,0.028627907668345637,0.2529327114408404,127.89665355897966,0.004445609794890053,1.085752830068394,-0.0006337911241784662,1733.3333333333335,0.0205721350588581,True,0.017031113151460886,0.09818474754766147,True,True,True,0.85,True,True,True,8,True,True,True,True,True,True,True,False,True,0,0,True,8,15,24,15,,,,False,False,False,
75,2026-08-18T21:57:42.658439,shadow,analysis_full,silero,webrtc,False,0.004585030488669872,True,True,True,1,True,True,False,1,0.0,,,,,,,,,,,,,0.10071179091574589,0.13120373119881965,0.7962763553354799,0.072519913455771,,,,,,,,,,,,,,False,True,temporal_v1,False,0.0009397047056875981,0.15866388308977036,3.2108977752950585,0.8465419527481083,85.54912700056957,1704.7567746547868,0.01321376274386125,0.08019441780969903,0.007303610361185596,0.0,0.0,0.09880177806833257,0.15614499078588984,0.07682494778348374,0.033167883933582575,0.27999231126628604,132.63571265312595,0.004753368268438007,1.7028503173974312,-0.0010166475380285387,1733.3333333333335,0.004616121480860582,True,0.015127396211028099,0.09880177806833257,True,True,True,0.85,True,True,True,9,True,True,True,True,True,True,True,False,True,0,0,True,9,15,24,15,,,,False,False,False,
76,2026-08-18T21:57:42.668439,shadow,analysis_full,silero,webrtc,False,0.003419675165787339,True,True,True,1,True,True,False,1,0.0,,,,,,,,,,,,,0.0744948844883038,0.15584551035419478,0.7854619019603302,0.05869258767205138,,,,,,,,,,,,,,False,True,temporal_v1,False,0.0008090687225437519,0.1837160751565762,3.3710958711788583,0.848732468272315,84.25852691344292,1812.285905764727,0.011609693291856493,0.0585128936564982,0.004372297538949111,0.0,0.0,0.0888154167290422,0.11484430596884203,0.04641738694469075,0.030807293103460073,0.2885757451930885,134.73237184753572,0.006665460478666456,0.8804901247134017,-0.0005059436076448593,1666.6666666666667,0.030884755318589405,True,0.013876000419259071,0.0888154167290422,True,True,True,0.85,True,True,True,10,True,True,True,True,True,True,True,False,True,0,0,True,10,15,24,15,,,,False,False,False,
77,2026-08-18T21:57:42.679781,shadow,analysis_full,silero,webrtc,False,0.002563590882346034,True,True,True,1,False,True,False,0,0.0,,,,,,,,,,,,,0.0471517851814758,0.22966821463683243,0.7029289208154602,0.06740286452649925,,,,,,,,,,,,,,False,True,temporal_v1,False,0.0006457682264531473,0.16701461377870563,3.6913425317224204,0.8471092778320096,82.28824873247308,1770.3603628160752,0.010829266319568999,0.03314435347213719,0.0031781653887696087,0.0,0.0,0.04714230209661077,0.04823365787890799,0.04079614891143467,0.031565458239361986,0.2720338236465266,142.60129156977587,0.005152061912685006,0.9853222164338183,-0.0005756081012334649,1700.0000000000002,0.034880355118270416,True,0.010467445477843285,0.04714230209661077,True,True,False,0.85,True,False,False,0,True,True,True,True,True,True,True,False,True,0,0,False,0,15,24,15,,,,False,False,False,
78,2026-08-18T21:57:42.692069,shadow,analysis_full,silero,webrtc,False,0.002036283491179347,True,True,True,1,True,True,False,1,0.0,,,,,,,,,,,,,0.04040476216591488,0.3092864371598082,0.6377028931382339,0.053010669677208376,,,,,,,,,,,,,,False,True,temporal_v1,False,0.0005992176598207238,0.15866388308977036,3.481380753504502,0.8639863183371442,81.72229853558152,1793.7077950590324,0.012496644934585228,0.025766233729766178,0.0021418835005634802,0.0,0.0,0.07065887673790112,0.055436423437063426,0.03318056930552437,0.027781871968514314,0.25481371047253737,116.58241311527915,0.0027374949388273384,0.8567823625582337,-0.0005004804640236221,1600.0,0.04028481489043828,True,0.007573454175144434,0.07065887673790112,True,True,True,0.85,True,True,True,1,True,True,True,True,True,True,True,False,True,0,0,True,1,15,24,15,,,,False,False,False,
79,2026-08-18T21:57:42.703671,shadow,analysis_full,silero,webrtc,False,0.0016540626529604197,True,True,True,1,True,True,False,1,0.0,,,,,,,,,,,,,0.048499867367486675,0.14403644175837196,0.8362611746852487,0.019702383535760794,,,,,,,,,,,,,,False,True,temporal_v1,False,0.000653320941104493,0.16075156576200417,2.842622341060003,0.8776469014662911,82.54311509037983,1551.4239441536117,0.0069857483213657595,0.04055855605681317,0.0009555629883077516,0.0,0.0,0.0641209008218038,0.0597463132944105,0.02732983180947414,0.021031783999819254,0.28167881263464595,124.57200165635746,0.008148540064536733,1.21470481485855,-0.00071542729835364,1333.3333333333335,0.010229920331006403,True,0.005486068781465292,0.0641209008218038,True,True,True,0.85,True,True,True,2,True,True,True,True,True,True,True,False,True,0,0,True,2,15,24,15,,,,False,False,False,
80,2026-08-18T21:57:42.718189,shadow,analysis_full,silero,webrtc,False,0.0016540626529604197,True,True,True,1,True,True,False,1,0.0,,,,,,,,,,,,,0.03025394050300213,0.20171531667155576,0.7845348320290308,0.01374985126635993,,,,,,,,,,,,,,False,True,temporal_v1,False,0.0005179168228528975,0.14822546972860126,2.717249138695758,0.8890210829898991,80.57558136843723,1424.4422472976635,0.006102683189125481,0.023735270130739068,0.0004159871821375818,0.0,0.0,0.06395779470187497,0.059589810686609075,0.02559692233742048,0.01844264119027789,0.30410679307326727,151.01794871752443,0.0035879435210223304,1.3928634076622515,-0.0008319774958878041,1266.6666666666667,0.006536690889837373,True,0.004002352827228606,0.06395779470187497,True,True,True,0.85,True,True,True,3,True,True,True,True,True,True,True,False,True,0,0,True,3,15,24,15,,,,False,False,False,
81,2026-08-18T21:57:42.731073,shadow,analysis_full,silero,webrtc,False,0.001405344228260219,True,True,True,1,True,True,False,1,0.0,,,,,,,,,,,,,0.014861226761213788,0.3089303142181147,0.6720219060538298,0.01904777966076621,,,,,,,,,,,,,,False,True,temporal_v1,False,0.0003665309531162852,0.1440501043841336,3.404676749215929,0.8954225241389399,77.58743123393029,1481.5650527976725,0.00459108345300843,0.009987069934369075,0.00028307337283628247,0.0,0.0,0.07393220646464087,0.06626141974591822,0.025261155341820597,0.015838894979866937,0.3035899800448988,167.23552569499762,0.003857043362297304,1.108109211374207,-0.0006614779491674804,1266.6666666666667,0.019329916922624566,True,0.0029916330240666866,0.07393220646464087,True,True,True,0.85,True,True,True,4,True,True,True,True,True,True,True,False,True,0,0,True,4,15,24,15,,,,False,False,False,
82,2026-08-18T21:57:42.740913,shadow,analysis_full,silero,webrtc,False,0.0012708996655419469,True,True,True,1,False,True,False,0,0.0,,,,,,,,,,,,,0.008149532629711728,0.5034387608313234,0.4556053134948603,0.040955925551109724,,,,,,,,,,,,,,False,True,temporal_v1,False,0.0002725585922349202,0.15031315240083507,3.839154236312364,0.8929459096584056,74.976059403483,1513.3758590369202,0.004102790608456509,0.003712970368596405,0.00033377165165881297,0.0,0.0,0.11472923808529516,0.10826813868881247,0.02509340680355001,0.014615269831471515,0.3434394761634588,158.001996080426,0.004849351222023716,1.3158776568616797,-0.0007795637775285988,1533.3333333333335,0.016031038865741507,True,0.0022999371867626905,0.11472923808529516,False,True,True,0.85,True,False,False,0,True,True,True,True,True,True,True,False,True,0,0,False,0,15,24,15,,,,False,False,False,
83,2026-08-18T21:57:42.753995,shadow,analysis_full,silero,webrtc,False,0.0012003135634586215,True,True,True,1,False,True,False,0,0.0,,,,,,,,,,,,,0.004786732233823232,0.495981854463761,0.4492901672896596,0.054727978037668476,,,,,,,,,,,,,,False,True,temporal_v1,False,0.00021114917701194682,0.14613778705636743,3.8601183489452797,0.8901383343270919,72.70534578282445,1533.9556497119759,0.0023741323301531077,0.002150631726105246,0.0002619681765648776,0.0,0.0,0.13920571737103224,0.13550652154493284,0.02401224256918798,0.011863108680731,0.362479275743232,149.35391719138335,0.0033492949016788857,1.4580961375667183,-0.0008580283691631982,1500.0,0.010783550148184516,True,0.0018451730720698833,0.13920571737103224,False,True,True,0.85,True,False,False,0,True,True,True,True,True,True,True,False,True,0,0,False,0,15,24,15,,,,False,False,False,
84,2026-08-18T21:57:42.764276,shadow,analysis_full,silero,webrtc,False,0.0011034701019525528,True,True,True,1,False,True,False,0,0.0,,,,,,,,,,,,,0.00381230972836534,0.5627366067859383,0.3935571085041671,0.04370628444758655,,,,,,,,,,,,,,False,False,temporal_v1,False,0.00018890886317877916,0.14822546972860126,3.8965233251801874,0.8989792828387885,71.7565601052384,1537.050097970489,0.0021453262405573335,0.00150036159341777,0.00016662189339023697,0.0,0.0,0.1539522469919443,0.15485324673445763,0.019772224392353686,0.011472761306082746,0.3932064681646651,135.6867384795094,0.0019023625003756948,1.1648240686544207,-0.0006856867174989663,1500.0,0.025986658595422762,True,0.0016540626529604197,0.1539522469919443,False,True,True,0.85,True,False,False,0,True,True,True,True,True,True,True,False,True,0,0,False,0,15,24,15,,,,False,False,False,
85,2026-08-18T21:57:42.777155,shadow,analysis_full,silero,webrtc,False,0.0010764144826680422,True,True,True,1,False,True,False,0,0.0,,,,,,,,,,,,,0.003679607115547759,0.46379898085627813,0.3363465609429688,0.1998544579289849,,,,,,,,,,,,,,False,False,temporal_v1,False,0.00018557021230238048,0.1732776617954071,4.187678070290379,0.8193663247566966,71.19487847799152,1706.1460682537722,0.0017065980301425598,0.0012376231989357658,0.0007353858854694331,0.0,0.0,0.14880827299936583,0.17230153440475746,0.05067117409032517,0.012527835648164926,0.4442782116453671,135.78201925480658,0.00282308921729595,1.6754297697588798,-0.0010028170889106825,2600.0,0.010411539542532473,True,0.0015297034406103194,0.14880827299936583,False,True,True,0.85,True,False,False,0,True,True,True,True,True,False,True,False,True,0,0,False,0,15,24,15,,,,False,False,False,
86,2026-08-18T21:57:42.787394,shadow,analysis_full,silero,webrtc,False,0.0008291123085655272,True,True,True,1,False,True,False,0,0.0,,,,,,,,,,,,,0.002708370855005556,0.6663831164166073,0.2740965637665428,0.059520319447624356,,,,,,,,,,,,,,False,False,temporal_v1,False,0.00016297710670062283,0.15866388308977036,3.8637884711908286,0.9005844952547034,70.43854841329382,1537.0392147130317,0.0018048126107705134,0.0007423551447624764,0.00016120309847256618,0.0,0.0,0.16446736432347864,0.18655798976901145,0.050674408369622094,0.009207130301127327,0.451278722595038,119.38743466996017,0.00279759792681934,1.4212558583785802,-0.0008473429275921648,1533.3333333333335,0.01573093955005798,True,0.001338121946901083,0.16446736432347864,False,True,True,0.85,True,False,False,0,True,True,True,True,True,False,True,False,True,0,0,False,0,15,24,15,,,,False,False,False,
87,2026-08-18T21:57:42.797502,shadow,analysis_full,silero,webrtc,False,0.000722893513739109,True,True,False,1,False,True,False,0,0.0,,,,,,,,,,,,,0.0022295519204806736,0.6479953546381829,0.2955542457537736,0.0564503991595229,,,,,,,,,,,,,,False,False,temporal_v1,False,0.00014698376821064624,0.14613778705636743,3.899705478070939,0.8998216451572459,69.4985748599043,1517.2229329053966,0.001444739287396116,0.0006589535362265429,0.0001258590958580149,0.0,0.0,0.1717626331842687,0.19397136436630666,0.05055958883391243,0.008720917985054458,0.4607214218966607,103.10855209482519,0.001801897400111867,1.6209959733871813,-0.0009651982968532621,1500.0,0.010118932671248849,True,0.0012356066145002842,0.1717626331842687,False,True,True,0.85,True,False,False,0,True,False,True,False,True,False,True,False,True,0,1,False,0,15,24,15,,,,False,False,False,
88,2026-08-18T21:57:42.806617,shadow,analysis_full,silero,webrtc,False,0.0006786330486647785,True,True,False,1,False,True,False,0,0.0,,,,,,,,,,,,,0.0032802842141957905,0.6766259650370979,0.26357687536504804,0.05979715929300241,,,,,,,,,,,,,,False,False,temporal_v1,False,0.00017866287609104441,0.13987473903966596,3.9290136175730286,0.9021669926631131,71.2727427907832,1527.2863237350368,0.002219525472026185,0.0008646070634870184,0.00019615167768258693,0.0,0.0,0.1809603948895018,0.20230790798226492,0.05055948125220457,0.009392252091191645,0.46876647894639617,67.41633224638264,0.001587886795021325,1.5586001728691103,-0.0009360384050958448,1566.6666666666667,0.01312065859523921,True,0.0011518918327055871,0.1809603948895018,False,True,True,0.85,True,False,False,0,True,False,True,False,True,False,True,False,True,0,2,False,0,15,24,15,,,,False,False,False,
89,2026-08-18T21:57:42.818701,shadow,analysis_full,silero,webrtc,False,0.0006137251039035618,True,True,False,1,False,True,False,0,0.0,,,,,,,,,,,,,0.001551005759027245,0.7092737508398792,0.23456609436140488,0.056160154153973074,,,,,,,,,,,,,,False,False,temporal_v1,False,0.00012430439085199548,0.15866388308977036,3.8997429950036104,0.9033622778327198,67.97519648994307,1520.81643760314,0.001100087672279508,0.0003638133632270671,8.71047225206701e-05,0.0,0.0,0.15802617809597164,0.17369083806828842,0.04904836913661441,0.00920713030112733,0.38842708837573503,67.20261792154271,0.0011609139681466219,1.5408666034428038,-0.0009192464711093228,1466.6666666666667,0.012361510682068961,True,0.0010899422923102975,0.15802617809597164,False,True,True,0.85,True,False,False,0,True,False,True,False,True,False,True,False,True,0,3,False,0,15,24,15,,,,False,False,False,
90,2026-08-18T21:57:42.831839,shadow,analysis_full,silero,webrtc,False,0.0005433741025626659,True,True,False,1,False,True,False,0,0.0,,,,,,,,,,,,,0.0026924727638671883,0.7437563001013372,0.20929196690375565,0.04695173262350135,,,,,,,,,,,,,,False,False,temporal_v1,False,0.00016289465805603465,0.1419624217118998,3.7594683344833237,0.9150526922903983,70.50310470676332,1478.5091540491806,0.0020025435809774813,0.000563512920584555,0.0001264162613051519,0.0,0.0,0.12849339769567972,0.13244134395839974,0.04685296717965263,0.009603340292275577,0.18279469515235028,60.324422541165184,0.001338109196943167,1.482791380175662,-0.0008843202951273415,1400.0,0.012760528078784326,True,0.0009527633956167847,0.12849339769567972,False,True,True,0.85,True,False,False,0,True,False,True,False,True,False,True,False,True,0,4,False,0,15,24,15,,,,False,False,False,
91,2026-08-18T21:57:42.844912,shadow,analysis_full,silero,webrtc,False,0.0005197007558308542,True,True,False,1,False,True,False,0,0.0,,,,,,,,,,,,,0.0009487869872635412,0.7146251925899475,0.2216929133640058,0.06368189299206936,,,,,,,,,,,,,,False,False,temporal_v1,False,0.00010001383638730277,0.1440501043841336,3.7966731828626004,0.9069402379701016,65.93689899965557,1547.2874431181629,0.0006780270835000442,0.0002103393513683123,6.04205513951847e-05,0.0,0.0,0.09746906952385749,0.0868615043595319,0.04444932773667428,0.009603340292275577,0.10962576651268612,57.632549006519795,0.0012593569328673685,1.2202047505778295,-0.0007298189762382474,1533.3333333333335,0.02528987326811179,True,0.0007760029111523181,0.09746906952385749,False,True,True,0.85,True,False,False,0,True,False,True,False,True,False,True,False,True,0,5,False,0,15,24,15,,,,False,False,False,
92,2026-08-18T21:57:42.856540,shadow,analysis_full,silero,webrtc,False,0.0004761737654916942,True,True,False,1,False,True,False,0,0.0,,,,,,,,,,,,,0.0028556427656402966,0.7303132143930935,0.2137422090060343,0.055944576250688466,,,,,,,,,,,,,,False,False,temporal_v1,False,0.00016591312142065707,0.13987473903966596,3.796895042841041,0.9100259871317666,70.6447574259066,1507.7928565392417,0.0020855136473331482,0.0006103713928600581,0.00015975772444709046,0.0,0.0,0.09441161412204521,0.07699891878152805,0.043753283151751206,0.010144075668690059,0.1124064371165861,57.93212719642618,0.0013904825096550573,1.4289380975626087,-0.0008564792154882884,1366.6666666666667,0.015039089093928957,True,0.0007007632812019438,0.09441161412204521,False,True,True,0.85,True,False,False,0,True,False,True,False,True,False,True,False,True,0,6,False,0,15,24,15,,,,False,False,False,
93,2026-08-18T21:57:42.872376,shadow,analysis_full,silero,webrtc,False,0.000451870437245816,True,True,False,1,False,True,False,0,0.0,,,,,,,,,,,,,0.0011776702054261928,0.7579327942990761,0.1893244649794891,0.052742739872300756,,,,,,,,,,,,,,False,False,temporal_v1,False,0.00010858359366660653,0.1315240083507307,3.8248390590279673,0.9037240540007073,66.70798503077103,1553.9384182504575,0.0008925948695614413,0.00022296178156459896,6.211355330015268e-05,0.0,0.0,0.08650932676971156,0.060713709951424055,0.04382511787208066,0.01151068789318599,0.11380127895017438,57.98857499320693,0.002643715399285414,1.1825161794557295,-0.0007090914475617815,1400.0,0.025802542527937546,True,0.0006461790762841702,0.08650932676971156,False,True,True,0.85,True,False,False,0,True,False,True,False,True,False,True,False,True,0,7,False,0,15,24,15,,,,False,False,False,
94,2026-08-18T21:57:42.886035,shadow,analysis_full,silero,webrtc,False,0.0004410201800055802,True,True,False,1,False,True,False,0,0.0,,,,,,,,,,,,,0.0025902352825072704,0.739034402424542,0.21062026050375374,0.050345336685639,,,,,,,,,,,,,,False,False,temporal_v1,False,0.00015775384051505332,0.13778705636743216,3.8483971464688067,0.9103910873753387,70.19113543604008,1487.7904903604149,0.0019142729841467253,0.0005455560299676954,0.0001304062673928498,0.0,0.0,0.08119563227282545,0.04390606640432513,0.043478546306312815,0.01192905605608489,0.1142472467094376,60.354965072070904,0.0017963477661128626,1.7613695293879252,-0.0010622376651860713,1333.3333333333335,0.00732288932920267,True,0.0005785496032331139,0.08119563227282545,False,True,True,0.85,True,False,False,0,True,False,True,False,True,False,True,False,True,0,8,False,0,15,24,15,,,,False,False,False,
95,2026-08-18T21:57:42.903513,shadow,analysis_full,silero,webrtc,False,0.00037391483783721924,True,True,False,1,False,True,False,0,0.0,,,,,,,,,,,,,0.0005732875970594953,0.6787004477882386,0.26208942488596115,0.05921012558147531,,,,,,,,,,,,,,False,False,temporal_v1,False,7.928627247774971e-05,0.12317327766179541,3.982947687834713,0.8880607809951614,63.53346893084098,1614.3642439651553,0.0003890905488357227,0.00015025261660757774,3.394443061619493e-05,0.0,0.0,0.03525627776735733,0.03264387767706253,0.004698408517419317,0.01033139292831618,0.06520677515328639,36.35040302698019,0.0018523429723598683,1.149622527656382,-0.0006797899258286833,1666.6666666666667,0.030017023879061376,True,0.0005315374291967601,0.03525627776735733,False,True,False,0.85,True,False,False,0,True,False,True,False,True,False,True,False,True,0,9,False,0,15,24,15,,,,False,False,False,
96,2026-08-18T21:57:42.915802,shadow,analysis_full,silero,webrtc,False,0.00037391483783721924,True,True,False,1,False,True,False,0,0.0,,,,,,,,,,,,,0.0006088764920013589,0.7638834938766971,0.18665296280475066,0.04946354167618316,,,,,,,,,,,,,,False,False,temporal_v1,False,8.38068371366913e-05,0.1315240083507307,3.511608456307918,0.9168926761700045,64.23907982356855,1566.2936956526323,0.0004651107020493848,0.0001136486012142167,3.0117187737757418e-05,0.0,0.0,0.036290397361421145,0.03336153432461167,0.0049253141361113514,0.009138233247699076,0.12311867714317849,38.002824236963555,0.004041499076812611,1.0083855254088643,-0.0006000302830351834,1400.0,0.02886921002050256,True,0.0004979372606612742,0.036290397361421145,False,True,False,0.85,True,False,False,0,True,False,True,False,True,False,True,False,False,0,0,False,0,15,24,24,,,,False,False,False,
97,2026-08-18T21:57:42.932922,shadow,analysis_full,silero,webrtc,False,0.00034482820774428546,True,True,False,1,False,True,False,0,0.0,,,,,,,,,,,,,0.0005213912395597485,0.713844620511325,0.22783645029279553,0.058318927277933814,,,,,,,,,,,,,,False,False,temporal_v1,False,7.849115875202764e-05,0.12734864300626306,3.729812284770671,0.9025452406151765,63.49932233836809,1558.316786672435,0.00037219233154145805,0.00011879192923505369,3.0406977783236742e-05,0.0,0.0,0.028439646878304515,0.02490805950048153,0.0050086951405348195,0.009496088029681968,0.12334967318155018,38.388522710363965,0.0036686311791516994,1.216383006384482,-0.0007275668619996387,1566.6666666666667,0.01976151811538425,True,0.0004640221013687551,0.028439646878304515,False,True,False,0.85,True,False,False,0,True,False,True,False,True,False,True,False,False,0,0,False,0,15,24,24,,,,False,False,False,
98,2026-08-18T21:57:42.950731,shadow,analysis_full,silero,webrtc,False,0.00033811270259320736,True,True,False,1,False,True,False,0,0.0,,,,,,,,,,,,,0.000436458123973426,0.7218604394420051,0.2267207696885003,0.0514187885783241,,,,,,,,,,,,,,False,False,temporal_v1,False,7.089799801255992e-05,0.14822546972860126,3.673716043906549,0.8927671764187014,62.37385271417736,1633.4484660284838,0.0003150618531694904,9.895412180405403e-05,2.244214799988156e-05,0.0,0.0,0.023984264573077733,0.02087452127996014,0.00487900373441274,0.01001435069328723,0.12206181678987998,47.93657515706426,0.0035408193127541396,1.1027879305483472,-0.0006604194258766862,1633.3333333333335,0.02991801135616152,True,0.0004464453086256981,0.023984264573077733,False,True,False,0.85,True,False,False,0,True,False,True,False,True,False,True,False,False,0,0,False,0,15,24,24,,,,False,False,False,
99,2026-08-18T21:57:42.969149,shadow,analysis_full,silero,webrtc,False,0.00033059463021345437,True,True,False,1,False,True,False,0,0.0,,,,,,,,,,,,,0.0005792744519105227,0.7789788853340015,0.17091489126724296,0.05010622167245806,,,,,,,,,,,,,,False,False,temporal_v1,False,7.965014329038246e-05,0.13569937369519833,3.355123099682901,0.9113088545621567,63.692797788587264,1585.075778291221,0.0004512425668517237,9.900662996217876e-05,2.90252540966203e-05,0.0,0.0,0.027584775665505067,0.024345808679201875,0.005000080981983891,0.007398766240780521,0.16974595047987415,48.32074558365989,0.005762378987946973,1.0421984917314793,-0.0006191599794340702,1566.6666666666667,0.02638655882654808,True,0.0004074675089213997,0.027584775665505067,False,True,False,0.85,True,False,False,0,True,False,True,False,True,False,True,False,False,0,0,False,0,15,24,24,,,,False,False,False,
100,2026-08-18T21:57:42.986016,shadow,analysis_full,silero,webrtc,False,0.0003846291219815612,True,True,False,1,False,True,False,0,0.0,,,,,,,,,,,,,0.00047221022182301865,0.6988970787518579,0.23415465308312558,0.06694826604731564,,,,,,,,,,,,,,False,False,temporal_v1,False,7.462245880940717e-05,0.1440501043841336,3.7380935897497483,0.9012056469333978,62.96341781320842,1566.3127311586788,0.00033002634458887455,0.0001105702206732747,3.161365556086939e-05,0.0,0.0,0.029276746448477883,0.025207938715085785,0.005790204590553892,0.007587800352979642,0.16946993598366522,41.42084743330765,0.005387145372993456,1.078099461753142,-0.0006375857410691229,1566.6666666666667,0.024968723948952595,True,0.0003792719799093902,0.029276746448477883,False,True,False,0.85,True,False,False,0,True,False,True,False,True,False,True,False,False,0,0,False,0,15,24,24,,,,False,False,False,
101,2026-08-18T21:57:43.003192,shadow,analysis_full,silero,webrtc,False,0.000296456681098789,True,True,False,1,False,True,False,0,0.0,,,,,,,,,,,,,0.0007071130959920539,0.7719578837498169,0.1923997208195657,0.03564239401641641,,,,,,,,,,,,,,False,False,temporal_v1,False,8.635095189441286e-05,0.1315240083507307,3.445927450271742,0.9190591067584282,64.55004294271139,1567.6863083291637,0.0005458615291538071,0.00013604836225672993,2.5203203581516868e-05,0.0,0.0,0.03128702330680478,0.025880393755464002,0.00775796327641568,0.00723495759965071,0.1866042278360613,41.14437537638255,0.006129604914511563,0.9378499893831893,-0.0005649586120537607,1266.6666666666667,0.0347599398650295,True,0.00037391483783721924,0.03128702330680478,False,True,False,0.85,True,False,False,0,True,False,True,False,True,False,True,False,False,0,0,False,0,15,24,24,,,,False,False,False,
102,2026-08-18T21:57:43.018874,shadow,analysis_full,silero,webrtc,False,0.0003023221797775477,True,True,False,1,False,True,False,0,0.0,,,,,,,,,,,,,0.0009667973529543945,0.7762080164384384,0.19706621183900883,0.026725770688209898,,,,,,,,,,,,,,False,False,temporal_v1,False,0.00010291973338381083,0.11795407098121086,3.3282350973301122,0.9336957081088698,66.33829503644924,1402.189161174133,0.0007504358556346633,0.00019052309196270368,2.5838404357027475e-05,0.0,0.0,0.033473397397239056,0.02621379535587356,0.010949767887489395,0.008633646965241007,0.21127808997342276,62.33652636784168,0.007780196469731219,1.115499182818378,-0.0006690005721515605,1100.0,0.016561709044703603,True,0.00035937152279075235,0.033473397397239056,False,True,False,0.85,True,False,False,0,True,False,True,False,True,False,True,False,False,0,0,False,0,15,24,24,,,,False,False,False,
103,2026-08-18T21:57:43.037962,shadow,analysis_full,silero,webrtc,False,0.0002722893259488046,True,True,False,1,False,True,False,0,0.0,,,,,,,,,,,,,0.0008213251776693666,0.752147584833048,0.21414690221094304,0.03370551173846452,,,,,,,,,,,,,,False,False,temporal_v1,False,9.87067351949331e-05,0.14613778705636743,3.421302510464644,0.9192639140472032,65.86753096060143,1605.3299560401604,0.0006177577487465881,0.00017588424250574727,2.768318541703129e-05,0.0,0.0,0.03320966288146894,0.025319471725761242,0.011934115718240108,0.009475986819863351,0.21139692965281154,64.24654988091262,0.007151585795904242,0.8163830619499313,-0.0004938452413841191,1300.0,0.04263041419951541,True,0.0003414704551687464,0.03320966288146894,False,True,False,0.85,True,False,False,0,True,False,True,False,True,False,True,False,False,0,0,False,0,15,24,24,,,,False,False,False,
104,2026-08-18T21:57:43.054524,shadow,analysis_full,silero,webrtc,False,0.00023274407431017607,True,True,False,1,False,True,False,0,0.0,,,,,,,,,,,,,0.0006991755952933943,0.7444431146542184,0.2266548435761804,0.028902040339345396,,,,,,,,,,,,,,False,False,temporal_v1,False,9.311340984617055e-05,0.1127348643006263,3.3925000759276003,0.9206605855220796,65.30594094844226,1516.0895965849684,0.0005204964578504318,0.0001584715351835071,2.0207601259455515e-05,0.0,0.0,0.033240870169975144,0.025670140763233627,0.013211982319288254,0.01135870136370052,0.20264837923643583,61.63171630430623,0.00557619330618319,0.9893387249907548,-0.0005937410896508451,1433.3333333333335,0.02442922689606493,True,0.00033435366640333086,0.033240870169975144,False,True,False,0.85,True,False,False,0,True,False,True,False,True,False,True,False,False,0,0,False,0,15,24,24,,,,False,False,False,
105,2026-08-18T21:57:43.070898,shadow,analysis_full,silero,webrtc,False,0.00025325172464363277,True,True,False,1,False,True,False,0,0.0,,,,,,,,,,,,,0.0008789130659287549,0.7059056898970616,0.25129452460670887,0.04279978435846064,,,,,,,,,,,,,,False,False,temporal_v1,False,9.707769293568185e-05,0.12526096033402923,3.52145182788274,0.915707889892322,65.68943556934764,1546.9541279556702,0.0006204297341639793,0.00022086604107319143,3.761728969158421e-05,0.0,0.0,0.028940135754570755,0.023776572513262144,0.012473243848784406,0.011215831072826145,0.1449321649725764,59.11739602661993,0.00834502507405801,0.9873221606681791,-0.0005941802243162451,1200.0,0.03277143873059587,True,0.00031645840499550104,0.028940135754570755,False,True,False,0.85,True,False,False,0,True,False,True,False,True,False,True,False,False,0,0,False,0,15,24,24,,,,False,False,False,
106,2026-08-18T21:57:43.088565,shadow,analysis_full,silero,webrtc,False,0.0002191156818298623,True,True,False,1,False,True,False,0,0.0,,,,,,,,,,,,,0.0007543706463368236,0.7379353468920565,0.2329663656714929,0.029098286110842312,,,,,,,,,,,,,,False,False,temporal_v1,False,8.855982052613894e-05,0.12734864300626306,3.2454103753245636,0.9261344734069751,64.83641027086378,1478.2674566125995,0.0005566767645897488,0.00017574298784634487,2.1950892900729932e-05,0.0,0.0,0.028085215258954327,0.02272276342514321,0.013126210494593083,0.011304854681354705,0.16550479031333992,63.16137040786492,0.007817710844830216,1.0879128069408217,-0.0006416940735393141,1466.6666666666667,0.017672818372644956,True,0.00029938943043816835,0.028085215258954327,False,True,False,0.85,True,False,False,0,True,False,True,False,True,False,True,False,False,0,0,False,0,15,24,24,,,,False,False,False,
107,2026-08-18T21:57:43.105796,shadow,analysis_full,silero,webrtc,False,0.00019729015184566379,True,True,False,1,False,True,False,0,0.0,,,,,,,,,,,,,0.0007108168400687612,0.793071597743938,0.17572146222181917,0.031206938627410707,,,,,,,,,,,,,,False,False,temporal_v1,False,8.598974219389947e-05,0.11691022964509394,3.4842067547421576,0.9259530215512349,64.54108247079972,1426.923032881236,0.0005637286470566296,0.0001249057745087757,2.218241750335584e-05,0.0,0.0,0.030590963768647728,0.02553711540340307,0.012326918809086568,0.012105409567970528,0.14423278366026704,72.23995697246194,0.004717195180556443,1.2811352651781294,-0.0007583220842543594,1266.6666666666667,0.01182591073449411,True,0.0002843730035237968,0.030590963768647728,False,True,False,0.85,True,False,False,0,True,False,True,False,True,False,True,False,False,0,0,False,0,15,24,24,,,,False,False,False,
108,2026-08-18T21:57:43.125015,shadow,analysis_full,silero,webrtc,False,0.0001893519947770983,True,True,False,1,False,True,False,0,0.0,,,,,,,,,,,,,0.0009866510200129126,0.7122464845809386,0.22770268891126402,0.060050825494267684,,,,,,,,,,,,,,False,False,temporal_v1,False,0.00010185773323622979,0.0918580375782881,3.5852469978045276,0.9075017895375559,66.11544077027446,1531.0936521415654,0.0007027387205123944,0.00022466309027398157,5.924920822653663e-05,0.0,0.0,0.03153817974510566,0.025594567593067555,0.013377870284970858,0.015284703177635486,0.13317887239208023,64.04445606521892,0.005500812040097139,1.3527780564949974,-0.0008127580508187891,1366.6666666666667,0.014299866285534082,True,0.0002627705252962187,0.03153817974510566,False,True,False,0.85,True,False,False,0,True,False,True,False,True,False,True,False,False,0,0,False,0,15,24,24,,,,False,False,False,
109,2026-08-18T21:57:43.145371,shadow,analysis_full,silero,webrtc,False,0.0013898463221266866,True,True,True,1,False,True,False,0,0.0,,,,,,,,,,,,,0.053506617443026976,0.07329585213602594,0.8929149023609773,0.03378924548430763,,,,,,,,,,,,,,False,False,temporal_v1,False,0.0006826798208312018,0.1127348643006263,3.033229286550246,0.8626883530546349,82.85121394678768,1604.1720783258554,0.003921813120403011,0.04777685608980659,0.0018079482318173752,0.0,0.0,0.2032867962424317,0.20394683631776578,0.013101189308085017,0.015221841113835224,0.18243553507224297,66.12982414188644,0.019117053447530268,1.039382424723023,-0.0006002548688581914,1733.3333333333335,0.008168581325751361,True,0.0002627705252962187,0.2032867962424317,False,True,True,0.85,True,False,False,0,True,True,True,True,True,True,True,False,False,1,0,False,0,15,24,24,,,,False,False,False,
110,2026-08-18T21:57:43.162173,shadow,analysis_full,silero,webrtc,False,0.0011860172962769866,True,True,True,1,False,True,False,0,0.0,,,,,,,,,,,,,0.07220241207891413,0.01919153020100429,0.9010622195058821,0.07974625027926345,,,,,,,,,,,,,,False,False,temporal_v1,False,0.0007933627203977713,0.21085594989561587,3.3867274953385635,0.7955427699788887,83.80722729874537,1916.599267820192,0.0013856747719978376,0.06505886568150468,0.005757871624411601,0.0,0.0,0.28262320470767144,0.2736928745286465,0.016068848286710707,0.030319772737615006,0.14835633980764903,135.4450936174158,0.010561365909406078,0.867887769295079,-0.0004964845611690167,2266.666666666667,0.017597162670650347,True,0.0002627705252962187,0.28262320470767144,False,True,True,0.85,True,False,False,0,True,True,True,True,True,True,True,False,False,2,0,False,0,15,24,24,,,,False,False,False,
111,2026-08-18T21:57:43.170230,shadow,analysis_full,silero,webrtc,False,0.001232940936461091,True,True,True,1,False,True,False,0,0.0,,,,,,,,,,,,,0.27635265688794064,0.011292050538232566,0.9067320538282881,0.08197589562986078,,,,,,,,,,,,,,False,False,temporal_v1,False,0.00155012725644747,0.22129436325678498,3.161166729627314,0.7679156421112715,89.47694027636334,2018.2036773542686,0.00312058816795347,0.25057781216090663,0.022654256558080548,0.0,0.0,0.3272689751211773,0.31328248992040325,0.020235954569072057,0.041035711736055386,0.16063878173502336,193.25417017888793,0.013527405327420737,0.8451881995305252,-0.0004788516596679611,2000.0000000000002,0.015573973657731022,True,0.0002627705252962187,0.3272689751211773,False,True,True,0.85,True,False,False,0,True,True,True,True,True,True,True,False,False,3,0,False,0,15,24,24,,,,False,False,False,
112,2026-08-18T21:57:43.177393,shadow,analysis_full,silero,webrtc,False,0.001232940936461091,True,True,True,1,False,True,False,0,0.0,,,,,,,,,,,,,0.15580614454352568,0.02545558704718596,0.8274036459027335,0.14714076704366225,,,,,,,,,,,,,,False,False,temporal_v1,False,0.001163824870222692,0.25260960334029225,3.4910984410915717,0.7086031628885333,86.63737570136774,2085.256916359028,0.003966136874914155,0.12891457204936144,0.022925435618250077,0.0,0.0,0.34820942553453815,0.32476054367076834,0.035765770027780495,0.05260836065735838,0.16519487420971718,227.3540909986622,0.008178152272870646,1.2550279386769874,-0.0007163881511203983,2466.666666666667,0.007875074922873437,True,0.0002627705252962187,0.34820942553453815,False,True,True,0.85,True,False,False,0,True,True,True,True,True,True,True,False,False,4,0,False,0,15,24,24,,,,False,False,False,
113,2026-08-18T21:57:43.185016,shadow,analysis_full,silero,webrtc,False,0.0015951496316120028,True,True,True,1,False,True,False,0,0.0,,,,,,,,,,,,,0.04167063570014158,0.14501406364208153,0.8101750050332522,0.04481093130066847,,,,,,,,,,,,,,False,False,temporal_v1,False,0.0006044413070188496,0.20876826722338204,3.667101974658752,0.7764588257911453,81.33460385581819,1749.3220589930975,0.006042828217426326,0.03376050748810103,0.0018672999936142271,0.0,0.0,0.3444510631745816,0.3241542580581562,0.035198053130963185,0.05522739499888757,0.18745428947610593,227.17905918132556,0.006381403833770797,1.5601219421402983,-0.0009123729576902796,2033.3333333333335,0.004832658987894358,True,0.0007196345104603097,0.3444510631745816,False,True,True,0.85,True,False,False,0,True,True,True,True,True,True,True,False,False,5,0,False,0,15,24,24,,,,False,False,False,
114,2026-08-18T21:57:43.194400,shadow,analysis_full,silero,webrtc,False,0.0026687104254961014,True,True,True,1,False,True,False,0,0.0,,,,,,,,,,,,,0.006403231960129048,0.13602244321859341,0.8091619945384392,0.0548155620867963,,,,,,,,,,,,,,False,False,temporal_v1,False,0.00024066788411935403,0.20876826722338204,3.7423591244647967,0.8031782781729411,73.41844900872982,1829.0599806818534,0.0008709832557121361,0.0051812519443503,0.0003509967590666122,0.0,0.0,0.331146324834011,0.3138407495304649,0.033893672666256945,0.05486317256699302,0.21413402275643906,222.95705586677693,0.00602623842449971,0.9021031765941276,-0.0005297087583998635,1966.6666666666667,0.031827142792548745,True,0.0012094791163690388,0.331146324834011,False,True,True,0.85,True,False,False,0,True,True,True,True,True,True,True,False,False,6,0,False,0,15,24,24,,,,False,False,False,
115,2026-08-18T21:57:43.204187,shadow,analysis_full,silero,webrtc,False,0.0046609509736299515,True,True,True,1,False,True,False,0,0.0,,,,,,,,,,,,,0.005472597031457819,0.1570599552453149,0.7920965481414669,0.05084349643048952,,,,,,,,,,,,,,False,False,temporal_v1,False,0.00022354033022393974,0.20041753653444677,3.6834529429568272,0.8071836852118023,72.78707223363381,1862.5734001753126,0.0008595258448364083,0.004334825217986977,0.0002782459676344332,0.0,0.0,0.31009394433793686,0.29448579797250807,0.03355680525376302,0.05367780898107213,0.22609757771896677,218.72638073196654,0.005349822337499091,0.913468763784507,-0.0005269459997820385,1966.6666666666667,0.03731680055802109,True,0.001232940936461091,0.31009394433793686,False,True,True,0.85,True,False,False,0,True,True,True,True,True,True,True,False,False,7,0,False,0,15,24,24,,,,False,False,False,
116,2026-08-18T21:57:43.216623,shadow,analysis_full,silero,webrtc,False,0.004424452781677246,True,True,True,1,False,True,False,0,0.0,,,,,,,,,,,,,0.0019612833496949517,0.20193387342178884,0.770940545071524,0.027125580996816896,,,,,,,,,,,,,,False,False,temporal_v1,False,0.00013487111133645465,0.18997912317327767,3.6057971238546394,0.8238447430150301,68.32913182831456,1726.35771165921,0.0003960495436815624,0.0015120328546535304,5.320095035985877e-05,0.0,0.0,0.27025488505944834,0.2590012310370437,0.03375104715052471,0.05133704655310384,0.21956107421151533,199.72600918688286,0.005210146166234151,1.0259534673479267,-0.0006017802697255917,1933.3333333333335,0.021686196336962723,True,0.0013113936292938888,0.27025488505944834,False,True,True,0.85,True,False,False,0,True,True,True,True,True,False,True,False,False,8,0,False,0,15,24,24,,,,False,False,False,
117,2026-08-18T21:57:43.227549,shadow,analysis_full,silero,webrtc,False,0.01090273354202509,True,True,True,1,False,True,False,0,0.0,,,,,,,,,,,,,0.06109262566867432,0.2865445645411759,0.5337002857860809,0.17975514965637474,,,,,,,,,,,,,,False,False,temporal_v1,False,0.0007292599667980599,0.20041753653444677,3.8268228246483798,0.7476839476575678,82.80500659401906,1859.567766260678,0.017505759818907347,0.03260515177879354,0.010981714069973433,0.0,0.0,0.19705148917734147,0.2006573080909217,0.047281186672993705,0.04675150814886287,0.242452678404524,163.16209486398995,0.010795713626054994,1.4937460539025778,-0.0008757025173921338,2566.666666666667,0.006377563998152413,True,0.0014924979768693447,0.19705148917734147,False,True,True,0.85,True,False,False,0,True,True,True,True,True,True,True,False,False,9,0,False,0,15,24,24,,,,False,False,False,
118,2026-08-18T21:57:43.237310,shadow,analysis_full,silero,webrtc,False,0.008815466426312923,True,True,True,1,False,True,False,0,0.0,,,,,,,,,,,,,0.18902159020634215,0.02337894356909074,0.8228934823734347,0.1537275740521841,,,,,,,,,,,,,,False,False,temporal_v1,False,0.0012818767329391603,0.24634655532359082,3.0306500930149642,0.7112597242914482,87.4933171203461,2113.6243732892112,0.004419125090773868,0.15554463460866122,0.02905783050590706,0.0,0.0,0.08813733529339843,0.10152511969326018,0.05221471654609253,0.036172378273497466,0.2811398401962886,153.9824449706913,0.011442647901697996,0.9400178654654197,-0.0005319253863907688,2566.666666666667,0.01152344546273639,True,0.002131930028554052,0.08813733529339843,False,True,True,0.85,True,False,False,0,True,True,True,True,True,True,True,False,True,0,0,False,0,15,24,15,,,,False,False,False,
119,2026-08-18T21:57:43.249185,shadow,analysis_full,silero,webrtc,False,0.011913209222257137,True,True,True,1,True,True,False,1,0.0,,,,,,,,,,,,,0.1879604439583379,0.02956182897819421,0.5533595138004967,0.41707865721598875,,,,,,,,,,,,,,False,True,temporal_v1,False,0.0012788647171013475,0.29018789144050106,3.6354489378894246,0.6386439663288244,87.00585589877777,2127.9813668018223,0.005556454498961843,0.1040096998825114,0.07839428957586468,0.0,0.0,0.09079190833459112,0.1217774958251052,0.10951731073282205,0.029328783847742703,0.24481768725199707,140.9880227623626,0.012622648585630935,1.2964478845122422,-0.0007502829478822789,2800.0,0.008995890397602298,True,0.0035465816035866737,0.09079190833459112,True,True,True,0.85,True,True,True,1,True,True,True,True,True,True,True,False,True,0,0,True,1,15,24,15,,,,False,False,False,
120,2026-08-18T21:57:43.265226,shadow,analysis_full,silero,webrtc,False,0.0068061682395637035,True,True,True,1,True,True,False,1,0.0,,,,,,,,,,,,,0.16654115313666054,0.01569528364308449,0.7492745106878987,0.23503020566301222,,,,,,,,,,,,,,False,True,temporal_v1,False,0.0012032883682418932,0.23173277661795408,3.34330093451158,0.7389107625188844,87.10885683733657,2029.5478844377708,0.0026139106367262573,0.12478504102586974,0.03914220147306454,0.0,0.0,0.09112219926992395,0.11405326598854305,0.1131330935077777,0.029134956199448035,0.24756724464233934,144.04493023215662,0.008252035846173542,1.3321110527481603,-0.0007608272016780804,2666.666666666667,0.004220185963426182,True,0.004542701877653599,0.09112219926992395,True,True,True,0.85,True,True,True,2,True,True,True,True,True,True,True,False,True,0,0,True,2,15,24,15,,,,False,False,False,
121,2026-08-18T21:57:43.273464,shadow,analysis_full,silero,webrtc,False,0.005223702173680067,True,True,True,1,True,True,False,1,0.0,,,,,,,,,,,,,0.09728798408800665,0.020267156854700142,0.7497798102676894,0.22995303286733157,,,,,,,,,,,,,,False,True,temporal_v1,False,0.0009202603263834221,0.2359081419624217,3.4529732433133766,0.7358850383012647,84.7597348017345,2138.0217274785728,0.0019717508335892024,0.07294456625083161,0.022371667002585825,0.0,0.0,0.09025262121809166,0.10267941503515007,0.11434761401994287,0.029275981359132133,0.2192848941175623,154.63335451572064,0.0056694192891466955,0.849475831443445,-0.0004765921968947243,2600.0,0.022060801850170255,True,0.004942326573655009,0.09025262121809166,True,True,True,0.85,True,True,True,3,True,True,True,True,True,True,True,False,True,0,0,True,3,15,24,15,,,,False,False,False,
122,2026-08-18T21:57:43.290778,shadow,analysis_full,silero,webrtc,False,0.004970082081854343,True,True,True,1,True,True,False,1,0.0,,,,,,,,,,,,,0.06672508942209232,0.04216702876060928,0.5541430242815188,0.40368994694288496,,,,,,,,,,,,,,False,True,temporal_v1,False,0.0007622383380678226,0.2359081419624217,3.574796263029914,0.6919288601640062,82.85388721824998,2042.7628871012232,0.002813598764715593,0.03697524284781302,0.026936247808563702,0.0,0.0,0.08892603666529503,0.11220230074183678,0.13654875495725668,0.02819608481394945,0.2185532001125626,151.4680908531705,0.006236310084442361,1.1221815150438506,-0.0006408234659961838,2733.3333333333335,0.01267675553120476,True,0.005096892127767205,0.08892603666529503,True,True,True,0.85,True,True,True,4,True,True,True,True,True,True,True,False,True,0,0,True,4,15,24,15,,,,False,False,False,
123,2026-08-18T21:57:43.313407,shadow,analysis_full,silero,webrtc,False,0.005938636604696512,True,True,True,1,True,True,False,1,0.0,,,,,,,,,,,,,0.030764700051292955,0.10475497907286918,0.6072130579693718,0.2880319629252543,,,,,,,,,,,,,,False,True,temporal_v1,False,0.0005182735292612589,0.23799582463465555,3.812963059115265,0.7296804552184645,79.72492800939298,1949.4491169124706,0.003222755510056291,0.018680727595656085,0.008861216944580582,0.0,0.0,0.08796409074713153,0.11142364592043477,0.13194278834345666,0.027891471753760947,0.2300293386039092,136.3807834575401,0.00525368623964626,1.291505001492961,-0.0007399115708865677,2666.666666666667,0.00918024178264136,True,0.00558116938918829,0.08796409074713153,True,True,True,0.85,True,True,True,5,True,True,True,True,True,True,True,False,True,0,0,True,5,15,24,15,,,,False,False,False,
124,2026-08-18T21:57:43.330869,shadow,analysis_full,silero,webrtc,False,0.006844098214060068,True,True,True,1,True,True,False,1,0.0,,,,,,,,,,,,,0.015916520713935938,0.3420743298411301,0.5342070842439939,0.12371858585204833,,,,,,,,,,,,,,False,True,temporal_v1,False,0.0003734558165715476,0.1941544885177453,3.709046313359329,0.8213250353286371,77.37658860688083,1765.3841964296748,0.005444633156622102,0.00850271812190085,0.001969169434412989,0.0,0.0,0.11389335072008322,0.11358023101394299,0.12561951882357245,0.02920070344034382,0.2277514573269815,143.98858815315904,0.007168169636675136,1.81456398065503,-0.0010730687545215808,2366.666666666667,0.0032900691858713024,True,0.006372402422130108,0.11389335072008322,True,True,True,0.85,True,True,True,6,True,True,True,True,True,True,True,False,True,0,0,True,6,15,24,15,,,,False,False,False,
125,2026-08-18T21:57:43.349909,shadow,analysis_full,silero,webrtc,False,0.006505150813609362,True,True,True,1,True,True,False,1,0.0,,,,,,,,,,,,,0.008014381940961737,0.40351355949303774,0.4765462350351555,0.11994020534703106,,,,,,,,,,,,,,False,True,temporal_v1,False,0.00026625698754029534,0.17536534446764093,3.526422026734109,0.8364044229990553,74.4861832575502,1741.3274149174863,0.003233911784134191,0.003819223540099057,0.0009612466157284881,0.0,0.0,0.14194866693984723,0.11811858916123247,0.11831374920644108,0.032231548807424265,0.22460890749150478,156.3819455953681,0.006931379548612557,1.4470054732526743,-0.0008541732378331799,2133.3333333333335,0.008813527018954758,True,0.006655659526586533,0.14194866693984723,True,True,True,0.85,True,True,True,7,True,True,True,True,True,True,True,False,True,0,0,True,7,15,24,15,,,,False,False,False,
126,2026-08-18T21:57:43.363534,shadow,analysis_full,silero,webrtc,False,0.0059261624701321125,True,True,True,1,True,True,False,1,0.0,,,,,,,,,,,,,0.004585563761413327,0.31801679935223576,0.5311760589533017,0.15080714147638685,,,,,,,,,,,,,,False,True,temporal_v1,False,0.00020289672045760524,0.19832985386221294,3.8719101104763216,0.8097711777083366,71.9399739623338,1810.9547653459797,0.0014582863106302655,0.002435741686866609,0.0006915357629164523,0.0,0.0,0.15045871492981688,0.11232522182248345,0.10323844709587864,0.031443023905744216,0.2443262249410011,146.03296543688995,0.006592780537476674,1.029087358223828,-0.0006031595675672919,2500.0,0.030948929416047075,True,0.006655659526586533,0.15045871492981688,True,True,True,0.85,True,True,True,8,True,True,True,True,True,True,True,False,True,0,0,True,8,15,24,15,,,,False,False,False,
127,2026-08-18T21:57:43.374241,shadow,analysis_full,silero,webrtc,False,0.006111564580351114,True,True,True,1,True,True,False,1,0.0,,,,,,,,,,,,,0.009822611993049884,0.29656709315908214,0.5267362236466555,0.17669668309245645,,,,,,,,,,,,,,False,True,temporal_v1,False,0.00029401332122174206,0.2150313152400835,3.7072725581667694,0.7915904303954446,75.1199438041396,1820.4411569215267,0.0029130634860083425,0.005173925547565444,0.0017356229584760974,0.0,0.0,0.15133848229755228,0.11282421581979897,0.1033917755474897,0.030612148834697133,0.23461160096663125,149.10597715820782,0.006229920263190818,1.4334851527223116,-0.0008352581503279469,2900.0,0.006980373250777518,True,0.006308357696980238,0.15133848229755228,True,True,True,0.85,True,True,True,9,True,True,True,True,True,False,True,False,True,0,0,True,9,15,24,15,,,,False,False,False,
128,2026-08-18T21:57:43.382290,shadow,analysis_full,silero,webrtc,False,0.006111564580351114,True,True,True,1,True,True,False,1,0.0,,,,,,,,,,,,,0.03473992384777582,0.15654929754114255,0.6232908898437759,0.22015981258629624,,,,,,,,,,,,,,False,True,temporal_v1,False,0.0005511938114452917,0.23799582463465555,3.723066758445808,0.7589470596204299,80.43225873899884,1894.4797292058445,0.005438510675002091,0.0216530780481852,0.007648335123588528,0.0,0.0,0.1444690756956523,0.08852946778797428,0.10037640783353867,0.030158886726422682,0.15488381207057123,139.84422418578242,0.005187327661595281,1.258646739341273,-0.0007287122131299567,2900.0,0.01289242226796999,True,0.006111564580351114,0.1444690756956523,True,True,True,0.85,True,True,True,10,True,True,True,True,True,True,True,False,True,0,0,True,10,15,24,15,,,,False,False,False,
129,2026-08-18T21:57:43.393078,shadow,analysis_full,silero,webrtc,False,0.0037454545963555574,True,True,True,1,True,True,False,1,0.0,,,,,,,,,,,,,0.0347168312401122,0.08346345165343025,0.678602881858142,0.23793366645962324,,,,,,,,,,,,,,False,True,temporal_v1,False,0.0005503788931944497,0.2609603340292276,3.815542004209968,0.7153436235294145,80.16276193992086,2058.2654031010734,0.002897586565769401,0.023558941728522912,0.008260302944819884,0.0,0.0,0.13995494295652214,0.0911979073473558,0.08058669241170945,0.024635540127778598,0.16400685153356975,131.38385678985472,0.008112885332932118,1.0414756024883218,-0.0005896183385073581,2800.0,0.01690825197567575,True,0.006025100592523813,0.13995494295652214,True,True,True,0.85,True,True,True,11,True,True,True,True,True,True,True,False,True,0,0,True,11,15,24,15,,,,False,False,False,
130,2026-08-18T21:57:43.402688,shadow,analysis_full,silero,webrtc,False,0.0026258656289428473,True,True,True,1,True,True,False,1,0.0,,,,,,,,,,,,,0.031108426777922846,0.049995354997331515,0.6309155653550781,0.3190890796154447,,,,,,,,,,,,,,False,True,temporal_v1,False,0.0005211615826225738,0.2588726513569937,3.9506071870523534,0.6835906084568342,79.4904095112698,2062.834399282389,0.0015552768401707465,0.019626790667900244,0.009926359268851855,0.0,0.0,0.13630022965439903,0.0782148973757583,0.08606062720187199,0.026910869385088965,0.14962321404877937,134.37641828884637,0.004892520606109919,1.2281807245388665,-0.0007049417216991431,2866.666666666667,0.013678275593717192,True,0.005932399537414312,0.13630022965439903,True,True,True,0.85,True,True,True,12,True,True,True,True,True,True,True,False,True,0,0,True,12,15,24,15,,,,False,False,False,
131,2026-08-18T21:57:43.421673,shadow,analysis_full,silero,webrtc,False,0.0019925457891076803,True,True,True,1,True,True,False,1,0.0,,,,,,,,,,,,,0.03157592170788303,0.030058436301232103,0.7067406592089805,0.26320090445811756,,,,,,,,,,,,,,False,True,temporal_v1,False,0.0005248450687176849,0.24425887265135698,3.848870825368996,0.6927188230642173,79.609348385071,2120.3171281127293,0.000949122831309094,0.022315987722960413,0.008310811152613522,0.0,0.0,0.13516723620107607,0.07014115090442836,0.08674988458617812,0.027360592777295824,0.12565371304745376,131.692637461972,0.00415478617838997,0.993160889928722,-0.0005569454469829509,2866.666666666667,0.018699925113884294,True,0.005932399537414312,0.13516723620107607,True,True,True,0.85,True,True,True,13,True,True,True,True,True,True,True,False,True,0,0,True,13,15,24,15,,,,False,False,False,
132,2026-08-18T21:57:43.442982,shadow,analysis_full,silero,webrtc,False,0.0019890174735337496,True,True,True,1,True,True,False,1,0.0,,,,,,,,,,,,,0.01857704228139221,0.06591430507058194,0.6491217829714246,0.28496391190416354,,,,,,,,,,,,,,False,True,temporal_v1,False,0.0004035621574064622,0.23173277661795408,3.7905212879078007,0.7112484393303643,77.43041771997555,2021.1571164397612,0.0012244928322447854,0.012058762808032853,0.005293786640114571,0.0,0.0,0.13286611500414877,0.07147264187141603,0.06839317994495978,0.027236058884844146,0.11064953903094014,129.93498098511233,0.004799047604188085,1.038532803963953,-0.0005967675518086757,2800.0,0.02303760713216992,True,0.005932399537414312,0.13286611500414877,True,True,True,0.85,True,True,True,14,True,True,True,True,True,True,True,False,True,0,0,True,14,15,24,15,,,,False,False,False,
133,2026-08-18T21:57:43.463321,shadow,analysis_full,silero,webrtc,False,0.0014870549784973264,True,True,True,1,True,True,True,1,0.0,,,,,,,,,,,,,0.020448953177585934,0.03660776711231718,0.7670978907299757,0.19629434210880492,,,,,,,,,,,,,,False,True,temporal_v1,True,0.0004227637716392954,0.22755741127348644,3.6338658251060036,0.753180687630499,78.08500517045081,1894.475877160761,0.0007485905156157444,0.015686348850162204,0.004014013810807987,0.0,0.0,0.1384424076940357,0.0880513007802178,0.06448618835178861,0.026934342994658377,0.11744196767116037,129.9243985643431,0.004369558919268717,1.5791575407522054,-0.0009145618952936276,2733.3333333333335,0.004038359492122549,True,0.004835808533243835,0.1384424076940357,True,True,True,0.85,True,True,True,15,True,True,True,True,True,True,True,False,True,0,0,True,15,15,24,15,webrtc_assisted,webrtc_assisted,,False,False,False,
134,2026-08-18T21:57:43.472294,shadow,analysis_full,silero,webrtc,False,0.001518862321972847,True,True,True,1,True,True,False,1,0.0,,,,,,,,,,,,,0.02008271550913592,0.06119705344242154,0.8545720300597178,0.08423091644806664,,,,,,,,,,,,,,False,True,temporal_v1,False,0.00042016979198038944,0.21085594989561587,3.3727173528342425,0.8073542144947786,78.33246774117447,1796.4224859184953,0.0012290030142815386,0.01716212696175406,0.0016915855321003198,0.0,0.0,0.13063361247099273,0.10944049375832007,0.07053035460235285,0.025484269780420545,0.16506583517342596,126.54518558719138,0.007553157258877674,1.263966296227649,-0.0007366401034388859,1800.0000000000002,0.009822058282141768,True,0.0031856601126492023,0.13063361247099273,True,True,True,0.85,True,True,True,16,True,True,True,True,True,True,True,False,True,0,0,True,16,15,24,15,,,,False,False,False,
135,2026-08-18T21:57:43.482809,shadow,analysis_full,silero,webrtc,False,0.001246664673089981,True,True,True,1,False,True,False,0,0.0,,,,,,,,,,,,,0.012690207472414205,0.08884178104269848,0.8848823886058127,0.026275830272687803,,,,,,,,,,,,,,False,True,temporal_v1,False,0.00033377391911809716,0.1837160751565762,3.2030819547590355,0.8361799021086834,76.47065976167836,1736.273519588203,0.001127420633650639,0.011229341100093215,0.00033344573767035013,0.0,0.0,0.10016950133740901,0.11519110927741075,0.08581217775385133,0.02389553232975235,0.22234712616955304,127.27400011405837,0.006483395530631722,1.0454810095679055,-0.0006063715778531198,1733.3333333333335,0.011842303520512165,True,0.002309205709025264,0.10016950133740901,False,True,True,0.85,True,False,False,0,True,True,True,True,True,True,True,False,True,0,0,False,0,15,24,15,,,,False,False,False,
136,2026-08-18T21:57:43.489406,shadow,analysis_full,silero,webrtc,False,0.0014614188112318516,True,True,True,1,False,True,False,0,0.0,,,,,,,,,,,,,0.005006709936223921,0.16397260845341483,0.815192313347377,0.020835077999476162,,,,,,,,,,,,,,False,True,temporal_v1,False,0.00021179466270661288,0.17745302713987474,3.5171577459844774,0.8518825962690658,72.54183491682143,1561.3617869703407,0.0008209632880122666,0.004081431455169676,0.00010431519204197772,0.0,0.0,0.07765002408809131,0.10850505556111834,0.10028925249487065,0.02701190320462907,0.21904775266043394,165.3080027097373,0.007597686933758248,1.4018528623064996,-0.0008298092273394916,1733.3333333333335,0.007076491995984603,True,0.001990781631320715,0.07765002408809131,False,True,True,0.85,True,False,False,0,True,True,True,True,True,True,True,False,True,0,0,False,0,15,24,15,,,,False,False,False,
137,2026-08-18T21:57:43.509431,shadow,analysis_full,silero,webrtc,False,0.0009887857595458627,True,True,True,1,False,True,False,0,0.0,,,,,,,,,,,,,0.0028086534544899304,0.4477240815870947,0.5045494889338475,0.04772642912301522,,,,,,,,,,,,,,False,True,temporal_v1,False,0.00016256573769728953,0.2045929018789144,4.003375100609335,0.8693938945605199,70.26283177858411,1618.6276866732267,0.001257501788407925,0.00141710466505518,0.0001340470000268255,0.0,0.0,0.11801743279348706,0.11246039550316393,0.10824369168624605,0.02756689910687944,0.24267921018480304,184.57087581758935,0.006261477560115648,1.1346180710480707,-0.0006678850886288363,1733.3333333333335,0.028794671997317122,True,0.0017539398977532983,0.11801743279348706,False,True,True,0.85,True,False,False,0,True,True,True,True,True,True,True,False,True,0,0,False,0,15,24,15,,,,False,False,False,
138,2026-08-18T21:57:43.518508,shadow,analysis_full,silero,webrtc,False,0.0009179193875752389,True,True,True,1,False,True,False,0,0.0,,,,,,,,,,,,,0.0006860900428270967,0.3414702367933127,0.5997114980735334,0.058818263675619244,,,,,,,,,,,,,,False,False,temporal_v1,False,8.531065159579897e-05,0.19832985386221294,3.7614751507349236,0.8519518982818934,64.09997912090705,1672.8266611324552,0.00023427932938570274,0.00041145608739717287,4.035462504422107e-05,0.0,0.0,0.13570355291710243,0.11451352234114803,0.1115491549116232,0.028087673672262482,0.24353976995461474,194.13290251403825,0.005596198225920155,1.1971813195993808,-0.0007089105303398765,1766.6666666666667,0.01855706498977168,True,0.0015029586502350867,0.13570355291710243,False,True,True,0.85,True,False,False,0,True,True,True,True,True,True,True,False,True,0,0,False,0,15,24,15,,,,False,False,False,
139,2026-08-18T21:57:43.528118,shadow,analysis_full,silero,webrtc,False,0.000909782072994858,True,True,True,1,False,True,False,0,0.0,,,,,,,,,,,,,0.0006063704390458705,0.5184272953526485,0.3975552766270901,0.08401742637110442,,,,,,,,,,,,,,False,False,temporal_v1,False,8.099582121592796e-05,0.17954070981210857,3.9521245711156823,0.8713407078332776,63.670442205552064,1592.5660793839763,0.00031435898669634864,0.00024106576763337112,5.094568371615068e-05,0.0,0.0,0.1754769160691309,0.14811700028270303,0.1094972040487007,0.026754938360919904,0.25382578742794376,195.46105050586945,0.006263910962658271,1.449786093019028,-0.0008654069886383219,1600.0,0.01360748148218116,True,0.001474236894864589,0.1754769160691309,False,True,True,0.85,True,False,False,0,True,True,True,True,True,False,True,False,True,0,0,False,0,15,24,15,,,,False,False,False,
140,2026-08-18T21:57:43.535689,shadow,analysis_full,silero,webrtc,False,0.0008116438984870911,True,True,True,1,False,True,False,0,0.0,,,,,,,,,,,,,0.0008473045544404077,0.5776203584251081,0.3506585874777497,0.07172105291692915,,,,,,,,,,,,,,False,False,temporal_v1,False,9.451688173263619e-05,0.17118997912317327,3.99295552160019,0.8770528192168348,65.24211758692992,1577.4479708529589,0.0004894203604310948,0.00029711461822353743,6.076957478577555e-05,0.0,0.0,0.20514367202449046,0.17837265879972464,0.09254548398024263,0.024090808746140554,0.2582302638303629,186.1180632349912,0.0033915086886421885,1.6884879098650338,-0.0010227930262604237,1766.6666666666667,0.009819899247444147,True,0.0013540417421609163,0.20514367202449046,False,True,True,0.85,True,False,False,0,True,True,True,True,True,False,True,False,True,0,0,False,0,15,24,15,,,,False,False,False,
141,2026-08-18T21:57:43.547059,shadow,analysis_full,silero,webrtc,False,0.0006688393768854439,True,True,False,1,False,True,False,0,0.0,,,,,,,,,,,,,0.0006586850200571938,0.6399309893753875,0.29705396334532724,0.06301504576110903,,,,,,,,,,,,,,False,False,temporal_v1,False,8.492778844513365e-05,0.13778705636743216,3.8469911395196315,0.8882494938723128,64.23564872359468,1584.0573965770116,0.00042151295657194695,0.00019566499580418576,4.1507066681061085e-05,0.0,0.0,0.2253505421612853,0.20620377536214055,0.07867723871146452,0.026840325381477143,0.25812803733233924,147.5991427623768,0.0042306141121001345,1.4701525997216092,-0.0008793972869386165,1533.3333333333335,0.013270295729782309,True,0.0011177252163179219,0.2253505421612853,False,True,True,0.85,True,False,False,0,True,False,True,False,True,False,True,False,True,0,1,False,0,15,24,15,,,,False,False,False,
142,2026-08-18T21:57:43.555946,shadow,analysis_full,silero,webrtc,False,0.0006094402633607388,True,True,False,1,False,True,False,0,0.0,,,,,,,,,,,,,0.0004284344869121241,0.613198554613342,0.30084382427648515,0.08595761877609372,,,,,,,,,,,,,,False,False,temporal_v1,False,7.203126664491009e-05,0.17745302713987474,3.849687940989129,0.8712600673044378,62.43968049490149,1681.6497282716084,0.0002627154081210233,0.00012889186949457715,3.682720829652368e-05,0.0,0.0,0.22968554830916288,0.22550784560621676,0.046319048184116224,0.02360558962347716,0.2606308372790794,103.57252011592072,0.005012242656473235,1.2876428515770693,-0.0007616564933148894,1800.0000000000002,0.021353055751895906,True,0.0009533525735605508,0.22968554830916288,False,True,True,0.85,True,False,False,0,True,False,True,False,True,False,True,False,True,0,2,False,0,15,24,15,,,,False,False,False,
143,2026-08-18T21:57:43.575697,shadow,analysis_full,silero,webrtc,False,0.0005583481979556382,True,True,False,1,False,True,False,0,0.0,,,,,,,,,,,,,0.0007664707539541088,0.6941432968010297,0.23522194345853617,0.07063475843575288,,,,,,,,,,,,,,False,False,temporal_v1,False,9.132464133678512e-05,0.15866388308977036,3.870102112226083,0.8896516585636846,64.96673094037385,1617.891632263329,0.000532040536051276,0.00018029074034921495,5.413947655361786e-05,0.0,0.0,0.22494153208677828,0.23688582438275813,0.02214290363058299,0.02057824055173546,0.2630513760061177,72.67573898550002,0.0035017105877193392,1.1772401895161024,-0.0006990366771869155,1666.6666666666667,0.028440280474135497,True,0.0009138507302850485,0.22494153208677828,False,True,True,0.85,True,False,False,0,True,False,True,False,True,False,True,False,True,0,3,False,0,15,24,15,,,,False,False,False,
144,2026-08-18T21:57:43.590575,shadow,analysis_full,silero,webrtc,False,0.0005583481979556382,True,True,False,1,False,True,False,0,0.0,,,,,,,,,,,,,0.00026197410534058244,0.6973356552228122,0.2475648068875481,0.055099534072468606,,,,,,,,,,,,,,False,False,temporal_v1,False,5.800416193711982e-05,0.1315240083507307,3.5956573729290526,0.892275772688773,60.059372194660426,1578.3123296585336,0.00018268388439908508,6.485556879817947e-05,1.4434651143317902e-05,0.0,0.0,0.2050606130562123,0.2216914535707549,0.020813916158396294,0.02235283309281699,0.2396415462782173,53.9485964637309,0.0041207787751820785,1.5561436352370308,-0.0009466009745320994,1733.3333333333335,0.010110549641461443,True,0.0008607129857409745,0.2050606130562123,False,True,True,0.85,True,False,False,0,True,False,True,False,True,False,True,False,True,0,4,False,0,15,24,15,,,,False,False,False,
145,2026-08-18T21:57:43.614659,shadow,analysis_full,silero,webrtc,False,0.00045280245831236243,True,True,False,1,False,True,False,0,0.0,,,,,,,,,,,,,0.0002033822547351799,0.6889988951785484,0.21569887719400785,0.0953022227105939,,,,,,,,,,,,,,False,False,temporal_v1,False,5.306585517152257e-05,0.18789144050104384,3.7216669934624256,0.8616222142614514,58.76193714170188,1752.4969659218427,0.00014013014881146104,4.386932398756399e-05,1.9382780936154852e-05,0.0,0.0,0.16650412662522043,0.18174055251174284,0.02045517950055196,0.02260488965952261,0.1547468855486259,57.48557970137411,0.005992327559077679,1.4562677746412611,-0.0008852440346010633,1966.6666666666667,0.013151492583831706,True,0.0007402416376862675,0.16650412662522043,False,True,True,0.85,True,False,False,0,True,False,True,False,True,False,True,False,True,0,5,False,0,15,24,15,,,,False,False,False,
146,2026-08-18T21:57:43.627899,shadow,analysis_full,silero,webrtc,False,0.000448143167886883,True,True,False,1,False,True,False,0,0.0,,,,,,,,,,,,,0.00029533265913475517,0.6715716539348073,0.24569576286981337,0.08273257980936692,,,,,,,,,,,,,,False,False,temporal_v1,False,6.173351176585434e-05,0.13569937369519833,3.6935573840937685,0.8795245810570074,60.7486450779803,1673.350826803982,0.00019833704235609222,7.256198298648423e-05,2.443363279217869e-05,0.0,0.0,0.11363493028288645,0.12049654705687175,0.01458150075776692,0.025020857230193958,0.1279694059402894,55.104972577761735,0.0073930161390651184,1.3587491579686684,-0.0008167006409830816,1766.6666666666667,0.016144628544203232,True,0.0006391398201230913,0.11363493028288645,False,True,True,0.85,True,False,False,0,True,False,True,False,True,False,True,False,True,0,6,False,0,15,24,15,,,,False,False,False,
147,2026-08-18T21:57:43.637544,shadow,analysis_full,silero,webrtc,False,0.00037024254561401904,True,True,False,1,False,True,False,0,0.0,,,,,,,,,,,,,0.0006389653718015619,0.7224824682569213,0.2056728046216679,0.07184472555638079,,,,,,,,,,,,,,False,False,temporal_v1,False,8.510614689698605e-05,0.1419624217118998,3.7422057309512526,0.8997060502610935,64.3123291387167,1538.657392829666,0.00046164127894989383,0.00013141780007455402,4.590629177711402e-05,0.0,0.0,0.1092773102258775,0.11265131053436483,0.012259071428432288,0.02289227584446396,0.1157331422284653,62.23145634039839,0.0058458749301124316,1.5634237594051184,-0.0009453167522054256,1433.3333333333335,0.009552770630274534,True,0.0005838942306581885,0.1092773102258775,False,True,True,0.85,True,False,False,0,True,False,True,False,True,False,True,False,True,0,7,False,0,15,24,15,,,,False,False,False,
148,2026-08-18T21:57:43.649289,shadow,analysis_full,silero,webrtc,False,0.00035707003553397954,True,True,False,1,False,True,False,0,0.0,,,,,,,,,,,,,0.0008486303664691395,0.7259852703512603,0.23006237677043778,0.04395235169993267,,,,,,,,,,,,,,False,False,temporal_v1,False,9.363390797223275e-05,0.10647181628392484,3.3688573682843703,0.9140638690545478,65.32928681586506,1518.0051737407523,0.0006160931460293873,0.00019523791910945785,3.729930033029437e-05,0.0,0.0,0.06400154784824319,0.059478423581780564,0.014664847426262567,0.024821484672570938,0.1746429027046267,67.88766794455225,0.006995023131532015,1.4658804430491195,-0.0008869876946291592,1266.6666666666667,0.011139537355906282,True,0.0005583481979556382,0.06400154784824319,False,True,True,0.85,True,False,False,0,True,False,True,False,True,False,True,False,True,0,8,False,0,15,24,15,,,,False,False,False,
149,2026-08-18T21:57:43.665926,shadow,analysis_full,silero,webrtc,False,0.0003050123050343245,True,True,False,1,False,True,False,0,0.0,,,,,,,,,,,,,0.001082761665012753,0.842382392654648,0.12668311009913283,0.03093449632265488,,,,,,,,,,,,,,False,False,temporal_v1,False,0.00010272508686208406,0.11899791231732777,3.2851636834389706,0.9363236590027953,66.3323200245869,1489.1268921382823,0.0009120993620481733,0.00013716761521993096,3.3494686744648685e-05,0.0,0.0,0.0685179873393242,0.0580681515573232,0.018590764653885195,0.02494846305513818,0.21297532785874035,77.21553850153822,0.006861821532570366,0.9132243187115252,-0.0005494748506700821,1033.3333333333335,0.02713346863529855,True,0.0005055753281340003,0.0685179873393242,False,True,True,0.85,True,False,False,0,True,False,True,False,True,False,True,False,True,0,9,False,0,15,24,15,,,,False,False,False,
150,2026-08-18T21:57:43.686071,shadow,analysis_full,silero,webrtc,False,0.0003341195988468826,True,True,False,1,False,True,False,0,0.0,,,,,,,,,,,,,0.0020447794429808044,0.8180568106603442,0.1565562360954666,0.025386952755138973,,,,,,,,,,,,,,False,False,temporal_v1,False,0.00013979427512410402,0.1022964509394572,3.491350405445823,0.9340138581034623,69.20237736318343,1403.7479773188143,0.001672745749628712,0.0003201229732384595,5.1910719113633064e-05,0.0,0.0,0.06797254042831544,0.051778617975933486,0.022275336005139954,0.02670275900679663,0.1956552402787767,97.46460856932141,0.004844002137867657,1.1340251311282,-0.0006796812284274471,1100.0,0.01880643096556363,True,0.0004504728130996227,0.06797254042831544,False,True,True,0.85,True,False,False,0,True,False,True,False,True,False,True,False,False,0,0,False,0,15,24,24,,,,False,False,False,
151,2026-08-18T21:57:43.719103,shadow,analysis_full,silero,webrtc,False,0.0003147873794659972,True,True,False,1,False,True,False,0,0.0,,,,,,,,,,,,,0.0013637079750042482,0.7828679652302439,0.16807326546153695,0.04905876857492416,,,,,,,,,,,,,,False,False,temporal_v1,False,0.00011634869293201872,0.13778705636743216,3.530622692049633,0.9199797282820706,67.43655405526954,1401.2696018739439,0.0010676032875598322,0.000229202852494904,6.690183394951187e-05,0.0,0.0,0.06645070130922226,0.04845686035716076,0.022632807219770134,0.02670275900679663,0.18602335296887365,111.7783147335898,0.0032725875360112237,1.5094365818906963,-0.0009125854114709244,1166.6666666666667,0.007679593584038961,True,0.00040919285675045103,0.06645070130922226,False,True,True,0.85,True,False,False,0,True,False,True,False,True,False,True,False,False,0,0,False,0,15,24,24,,,,False,False,False,
152,2026-08-18T21:57:43.771377,shadow,analysis_full,silero,webrtc,False,0.00034503109054639935,True,True,False,1,False,True,False,0,0.0,,,,,,,,,,,,,0.0012566736800215586,0.7654745999430681,0.19724520324656328,0.03728019601461718,,,,,,,,,,,,,,False,False,temporal_v1,False,0.00011345040169692989,0.10647181628392484,3.5425890928807955,0.9217111659770868,67.2080715820864,1421.405498757251,0.0009619517824734858,0.00024787285543045895,4.684904111761401e-05,0.0,0.0,0.055464314557426744,0.038706632551238816,0.021986445385278955,0.02515982445959554,0.16932557903466633,111.99022079361461,0.005594921700268444,1.3471029223818578,-0.0008076010108321615,1266.6666666666667,0.011741796807107957,True,0.0003636562905739993,0.055464314557426744,False,True,True,0.85,True,False,False,0,True,False,True,False,True,False,True,False,False,0,0,False,0,15,24,24,,,,False,False,False,
153,2026-08-18T21:57:43.808942,shadow,analysis_full,silero,webrtc,False,0.00035703310277312994,True,True,True,1,False,True,False,0,0.0,,,,,,,,,,,,,0.0065092712275136985,0.1317698280382688,0.5243888657839565,0.3438413060241477,,,,,,,,,,,,,,False,False,temporal_v1,False,0.00024098676211140423,0.2150313152400835,4.028435686394909,0.6984669791282873,72.82477000785605,2128.042361457254,0.0008577255503039309,0.0034133893560760503,0.002238156320133717,0.0,0.0,0.191839390641242,0.10438441642685704,0.08937932298319005,0.03479672923862553,0.19995426625103616,209.69135570413758,0.01207111548942338,0.793373734080276,-0.000454439875166724,2700.0,0.05748650750761822,True,0.00035705156915355474,0.191839390641242,False,True,True,0.85,True,False,False,0,True,True,True,True,True,False,True,False,False,1,0,False,0,15,24,24,,,,False,False,False,
154,2026-08-18T21:57:43.833911,shadow,analysis_full,silero,webrtc,False,0.0005816751508973539,True,True,True,1,False,True,False,0,0.0,,,,,,,,,,,,,0.038351933861232264,0.06352855533415615,0.6898953970291172,0.24657604761065244,,,,,,,,,,,,,,False,False,temporal_v1,False,0.000578693263450463,0.2588726513569937,3.818236105508893,0.6829525426802461,80.39892787327963,2067.691764865895,0.0024364429524751908,0.026458822638029275,0.0094566682697278,0.0,0.0,0.2671211783427228,0.17292484623991866,0.10099056000688152,0.049949307682712815,0.21034884338177712,253.64859943333244,0.004320880138651813,1.040601318730617,-0.0005926152762284034,2566.666666666667,0.02147511162954369,True,0.00035705156915355474,0.2671211783427228,False,True,True,0.85,True,False,False,0,True,True,True,True,True,True,True,False,False,2,0,False,0,15,24,24,,,,False,False,False,
155,2026-08-18T21:57:43.870833,shadow,analysis_full,silero,webrtc,False,0.0014444015687331557,True,True,True,1,False,True,False,0,0.0,,,,,,,,,,,,,0.06825556640256328,0.17612094995184752,0.6275641339794613,0.1963149160540402,,,,,,,,,,,,,,False,False,temporal_v1,False,0.0007711738041034127,0.22964509394572025,3.641015438466697,0.7543943978500183,83.33006283826373,1917.4502719804154,0.012021235194320851,0.04283474541870224,0.013399585788540176,0.0,0.0,0.2967905415819964,0.2005068964241226,0.10472890071072037,0.054393649566769266,0.20791519455927446,265.55281427932835,0.008789270163160837,1.6311965366294192,-0.0009630973217206337,2566.666666666667,0.005641108297413993,True,0.00035705156915355474,0.2967905415819964,False,True,True,0.85,True,False,False,0,True,True,True,True,True,True,True,False,False,3,0,False,0,15,24,24,,,,False,False,False,
156,2026-08-18T21:57:43.900804,shadow,analysis_full,silero,webrtc,False,0.0018967087380588055,True,True,True,1,False,True,False,0,0.0,,,,,,,,,,,,,0.043729371385833216,0.2400162093970639,0.6587415677483298,0.10124222283173838,,,,,,,,,,,,,,False,False,temporal_v1,False,0.0006180230806487881,0.1837160751565762,3.75698903425987,0.8180093692099788,81.75394384202342,1751.3186733994671,0.01049575795934412,0.028806354663352726,0.00442725876213637,0.0,0.0,0.30997024116222277,0.22282744678915356,0.1043441352921392,0.05456844696305787,0.2111813466322934,267.09159447238227,0.00906739998315634,1.3238283864534928,-0.0007841873356490076,1933.3333333333335,0.012258387509575358,True,0.00035705156915355474,0.30997024116222277,False,True,True,0.85,True,False,False,0,True,True,True,True,True,True,True,False,False,4,0,False,0,15,24,24,,,,False,False,False,
157,2026-08-18T21:57:43.933085,shadow,analysis_full,silero,webrtc,False,0.0021741788368672132,True,True,True,1,False,True,False,0,0.0,,,,,,,,,,,,,0.04369949210908488,0.4373392330300987,0.5383384919284169,0.024322275018600823,,,,,,,,,,,,,,False,False,temporal_v1,False,0.0006192424906575599,0.1419624217118998,3.125130326455794,0.8956262373212136,82.16459431374494,1511.998173626532,0.01911150236279203,0.02352511868004251,0.001062871065250339,0.0,0.0,0.30371623359808986,0.22236177346596525,0.10722747189296743,0.05456844696305787,0.2526922341580652,268.4556576357499,0.011016905797104947,1.2350319807057568,-0.0007267654748670055,1233.3333333333335,0.008409116046034235,True,0.00035705156915355474,0.30371623359808986,False,True,True,0.85,True,False,False,0,True,True,True,True,True,True,True,False,False,5,0,False,0,15,24,24,,,,False,False,False,
158,2026-08-18T21:57:43.956528,shadow,analysis_full,silero,webrtc,False,0.0025692360941320658,True,True,True,1,False,True,False,0,0.0,,,,,,,,,,,,,0.04599275283283646,0.5493678061203456,0.4158202482691585,0.034811945588753265,,,,,,,,,,,,,,False,False,temporal_v1,False,0.000634298906601043,0.1336116910229645,3.1353222374093743,0.8950727630545641,82.37034330526359,1560.9606447883652,0.025266937721210678,0.0191247179015321,0.0016010972090936804,0.0,0.0,0.29497501757162536,0.21573865353662414,0.10782296174792523,0.05246691721903889,0.27863115517062664,266.46946386533875,0.007782472424550072,1.0300362909341099,-0.0006126945762921751,1200.0,0.014024844901201674,True,0.0004693541268352419,0.29497501757162536,False,True,True,0.85,True,False,False,0,True,True,True,True,True,True,True,False,False,6,0,False,0,15,24,24,,,,False,False,False,
159,2026-08-18T21:57:43.968450,shadow,analysis_full,silero,webrtc,False,0.0022576635237783194,True,True,True,1,False,True,False,0,0.0,,,,,,,,,,,,,0.08401277354359232,0.21305774926179735,0.6986125415780016,0.08832970914829802,,,,,,,,,,,,,,False,False,temporal_v1,False,0.0008561473617490369,0.17536534446764093,3.4730512290745805,0.8449050329638705,84.73084999207282,1782.8234399514054,0.017899572440438855,0.05869237725030612,0.007420823851847337,0.0,0.0,0.27772402827680226,0.20865566340554684,0.10500675122022204,0.05044292379838317,0.26721902455900776,261.57371501186935,0.009112074644536821,1.1458466720106413,-0.0006699889877794245,1633.3333333333335,0.016123032061500685,True,0.0010130383598152548,0.27772402827680226,False,True,True,0.85,True,False,False,0,True,True,True,True,True,True,True,False,False,7,0,False,0,15,24,24,,,,False,False,False,
160,2026-08-18T21:57:44.006116,shadow,analysis_full,silero,webrtc,False,0.0022576635237783194,True,True,True,1,False,True,False,0,0.0,,,,,,,,,,,,,0.24529989570316546,0.03009766489576861,0.8059854317783635,0.1639169033217913,,,,,,,,,,,,,,False,False,temporal_v1,False,0.001461002958484185,0.2150313152400835,3.6455519905702314,0.7567579018960697,88.89894222472206,2040.2553045783332,0.007382954059840865,0.19770814235350334,0.04020879928882126,0.0,0.0,0.26443579571184933,0.20274411143049373,0.10138345687061952,0.04686324486897018,0.2675919433504548,260.47772173297346,0.009575348119253917,0.849203590953063,-0.0004775632207262104,2500.0,0.02464430658159863,True,0.0016705551533959806,0.26443579571184933,False,True,True,0.85,True,False,False,0,True,True,True,True,True,True,True,False,False,8,0,False,0,15,24,24,,,,False,False,False,
161,2026-08-18T21:57:44.020554,shadow,analysis_full,silero,webrtc,False,0.0025552790611982346,True,True,True,1,False,True,False,0,0.0,,,,,,,,,,,,,0.5177171726366383,0.020497418508436574,0.9402791714342751,0.03922341005535688,,,,,,,,,,,,,,False,False,temporal_v1,False,0.0021214071861796963,0.2150313152400835,3.436226920383816,0.7618692590216444,92.16867847688867,2022.9058575933072,0.010611865556537682,0.4867986741240738,0.02030663295502685,0.0,0.0,0.23356205475962116,0.19620149693823172,0.10219449389426058,0.045660631665716746,0.2704533955954975,241.32177785313297,0.007245022936696484,0.8467466821358358,-0.0004666614414479317,2366.666666666667,0.017232977975910363,True,0.0020354437874630094,0.23356205475962116,False,True,True,0.85,True,False,False,0,True,True,True,True,True,True,True,False,False,9,0,False,0,15,24,24,,,,False,False,False,
162,2026-08-18T21:57:44.033066,shadow,analysis_full,silero,webrtc,False,0.002279277192428708,True,True,True,1,False,True,False,0,0.0,,,,,,,,,,,,,0.4786360606208152,0.012785414511656587,0.9497662496121754,0.037448335874078774,,,,,,,,,,,,,,False,False,temporal_v1,False,0.0020390390591863558,0.24634655532359082,3.36843839247248,0.7240955307196996,91.6040582864567,1980.9035155374709,0.006119560435263512,0.4545923762249775,0.017924123959574215,0.0,0.0,0.17279290562307534,0.16548926954522494,0.10217964733375048,0.039745552515761944,0.27656807559325447,204.334928636061,0.009129954078127018,1.2631496654458634,-0.0007262089278529802,2200.0,0.004980682826135303,True,0.0022159211803227663,0.17279290562307534,False,True,True,0.85,True,False,False,0,True,True,True,True,True,True,True,False,True,0,0,False,0,15,24,15,,,,False,False,False,
163,2026-08-18T21:57:44.052801,shadow,analysis_full,silero,webrtc,False,0.0019970680586993694,True,True,True,1,False,True,False,0,0.0,,,,,,,,,,,,,0.45700210547299597,0.028761588097195662,0.9346634096197723,0.03657500228084375,,,,,,,,,,,,,,False,False,temporal_v1,False,0.001992631232298384,0.24217118997912318,3.2543990191366907,0.6974503239356767,91.24145138400667,2016.4518439556598,0.013144106317165477,0.42714314610480525,0.016714853050025225,0.0,0.0,0.17877253936811555,0.1713535018995709,0.07516146390489478,0.041468756636109015,0.23502773206719954,193.02353190034535,0.010229615995003246,1.2897685693657912,-0.0007506788892891323,2266.666666666667,0.004199640518362867,True,0.0022159211803227663,0.17877253936811555,False,True,True,0.85,True,False,False,0,True,True,True,True,True,True,True,False,True,0,0,False,0,15,24,15,,,,False,False,False,
164,2026-08-18T21:57:44.071508,shadow,analysis_full,silero,webrtc,False,0.00213097152300179,True,True,True,1,False,True,False,0,0.0,,,,,,,,,,,,,0.19022512994412105,0.034184207323350126,0.8788881489400797,0.08692764373131324,,,,,,,,,,,,,,False,False,temporal_v1,False,0.0012859561062814697,0.2651356993736952,3.251628433216027,0.6806455027319686,87.33016668270571,2125.7024731091938,0.0065026952801210515,0.16718661233847468,0.016535822324525322,0.0,0.0,0.180842448127907,0.1766726476418577,0.05624285317270631,0.04232850625786518,0.21012419250502776,199.773403232131,0.01086069765968493,0.9544691579819652,-0.0005386496119364483,2366.666666666667,0.012533982059575408,True,0.0022159211803227663,0.180842448127907,False,True,True,0.85,True,False,False,0,True,True,True,True,True,True,True,False,True,0,0,False,0,15,24,15,,,,False,False,False,
165,2026-08-18T21:57:44.096102,shadow,analysis_full,silero,webrtc,False,0.002708863466978073,True,True,True,1,False,True,False,0,0.0,,,,,,,,,,,,,0.05032659659750074,0.04865457732317262,0.6133524693100438,0.33799295334691337,,,,,,,,,,,,,,False,False,temporal_v1,False,0.0006621046810371396,0.29436325678496866,3.771467338057139,0.6230874313725571,81.17377575281125,2253.2065586535628,0.0024486192855652155,0.030867942295047527,0.017010035015887996,0.0,0.0,0.1847102933117643,0.1776648885878356,0.09077351960694684,0.04990216674180764,0.22747088273968424,230.5847791804874,0.00926165301375533,1.0432483369639531,-0.0005911252622139789,2666.666666666667,0.01862873019384048,True,0.0022576635237783194,0.1847102933117643,False,True,True,0.85,True,False,False,0,True,True,True,True,True,True,True,False,True,0,0,False,0,15,24,15,,,,False,False,False,
166,2026-08-18T21:57:44.121965,shadow,analysis_full,silero,webrtc,False,0.004314090125262737,True,True,True,1,False,True,False,0,0.0,,,,,,,,,,,,,0.018314786052626833,0.06495992465774797,0.4070644570103787,0.5279756182772726,,,,,,,,,,,,,,False,False,temporal_v1,False,0.000401102901363923,0.29227557411273486,3.7790856737111147,0.6177069022331666,76.7656044100191,2281.0590191266874,0.0011897271221014123,0.007455298439773799,0.00966976048975162,0.0,0.0,0.18473259268339404,0.20378691655224462,0.15860316582553288,0.05433753147389541,0.23079897251376555,249.35945308244618,0.005645071642804512,0.898383930804549,-0.0005047372522723008,2733.3333333333335,0.036057631030050837,True,0.0022684703581035137,0.18473259268339404,False,True,True,0.85,True,False,False,0,True,True,True,True,True,True,True,False,True,0,0,False,0,15,24,15,,,,False,False,False,
167,2026-08-18T21:57:44.133030,shadow,analysis_full,silero,webrtc,False,0.005648037884384394,True,True,True,1,False,True,False,0,0.0,,,,,,,,,,,,,0.019195994782619304,0.09962931801443198,0.2573452712833107,0.6430254106501632,,,,,,,,,,,,,,False,False,temporal_v1,False,0.00041045222378487665,0.29436325678496866,3.7029231243813636,0.5704906472156817,76.6222311750944,2433.083928419124,0.0019124838688009556,0.004939998484886182,0.012343512427932166,0.0,0.0,0.1567665384103838,0.2423789556126039,0.21347241795989977,0.050984356816309875,0.22084777224489735,237.57868072138325,0.006265186517917143,0.7768522292695847,-0.00043286989188196087,3000.0,0.03933472243612291,True,0.0024172781268134713,0.1567665384103838,False,True,True,0.85,True,False,False,0,True,True,True,True,True,True,True,False,True,0,0,False,0,15,24,15,,,,False,False,False,
168,2026-08-18T21:57:44.145387,shadow,analysis_full,silero,webrtc,False,0.0057737254537642,True,True,True,1,False,True,False,0,0.0,,,,,,,,,,,,,0.03837040668283875,0.034396597040397096,0.33434853372133166,0.6312548692122094,,,,,,,,,,,,,,False,False,temporal_v1,False,0.0005788832267823529,0.3235908141962422,3.5013059280464955,0.6379942664813393,80.10647772029819,2455.6504364405782,0.001319811416945764,0.012829089212698321,0.02422150605219466,0.0,0.0,0.05667035283442994,0.25261714272086216,0.24068113116538448,0.043650044945984956,0.188326767456254,202.54772809153715,0.007183932685746349,1.3020488063634594,-0.0007621942910784164,3100.0,0.008829619086517585,True,0.0024172781268134713,0.05667035283442994,False,True,True,0.85,True,False,False,0,True,True,True,True,True,True,True,False,True,0,0,False,0,15,24,15,,,,False,False,False,
169,2026-08-18T21:57:44.165060,shadow,analysis_full,silero,webrtc,False,0.0061303479596972466,True,True,True,1,False,True,False,0,0.0,,,,,,,,,,,,,0.054602640652169666,0.05567902981632489,0.28114086261452537,0.6631801075508357,,,,,,,,,,,,,,False,True,temporal_v1,False,0.0006907165250644292,0.31524008350730687,3.2366178451283254,0.728531124854216,82.21998097377993,2348.733764284537,0.003040222056922228,0.01535103349398193,0.03621138510026551,0.0,0.0,0.024128953891983943,0.2794930306975791,0.2607978198818347,0.03741847250299565,0.20650133204429177,171.79223541744173,0.007434882596231744,1.2169826929799272,-0.0007031869696220222,2766.666666666667,0.009076479025023228,True,0.002632071264088154,0.024128953891983943,True,True,False,0.85,True,False,False,0,True,True,True,True,True,True,True,False,True,0,0,False,0,15,24,15,,,,False,False,False,
170,2026-08-18T21:57:44.183311,shadow,analysis_full,silero,webrtc,False,0.005186720285564661,True,True,True,1,True,True,False,1,0.0,,,,,,,,,,,,,0.06283385725192789,0.5007503295517193,0.319169445368624,0.18008022506374155,,,,,,,,,,,,,,False,True,temporal_v1,False,0.0007419229695617315,0.2045929018789144,3.2423390998210957,0.7526684495298694,82.98354483144466,1963.5987389398883,0.03146407472590858,0.020054647369469117,0.011315135155550183,0.0,0.0,0.13895067891264878,0.2886384538942585,0.2598941149236985,0.039056966459018176,0.21240330180346795,180.0723873365055,0.015142708241213,1.2012188827846062,-0.0007066145823485748,2600.0,0.010797893245083652,True,0.003511476796120405,0.13895067891264878,True,True,True,0.85,True,True,True,1,True,True,True,True,True,True,True,False,True,0,0,True,1,15,24,15,,,,False,False,False,
171,2026-08-18T21:57:44.200444,shadow,analysis_full,silero,webrtc,False,0.00432492233812809,True,True,True,1,True,True,False,1,0.0,,,,,,,,,,,,,0.08610152890873407,0.8129592490449715,0.12132078248900316,0.06571996845441114,,,,,,,,,,,,,,False,False,temporal_v1,False,0.0008671254110565128,0.12943632567849686,1.6329331255939286,0.8854611200723069,85.04507184239975,1916.6188413200264,0.06999703428326835,0.010445904860707143,0.0056585897637585715,0.0,0.0,0.2545713079812716,0.29421771115301676,0.2571553246108195,0.05580364457991565,0.5868161391846792,192.23687568836556,0.01783365966824626,0.954980991072647,-0.000550594847899553,1600.0,0.011834532618042851,True,0.004319506231695414,0.2545713079812716,True,True,True,0.85,True,True,True,2,True,True,True,True,True,True,True,False,True,0,0,True,2,15,24,15,,,,False,False,False,
172,2026-08-18T21:57:44.217080,shadow,analysis_full,silero,webrtc,False,0.0051614693365991116,True,True,True,1,True,True,False,1,0.0,,,,,,,,,,,,,0.0548772611050775,0.5104703132809426,0.43987592080166876,0.04965376589916615,,,,,,,,,,,,,,False,True,temporal_v1,False,0.0006927280421607651,0.1524008350730689,3.1432378921951916,0.8593093393551039,82.96137419753818,1703.1756714340258,0.028013212668308998,0.024139185759669567,0.002724862676098934,0.0,0.0,0.2674361073726422,0.25512055576861026,0.25583207486810766,0.06464538975346343,0.5870853139980455,234.1304733979506,0.01355917823374826,1.0063056804414756,-0.0005787519399200218,1733.3333333333335,0.015651504499554214,True,0.004743195837363601,0.2674361073726422,True,True,True,0.85,True,True,True,3,True,True,True,True,True,True,True,False,True,0,0,True,3,15,24,15,,,,False,False,False,
173,2026-08-18T21:57:44.234660,shadow,analysis_full,silero,webrtc,False,0.004664044361561537,True,True,True,1,True,True,False,1,0.0,,,,,,,,,,,,,0.04045219788287167,0.795466040417625,0.15048304170410395,0.054050917853550456,,,,,,,,,,,,,,False,True,temporal_v1,False,0.0005945353485118602,0.14822546972860126,2.466955298271289,0.8954962290195427,81.80922743856894,1632.518033637799,0.03217834967607816,0.006087369781030843,0.0021864784247626642,0.0,0.0,0.30862458240879237,0.2139752727367569,0.2539273336736715,0.071735219092187,0.6324819779964561,279.8524579407849,0.018850872661649733,1.1380306493728236,-0.0006707866427364532,1533.3333333333335,0.008447506656278749,True,0.004912756849080324,0.30862458240879237,True,True,True,0.85,True,True,True,4,True,True,True,True,True,True,True,False,True,0,0,True,4,15,24,15,,,,False,False,False,
174,2026-08-18T21:57:44.248888,shadow,analysis_full,silero,webrtc,False,0.00434951251372695,True,True,True,1,True,True,False,1,0.0,,,,,,,,,,,,,0.014835302570216459,0.5985772329856692,0.3269626523862597,0.07446011456066427,,,,,,,,,,,,,,False,True,temporal_v1,False,0.00036118148845741153,0.17536534446764093,3.214108727740427,0.8629520642047669,77.29861008546845,1759.8376765614855,0.008880074362985355,0.004850589877310669,0.0011046383289204347,0.0,0.0,0.30724006953162697,0.1347759276855433,0.25511602671251354,0.073859132691856,0.6321147005339736,298.85314719003406,0.008463456614205079,1.095564685613083,-0.000635195892798273,1666.6666666666667,0.016026090671407783,True,0.004912756849080324,0.30724006953162697,True,True,True,0.85,True,True,True,5,True,True,True,True,True,True,True,False,True,0,0,True,5,15,24,15,,,,False,False,False,
175,2026-08-18T21:57:44.267486,shadow,analysis_full,silero,webrtc,False,0.004417835269123316,True,True,True,1,True,True,False,1,0.0,,,,,,,,,,,,,0.015025203329947357,0.6685923945873724,0.30432608041352915,0.027081524932543538,,,,,,,,,,,,,,False,True,temporal_v1,False,0.00036395450601489545,0.12421711899791232,3.1322961714647986,0.9041028026763147,77.56725093750237,1490.5898532796434,0.010045736673531666,0.004572561236819185,0.00040690541859650554,0.0,0.0,0.3022504503987412,0.09457365718073607,0.26988074854804794,0.07727874025849062,0.599444806734227,338.2849837344829,0.006303011521262378,1.2730654498538805,-0.0007585089967624933,1333.3333333333335,0.008329266487438447,True,0.004912756849080324,0.3022504503987412,True,True,True,0.85,True,True,True,6,True,True,True,True,True,False,True,False,True,0,0,True,6,15,24,15,,,,False,False,False,
176,2026-08-18T21:57:44.284638,shadow,analysis_full,silero,webrtc,False,0.004417835269123316,True,True,True,1,True,True,False,1,0.0,,,,,,,,,,,,,0.013186604127305455,0.5971122038803692,0.38614193424519816,0.016745861798597897,,,,,,,,,,,,,,False,True,temporal_v1,False,0.00034065116269812833,0.1440501043841336,2.9725850533261924,0.9094485839241603,77.0137818804357,1434.3906131980245,0.007873882252153333,0.005091900823843442,0.0002208210503086778,0.0,0.0,0.28227261381041685,0.09225675030731684,0.2686896533764341,0.07541426768710302,0.556033224414772,362.0828175055266,0.005673324592542447,1.2022014887156993,-0.0007034344685468166,1266.6666666666667,0.006271041507010093,True,0.004912756849080324,0.28227261381041685,True,True,True,0.85,True,True,True,7,True,True,True,True,True,False,True,False,True,0,0,True,7,15,24,15,,,,False,False,False,
177,2026-08-18T21:57:44.302830,shadow,analysis_full,silero,webrtc,False,0.004054625052958727,True,True,True,1,True,True,False,1,0.0,,,,,,,,,,,,,0.008253126483629428,0.47754378316003054,0.5099254157264517,0.012530800992351553,,,,,,,,,,,,,,False,True,temporal_v1,False,0.00027001636160010607,0.13987473903966596,2.996129543690497,0.9077677039564984,74.9649585603296,1407.170482852456,0.003941229243890637,0.004208478953207724,0.00010341828553106651,0.0,0.0,0.2544350081122456,0.11178892702526698,0.23919951421959315,0.07039307179865084,0.508169600132226,345.3763211716928,0.0074829754688750605,1.4780418101574049,-0.0008794467077312075,1266.6666666666667,0.0031195730784295927,True,0.004540939815342426,0.2544350081122456,True,True,True,0.85,True,True,True,8,True,True,True,True,True,False,True,False,True,0,0,True,8,15,24,15,,,,False,False,False,
178,2026-08-18T21:57:44.322026,shadow,analysis_full,silero,webrtc,False,0.0036732242442667484,True,True,True,1,True,True,False,1,0.0,,,,,,,,,,,,,0.01099828881686191,0.4489352893775818,0.5441427480604191,0.006921962471075793,,,,,,,,,,,,,,False,True,temporal_v1,False,0.0003112431695990238,0.1315240083507307,2.5413297963949506,0.9146036527436462,76.24661689074475,1295.7863987540586,0.004937519972656124,0.005984639100769415,7.612974243637073e-05,0.0,0.0,0.20291252228692852,0.13103591612072568,0.18877449656787773,0.054574536762563554,0.48586773924726273,301.4498789577255,0.012008771928414312,1.6075755222233228,-0.0009758926876437059,1200.0,0.0013931720760617199,True,0.004417835269123316,0.20291252228692852,True,True,True,0.85,True,True,True,9,True,True,True,True,True,False,True,False,True,0,0,True,9,15,24,15,,,,False,False,False,
179,2026-08-18T21:57:44.341684,shadow,analysis_full,silero,webrtc,False,0.002869084244593978,True,True,False,1,True,True,False,1,0.0,,,,,,,,,,,,,0.004699470044594618,0.3686588514421705,0.6188700359912241,0.01247111235381519,,,,,,,,,,,,,,False,True,temporal_v1,False,0.0002048916802137704,0.1336116910229645,3.070402577292694,0.9065820146593233,72.51726201883221,1394.0569377770398,0.0017325012290271375,0.002908361195637951,5.860761892952836e-05,0.0,0.0,0.13877808135524905,0.15353089908076548,0.049073384980075456,0.023324423854220448,0.47535528278108585,219.37194005318784,0.01271039710516204,1.4232521843012917,-0.0008407981287923965,1200.0,0.004175096873346558,True,0.004383673891425133,0.13877808135524905,True,True,True,0.85,True,True,True,10,True,False,True,False,True,False,True,False,True,0,1,True,10,15,24,15,,,,False,False,False,
180,2026-08-18T21:57:44.361053,shadow,analysis_full,silero,webrtc,False,0.002082495018839836,True,True,False,1,True,True,False,1,0.0,,,,,,,,,,,,,0.001480375218906329,0.6473349272345933,0.3336620122466331,0.019003059843269225,,,,,,,,,,,,,,False,True,temporal_v1,False,0.00011814514110209662,0.1315240083507307,3.2581098612565387,0.9105999554968344,67.5361365926507,1456.7436309460359,0.0009582985846106236,0.0004939449744203357,2.813165887536975e-05,0.0,0.0,0.13759072131746444,0.15309198853084435,0.023490828373860295,0.014224229442736535,0.4767076495324152,185.37525342188204,0.008153466619484333,1.225017484338672,-0.0007100261442538265,1233.3333333333335,0.009585354059470724,True,0.00433721742592752,0.13759072131746444,True,True,True,0.85,True,True,True,11,True,False,True,False,True,False,True,False,True,0,2,True,11,15,24,15,,,,False,False,False,
181,2026-08-18T21:57:44.379433,shadow,analysis_full,silero,webrtc,False,0.0017325083026662469,True,True,False,1,True,True,False,1,0.0,,,,,,,,,,,,,0.0009351691312586641,0.7340837558661216,0.23809257717577068,0.02782366588878246,,,,,,,,,,,,,,False,True,temporal_v1,False,9.689021146718178e-05,0.13987473903966596,3.53182799178483,0.9228097396471139,65.70484681829677,1396.4648027701712,0.0006864924682444182,0.0002226568285566019,2.6019833457644022e-05,0.0,0.0,0.12654796297703522,0.13701540809770785,0.02096724399771196,0.013709336991182076,0.3037877451667897,143.1082077406518,0.008541745699507095,1.3132168862506477,-0.0007863927719285487,1200.0,0.01088143908730195,True,0.004202068783342838,0.12654796297703522,True,True,True,0.85,True,True,True,12,True,False,True,False,True,False,True,False,True,0,3,True,12,15,24,15,,,,False,False,False,
182,2026-08-18T21:57:44.395686,shadow,analysis_full,silero,webrtc,False,0.0014888253062963486,True,True,False,1,True,True,False,1,0.0,,,,,,,,,,,,,0.00096559437201989,0.5798750996004068,0.37897092292570866,0.04115397643825297,,,,,,,,,,,,,,False,False,temporal_v1,False,9.897257537647127e-05,0.14822546972860126,3.815913519541357,0.8982611977177791,65.79401943968361,1570.7212807476708,0.000559924132648626,0.0003659321903362478,3.973804803501623e-05,0.0,0.0,0.12416864591063993,0.13580003686062772,0.020318543128891253,0.013449359912467276,0.3845552992093081,128.83751060763547,0.003868844471247871,1.1103067634795105,-0.0006616048292819475,1433.3333333333335,0.027796491138229792,True,0.0038639246486127377,0.12416864591063993,True,True,True,0.85,True,True,True,13,True,False,True,False,True,False,True,False,True,0,4,True,13,15,24,15,,,,False,False,False,
183,2026-08-18T21:57:44.405853,shadow,analysis_full,silero,webrtc,False,0.0013718551490455866,True,True,False,1,True,True,False,1,0.0,,,,,,,,,,,,,0.0004083872254990431,0.575704001023081,0.36640061167021354,0.05789538485804907,,,,,,,,,,,,,,False,False,temporal_v1,False,6.793058423848121e-05,0.1440501043841336,3.6286656418665366,0.8885626043273495,61.88413311524491,1631.0561008288216,0.00023511015968651433,0.00014963332922115084,2.364373559137797e-05,0.0,0.0,0.10394623809191393,0.11297127342493146,0.02081495642860437,0.013302732990221633,0.349670100395605,128.66942727656217,0.005369124342273568,1.1155454715237585,-0.0006684882637392033,1300.0,0.02444453808842784,True,0.003271154244430363,0.10394623809191393,True,True,True,0.85,True,True,True,14,True,False,True,False,True,False,True,False,True,0,5,True,14,15,24,15,,,,False,False,False,
184,2026-08-18T21:57:44.425184,shadow,analysis_full,silero,webrtc,False,0.0010785901686176658,True,True,False,1,False,True,False,0,0.0,,,,,,,,,,,,,0.0002619604068108518,0.5070455616072828,0.4193966087908637,0.07355782578448289,,,,,,,,,,,,,,False,False,temporal_v1,False,5.8716097464407874e-05,0.13987473903966596,3.766678916934722,0.8709465367163435,60.10490203886591,1653.0492254511705,0.0001328258615902806,0.00010986530625394634,1.9269237966624902e-05,0.0,0.0,0.10501972233375381,0.11030589218969375,0.02062139435544635,0.0069311379127490694,0.38668473223233335,108.09305700402827,0.006735235633286691,1.485110459177943,-0.0008833666392367007,1500.0,0.01178003937073091,True,0.002475789631716907,0.10501972233375381,False,True,True,0.85,True,False,False,0,True,False,True,False,True,False,True,False,True,0,6,False,0,15,24,15,,,,False,False,False,
185,2026-08-18T21:57:44.441722,shadow,analysis_full,silero,webrtc,False,0.0010361582972109318,True,True,False,1,False,True,False,0,0.0,,,,,,,,,,,,,0.00022991044564327616,0.5438999112838053,0.350184718763742,0.105915365602933,,,,,,,,,,,,,,False,False,temporal_v1,False,5.658510212941275e-05,0.1941544885177453,4.022676078356239,0.8505131262481709,59.542466646352466,1826.3388525394616,0.00012504827098859804,8.051112474843726e-05,2.435104890624085e-05,0.0,0.0,0.09865361125832532,0.10671229512648689,0.030759520590765733,0.017317702135607925,0.4428374311065306,151.69222892890917,0.004981338278394178,0.8813231343509281,-0.0005186934528314674,2100.0,0.06012350020089354,True,0.0019075016607530415,0.09865361125832532,False,True,True,0.85,True,False,False,0,True,False,True,False,True,False,True,False,True,0,7,False,0,15,24,15,,,,False,False,False,
186,2026-08-18T21:57:44.460652,shadow,analysis_full,silero,webrtc,False,0.0007819839520379901,True,True,False,1,False,True,False,0,0.0,,,,,,,,,,,,,0.0004983363172942854,0.6887846685509111,0.23139371912224183,0.07982161032017021,,,,,,,,,,,,,,False,False,temporal_v1,False,7.502031540311148e-05,0.14822546972860126,3.8809918268743457,0.8851408275120313,62.94158368676027,1624.6931496017473,0.00034324641513442603,0.00011531189383240626,3.977800732745315e-05,0.0,0.0,0.1067191336115108,0.12009518891272689,0.032305395480956366,0.017347876752018564,0.44711151649370023,153.37015717166517,0.0037306847820079863,1.2077036750573353,-0.0007204080665646449,1700.0000000000002,0.02472713981463612,True,0.0016106668044812977,0.1067191336115108,False,True,True,0.85,True,False,False,0,True,False,True,False,True,False,True,False,True,0,8,False,0,15,24,15,,,,False,False,False,
187,2026-08-18T21:57:44.468727,shadow,analysis_full,silero,webrtc,False,0.0007011740235611796,True,True,False,1,False,True,False,0,0.0,,,,,,,,,,,,,0.0002180796706310047,0.6027688165970997,0.28426068300490687,0.11297049581251321,,,,,,,,,,,,,,False,False,temporal_v1,False,5.7058689862902204e-05,0.16075156576200417,3.754924889087034,0.8683420746012936,59.73667644298168,1748.4479697119075,0.000131451624990136,6.199147612305453e-05,2.4636568517814178e-05,0.0,0.0,0.10395016491657107,0.11834004381562102,0.036404054088831884,0.017843276144335365,0.42738268477891045,160.99912005456957,0.004660800009163206,1.148511340653876,-0.0006883560001042071,1966.6666666666667,0.03182836505343411,True,0.0014303402276709676,0.10395016491657107,False,True,True,0.85,True,False,False,0,True,False,True,False,True,False,True,False,True,0,9,False,0,15,24,15,,,,False,False,False,
188,2026-08-18T21:57:44.479298,shadow,analysis_full,silero,webrtc,False,0.0006766258738934994,True,True,False,1,False,True,False,0,0.0,,,,,,,,,,,,,0.0005826268522454475,0.7420746775955446,0.1890014338228289,0.06892388686526199,,,,,,,,,,,,,,False,False,temporal_v1,False,7.96428448314201e-05,0.17118997912317327,3.685625141656047,0.9004359293358688,63.639811269062335,1534.1671015972213,0.00043235263353854747,0.00011011731045807108,4.015690724882894e-05,0.0,0.0,0.10704526316509076,0.11597816846499112,0.03302284377891314,0.018324098753646507,0.27365790262115514,135.83412160039123,0.004827078086310907,1.6151605342367548,-0.0009666569400352685,1633.3333333333335,0.008130784225981473,True,0.0012252226588316262,0.10704526316509076,False,True,True,0.85,True,False,False,0,True,False,True,False,True,False,True,False,False,0,0,False,0,15,24,24,,,,False,False,False,
189,2026-08-18T21:57:44.487376,shadow,analysis_full,silero,webrtc,False,0.0006076657446101308,True,True,False,1,False,True,False,0,0.0,,,,,,,,,,,,,0.0010871088136264323,0.6951025678006859,0.24148887834579283,0.06340855293365015,,,,,,,,,,,,,,False,False,temporal_v1,False,0.00010757642463888013,0.16910229645093947,3.8891367272599466,0.8999051449045411,66.60124316054115,1527.2731559013876,0.0007556521278304904,0.0002625246880424727,6.893199675346925e-05,0.0,0.0,0.07752029308095675,0.07278462653682177,0.02898786984974766,0.018018285901731296,0.20417931043070145,122.46939342689633,0.0026946572837601114,1.4987549349880809,-0.0009019276623825917,1566.6666666666667,0.01356725516355791,True,0.0010573742329142988,0.07752029308095675,False,True,True,0.85,True,False,False,0,True,False,True,False,True,False,True,False,False,0,0,False,0,15,24,24,,,,False,False,False,
190,2026-08-18T21:57:44.496906,shadow,analysis_full,silero,webrtc,False,0.0005798321799375117,True,True,False,1,False,True,False,0,0.0,,,,,,,,,,,,,0.0003322991953290121,0.6210081473875328,0.3041324239575974,0.07485942564553355,,,,,,,,,,,,,,False,False,temporal_v1,False,6.544275260700306e-05,0.13569937369519833,3.629625727202754,0.8931339503819472,61.48903123919559,1651.7700344815275,0.00020636050766963772,0.00010106295975457158,2.4875726904802814e-05,0.0,0.0,0.07739043652084071,0.07208799275078218,0.02463162433389016,0.017517884505885744,0.1397666964316268,113.82119796242293,0.003093431862766959,1.0721945016455008,-0.0006346374376159754,1733.3333333333335,0.02721829353080281,True,0.0009090711246244609,0.07739043652084071,False,True,True,0.85,True,False,False,0,True,False,True,False,True,False,True,False,False,0,0,False,0,15,24,24,,,,False,False,False,
191,2026-08-18T21:57:44.506334,shadow,analysis_full,silero,webrtc,False,0.0005418509826995432,True,True,False,1,False,True,False,0,0.0,,,,,,,,,,,,,0.0016154203277624923,0.8078056016899882,0.16250568633699747,0.029688711353980535,,,,,,,,,,,,,,False,False,temporal_v1,False,0.0001241314218502639,0.12317327766179541,3.3827211042520293,0.9261391866796108,68.06963947026651,1429.3079290644223,0.001304945589850418,0.0002625149890857812,4.795974782629326e-05,0.0,0.0,0.08959521956538263,0.08155846683967687,0.02431176042279814,0.019567501216920843,0.16839887706798998,107.73896990737472,0.010388253235791563,1.117641583578684,-0.0006745587038449219,1066.6666666666667,0.017728971540400765,True,0.0007415789877995849,0.08959521956538263,False,True,True,0.85,True,False,False,0,True,False,True,False,True,False,True,False,False,0,0,False,0,15,24,24,,,,False,False,False,
192,2026-08-18T21:57:44.515558,shadow,analysis_full,silero,webrtc,False,0.0005418509826995432,True,True,True,1,False,True,False,0,0.0,,,,,,,,,,,,,0.11361896673654129,0.6065255031341176,0.38331752638005656,0.0101569704770244,,,,,,,,,,,,,,False,False,temporal_v1,False,0.0009947120504890264,0.12734864300626306,2.8348967223014587,0.9177118652448752,86.39396205583645,1395.072452906492,0.06891280096545928,0.04355214127930893,0.0011540244907730672,0.0,0.0,0.08826044551658246,0.08202692864743176,0.029350359744479203,0.021069052399987843,0.31811431322149136,126.90314043825758,0.015877019686359385,0.9816319976725474,-0.0005734994382754776,1233.3333333333335,0.006134014142354563,True,0.0006888999487273395,0.08826044551658246,False,True,True,0.85,True,False,False,0,True,True,True,True,True,True,True,False,False,1,0,False,0,15,24,24,,,,False,False,False,
193,2026-08-18T21:57:44.529152,shadow,analysis_full,silero,webrtc,False,0.0016099526546895504,True,True,True,1,False,True,False,0,0.0,,,,,,,,,,,,,0.06988646634453047,0.11295029160582566,0.8206631119322021,0.06638659644766334,,,,,,,,,,,,,,False,False,temporal_v1,False,0.0007820614394800801,0.19206680584551147,3.7276285971328127,0.8076742028103748,83.74808104501012,1893.5762051481643,0.007893696752915437,0.05735324495224748,0.0046395246383675506,0.0,0.0,0.181458937871241,0.17874570119284638,0.02917616152392326,0.024108893583719496,0.3189098611157692,154.35772515948955,0.015339129560591977,0.8527442336718175,-0.0004890733382007981,2400.0,0.036012427502316674,True,0.0006888999487273395,0.181458937871241,False,True,True,0.85,True,False,False,0,True,True,True,True,True,True,True,False,False,2,0,False,0,15,24,24,,,,False,False,False,
194,2026-08-18T21:57:44.537134,shadow,analysis_full,silero,webrtc,False,0.003938326146453619,True,True,True,1,False,True,False,0,0.0,,,,,,,,,,,,,0.12689162610796456,0.049576337698998156,0.895767481473496,0.05465618081962506,,,,,,,,,,,,,,False,False,temporal_v1,False,0.00105140677310129,0.23173277661795408,3.6809363927646377,0.7517770657435743,86.01081103958272,2085.9932908092087,0.006290822107103462,0.11366539233880793,0.006935411661053167,0.0,0.0,0.24414762786383784,0.2450881467775208,0.02940311690453285,0.03227208995229996,0.3170059035972434,206.9611965207474,0.0070332157938894115,0.6976700646705185,-0.00038642019701787993,2366.666666666667,0.02919135127554625,True,0.0006888999487273395,0.24414762786383784,False,True,True,0.85,True,False,False,0,True,True,True,True,True,True,True,False,False,3,0,False,0,15,24,24,,,,False,False,False,
195,2026-08-18T21:57:44.546010,shadow,analysis_full,silero,webrtc,False,0.004410634748637676,True,True,True,1,False,True,False,0,0.0,,,,,,,,,,,,,0.12606642384875225,0.03234394410081866,0.9309503220931831,0.0367057337980659,,,,,,,,,,,,,,False,False,temporal_v1,False,0.0010473803960453368,0.24425887265135698,3.5779166538689653,0.7355733970630212,85.8829579846219,2074.6210487576045,0.004077485365954155,0.11736157788713164,0.004627360594666447,0.0,0.0,0.28893316465558905,0.2936538463460669,0.02743229724410988,0.039447812338811464,0.29163177653075895,236.77310443820784,0.00707598334617025,0.7531229842695829,-0.0004146479291195811,2300.0,0.02243955679175827,True,0.0006888999487273395,0.28893316465558905,False,True,True,0.85,True,False,False,0,True,True,True,True,True,True,True,False,False,4,0,False,0,15,24,24,,,,False,False,False,
196,2026-08-18T21:57:44.554092,shadow,analysis_full,silero,webrtc,False,0.005565893370658159,True,True,True,1,False,True,False,0,0.0,,,,,,,,,,,,,0.08697511647612749,0.07663466691413354,0.8447565239370449,0.0786088091373241,,,,,,,,,,,,,,False,False,temporal_v1,False,0.0008704192048820588,0.24634655532359082,3.6096098194923107,0.7107252330489109,84.12462943342413,2071.3730697739593,0.006665309080965998,0.07347279706339306,0.006837010330768438,0.0,0.0,0.3059285243949949,0.306542285279146,0.02734587049820779,0.044590966625455274,0.2768884488043701,260.00832052747876,0.005769072503622107,0.9037055063961699,-0.0005116098555938838,2366.666666666667,0.020357224290762966,True,0.0006888999487273395,0.3059285243949949,False,True,True,0.85,True,False,False,0,True,True,True,True,True,True,True,False,False,5,0,False,0,15,24,24,,,,False,False,False,
197,2026-08-18T21:57:44.565872,shadow,analysis_full,silero,webrtc,False,0.007100669667124748,True,True,True,1,False,True,False,0,0.0,,,,,,,,,,,,,0.07429246128072477,0.1754195381625989,0.6536925982201318,0.17088786360380903,,,,,,,,,,,,,,False,False,temporal_v1,False,0.0008043701388021494,0.2546972860125261,3.4445692406632715,0.6954893789471712,83.34422524658589,2012.3995692940284,0.013032349246827498,0.04856443204276551,0.012695679990131757,0.0,0.0,0.3092929370856799,0.29981856041098864,0.04083487574374445,0.04917190754001801,0.27260012340660056,272.50576011943906,0.009569172854550214,1.7644642253860854,-0.0010328321478275423,2500.0,0.002305698376265187,True,0.0011432892642915249,0.3092929370856799,False,True,True,0.85,True,False,False,0,True,True,True,True,True,True,True,False,False,6,0,False,0,15,24,24,,,,False,False,False,
198,2026-08-18T21:57:44.578034,shadow,analysis_full,silero,webrtc,False,0.00793928187340498,True,True,True,1,True,True,False,1,0.0,,,,,,,,,,,,,0.01284336720856973,0.24503853908950884,0.5462022442588467,0.20875921657378324,,,,,,,,,,,,,,False,True,temporal_v1,False,0.00033588697196268647,0.21920668058455114,3.9392276064918192,0.7264194456154336,75.91569788352552,2005.5171033206775,0.00314711993777803,0.007015075993161266,0.0026811712766304343,0.0,0.0,0.2882544998637777,0.2758829033145158,0.059372568468779245,0.04948688733559518,0.29524132415119364,268.79964627908464,0.008861325451467266,1.0570791386682585,-0.0006066084179278063,2666.666666666667,0.024368788588027337,True,0.0027741394005715847,0.2882544998637777,True,True,True,0.85,True,True,True,1,True,True,True,True,True,True,True,False,False,7,0,True,1,15,24,24,,,,False,False,False,
199,2026-08-18T21:57:44.597088,shadow,analysis_full,silero,webrtc,False,0.008708642795681953,True,True,True,1,True,True,False,1,0.0,,,,,,,,,,,,,0.005834582279097802,0.1825110687859929,0.5353544067599906,0.28213452428262453,,,,,,,,,,,,,,False,True,temporal_v1,False,0.00022766394926232068,0.267223382045929,4.009402428251345,0.6927881346574097,72.28623028285753,2053.1880646550408,0.0010648758476779542,0.003123569334718757,0.0016461370957010896,0.0,0.0,0.26563761571720723,0.25315067410645975,0.08444365587547442,0.05310106135838567,0.3100101520173979,258.67862839748153,0.004900689950440737,1.3389739625260246,-0.0007708029976344896,2700.0,0.012035861379569034,True,0.004174480447545648,0.26563761571720723,True,True,True,0.85,True,True,True,2,True,True,True,True,True,True,True,False,False,8,0,True,2,15,24,24,,,,False,False,False,
200,2026-08-18T21:57:44.616687,shadow,analysis_full,silero,webrtc,False,0.010154616087675095,True,True,True,1,True,True,False,1,0.0,,,,,,,,,,,,,0.006836127847972388,0.19911644037189413,0.28073706089381906,0.5201464985880051,,,,,,,,,,,,,,False,True,temporal_v1,False,0.00024710800663271045,0.267223382045929,3.9454882076627706,0.629628090889904,72.59646978701842,2203.379064221071,0.0013611854430154388,0.0019191544399341566,0.0035557879640227916,0.0,0.0,0.24235421471757904,0.25603730114850864,0.1504082537445491,0.05074786859981713,0.32861786128833487,265.56261802380317,0.00634937198067367,0.9264377503350244,-0.0005291931272953497,3000.0,0.04166486495502239,True,0.004988264059647918,0.24235421471757904,True,True,True,0.85,True,True,True,3,True,True,True,True,True,False,True,False,False,9,0,True,3,15,24,24,,,,False,False,False,
201,2026-08-18T21:57:44.628483,shadow,analysis_full,silero,webrtc,False,0.00883442722260952,True,True,True,1,True,True,False,1,0.0,,,,,,,,,,,,,0.009732739762137751,0.24556030865198886,0.5451122621838054,0.20932742906145974,,,,,,,,,,,,,,False,True,temporal_v1,False,0.00029323899841429555,0.2609603340292276,3.9252191678525348,0.6697514152367077,74.37189785735302,2123.0515729633644,0.0023899745800200307,0.005305435788985181,0.0020373293921325387,0.0,0.0,0.15596734629895342,0.211753515526335,0.1461330262593805,0.041101907076341544,0.330528209150138,213.11239369470076,0.007517658169218763,0.9884293005429576,-0.0005708673923850785,3033.3333333333335,0.03215093182998567,True,0.006333281518891454,0.15596734629895342,True,True,True,0.85,True,True,True,4,True,True,True,True,True,False,True,False,True,0,0,True,4,15,24,15,,,,False,False,False,
202,2026-08-18T21:57:44.636609,shadow,analysis_full,silero,webrtc,False,0.009629531763494015,True,True,True,1,True,True,False,1,0.0,,,,,,,,,,,,,0.01024287770881503,0.43852864475282016,0.4507807608376805,0.11069059431187056,,,,,,,,,,,,,,False,True,temporal_v1,False,0.0003126454882812548,0.17745302713987474,3.4631754171394857,0.7898673419743554,75.65002640489926,1830.3077413667918,0.004491795280015527,0.004617292206746957,0.0011337902210525467,0.0,0.0,0.1138294988547405,0.20429518075572048,0.13847634066745157,0.02958991011891757,0.19975884845188432,102.57046770897821,0.01067486320890553,0.9930956597272935,-0.0005843102567956599,2200.0,0.021952489501544388,True,0.007519975770264864,0.1138294988547405,True,True,True,0.85,True,True,True,5,True,True,True,True,True,False,True,False,True,0,0,True,5,15,24,15,,,,False,False,False,
203,2026-08-18T21:57:44.647905,shadow,analysis_full,silero,webrtc,False,0.008578186854720116,True,True,True,1,True,True,False,1,0.0,,,,,,,,,,,,,0.0010313309130550567,0.4632034522816501,0.4135636214854319,0.12323292526329702,,,,,,,,,,,,,,False,True,temporal_v1,False,0.00010403348220646177,0.18162839248434237,4.0024104210728595,0.8171354392647786,65.86332372562823,1847.3442994492436,0.0004777160393718886,0.00042652094735292636,0.00012709392533024168,0.0,0.0,0.13999175353607302,0.20685635542897055,0.13507396438837274,0.03126230738594553,0.21550261046872157,109.65342752313624,0.008976748484150303,1.1323061203332336,-0.0006661657426004758,2333.3333333333335,0.03520395554564696,True,0.008258734364062548,0.13999175353607302,True,True,True,0.85,True,True,True,6,True,True,True,True,True,False,True,False,True,0,0,True,6,15,24,15,,,,False,False,False,
204,2026-08-18T21:57:44.655493,shadow,analysis_full,silero,webrtc,False,0.007740125525742769,True,True,True,1,True,True,False,1,0.0,,,,,,,,,,,,,0.0012908202538067664,0.6052433968982281,0.3245435091475816,0.07021309317948901,,,,,,,,,,,,,,False,True,temporal_v1,False,0.00011428043057996415,0.1732776617954071,3.8840653062466144,0.8780096182636505,67.06604506916543,1621.958371342445,0.0007812604351990403,0.00041892733484921995,9.063248275850614e-05,0.0,0.0,0.17166837189783524,0.19867964299135937,0.133709662930497,0.03638561992323064,0.2166822159654538,162.0908686389334,0.005065319277464006,1.1963763929852922,-0.0006986124480962071,1933.3333333333335,0.02447967710662038,True,0.008258734364062548,0.17166837189783524,True,True,True,0.85,True,True,True,7,True,True,True,True,True,False,True,False,True,0,0,True,7,15,24,15,,,,False,False,False,
205,2026-08-18T21:57:44.675889,shadow,analysis_full,silero,webrtc,False,0.02613101154565811,True,True,True,1,True,True,False,1,0.0,,,,,,,,,,,,,0.04154011512116555,0.3741545127696169,0.48803387247006746,0.1378116147362425,,,,,,,,,,,,,,False,True,temporal_v1,False,0.000603814876848351,0.16910229645093947,4.069759559877955,0.7754002309012558,81.31965356888205,1930.6324457829182,0.015542421533553494,0.02027298324543483,0.005724710341177229,0.0,0.0,0.15487833779426277,0.15365908961981703,0.12601214663605684,0.040079157731996516,0.22098351714940634,159.8085006058196,0.006601024491019622,1.0203868233100133,-0.0005954416585140828,2466.666666666667,0.033483352869971034,True,0.008643414825201035,0.15487833779426277,True,True,True,0.85,True,True,True,8,True,True,True,True,True,True,True,False,True,0,0,True,8,15,24,15,,,,False,False,False,
206,2026-08-18T21:57:44.692044,shadow,analysis_full,silero,webrtc,False,0.010581945069134235,True,True,True,1,True,True,False,1,0.0,,,,,,,,,,,,,0.00938768142086018,0.28456027457641114,0.5090956705740982,0.206344054742968,,,,,,,,,,,,,,False,True,temporal_v1,False,0.00028897861452062667,0.24425887265135698,3.8531550963276455,0.6842353260435492,74.33599488635203,2166.9481862402204,0.0026713612027558465,0.004779227968088816,0.0019370922490155166,0.0,0.0,0.1362611475393879,0.10565367864500756,0.12029810312349883,0.03995554121160894,0.20849809490466026,168.22675769233717,0.005898332467346318,1.004125363170538,-0.0005877468260777016,3233.3333333333335,0.03462923790918718,True,0.008771535009145737,0.1362611475393879,True,True,True,0.85,True,True,True,9,True,True,True,True,True,True,True,False,True,0,0,True,9,15,24,15,,,,False,False,False,
207,2026-08-18T21:57:44.707929,shadow,analysis_full,silero,webrtc,False,0.0060220686718821526,True,True,True,1,True,True,False,1,0.0,,,,,,,,,,,,,0.020420703748920768,0.1833745014640051,0.6946672647416716,0.1219582337453534,,,,,,,,,,,,,,False,True,temporal_v1,False,0.00042391251120045114,0.2567849686847599,3.7537558924393637,0.6967033433775307,77.77054991407026,2097.7976146559567,0.003744636369502486,0.01418559441736279,0.0024904729610554935,0.0,0.0,0.13542764647213446,0.1130510515009315,0.12251813664164733,0.04013349353652385,0.16364241070433314,171.81087103495693,0.004929538456871338,1.1887010102298008,-0.0006991733671424042,2366.666666666667,0.019805213710349417,True,0.008771535009145737,0.13542764647213446,True,True,True,0.85,True,True,True,10,True,True,True,True,True,True,True,False,True,0,0,True,10,15,24,15,,,,False,False,False,
208,2026-08-18T21:57:44.716186,shadow,analysis_full,silero,webrtc,False,0.0060220686718821526,True,True,True,1,True,True,False,1,0.0,,,,,,,,,,,,,0.02094483200240634,0.49081215523406,0.4410223515879623,0.06816549313023322,,,,,,,,,,,,,,False,True,temporal_v1,False,0.0004285129447590818,0.18162839248434237,3.5441654275066767,0.8380880447737069,78.6662649772708,1743.061151191403,0.010279978136116369,0.009237139063316054,0.0014277148019739183,0.0,0.0,0.14137786917621536,0.11116884323566487,0.12851851501074443,0.04191201700652895,0.19106688906474661,186.54655327489627,0.009905278917317874,1.5516349539974703,-0.0009274627472406517,1833.3333333333335,0.00659979914181334,True,0.008771535009145737,0.14137786917621536,True,True,True,0.85,True,True,True,11,True,True,True,True,True,True,True,False,True,0,0,True,11,15,24,15,,,,False,False,False,
209,2026-08-18T21:57:44.725527,shadow,analysis_full,silero,webrtc,False,0.003928137011826038,True,True,True,1,True,True,False,1,0.0,,,,,,,,,,,,,0.013387528619625388,0.5548709762923368,0.3679459695797261,0.07718305405324064,,,,,,,,,,,,,,False,True,temporal_v1,False,0.00034340944406898073,0.16701461377870563,3.3071811422297173,0.8556708015549995,76.81995219898111,1958.9154677798194,0.00742835107531314,0.0049258871982243956,0.0010332903450878523,0.0,0.0,0.1422617856635496,0.11240738824560802,0.12773408205397296,0.040901534517773556,0.2404285522715175,184.0537218451759,0.00556243997123004,0.7924378128179614,-0.00045999406682674843,1700.0000000000002,0.04158650794871115,True,0.008706307038664818,0.1422617856635496,True,True,True,0.85,True,True,True,12,True,True,True,True,True,True,True,False,True,0,0,True,12,15,24,15,,,,False,False,False,
210,2026-08-18T21:57:44.735534,shadow,analysis_full,silero,webrtc,False,0.0029225714970380068,True,True,True,1,True,True,False,1,0.0,,,,,,,,,,,,,0.019621965864486394,0.7614865387321,0.21781122056662358,0.02070224065031316,,,,,,,,,,,,,,False,True,temporal_v1,False,0.00041435258747976605,0.12317327766179541,2.3956210045322206,0.9194621321314829,78.77470464634376,1573.6061426126214,0.014941862869267164,0.0042738843348604045,0.00040621865935882743,0.0,0.0,0.16707393889656527,0.12305081451261403,0.05693518692996745,0.042805641059823214,0.47020917982933025,194.81132934526488,0.014919248945524705,1.01231009066502,-0.000590339431061057,1166.6666666666667,0.007884598144826971,True,0.008159156190231442,0.16707393889656527,True,True,True,0.85,True,True,True,13,True,True,True,True,True,True,True,False,True,0,0,True,13,15,24,15,,,,False,False,False,
211,2026-08-18T21:57:44.745905,shadow,analysis_full,silero,webrtc,False,0.002042338950559497,True,True,True,1,True,True,False,1,0.0,,,,,,,,,,,,,0.013867023792263249,0.3567433652356727,0.6231524929753545,0.020104141716859307,,,,,,,,,,,,,,False,True,temporal_v1,False,0.00034935907020138186,0.1419624217118998,2.9732523814220557,0.8943659389871045,77.16210850649885,1444.2357527489817,0.004946968733455131,0.008641270446297398,0.0002787846115107201,0.0,0.0,0.1571578211927377,0.13133226309375598,0.05364488866521386,0.03875449866409274,0.49448785722175,218.39469190131993,0.01302181933484089,1.7046117935008722,-0.0010301767815696754,1266.6666666666667,0.0021210649830870915,True,0.006881097098812461,0.1571578211927377,True,True,True,0.85,True,True,True,14,True,True,True,True,True,True,True,False,True,0,0,True,14,15,24,15,,,,False,False,False,
212,2026-08-18T21:57:44.754226,shadow,analysis_full,silero,webrtc,False,0.0016019005561247468,True,True,True,1,True,True,False,1,0.0,,,,,,,,,,,,,0.008736202984470276,0.4385101878261198,0.5267114435825924,0.03477836847682148,,,,,,,,,,,,,,False,True,temporal_v1,False,0.00027782168805427846,0.1524008350730689,3.3811709352866868,0.8701889332361947,75.03244288454502,1601.8508043530085,0.003830914011607169,0.004601458085380891,0.00030383088648221483,0.0,0.0,0.15715797125349112,0.133163122718495,0.05628425594683651,0.03974061759810226,0.4961166935957588,228.013714415332,0.010712849643301848,1.3460244486815232,-0.0007859918269546493,1666.6666666666667,0.006896166969366166,True,0.0060220686718821526,0.15715797125349112,True,True,True,0.85,True,True,True,15,True,True,True,True,True,True,True,False,True,0,0,True,15,15,24,15,webrtc_assisted,,cooldown,False,False,False,
213,2026-08-18T21:57:44.765316,shadow,analysis_full,silero,webrtc,False,0.0012271193554624915,True,True,True,1,True,True,False,1,0.0,,,,,,,,,,,,,0.014577151785118269,0.21911594797741454,0.7071687006276309,0.07371535132635401,,,,,,,,,,,,,,False,True,temporal_v1,False,0.0003572740885288415,0.21085594989561587,3.4879249405692563,0.7787314655677341,76.75796914501055,1812.039533864889,0.0031940864322068502,0.010308505486733836,0.0010745598651775818,0.0,0.0,0.17169570940111326,0.15074990435541732,0.055137602809418026,0.04087595240257342,0.4689891446734749,227.5049415529823,0.013107815241392986,1.3903234865576373,-0.0008076842818308182,2000.0000000000002,0.0061511428480181705,True,0.0049751028418540955,0.17169570940111326,True,True,True,0.85,True,True,True,16,True,True,True,True,True,True,True,False,True,0,0,True,16,15,24,15,,,,False,False,False,
214,2026-08-18T21:57:44.776649,shadow,analysis_full,silero,webrtc,False,0.0009486845228821039,True,True,True,1,True,True,False,1,0.0,,,,,,,,,,,,,0.009914497443592624,0.43454807470297685,0.40031746346810304,0.16513446172805776,,,,,,,,,,,,,,False,True,temporal_v1,False,0.00029589690275376673,0.22338204592901878,3.283500155856044,0.7393298178280833,74.8798018891728,2167.2045697384983,0.00430832577576076,0.003968946468179991,0.0016372251986518727,0.0,0.0,0.1612849119146344,0.14399512608667414,0.06005379980166804,0.04253137896700407,0.44953008786605464,244.1996051058382,0.015859759939779495,0.8076332665612956,-0.00046542025060461586,2533.3333333333335,0.03760800263427727,True,0.0034253542544320226,0.1612849119146344,True,True,True,0.85,True,True,True,17,True,True,True,True,True,True,True,False,True,0,0,True,17,15,24,15,,,,False,False,False,
215,2026-08-18T21:57:44.787226,shadow,analysis_full,silero,webrtc,False,0.0007002267520874739,True,True,True,1,False,True,False,0,0.0,,,,,,,,,,,,,0.009848970996031369,0.34016091704710466,0.30045634241689156,0.35938274043447027,,,,,,,,,,,,,,False,True,temporal_v1,False,0.00029492259337558703,0.24217118997912318,3.4772275845811613,0.6888071465352137,74.5436459085668,2045.3732755255749,0.0033502350059803664,0.0029591858020376343,0.0035395501870133673,0.0,0.0,0.1623554350748152,0.15575582880247793,0.10014425422846195,0.045022850473722564,0.39356248392815885,250.35417919620076,0.006664335447528374,1.140262840281122,-0.0006683395424284259,2633.3333333333335,0.01582742344143889,True,0.002482455223798752,0.1623554350748152,False,True,True,0.85,True,False,False,0,True,True,True,True,True,True,True,False,True,0,0,False,0,15,24,15,,,,False,False,False,
216,2026-08-18T21:57:44.798657,shadow,analysis_full,silero,webrtc,False,0.0005097343819215894,True,True,True,1,False,True,False,0,0.0,,,,,,,,,,,,,0.004434684325826313,0.2639230772985572,0.12430256036115911,0.6117743621147884,,,,,,,,,,,,,,False,True,temporal_v1,False,0.00019983541117249906,0.2797494780793319,3.7284877479701253,0.6206861822722259,70.65162168562722,2101.6833721342036,0.0011704155341197581,0.0005512426160937115,0.0027130261746128436,0.0,0.0,0.16401396083058442,0.18776838598640114,0.17958220184892534,0.0499458172870073,0.3789953489201909,243.03988786606678,0.009475597288875166,1.0944517781128147,-0.0006405326403216981,3033.3333333333335,0.02016970580525243,True,0.0018221197533421218,0.16401396083058442,False,True,True,0.85,True,False,False,0,True,True,True,True,True,False,True,False,True,0,0,False,0,15,24,15,,,,False,False,False,
217,2026-08-18T21:57:44.814366,shadow,analysis_full,silero,webrtc,False,0.00045772394514642656,True,True,True,1,False,True,False,0,0.0,,,,,,,,,,,,,0.001982720048975016,0.5039354328426726,0.1244617244207202,0.3716028422322496,,,,,,,,,,,,,,False,True,temporal_v1,False,0.0001373928372035313,0.24425887265135698,3.8798144804656935,0.7354781730800308,68.00698231311988,1872.852792634479,0.0009991628860860698,0.00024677275633896534,0.0007367844055499812,0.0,0.0,0.1482612617221688,0.18845973789236595,0.19024871766931342,0.04859235582789529,0.39455019436586397,229.52156471226127,0.007433306906210863,1.4090005322195784,-0.0008432169097725166,3133.3333333333335,0.011957686532766685,True,0.0014145099557936192,0.1482612617221688,False,True,True,0.85,True,False,False,0,True,True,True,True,True,False,True,False,True,0,0,False,0,15,24,15,,,,False,False,False,
218,2026-08-18T21:57:44.828994,shadow,analysis_full,silero,webrtc,False,0.00042455364018678665,True,True,True,1,False,True,False,0,0.0,,,,,,,,,,,,,0.001169742924190573,0.685071188077549,0.162167495490809,0.15276131557675324,,,,,,,,,,,,,,False,False,temporal_v1,False,0.00010731042917661269,0.1732776617954071,3.672781071022679,0.8543914313677671,66.3524735851924,1668.5301897786956,0.0008013571748205421,0.00018969428038408047,0.00017869146798595026,0.0,0.0,0.165804973624721,0.1982377296430732,0.18692834537664108,0.04891418670766587,0.40281549663266913,233.4674551266235,0.006545595862505732,1.852405839997878,-0.001133344670965344,2500.0,0.004831840107977896,True,0.0010879019391722977,0.165804973624721,False,True,True,0.85,True,False,False,0,True,True,True,True,True,False,True,False,True,0,0,False,0,15,24,15,,,,False,False,False,
219,2026-08-18T21:57:44.847706,shadow,analysis_full,silero,webrtc,False,0.0003537788870744407,True,True,True,1,False,True,False,0,0.0,,,,,,,,,,,,,0.0006491947766237485,0.7974511625822629,0.12194007910388896,0.08060875677347834,,,,,,,,,,,,,,False,False,temporal_v1,False,8.257459287912391e-05,0.13569937369519833,3.2565959103298643,0.8987947569301072,64.00220840124587,1641.5437354365265,0.0005177011293609407,7.916286241533141e-05,5.233078384747634e-05,0.0,0.0,0.19388684691120625,0.2100715575619358,0.18672666707955168,0.05158773293061081,0.4037472004922788,234.6242791637366,0.0051345223974971115,1.1230114085352518,-0.0006647300227323427,1566.6666666666667,0.01912366844214665,True,0.0008244556374847889,0.19388684691120625,False,True,True,0.85,True,False,False,0,True,True,True,True,True,False,True,False,True,0,0,False,0,15,24,15,,,,False,False,False,
220,2026-08-18T21:57:44.862868,shadow,analysis_full,silero,webrtc,False,0.00038033496821299195,True,True,False,1,False,True,False,0,0.0,,,,,,,,,,,,,0.00048987006049806,0.7368403910261737,0.19940846855850036,0.06375113837396834,,,,,,,,,,,,,,False,False,temporal_v1,False,7.342054943874291e-05,0.18997912317327767,3.5899277575544946,0.8896010067059099,62.73467606931513,1707.8445914997264,0.0003609560469294059,9.768423855657806e-05,3.122977401207607e-05,0.0,0.0,0.19041988559168377,0.21113166479892423,0.1832597724120441,0.04619631840249002,0.2501036480622307,225.35090359812966,0.005675316655956217,0.9485624607178494,-0.0005476206057249505,1733.3333333333335,0.03370274721079933,True,0.0006049805670045316,0.19041988559168377,False,True,True,0.85,True,False,False,0,True,False,True,False,True,False,True,False,True,0,1,False,0,15,24,15,,,,False,False,False,
221,2026-08-18T21:57:44.874051,shadow,analysis_full,silero,webrtc,False,0.000333520962158218,True,True,False,1,False,True,False,0,0.0,,,,,,,,,,,,,0.0003646407560691325,0.7003604724006294,0.17436283930384747,0.12527668555309796,,,,,,,,,,,,,,False,False,temporal_v1,False,6.69386573504136e-05,0.1544885177453027,3.8499112452560027,0.8663558750682155,61.61136473985466,1671.577894443427,0.0002553799721771003,6.357979755411559e-05,4.56809853379166e-05,0.0,0.0,0.19641419477111355,0.19053066268027846,0.17588427365888246,0.04477045103962506,0.20996664745578889,197.41179475296673,0.005446736568363219,1.4194803431065377,-0.0008510716530029617,2100.0,0.015151030264419588,True,0.00048372916353400797,0.19641419477111355,False,True,True,0.85,True,False,False,0,True,False,True,False,True,False,True,False,True,0,2,False,0,15,24,15,,,,False,False,False,
222,2026-08-18T21:57:44.885680,shadow,analysis_full,silero,webrtc,False,0.0003112855483777821,True,True,False,1,False,True,False,0,0.0,,,,,,,,,,,,,0.0005213903474540764,0.81867674594409,0.11742230132367432,0.06390095081428679,,,,,,,,,,,,,,False,False,temporal_v1,False,7.634672927634696e-05,0.1127348643006263,3.0489808230890305,0.9200041963683492,63.29337153036831,1567.2008373693432,0.00042685015302036173,6.122285448600781e-05,3.3317338947706836e-05,0.0,0.0,0.2144735167634078,0.1775424000275234,0.17328208752312405,0.05028499112258738,0.25680215044879334,201.6282767334764,0.005717339171219762,1.3102790555347326,-0.0007877212482170321,1066.6666666666667,0.012298142478740542,True,0.0004411387926666066,0.2144735167634078,False,True,True,0.85,True,False,False,0,True,False,True,False,True,False,True,False,True,0,3,False,0,15,24,15,,,,False,False,False,
223,2026-08-18T21:57:44.903645,shadow,analysis_full,silero,webrtc,False,0.000327657995512709,True,True,False,1,False,True,False,0,0.0,,,,,,,,,,,,,0.00018881129434870862,0.6343207283509978,0.26138031714332477,0.10429894920938407,,,,,,,,,,,,,,False,False,temporal_v1,False,5.4502554492001076e-05,0.13778705636743216,3.829073143318508,0.8685105092285984,59.150912683519024,1747.4876850636174,0.0001197669177521675,4.93515559971071e-05,1.9692819599434027e-05,0.0,0.0,0.18449070325441688,0.08966860632289013,0.17116330905202526,0.05293047589797646,0.2715152038088991,202.98735104550403,0.007390662632164989,1.002797613475165,-0.0005999218477478309,1933.3333333333335,0.043678662667352514,True,0.0004024443041998893,0.18449070325441688,False,True,True,0.85,True,False,False,0,True,False,True,False,True,False,True,False,True,0,4,False,0,15,24,15,,,,False,False,False,
224,2026-08-18T21:57:44.920394,shadow,analysis_full,silero,webrtc,False,0.000327657995512709,True,True,False,1,False,True,False,0,0.0,,,,,,,,,,,,,0.00036371262244570243,0.7714153055099505,0.17119854406129406,0.05738614767933196,,,,,,,,,,,,,,False,False,temporal_v1,False,6.699754012335393e-05,0.1336116910229645,3.4855800099066507,0.905249738494194,61.811386452451416,1578.0398041482288,0.00028057348376177684,6.22670714194194e-05,2.0872066264506187e-05,0.0,0.0,0.1835037974223941,0.05935150285632194,0.17693314913069902,0.05399959821684819,0.25720591484217287,177.28383646139739,0.0035886891924097634,1.2586272411268116,-0.0007591062841380073,1500.0,0.01812718955602757,True,0.00036705692764371634,0.1835037974223941,False,True,True,0.85,True,False,False,0,True,False,True,False,True,False,True,False,True,0,5,False,0,15,24,15,,,,False,False,False,
225,2026-08-18T21:57:44.940882,shadow,analysis_full,silero,webrtc,False,0.00027093393146060407,True,True,False,1,False,True,False,0,0.0,,,,,,,,,,,,,0.0003024219490929121,0.7553671056742706,0.17152324446426698,0.07310964655482403,,,,,,,,,,,,,,False,False,temporal_v1,False,6.213309223405356e-05,0.162839248434238,3.600374152317033,0.8949132471780886,60.89972967752054,1630.7782777884543,0.0002284395923786846,5.187239390562367e-05,2.210996180860379e-05,0.0,0.0,0.15974357858990737,0.04244941795496537,0.17176335840739407,0.050019064448330354,0.25483967000660995,152.49393315945179,0.0033979397812050733,1.4179812019680855,-0.0008497395848386516,1700.0000000000002,0.013484510307563742,True,0.00034364992461632937,0.15974357858990737,False,True,True,0.85,True,False,False,0,True,False,True,False,True,False,True,False,True,0,6,False,0,15,24,15,,,,False,False,False,
226,2026-08-18T21:57:44.958582,shadow,analysis_full,silero,webrtc,False,0.0002678308810573071,True,True,False,1,False,True,False,0,0.0,,,,,,,,,,,,,0.00029359335359672035,0.5553723267624583,0.3906135603076155,0.05401410952385475,,,,,,,,,,,,,,False,False,temporal_v1,False,6.16413884260587e-05,0.1649269311064718,3.47532688958855,0.8560178884937133,60.613536849557555,1655.8918256953089,0.00016305362390900372,0.00011468154513106761,1.5858183556649067e-05,0.0,0.0,0.09840191344576744,0.07831693048566202,0.0909415906398203,0.034989088242497086,0.25280371176487487,83.65862899224035,0.007979330793670115,1.2537335549416626,-0.0007541844900543423,2033.3333333333335,0.01677149031723835,True,0.0003305894788354635,0.09840191344576744,False,True,True,0.85,True,False,False,0,True,False,True,False,True,False,True,False,True,0,7,False,0,15,24,15,,,,False,False,False,
227,2026-08-18T21:57:44.970103,shadow,analysis_full,silero,webrtc,False,0.00025001459289342165,True,True,False,1,False,True,False,0,0.0,,,,,,,,,,,,,0.00045445321930944155,0.587334279471937,0.3037882962623835,0.10887742206523306,,,,,,,,,,,,,,False,False,temporal_v1,False,7.38210693704344e-05,0.18580375782881003,3.9868246112295913,0.8584360272936069,62.63792478204132,1718.4617871306925,0.000266915954116813,0.00013805756922497057,4.947969496765799e-05,0.0,0.0,0.08430486604653865,0.08183529345176917,0.031338294350490375,0.023620355808124563,0.2675740638539529,54.85652646367783,0.006399366359865391,1.181935900850167,-0.0006988348779426024,2100.0,0.030687571810121973,True,0.000327657995512709,0.08430486604653865,False,True,True,0.85,True,False,False,0,True,False,True,False,True,False,True,False,True,0,8,False,0,15,24,15,,,,False,False,False,
228,2026-08-18T21:57:44.980690,shadow,analysis_full,silero,webrtc,False,0.00030456887907348573,True,True,False,1,False,True,False,0,0.0,,,,,,,,,,,,,0.0004993835078088613,0.6997439852710354,0.22137548663789122,0.07888052608860445,,,,,,,,,,,,,,False,False,temporal_v1,False,7.47236917407953e-05,0.1649269311064718,3.848337959352145,0.8881346510189199,62.91433022045386,1589.9357137020975,0.00034944060593280183,0.00011055126706012382,3.9391633815935685e-05,0.0,0.0,0.08408620845362497,0.08048057906535314,0.022854039960974206,0.023105469827595055,0.2786460256733058,58.40562989329776,0.003126237368422374,1.4083528908503173,-0.0008452881952110623,1666.6666666666667,0.016637694527089335,True,0.00031947177194524556,0.08408620845362497,False,True,True,0.85,True,False,False,0,True,False,True,False,True,False,True,False,True,0,9,False,0,15,24,15,,,,False,False,False,
229,2026-08-18T21:57:44.990344,shadow,analysis_full,silero,webrtc,False,0.00025299543631263077,True,True,False,1,False,True,False,0,0.0,,,,,,,,,,,,,0.0008070426445451056,0.675610676216229,0.2640203977478416,0.06036892479683749,,,,,,,,,,,,,,False,False,temporal_v1,False,9.24886333692594e-05,0.13569937369519833,3.8885199058845297,0.8978952635836883,65.13149445045,1546.0702948148055,0.0005452466268164525,0.0002130757200122687,4.8720296716384326e-05,0.0,0.0,0.07855228991020252,0.07548384242163263,0.023681251810904684,0.023105469827595055,0.2656114342063771,66.40620755657051,0.0024146168888161852,1.4146539833287808,-0.0008521318779314007,1566.6666666666667,0.01724105303560273,True,0.0003079272137256339,0.07855228991020252,False,True,True,0.85,True,False,False,0,True,False,True,False,True,False,True,False,False,0,0,False,0,15,24,24,,,,False,False,False,
230,2026-08-18T21:57:45.013728,shadow,analysis_full,silero,webrtc,False,0.00024496414698660374,True,True,False,1,False,True,False,0,0.0,,,,,,,,,,,,,0.0006425659292680555,0.6813602077478849,0.25629959904259425,0.06234019165326032,,,,,,,,,,,,,,False,False,temporal_v1,False,8.376025010050126e-05,0.18162839248434237,3.8668592773940262,0.8897822608973518,64.10323572515443,1573.82648340811,0.000437818855057795,0.0001646893900298346,4.005768318042589e-05,0.0,0.0,0.07724394390977883,0.07529519506549189,0.023775619851099748,0.021920668058455113,0.2712098198420612,65.14137701354217,0.002597829265398637,1.634456437571581,-0.0009904731995094736,1733.3333333333335,0.010389579787477274,True,0.0002877514052670449,0.07724394390977883,False,True,True,0.85,True,False,False,0,True,False,True,False,True,False,True,False,False,0,0,False,0,15,24,24,,,,False,False,False,
231,2026-08-18T21:57:45.036251,shadow,analysis_full,silero,webrtc,False,0.00022964591335039586,True,True,False,1,False,True,False,0,0.0,,,,,,,,,,,,,0.0006923280489215986,0.734967207593216,0.20341359695169137,0.06161919401069075,,,,,,,,,,,,,,False,False,temporal_v1,False,8.520892010342444e-05,0.1544885177453027,3.731530163804833,0.8981746932726359,64.31716627915317,1546.497728314547,0.0005088384128543668,0.00014082893870168893,4.266069636554298e-05,0.0,0.0,0.07848737230273928,0.07350835138353194,0.018407730945820596,0.021920668058455113,0.2664246348625073,67.52394093698389,0.003205756250910828,1.3425818743556261,-0.0008044740558483496,1500.0,0.014733056927230183,True,0.0002693824062589556,0.07848737230273928,False,True,True,0.85,True,False,False,0,True,False,True,False,True,False,True,False,False,0,0,False,0,15,24,24,,,,False,False,False,
232,2026-08-18T21:57:45.056492,shadow,analysis_full,silero,webrtc,False,0.00020138092804700136,True,True,False,1,False,True,False,0,0.0,,,,,,,,,,,,,0.0005221920518853495,0.6972915568619475,0.23174867754596307,0.07095976367708515,,,,,,,,,,,,,,False,False,temporal_v1,False,7.637666690511964e-05,0.17118997912317327,3.8217311779690166,0.8885623637906506,63.146905237716766,1596.0719674756645,0.00036412010884007026,0.00012101731744944268,3.705462459583659e-05,0.0,0.0,0.06630887755500685,0.0621783361760758,0.018199394205143625,0.017666532774981234,0.16672541362874072,66.0005952362725,0.0024959164748882953,1.5994504853682423,-0.0009672090059579679,1733.3333333333335,0.01062587262802796,True,0.00026041315868496895,0.06630887755500685,False,True,True,0.85,True,False,False,0,True,False,True,False,True,False,True,False,False,0,0,False,0,15,24,24,,,,False,False,False,
233,2026-08-18T21:57:45.065452,shadow,analysis_full,silero,webrtc,False,0.00022811355302110314,True,True,False,1,False,True,False,0,0.0,,,,,,,,,,,,,0.0007855433146544945,0.7441057117515055,0.1995660306287287,0.05632825634676143,,,,,,,,,,,,,,False,False,temporal_v1,False,9.245582356199922e-05,0.15866388308977036,3.7196333670118573,0.9039071654370443,65.15700064831545,1546.5934706458254,0.0005845272672626195,0.00015676776119253192,4.4248285199343045e-05,0.0,0.0,0.06704088297602268,0.06355220563048039,0.015486056638371349,0.016172467980680016,0.16498276658179153,52.89591597587758,0.003299767645775297,1.33472718281277,-0.0007959558303941031,1466.6666666666667,0.01618813758917789,True,0.0002515050146030262,0.06704088297602268,False,True,True,0.85,True,False,False,0,True,False,True,False,True,False,True,False,False,0,0,False,0,15,24,24,,,,False,False,False,
234,2026-08-18T21:57:45.074378,shadow,analysis_full,silero,webrtc,False,0.0001978228538064286,True,True,False,1,False,True,False,0,0.0,,,,,,,,,,,,,0.00044089622466378625,0.7371447187172665,0.19314397719160847,0.06971130182301773,,,,,,,,,,,,,,False,False,temporal_v1,False,7.1483764660272e-05,0.15031315240083507,3.7550195246922398,0.885609051661976,62.42826925149718,1682.0964529761472,0.00032500432351329145,8.515645036032862e-05,3.0735449790166236e-05,0.0,0.0,0.06359176753499819,0.061435375701418056,0.01504555955454843,0.013925015570482084,0.14110189482053181,57.90138093076287,0.003794779952886192,0.9875723906781189,-0.0005874415168818715,1733.3333333333335,0.03886119442511182,True,0.0002474893699400127,0.06359176753499819,False,True,True,0.85,True,False,False,0,True,False,True,False,True,False,True,False,False,0,0,False,0,15,24,24,,,,False,False,False,
235,2026-08-18T21:57:45.082836,shadow,analysis_full,silero,webrtc,False,0.00021684444800484926,True,True,False,1,False,True,False,0,0.0,,,,,,,,,,,,,0.0015800145680234241,0.7308849579915914,0.20364670626379283,0.06546833511171037,,,,,,,,,,,,,,False,False,temporal_v1,False,0.0001275081137430186,0.15031315240083507,3.838764872396965,0.8998714932109781,68.19425316764344,1579.127935424076,0.0011548088811759027,0.00032176476262677975,0.00010344092322074182,0.0,0.0,0.06133733366135509,0.058347516967459184,0.015043013713969945,0.014441272321938425,0.13024925917341004,57.99824470659572,0.0025563945475653837,1.2776782360135226,-0.0007602402227487906,1500.0,0.024111152733300573,True,0.0002373050301684998,0.06133733366135509,False,True,True,0.85,True,False,False,0,True,False,True,False,True,False,True,False,False,0,0,False,0,15,24,24,,,,False,False,False,
236,2026-08-18T21:57:45.092919,shadow,analysis_full,silero,webrtc,False,0.00018454385281074792,True,True,False,1,False,True,False,0,0.0,,,,,,,,,,,,,0.00021199648157656502,0.6997271514154254,0.21511117397625187,0.08516166989126338,,,,,,,,,,,,,,False,False,temporal_v1,False,5.4467246798796025e-05,0.15866388308977036,3.7083462450141718,0.8692931888269128,59.146613039971754,1769.8722707850318,0.00014833969416366255,4.5602812030769755e-05,1.805397438213273e-05,0.0,0.0,0.043738950104719586,0.0335746826021315,0.014870940553847647,0.01442768479596743,0.08387503283194467,75.6857699205453,0.003217088760229033,1.0302958972897396,-0.0006121330347211087,1933.3333333333335,0.03311023987094196,True,0.0002288797331857495,0.043738950104719586,False,True,False,0.85,True,False,False,0,True,False,True,False,True,False,True,False,False,0,0,False,0,15,24,24,,,,False,False,False,
237,2026-08-18T21:57:45.102973,shadow,analysis_full,silero,webrtc,False,0.00018881743017118424,True,True,False,1,False,True,False,0,0.0,,,,,,,,,,,,,0.00045449634389316685,0.63493886811412,0.2686918614393098,0.09636926824633246,,,,,,,,,,,,,,False,False,temporal_v1,False,7.16022029750644e-05,0.16910229645093947,3.8826549799826977,0.8688611202178501,62.36309351415957,1680.2049143849458,0.0002885773941535332,0.00012211946865801568,4.3799480081617965e-05,0.0,0.0,0.032490540654482994,0.026732770373770812,0.011954115671590201,0.012287214170824352,0.06681534503593503,71.18516364413655,0.0038040163469400196,1.3293516165814852,-0.0007969355597695889,1966.6666666666667,0.020227082205399344,True,0.0002224790005129762,0.032490540654482994,False,True,False,0.85,True,False,False,0,True,False,True,False,True,False,True,False,False,0,0,False,0,15,24,24,,,,False,False,False,
238,2026-08-18T21:57:45.123052,shadow,analysis_full,silero,webrtc,False,0.00017312764248345047,True,True,False,1,False,True,False,0,0.0,,,,,,,,,,,,,0.00034351235101468696,0.6776289810426334,0.23434195043889638,0.08802906560736667,,,,,,,,,,,,,,False,False,temporal_v1,False,6.533275991861782e-05,0.15866388308977036,3.644441221734923,0.8878359811015559,61.44376855993638,1614.692029970875,0.00023277392439364174,8.049935433663255e-05,3.023907128441265e-05,0.0,0.0,0.03341567740486369,0.026805845798829667,0.012859374812881278,0.012153469376056688,0.08053026726121604,70.83815565458478,0.0035797536483918283,1.376089078536172,-0.0008338668824075941,1766.6666666666667,0.016036587775475963,True,0.0002091126880259253,0.03341567740486369,False,True,False,0.85,True,False,False,0,True,False,True,False,True,False,True,False,False,0,0,False,0,15,24,24,,,,False,False,False,
239,2026-08-18T21:57:45.141847,shadow,analysis_full,silero,webrtc,False,0.00018170928524341434,True,True,False,1,False,True,False,0,0.0,,,,,,,,,,,,,0.00033409876075780323,0.6794926229902032,0.2428846571961146,0.07762271682055535,,,,,,,,,,,,,,False,False,temporal_v1,False,6.544754729330835e-05,0.14822546972860126,3.7703853040449036,0.8914893983597671,61.481871912219425,1617.8423256617666,0.00022701764328509607,8.114746297630574e-05,2.5933653496401433e-05,0.0,0.0,0.03313559400812397,0.024540999298867546,0.012380523288844652,0.010186950228606138,0.07289039631489737,67.18380945020894,0.005317232460788972,1.733749810886917,-0.0010514330453196277,1566.6666666666667,0.007678082572915276,True,0.000199601890926715,0.03313559400812397,False,True,False,0.85,True,False,False,0,True,False,True,False,True,False,True,False,False,0,0,False,0,15,24,24,,,,False,False,False,
240,2026-08-18T21:57:45.152543,shadow,analysis_full,silero,webrtc,False,0.00018170928524341434,True,True,False,1,False,True,False,0,0.0,,,,,,,,,,,,,0.00012340052832519313,0.418415140338268,0.3325158602715077,0.24906899128653126,,,,,,,,,,,,,,False,False,temporal_v1,False,4.8261179969709726e-05,0.22129436325678498,4.197095824036286,0.7627250295569988,56.87396287391763,1975.6276713791647,5.16326493770021e-05,4.1032632834010146e-05,3.073524511418088e-05,0.0,0.0,0.0916137391637699,0.040049053220200664,0.05366363567357571,0.020395281405962112,0.14582646437981403,123.60532549979239,0.006007889508431406,1.068344092149959,-0.000642248850351172,3100.0,0.05157563553296841,True,0.00019332014198880643,0.0916137391637699,False,True,True,0.85,True,False,False,0,True,False,True,False,True,False,True,False,False,0,0,False,0,15,24,24,,,,False,False,False,
241,2026-08-18T21:57:45.178908,shadow,analysis_full,silero,webrtc,False,0.00016955619503278285,True,True,False,1,False,True,False,0,0.0,,,,,,,,,,,,,0.0014199434498801105,0.44716733457696206,0.36002977365420225,0.19280289106458226,,,,,,,,,,,,,,False,False,temporal_v1,False,0.00011755822541591007,0.18162839248434237,4.194361658126418,0.7609889885310557,66.71090612201556,2185.3744331039848,0.0006349523277329051,0.0005112219188621032,0.00027376920228510207,0.0,0.0,0.11145588867677023,0.05385369828412393,0.06025469972515915,0.020739632715725854,0.18320000390581004,193.39070859566013,0.004760504247257741,0.7090105986318319,-0.0004151029890884069,2666.666666666667,0.11529463167712205,True,0.00018668064149096608,0.11145588867677023,False,True,True,0.85,True,False,False,0,True,False,True,False,True,False,True,False,False,0,0,False,0,15,24,24,,,,False,False,False,
242,2026-08-18T21:57:45.194153,shadow,analysis_full,silero,webrtc,False,0.0011973035288974643,True,True,True,1,False,True,False,0,0.0,,,,,,,,,,,,,0.011002978110119964,0.3354312411599701,0.616739853068729,0.04782890568041626,,,,,,,,,,,,,,False,False,temporal_v1,False,0.00031128816138330495,0.22964509394572025,3.464550225428053,0.7900549468505967,75.61291320785698,1757.3426629241676,0.0036907426039335216,0.006785975102953828,0.0005262604022326125,0.0,0.0,0.14333314642624112,0.12237481477366602,0.06194321859792649,0.028087673672262482,0.2174750485339823,188.6539084228747,0.007494517356052943,1.4563201705753663,-0.0008644943439382337,2000.0000000000002,0.00856507674534443,True,0.00018668064149096608,0.14333314642624112,False,True,True,0.85,True,False,False,0,True,True,True,True,True,False,True,False,False,1,0,False,0,15,24,24,,,,False,False,False,
243,2026-08-18T21:57:45.203858,shadow,analysis_full,silero,webrtc,False,0.0007221072446554899,True,True,True,1,False,True,False,0,0.0,,,,,,,,,,,,,0.005738842927358653,0.1948863154115634,0.7028089128696349,0.1023047715445504,,,,,,,,,,,,,,False,False,temporal_v1,False,0.00022582033384245637,0.23799582463465555,3.762161807808243,0.7358244886321476,72.47556017637521,1945.1039671827225,0.0011184219528386382,0.004033309958906528,0.0005871110146134857,0.0,0.0,0.18170223242608813,0.17029913101031607,0.05999605198835935,0.03366610825938732,0.2159294756053898,185.46809489897274,0.008033443475299534,1.2388824873553779,-0.0007178205207811833,2133.3333333333335,0.013534494845810877,True,0.00018668064149096608,0.18170223242608813,False,True,True,0.85,True,False,False,0,True,True,True,True,True,False,True,False,False,2,0,False,0,15,24,24,,,,False,False,False,
244,2026-08-18T21:57:45.222865,shadow,analysis_full,silero,webrtc,False,0.0005306255770847201,True,True,True,1,False,True,False,0,0.0,,,,,,,,,,,,,0.004915381054362624,0.22778967581176,0.6110062249025958,0.1612040990822011,,,,,,,,,,,,,,False,False,temporal_v1,False,0.0002097458903218606,0.2254697286012526,3.9750699884585474,0.7150120505528235,71.69563471520911,2073.1048113138613,0.001119673056864529,0.003003328421983848,0.0007923795745142465,0.0,0.0,0.19459832598567645,0.18081732133170758,0.06051931931387309,0.0344492945233675,0.21919279873926645,201.10968192379283,0.005599746684298157,1.012253839086528,-0.0005917678763252752,2500.0,0.038521750319973604,True,0.00018668064149096608,0.19459832598567645,False,True,True,0.85,True,False,False,0,True,True,True,True,True,False,True,False,False,3,0,False,0,15,24,24,,,,False,False,False,
245,2026-08-18T21:57:45.240603,shadow,analysis_full,silero,webrtc,False,0.0003208964189980179,True,True,True,1,False,True,False,0,0.0,,,,,,,,,,,,,0.006096521701320212,0.11659309039440943,0.2692611801711442,0.6141457292704183,,,,,,,,,,,,,,False,False,temporal_v1,False,0.00023300449074677886,0.2881002087682672,3.1572271355002357,0.6374779231548626,72.13071292193283,2205.950126581883,0.0007108123058135063,0.0016415566282364721,0.0037441527662702328,0.0,0.0,0.20984247063267708,0.17545412919211983,0.15857924894390743,0.04305943568188218,0.30088860478836343,213.61474170554777,0.013075638496543836,1.2434200364967645,-0.0007208039840940496,2600.0,0.010847788441926522,True,0.00018668064149096608,0.20984247063267708,False,True,True,0.85,True,False,False,0,True,True,True,True,True,False,True,False,False,4,0,False,0,15,24,24,,,,False,False,False,
246,2026-08-18T21:57:45.257065,shadow,analysis_full,silero,webrtc,False,0.00028234990895725787,True,True,True,1,False,True,False,0,0.0,,,,,,,,,,,,,0.005710013049544079,0.04760086010996533,0.20466029602907723,0.7477388436858263,,,,,,,,,,,,,,False,False,temporal_v1,False,0.00022563649172343287,0.31315240083507306,3.4919154694416226,0.6146189077140315,71.68783705131585,2435.6029637294787,0.0002718015323974242,0.0011686129610495853,0.0042695985550970685,0.0,0.0,0.2210234013877065,0.17649302444092652,0.23070132992960654,0.051641775387404686,0.31250950148577,265.5589173950288,0.008888931980082431,1.3031262166158266,-0.0007640421513300184,3200.0,0.009699088326719412,True,0.00023558366956422105,0.2210234013877065,False,True,True,0.85,True,False,False,0,True,True,True,True,True,False,True,False,False,5,0,False,0,15,24,24,,,,False,False,False,
247,2026-08-18T21:57:45.270422,shadow,analysis_full,silero,webrtc,False,0.0002608605718705803,True,True,True,1,False,True,False,0,0.0,,,,,,,,,,,,,0.007363837336751737,0.03965123539182597,0.1400641855155668,0.8202845789568084,,,,,,,,,,,,,,False,False,temporal_v1,False,0.000255562992785503,0.31315240083507306,3.2603015630144285,0.7441774908266571,73.61805484580275,2449.4921167816947,0.00029198524762666,0.0010314098788412527,0.006040442209283824,0.0,0.0,0.22394918081047652,0.18871346835072778,0.2827082283171577,0.05608061257747244,0.3413295437618319,287.0795217435408,0.005444498061728627,1.1643615040963071,-0.0006823136188225555,2933.3333333333335,0.009987958161389305,True,0.0002716052404139191,0.22394918081047652,False,True,True,0.85,True,False,False,0,True,True,True,True,True,False,True,False,False,6,0,False,0,15,24,24,,,,False,False,False,
248,2026-08-18T21:57:45.285100,shadow,analysis_full,silero,webrtc,False,0.00019185413839295506,True,True,True,1,False,True,False,0,0.0,,,,,,,,,,,,,0.008087068758692985,0.08398251325930525,0.3880252334340387,0.5279922531830018,,,,,,,,,,,,,,False,False,temporal_v1,False,0.0002675151911042488,0.3068893528183716,3.3542248883424124,0.6961947244069869,73.73187699705112,2386.2241547801004,0.0006791723592558469,0.003137986742888967,0.00426990965554817,0.0,0.0,0.19805928044568327,0.18309771935788735,0.2789339536658354,0.05437161008077219,0.3561350438850415,269.2929616689843,0.007175276788451496,0.8197180146755627,-0.0004736796503516834,2600.0,0.02808099374129895,True,0.0002716052404139191,0.19805928044568327,False,True,True,0.85,True,False,False,0,True,True,True,True,True,False,True,False,False,7,0,False,0,15,24,24,,,,False,False,False,
249,2026-08-18T21:57:45.298519,shadow,analysis_full,silero,webrtc,False,0.0002231923717772588,True,True,True,1,False,True,False,0,0.0,,,,,,,,,,,,,0.010759428223761091,0.08107033845457864,0.6220928667717515,0.29683679468072816,,,,,,,,,,,,,,False,False,temporal_v1,False,0.00030833310140780787,0.302713987473904,3.581401300104448,0.591631147654384,74.27504325044256,2389.6305300923063,0.0008722704876780575,0.006693363548544431,0.0031937941865386025,0.0,0.0,0.14540621236306062,0.1885521834699897,0.26458943348697694,0.045454466210495655,0.35493304445762747,226.30584152895622,0.006169614076049785,0.913042401944906,-0.000518701478807518,2700.0,0.021030801737875495,True,0.0002716052404139191,0.14540621236306062,False,True,True,0.85,True,False,False,0,True,True,True,True,True,False,True,False,False,8,0,False,0,15,24,24,,,,False,False,False,
250,2026-08-18T21:57:45.317377,shadow,analysis_full,silero,webrtc,False,0.0002715494192671031,True,True,True,1,False,True,False,0,0.0,,,,,,,,,,,,,0.019794303173610292,0.25621887392524256,0.6236674208858153,0.12011370513842261,,,,,,,,,,,,,,False,False,temporal_v1,False,0.00041697491212344277,0.22964509394572025,3.6726786028850276,0.7093788432603494,77.7046157425273,2132.8015255442942,0.005071674069277284,0.012345062008517439,0.0023775670948155696,0.0,0.0,0.1280678895313007,0.1944532214297342,0.2734564704593405,0.04477045103962506,0.30446732539232685,216.80038429740196,0.008745906335929664,0.9457406081128037,-0.0005474020180215371,2400.0,0.02990880713863028,True,0.00027694966411218047,0.1280678895313007,False,True,True,0.85,True,False,False,0,True,True,True,True,True,False,True,False,False,9,0,False,0,15,24,24,,,,False,False,False,
251,2026-08-18T21:57:45.334008,shadow,analysis_full,silero,webrtc,False,0.0003112611884716898,True,True,True,1,False,True,False,0,0.0,,,,,,,,,,,,,0.028504431262010896,0.5884082697482221,0.3362511374038165,0.07534059281287916,,,,,,,,,,,,,,False,False,temporal_v1,False,0.0004992597476145204,0.16701461377870563,2.895500645926163,0.8372844225142471,79.99553624147411,1873.0600924959524,0.016772243079036964,0.009584647432900068,0.002147540749073866,0.0,0.0,0.16018095051478395,0.19572699952403608,0.28288071299877027,0.04754969410297029,0.2964767764714481,237.58924748956008,0.01270500451754464,1.1319514259867522,-0.0006604709263668093,1866.6666666666667,0.012619301914461823,True,0.00029680554871447384,0.16018095051478395,False,True,True,0.85,True,False,False,0,True,True,True,True,True,False,True,False,True,0,0,False,0,15,24,15,,,,False,False,False,
252,2026-08-18T21:57:45.356901,shadow,analysis_full,silero,webrtc,False,0.0003869087959174067,True,True,True,1,False,True,False,0,0.0,,,,,,,,,,,,,0.02857918630651764,0.5410604513366629,0.4194662954830568,0.039473253145289884,,,,,,,,,,,,,,False,False,temporal_v1,False,0.0004996951967197067,0.18580375782881003,2.966612291023687,0.8524746593811832,80.08116230051259,1724.1151408420867,0.01546306744183901,0.011988005407915059,0.001128113455763573,0.0,0.0,0.18748287471892122,0.18785743793818094,0.28378698557042964,0.052078791481164274,0.3315265089680385,243.4255207816902,0.01065786678437393,1.4098580861648113,-0.0008362015186791747,1800.0000000000002,0.005615692910243185,True,0.00029680554871447384,0.18748287471892122,False,True,True,0.85,True,False,False,0,True,True,True,True,True,True,True,False,True,0,0,False,0,15,24,15,,,,False,False,False,
253,2026-08-18T21:57:45.366319,shadow,analysis_full,silero,webrtc,False,0.0004003900394309312,True,True,True,1,False,True,False,0,0.0,,,,,,,,,,,,,0.008919105683215408,0.3693272813008162,0.5643644346425635,0.0663082839445014,,,,,,,,,,,,,,False,False,temporal_v1,False,0.0002811807110160008,0.23173277661795408,3.7553280522437107,0.7889025187025573,74.7127988819557,1874.6756643811143,0.0032940690536166057,0.005033626036425138,0.0005914105921736634,0.0,0.0,0.19259194134689347,0.17178349825042274,0.28712160247803764,0.05234049874515953,0.3308096853290057,250.50069598859906,0.01257249707359085,1.082522624899806,-0.0006337114365045254,2100.0,0.022906204959804298,True,0.00029680554871447384,0.19259194134689347,False,True,True,0.85,True,False,False,0,True,True,True,True,True,True,True,False,True,0,0,False,0,15,24,15,,,,False,False,False,
254,2026-08-18T21:57:45.374470,shadow,analysis_full,silero,webrtc,False,0.0026916987262666225,True,True,True,1,False,True,False,0,0.0,,,,,,,,,,,,,0.003450770532896729,0.2800170801120386,0.4025547652049364,0.3174281543932347,,,,,,,,,,,,,,False,False,temporal_v1,False,0.00018576576991700453,0.2755741127348643,4.4259902716296855,0.5913026042844781,69.78974608871192,2587.4259882893016,0.0009662746887584054,0.001389124121646356,0.0010953717214919677,0.0,0.0,0.19302863852291605,0.15927651957678937,0.28077027677527555,0.051534902398715145,0.422613822106279,279.62266782401895,0.007294271520437066,0.8762221814226311,-0.0005335071842818151,3400.0000000000005,0.08201675549061148,True,0.00029680554871447384,0.19302863852291605,False,True,True,0.85,True,False,False,0,True,True,True,True,True,True,True,False,True,0,0,False,0,15,24,15,,,,False,False,False,
255,2026-08-18T21:57:45.382536,shadow,analysis_full,silero,webrtc,False,0.004397418815642595,True,True,True,1,False,True,False,0,0.0,,,,,,,,,,,,,0.004025983267315964,0.2080337529574067,0.5006258511283663,0.2913403956658404,,,,,,,,,,,,,,False,False,temporal_v1,False,0.00019961963533771603,0.3089770354906054,4.167557917024607,0.5676221303304348,70.25442782972343,2713.817313141296,0.0008375404084434623,0.0020155112998286157,0.001172931558043886,0.0,0.0,0.18907276820923874,0.15580095503472446,0.26826852643109034,0.05297780158299516,0.4583403276737392,318.44585944145524,0.003538393529879131,0.7362806022866328,-0.0004451535589041569,3300.0000000000005,0.10024310691340621,True,0.00029680554871447384,0.18907276820923874,False,True,True,0.85,True,False,False,0,True,True,True,True,True,False,True,False,True,0,0,False,0,15,24,15,,,,False,False,False,
256,2026-08-18T21:57:45.387412,shadow,analysis_full,silero,webrtc,False,0.004397418815642595,True,True,True,1,False,True,False,0,0.0,,,,,,,,,,,,,0.005394421529203276,0.1762734000243842,0.7402893116554046,0.0834372881348345,,,,,,,,,,,,,,False,False,temporal_v1,False,0.00022161530221463663,0.25260960334029225,3.5169935595827484,0.6839614473155746,71.99196415519286,2311.806772659622,0.0009508930241173994,0.003993432600632988,0.0004500959034528883,0.0,0.0,0.17900245476550458,0.16433919425198448,0.23711123110206178,0.05034779081212613,0.45804504245870875,313.61947718142824,0.006374385242786671,0.7548300292373498,-0.00044571375262273256,2300.0,0.05367668025749306,True,0.00034908499219454825,0.17900245476550458,False,True,True,0.85,True,False,False,0,True,True,True,True,True,False,True,False,True,0,0,False,0,15,24,15,,,,False,False,False,
257,2026-08-18T21:57:45.396163,shadow,analysis_full,silero,webrtc,False,0.006464424077421427,True,True,True,1,False,True,False,0,0.0,,,,,,,,,,,,,0.004769796382544436,0.33369500060855156,0.5608338980798347,0.1054711011019611,,,,,,,,,,,,,,False,False,temporal_v1,False,0.00020685044648970457,0.24425887265135698,3.773883409085357,0.7350477110166561,71.69211578934474,1972.407651766294,0.0015916572067758326,0.002675063498269491,0.0005030756764991126,0.0,0.0,0.16347355724363208,0.1219076142305707,0.1505303521345045,0.046840453609764354,0.4503280241787555,315.0614470538178,0.004877292401122765,1.1896208722978558,-0.0007074354239035349,2333.3333333333335,0.018210706110522296,True,0.00039364941767416894,0.16347355724363208,False,True,True,0.85,True,False,False,0,True,True,True,True,True,False,True,False,True,0,0,False,0,15,24,15,,,,False,False,False,
258,2026-08-18T21:57:45.404435,shadow,analysis_full,silero,webrtc,False,0.010692723095417023,True,True,True,1,False,True,False,0,0.0,,,,,,,,,,,,,0.0011328415676803531,0.3875311929600244,0.43432234829690913,0.17814645786033034,,,,,,,,,,,,,,False,False,temporal_v1,False,0.00010653582983896574,0.22338204592901878,4.134789627512211,0.7185788146682164,65.53281594226259,2114.9714866309796,0.0004390114441578715,0.0004920184099232829,0.0002018117125991986,0.0,0.0,0.14966393459043512,0.11777561428252803,0.1009542468995043,0.043361525926706286,0.4664140427469125,309.1898024745874,0.006102793979003385,1.5538976791256398,-0.0009398474089895443,2666.666666666667,0.015614186956027792,True,0.0015460443828487769,0.14966393459043512,False,True,True,0.85,True,False,False,0,True,True,True,True,True,False,True,False,True,0,0,False,0,15,24,15,,,,False,False,False,
259,2026-08-18T21:57:45.417439,shadow,analysis_full,silero,webrtc,False,0.012114153243601322,True,True,True,1,True,True,False,1,0.0,,,,,,,,,,,,,0.0006964437322584511,0.659925101417804,0.27000845589863115,0.07006644124769865,,,,,,,,,,,,,,False,True,temporal_v1,False,8.671929635750423e-05,0.15031315240083507,3.840014758427,0.8734227853914854,64.37222518841102,1742.1622956391893,0.00045960070064245226,0.00018804569676738407,4.879733384861473e-05,0.0,0.0,0.15698489166158947,0.1336794952378283,0.09217100168709737,0.04609998545885616,0.4668963939120365,323.75679431869077,0.00553328423418869,1.1728955855150012,-0.0007092112459315797,1866.6666666666667,0.033155065119839996,True,0.003544558770954609,0.15698489166158947,True,True,True,0.85,True,True,True,1,True,True,True,True,True,False,True,False,True,0,0,True,1,15,24,15,,,,False,False,False,
260,2026-08-18T21:57:45.428918,shadow,analysis_full,silero,webrtc,False,0.0073020621202886105,True,True,True,1,True,True,False,1,0.0,,,,,,,,,,,,,0.00982261529150909,0.2206810329282765,0.18160071502549108,0.5977182519444265,,,,,,,,,,,,,,False,True,temporal_v1,False,0.00029651192001669917,0.23382045929018788,4.043385772922753,0.47118077443852246,72.94454517229251,2483.867949066931,0.0021676648885873098,0.0017837939603583732,0.005871156441563406,0.0,0.0,0.1601188683337659,0.15237881084679314,0.1662243852150422,0.046141565512820455,0.4766837963611131,343.33968106529943,0.008850481069010598,0.9857653719556434,-0.0005834901070879369,3733.3333333333335,0.04452395788694271,True,0.004397418815642595,0.1601188683337659,True,True,True,0.85,True,True,True,2,True,True,True,True,True,False,True,False,True,0,0,True,2,15,24,15,,,,False,False,False,
261,2026-08-18T21:57:45.436007,shadow,analysis_full,silero,webrtc,False,0.012895544990897179,True,True,True,1,True,True,False,1,0.0,,,,,,,,,,,,,0.018877406684045566,0.05476033318657002,0.3163630673714552,0.6288765993890015,,,,,,,,,,,,,,False,True,temporal_v1,False,0.00041027367756212637,0.35490605427974947,3.532787474935242,0.5135727386123563,76.16284016935955,2735.125503741189,0.0010337330797167191,0.005972114282583066,0.011871559320745783,0.0,0.0,0.16926569158260557,0.15385602650786112,0.20819799418773013,0.05512786901953031,0.39320691473711433,372.5203962893851,0.00720253533110883,1.167678745042558,-0.0006957615044288139,3766.666666666667,0.012879443178642364,True,0.005430921446532011,0.16926569158260557,True,True,True,0.85,True,True,True,3,True,True,True,True,True,False,True,False,True,0,0,True,3,15,24,15,,,,False,False,False,
262,2026-08-18T21:57:45.456048,shadow,analysis_full,silero,webrtc,False,0.0047011179849505424,True,True,True,1,True,True,False,1,0.0,,,,,,,,,,,,,0.03073931067755752,0.12983370213564902,0.491227285822158,0.37893901200966135,,,,,,,,,,,,,,False,True,temporal_v1,False,0.0005203900731059131,0.2860125260960334,3.911777885046866,0.6044618459111228,78.94410754182081,2315.7859945686228,0.003990998506365178,0.015099988152180662,0.01164832401801168,0.0,0.0,0.1610801531000194,0.15444797492500592,0.20062626819749108,0.052284260952251395,0.27294672312657925,332.9918412803942,0.009979427175217813,1.2238927886059299,-0.0006980121712648309,3066.666666666667,0.014417081805159108,True,0.005582771031185985,0.1610801531000194,True,True,True,0.85,True,True,True,4,True,True,True,True,True,False,True,False,True,0,0,True,4,15,24,15,,,,False,False,False,
263,2026-08-18T21:57:45.473660,shadow,analysis_full,silero,webrtc,False,0.004254186991602182,True,True,True,1,True,True,False,1,0.0,,,,,,,,,,,,,0.03391531191809576,0.2071033323591105,0.5527876537017375,0.24010901390966682,,,,,,,,,,,,,,False,True,temporal_v1,False,0.0005440599180454872,0.24843423799582465,3.9372032623930076,0.7139878972655467,80.05387905631153,1989.8544630984154,0.007023974116236288,0.018747965699766733,0.008143372101092745,0.0,0.0,0.15963160080445687,0.15359912172008391,0.18928156671564977,0.05174126818953541,0.26803295103576846,320.34461602055603,0.0070117287415305905,1.7079841949783074,-0.001004924163381427,2666.666666666667,0.005164660188068848,True,0.005582771031185985,0.15963160080445687,True,True,True,0.85,True,True,True,5,True,True,True,True,True,True,True,False,True,0,0,True,5,15,24,15,,,,False,False,False,
264,2026-08-18T21:57:45.490801,shadow,analysis_full,silero,webrtc,False,0.0033604151103645563,True,True,True,1,True,True,False,1,0.0,,,,,,,,,,,,,0.04329684603355755,0.1262811366730647,0.6705444998608847,0.20317436344295436,,,,,,,,,,,,,,False,True,temporal_v1,False,0.000614394193211852,0.2546972860125261,3.887177258809856,0.707476752818239,81.07335274347847,2037.3400516097156,0.005467574931476321,0.029032461969125577,0.008796809131955659,0.0,0.0,0.16483867941063451,0.16666760368666306,0.1906731826324089,0.051403224435261505,0.2106013514486903,312.844699306713,0.004887797420920157,1.5476377068247527,-0.0009022896638014342,2733.3333333333335,0.005520036398830143,True,0.005582771031185985,0.16483867941063451,True,True,True,0.85,True,True,True,6,True,True,True,True,True,True,True,False,True,0,0,True,6,15,24,15,,,,False,False,False,
265,2026-08-18T21:57:45.508570,shadow,analysis_full,silero,webrtc,False,0.0033370463643223047,True,True,True,1,True,True,False,1,0.0,,,,,,,,,,,,,0.040223552373343345,0.2700381239630804,0.5812241039613203,0.14873777205073807,,,,,,,,,,,,,,False,True,temporal_v1,False,0.0005921879587333352,0.22964509394572025,3.6935649796039973,0.7279887998793131,80.8766599954318,2004.5552137775578,0.010861892622028347,0.023378898186337725,0.005982761563977267,0.0,0.0,0.16429325670888031,0.16978347288116719,0.19441764987989887,0.048621497480186224,0.19182570830737558,276.00280150690907,0.006749700332040152,1.1260757164641428,-0.0006456874147343537,2466.666666666667,0.012364449058308908,True,0.005582771031185985,0.16429325670888031,True,True,True,0.85,True,True,True,7,True,True,True,True,True,True,True,False,True,0,0,True,7,15,24,15,,,,False,False,False,
266,2026-08-18T21:57:45.525684,shadow,analysis_full,silero,webrtc,False,0.004075681325048208,True,True,True,1,True,True,False,1,0.0,,,,,,,,,,,,,0.0049891596604105404,0.3245206585362446,0.5709767412479849,0.10450260001533597,,,,,,,,,,,,,,False,True,temporal_v1,False,0.0002134812657231963,0.21920668058455114,4.148765236705808,0.7894772628667603,72.28238334613934,1744.420347779962,0.0016190853785388953,0.0028486941244671134,0.0005213801564045321,0.0,0.0,0.1630589594076047,0.15029863573087435,0.19256084957049452,0.04931926627793745,0.1831084288779697,298.5775464565108,0.008021012410827498,1.60641809646257,-0.0009525160760278386,2233.3333333333335,0.00912501347333674,True,0.005582771031185985,0.1630589594076047,True,True,True,0.85,True,True,True,8,True,True,True,True,True,True,True,False,True,0,0,True,8,15,24,15,,,,False,False,False,
267,2026-08-18T21:57:45.541862,shadow,analysis_full,silero,webrtc,False,0.004229008220136166,True,True,True,1,True,True,False,1,0.0,,,,,,,,,,,,,0.0018255511969282297,0.3360435158528934,0.5584662060336932,0.1054902775656336,,,,,,,,,,,,,,False,True,temporal_v1,False,0.000132356464250782,0.21920668058455114,4.061371049622383,0.8140235899150254,68.10398429532036,1814.3755155080369,0.00061346464258522,0.0010195086508687761,0.0001925779024742336,0.0,0.0,0.16315012543983642,0.15014609906288123,0.19255925523927275,0.049899109773636006,0.18512547890432623,309.6336630467953,0.005261487360123176,0.9657195583461144,-0.0005548785369021567,2166.666666666667,0.04201643412733028,True,0.004477652488276362,0.16315012543983642,True,True,True,0.85,True,True,True,9,True,True,True,True,True,True,True,False,True,0,0,True,9,15,24,15,,,,False,False,False,
268,2026-08-18T21:57:45.554124,shadow,analysis_full,silero,webrtc,False,0.005874214693903923,True,True,True,1,True,True,False,1,0.0,,,,,,,,,,,,,0.009377060183085118,0.13219611290465103,0.3255626772048327,0.5422412097838729,,,,,,,,,,,,,,False,True,temporal_v1,False,0.00029560261747027636,0.2839248434237996,4.374328579710421,0.46435330806504926,72.85477632776968,2636.0548439128784,0.0012396109066768277,0.003052820817516029,0.00508462845789226,0.0,0.0,0.16300003343333125,0.15564971334925798,0.20650274209446925,0.050939457202505214,0.2230908732139011,349.3617036696541,0.007736089693310004,0.8221537732817946,-0.00047273223582078837,3666.666666666667,0.0842172967924833,True,0.004477652488276362,0.16300003343333125,True,True,True,0.85,True,True,True,10,True,True,True,True,True,False,True,False,True,0,0,True,10,15,24,15,,,,False,False,False,
269,2026-08-18T21:57:45.564201,shadow,analysis_full,silero,webrtc,False,0.005396798253059387,True,True,True,1,True,True,False,1,0.0,,,,,,,,,,,,,0.011580255467141294,0.04217596658338031,0.41419638243366813,0.5436276508965976,,,,,,,,,,,,,,False,True,temporal_v1,False,0.0003690685854384507,0.3674321503131524,3.5077403650429915,0.4169605138332096,74.33435756992951,2915.2798235307846,0.0004884084676091584,0.004796499922147632,0.0062953470763845035,0.0,0.0,0.0989493972852789,0.14440679564146366,0.20214159171258964,0.050939457202505214,0.25797766257878274,387.4798140942869,0.007833703120453808,1.027389604233942,-0.000608105337730876,4033.3333333333335,0.017980664489899614,True,0.004477652488276362,0.0989493972852789,True,True,True,0.85,True,True,True,11,True,True,True,True,True,False,True,False,True,0,0,True,11,15,24,15,,,,False,False,False,
270,2026-08-18T21:57:45.571786,shadow,analysis_full,silero,webrtc,False,0.004554487764835358,True,True,True,1,True,True,False,1,0.0,,,,,,,,,,,,,0.003987185848682267,0.1910649992716283,0.5697335912760703,0.239201409201498,,,,,,,,,,,,,,False,True,temporal_v1,False,0.0001959402381276728,0.29018789144050106,3.9913195564768262,0.6106779317919605,70.40543500081553,2261.726323717636,0.0007618116612743239,0.002271633712654874,0.0009537404737530689,0.0,0.0,0.0982588732658707,0.11095822249062894,0.18606416973607798,0.0497591621271254,0.2557449891806891,380.7575812866521,0.00831031785058248,1.1522072372720986,-0.0006825038213243676,3233.3333333333335,0.030904743450925396,True,0.00440433737821877,0.0982588732658707,True,True,True,0.85,True,True,True,12,True,True,True,True,True,False,True,False,True,0,0,True,12,15,24,15,,,,False,False,False,
271,2026-08-18T21:57:45.583923,shadow,analysis_full,silero,webrtc,False,0.003732644021511078,True,True,True,1,True,True,False,1,0.0,,,,,,,,,,,,,0.001370409780925925,0.2220584229105882,0.6487057162732395,0.1292358600864635,,,,,,,,,,,,,,False,True,temporal_v1,False,0.00012043387681460854,0.302713987473904,4.098299518268509,0.6418747918400911,66.19866057659317,2202.938192192931,0.0003043110346936556,0.0008889926585234053,0.00017710608670886397,0.0,0.0,0.08908653125371072,0.09852289858584982,0.15991108078957114,0.04348397949711927,0.22832992039224226,344.01571228302475,0.004128449183135017,1.1813420908898613,-0.0006990695991799389,3266.666666666667,0.028012343216997502,True,0.004241597605869174,0.08908653125371072,True,True,True,0.85,True,True,True,13,True,True,True,True,True,False,True,False,True,0,0,True,13,15,24,15,,,,False,False,False,
272,2026-08-18T21:57:45.592570,shadow,analysis_full,silero,webrtc,False,0.003732644021511078,True,True,True,1,True,True,False,1,0.0,,,,,,,,,,,,,0.0007850360832920878,0.5589098191916247,0.31248373403170243,0.12860644550284603,,,,,,,,,,,,,,False,True,temporal_v1,False,9.412576768281404e-05,0.25260960334029225,4.001779095821046,0.7616100009078003,64.58957521703996,1989.047041390021,0.00043876437537168205,0.00024531100665673415,0.00010096070026367159,0.0,0.0,0.13654661919948907,0.11944246456001263,0.1594778917107048,0.0434197846224824,0.22797977166838387,346.2385752961235,0.00554029919024894,1.1587910039920666,-0.0006979018303292951,3333.3333333333335,0.03498789157024476,True,0.004152344772592187,0.13654661919948907,True,True,True,0.85,True,True,True,14,True,True,True,True,True,False,True,False,True,0,0,True,14,15,24,15,,,,False,False,False,
273,2026-08-18T21:57:45.614486,shadow,analysis_full,silero,webrtc,False,0.002905957167968154,True,True,False,1,True,True,False,1,0.0,,,,,,,,,,,,,0.004861197265004101,0.5398614338629244,0.40580108325661013,0.0543374826747548,,,,,,,,,,,,,,False,True,temporal_v1,False,0.0002097676530340949,0.19206680584551147,3.887932464164134,0.8311715412588422,72.34950259231952,1745.3588183675702,0.002624372925775641,0.0019726791160627347,0.0002641452221657258,0.0,0.0,0.16233301426444866,0.1235348122539728,0.16875763392811124,0.048768285097374256,0.2291679993621379,365.4580615675566,0.0055981898101228975,1.341240963931517,-0.0007981858998452315,2166.666666666667,0.016306639874942866,True,0.003904162673279643,0.16233301426444866,True,True,True,0.85,True,True,True,15,True,False,True,False,True,False,True,False,True,0,1,True,15,15,24,15,webrtc_assisted,,cooldown,False,False,False,
274,2026-08-18T21:57:45.623572,shadow,analysis_full,silero,webrtc,False,0.002199819078668952,True,True,False,1,True,True,False,1,0.0,,,,,,,,,,,,,0.0025446222175081546,0.37739796532223735,0.3361595079909256,0.28644252629385136,,,,,,,,,,,,,,False,True,temporal_v1,False,0.00015759868445311892,0.2546972860125261,3.5689789158666034,0.7226115977047395,69.18030434318248,2013.4678983551223,0.0009603352474013373,0.0008553989526603193,0.0007288880164464979,0.0,0.0,0.15682033431828132,0.11960096037825282,0.16977738653421592,0.048768285097374256,0.25806510779279307,366.16618897487876,0.008668211267993345,0.8538358450246705,-0.0004975456653724576,2500.0,0.03533559371251732,True,0.003904162673279643,0.15682033431828132,True,True,True,0.85,True,True,True,16,True,False,True,False,True,False,True,False,True,0,2,True,16,15,24,15,,,,False,False,False,
275,2026-08-18T21:57:45.636764,shadow,analysis_full,silero,webrtc,False,0.0015836594393476844,True,True,False,1,True,True,False,1,0.0,,,,,,,,,,,,,0.0005152619132075979,0.5934671647527754,0.26210176653962275,0.14443106676684125,,,,,,,,,,,,,,False,True,temporal_v1,False,7.590544716047107e-05,0.17954070981210857,3.8869347288226646,0.8138061323015462,62.700631333989506,1979.3055487167678,0.00030579102673640375,0.0001350510576822972,7.441982778889694e-05,0.0,0.0,0.1791819308509485,0.12852960622490536,0.1699838545468624,0.054038729388770614,0.24634770393554617,367.12707985823783,0.007864162901860507,0.8537813419876239,-0.0005067980935081767,2500.0,0.06599044518728935,True,0.003904162673279643,0.1791819308509485,True,True,True,0.85,True,True,True,17,True,False,True,False,True,False,True,False,True,0,3,True,17,15,24,15,,,,False,False,False,
276,2026-08-18T21:57:45.650923,shadow,analysis_full,silero,webrtc,False,0.0012173459399491549,True,True,False,1,True,True,False,1,0.0,,,,,,,,,,,,,0.0016379712753411913,0.5230794873680743,0.37618268553224427,0.10073782648917007,,,,,,,,,,,,,,False,True,temporal_v1,False,0.00012778381258285633,0.11691022964509394,4.135255180566451,0.8309491532766073,67.86857421017675,1931.2390568468752,0.0008567891750291012,0.0006161764331825244,0.00016500566612956554,0.0,0.0,0.18806009839569285,0.12185442281582393,0.17026048442000144,0.06795591491554279,0.24530383031478184,351.43893918151065,0.003094281840755022,0.8319839717096902,-0.00048717265431676637,2200.0,0.08717254042749527,True,0.003732644021511078,0.18806009839569285,True,True,True,0.85,True,True,True,18,True,False,True,False,True,False,True,False,True,0,4,True,18,15,24,15,,,,False,False,False,
277,2026-08-18T21:57:45.666471,shadow,analysis_full,silero,webrtc,False,0.001048265490680933,True,True,False,1,True,True,False,1,0.0,,,,,,,,,,,,,0.0022855294075879097,0.6687925366540907,0.21271308192492605,0.11849438098344778,,,,,,,,,,,,,,False,True,temporal_v1,False,0.00014729351877944817,0.081419624217119,3.7293395060877663,0.8602700415658884,69.32274394300451,1737.33533638552,0.0015285450100982392,0.00048616200411807475,0.0002708223923715955,0.0,0.0,0.21046281224095936,0.12687592898877295,0.16937147146310083,0.08404212870529773,0.2505849970908086,359.4405950810232,0.003964604892692825,1.328893105871375,-0.0007913404909766962,2300.0,0.018997320395170717,True,0.003319300594739616,0.21046281224095936,True,True,True,0.85,True,True,True,19,True,False,True,False,True,False,True,False,True,0,5,True,19,15,24,15,,,,False,False,False,
278,2026-08-18T21:57:45.680065,shadow,analysis_full,silero,webrtc,False,0.0028649019077420235,True,True,False,1,True,True,False,1,0.0,,,,,,,,,,,,,0.003271382981459827,0.17060743389381808,0.2961537514220815,0.5332388143784192,,,,,,,,,,,,,,False,True,temporal_v1,False,0.00017885722490928817,0.3089770354906054,4.399046552686141,0.5293365277713363,68.97048759047684,2628.186850666644,0.0005581222557507689,0.0009688323422976814,0.0017444283824113763,0.0,0.0,0.20612142773433095,0.12858056404563303,0.16771860036675804,0.0859009755595655,0.255152482077725,358.3634622427463,0.007703984912274043,0.9353265357506234,-0.0005606772398093898,3233.3333333333335,0.06625822949720166,True,0.0028854295378550887,0.20612142773433095,True,True,True,0.85,True,True,True,20,True,False,True,False,True,False,True,False,True,0,6,True,20,15,24,15,,,,False,False,False,
279,2026-08-18T21:57:45.689150,shadow,analysis_full,silero,webrtc,False,0.0019067208049818873,True,True,True,1,True,True,False,1,0.0,,,,,,,,,,,,,0.005938356203618527,0.15220366826493256,0.45871436374861857,0.3890819678180521,,,,,,,,,,,,,,False,False,temporal_v1,False,0.0002347704723058613,0.32150313152400833,3.680440865628719,0.5361490279166926,71.44677260661034,2583.7693519457007,0.0009038395976545586,0.0027240092876555347,0.0023105073173084337,0.0,0.0,0.1896028196074943,0.13032774311130932,0.14324194413335878,0.0796816815520028,0.2313540702840321,294.8531500146917,0.007072247568063453,0.8880983494521305,-0.0005405784295164082,3333.3333333333335,0.04557241276838961,True,0.0025323604932054877,0.1896028196074943,True,True,True,0.85,True,True,True,21,True,True,True,True,True,False,True,False,True,0,0,True,21,15,24,15,,,,False,False,False,
280,2026-08-18T21:57:45.711967,shadow,analysis_full,silero,webrtc,False,0.0022111644502729177,True,True,True,1,False,True,False,0,0.0,,,,,,,,,,,,,0.0038337699072292287,0.3080769450082444,0.40397211555405266,0.28795093917686304,,,,,,,,,,,,,,False,False,temporal_v1,False,0.00018911069920235827,0.29018789144050106,3.8469777165464083,0.6662628571867609,70.466811215429,2108.95090099852,0.0011810961208837214,0.0015487361399708556,0.0011039376453746514,0.0,0.0,0.17971615606521033,0.11588445351568294,0.14489182065393016,0.07968168155200278,0.23207460793747248,290.37663285486565,0.005640752907695586,1.4070685138172043,-0.0008585841801206801,3166.666666666667,0.015367773489678337,True,0.002205491764470935,0.17971615606521033,False,True,True,0.85,True,False,False,0,True,True,True,True,True,False,True,False,True,0,0,False,0,15,24,15,,,,False,False,False,
281,2026-08-18T21:57:45.732484,shadow,analysis_full,silero,webrtc,False,0.0015713800676167011,True,True,True,1,False,True,False,0,0.0,,,,,,,,,,,,,0.0036125001803212213,0.34393296954449093,0.14201584745118587,0.5140511827275066,,,,,,,,,,,,,,False,False,temporal_v1,False,0.00018225712356148194,0.29436325678496866,3.944021106752195,0.6420062618340074,69.97578500087714,2198.6327424527767,0.0012424579144978867,0.00051303227452588,0.001857009990297455,0.0,0.0,0.1703479106973103,0.09177944151664331,0.16597233388355254,0.07895636842548057,0.22496040118462365,290.2149116373732,0.0064133018773046896,0.852468525929262,-0.0004942264024414563,3333.3333333333335,0.04870426985298831,True,0.0020532699418254197,0.1703479106973103,False,True,True,0.85,True,False,False,0,True,True,True,True,True,False,True,False,True,0,0,False,0,15,24,15,,,,False,False,False,
282,2026-08-18T21:57:45.749122,shadow,analysis_full,silero,webrtc,False,0.0010509873973205686,True,True,True,1,False,True,False,0,0.0,,,,,,,,,,,,,0.004071014016844976,0.3996920505442461,0.08177534050161066,0.5185326087085039,,,,,,,,,,,,,,False,False,temporal_v1,False,0.00019251519480861638,0.26931106471816285,3.7482012368556386,0.6813483241732727,70.72323986395256,2102.3372500480295,0.0016271519401871368,0.00033290855741432767,0.002110953518243511,0.0,0.0,0.1642931556420047,0.1165749175903559,0.17696413863311064,0.07960725768067965,0.22724845121168522,288.1974441783634,0.004058629729485635,0.9512230572684317,-0.0005551777749096852,2800.0,0.032356781602009735,True,0.0017451901221647859,0.1642931556420047,False,True,True,0.85,True,False,False,0,True,True,True,True,True,False,True,False,True,0,0,False,0,15,24,15,,,,False,False,False,
283,2026-08-18T21:57:45.760835,shadow,analysis_full,silero,webrtc,False,0.000789090758189559,True,True,False,1,False,True,False,0,0.0,,,,,,,,,,,,,0.006833111686684539,0.4656087921883726,0.1319656402550492,0.40242556741023194,,,,,,,,,,,,,,False,False,temporal_v1,False,0.0002512701579731768,0.30062630480167013,3.926820262103617,0.7308717713627687,73.39044561496223,1833.1349157248696,0.0031815568793254418,0.0009017359586675843,0.0027498188476915127,0.0,0.0,0.15976842810125952,0.12004304076180987,0.15964222148928808,0.08096226126362949,0.22763689966404918,278.34367522716667,0.0056013065149486466,1.6934530589538335,-0.001016152063307759,2933.3333333333335,0.007024816601134713,True,0.0015775197534821928,0.15976842810125952,False,True,True,0.85,True,False,False,0,True,False,True,False,True,False,True,False,True,0,1,False,0,15,24,15,,,,False,False,False,
284,2026-08-18T21:57:45.770756,shadow,analysis_full,silero,webrtc,False,0.000579174084123224,True,True,True,1,False,True,False,0,0.0,,,,,,,,,,,,,0.0063989187264584454,0.38506238686497823,0.10874029247686469,0.5061973205018805,,,,,,,,,,,,,,False,False,temporal_v1,False,0.00024136001086959695,0.25260960334029225,3.757424621463037,0.7000916598522329,72.84851356470477,1982.9181597080017,0.0024639829181650956,0.0006958202938507779,0.003239115513442571,0.0,0.0,0.15967514822955897,0.126743347919646,0.16714609331753752,0.08093130152876118,0.20746973805550675,279.56931020088547,0.00564842025608589,1.0033655987982364,-0.0005857300678650452,2866.666666666667,0.024124539308824796,True,0.001394363003782928,0.15967514822955897,False,True,True,0.85,True,False,False,0,True,True,True,True,True,False,True,False,True,0,0,False,0,15,24,15,,,,False,False,False,
285,2026-08-18T21:57:45.781675,shadow,analysis_full,silero,webrtc,False,0.0005466827424243093,True,True,True,1,False,True,False,0,0.0,,,,,,,,,,,,,0.007841597967024288,0.7019639360654971,0.15487681121825603,0.14315925258872167,,,,,,,,,,,,,,False,False,temporal_v1,False,0.0002731801001051541,0.19624217118997914,3.6835900005573734,0.8750972319944481,74.90836703619277,1625.6814019386884,0.005504518973975569,0.0012144816879882808,0.0011225973040604363,0.0,0.0,0.17530222411125615,0.12955331854180302,0.16730402365766214,0.07979892224965915,0.21798612429568262,313.9370758406297,0.005653672475501595,1.2315982174875577,-0.0007336979191918334,2300.0,0.02245191273336144,True,0.0011341666686348617,0.17530222411125615,False,True,True,0.85,True,False,False,0,True,True,True,True,True,False,True,False,True,0,0,False,0,15,24,15,,,,False,False,False,
286,2026-08-18T21:57:45.790559,shadow,analysis_full,silero,webrtc,False,0.0004484617675188929,True,True,True,1,False,True,False,0,0.0,,,,,,,,,,,,,0.00624074885368579,0.7684784988246082,0.12801884074501899,0.10350266027013565,,,,,,,,,,,,,,False,False,temporal_v1,False,0.00024027465127196722,0.1837160751565762,3.5854549956553545,0.8975805653528429,73.88641898493475,1507.8386460424595,0.00479588131062185,0.000798933433629661,0.0006459341084342788,0.0,0.0,0.20397867192129973,0.12411435251984573,0.16689135288219198,0.07128786760849051,0.2172956199571764,355.9683109395069,0.0037500046820245466,1.5936889796396263,-0.0009594348966889361,1700.0000000000002,0.007534050687636988,True,0.0010496264440007508,0.20397867192129973,False,True,True,0.85,True,False,False,0,True,True,True,True,True,False,True,False,True,0,0,False,0,15,24,15,,,,False,False,False,
287,2026-08-18T21:57:45.799045,shadow,analysis_full,silero,webrtc,False,0.00036147391074337065,True,True,True,1,False,True,False,0,0.0,,,,,,,,,,,,,0.005291150585904058,0.7172231113062355,0.20810609781032136,0.07467079069444833,,,,,,,,,,,,,,False,False,temporal_v1,False,0.00022528074082128806,0.12526096033402923,3.8305965204582724,0.8997600402763819,73.3264073203276,1523.140966129251,0.003794935485611919,0.001101120701359289,0.00039509439793284956,0.0,0.0,0.20992610654478933,0.1241190096233107,0.17340481718519635,0.06146302303325982,0.21470671127880747,378.7052018809973,0.004473790270081409,1.4681967650180603,-0.0008827118423468567,1500.0,0.015475842551348054,True,0.0009200390777550638,0.20992610654478933,False,True,True,0.85,True,False,False,0,True,True,True,True,True,False,True,False,True,0,0,False,0,15,24,15,,,,False,False,False,
288,2026-08-18T21:57:45.805181,shadow,analysis_full,silero,webrtc,False,0.00036147391074337065,True,True,False,1,False,True,False,0,0.0,,,,,,,,,,,,,0.004071724728145929,0.8211209641562511,0.1440526594316885,0.03482637616646394,,,,,,,,,,,,,,False,False,temporal_v1,False,0.00019592596016190715,0.11064718162839249,3.371612591029546,0.9322056397292833,72.23949657904475,1415.798963272757,0.0033433785345540344,0.0005865427755631899,0.00014180341702870323,0.0,0.0,0.21665224638900965,0.12210839148633636,0.18409196171405431,0.07175101418135385,0.16211424336441693,354.51322032873367,0.00401348271193814,1.385385540144763,-0.0008318626090745939,1066.6666666666667,0.011997345439410235,True,0.0006841324211563915,0.21665224638900965,False,True,True,0.85,True,False,False,0,True,False,True,False,True,False,True,False,True,0,1,False,0,15,24,15,,,,False,False,False,
289,2026-08-18T21:57:45.820458,shadow,analysis_full,silero,webrtc,False,0.0002954243100248277,True,True,False,1,False,True,False,0,0.0,,,,,,,,,,,,,0.004344181347265019,0.741888439326251,0.20080875611968968,0.05730280432386623,,,,,,,,,,,,,,False,False,temporal_v1,False,0.00020233984791365872,0.10855949895615867,3.800881836760602,0.9031764018659351,72.3893817597593,1570.956922814999,0.0032228979198726552,0.0008723496527026461,0.00024893377368971696,0.0,0.0,0.19096701211130368,0.08577458172960045,0.19420563748550604,0.07430772080226494,0.16190053067557336,277.6841658206494,0.0035398427303219896,1.2110371701579397,-0.0007160480510661965,1366.6666666666667,0.025574104981571817,True,0.0005629284132737666,0.19096701211130368,False,True,True,0.85,True,False,False,0,True,False,True,False,True,False,True,False,True,0,2,False,0,15,24,15,,,,False,False,False,
290,2026-08-18T21:57:45.833951,shadow,analysis_full,silero,webrtc,False,0.0002463965502101928,True,True,False,1,False,True,False,0,0.0,,,,,,,,,,,,,0.005392582520543757,0.7549370472790393,0.19950976452550287,0.04555318801001793,,,,,,,,,,,,,,False,False,temporal_v1,False,0.00022475663672301047,0.1022964509394572,3.6761727094821945,0.9188409920430779,73.39715406110233,1480.4023632915307,0.0040710603252678635,0.0010758728688580277,0.0002456493254178662,0.0,0.0,0.17734424532128967,0.039619870466021015,0.2045861637115126,0.07618440075327636,0.1597170038912859,268.672809857589,0.002274680697665735,1.3304538653166513,-0.0007916600723033977,1266.6666666666667,0.0159794185377,True,0.0004975722549716011,0.17734424532128967,False,True,True,0.85,True,False,False,0,True,False,True,False,True,False,True,False,True,0,3,False,0,15,24,15,,,,False,False,False,
291,2026-08-18T21:57:45.848546,shadow,analysis_full,silero,webrtc,False,0.0002279096224810928,True,True,False,1,False,True,False,0,0.0,,,,,,,,,,,,,0.005826561058273872,0.7866501326205089,0.16830538353211366,0.04504448367574953,,,,,,,,,,,,,,False,False,temporal_v1,False,0.00023124402704674602,0.07933194154488518,3.6581405456378495,0.9191636598696818,73.65050277816687,1492.8958560492283,0.004583465029212634,0.000980641593586062,0.0002624544344751753,0.0,0.0,0.15979101918738634,0.03987511883778106,0.18960027917065342,0.07526552066772249,0.14411723679102031,223.67300022551854,0.002026022223030355,1.328648649294396,-0.0007936681506295889,1200.0,0.01767012062400834,True,0.00040496783913113177,0.15979101918738634,False,True,True,0.85,True,False,False,0,True,False,True,False,True,False,True,False,True,0,4,False,0,15,24,15,,,,False,False,False,
292,2026-08-18T21:57:45.863698,shadow,analysis_full,silero,webrtc,False,0.00021766516147181392,True,True,False,1,False,True,False,0,0.0,,,,,,,,,,,,,0.0074869614448752255,0.7292591839871642,0.22232846414356802,0.04841235173570221,,,,,,,,,,,,,,False,False,temporal_v1,False,0.000265528279639416,0.09812108559498957,3.8389137737605705,0.908758333624145,74.82205717349244,1503.072643841788,0.005459935393833067,0.0016645646391412177,0.0003624614109009406,0.0,0.0,0.13612076027678668,0.037102793972962796,0.15888036563934557,0.07071175676408342,0.14937969127139,168.98829954095143,0.002255495133432945,1.5903290569316553,-0.0009529213413858476,1466.6666666666667,0.01114731231664535,True,0.00036147391074337065,0.13612076027678668,False,True,True,0.85,True,False,False,0,True,False,True,False,True,False,True,False,True,0,5,False,0,15,24,15,,,,False,False,False,
293,2026-08-18T21:57:45.870845,shadow,analysis_full,silero,webrtc,False,0.00020112648780923337,True,True,False,1,False,True,False,0,0.0,,,,,,,,,,,,,0.004052554183781305,0.780882157257958,0.17444086249057902,0.04467698000470494,,,,,,,,,,,,,,False,False,temporal_v1,False,0.00019982924321634949,0.081419624217119,3.647191542216184,0.9215696269256333,72.36550925062922,1459.2192044408114,0.0031645672534359086,0.0007069310471086153,0.00018105588223678074,0.0,0.0,0.11619398864012738,0.03527271537596551,0.1357283742395464,0.05452370103677226,0.131876236403854,152.4002879567721,0.0032182168486354365,1.4517053018911208,-0.0008748967529760369,1266.6666666666667,0.01433427427887533,True,0.0003284491103840992,0.11619398864012738,False,True,True,0.85,True,False,False,0,True,False,True,False,True,False,True,False,True,0,6,False,0,15,24,15,,,,False,False,False,
294,2026-08-18T21:57:45.885580,shadow,analysis_full,silero,webrtc,False,0.00020055142522323877,True,True,False,1,False,True,False,0,0.0,,,,,,,,,,,,,0.0043979349630761935,0.7766760878112473,0.17300894176420134,0.05031497019717185,,,,,,,,,,,,,,False,False,temporal_v1,False,0.00020600028962297647,0.12526096033402923,3.762717039416529,0.912477269926857,72.59337587879698,1532.706868668195,0.0034157709215703203,0.0007608820739095941,0.00022128196659627875,0.0,0.0,0.03418330512530821,0.0285776159508027,0.032146734586598856,0.03750863412355024,0.1321761138846197,55.17812496267644,0.001473652932906694,1.2796574131146459,-0.0007607593708161288,1333.3333333333335,0.022459264129136475,True,0.00027091043011751026,0.03418330512530821,False,True,False,0.85,True,False,False,0,True,False,True,False,True,False,True,False,True,0,7,False,0,15,24,15,,,,False,False,False,
295,2026-08-18T21:57:45.899429,shadow,analysis_full,silero,webrtc,False,0.00017318245954811573,True,True,False,1,False,True,False,0,0.0,,,,,,,,,,,,,0.0034011036632871174,0.7884840677061592,0.16242882085832747,0.049087111141491106,,,,,,,,,,,,,,False,False,temporal_v1,False,0.00018160174394197932,0.1127348643006263,3.474280966985827,0.9200426897929472,71.50408762068469,1527.1088653081972,0.0026817160511189457,0.0005524372576446645,0.00016695035352350728,0.0,0.0,0.02956615537949952,0.02806913073337882,0.018830305002056683,0.02791568208842886,0.14661017128915696,40.76280078590915,0.0018485730643188524,1.2526312296730315,-0.0007418837202260787,1233.3333333333335,0.019469885568792155,True,0.0002371530863456428,0.02956615537949952,False,True,False,0.85,True,False,False,0,True,False,True,False,True,False,True,False,True,0,8,False,0,15,24,15,,,,False,False,False,
296,2026-08-18T21:57:45.911635,shadow,analysis_full,silero,webrtc,False,0.0001673939696047455,True,True,False,1,False,True,False,0,0.0,,,,,,,,,,,,,0.0033689084465561223,0.7430471758735407,0.20602127204085255,0.050931551788774725,,,,,,,,,,,,,,False,False,temporal_v1,False,0.00018099056375324828,0.11482254697286012,3.862760840284819,0.9131296312285727,71.44114769803436,1481.6596648933305,0.002503257906990044,0.0006940668035486648,0.00017158373501741374,0.0,0.0,0.030374447988175134,0.023540739075441297,0.009844476592696261,0.015113726762203142,0.15500368886715832,41.09897086548564,0.002183612323578339,1.594855679558053,-0.0009607813713704904,1400.0,0.011049759066670987,True,0.00022278739197645336,0.030374447988175134,False,True,False,0.85,True,False,False,0,True,False,True,False,True,False,True,False,True,0,9,False,0,15,24,15,,,,False,False,False,
297,2026-08-18T21:57:45.922561,shadow,analysis_full,silero,webrtc,False,0.00014652570826001465,True,True,False,1,False,True,False,0,0.0,,,,,,,,,,,,,0.002143700211745621,0.7541334528956134,0.1823420456949752,0.06352450094292823,,,,,,,,,,,,,,False,False,temporal_v1,False,0.00014564132635606442,0.12108559498956159,3.8115613155692336,0.908621017452508,69.45715855641463,1516.635781881699,0.001616636042656783,0.00039088668196644806,0.00013617748612239017,0.0,0.0,0.026453472571748435,0.022349251398839278,0.007299361444056862,0.014621232814106995,0.15340259359693784,40.75696841208984,0.0006400446154917026,1.4842244738591994,-0.0008873101815702018,1433.3333333333335,0.01357550680394228,True,0.00020939582464052364,0.026453472571748435,False,True,False,0.85,True,False,False,0,True,False,True,False,True,False,True,False,False,0,0,False,0,15,24,24,,,,False,False,False,
298,2026-08-18T21:57:45.932912,shadow,analysis_full,silero,webrtc,False,0.00014964479487389326,True,True,False,1,False,True,False,0,0.0,,,,,,,,,,,,,0.0022649239383950594,0.7126456008604615,0.2327286659544931,0.054625732743529554,,,,,,,,,,,,,,False,False,temporal_v1,False,0.00015086172412386346,0.1315240083507307,3.7927633455790897,0.9110067873305858,69.78904247190019,1501.7031328960675,0.0016140880809807899,0.0005271127266710787,0.00012372312974319092,0.0,0.0,0.024495033610227254,0.022598686180005906,0.005706594764060574,0.016577041779628654,0.11243663309556423,30.202981489422772,0.0011358660536029944,1.556978695436517,-0.0009311371944418918,1433.3333333333335,0.011328239637606609,True,0.00020083895651623607,0.024495033610227254,False,True,False,0.85,True,False,False,0,True,False,True,False,True,False,True,False,False,0,0,False,0,15,24,24,,,,False,False,False,
299,2026-08-18T21:57:45.953765,shadow,analysis_full,silero,webrtc,False,0.0001441952190361917,True,True,False,1,False,True,False,0,0.0,,,,,,,,,,,,,0.0010857003646765528,0.58191515800981,0.3633142540590892,0.05477058701003635,,,,,,,,,,,,,,False,False,temporal_v1,False,0.00010643525907769886,0.16075156576200417,3.756211801442139,0.8681428207358074,66.34390133740133,1699.7988265526785,0.0006317854992620646,0.0003944504181241429,5.9464446290345336e-05,0.0,0.0,0.05815718252632912,0.056280265700327396,0.005470250958946177,0.023040300060662034,0.11050340594186227,63.74703141205533,0.004391341605640875,0.9989230489649843,-0.0005716729046836842,2066.666666666667,0.030207941243094994,True,0.00018686694238567725,0.05815718252632912,False,True,True,0.85,True,False,False,0,True,False,True,False,True,False,True,False,False,0,0,False,0,15,24,24,,,,False,False,False,
300,2026-08-18T21:57:45.970165,shadow,analysis_full,silero,webrtc,False,0.00015146566147450358,True,True,False,1,False,True,False,0,0.0,,,,,,,,,,,,,0.001155403377696178,0.6926357937738579,0.254243881159179,0.05312032420146453,,,,,,,,,,,,,,False,False,temporal_v1,False,0.00010840293483791179,0.1649269311064718,3.758132535580003,0.8906390123034834,66.62905309652503,1586.913921388906,0.0008002737356395888,0.0002937542390499011,6.137540200668815e-05,0.0,0.0,0.05963406710090715,0.05778670732335444,0.0052246262669859034,0.02744330141988306,0.10938395023673089,65.20280035560168,0.004973127014800793,1.3509615800713244,-0.0008104800496020018,1933.3333333333335,0.01756464487338269,True,0.00017028821457643062,0.05963406710090715,False,True,True,0.85,True,False,False,0,True,False,True,False,True,False,True,False,False,0,0,False,0,15,24,24,,,,False,False,False,
301,2026-08-18T21:57:45.987579,shadow,analysis_full,silero,webrtc,False,0.00014809242566116154,True,True,False,1,False,True,False,0,0.0,,,,,,,,,,,,,0.0005261353239911279,0.49233287586803093,0.4348829952828098,0.07278412694850737,,,,,,,,,,,,,,False,False,temporal_v1,False,7.688123725387433e-05,0.18789144050104384,3.97209276253433,0.8357833000839926,62.94910626819431,1693.744989162044,0.00025903371715631023,0.00022880730562135332,3.8294300213464314e-05,0.0,0.0,0.09105133326613052,0.08545912450763402,0.007810794280231433,0.030863830668185932,0.12621477762811933,79.90421543480981,0.004650327216750538,1.212342342988341,-0.00072478493882812,2066.666666666667,0.026590418256175644,True,0.00015942981553962454,0.09105133326613052,False,True,True,0.85,True,False,False,0,True,False,True,False,True,False,True,False,False,0,0,False,0,15,24,24,,,,False,False,False,
302,2026-08-18T21:57:46.010237,shadow,analysis_full,silero,webrtc,False,0.00015447175246663392,True,True,False,1,False,True,False,0,0.0,,,,,,,,,,,,,0.000575577418351669,0.41242019691371085,0.5317068653622019,0.055872935986701615,,,,,,,,,,,,,,False,False,temporal_v1,False,8.100175192474834e-05,0.19832985386221294,3.7558267146822533,0.8242495078313566,63.43008877051311,1822.8499194249034,0.00023737975221568066,0.0003060384648850346,3.215920025095378e-05,0.0,0.0,0.12570069985400006,0.12160861533167901,0.00757265135434377,0.03493361279891756,0.12396560495722597,112.11690875563382,0.005302407995265952,0.8532420177485025,-0.0005050356571820254,2133.3333333333335,0.04635535771107583,True,0.00015296870697056875,0.12570069985400006,False,True,True,0.85,True,False,False,0,True,False,True,False,True,False,True,False,False,0,0,False,0,15,24,24,,,,False,False,False,
303,2026-08-18T21:57:46.020655,shadow,analysis_full,silero,webrtc,False,0.000153035725816153,True,True,False,1,False,True,False,0,0.0,,,,,,,,,,,,,0.0004562942515762067,0.2533519216376147,0.6891325629359752,0.057515513234841734,,,,,,,,,,,,,,False,False,temporal_v1,False,7.140321174688236e-05,0.2045929018789144,3.9199589516779194,0.7831787044579906,61.88295382519314,1812.7679092206554,0.00011560302546902919,0.000314447227041664,2.624399806551352e-05,0.0,0.0,0.17181080623803346,0.16922767830973345,0.006763715097106556,0.033849442463979106,0.12627276099061774,122.96971332050714,0.007097233881182858,1.708838788302897,-0.0010270112367624464,2166.666666666667,0.00729627095161751,True,0.00015225069364532828,0.17181080623803346,False,True,True,0.85,True,False,False,0,True,False,True,False,True,False,True,False,False,0,0,False,0,15,24,24,,,,False,False,False,
304,2026-08-18T21:57:46.032828,shadow,analysis_full,silero,webrtc,False,0.000153035725816153,True,True,False,1,False,True,False,0,0.0,,,,,,,,,,,,,0.0004864435093304911,0.34937972468103823,0.5895056006009671,0.06111467266225755,,,,,,,,,,,,,,False,False,temporal_v1,False,7.685818264920555e-05,0.18580375782881003,3.8190023779578386,0.8358438431802443,62.94672613679214,1697.2827410986474,0.00016995349936276504,0.0002867611731263133,2.972883584141279e-05,0.0,0.0,0.18063010773606256,0.17820685829596908,0.0065890305881899725,0.03390540634766061,0.1263358097671407,121.51259287958618,0.004375589176926235,1.1333694494026365,-0.0006779522703350891,1966.6666666666667,0.02654318228623173,True,0.00015225069364532828,0.18063010773606256,False,True,True,0.85,True,False,False,0,True,False,True,False,True,False,True,False,False,0,0,False,0,15,24,24,,,,False,False,False,
305,2026-08-18T21:57:46.042884,shadow,analysis_full,silero,webrtc,False,0.0001624838332645595,True,True,False,1,False,True,False,0,0.0,,,,,,,,,,,,,0.0004532833577198904,0.5513749014505095,0.37005884836800784,0.078566247975357,,,,,,,,,,,,,,False,False,temporal_v1,False,7.654505278546889e-05,0.16075156576200417,3.7299951159020113,0.8762555286824765,63.10920617931033,1711.9051732983341,0.00024992906669196063,0.00016774151734220638,3.561277268572336e-05,0.0,0.0,0.16645481131437478,0.16504838289670398,0.008544043910609415,0.030331809277276273,0.07472287134857328,117.8407494230437,0.005202322976786939,1.0201406203201344,-0.0006072962991500376,1900.0000000000002,0.03879716519510023,True,0.00015225069364532828,0.16645481131437478,False,True,True,0.85,True,False,False,0,True,False,True,False,True,False,True,False,False,0,0,False,0,15,24,24,,,,False,False,False,
306,2026-08-18T21:57:46.057137,shadow,analysis_full,silero,webrtc,False,0.0001560661185067147,True,True,False,1,False,True,False,0,0.0,,,,,,,,,,,,,0.0004935929336805408,0.506514839188462,0.4496238278382924,0.04386133094728468,,,,,,,,,,,,,,False,False,temporal_v1,False,7.424583487471971e-05,0.1732776617954071,3.676646882372826,0.8672466546835167,62.743148522015915,1636.890763464008,0.0002500121454277603,0.00022193114423537717,2.164964301740334e-05,0.0,0.0,0.1543199322593171,0.15441065645718016,0.009524832331606193,0.025763222243428262,0.08383635323373846,103.68406099720062,0.006679611117986042,1.2929586606348038,-0.0007685258991387234,1700.0000000000002,0.01665760736282907,True,0.00015225069364532828,0.1543199322593171,False,True,True,0.85,True,False,False,0,True,False,True,False,True,False,True,False,False,0,0,False,0,15,24,24,,,,False,False,False,
307,2026-08-18T21:57:46.067684,shadow,analysis_full,silero,webrtc,False,0.00015084217011462897,True,True,False,1,False,True,False,0,0.0,,,,,,,,,,,,,0.0010497167281435826,0.5965107790083122,0.34934923504229015,0.05413998499675976,,,,,,,,,,,,,,False,False,temporal_v1,False,0.00010269095490953901,0.11064718162839249,3.682251266563119,0.8957964006014671,66.13740032935657,1573.6600328073562,0.0006261673432429851,0.0003667177359880562,5.6831647912541305e-05,0.0,0.0,0.1378626702044835,0.13695616887788245,0.009551803159489131,0.027809312409764867,0.09063244281523991,96.52043670392368,0.004110798078137932,1.0938800251900311,-0.0006534396087065414,1566.6666666666667,0.027719432931518004,True,0.00015225069364532828,0.1378626702044835,False,True,True,0.85,True,False,False,0,True,False,True,False,True,False,True,False,False,0,0,False,0,15,24,24,,,,False,False,False,
308,2026-08-18T21:57:46.084832,shadow,analysis_full,silero,webrtc,False,0.0001587183796800673,True,True,False,1,False,True,False,0,0.0,,,,,,,,,,,,,0.0010093670669091748,0.7908681991605904,0.17213082752501624,0.037000972323673664,,,,,,,,,,,,,,False,False,temporal_v1,False,0.00010300346527121517,0.10855949895615867,2.976611781696497,0.9278176851976241,66.31900122688411,1621.5909120233944,0.0007982763144984661,0.0001737431885035747,3.734756290713404e-05,0.0,0.0,0.15050020783103812,0.1464081844659836,0.011547028974675348,0.03142707934220128,0.25904941500092704,80.52618679798357,0.00904837507357282,0.8206208193650786,-0.0004886031138940258,1066.6666666666667,0.03100300597653807,True,0.000153035725816153,0.15050020783103812,False,True,True,0.85,True,False,False,0,True,False,True,False,True,False,True,False,False,0,0,False,0,15,24,24,,,,False,False,False,
309,2026-08-18T21:57:46.104693,shadow,analysis_full,silero,webrtc,False,0.0001667518081376329,True,True,False,1,False,True,False,0,0.0,,,,,,,,,,,,,0.0010565762843344636,0.6953188400380244,0.2857927935141121,0.018888365501410487,,,,,,,,,,,,,,False,False,temporal_v1,False,0.00010526866850356679,0.09812108559498957,2.652552827403702,0.9423116598861421,66.59362010907319,1326.2005289568729,0.000734657396435125,0.0003019618878607071,1.995699903863156e-05,0.0,0.0,0.15858783411021157,0.15119925014774915,0.016257667535549032,0.03742778956187278,0.40663993072310867,134.148599365801,0.00570098219281377,1.192333869226879,-0.0007238202708157003,1066.6666666666667,0.009001274677359596,True,0.00015375373914139345,0.15858783411021157,False,True,True,0.85,True,False,False,0,True,False,True,False,True,False,True,False,False,0,0,False,0,15,24,24,,,,False,False,False,
310,2026-08-18T21:57:46.120559,shadow,analysis_full,silero,webrtc,False,0.00014761379861738533,True,True,False,1,False,True,False,0,0.0,,,,,,,,,,,,,0.0017247176881870663,0.6499768723981805,0.325980309588003,0.02404281743401157,,,,,,,,,,,,,,False,False,temporal_v1,False,0.00013124477804779268,0.11482254697286012,3.47770879049945,0.9267984964311112,68.58905312711661,1438.6242879834797,0.0011210266087376497,0.0005622240059471247,4.146707250229213e-05,0.0,0.0,0.15479353794669717,0.14509228055241666,0.018476281276760893,0.03962694487180293,0.40403625944646837,147.64114258986956,0.011710135711728112,1.06415947861611,-0.0006225745422034609,1133.3333333333335,0.019895723850207075,True,0.00015375373914139345,0.15479353794669717,False,True,True,0.85,True,False,False,0,True,False,True,False,True,False,True,False,False,0,0,False,0,15,24,24,,,,False,False,False,
311,2026-08-18T21:57:46.132412,shadow,analysis_full,silero,webrtc,False,0.00015318012447096407,True,True,False,1,False,True,False,0,0.0,,,,,,,,,,,,,0.0013800814356741506,0.7728175336448998,0.18629935655299032,0.040883109077515,,,,,,,,,,,,,,False,False,temporal_v1,False,0.00011960891357869503,0.10855949895615867,3.375571711497758,0.9255614762670373,67.72184582022474,1513.1434227719064,0.0010665511313468095,0.00025710828345682136,5.6422019870519804e-05,0.0,0.0,0.1701159042124971,0.16082335553091742,0.017029753639392492,0.04004271149430934,0.38321491474006913,150.19730614690104,0.0074737252310660635,1.0446076901869248,-0.0006235862230006107,1033.3333333333335,0.024456923701433174,True,0.000153825938468799,0.1701159042124971,False,True,True,0.85,True,False,False,0,True,False,True,False,True,False,True,False,False,0,0,False,0,15,24,24,,,,False,False,False,
312,2026-08-18T21:57:46.142794,shadow,analysis_full,silero,webrtc,False,0.00014370630378834903,True,True,False,1,False,True,False,0,0.0,,,,,,,,,,,,,0.0014701770899456477,0.6249381535177709,0.32951217723015336,0.04554966857188555,,,,,,,,,,,,,,False,False,temporal_v1,False,0.00012088079910670227,0.11064718162839249,3.6566639736573534,0.9084358453788307,67.73953037367244,1543.890082376098,0.0009187697559347629,0.00048444125382188143,6.696607918900343e-05,0.0,0.0,0.1637764867807869,0.15496327319220723,0.01678313560370758,0.037198849837639436,0.3778837297352087,134.1416177491543,0.007246908894680844,1.2082807844324335,-0.0007184811228394172,1433.3333333333335,0.02205189026250254,True,0.00015310792514355853,0.1637764867807869,False,True,True,0.85,True,False,False,0,True,False,True,False,True,False,True,False,False,0,0,False,0,15,24,24,,,,False,False,False,
313,2026-08-18T21:57:46.150509,shadow,analysis_full,silero,webrtc,False,0.0001347895449725911,True,True,False,1,False,True,False,0,0.0,,,,,,,,,,,,,0.001571578082956591,0.7846690471940126,0.182371880178629,0.03295907199105522,,,,,,,,,,,,,,False,False,temporal_v1,False,0.00012338105787334497,0.11691022964509394,3.005136095011267,0.9285919487014895,68.02540461897779,1541.7522696741455,0.0012331686769445412,0.00028661164983631885,5.179775517573083e-05,0.0,0.0,0.1327173347163315,0.12353819882381097,0.016737885379715368,0.030008214495069643,0.3750668384669374,111.3525134955242,0.005195393734213357,1.0056225791864506,-0.0005988561072124754,1033.3333333333335,0.023446877043303446,True,0.00015310792514355853,0.1327173347163315,False,True,True,0.85,True,False,False,0,True,False,True,False,True,False,True,False,False,0,0,False,0,15,24,24,,,,False,False,False,
314,2026-08-18T21:57:46.160168,shadow,analysis_full,silero,webrtc,False,0.0001298770512221381,True,True,False,1,False,True,False,0,0.0,,,,,,,,,,,,,0.002497645091759125,0.7328804549229339,0.21549545703762724,0.05162408763906167,,,,,,,,,,,,,,False,False,temporal_v1,False,0.00015695112785355317,0.10438413361169102,3.725892772693801,0.9150181173072007,70.166951914412,1494.776111153536,0.0018304752710844607,0.0005382311705664191,0.0001289386491082453,0.0,0.0,0.0956831125465547,0.08941770482389473,0.015975271945967658,0.023854458216427052,0.3657182607086634,102.71349424944172,0.005159764785803429,1.344397243772013,-0.0007971160967759598,1333.3333333333335,0.016316963510289266,True,0.00015201114729279652,0.0956831125465547,False,True,True,0.85,True,False,False,0,True,False,True,False,True,False,True,False,False,0,0,False,0,15,24,24,,,,False,False,False,
315,2026-08-18T21:57:46.167934,shadow,analysis_full,silero,webrtc,False,0.00011849722068291157,True,True,False,1,False,True,False,0,0.0,,,,,,,,,,,,,0.001201825363220678,0.7276691969853833,0.22597420133710006,0.04635660084544901,,,,,,,,,,,,,,False,False,temporal_v1,False,0.00010994776558716388,0.11064718162839249,3.754951215359712,0.9113896477227624,66.86311898953137,1537.6184301227836,0.0008745312969714574,0.0002715815266004629,5.571253864875774e-05,0.0,0.0,0.0880292443192369,0.08637536861794418,0.010856573165951651,0.01983188657542867,0.3680671480092994,85.44129194753816,0.0029975560064366426,1.1435071824811485,-0.0006810529971591703,1466.6666666666667,0.02774193909657593,True,0.00014922798436600715,0.0880292443192369,False,True,True,0.85,True,False,False,0,True,False,True,False,True,False,True,False,False,0,0,False,0,15,24,24,,,,False,False,False,
316,2026-08-18T21:57:46.182651,shadow,analysis_full,silero,webrtc,False,0.00011012799950549379,True,True,False,1,False,True,False,0,0.0,,,,,,,,,,,,,0.002245784186977884,0.7166141369103659,0.22353983784842804,0.05984602479592743,,,,,,,,,,,,,,False,False,temporal_v1,False,0.00015021712070332764,0.1440501043841336,3.8311418480513755,0.9096457467870102,69.74363602030755,1511.2571447390449,0.0016093606968381041,0.0005020222329996,0.00013440125614018017,0.0,0.0,0.06392830738516678,0.06356745280559252,0.012438094667644875,0.011548489925627828,0.3823861865181849,76.51404310494246,0.0025161759022945826,1.415780988467804,-0.0008464547245980037,1466.6666666666667,0.016623829091656505,True,0.00014566005120286718,0.06392830738516678,False,True,True,0.85,True,False,False,0,True,False,True,False,True,False,True,False,False,0,0,False,0,15,24,24,,,,False,False,False,
317,2026-08-18T21:57:46.197143,shadow,analysis_full,silero,webrtc,False,0.00010690213821362704,True,True,False,1,False,True,False,0,0.0,,,,,,,,,,,,,0.0016121238384757606,0.7155005185533837,0.22629536075031895,0.05820412007599761,,,,,,,,,,,,,,False,False,temporal_v1,False,0.00012637811800588264,0.1524008350730689,3.848809791566875,0.9028224998859568,68.12604621253514,1538.900262294533,0.0011534754424016782,0.0003648161456020612,9.383224947202135e-05,0.0,0.0,0.05175616011463246,0.05431220816312184,0.012913882815332886,0.01651777907712107,0.39706034210981106,74.31235492831813,0.0017186695171664645,1.3645596674010922,-0.0008127349769394721,1533.3333333333335,0.017674229178137765,True,0.00013924792438047007,0.05175616011463246,False,True,True,0.85,True,False,False,0,True,False,True,False,True,False,True,False,False,0,0,False,0,15,24,24,,,,False,False,False,
318,2026-08-18T21:57:46.212985,shadow,analysis_full,silero,webrtc,False,0.00011194861144758761,True,True,False,1,False,True,False,0,0.0,,,,,,,,,,,,,0.0009182914837799896,0.7158544102106829,0.2149123785288163,0.06923321017152198,,,,,,,,,,,,,,False,False,temporal_v1,False,9.829449007633237e-05,0.1315240083507307,3.814863701918227,0.8990157585928396,65.73121097758747,1575.6459616582556,0.0006573630085228173,0.0001973522069619135,6.357626729525879e-05,0.0,0.0,0.04624716622719051,0.05056279482064615,0.015199981013757993,0.016791251329935607,0.3805281361270146,68.24420453837881,0.001585314756657627,1.3334996986651075,-0.0007852207588587444,1533.3333333333335,0.019673930662905917,True,0.0001323332980973646,0.04624716622719051,False,True,False,0.85,True,False,False,0,True,False,True,False,True,False,True,False,False,0,0,False,0,15,24,24,,,,False,False,False,
319,2026-08-18T21:57:46.226298,shadow,analysis_full,silero,webrtc,False,0.00010936102626146749,True,True,False,1,False,True,False,0,0.0,,,,,,,,,,,,,0.0008826706694128997,0.7722496029651325,0.1693249207024375,0.05842547519950458,,,,,,,,,,,,,,False,False,temporal_v1,False,9.529242017088662e-05,0.14822546972860126,3.57076289153474,0.9118671543624216,65.49114344148362,1574.1608613973387,0.0006816420740030795,0.00014945814110470666,5.1570453305113473e-05,0.0,0.0,0.04888564708668076,0.05242539181376105,0.012928966932272145,0.017221800395524296,0.24984630539633582,38.25745737088958,0.004376334543617991,1.1137938648035657,-0.0006630679963404604,1400.0,0.02545471773952448,True,0.00012418713595252484,0.04888564708668076,False,True,False,0.85,True,False,False,0,True,False,True,False,True,False,True,False,False,0,0,False,0,15,24,24,,,,False,False,False,
320,2026-08-18T21:57:46.236997,shadow,analysis_full,silero,webrtc,False,0.00010936102626146749,True,True,False,1,False,True,False,0,0.0,,,,,,,,,,,,,0.0006049773045225334,0.7361871729107675,0.2014292791195813,0.06238354631669657,,,,,,,,,,,,,,False,False,temporal_v1,False,8.150777244165337e-05,0.11482254697286012,3.708277352920806,0.8998640571514307,63.87467102697808,1566.2882401643087,0.0004453765314916204,0.00012186014233368132,3.774062969723171e-05,0.0,0.0,0.042762779153126367,0.04186843777390712,0.010501862801943445,0.017221800395524296,0.24755773067733225,25.972530923376848,0.0036565742510038,1.2194792903265974,-0.0007279316273746377,1600.0,0.02140646541769526,True,0.00011522291606524959,0.042762779153126367,False,True,False,0.85,True,False,False,0,True,False,True,False,True,False,True,False,False,0,0,False,0,15,24,24,,,,False,False,False,
321,2026-08-18T21:57:46.256024,shadow,analysis_full,silero,webrtc,False,0.00010820659372257069,True,True,False,1,False,True,False,0,0.0,,,,,,,,,,,,,0.0018068790982847052,0.4567286452650128,0.5025966003714307,0.0406747538101161,,,,,,,,,,,,,,False,False,temporal_v1,False,0.00013071621493878976,0.1440501043841336,3.2655329198127885,0.8927459062747087,68.38941521540875,1604.0868940499392,0.0008252534427172413,0.0009081312920800891,7.349436248737495e-05,0.0,0.0,0.09005556383941549,0.09371342587000114,0.010525162935308054,0.017286214233389937,0.2606847623938009,30.579732898670986,0.009719393195700922,1.314852458061047,-0.0007828259891922035,1366.6666666666667,0.010605320316025643,True,0.0001110383054765407,0.09005556383941549,False,True,True,0.85,True,False,False,0,True,False,True,False,True,False,True,False,False,0,0,False,0,15,24,24,,,,False,False,False,
322,2026-08-18T21:57:46.276306,shadow,analysis_full,silero,webrtc,False,0.00013617156946565956,True,True,True,1,False,True,False,0,0.0,,,,,,,,,,,,,0.016561177401032533,0.04295602995147802,0.8625731544194504,0.09447081556868943,,,,,,,,,,,,,,False,False,temporal_v1,False,0.00038164354187826945,0.20250521920668058,3.7821555826582247,0.7486565909776692,77.16437372465678,1960.170934579221,0.0007114024324704944,0.014285227031708748,0.0015645479358532917,0.0,0.0,0.21710766821962252,0.2071814797830064,0.01605987142584659,0.027271241407612407,0.26521534224110527,126.96174172032359,0.013252923606227415,1.198744336329177,-0.0006981722788434564,2400.0,0.015536775713933786,True,0.0001110383054765407,0.21710766821962252,False,True,True,0.85,True,False,False,0,True,True,True,True,True,True,True,False,False,1,0,False,0,15,24,24,,,,False,False,False,
323,2026-08-18T21:57:46.287878,shadow,analysis_full,silero,webrtc,False,0.00033991775126196444,True,True,True,1,False,True,False,0,0.0,,,,,,,,,,,,,0.04876732372035697,0.11483487664750759,0.7109287858980221,0.17423633743396486,,,,,,,,,,,,,,False,False,temporal_v1,False,0.0006528933356621833,0.24008350730688935,3.728801128013438,0.7212691135902303,81.6863008818849,2059.315417524565,0.005600189603856264,0.03467009424400919,0.008497039871491516,0.0,0.0,0.26106211511236477,0.2353166371896539,0.03692102075626378,0.04019263589378958,0.1640854767410034,187.57737746459108,0.007694049536161379,0.8439997016918085,-0.0004774654734304874,2566.666666666667,0.03090910800054153,True,0.0001110383054765407,0.26106211511236477,False,True,True,0.85,True,False,False,0,True,True,True,True,True,True,True,False,False,2,0,False,0,15,24,24,,,,False,False,False,
324,2026-08-18T21:57:46.299442,shadow,analysis_full,silero,webrtc,False,0.0008136515389196575,True,True,True,1,False,True,False,0,0.0,,,,,,,,,,,,,0.0075223037242013,0.2690137882683477,0.6377865454679722,0.09319966613074201,,,,,,,,,,,,,,False,False,temporal_v1,False,0.00025867546072079397,0.2150313152400835,3.903335094645314,0.7687963108533087,73.8661189366354,1873.6537826566266,0.002023603421352492,0.004797624106219209,0.0007010761956295984,0.0,0.0,0.26962932944212226,0.24416257885553586,0.03678424301046433,0.04152127401567515,0.17483126924940828,192.1765481863929,0.006737477367091423,1.0482079463384397,-0.0006079914786977089,2266.666666666667,0.02646946130686355,True,0.0001110383054765407,0.26962932944212226,False,True,True,0.85,True,False,False,0,True,True,True,True,True,True,True,False,False,3,0,False,0,15,24,24,,,,False,False,False,
325,2026-08-18T21:57:46.310813,shadow,analysis_full,silero,webrtc,False,0.0009294655756093562,True,True,True,1,False,True,False,0,0.0,,,,,,,,,,,,,0.004046900074599581,0.2831210994831813,0.5251418403123779,0.191737059957338,,,,,,,,,,,,,,False,False,temporal_v1,False,0.00019137999659645305,0.22129436325678498,3.9566175199476135,0.7317056191119213,70.9795795213188,2096.3377864956296,0.0011457627986192018,0.0021251965527355234,0.0007759407222448554,0.0,0.0,0.26948721773225615,0.23959408539127564,0.04901013515001641,0.04154908131262293,0.18868251718543502,221.59500873789622,0.006338209449604267,0.879846421238754,-0.0005103834861277807,2600.0,0.055944854764268234,True,0.0001110383054765407,0.26948721773225615,False,True,True,0.85,True,False,False,0,True,True,True,True,True,True,True,False,False,4,0,False,0,15,24,24,,,,False,False,False,
326,2026-08-18T21:57:46.322282,shadow,analysis_full,silero,webrtc,False,0.0007552785682491958,True,True,True,1,False,True,False,0,0.0,,,,,,,,,,,,,0.003799787036884161,0.19211436584233468,0.5367353021390515,0.2711503317554412,,,,,,,,,,,,,,False,False,temporal_v1,False,0.0001870450775242402,0.2755741127348643,3.9639685853998716,0.6480909382716062,70.24847446061749,2276.349819038001,0.0007299936769269245,0.0020394798433060715,0.001030313515651165,0.0,0.0,0.26982114728698675,0.2312155364023842,0.07166538327403167,0.050633944713338805,0.19895430480844384,259.615741739293,0.005319437579246934,0.9235724652710015,-0.0005506653965304281,2900.0,0.05661036844984843,True,0.00012406009045662358,0.26982114728698675,False,True,True,0.85,True,False,False,0,True,True,True,True,True,False,True,False,False,5,0,False,0,15,24,24,,,,False,False,False,
327,2026-08-18T21:57:46.344695,shadow,analysis_full,silero,webrtc,False,0.001584179699420929,True,True,True,1,False,True,False,0,0.0,,,,,,,,,,,,,0.003486429316896172,0.25633025567054085,0.47067608245989695,0.27299366158273575,,,,,,,,,,,,,,False,False,temporal_v1,False,0.00018140957497772306,0.2839248434237996,4.147702407843256,0.6679696102322052,70.105939364585,2343.6420222678007,0.000893677318177265,0.0016409788926500248,0.0009517731050688822,0.0,0.0,0.25602133153526824,0.2178830339207047,0.08369035554830793,0.05722726252114749,0.23080736160063198,285.7467281916934,0.005117732618965495,0.9555898036857222,-0.0005758090850715074,2833.3333333333335,0.05868286555212529,True,0.000238044660363812,0.25602133153526824,False,True,True,0.85,True,False,False,0,True,True,True,True,True,False,True,False,False,6,0,False,0,15,24,24,,,,False,False,False,
328,2026-08-18T21:57:46.353820,shadow,analysis_full,silero,webrtc,False,0.002192619489505887,True,True,False,1,False,True,False,0,0.0,,,,,,,,,,,,,0.000810616224389974,0.24257494546571767,0.4419644350342034,0.31546061826644956,,,,,,,,,,,,,,False,False,temporal_v1,False,9.293884817077275e-05,0.27139874739039666,4.327626612615306,0.656104596853142,63.8184841881933,2329.3785517294104,0.0001966351864250239,0.0003582635416420739,0.00025571749532287617,0.0,0.0,0.23299911085997518,0.1998229871612125,0.09658015592912401,0.056430800227195675,0.28298379101641824,291.45596610283155,0.0028917336205561777,1.1101067057534737,-0.0006800590660973932,2933.3333333333335,0.05580264591019835,True,0.0005475981597555801,0.23299911085997518,False,True,True,0.85,True,False,False,0,True,False,True,False,True,False,True,False,False,0,0,False,0,15,24,24,,,,False,False,False,
329,2026-08-18T21:57:46.366922,shadow,analysis_full,silero,webrtc,False,0.0025952982250601053,True,True,True,1,False,True,False,0,0.0,,,,,,,,,,,,,0.007272146473828853,0.4745360236591216,0.3093436155176092,0.21612036068575813,,,,,,,,,,,,,,False,False,temporal_v1,False,0.000254930449836584,0.20041753653444677,3.976675754234134,0.7681204084833363,73.7336552090352,1926.9816357525906,0.0034508954711574467,0.0022495920827878503,0.001571658918883556,0.0,0.0,0.1905950905541424,0.1796326728895544,0.09188009946684955,0.05260338963205603,0.2709583813017471,261.4100189414737,0.004946148952419954,1.5648029272524135,-0.0009465941264363098,2600.0,0.011310348724630598,True,0.0007844650535844266,0.1905950905541424,False,True,True,0.85,True,False,False,0,True,True,True,True,True,False,True,False,False,1,0,False,0,15,24,24,,,,False,False,False,
330,2026-08-18T21:57:46.376749,shadow,analysis_full,silero,webrtc,False,0.0025434447452425957,True,True,True,1,False,True,False,0,0.0,,,,,,,,,,,,,0.012064928168007392,0.2195464927297843,0.517674401703332,0.26277910548399874,,,,,,,,,,,,,,False,False,temporal_v1,False,0.00033461015270250163,0.2546972860125261,3.9073701671942236,0.6732915909302033,75.55297931615928,2181.840215842934,0.0026488126643228046,0.006245704470966905,0.003170411031717682,0.0,0.0,0.12643338116369726,0.1453437711299989,0.0872529074852509,0.04089087724811774,0.265150194712044,220.4459815471189,0.006417257171030691,0.7581980087452935,-0.00043399276044178887,2833.3333333333335,0.04495322692828041,True,0.0008715585572645068,0.12643338116369726,False,True,True,0.85,True,False,False,0,True,True,True,True,True,False,True,False,False,2,0,False,0,15,24,24,,,,False,False,False,
331,2026-08-18T21:57:46.386294,shadow,analysis_full,silero,webrtc,False,0.003024244448170066,True,True,True,1,False,True,False,0,0.0,,,,,,,,,,,,,0.007435688543756941,0.2561984841483011,0.4912424074680793,0.2525591082491329,,,,,,,,,,,,,,False,False,temporal_v1,False,0.00025796303228287575,0.2651356993736952,3.802876140448191,0.6851373374879248,73.34216854661496,2057.959412470266,0.0019050121335094168,0.0036527255414179763,0.0018779508678295467,0.0,0.0,0.10733601510408927,0.14576543374248432,0.07201797677210797,0.029806377114947387,0.16893158989770393,159.00108927222448,0.0051509310072195775,1.2880773354499209,-0.0007570929795687388,2766.666666666667,0.014490345670040573,True,0.0012568226375151426,0.10733601510408927,False,True,True,0.85,True,False,False,0,True,True,True,True,True,False,True,False,False,3,0,False,0,15,24,24,,,,False,False,False,
332,2026-08-18T21:57:46.399008,shadow,analysis_full,silero,webrtc,False,0.002599727362394333,True,True,True,1,False,True,False,0,0.0,,,,,,,,,,,,,0.0037208606270215396,0.10437847580570599,0.6783228274715584,0.2172986964539806,,,,,,,,,,,,,,False,False,temporal_v1,False,0.00018843710245260026,0.30062630480167013,4.03713643642253,0.622185033957159,70.13799695262102,2385.0098447791056,0.0003883777609339718,0.002523944701148846,0.0008085381639387215,0.0,0.0,0.09746741025622767,0.11313506221139548,0.059971030216303976,0.030985740402329584,0.1607621589671733,169.5488092052851,0.006288916184543256,0.8994820975554314,-0.0005248791177037374,3033.3333333333335,0.05459864353684858,True,0.001888399594463408,0.09746741025622767,False,True,True,0.85,True,False,False,0,True,True,True,True,True,False,True,False,False,4,0,False,0,15,24,24,,,,False,False,False,
333,2026-08-18T21:57:46.411903,shadow,analysis_full,silero,webrtc,False,0.002301051514223218,True,True,True,1,False,True,False,0,0.0,,,,,,,,,,,,,0.0015613644597974345,0.364121124660023,0.42124397134500696,0.21463490335450458,,,,,,,,,,,,,,False,False,temporal_v1,False,0.00012391326697077485,0.10647181628392484,4.180497070739338,0.7395884241565717,67.07831929384058,1991.4263182302016,0.0005685257831056311,0.0006577153657620228,0.0003351233099297806,0.0,0.0,0.09375164424961802,0.09992218722728492,0.057611499456429606,0.05391761323661262,0.14814396874687558,174.4542085331521,0.00658295478421989,2.2458431951189186,-0.0013730969362763794,2833.3333333333335,0.002684583003730156,True,0.0022468355018645525,0.09375164424961802,False,True,True,0.85,True,False,False,0,True,True,True,True,True,False,True,False,False,5,0,False,0,15,24,24,,,,False,False,False,
