frame,timestamp,processing_mode,detector_profile,speech_detector_implementation,comparison_speech_detector_implementation,is_speech,speech_probability,speech_gate_open,comparison_speech_evaluated,comparison_speech_is_speech,comparison_speech_aggressiveness,is_whisper,whisper_processed,trigger,raw_score,whisper_probability,stage1_silero_threshold,stage1_silero_low_pass,stage1_enter_count,stage1_exit_count,stage1_candidate,zcr_threshold,zcr_pass,centroid_threshold,centroid_pass,group_a_pass,entropy_threshold,group_b_pass,total_band_energy,low_proportion,mid_proportion,high_proportion,low_proportion_threshold,group_c_pass,silero_rolling_median,high_silero_threshold,high_silero_raw,high_silero_count,high_silero_normal_evidence,silero_penalty,group_count,effective_group_score,grouped_v1_raw_is_whisper,stage2_is_whisper,stage2_consecutive_count,legacy_is_whisper,grouped_v1_is_whisper,whisper_classifier_implementation,final_trigger,rms,zcr,entropy,voicing,hnr,spectral_centroid,band_energy_low,band_energy_mid,band_energy_high,temporal_score,formant_score,low_proportion_std,mid_proportion_std,high_proportion_std,zcr_std,entropy_std,spectral_centroid_std,spectral_flux,cepstral_peak_prominence,spectral_slope,spectral_rolloff,spectral_flatness,temporal_v1_window_full,temporal_v1_silero_median,temporal_v1_low_proportion_std,temporal_v1_silero_min_pass,temporal_v1_silero_max_pass,temporal_v1_low_proportion_std_pass,temporal_v1_low_proportion_max,temporal_v1_low_proportion_max_pass,temporal_v1_raw_is_whisper,temporal_v1_is_whisper,temporal_v1_qualifying_run,webrtc_mode_0_evaluated,webrtc_mode_0_is_speech,webrtc_mode_1_evaluated,webrtc_mode_1_is_speech,webrtc_mode_2_evaluated,webrtc_mode_2_is_speech,webrtc_mode_3_evaluated,webrtc_mode_3_is_speech,webrtc_assist_open,webrtc_assist_enter_count,webrtc_assist_exit_count,temporal_candidate,temporal_qualifying_run,assisted_confirmation_requirement,fallback_confirmation_requirement,confirmation_requirement,threshold_crossing_route,trigger_route,trigger_suppression_reason,actuation_enabled,actuation_requested,actuation_started,actuation_suppression_reason
0,2026-08-18T21:55:29.177529,shadow,analysis_full,silero,webrtc,False,0.0,True,True,True,1,False,True,False,0,0.0,,,,,,,,,,,,,88.85678059829112,0.20328037909734023,0.43608680478154643,0.3606328161211022,,,,,,,,,,,,,,True,False,temporal_v1,False,0.028396128276349363,0.25052192066805845,4.727296442599511,0.6293119876591071,113.87344730670577,2271.629777717468,18.062840045389805,38.749269534283684,32.04467101861665,0.0,0.0,,,,,,,,1.8707978319520817,-0.0011205088443345071,3366.666666666667,0.011382567687199788,False,,,,,,0.85,True,False,False,0,True,True,True,True,True,True,True,True,False,1,0,False,0,15,24,24,,,,False,False,False,
1,2026-08-18T21:55:29.450791,shadow,analysis_full,silero,webrtc,False,0.011605722829699516,True,True,True,1,False,True,False,0,0.0,,,,,,,,,,,,,0.012897112729319688,0.34659480129466647,0.2896427077345234,0.36376249089327334,,,,,,,,,,,,,,False,False,temporal_v1,False,0.0003435171906277318,0.31315240083507306,4.34885391505221,0.6612137753886395,75.70465399167931,2151.0448008866956,0.004470072223693471,0.0037355546528775436,0.004691485851748673,0.0,0.0,,,,,,,0.002909763605157284,1.0787981200609769,-0.0006368527088790846,3300.0000000000005,0.04806236832230188,False,,,,,,0.85,True,False,False,0,True,True,True,True,True,True,True,True,False,2,0,False,0,15,24,24,,,,False,False,False,
2,2026-08-18T21:55:29.502345,shadow,analysis_full,silero,webrtc,False,0.005622544325888157,True,True,True,1,False,True,False,0,0.0,,,,,,,,,,,,,0.011481525113019758,0.33407537297496814,0.30982809575764597,0.35609653118028944,,,,,,,,,,,,,,False,False,temporal_v1,False,0.0003237279219809985,0.3068893528183716,4.363332192662581,0.6617545661997624,75.1881870385088,2147.460064665198,0.0038356947844535388,0.0035572990621605023,0.004088531265405717,0.0,0.0,,,,,,,0.0031498750449006022,1.3283676995351352,-0.0007915161879640701,3300.0000000000005,0.028926671078659642,False,,,,,,0.85,True,False,False,0,True,True,True,True,True,True,True,True,False,3,0,False,0,15,24,24,,,,False,False,False,
3,2026-08-18T21:55:29.508514,shadow,analysis_full,silero,webrtc,False,0.003434473881497979,True,True,True,1,False,True,False,0,0.0,,,,,,,,,,,,,0.011130249436487155,0.4988550976623069,0.2803847751246811,0.22076012712316684,,,,,,,,,,,,,,False,False,temporal_v1,False,0.00032214131189561813,0.2839248434237996,4.284948093641161,0.7747160758387586,75.82856109828414,1939.4985082166525,0.005552381669644636,0.0031207524853310593,0.0024571152805114606,0.0,0.0,,,,,,,0.003354871499035316,1.2639284752635356,-0.0007474206874083534,2800.0,0.033118227538936056,False,,,,,,0.85,True,False,False,0,True,True,True,True,True,True,True,False,False,4,0,False,0,15,24,24,,,,False,False,False,
4,2026-08-18T21:55:29.513128,shadow,analysis_full,silero,webrtc,False,0.002904987195506692,True,True,True,1,False,True,False,0,0.0,,,,,,,,,,,,,0.008296134943695058,0.5266045618435087,0.27206159412357156,0.2013338439123817,,,,,,,,,,,,,,False,False,temporal_v1,False,0.0002804635787899898,0.3068893528183716,4.285947499842854,0.7733109568986551,74.60375735290773,1967.3113322256986,0.0043687825070191574,0.002257059697845944,0.0016702927378299565,0.0,0.0,,,,,,,0.0016820610602311114,1.282983504484192,-0.0007705392917252334,3000.0,0.034444790182611755,False,,,,,,0.85,True,False,False,0,True,True,True,True,True,False,True,False,False,5,0,False,0,15,24,24,,,,False,False,False,
5,2026-08-18T21:55:29.518431,shadow,analysis_full,silero,webrtc,False,0.0025565142277628183,True,True,False,1,False,True,False,0,0.0,,,,,,,,,,,,,0.008960775525010135,0.514070385799443,0.30484140003760263,0.18108821405135683,,,,,,,,,,,,,,False,False,temporal_v1,False,0.00028847921917010504,0.2546972860125261,4.285519314314881,0.7877768215960999,74.9319748881854,1925.17510819824,0.004606469331204166,0.0027316153564667734,0.0016226908363391947,0.0,0.0,,,,,,,0.001829808250294772,1.1660087336750284,-0.000691118928082574,2600.0,0.04243924539681963,False,,,,,,0.85,True,False,False,0,True,False,True,False,True,False,True,False,False,0,0,False,0,15,24,24,,,,False,False,False,
6,2026-08-18T21:55:29.523956,shadow,analysis_full,silero,webrtc,False,0.002624454675242305,True,True,False,1,False,True,False,0,0.0,,,,,,,,,,,,,0.005882495977060157,0.4179329258485961,0.31809959392752574,0.26396748005388226,,,,,,,,,,,,,,False,False,temporal_v1,False,0.00023339633722690807,0.2839248434237996,4.315308810147775,0.7300621450616963,72.73361013301394,2031.1156327320746,0.0024584887549853477,0.0018712195815831396,0.0015527876394916698,0.0,0.0,,,,,,,0.00212232975722269,1.3628374015864737,-0.0008175609281829953,3066.666666666667,0.02745401511538197,False,,,,,,0.85,True,False,False,0,True,False,True,False,True,False,True,False,False,0,0,False,0,15,24,24,,,,False,False,False,
7,2026-08-18T21:55:29.528577,shadow,analysis_full,silero,webrtc,False,0.0034866901114583015,True,True,False,1,False,True,False,0,0.0,,,,,,,,,,,,,0.0044662967948780755,0.32125232788579844,0.395366214230651,0.28338145765965134,,,,,,,,,,,,,,False,False,temporal_v1,False,0.00020703669313087888,0.27348643006263046,4.40366127561331,0.6902709541207174,71.4275605572445,2206.4104768196753,0.0014348082423834621,0.001765822855421435,0.0012656656960731778,0.0,0.0,,,,,,,0.0030773677827987175,1.0553597205578191,-0.0006250317842123862,3133.3333333333335,0.06090151977426106,False,,,,,,0.85,True,False,False,0,True,False,True,False,True,False,True,False,False,0,0,False,0,15,24,24,,,,False,False,False,
8,2026-08-18T21:55:29.534238,shadow,analysis_full,silero,webrtc,False,0.0030719186179339886,True,True,False,1,False,True,False,0,0.0,,,,,,,,,,,,,0.005895106869787826,0.2925180755954414,0.43331273156497835,0.27416919266994805,,,,,,,,,,,,,,False,False,temporal_v1,False,0.0002362237011819471,0.2839248434237996,4.440086521248633,0.6990272980406045,72.65175592285615,2162.117678461238,0.001724425316979801,0.002554424860615232,0.0016162566911927926,0.0,0.0,,,,,,,0.0034141110405623543,0.9541206423245324,-0.0005597570791216424,3233.3333333333335,0.0751796001276715,False,,,,,,0.85,True,False,False,0,True,False,True,False,True,False,True,False,False,0,0,False,0,15,24,24,,,,False,False,False,
9,2026-08-18T21:55:29.543564,shadow,analysis_full,silero,webrtc,False,0.00309662614017725,True,True,False,1,True,True,False,1,0.0,,,,,,,,,,,,,0.0058989889356205714,0.19633228759226823,0.4086972317433869,0.39497048049482436,,,,,,,,,,,,,,False,False,temporal_v1,False,0.00023420327965586112,0.3068893528183716,4.460015403203429,0.5913211867133414,71.85022518887618,2412.806135584991,0.0011581619922118663,0.002410900448072996,0.0023299264943357095,0.0,0.0,0.11494410438109051,0.06230789000255427,0.07162903485907524,0.02110109188892405,0.12732082077809134,148.80056673891482,0.002974950030893159,0.9235296125480157,-0.0005376123560676833,3400.0000000000005,0.07591512683088952,True,0.0030842723790556192,0.11494410438109051,True,True,True,0.85,True,True,True,1,True,False,True,False,True,False,True,False,False,0,0,True,1,15,24,24,,,,False,False,False,
10,2026-08-18T21:55:29.549410,shadow,analysis_full,silero,webrtc,False,0.003237033961340785,True,True,False,1,True,True,False,1,0.0,,,,,,,,,,,,,0.007495065319096356,0.2363406210925522,0.41295037789439915,0.35070900087962753,,,,,,,,,,,,,,False,False,temporal_v1,False,0.0002638675673528751,0.2797494780793319,4.399299610491196,0.6177633006532465,73.0928580455584,2339.968452390488,0.0017713883926444806,0.0030950900558640456,0.0026285868695878297,0.0,0.0,0.11063550427628972,0.05922995987581905,0.07070661143231767,0.01767023295991551,0.06216695428572948,156.88991919589526,0.0032846038730607366,0.9983402874588296,-0.0005785997421571637,3466.666666666667,0.05760180882100988,True,0.0031668300507590175,0.11063550427628972,True,True,True,0.85,True,True,True,2,True,False,True,False,True,False,True,False,False,0,0,True,2,15,24,24,,,,False,False,False,
11,2026-08-18T21:55:29.555638,shadow,analysis_full,silero,webrtc,False,0.003508011344820261,True,True,False,1,True,True,False,1,0.0,,,,,,,,,,,,,0.009325037353624055,0.1216115528422367,0.46798188754546377,0.41040655950506133,,,,,,,,,,,,,,False,False,temporal_v1,False,0.00029176814042858134,0.31524008350730687,4.387138607467849,0.5564756745064374,73.52435447400798,2474.5349591663226,0.0011340322728860827,0.004363948582180942,0.0038270564975570304,0.0,0.0,0.13333994580636663,0.06696761701056014,0.0767623454812498,0.017960138800837668,0.06262008368966802,188.42694608220887,0.003980878972312051,0.9836955254354757,-0.0005741343980427485,3533.3333333333335,0.058257056639725406,True,0.0031668300507590175,0.13333994580636663,True,True,True,0.85,True,True,True,3,True,False,True,False,True,False,True,False,False,0,0,True,3,15,24,24,,,,False,False,False,
12,2026-08-18T21:55:29.562960,shadow,analysis_full,silero,webrtc,False,0.0034898624289780855,True,True,False,1,True,True,False,1,0.0,,,,,,,,,,,,,0.009123676081734861,0.16531514055433444,0.4116829329225519,0.42300192641350876,,,,,,,,,,,,,,False,False,temporal_v1,False,0.00029046774739633615,0.2818371607515658,4.440010998752871,0.5607638463002301,73.51839470097455,2482.187867312613,0.001508281793824218,0.003756061728363944,0.0038593325585466994,0.0,0.0,0.14402725490367502,0.06625050700459295,0.08444179759385968,0.017094794234600637,0.06680426703080156,211.4384782278884,0.003470961482704044,0.9320343169843638,-0.0005448341328136492,3533.3333333333335,0.07658210225347187,True,0.0031668300507590175,0.14402725490367502,True,True,True,0.85,True,True,True,4,True,False,True,False,True,False,True,False,False,0,0,True,4,15,24,24,,,,False,False,False,
13,2026-08-18T21:55:29.569086,shadow,analysis_full,silero,webrtc,False,0.003130842000246048,True,True,False,1,True,True,False,1,0.0,,,,,,,,,,,,,0.011599302981152726,0.1923518206302764,0.4993243717753136,0.3083238075081979,,,,,,,,,,,,,,False,False,temporal_v1,False,0.00032538715994538436,0.2755741127348643,4.417309216828083,0.62864337796361,75.01045552774355,2284.5401084907403,0.0022311470464669195,0.005791814674095607,0.0035763412595901985,0.0,0.0,0.13708286122254365,0.06896102007414795,0.08016321919574006,0.01742808698408379,0.06150547591098614,194.55223419194064,0.004071338973689614,1.3397364982789286,-0.000788806754796949,3266.666666666667,0.02817782200778406,True,0.003113734070211649,0.13708286122254365,True,True,True,0.85,True,True,True,5,True,False,True,False,True,False,True,False,False,0,0,True,5,15,24,24,,,,False,False,False,
14,2026-08-18T21:55:29.576250,shadow,analysis_full,silero,webrtc,False,0.002631386276334524,True,True,False,1,True,True,False,1,0.0,,,,,,,,,,,,,0.015564300677401336,0.3062910273061609,0.45259442987324644,0.2411145427563431,,,,,,,,,,,,,,False,False,temporal_v1,False,0.0003807502259389568,0.2651356993736952,4.34007824270801,0.7143986966205005,76.94080917282717,2071.444161114394,0.004767205643783232,0.007044315791464241,0.003752779241153864,0.0,0.0,0.11448265230412866,0.05781656844320871,0.07557039397073236,0.016971974185137913,0.054692585098654364,182.71399776396362,0.0038176491387334503,1.1692953156838055,-0.0006955220204389578,2866.666666666667,0.04004446406024134,True,0.003113734070211649,0.11448265230412866,True,True,True,0.85,True,True,True,6,True,False,True,False,True,False,True,False,False,0,0,True,6,15,24,24,,,,False,False,False,
15,2026-08-18T21:55:29.583893,shadow,analysis_full,silero,webrtc,False,0.0019350823713466525,True,True,False,1,True,True,False,1,0.0,,,,,,,,,,,,,0.011072551265128412,0.13925822514818925,0.493075459043149,0.3676663157183483,,,,,,,,,,,,,,False,False,temporal_v1,False,0.00031685088581160135,0.29436325678496866,4.242425677172486,0.6077024029978527,74.6302558823,2363.8857112352694,0.00154194383704412,0.005459603297831992,0.004071004129252299,0.0,0.0,0.08907088587797118,0.05054198193249432,0.06258843860005948,0.014583924172503527,0.0636312137721513,152.21082585452575,0.005127508466262388,0.9905322756961044,-0.0005812917159749484,3133.3333333333335,0.05532380745558244,True,0.003113734070211649,0.08907088587797118,True,True,True,0.85,True,True,True,7,True,False,True,False,True,False,True,False,False,0,0,True,7,15,24,24,,,,False,False,False,
16,2026-08-18T21:55:29.590745,shadow,analysis_full,silero,webrtc,False,0.0019350823713466525,True,True,False,1,True,True,False,1,0.0,,,,,,,,,,,,,0.01117855607684221,0.13936207831010278,0.4624593264351128,0.39817859516532744,,,,,,,,,,,,,,False,False,temporal_v1,False,0.0003190024109596811,0.3068893528183716,4.151963463068888,0.5887801950152777,74.55262805801647,2346.7805566165916,0.0015578668073747595,0.005169627513813586,0.0044510617546538655,0.0,0.0,0.07031531174540277,0.0349177547783271,0.06097909068052024,0.01582926103320865,0.09333696321578341,127.43687556339428,0.005297415312844233,1.0533843202874247,-0.0006047477724488811,3200.0,0.039762109674811134,True,0.003113734070211649,0.07031531174540277,True,True,True,0.85,True,True,True,8,True,False,True,False,True,False,True,False,False,0,0,True,8,15,24,24,,,,False,False,False,
17,2026-08-18T21:55:29.598273,shadow,analysis_full,silero,webrtc,False,0.0018161892658099532,True,True,False,1,True,True,False,1,0.0,,,,,,,,,,,,,0.012825527726946347,0.23510824040748124,0.45559895419700513,0.3092928053175441,,,,,,,,,,,,,,False,False,temporal_v1,False,0.0003424255141443777,0.2839248434237996,4.266485667499752,0.6558991842035885,75.64180192250572,2190.47148433365,0.003015387256179718,0.005843297019421448,0.003966843450345181,0.0,0.0,0.06094004453129023,0.03103186698688693,0.05880948435977843,0.015146853567613399,0.09712063339630997,128.87003629917078,0.004562465095551086,1.1632452238087039,-0.0006836849739864101,3266.666666666667,0.0363458571246859,True,0.0030842723790556192,0.06094004453129023,True,True,True,0.85,True,True,True,9,True,False,True,False,True,False,True,False,False,0,0,True,9,15,24,24,,,,False,False,False,
18,2026-08-18T21:55:29.606838,shadow,analysis_full,silero,webrtc,False,0.0020352420397102833,True,True,False,1,True,True,False,1,0.0,,,,,,,,,,,,,0.011027212408117656,0.3728287375594008,0.36857706290934755,0.2585941994405667,,,,,,,,,,,,,,False,False,temporal_v1,False,0.00031779776974927764,0.2776617954070981,4.37644660568432,0.7136106988867621,75.35315643087095,2096.72989237448,0.004111261680917866,0.004064377561461519,0.002851573164738269,0.0,0.0,0.07576855651956897,0.03941048042595133,0.060907270527537354,0.015484076526754613,0.09331312682313889,137.7091410710645,0.004171790318800769,1.2480545585015694,-0.00073892875150561,3033.3333333333335,0.03667823554017909,True,0.002864006208255887,0.07576855651956897,True,True,True,0.85,True,True,True,10,True,False,True,False,True,False,True,False,False,0,0,True,10,15,24,24,,,,False,False,False,
19,2026-08-18T21:55:29.615665,shadow,analysis_full,silero,webrtc,False,0.0016417164588347077,True,True,False,1,False,True,False,0,0.0,,,,,,,,,,,,,0.008828100065600362,0.25988744362421945,0.4951873928746101,0.2449251633878958,,,,,,,,,,,,,,False,False,temporal_v1,False,0.00028443732858831125,0.27139874739039666,4.361208656905405,0.6951287009466252,74.26521906235654,2141.1125697200637,0.002294312358107682,0.004371563855520818,0.0021622238509718624,0.0,0.0,0.07697126536410293,0.04034818154138809,0.06536924231788484,0.014973211755357912,0.08587626385021851,140.79014462843773,0.0036250524953132207,1.1223911526389585,-0.0006634027145265442,2966.666666666667,0.05018249464427974,True,0.0023333141580224037,0.07697126536410293,False,True,True,0.85,True,False,False,0,True,False,True,False,True,False,True,False,False,0,0,False,0,15,24,24,,,,False,False,False,
20,2026-08-18T21:55:29.624052,shadow,analysis_full,silero,webrtc,False,0.00145308009814471,True,True,False,1,False,True,False,0,0.0,,,,,,,,,,,,,0.009459777605000623,0.38721375039182115,0.409744499187726,0.20304175031474211,,,,,,,,,,,,,,False,False,temporal_v1,False,0.00029616268608517184,0.2567849686847599,4.210292461302623,0.7402167328080309,74.89291275766571,2071.920434092258,0.003662955964304851,0.003876091837188246,0.0019207298025075256,0.0,0.0,0.09252988093378282,0.04066819404762823,0.07523366315491062,0.01722180039552429,0.09100329460123875,151.75217739732113,0.0035039812827177153,1.0633997108311548,-0.000626450660163635,3000.0,0.04927807048103627,True,0.001985162205528468,0.09252988093378282,False,True,True,0.85,True,False,False,0,True,False,True,False,True,False,True,False,False,0,0,False,0,15,24,24,,,,False,False,False,
21,2026-08-18T21:55:29.631630,shadow,analysis_full,silero,webrtc,False,0.0011942111887037754,True,True,False,1,False,True,False,0,0.0,,,,,,,,,,,,,0.004591147876379894,0.325448658944024,0.42714223037748816,0.24740911046067726,,,,,,,,,,,,,,False,False,temporal_v1,False,0.00020600253357844515,0.2588726513569937,4.2180939585630135,0.7075687434801987,71.49036297885883,2116.839154888751,0.0014941829193815404,0.0019610731439097763,0.0011358918120885771,0.0,0.0,0.08834101336960068,0.04087040140047325,0.07062897557293342,0.014756239705279575,0.09252628313811616,136.56403099627778,0.0034978010841918913,1.213643541333986,-0.0007199949334851609,3133.3333333333335,0.03451787043623097,True,0.0019350823713466525,0.08834101336960068,False,True,True,0.85,True,False,False,0,True,False,True,False,True,False,True,False,False,0,0,False,0,15,24,24,,,,False,False,False,
22,2026-08-18T21:55:29.639193,shadow,analysis_full,silero,webrtc,False,0.0010771910892799497,True,True,False,1,False,True,False,0,0.0,,,,,,,,,,,,,0.005942629934080541,0.41746387155604175,0.38681467552769877,0.19572145274798364,,,,,,,,,,,,,,False,False,temporal_v1,False,0.00023318990801805765,0.21294363256784968,4.009650248107969,0.7696409635986527,72.95476535912087,1966.9091858178433,0.002480833299506088,0.0022986964697325543,0.0011631001638418978,0.0,0.0,0.09559963532440484,0.04363922949150195,0.0636661589264972,0.024117027336214267,0.1157077489593457,123.18508270598335,0.005609343587618695,1.4007698819564194,-0.000832257325719991,2833.3333333333335,0.016994510384338635,True,0.0018756358185783029,0.09559963532440484,False,True,True,0.85,True,False,False,0,True,False,True,False,True,False,True,False,False,0,0,False,0,15,24,24,,,,False,False,False,
23,2026-08-18T21:55:29.649281,shadow,analysis_full,silero,webrtc,False,0.0010063023073598742,True,True,False,1,False,True,False,0,0.0,,,,,,,,,,,,,0.007436177292608558,0.5631978547638428,0.31009212669171676,0.1267100184099627,,,,,,,,,,,,,,False,False,temporal_v1,False,0.0002636738662205041,0.2776617954070981,4.057623965522873,0.8385370444380107,74.41145237309411,1759.8013212337653,0.00418803909884074,0.00230590003112164,0.000942238161646177,0.0,0.0,0.12328723171218037,0.05543604950068327,0.07680908469953437,0.0241702808157099,0.11692751436233918,165.58174939959673,0.005083752693336008,1.0404844182254203,-0.0006127017152445611,2333.3333333333335,0.03905974834580615,True,0.0017289528623223305,0.12328723171218037,False,True,True,0.85,True,False,False,0,True,False,True,False,True,False,True,False,False,0,0,False,0,15,24,24,,,,False,False,False,
24,2026-08-18T21:55:29.658895,shadow,analysis_full,silero,webrtc,False,0.0009776204824447632,True,True,False,1,False,True,False,0,0.0,,,,,,,,,,,,,0.0048557873651989365,0.4636435429565876,0.3220883841219679,0.21426807271550458,,,,,,,,,,,,,,False,False,temporal_v1,False,0.0002143719950176679,0.24634655532359082,4.2077556150258,0.7691962238899833,72.20638884822833,1976.522202709645,0.0022513544578446685,0.0015639927060967934,0.0010404402002574741,0.0,0.0,0.13102079513510648,0.06257180156801688,0.07785858155913918,0.02522642958132244,0.11027581800744982,170.32131398296107,0.0036229046879859917,0.9614451533904347,-0.0005711788699778325,3066.666666666667,0.06110962503351038,True,0.001547398278489709,0.13102079513510648,False,True,True,0.85,True,False,False,0,True,False,True,False,True,False,True,False,False,0,0,False,0,15,24,24,,,,False,False,False,
25,2026-08-18T21:55:29.666986,shadow,analysis_full,silero,webrtc,False,0.0009774412028491497,True,True,False,1,False,True,False,0,0.0,,,,,,,,,,,,,0.005098857263407136,0.33048579995421884,0.4330445210728943,0.23646967877676447,,,,,,,,,,,,,,False,False,temporal_v1,False,0.00021788784266888998,0.2588726513569937,4.29040985812125,0.7088965808016572,71.99682710571808,2144.3014779937357,0.0016850999215494867,0.002208032201651192,0.001205725139206458,0.0,0.0,0.11467126546542288,0.057263428128943625,0.06852939757217326,0.023821547934189415,0.11259349645950618,147.97261364286172,0.0037408211321514457,1.1607408268950363,-0.0006821630728755192,3033.3333333333335,0.03873538937662725,True,0.0013236456434242427,0.11467126546542288,False,True,True,0.85,True,False,False,0,True,False,True,False,True,False,True,False,False,0,0,False,0,15,24,24,,,,False,False,False,
26,2026-08-18T21:55:29.675711,shadow,analysis_full,silero,webrtc,False,0.0009064392652362585,True,True,False,1,False,True,False,0,0.0,,,,,,,,,,,,,0.005118880110562063,0.33931940559626134,0.4186749938309608,0.24200560037742253,,,,,,,,,,,,,,False,False,temporal_v1,False,0.00021893246717047667,0.267223382045929,4.4250744732386265,0.7127763305021566,72.06288339130394,2162.1928317797447,0.0017369353564344438,0.0021431470987109996,0.001238797654416619,0.0,0.0,0.09135469014769178,0.05446689291337475,0.04537443472678911,0.01943788409019516,0.12628359657305308,123.10804384977243,0.003080109381550839,0.9429923258789463,-0.0005544050252148606,3133.3333333333335,0.07566358990612372,True,0.0011357011389918625,0.09135469014769178,False,True,True,0.85,True,False,False,0,True,False,True,False,True,False,True,False,False,0,0,False,0,15,24,24,,,,False,False,False,
27,2026-08-18T21:55:29.685702,shadow,analysis_full,silero,webrtc,False,0.0010339770233258605,True,True,False,1,False,True,False,0,0.0,,,,,,,,,,,,,0.004016989120527723,0.3127276657531727,0.3441581804600135,0.34311415353787106,,,,,,,,,,,,,,False,False,temporal_v1,False,0.00019391221435795223,0.2860125260960334,4.380804125001609,0.6642586932316497,70.6774650975452,2234.450859466769,0.0012562236310185246,0.001382479666648491,0.0013782858218607066,0.0,0.0,0.08247576666473783,0.053900446452041714,0.05208389371696139,0.019690732563760496,0.13295341053187132,128.27199455610037,0.0033093222886086864,1.0890113337769134,-0.0006501727600805795,3233.3333333333335,0.05513538394295964,True,0.001055584056302905,0.08247576666473783,False,True,True,0.85,True,False,False,0,True,False,True,False,True,False,True,False,False,0,0,False,0,15,24,24,,,,False,False,False,
28,2026-08-18T21:55:29.695680,shadow,analysis_full,silero,webrtc,False,0.000919318466912955,True,True,False,1,False,True,False,0,0.0,,,,,,,,,,,,,0.003919103594733893,0.25208953479433416,0.3778848183327083,0.370025646617797,,,,,,,,,,,,,,False,False,temporal_v1,False,0.0001903502571364185,0.2881002087682672,4.346340737183983,0.6254379879852415,70.2508710591047,2276.323610588839,0.00098796500200727,0.0014809697499230815,0.0014501688418035415,0.0,0.0,0.09066613453634037,0.05357504493285077,0.0666347990850571,0.020773229388903126,0.13045811657171863,142.9042157714912,0.0036011358974344515,1.3634750173494499,-0.0008172994851405044,3300.0000000000005,0.02632115022834632,True,0.0010201396653428674,0.09066613453634037,False,True,True,0.85,True,False,False,0,True,False,True,False,True,False,True,False,False,0,0,False,0,15,24,24,,,,False,False,False,
29,2026-08-18T21:55:29.704361,shadow,analysis_full,silero,webrtc,False,0.000746500154491514,True,True,False,1,False,True,False,0,0.0,,,,,,,,,,,,,0.0027332080565592794,0.16133259953538504,0.4388070906498842,0.3998603094488604,,,,,,,,,,,,,,False,False,temporal_v1,False,0.00016099532984207123,0.2985386221294363,4.398658960668422,0.5976694633197862,68.54990350819881,2349.8829399225783,0.0004409555608357662,0.0011993510754396016,0.001092901419283912,0.0,0.0,0.10568493639463082,0.044702047108427526,0.0817303083708048,0.02337831762700529,0.134063692640291,163.35739718427632,0.004034559394409489,1.1427877950279726,-0.0006775962508518011,3400.0000000000005,0.04193049652095808,True,0.0009919613949023187,0.10568493639463082,False,True,True,0.85,True,False,False,0,True,False,True,False,True,False,True,False,False,0,0,False,0,15,24,24,,,,False,False,False,
30,2026-08-18T21:55:29.714681,shadow,analysis_full,silero,webrtc,False,0.0006766761653125286,True,True,False,1,False,True,False,0,0.0,,,,,,,,,,,,,0.0034162254746194893,0.4401363922378439,0.3212217610329852,0.23864184643645023,,,,,,,,,,,,,,False,False,temporal_v1,False,0.00017918252920167438,0.2651356993736952,4.327003941681226,0.7467701732287796,70.47884130119343,2032.6753937121218,0.001503605155470038,0.001097365963043018,0.0008152543551064335,0.0,0.0,0.10844008554959376,0.047938660791333555,0.08002237790628319,0.02321367953890211,0.13478797976035312,164.59366248365347,0.00410354350322063,1.1003111622338837,-0.0006445377762557268,3000.0,0.047696204923359464,True,0.0009775308426469564,0.10844008554959376,False,True,True,0.85,True,False,False,0,True,False,True,False,True,False,True,False,False,0,0,False,0,15,24,24,,,,False,False,False,
31,2026-08-18T21:55:29.724631,shadow,analysis_full,silero,webrtc,False,0.0006693750619888306,True,True,False,1,False,True,False,0,0.0,,,,,,,,,,,,,0.0016113643510476307,0.20780742860362925,0.4776044936816659,0.31458807709411263,,,,,,,,,,,,,,False,False,temporal_v1,False,0.00012439266116973685,0.24634655532359082,4.305226502117954,0.667097282301439,66.66673608105636,2190.983854400705,0.0003348534823347639,0.0007695948550187899,0.0005069160126940769,0.0,0.0,0.11760735075773918,0.054984837092871,0.08137241538248932,0.02389097202658867,0.1342154397328983,166.75143703276726,0.0033364944070294555,1.2830009029979166,-0.0007636756281471745,3200.0,0.030991159294569935,True,0.0009483798348810524,0.11760735075773918,False,True,True,0.85,True,False,False,0,True,False,True,False,True,False,True,False,False,0,0,False,0,15,24,24,,,,False,False,False,
32,2026-08-18T21:55:29.732453,shadow,analysis_full,silero,webrtc,False,0.0006693750619888306,True,True,False,1,False,True,False,0,0.0,,,,,,,,,,,,,0.001515233226068486,0.34432101457008524,0.47539446736159424,0.18028451740835616,,,,,,,,,,,,,,False,False,temporal_v1,False,0.00012383972458043942,0.22129436325678498,4.120588946395488,0.7746741749620756,67.27379827317283,1942.1976777559094,0.0005217266417102044,0.0007203334924354179,0.0002731730909228636,0.0,0.0,0.11536386845647079,0.06161488720653715,0.08286436193123556,0.022149122688726246,0.11505285434374027,169.01258887058765,0.0060064639894207485,1.1579847363428593,-0.0006852890069515078,2833.3333333333335,0.03265837316828438,True,0.0009128788660746068,0.11536386845647079,False,True,True,0.85,True,False,False,0,True,False,True,False,True,False,True,False,False,0,0,False,0,15,24,24,,,,False,False,False,
33,2026-08-18T21:55:29.743985,shadow,analysis_full,silero,webrtc,False,0.0005799391656182706,True,True,False,1,False,True,False,0,0.0,,,,,,,,,,,,,0.0010677201314786685,0.31614432958517485,0.5088812552441401,0.17497441423411003,,,,,,,,,,,,,,False,False,temporal_v1,False,0.00010315769024904244,0.21085594989561587,4.042267429331255,0.7923788131264058,65.64878630217544,1984.2212698215137,0.00033755366515091843,0.0005433427607563032,0.00018682370457144697,0.0,0.0,0.08858931881889914,0.06403551895863974,0.07566930042387122,0.027027227277966186,0.11815091548122017,132.35323553907685,0.004076063876209343,0.9270302205285021,-0.0005469312370930005,2700.0,0.05847866567694534,True,0.0008264697098638862,0.08858931881889914,False,True,True,0.85,True,False,False,0,True,False,True,False,True,False,True,False,False,0,0,False,0,15,24,24,,,,False,False,False,
34,2026-08-18T21:55:29.754203,shadow,analysis_full,silero,webrtc,False,0.0005915843066759408,True,True,False,1,False,True,False,0,0.0,,,,,,,,,,,,,0.0018126255964121152,0.5775291167219455,0.33569501095589754,0.086775871770471,,,,,,,,,,,,,,False,False,temporal_v1,False,0.000133218304747909,0.16701461377870563,3.9624011824508965,0.8649579039904984,68.4269875142423,1673.8142990419667,0.0010468440596434786,0.0006084893694465053,0.00015729216632213124,0.0,0.0,0.11117560532872871,0.062234565475133244,0.09298437473984938,0.03867344106013382,0.15211567749365415,187.13158069563445,0.00487520473139945,1.2722521573044465,-0.0007556242195316555,1900.0000000000002,0.02395400470041989,True,0.0007115881599020213,0.11117560532872871,False,True,True,0.85,True,False,False,0,True,False,True,False,True,False,True,False,False,0,0,False,0,15,24,24,,,,False,False,False,
35,2026-08-18T21:55:29.761385,shadow,analysis_full,silero,webrtc,False,0.0006317658699117601,True,True,False,1,False,True,False,0,0.0,,,,,,,,,,,,,0.0013291696521847089,0.46664152190739505,0.37195215496119277,0.1614063223790628,,,,,,,,,,,,,,False,False,temporal_v1,False,0.00011518131869702077,0.19832985386221294,4.112960104383752,0.8088052610257858,66.78371325713658,1798.207335992083,0.0006202457493685955,0.0004943875164391215,0.0002145363853769919,0.0,0.0,0.11870553911008666,0.06297461719750977,0.09739890126486224,0.04158682747649443,0.157764219377764,206.56728965143955,0.0032794033818733903,1.6187882737920176,-0.000981509356580665,2566.666666666667,0.012067343756239817,True,0.0006730256136506796,0.11870553911008666,False,True,True,0.85,True,False,False,0,True,False,True,False,True,False,True,False,False,0,0,False,0,15,24,24,,,,False,False,False,
36,2026-08-18T21:55:29.767448,shadow,analysis_full,silero,webrtc,False,0.0004796974244527519,True,True,False,1,False,True,False,0,0.0,,,,,,,,,,,,,0.0032402273527121733,0.647854972836382,0.2930927599509559,0.05905226690404173,,,,,,,,,,,,,,False,False,temporal_v1,False,0.00017538328607207942,0.162839248434238,3.8851808558648875,0.8928746598691114,71.0616044617262,1547.221411349726,0.002099197403575047,0.0009496871776749903,0.00019134277046213582,0.0,0.0,0.15001703215150933,0.07136271842867707,0.1132884169763471,0.04736831910120162,0.17711404220560475,254.343974735085,0.003603248529824377,1.8237349410392005,-0.0011005067809491545,1666.6666666666667,0.006513912059771547,True,0.0006693750619888306,0.15001703215150933,False,True,True,0.85,True,False,False,0,True,False,True,False,True,False,True,False,False,0,0,False,0,15,24,24,,,,False,False,False,
37,2026-08-18T21:55:29.773309,shadow,analysis_full,silero,webrtc,False,0.00048063870053738356,True,True,False,1,False,True,False,0,0.0,,,,,,,,,,,,,0.003033382816089023,0.698810066558517,0.23322093770732205,0.06796899540449601,,,,,,,,,,,,,,False,False,temporal_v1,False,0.00017245082963670424,0.14822546972860126,3.8048509964032626,0.902764521117435,70.95792758444053,1500.4192679273253,0.002119758447608632,0.0007074483847935592,0.00020617598268683196,0.0,0.0,0.1768977980380309,0.0855368177302069,0.11653841659889237,0.05031315240083507,0.19756427070177132,281.4326020545246,0.00192308494271208,1.9127664821332255,-0.001169781676192999,1500.0,0.0049617308295465444,True,0.0006505704659502953,0.1768977980380309,False,True,True,0.85,True,False,False,0,True,False,True,False,True,False,True,False,False,0,0,False,0,15,24,24,,,,False,False,False,
38,2026-08-18T21:55:29.779963,shadow,analysis_full,silero,webrtc,False,0.0004886648384854198,True,True,False,1,False,True,False,0,0.0,,,,,,,,,,,,,0.003446647885968246,0.6967478572933361,0.24294540456881022,0.06030673784771671,,,,,,,,,,,,,,False,False,temporal_v1,False,0.0001845657796926688,0.1544885177453027,3.8604916085791334,0.903603283561046,71.57082693452669,1539.690209963079,0.002401444529392982,0.00083734726506279,0.000207856090512474,0.0,0.0,0.1869005966793976,0.09541229726969139,0.10961011481280901,0.04833379910580281,0.19826128940084453,277.41391477862646,0.0015570370743532389,1.3765331971651866,-0.0008160269316435388,1466.6666666666667,0.018247439813636964,True,0.0006116750882938504,0.1869005966793976,False,True,True,0.85,True,False,False,0,True,False,True,False,True,False,True,False,False,0,0,False,0,15,24,24,,,,False,False,False,
39,2026-08-18T21:55:29.786094,shadow,analysis_full,silero,webrtc,False,0.0004469177802093327,True,True,False,1,False,True,False,0,0.0,,,,,,,,,,,,,0.003686088408996775,0.7032128111183293,0.23020574359878496,0.06658144501159553,,,,,,,,,,,,,,False,False,temporal_v1,False,0.0001872989982951452,0.19624217118997914,3.929245465868725,0.8951554020768212,71.66142667367694,1562.3239361688545,0.002592104592121312,0.0008485587231639647,0.00024542509271149843,0.0,0.0,0.1716187881677754,0.10071852183498711,0.08355800839437762,0.03756900836476657,0.1714837744874831,234.47324967730017,0.0011834336470022326,1.3755116464254273,-0.0008226078785287335,1633.3333333333335,0.019927040779629118,True,0.0005857617361471057,0.1716187881677754,False,True,True,0.85,True,False,False,0,True,False,True,False,True,False,True,False,False,0,0,False,0,15,24,24,,,,False,False,False,
40,2026-08-18T21:55:29.792688,shadow,analysis_full,silero,webrtc,False,0.0004907535039819777,True,True,False,1,False,True,False,0,0.0,,,,,,,,,,,,,0.0066701723900256535,0.7052004069220015,0.23089394658316156,0.06390564634491583,,,,,,,,,,,,,,False,False,temporal_v1,False,0.00025160918706268665,0.21711899791231734,3.9282575647086944,0.9018071230748818,74.31395180660115,1519.8131344989367,0.00470380828368599,0.0015401024275230623,0.00042626167781660134,0.0,0.0,0.1791001352798308,0.10668063091601672,0.07949593044701567,0.031070021097651265,0.142937726151988,229.00424333796863,0.0006971941427273322,1.7679462796433039,-0.0010636592937848046,1500.0,0.007905535802548594,True,0.0005353463348001242,0.1791001352798308,False,True,True,0.85,True,False,False,0,True,False,True,False,True,False,True,False,False,0,0,False,0,15,24,24,,,,False,False,False,
41,2026-08-18T21:55:29.798447,shadow,analysis_full,silero,webrtc,False,0.00041761103784665465,True,True,False,1,False,True,False,0,0.0,,,,,,,,,,,,,0.008087055065868091,0.7271429940768196,0.2040867332492288,0.06877027255029719,,,,,,,,,,,,,,False,False,temporal_v1,False,0.0002763301685149853,0.20668058455114824,3.875022629123817,0.90286082419921,75.144951695379,1532.0007104673734,0.005880445433859435,0.0016504606499996455,0.0005561489810090103,0.0,0.0,0.14905685443107156,0.1028871062591018,0.04865756739870049,0.02603834960779769,0.10202206704310239,173.86296828335617,0.0004555991069473089,1.5831687029193715,-0.0009499056284723501,1533.3333333333335,0.011770267933516433,True,0.0004897091712336987,0.14905685443107156,False,True,True,0.85,True,False,False,0,True,False,True,False,True,False,True,False,False,0,0,False,0,15,24,24,,,,False,False,False,
42,2026-08-18T21:55:29.804522,shadow,analysis_full,silero,webrtc,False,0.0004599598469212651,True,True,False,1,False,True,False,0,0.0,,,,,,,,,,,,,0.009959916611222648,0.7180453981601269,0.22505319166043627,0.056901410079034376,,,,,,,,,,,,,,False,False,temporal_v1,False,0.0003089932894611889,0.17745302713987474,3.919582089436347,0.9050363224585927,76.13732832310438,1515.4154725369842,0.0071516722887470284,0.0022415110220274535,0.0005667332994481663,0.0,0.0,0.12863722733171126,0.08987287789642873,0.041616128745135886,0.0237014053838492,0.08527852043736468,150.11010050713804,0.0005239955305950761,1.6916900254893859,-0.0010208180520356678,1533.3333333333335,0.009666419362947409,True,0.00048465176951140165,0.12863722733171126,False,True,True,0.85,True,False,False,0,True,False,True,False,True,False,True,False,False,0,0,False,0,15,24,24,,,,False,False,False,
43,2026-08-18T21:55:29.810928,shadow,analysis_full,silero,webrtc,False,0.00048680591862648726,True,True,False,1,False,True,False,0,0.0,,,,,,,,,,,,,0.009107318873551927,0.7444237862868578,0.2062983866110618,0.0492778269922785,,,,,,,,,,,,,,False,False,temporal_v1,False,0.000293288904587234,0.1544885177453027,3.7635168488221096,0.913436642559442,75.71928320298237,1501.8216867671283,0.006779704798771286,0.0018788251899662354,0.0004487888838144045,0.0,0.0,0.08085507782862528,0.05409427263572849,0.0305583707308562,0.0233260588283314,0.09010895018755552,89.87533983649274,0.0008362752623298012,1.5646029870143086,-0.0009312022571156657,1433.3333333333335,0.011176862928803577,True,0.0004837223095819354,0.08085507782862528,False,True,True,0.85,True,False,False,0,True,False,True,False,True,False,True,False,False,0,0,False,0,15,24,24,,,,False,False,False,
44,2026-08-18T21:55:29.818009,shadow,analysis_full,silero,webrtc,False,0.0004233686195220798,True,True,False,1,False,True,False,0,0.0,,,,,,,,,,,,,0.011580101247074433,0.7191299227303503,0.21522000506973024,0.06565007211356451,,,,,,,,,,,,,,False,False,temporal_v1,False,0.0003337794523003914,0.19832985386221294,3.9133950107557998,0.9052191134732483,76.8149788712079,1530.3094901439022,0.00832759731501827,0.0024922694491033488,0.0007602344819528148,0.0,0.0,0.07592153825018857,0.04842120767659268,0.030338109752982408,0.023701405383849197,0.08811834662451601,83.21550414181635,0.000493506000332711,1.432055154149367,-0.0008533832509817715,1533.3333333333335,0.016993160250471043,True,0.0004801680624950677,0.07592153825018857,False,True,True,0.85,True,False,False,0,True,False,True,False,True,False,True,False,False,0,0,False,0,15,24,24,,,,False,False,False,
45,2026-08-18T21:55:29.825601,shadow,analysis_full,silero,webrtc,False,0.0004798012087121606,True,True,False,1,False,True,False,0,0.0,,,,,,,,,,,,,0.011446968401045511,0.7416067576955021,0.203391202481523,0.05500203973561543,,,,,,,,,,,,,,False,False,temporal_v1,False,0.0003316924064325541,0.1524008350730689,3.8834432182263727,0.9115547447422016,76.79026400862695,1487.6901471493645,0.008489149121342228,0.0023282126678566433,0.0006296066108466394,0.0,0.0,0.02618667148449688,0.025138410515444392,0.006028703863803045,0.024418748845383604,0.051921692330311645,21.941819039828378,0.0004116833824746692,1.9252955283108297,-0.00117074039587239,1400.0,0.005503724959240681,True,0.00047974931658245623,0.02618667148449688,False,True,False,0.85,True,False,False,0,True,False,True,False,True,False,True,False,False,0,0,False,0,15,24,24,,,,False,False,False,
46,2026-08-18T21:55:29.832811,shadow,analysis_full,silero,webrtc,False,0.00041032719309441745,True,True,False,1,False,True,False,0,0.0,,,,,,,,,,,,,0.015508510647990192,0.7347290937670706,0.20626194828085506,0.05900895788759356,,,,,,,,,,,,,,False,False,temporal_v1,False,0.000383384032929484,0.1837160751565762,3.8847862261870554,0.9076288258378555,78.03951664335584,1506.7566509186354,0.0113945539740748,0.0031988156211888432,0.0009151410517265497,0.0,0.0,0.016776293505201895,0.013702075734029786,0.006030362299093584,0.024022869350645095,0.0519150759634743,20.933540523817754,0.0003485090094694024,1.8292185917537573,-0.001098847154441874,1466.6666666666667,0.006921636227540422,True,0.00046988052781671286,0.016776293505201895,False,True,False,0.85,True,False,False,0,True,False,True,False,True,False,True,False,False,0,0,False,0,15,24,24,,,,False,False,False,
47,2026-08-18T21:55:29.838873,shadow,analysis_full,silero,webrtc,False,0.00037209829315543175,True,True,False,1,False,True,False,0,0.0,,,,,,,,,,,,,0.01110219102941773,0.7350179957621562,0.20347958955342602,0.061502414594345474,,,,,,,,,,,,,,False,False,temporal_v1,False,0.0003254435143288894,0.1837160751565762,3.9054123825620533,0.9068979237555715,76.6013053060599,1508.0148138310017,0.008160310199011209,0.002259069273809648,0.0006828115555968724,0.0,0.0,0.015934765962781306,0.013684791187178696,0.005617111617141975,0.02173998504708947,0.04657389319464138,20.352671453829235,0.0002832405413413002,1.6471113460542242,-0.0009783807838992687,1433.3333333333335,0.009948323276408287,True,0.0004534388135652989,0.015934765962781306,False,True,False,0.85,True,False,False,0,True,False,True,False,True,False,True,False,False,0,0,False,0,15,24,24,,,,False,False,False,
48,2026-08-18T21:55:29.845456,shadow,analysis_full,silero,webrtc,False,0.00037209829315543175,True,True,False,1,False,True,False,0,0.0,,,,,,,,,,,,,0.02044931369295108,0.7317505595298728,0.2159968623078091,0.05225257811341687,,,,,,,,,,,,,,False,False,temporal_v1,False,0.00043890722653341967,0.16910229645093947,3.9033707606284875,0.9100636468764085,79.23295897619711,1499.9090229664139,0.01496379673681884,0.004416987594025549,0.0010685293611066913,0.0,0.0,0.013554517470333753,0.010565474247066936,0.006165116945085275,0.020250521920668063,0.04596894432549901,20.076162965419954,0.00022303841819984238,1.7255619188435165,-0.0010395255877727163,1466.6666666666667,0.008918333830155722,True,0.00043514319986570626,0.013554517470333753,False,True,False,0.85,True,False,False,0,True,False,True,False,True,False,True,False,False,0,0,False,0,15,24,24,,,,False,False,False,
49,2026-08-18T21:55:29.851728,shadow,analysis_full,silero,webrtc,False,0.00032595498487353325,True,True,False,1,False,True,False,0,0.0,,,,,,,,,,,,,0.013959662455105666,0.7271714093830358,0.22020427872055126,0.05262431182477791,,,,,,,,,,,,,,False,False,temporal_v1,False,0.0003623855302171482,0.15031315240083507,3.8866199871621627,0.9091231441195006,77.55384284167899,1501.4508561512923,0.010151067421990637,0.003073977402108903,0.0007346176300061254,0.0,0.0,0.011228177429372979,0.009401765570231948,0.006070330835463242,0.02206335902355976,0.04412752908015179,13.323323145216355,0.0001973351554185649,1.5991865695923573,-0.0009481959379382158,1466.6666666666667,0.01102923422238618,True,0.00042048982868436724,0.011228177429372979,False,True,False,0.85,True,False,False,0,True,False,True,False,True,False,True,False,False,0,0,False,0,15,24,24,,,,False,False,False,
50,2026-08-18T21:55:29.859396,shadow,analysis_full,silero,webrtc,False,0.00035681939334608614,True,True,False,1,False,True,False,0,0.0,,,,,,,,,,,,,0.02259580634356066,0.7258632698701925,0.21898243508950116,0.05515429499605057,,,,,,,,,,,,,,False,False,temporal_v1,False,0.0004606308404481099,0.20876826722338204,3.914534089049721,0.9076746434151766,79.64324857973287,1510.3015446592756,0.016401465877890577,0.00494808469592371,0.0012462557687463753,0.0,0.0,0.008278501875491463,0.007664534018258429,0.005853378756935863,0.02073542930410674,0.04300162521674689,12.945689748859468,0.00013887937213680969,1.6493743109258654,-0.0009837478902841982,1466.6666666666667,0.010348937757082894,True,0.00041396911547053605,0.008278501875491463,False,True,False,0.85,True,False,False,0,True,False,True,False,True,False,True,False,False,0,0,False,0,15,24,24,,,,False,False,False,
51,2026-08-18T21:55:29.864447,shadow,analysis_full,silero,webrtc,False,0.0002940594858955592,True,True,False,1,False,True,False,0,0.0,,,,,,,,,,,,,0.010276823222907981,0.729101755615118,0.21706164179524937,0.05383660249232632,,,,,,,,,,,,,,False,False,temporal_v1,False,0.0003090006050265535,0.1336116910229645,3.8682399382327812,0.907788068121223,76.15068166225898,1507.15000842179,0.007492849853968425,0.0022307041212039523,0.0005532692467356048,0.0,0.0,0.008220002445891654,0.007323095162121171,0.004584078691730417,0.0223294228928951,0.04320615612352089,10.520386208704696,0.0002579591308280835,2.0357007243997094,-0.0012444880262005638,1466.6666666666667,0.004621304673904176,True,0.0003912127431249246,0.008220002445891654,False,True,False,0.85,True,False,False,0,True,False,True,False,True,False,True,False,False,0,0,False,0,15,24,24,,,,False,False,False,
52,2026-08-18T21:55:29.871000,shadow,analysis_full,silero,webrtc,False,0.00039608252700418234,True,True,False,1,False,True,False,0,0.0,,,,,,,,,,,,,0.015167410702523143,0.7455446907328624,0.20180085835553851,0.05265445084566829,,,,,,,,,,,,,,False,False,temporal_v1,False,0.0003770463310870269,0.11064718162839249,3.852543617347033,0.9123228035393582,77.91607983960975,1496.0619037407773,0.011307982521430924,0.0030607964988001515,0.000798631681292068,0.0,0.0,0.008131232668462371,0.006865986815951988,0.004687669608557407,0.028576097924457075,0.042403551996197185,10.552641094109733,0.000442194209807551,1.783171399111385,-0.001082140819352246,1400.0,0.00817194806539258,True,0.00038409041007980704,0.008131232668462371,False,True,False,0.85,True,False,False,0,True,False,True,False,True,False,True,False,False,0,0,False,0,15,24,24,,,,False,False,False,
53,2026-08-18T21:55:29.877476,shadow,analysis_full,silero,webrtc,False,0.0003720402892213315,True,True,False,1,False,True,False,0,0.0,,,,,,,,,,,,,0.012163516615054685,0.7731329957156243,0.174925934962083,0.05194106924007961,,,,,,,,,,,,,,False,False,temporal_v1,False,0.00033512662256803086,0.16701461377870563,3.7711807576179,0.9147363994252341,76.89565909910642,1501.1475640569827,0.009404016039034,0.002127714516315272,0.0006317860587054142,0.0,0.0,0.014261790878423187,0.012822064276398249,0.004381071184436734,0.028383272483269047,0.040354726908350125,10.57451892367103,0.00028592737947696954,1.466865436371336,-0.0008706795132778963,1333.3333333333335,0.013986185560026022,True,0.00037209829315543175,0.014261790878423187,False,True,False,0.85,True,False,False,0,True,False,True,False,True,False,True,False,False,0,0,False,0,15,24,24,,,,False,False,False,
54,2026-08-18T21:55:29.883012,shadow,analysis_full,silero,webrtc,False,0.00030780117958784103,True,True,False,1,False,True,False,0,0.0,,,,,,,,,,,,,0.010980574316526015,0.746197782148924,0.20342328621375577,0.05037893154625038,,,,,,,,,,,,,,False,False,temporal_v1,False,0.0003218087289077915,0.20041753653444677,3.8574652560670675,0.9121689513219745,76.52794868381156,1492.2098438423413,0.00819368020171315,0.0022337045119820874,0.0005531896018307792,0.0,0.0,0.013280105930947651,0.012619996365152477,0.0032549920081184885,0.028628668876787167,0.03896220802355042,6.977529247715658,0.000280174754970772,1.6135650082619561,-0.0009589109869911294,1433.3333333333335,0.010273327164639525,True,0.0003720692911883816,0.013280105930947651,False,True,False,0.85,True,False,False,0,True,False,True,False,True,False,True,False,False,0,0,False,0,15,24,24,,,,False,False,False,
55,2026-08-18T21:55:29.890700,shadow,analysis_full,silero,webrtc,False,0.000285740417893976,True,True,False,1,False,True,False,0,0.0,,,,,,,,,,,,,0.006275690465359637,0.7190634279142669,0.22374781339385036,0.057188758532537604,,,,,,,,,,,,,,False,False,temporal_v1,False,0.00024527173175981624,0.15657620041753653,3.9445697239742974,0.904853291666128,74.1033507616609,1522.5929404306476,0.004512619498550381,0.0014041720191608539,0.0003588989466484008,0.0,0.0,0.014505130431632885,0.013553141904342945,0.0033575398175283385,0.028457649643483292,0.04455271364072584,8.05796816722659,0.00032521833477295534,1.4556517461693583,-0.000866804527876321,1533.3333333333335,0.016195646842987552,True,0.0003644298412837088,0.014505130431632885,False,True,False,0.85,True,False,False,0,True,False,True,False,True,False,True,False,False,0,0,False,0,15,24,24,,,,False,False,False,
56,2026-08-18T21:55:29.905859,shadow,analysis_full,silero,webrtc,False,0.00026694501866586506,True,True,False,1,False,True,False,0,0.0,,,,,,,,,,,,,0.0052868536999837535,0.73784199690496,0.20899337008682062,0.05316463281907084,,,,,,,,,,,,,,False,False,temporal_v1,False,0.00022309732937458634,0.19624217118997914,3.891088669029489,0.9055160813271556,73.26808910259693,1519.2333080609362,0.003900862691340389,0.0011049173719155814,0.0002810736357277824,0.0,0.0,0.014491659776653587,0.013531007933980219,0.0030425392257883146,0.029451128216734304,0.044676320716313805,9.188224047624582,0.00032877944114455005,1.5539301399583603,-0.0009299845919255104,1500.0,0.013338009290796258,True,0.0003413871891098097,0.014491659776653587,False,True,False,0.85,True,False,False,0,True,False,True,False,True,False,True,False,False,0,0,False,0,15,24,24,,,,False,False,False,
57,2026-08-18T21:55:29.933062,shadow,analysis_full,silero,webrtc,False,0.00031018408481031656,True,True,False,1,False,True,False,0,0.0,,,,,,,,,,,,,0.008458710573136114,0.7320049490729468,0.2110638077321194,0.056931243076712296,,,,,,,,,,,,,,False,False,temporal_v1,False,0.00028188132337162174,0.16075156576200417,3.894751501063754,0.9082510292002302,75.34578064885227,1506.778465970266,0.006191818002311298,0.0017853276620700465,0.0004815649077547685,0.0,0.0,0.014562313341639316,0.013420183665283927,0.002083867232289774,0.029000008942271966,0.04416965167901462,9.165977889554316,0.0004020582788875292,1.5169502389530605,-0.0009030498166805692,1466.6666666666667,0.013219587238686511,True,0.0003180695348419249,0.014562313341639316,False,True,False,0.85,True,False,False,0,True,False,True,False,True,False,True,False,False,0,0,False,0,15,24,24,,,,False,False,False,
58,2026-08-18T21:55:29.949769,shadow,analysis_full,silero,webrtc,False,0.0003059646696783602,True,True,False,1,False,True,False,0,0.0,,,,,,,,,,,,,0.005431775265701198,0.704461507555735,0.23630012994138339,0.05923836231877962,,,,,,,,,,,,,,False,False,temporal_v1,False,0.00022807421502121563,0.17745302713987474,3.9672311563701945,0.9036258739407088,73.45452934973702,1526.7622475306102,0.003826476592379819,0.0012835292010975852,0.00032176947122379297,0.0,0.0,0.01750610211642792,0.015591519544607033,0.002614253814359872,0.029215625360393994,0.05134642038651514,10.858215741298462,0.000425638298812231,1.429620650907882,-0.0008523705374852636,1500.0,0.017576841301206604,True,0.0003089926321990788,0.01750610211642792,False,True,False,0.85,True,False,False,0,True,False,True,False,True,False,True,False,False,0,0,False,0,15,24,24,,,,False,False,False,
59,2026-08-18T21:55:29.968382,shadow,analysis_full,silero,webrtc,False,0.00028315919917076826,True,True,False,1,False,True,False,0,0.0,,,,,,,,,,,,,0.003146064630570317,0.7202274895706182,0.21330180243132313,0.0664707076802013,,,,,,,,,,,,,,False,False,temporal_v1,False,0.00017462804901363055,0.19832985386221294,3.9261385656006174,0.9002994050859755,71.05873327286515,1527.1344675900675,0.002265882230902574,0.0006710612562660834,0.00020912114240166004,0.0,0.0,0.017898043744829693,0.01534844642135549,0.004406553939487802,0.03014443173770581,0.05283196549526645,11.90517755647351,0.0006521419803891649,1.6577870366633634,-0.0009999077417608684,1533.3333333333335,0.01074844700189197,True,0.00030688292463310063,0.017898043744829693,False,True,False,0.85,True,False,False,0,True,False,True,False,True,False,True,False,False,0,0,False,0,15,24,24,,,,False,False,False,
60,2026-08-18T21:55:29.986515,shadow,analysis_full,silero,webrtc,False,0.000265177950495854,True,True,False,1,False,True,False,0,0.0,,,,,,,,,,,,,0.0020540967716354977,0.7363439050548634,0.1982906640064896,0.06536543045181502,,,,,,,,,,,,,,False,False,temporal_v1,False,0.00014137039025317988,0.19624217118997914,3.814183409829218,0.9046544259950063,69.1664236660693,1519.600982258117,0.0015125216381866704,0.0004073082127811895,0.00013426691966763788,0.0,0.0,0.017735427024346107,0.015521244201472712,0.00526266872706535,0.02877747700509924,0.056396258359762856,12.179249116748677,0.0008114643356892264,1.9716393767299472,-0.0012083951283351805,1566.6666666666667,0.005109163187538754,True,0.0003000120777869597,0.017735427024346107,False,True,False,0.85,True,False,False,0,True,False,True,False,True,False,True,False,False,0,0,False,0,15,24,24,,,,False,False,False,
61,2026-08-18T21:55:30.008684,shadow,analysis_full,silero,webrtc,False,0.00028066657250747085,True,True,False,1,False,True,False,0,0.0,,,,,,,,,,,,,0.0020274586022689138,0.7307122212168488,0.2078527263678144,0.06143505192210847,,,,,,,,,,,,,,False,False,temporal_v1,False,0.00014014610821717086,0.20041753653444677,3.823558028363755,0.9028785891003445,69.0784003572254,1550.3330554226895,0.0014814887786891255,0.000421412798079472,0.00012455702450031618,0.0,0.0,0.017693920658000385,0.015280468432772424,0.005339908377917183,0.027335890826048266,0.05877113644186149,16.59589102192721,0.0014111053682183672,1.5488645099108278,-0.000922046111961002,1566.6666666666667,0.011959916838016347,True,0.0002958525437861681,0.017693920658000385,False,True,False,0.85,True,False,False,0,True,False,True,False,True,False,True,False,False,0,0,False,0,15,24,24,,,,False,False,False,
62,2026-08-18T21:55:30.025754,shadow,analysis_full,silero,webrtc,False,0.0003071088285651058,True,True,False,1,False,True,False,0,0.0,,,,,,,,,,,,,0.0009932940349963698,0.7145643164249352,0.21108322102437937,0.07435246154393407,,,,,,,,,,,,,,False,False,temporal_v1,False,0.00010071819439302001,0.13987473903966596,3.787433323119545,0.894454698312013,65.94449770592578,1598.7681020952782,0.0007097724731261467,0.00020966770433133633,7.385385653888669e-05,0.0,0.0,0.018203038520806236,0.015158971058715035,0.007068210372168084,0.02096952280933179,0.06417572877484541,28.48563015643818,0.002011848420630839,1.1756622339262017,-0.0006903007599308451,1600.0,0.02480487515339357,True,0.0002958525437861681,0.018203038520806236,False,True,False,0.85,True,False,False,0,True,False,True,False,True,False,True,False,False,0,0,False,0,15,24,24,,,,False,False,False,
63,2026-08-18T21:55:30.040184,shadow,analysis_full,silero,webrtc,False,0.00029106633155606687,True,True,False,1,False,True,False,0,0.0,,,,,,,,,,,,,0.0012788994096835653,0.7110557596650363,0.21842678761179668,0.07051745194124479,,,,,,,,,,,,,,False,False,temporal_v1,False,0.00011423281033979417,0.19624217118997914,3.8885191011019966,0.888799800014744,67.1150777275038,1622.6140439484361,0.000909368791287714,0.00027934588973580425,9.018472766004714e-05,0.0,0.0,0.012677652836508575,0.010224403301965761,0.007237994094772548,0.02108559498956159,0.055598375871448856,39.04449951742624,0.0026060784578942325,1.1926038112931772,-0.0007087932814188025,1633.3333333333335,0.028968528331108325,True,0.0002884033747250214,0.012677652836508575,False,True,False,0.85,True,False,False,0,True,False,True,False,True,False,True,False,False,0,0,False,0,15,24,24,,,,False,False,False,
64,2026-08-18T21:55:30.046667,shadow,analysis_full,silero,webrtc,False,0.00029106633155606687,True,True,False,1,False,True,False,0,0.0,,,,,,,,,,,,,0.0015127849551144596,0.7453996291868263,0.18049206826929332,0.07410830188284781,,,,,,,,,,,,,,False,False,temporal_v1,False,0.00012261286345698397,0.20876826722338204,3.7304520929990685,0.8969169895730774,67.8167741371803,1592.2965037029921,0.001127629344581728,0.00027304568539527886,0.00011210992413745274,0.0,0.0,0.01254734567847083,0.014032971056110819,0.00708988132947131,0.021936568445391953,0.0714330119572608,38.69588321795481,0.0018788099185498707,1.1875534319152892,-0.0006989350572185343,1466.6666666666667,0.02412689047568263,True,0.0002884033747250214,0.01254734567847083,False,True,False,0.85,True,False,False,0,True,False,True,False,True,False,True,False,False,0,0,False,0,15,24,24,,,,False,False,False,
65,2026-08-18T21:55:30.060912,shadow,analysis_full,silero,webrtc,False,0.0003056672867387533,True,True,False,1,False,True,False,0,0.0,,,,,,,,,,,,,0.0003525048283357646,0.6533502721404341,0.24769545067560345,0.09895427434712198,,,,,,,,,,,,,,False,False,temporal_v1,False,6.503723175622128e-05,0.15657620041753653,3.680632550434238,0.8678824290905892,61.29337425443629,1755.4608618713269,0.00023030912552398877,8.731384231995343e-05,3.4881859491822386e-05,0.0,0.0,0.025025974776706785,0.017601383535621042,0.012304027298663766,0.02193656844539195,0.08524478238220268,71.87537901471144,0.0043545077182474325,1.1414153149965782,-0.0006827850122452427,1933.3333333333335,0.03208433635106818,True,0.00029106633155606687,0.025025974776706785,False,True,False,0.85,True,False,False,0,True,False,True,False,True,False,True,False,False,0,0,False,0,15,24,24,,,,False,False,False,
66,2026-08-18T21:55:30.081879,shadow,analysis_full,silero,webrtc,False,0.0002972213551402092,True,True,False,1,False,True,False,0,0.0,,,,,,,,,,,,,0.000965757924566799,0.7094446678337523,0.22359068806538626,0.0669646430654054,,,,,,,,,,,,,,False,False,temporal_v1,False,0.00010017316705348048,0.14822546972860126,3.638144766130211,0.9039389743439789,65.93773578312565,1545.542173796609,0.0006851518100021067,0.00021593447885849,6.467163470620241e-05,0.0,0.0,0.024281069609160752,0.01778389788584467,0.011288693632276659,0.023715193020731405,0.10227703503560837,70.36514372572266,0.006140708702745887,1.3684952573381834,-0.0008253938979749399,1466.6666666666667,0.016102050706020547,True,0.00029414384334813803,0.024281069609160752,False,True,False,0.85,True,False,False,0,True,False,True,False,True,False,True,False,False,0,0,False,0,15,24,24,,,,False,False,False,
67,2026-08-18T21:55:30.093271,shadow,analysis_full,silero,webrtc,False,0.0002890324394684285,True,True,False,1,False,True,False,0,0.0,,,,,,,,,,,,,0.0002553795187183265,0.45680733366276643,0.34348738466332485,0.19970527775816782,,,,,,,,,,,,,,False,False,temporal_v1,False,5.880458214050703e-05,0.23173277661795408,4.238967935946669,0.7910237874949222,59.70581289378941,1886.2337887577598,0.00011665923701779928,8.771964298113659e-05,5.1000637719390614e-05,0.0,0.0,0.08069261042619055,0.04237095174976579,0.040062762733443974,0.027693092941612412,0.1631177568112863,112.99715579154088,0.00416435474735594,1.1724344100686364,-0.0006906915596707842,2866.666666666667,0.03800172273405582,True,0.00029106633155606687,0.08069261042619055,False,True,True,0.85,True,False,False,0,True,False,True,False,True,False,True,False,False,0,0,False,0,15,24,24,,,,False,False,False,
68,2026-08-18T21:55:30.101860,shadow,analysis_full,silero,webrtc,False,0.0002947867615148425,True,True,False,1,False,True,False,0,0.0,,,,,,,,,,,,,0.0002784714153969392,0.5365845197910849,0.3132775061435949,0.1501379704742873,,,,,,,,,,,,,,False,False,temporal_v1,False,5.94480977372864e-05,0.22129436325678498,3.890843512251914,0.8112434972798723,59.94746712012621,1948.9265346966793,0.00014942345070631034,8.723883054783018e-05,4.180913314279866e-05,0.0,0.0,0.09221163065952842,0.04955377373734122,0.04363206668015601,0.029501401290746958,0.15916757390974012,146.87225111135933,0.004080593785817985,1.0765014298761495,-0.0006442834001756228,2600.0,0.041806617905616204,True,0.00029106633155606687,0.09221163065952842,False,True,True,0.85,True,False,False,0,True,False,True,False,True,False,True,False,False,0,0,False,0,15,24,24,,,,False,False,False,
69,2026-08-18T21:55:30.110966,shadow,analysis_full,silero,webrtc,False,0.00030314098694361746,True,True,False,1,False,True,False,0,0.0,,,,,,,,,,,,,0.000741378984226465,0.644965454105968,0.27281868127721,0.08221586326798432,,,,,,,,,,,,,,False,False,temporal_v1,False,8.995670926975402e-05,0.1524008350730689,3.9974504613939295,0.8781033229765648,64.76081859059312,1611.639669953196,0.00047816383322624325,0.00020226203680330163,6.0953113196920144e-05,0.0,0.0,0.09098650986448792,0.05007167346061908,0.042931966311849236,0.031329850453921594,0.16429736593952657,141.6274012722789,0.00459892093520936,1.7958411220778197,-0.001091671783000424,1866.6666666666667,0.008039123342972795,True,0.0002929265465354547,0.09098650986448792,False,True,True,0.85,True,False,False,0,True,False,True,False,True,False,True,False,False,0,0,False,0,15,24,24,,,,False,False,False,
70,2026-08-18T21:55:30.119557,shadow,analysis_full,silero,webrtc,False,0.0002596437407191843,True,True,False,1,False,True,False,0,0.0,,,,,,,,,,,,,0.00048367362969365014,0.6396119359827169,0.2562780794858641,0.10410998246390896,,,,,,,,,,,,,,False,False,temporal_v1,False,7.44118907325458e-05,0.1732776617954071,3.8894950448044634,0.8640469383879268,62.75083007569289,1705.4485588356547,0.0003093634266721433,0.00012395494891584568,5.035525310566111e-05,0.0,0.0,0.0878612232847966,0.04802441537213615,0.04187431899972962,0.031276245728688944,0.1642540485795187,133.53473559379975,0.0026515743552011687,1.4561285650232727,-0.0008791992242835702,2166.666666666667,0.015154544239961461,True,0.0002929265465354547,0.0878612232847966,False,True,True,0.85,True,False,False,0,True,False,True,False,True,False,True,False,False,0,0,False,0,15,24,24,,,,False,False,False,
71,2026-08-18T21:55:30.128352,shadow,analysis_full,silero,webrtc,False,0.0003206160035915673,True,True,False,1,False,True,False,0,0.0,,,,,,,,,,,,,0.00038070455557476576,0.576179400659532,0.28316907474571396,0.14065152196804528,,,,,,,,,,,,,,False,False,temporal_v1,False,6.779329623901965e-05,0.20668058455114824,4.019730413481261,0.8396210737910288,61.61642865595098,1850.8255335939373,0.000219354122659422,0.00010780375675358465,5.3546675161759086e-05,0.0,0.0,0.08663505831349139,0.04711319030159944,0.041652838329684895,0.03168122942185189,0.17072933735359871,134.39346398731965,0.0030196042484578636,0.979305894938275,-0.0005820091342118692,2433.3333333333335,0.05277883573761302,True,0.00029600405832752585,0.08663505831349139,False,True,True,0.85,True,False,False,0,True,False,True,False,True,False,True,False,False,0,0,False,0,15,24,24,,,,False,False,False,
72,2026-08-18T21:55:30.136932,shadow,analysis_full,silero,webrtc,False,0.0002663120103534311,True,True,False,1,False,True,False,0,0.0,,,,,,,,,,,,,0.000612152366755399,0.6689427147043696,0.23674992822207744,0.09430735543997285,,,,,,,,,,,,,,False,False,temporal_v1,False,8.190692504815776e-05,0.1524008350730689,3.7672795860007136,0.8759367667056008,63.80768998404701,1665.328217692984,0.00040949486603006146,0.00014492702889031553,5.773047083502203e-05,0.0,0.0,0.08367569353347869,0.04531378755348598,0.04054388409854935,0.030141539908100375,0.17187997245660622,130.21508150435596,0.003399695875744367,1.3743045425126017,-0.0008263261392978192,1900.0000000000002,0.019049819901791894,True,0.0002929265465354547,0.08367569353347869,False,True,True,0.85,True,False,False,0,True,False,True,False,True,False,True,False,False,0,0,False,0,15,24,24,,,,False,False,False,
73,2026-08-18T21:55:30.145669,shadow,analysis_full,silero,webrtc,False,0.0002585609909147024,True,True,False,1,False,True,False,0,0.0,,,,,,,,,,,,,0.0005183189019718886,0.7013364059423439,0.20773103141279287,0.09093256071554898,,,,,,,,,,,,,,False,False,temporal_v1,False,7.645855675107626e-05,0.1544885177453027,3.4286866387479353,0.8856328695598418,63.14378923110254,1643.559673691184,0.00036351591584094645,0.0001076709201073667,4.713206502357544e-05,0.0,0.0,0.08282990022048808,0.04634036713803728,0.039084414220927365,0.031137281403340954,0.21737415148650893,128.81793522131466,0.0039264039545121535,1.6254094548045632,-0.00097981912032713,1766.6666666666667,0.008174515070737085,True,0.0002929265465354547,0.08282990022048808,False,True,True,0.85,True,False,False,0,True,False,True,False,True,False,True,False,False,0,0,False,0,15,24,24,,,,False,False,False,
74,2026-08-18T21:55:30.153869,shadow,analysis_full,silero,webrtc,False,0.0002740742056630552,True,True,False,1,False,True,False,0,0.0,,,,,,,,,,,,,0.0016358782627496613,0.7468623206173451,0.19973407357995537,0.05340360519140692,,,,,,,,,,,,,,False,False,temporal_v1,False,0.00012750902775459738,0.12317327766179541,3.7451388648204005,0.9126477653721656,68.2554363562852,1500.769545652643,0.0012217758355646832,0.0003267406292998904,8.736179688508755e-05,0.0,0.0,0.083028846818845,0.04345264074830318,0.04142056139992651,0.03385909800870696,0.21675771663479587,140.3399477021376,0.00510419974786372,1.3845162683719545,-0.0008312183507128975,1433.3333333333335,0.01677294147561637,True,0.0002919096004916355,0.083028846818845,False,True,True,0.85,True,False,False,0,True,False,True,False,True,False,True,False,False,0,0,False,0,15,24,24,,,,False,False,False,
75,2026-08-18T21:55:30.163049,shadow,analysis_full,silero,webrtc,False,0.0003038081922568381,True,True,False,1,False,True,False,0,0.0,,,,,,,,,,,,,0.0007231925479115794,0.7200830722549987,0.21067242259076263,0.06924450377148111,,,,,,,,,,,,,,False,False,temporal_v1,False,8.8352949510237e-05,0.1649269311064718,3.7281667863688974,0.9004954974358043,64.6913340278944,1582.034274514666,0.0005207587117320904,0.0001523567260681186,5.00771091113704e-05,0.0,0.0,0.08695250096432221,0.04572911784104212,0.0430078404514042,0.0335695219077107,0.2139408813810715,144.4749997578925,0.0024941291687734456,1.1794376211518014,-0.0006987501605982475,1500.0,0.02367448811412474,True,0.0002919096004916355,0.08695250096432221,False,True,True,0.85,True,False,False,0,True,False,True,False,True,False,True,False,False,0,0,False,0,15,24,24,,,,False,False,False,
76,2026-08-18T21:55:30.171206,shadow,analysis_full,silero,webrtc,False,0.00026059558149427176,True,True,False,1,False,True,False,0,0.0,,,,,,,,,,,,,0.0004084889472571652,0.7270761618715084,0.19592695538135046,0.07699688029909448,,,,,,,,,,,,,,False,False,temporal_v1,False,6.886634335841039e-05,0.1315240083507307,3.5882002376087514,0.8870108552837848,62.02847978546944,1643.972674659499,0.0002970025759386727,8.003399574302944e-05,3.1452374575463064e-05,0.0,0.0,0.08850598819275349,0.04829522844863818,0.04221469862943675,0.03513266633480189,0.2189873989554654,137.19269061014225,0.006824448067826371,1.5653820529031246,-0.0009482784955334533,1866.6666666666667,0.010726156368661522,True,0.00028155332256574184,0.08850598819275349,False,True,True,0.85,True,False,False,0,True,False,True,False,True,False,True,False,False,0,0,False,0,15,24,24,,,,False,False,False,
77,2026-08-18T21:55:30.180509,shadow,analysis_full,silero,webrtc,False,0.00030570110538974404,True,True,False,1,False,True,False,0,0.0,,,,,,,,,,,,,0.000276538333034136,0.6658918739935938,0.23790598967909418,0.09620213271117681,,,,,,,,,,,,,,False,False,temporal_v1,False,6.009730152699622e-05,0.15866388308977036,3.594186888880512,0.8642910557795552,60.35281934875688,1811.848593184199,0.0001841446288151654,6.579012580469307e-05,2.6603577414277564e-05,0.0,0.0,0.06348291706994057,0.03746328504959257,0.028460748740477118,0.02881077727366256,0.18043132696742856,128.86753870644475,0.004858567911689305,1.0021952700365229,-0.000598200535772246,2166.666666666667,0.04277507587027641,True,0.00028443048358894885,0.06348291706994057,False,True,True,0.85,True,False,False,0,True,False,True,False,True,False,True,False,False,0,0,False,0,15,24,24,,,,False,False,False,
78,2026-08-18T21:55:30.190070,shadow,analysis_full,silero,webrtc,False,0.0002680352481547743,True,True,False,1,False,True,False,0,0.0,,,,,,,,,,,,,0.0009246893482204605,0.7231370628923203,0.21479450977901113,0.062068426247224265,,,,,,,,,,,,,,False,False,temporal_v1,False,9.736935896523996e-05,0.1315240083507307,3.70566836737355,0.9012388788295083,65.65019412699729,1551.9590651580793,0.0006686771393599578,0.00019861819524888714,5.739401261161553e-05,0.0,0.0,0.04954616847021009,0.029345797417941608,0.023480388406020333,0.022903696287102263,0.1760053636771031,103.64925900416003,0.006254559421273812,1.446387893921177,-0.0008655694974374432,1600.0,0.013161257651589302,True,0.00027105472690891474,0.04954616847021009,False,True,False,0.85,True,False,False,0,True,False,True,False,True,False,True,False,False,0,0,False,0,15,24,24,,,,False,False,False,
79,2026-08-18T21:55:30.199670,shadow,analysis_full,silero,webrtc,False,0.0002482681884430349,True,True,False,1,False,True,False,0,0.0,,,,,,,,,,,,,0.0003176708596131372,0.5561728156462186,0.2923113652506881,0.15151581595518115,,,,,,,,,,,,,,False,False,temporal_v1,False,6.274326069947284e-05,0.20250521920668058,4.111251455383942,0.832272806277583,60.699009387523304,1751.97615857247,0.00017667989643979314,9.285880267387582e-05,4.8132159499468286e-05,0.0,0.0,0.06173793063708761,0.03249847187431525,0.030282997780122247,0.026933533900409416,0.19456977906864917,106.06532911728387,0.003180502590818698,1.6044619493643673,-0.000987683973866486,2500.0,0.013246064522420936,True,0.0002671736292541027,0.06173793063708761,False,True,True,0.85,True,False,False,0,True,False,True,False,True,False,True,False,False,0,0,False,0,15,24,24,,,,False,False,False,
80,2026-08-18T21:55:30.206399,shadow,analysis_full,silero,webrtc,False,0.0002482681884430349,True,True,False,1,False,True,False,0,0.0,,,,,,,,,,,,,0.0010069914897219599,0.6287344231974799,0.29047920902497126,0.08078636678449196,,,,,,,,,,,,,,False,False,temporal_v1,False,0.00010242670493751845,0.22964509394572025,4.057675948966607,0.8742941897578712,66.00729099597461,1615.0061707376458,0.0006331302134551074,0.00029251009142931237,8.135118383754022e-05,0.0,0.0,0.06240058397857643,0.03629112019170493,0.03030832046809479,0.03408809284161888,0.21173901169007664,106.57765401566445,0.002429273788925028,1.6916311555134838,-0.0010187357446540062,1866.6666666666667,0.011201403302766146,True,0.0002671736292541027,0.06240058397857643,False,True,True,0.85,True,False,False,0,True,False,True,False,True,False,True,False,False,0,0,False,0,15,24,24,,,,False,False,False,
81,2026-08-18T21:55:30.215665,shadow,analysis_full,silero,webrtc,False,0.0002714730508159846,True,True,False,1,False,True,False,0,0.0,,,,,,,,,,,,,0.00035370540091550793,0.6598234685007915,0.24241007201628476,0.09776645665571208,,,,,,,,,,,,,,False,False,temporal_v1,False,6.496494893816143e-05,0.17954070981210857,3.8331727398401694,0.8596447252957709,61.24002103876791,1758.843311861723,0.0002333831244595335,8.574175170847715e-05,3.4580523747497274e-05,0.0,0.0,0.0541283529626982,0.033011704816452464,0.025758376769983844,0.031702545758209966,0.19702664990355875,92.95988130778798,0.0027889175000647116,1.1114418324191397,-0.0006593312556000347,2133.3333333333335,0.03245038726378146,True,0.0002671736292541027,0.0541283529626982,False,True,True,0.85,True,False,False,0,True,False,True,False,True,False,True,False,False,0,0,False,0,15,24,24,,,,False,False,False,
82,2026-08-18T21:55:30.225995,shadow,analysis_full,silero,webrtc,False,0.00025976556935347617,True,True,False,1,False,True,False,0,0.0,,,,,,,,,,,,,0.00021939431217399586,0.5773036724807814,0.28507143327833073,0.13762488968288472,,,,,,,,,,,,,,False,False,temporal_v1,False,5.4845721771464496e-05,0.18580375782881003,3.994234080618811,0.8280601931736058,59.02625838270579,1893.4358171893614,0.0001266571421394428,6.254305102455452e-05,3.0194118009998552e-05,0.0,0.0,0.06232795245792495,0.03657050069410786,0.02988117940733076,0.03218283202094887,0.20968986795311545,117.93388469522912,0.005347419921937872,0.9316750525779077,-0.0005444113619433044,2466.666666666667,0.05978997157395697,True,0.00026431541482452303,0.06232795245792495,False,True,True,0.85,True,False,False,0,True,False,True,False,True,False,True,False,False,0,0,False,0,15,24,24,,,,False,False,False,
83,2026-08-18T21:55:30.234588,shadow,analysis_full,silero,webrtc,False,0.0002104742598021403,True,True,False,1,False,True,False,0,0.0,,,,,,,,,,,,,0.00032127115912599735,0.6421222651972502,0.25680551806369983,0.10107221362641451,,,,,,,,,,,,,,False,False,temporal_v1,False,6.363766714009633e-05,0.16701461377870563,3.8434424918652357,0.8635085952811677,61.02231286579957,1796.6157533400196,0.00020629536444053166,8.25042064582771e-05,3.2471587227188616e-05,0.0,0.0,0.06194218996339974,0.03549605987826714,0.030011242098767144,0.031946320272882786,0.17442180648063094,122.65359866802432,0.0037651564509638895,0.9428063773017563,-0.0005625257590474251,2000.0000000000002,0.056213202565188226,True,0.00026431541482452303,0.06194218996339974,False,True,True,0.85,True,False,False,0,True,False,True,False,True,False,True,False,False,0,0,False,0,15,24,24,,,,False,False,False,
84,2026-08-18T21:55:30.244267,shadow,analysis_full,silero,webrtc,False,0.00019531922589521855,True,True,False,1,False,True,False,0,0.0,,,,,,,,,,,,,0.0002703839775467587,0.6060784295307307,0.2937093588893639,0.10021220788146151,,,,,,,,,,,,,,False,False,temporal_v1,False,5.872438510914114e-05,0.1649269311064718,3.7813846546735297,0.8477411630521593,59.98947972359511,1894.373850869756,0.00016387389648181186,7.941430469921467e-05,2.709577536573221e-05,0.0,0.0,0.05751348752380216,0.03533999094371413,0.027023790041595767,0.028423168977231746,0.17319844018534242,118.48986438271547,0.004790532394912142,0.8886722419115547,-0.0005199691880660262,2233.3333333333335,0.05457357127098251,True,0.00026018057542387396,0.05751348752380216,False,True,True,0.85,True,False,False,0,True,False,True,False,True,False,True,False,False,0,0,False,0,15,24,24,,,,False,False,False,
85,2026-08-18T21:55:30.253077,shadow,analysis_full,silero,webrtc,False,0.00022218235244508833,True,True,False,1,False,True,False,0,0.0,,,,,,,,,,,,,0.00024038203359631998,0.5518048594077519,0.32769560691820504,0.12049952951399835,,,,,,,,,,,,,,False,False,temporal_v1,False,5.755385569840678e-05,0.1649269311064718,3.986957504094991,0.8489241291699104,59.74715777983485,1737.0945210264438,0.00013264397425276684,7.877213639157844e-05,2.8965921951974702e-05,0.0,0.0,0.05932375903103683,0.03890955019921564,0.0260503933076019,0.028423168977231746,0.1762913196704048,107.77223731356719,0.003734131256475425,1.2848810266191564,-0.0007603388150178775,2333.3333333333335,0.022223101516586168,True,0.0002540168788982555,0.05932375903103683,False,True,True,0.85,True,False,False,0,True,False,True,False,True,False,True,False,False,0,0,False,0,15,24,24,,,,False,False,False,
86,2026-08-18T21:55:30.262273,shadow,analysis_full,silero,webrtc,False,0.00021449592895805836,True,True,False,1,False,True,False,0,0.0,,,,,,,,,,,,,0.0002908493518802266,0.6562628109225843,0.2315923755144296,0.11214481012478003,,,,,,,,,,,,,,False,False,temporal_v1,False,6.0872974385561e-05,0.13987473903966596,3.665097725814632,0.8652583019844133,60.511232349658144,1745.0581851154209,0.00019087361321992933,6.735849231877391e-05,3.2617245341523345e-05,0.0,0.0,0.05147603358854045,0.03383675213626157,0.02471254454092541,0.02733509361725747,0.16610344464553733,102.37996632845724,0.004016550958977375,1.1396364174631801,-0.0006832828921735884,2066.666666666667,0.03230253592009253,True,0.0002482681884430349,0.05147603358854045,False,True,True,0.85,True,False,False,0,True,False,True,False,True,False,True,False,False,0,0,False,0,15,24,24,,,,False,False,False,
87,2026-08-18T21:55:30.269556,shadow,analysis_full,silero,webrtc,False,0.00020865436817985028,True,True,False,1,False,True,False,0,0.0,,,,,,,,,,,,,0.0007381083298538941,0.7305217276329865,0.18232779468509197,0.08715047632710697,,,,,,,,,,,,,,False,False,temporal_v1,False,8.939966792108997e-05,0.1837160751565762,3.8836659045447717,0.8837941679336024,64.72725193985112,1628.591839617001,0.000539204172305165,0.00013457766402095694,6.432649252777226e-05,0.0,0.0,0.05942960489071524,0.04182599199450044,0.025215109933041137,0.027104521698734837,0.14106247715507364,106.97344948031781,0.0034533485792702773,1.377422774571129,-0.0008149952265168519,1833.3333333333335,0.01690394011231204,True,0.0002352252704440616,0.05942960489071524,False,True,True,0.85,True,False,False,0,True,False,True,False,True,False,True,False,False,0,0,False,0,15,24,24,,,,False,False,False,
88,2026-08-18T21:55:30.275993,shadow,analysis_full,silero,webrtc,False,0.00021430704509839416,True,True,False,1,False,True,False,0,0.0,,,,,,,,,,,,,0.0008403763101636418,0.7115714836563941,0.2173456660486306,0.07108284910503215,,,,,,,,,,,,,,False,False,temporal_v1,False,9.338646637245132e-05,0.17954070981210857,3.8618620440999907,0.8801851665037322,65.14005204597754,1626.0836614432385,0.0005979878178528287,0.0001826521488640073,5.9736342446805855e-05,0.0,0.0,0.0577570154250642,0.04154583795165253,0.023781564779951022,0.022916062010607644,0.12826926182199003,95.86564929916982,0.002317138299314857,1.6291677916763827,-0.0009707032934704203,1900.0000000000002,0.00966317892262785,True,0.00021833914070157334,0.0577570154250642,False,True,True,0.85,True,False,False,0,True,False,True,False,True,False,True,False,False,0,0,False,0,15,24,24,,,,False,False,False,
89,2026-08-18T21:55:30.282117,shadow,analysis_full,silero,webrtc,False,0.00024792898329906166,True,True,False,1,False,True,False,0,0.0,,,,,,,,,,,,,0.001039961232776312,0.64326504600509,0.28092181670471267,0.0758131363286229,,,,,,,,,,,,,,False,False,temporal_v1,False,0.00010251037784181173,0.1649269311064718,3.9046270198514,0.8815614455236023,66.05114189074476,1615.9381576749554,0.0006689707102453644,0.00029214779881399415,7.884272271695326e-05,0.0,0.0,0.051933096463095234,0.04084884024142918,0.019798762192326666,0.02193656844539195,0.1079025105672385,103.2377933134737,0.0027165277810148,1.7103980629751547,-0.0010328767007989328,1766.6666666666667,0.009167621203242963,True,0.00021833914070157334,0.051933096463095234,False,True,True,0.85,True,False,False,0,True,False,True,False,True,False,True,False,False,0,0,False,0,15,24,24,,,,False,False,False,
90,2026-08-18T21:55:30.286715,shadow,analysis_full,silero,webrtc,False,0.0002739668416325003,True,True,False,1,False,True,False,0,0.0,,,,,,,,,,,,,0.004101012695532068,0.5230617319026535,0.4210857848050052,0.05585248304849902,,,,,,,,,,,,,,False,False,temporal_v1,False,0.00019825060249366576,0.1649269311064718,4.096596497987941,0.8764800763686019,72.07672540209144,1646.4189593292263,0.002145082803079773,0.0017268781493934107,0.0002290517420588841,0.0,0.0,0.06289650070040721,0.06307279399661057,0.023148550212044778,0.012794616656404653,0.11468609015564009,100.0872547010063,0.0027541165361528674,1.019399970565208,-0.0006101281802462409,1800.0000000000002,0.04648583038955681,True,0.00021833914070157334,0.06289650070040721,False,True,True,0.85,True,False,False,0,True,False,True,False,True,False,True,False,False,0,0,False,0,15,24,24,,,,False,False,False,
91,2026-08-18T21:55:30.292796,shadow,analysis_full,silero,webrtc,False,0.0005611780798062682,True,True,False,1,False,True,False,0,0.0,,,,,,,,,,,,,0.009027911137528115,0.3501924393836903,0.596187326759983,0.053620233745559055,,,,,,,,,,,,,,False,False,temporal_v1,False,0.00030177478036710415,0.10855949895615867,3.6882791076664714,0.8854272094475724,75.834755107351,1475.6008977721501,0.003161506223790157,0.005382326207309564,0.00048407870542839347,0.0,0.0,0.10367633241039279,0.11408150178151887,0.026362272113456583,0.021792047349811924,0.12863622272594313,125.8744944546249,0.004815839160063554,1.4134128494327494,-0.000833380725370808,1466.6666666666667,0.009372073818186591,True,0.00021833914070157334,0.10367633241039279,False,True,True,0.85,True,False,False,0,True,False,True,False,True,False,True,False,False,0,0,False,0,15,24,24,,,,False,False,False,
92,2026-08-18T21:55:30.298283,shadow,analysis_full,silero,webrtc,False,0.0005583314341492951,True,True,False,1,False,True,False,0,0.0,,,,,,,,,,,,,0.002840061173291667,0.7036194414548251,0.23006413787183058,0.06631642032123916,,,,,,,,,,,,,,False,False,temporal_v1,False,0.0001655566915195732,0.16910229645093947,3.9303833324767896,0.898815179720757,70.57166663119216,1528.7315261186939,0.001998322256449018,0.000653396225336607,0.00018834269050604184,0.0,0.0,0.10784783821222552,0.116418116183511,0.02224623572007652,0.020540081630478237,0.12383683810982,118.90222218599749,0.005403690605718283,1.8294036320572042,-0.0011131044020557086,1600.0,0.007253497092522071,True,0.00021833914070157334,0.10784783821222552,False,True,True,0.85,True,False,False,0,True,False,True,False,True,False,True,False,False,0,0,False,0,15,24,24,,,,False,False,False,
93,2026-08-18T21:55:30.304329,shadow,analysis_full,silero,webrtc,False,0.00032296625431627035,True,True,False,1,False,True,False,0,0.0,,,,,,,,,,,,,0.004772688040120986,0.704577982252275,0.2310313981885815,0.06439061934961793,,,,,,,,,,,,,,False,False,temporal_v1,False,0.00021517049209210457,0.1524008350730689,3.9207351781589446,0.9031963182904724,72.93606601284976,1541.4569417222801,0.0033627309092280093,0.0011026407910270722,0.00030731633886590444,0.0,0.0,0.11117713619581646,0.11770759162922428,0.022215039901071466,0.02056234960708766,0.12470724955569386,116.22316973779067,0.0009032410448750653,1.2586995735882318,-0.0007466144148548869,1533.3333333333335,0.023309294266808483,True,0.000235055667872075,0.11117713619581646,False,True,True,0.85,True,False,False,0,True,False,True,False,True,False,True,False,False,0,0,False,0,15,24,24,,,,False,False,False,
94,2026-08-18T21:55:30.310463,shadow,analysis_full,silero,webrtc,False,0.0002542237634770572,True,True,False,1,False,True,False,0,0.0,,,,,,,,,,,,,0.005997122160197285,0.7514491386103661,0.19838955869612193,0.05016130252676531,,,,,,,,,,,,,,False,False,temporal_v1,False,0.0002401482056798445,0.17118997912317327,3.7843878191682814,0.9130542345817608,73.95596041219562,1487.0421076988703,0.004506532281421388,0.0011897664188082729,0.0003008234589676243,0.0,0.0,0.11795297668403533,0.12171907145612455,0.02288511514595236,0.020818289540405696,0.12449220028489184,89.65599795019548,0.000968833506492291,1.7598024794991138,-0.0010621985119444214,1400.0,0.00704819034124183,True,0.00025107637338805944,0.11795297668403533,False,True,True,0.85,True,False,False,0,True,False,True,False,True,False,True,False,False,0,0,False,0,15,24,24,,,,False,False,False,
95,2026-08-18T21:55:30.316059,shadow,analysis_full,silero,webrtc,False,0.00023186476028058678,True,True,False,1,False,True,False,0,0.0,,,,,,,,,,,,,0.007718050395764747,0.7025829220912383,0.23828271432982434,0.059134363449370925,,,,,,,,,,,,,,False,False,temporal_v1,False,0.00027184740558892787,0.21085594989561587,3.914981966095101,0.9049591382383472,75.01104191273765,1508.5427227785249,0.005422570399903834,0.001839077997637199,0.00045640199722371365,0.0,0.0,0.11628222075590643,0.12202752484882515,0.017687651300024573,0.025870423506738488,0.11963885958092307,81.3581049600487,0.0007747549387454172,1.4683408171096899,-0.0008749319631203356,1500.0,0.014477489816725109,True,0.00025107637338805944,0.11628222075590643,False,True,True,0.85,True,False,False,0,True,False,True,False,True,False,True,False,False,0,0,False,0,15,24,24,,,,False,False,False,
96,2026-08-18T21:55:30.320107,shadow,analysis_full,silero,webrtc,False,0.00023186476028058678,True,True,False,1,False,True,False,0,0.0,,,,,,,,,,,,,0.005600149967486903,0.709262138709417,0.21544471935758885,0.07529314175442754,,,,,,,,,,,,,,False,False,temporal_v1,False,0.00023039453268898957,0.19624217118997914,3.936249299607406,0.8960815845586805,73.50779077007368,1543.5687718897027,0.0039719743430332325,0.0012065227381056261,0.0004216528853480441,0.0,0.0,0.11774978594327064,0.12279784819234224,0.011011902466870655,0.026029141826316594,0.10043124757936209,60.294507299329595,0.0006346590526134878,1.679612639037922,-0.0009918604034506644,1633.3333333333335,0.008935347684967083,True,0.00025107637338805944,0.11774978594327064,False,True,True,0.85,True,False,False,0,True,False,True,False,True,False,True,False,False,0,0,False,0,15,24,24,,,,False,False,False,
97,2026-08-18T21:55:30.327218,shadow,analysis_full,silero,webrtc,False,0.00023392742150463164,True,True,False,1,False,True,False,0,0.0,,,,,,,,,,,,,0.005750297667883416,0.7069071217922424,0.23328051558251983,0.05981236245133369,,,,,,,,,,,,,,False,False,temporal_v1,False,0.00023840881733089045,0.19832985386221294,3.8821814817371556,0.9053278258969192,73.85483091994112,1512.6956292451332,0.004064926373852109,0.0013414324047168046,0.00034393888831450167,0.0,0.0,0.11640069024221952,0.1196091247289985,0.00849910542863644,0.02713666272947294,0.10044481352885193,57.08742292700743,0.000719906648871854,2.111614686271683,-0.0012921850742378014,1500.0,0.003575996964949267,True,0.00025107637338805944,0.11640069024221952,False,True,True,0.85,True,False,False,0,True,False,True,False,True,False,True,False,False,0,0,False,0,15,24,24,,,,False,False,False,
98,2026-08-18T21:55:30.333228,shadow,analysis_full,silero,webrtc,False,0.00024228019174188375,True,True,False,1,False,True,False,0,0.0,,,,,,,,,,,,,0.002198974295690864,0.6553037199870186,0.26912250566198737,0.07557377389623646,,,,,,,,,,,,,,False,False,temporal_v1,False,0.00014979196022620376,0.16910229645093947,3.9687217185975787,0.8906834393338114,69.62650123372315,1559.6282226040764,0.0014409960361220575,0.0005917934723426293,0.00016618478622617717,0.0,0.0,0.11466678330407895,0.11762045580760087,0.009009838458298721,0.02701190320462907,0.10233355663936704,51.25140478223764,0.0010957979054356313,1.615616218005133,-0.0009646865461577324,1600.0,0.010790962595959049,True,0.00025107637338805944,0.11466678330407895,False,True,True,0.85,True,False,False,0,True,False,True,False,True,False,True,False,False,0,0,False,0,15,24,24,,,,False,False,False,
99,2026-08-18T21:55:30.340506,shadow,analysis_full,silero,webrtc,False,0.0002539664856158197,True,True,False,1,False,True,False,0,0.0,,,,,,,,,,,,,0.004630549760017732,0.7184698212148398,0.2185063898410274,0.06302378872817548,,,,,,,,,,,,,,False,False,temporal_v1,False,0.0002108870632583093,0.18789144050104384,3.8696212926285307,0.8988622519748278,72.73661540862003,1542.0667132642545,0.0033269102582063593,0.0010118047110407105,0.0002918347897706612,0.0,0.0,0.1167521333268697,0.11964842997291296,0.008040548492512858,0.02740833976163058,0.10280589459771045,44.998847891951996,0.0013187801314098672,1.6687087581106095,-0.0009997126347066336,1600.0,0.009434789926955409,True,0.00025409512454643846,0.1167521333268697,False,True,True,0.85,True,False,False,0,True,False,True,False,True,False,True,False,False,0,0,False,0,15,24,24,,,,False,False,False,
100,2026-08-18T21:55:30.346870,shadow,analysis_full,silero,webrtc,False,0.00027951004449278116,True,True,False,1,False,True,False,0,0.0,,,,,,,,,,,,,0.0024614621995896094,0.6498623527610801,0.20956600142598772,0.14057164540666983,,,,,,,,,,,,,,False,False,temporal_v1,False,0.00015481609981441517,0.21920668058455114,3.9615138987810994,0.8591159044498767,69.7694056078503,1697.3271932190873,0.0015996116162577667,0.0005158387908292109,0.0003460117915026321,0.0,0.0,0.10860232204749501,0.11221112670751097,0.024516578597054382,0.03050017931983244,0.08293802105123106,58.28291179279537,0.002140818147710012,1.1851199964926686,-0.0007063576414051686,2333.3333333333335,0.02878757084359214,True,0.00025409512454643846,0.10860232204749501,False,True,True,0.85,True,False,False,0,True,False,True,False,True,False,True,False,False,0,0,False,0,15,24,24,,,,False,False,False,
101,2026-08-18T21:55:30.354097,shadow,analysis_full,silero,webrtc,False,0.00025822618044912815,True,True,False,1,False,True,False,0,0.0,,,,,,,,,,,,,0.002917542160627943,0.6716483426472403,0.262544024340253,0.06580763266975252,,,,,,,,,,,,,,False,False,temporal_v1,False,0.0001685200660510916,0.2150313152400835,3.947947908498326,0.8822528470427706,70.6508226144012,1584.08770009515,0.0019595623567892064,0.000765983260033617,0.0001919965428051198,0.0,0.0,0.028997366285570345,0.021040344178856942,0.023928647740499173,0.021580015378427332,0.0519050063508559,55.37235212581206,0.0019437930521644213,1.7950014486962287,-0.0010830071803011538,1800.0000000000002,0.00674833441071159,True,0.00025409512454643846,0.028997366285570345,False,True,False,0.85,True,False,False,0,True,False,True,False,True,False,True,False,False,0,0,False,0,15,24,24,,,,False,False,False,
102,2026-08-18T21:55:30.362034,shadow,analysis_full,silero,webrtc,False,0.0002551659708842635,True,True,False,1,False,True,False,0,0.0,,,,,,,,,,,,,0.0008723663048117906,0.4716654273210921,0.3077850371993049,0.2205495343332954,,,,,,,,,,,,,,False,False,temporal_v1,False,9.46379361005693e-05,0.23799582463465555,4.067980808372906,0.7471361247996369,64.55960295227929,2108.805080873614,0.0004114650259395753,0.0002685012955779171,0.00019239998229429807,0.0,0.0,0.0734376709573951,0.03126746571338787,0.05037762800235017,0.024891621813426107,0.07009294736874377,175.5636700143237,0.005329365336060973,0.9875984467080916,-0.0005755638302316393,3000.0,0.0540280082577015,True,0.00025409512454643846,0.0734376709573951,False,True,True,0.85,True,False,False,0,True,False,True,False,True,False,True,False,False,0,0,False,0,15,24,24,,,,False,False,False,
103,2026-08-18T21:55:30.368620,shadow,analysis_full,silero,webrtc,False,0.00029885375988669693,True,True,False,1,False,True,False,0,0.0,,,,,,,,,,,,,0.0020973689936774104,0.5089018759653425,0.3511962705396907,0.1399018530181789,,,,,,,,,,,,,,False,False,temporal_v1,False,0.0001424770414060277,0.20668058455114824,4.0945246838071885,0.811880816462889,68.76826164662063,1837.6254362958446,0.0010673550154739768,0.0007365881685250906,0.00029342580867834287,0.0,0.0,0.08745972923676196,0.04582839690080621,0.051991410216566496,0.020331071104701216,0.0864176841781977,186.3987775922145,0.004216050406686709,1.1878462967873664,-0.00070993144838372,2433.3333333333335,0.03371606811257153,True,0.00025409512454643846,0.08745972923676196,False,True,True,0.85,True,False,False,0,True,False,True,False,True,False,True,False,False,0,0,False,0,15,24,24,,,,False,False,False,
104,2026-08-18T21:55:30.375719,shadow,analysis_full,silero,webrtc,False,0.000362333666998893,True,True,False,1,False,True,False,0,0.0,,,,,,,,,,,,,0.0013326673596085461,0.4191058268733561,0.3754615818858518,0.20543259049041737,,,,,,,,,,,,,,False,False,temporal_v1,False,0.00011497773308988526,0.24634655532359082,4.199817593977458,0.7590458155427913,66.49165507500007,2029.1556154567545,0.0005585286556958719,0.0005003653949662661,0.0002737733079464082,0.0,0.0,0.10560686446897079,0.055496047750850125,0.05900025104945954,0.021675736705498806,0.09918486973309339,211.68847531403642,0.0041888779587202895,1.0860233727860362,-0.0006363341338999185,2933.3333333333335,0.04109190896877195,True,0.0002545662282500416,0.10560686446897079,False,True,True,0.85,True,False,False,0,True,False,True,False,True,False,True,False,False,0,0,False,0,15,24,24,,,,False,False,False,
105,2026-08-18T21:55:30.381290,shadow,analysis_full,silero,webrtc,False,0.0003171245916746557,True,True,False,1,False,True,False,0,0.0,,,,,,,,,,,,,0.0013377017965121177,0.3704979790936712,0.4286463685179321,0.20085565164084582,,,,,,,,,,,,,,False,False,temporal_v1,False,0.00011458049140448876,0.2359081419624217,4.347574191590478,0.7426112283465824,66.36425509665833,2058.9932483672524,0.000495615812237713,0.000573401017234833,0.0002686849660395715,0.0,0.0,0.12523654566142367,0.07214784980023393,0.061906918172353935,0.023168575196668196,0.14379817542507556,227.69768211423826,0.004132938116204885,1.0448320703964942,-0.0006098236563796373,2800.0,0.056111271727482724,True,0.00025669607566669583,0.12523654566142367,False,True,True,0.85,True,False,False,0,True,False,True,False,True,False,True,False,False,0,0,False,0,15,24,24,,,,False,False,False,
106,2026-08-18T21:55:30.387396,shadow,analysis_full,silero,webrtc,False,0.0003003943129442632,True,True,False,1,False,True,False,0,0.0,,,,,,,,,,,,,0.0011911424062075369,0.24126501204044168,0.46573500129412654,0.2929999858259015,,,,,,,,,,,,,,False,False,temporal_v1,False,0.0001085376382703614,0.2536534446764092,4.218992508866225,0.6755631786035496,65.4418525763879,2151.3033218631085,0.00028738098697554204,0.0005547567100965562,0.0003490047081354385,0.0,0.0,0.15511689155218902,0.08516858656884518,0.07712109779204529,0.025706699043670764,0.1506862330333446,245.5859479570754,0.00447823205503213,1.121122160751516,-0.0006657740103972708,3233.3333333333335,0.03811181979581725,True,0.00026886811247095466,0.15511689155218902,False,True,True,0.85,True,False,False,0,True,False,True,False,True,False,True,False,False,0,0,False,0,15,24,24,,,,False,False,False,
107,2026-08-18T21:55:30.394269,shadow,analysis_full,silero,webrtc,False,0.00030901641002856195,True,True,False,1,False,True,False,0,0.0,,,,,,,,,,,,,0.0014007041528248363,0.24246005494528144,0.3985430883028447,0.3589968560379473,,,,,,,,,,,,,,False,False,temporal_v1,False,0.0001165261522987157,0.2818371607515658,4.338450757284896,0.646005938100585,65.91800493679223,2197.871813746826,0.0003396148058559937,0.00055824095886543,0.0005028483871034127,0.0,0.0,0.1676243636380913,0.08428387728075773,0.09391158740566342,0.031247142380926716,0.15997292192234935,249.1469365945965,0.004925917064671987,1.3781197329510568,-0.0008165849259426216,3033.3333333333335,0.024620577582490023,True,0.00028918190218973905,0.1676243636380913,False,True,True,0.85,True,False,False,0,True,False,True,False,True,False,True,False,False,0,0,False,0,15,24,24,,,,False,False,False,
108,2026-08-18T21:55:30.400859,shadow,analysis_full,silero,webrtc,False,0.000319921993650496,True,True,False,1,False,True,False,0,0.0,,,,,,,,,,,,,0.0013850620634327585,0.3074057239370519,0.40895703542422335,0.2836372399167354,,,,,,,,,,,,,,False,False,temporal_v1,False,0.000116705950354405,0.2609603340292276,4.264253160452723,0.7112905601806767,66.34992657406437,2084.542414381678,0.00042577600630729404,0.0005664308753400185,0.00039285518078544586,0.0,0.0,0.16682723833644147,0.08483577783665584,0.092309614620427,0.02649815441257269,0.16000918772501857,231.48794090215253,0.003925644858248738,1.4649441846365678,-0.0008782952996552936,2900.0,0.019181645768551053,True,0.0002996240364154801,0.16682723833644147,False,True,True,0.85,True,False,False,0,True,False,True,False,True,False,True,False,False,0,0,False,0,15,24,24,,,,False,False,False,
109,2026-08-18T21:55:30.408828,shadow,analysis_full,silero,webrtc,False,0.00034390174550935626,True,True,False,1,False,True,False,0,0.0,,,,,,,,,,,,,0.0029236326719583264,0.520862625928054,0.25629679091561486,0.22284058281429095,,,,,,,,,,,,,,False,False,temporal_v1,False,0.00016728346229812475,0.2797494780793319,4.1855390095926275,0.7822361806187448,70.0625690326698,1883.7018023642875,0.0015228109907652668,0.0007493176716389635,0.0006515040085540961,0.0,0.0,0.14538112252288396,0.07991882741479843,0.08081944536126644,0.02458351614924463,0.13441053276580175,194.01243531739502,0.004757554713899562,1.2490351793205083,-0.0007444505606106696,2766.666666666667,0.028687030816770365,True,0.0003047053614864126,0.14538112252288396,False,True,True,0.85,True,False,False,0,True,False,True,False,True,False,True,False,False,0,0,False,0,15,24,24,,,,False,False,False,
110,2026-08-18T21:55:30.415945,shadow,analysis_full,silero,webrtc,False,0.00028785516042262316,True,True,False,1,False,True,False,0,0.0,,,,,,,,,,,,,0.0020005145525666154,0.3587045132216492,0.42102859632638734,0.22026688995209204,,,,,,,,,,,,,,False,False,temporal_v1,False,0.00013935992695523935,0.2818371607515658,4.368115238555782,0.7369324615744297,68.14556617071666,2036.881410030362,0.0007175935987712331,0.0008422738339976329,0.0004406471187977493,0.0,0.0,0.12870904478039308,0.06798051690734516,0.07711305687150988,0.02549730701720473,0.12879518422021738,173.06736959404256,0.0032562291771271205,1.0955713686317292,-0.0006500609502902766,2833.3333333333335,0.05366306593316348,True,0.0003047053614864126,0.12870904478039308,False,True,True,0.85,True,False,False,0,True,False,True,False,True,False,True,False,False,0,0,False,0,15,24,24,,,,False,False,False,
111,2026-08-18T21:55:30.421068,shadow,analysis_full,silero,webrtc,False,0.0003230983857065439,True,True,False,1,False,True,False,0,0.0,,,,,,,,,,,,,0.0042182071776909035,0.523613980189608,0.3423005423452958,0.1340854772280287,,,,,,,,,,,,,,False,False,temporal_v1,False,0.00019954976161068376,0.22338204592901878,4.157225951363405,0.8250418314860042,71.87323038549748,1795.3543226477154,0.002208712249575107,0.0014438946046484158,0.0005656003224673808,0.0,0.0,0.10406135048733184,0.05931071558364219,0.06515359764494504,0.024453751749125358,0.09920292047255917,128.49077637334162,0.0032604757587027895,1.2021732454054028,-0.0007052924123926386,2333.3333333333335,0.030393286030923457,True,0.0003130705008516088,0.10406135048733184,False,True,True,0.85,True,False,False,0,True,False,True,False,True,False,True,False,False,0,0,False,0,15,24,24,,,,False,False,False,
112,2026-08-18T21:55:30.427494,shadow,analysis_full,silero,webrtc,False,0.0003230983857065439,True,True,False,1,False,True,False,0,0.0,,,,,,,,,,,,,0.00218517850559394,0.34679958595440546,0.448247464839669,0.20495294874829706,,,,,,,,,,,,,,False,False,temporal_v1,False,0.00014328531446494667,0.2818371607515658,4.235244830858802,0.7343066778540935,68.38452542607386,2018.8915906124907,0.0007578190009764448,0.00097950072535462,0.00044785877826287513,0.0,0.0,0.10175258123004105,0.05821067022364681,0.06549800983571527,0.02565918278346943,0.0844489005397981,124.9486822269398,0.0032768519192387237,1.104757097971326,-0.0006456601972691097,2700.0,0.04352746277515216,True,0.00031852329266257584,0.10175258123004105,False,True,True,0.85,True,False,False,0,True,False,True,False,True,False,True,False,False,0,0,False,0,15,24,24,,,,False,False,False,
113,2026-08-18T21:55:30.434575,shadow,analysis_full,silero,webrtc,False,0.00033075478859245777,True,True,False,1,False,True,False,0,0.0,,,,,,,,,,,,,0.007795929452806016,0.6147525070581343,0.2877652206460002,0.09748227216759336,,,,,,,,,,,,,,False,False,temporal_v1,False,0.0002728536822332599,0.24634655532359082,4.110516765592144,0.8537402563541413,74.79083600702332,1742.14544274246,0.004792567175960848,0.002243397359127375,0.0007599649167177933,0.0,0.0,0.11835108260609498,0.06510236818326368,0.07201218513775177,0.020369889030874642,0.08176936332406354,140.4046708544922,0.003149751362690459,1.1139943023166397,-0.0006576425180575056,2266.666666666667,0.04058291466183543,True,0.00032151018967851996,0.11835108260609498,False,True,True,0.85,True,False,False,0,True,False,True,False,True,False,True,False,False,0,0,False,0,15,24,24,,,,False,False,False,
114,2026-08-18T21:55:30.441268,shadow,analysis_full,silero,webrtc,False,0.0003383372677490115,True,True,False,1,False,True,False,0,0.0,,,,,,,,,,,,,0.006727730719262378,0.5079197080783174,0.3351828936670868,0.15689739810595715,,,,,,,,,,,,,,False,False,temporal_v1,False,0.0002521731717469337,0.25260960334029225,4.240611614065505,0.8029286122575431,73.82996451048545,1852.8363564326307,0.0034171470229572756,0.0022550202502953152,0.0010555634450097869,0.0,0.0,0.1230980385158287,0.06668928983352987,0.07456601237934853,0.020059415060841242,0.08054296667058902,146.55786724402776,0.0016716233568580651,1.284285045139156,-0.0007516327062545655,2566.666666666667,0.027774559337899348,True,0.00032151018967851996,0.1230980385158287,False,True,True,0.85,True,False,False,0,True,False,True,False,True,False,True,False,False,0,0,False,0,15,24,24,,,,False,False,False,
115,2026-08-18T21:55:30.447314,shadow,analysis_full,silero,webrtc,False,0.0003829961351584643,True,True,False,1,False,True,False,0,0.0,,,,,,,,,,,,,0.010278476300319344,0.6125723546193396,0.25439332583433527,0.13303431944903452,,,,,,,,,,,,,,False,False,temporal_v1,False,0.00031263780033247206,0.2881002087682672,4.147766744515179,0.8378379395957057,75.90557898172138,1777.0516394638164,0.0062963104291856985,0.0026147757705476315,0.0013673900995860141,0.0,0.0,0.13723270874150859,0.07388806677026526,0.07872193125403269,0.0199504815391298,0.07776410430331505,155.9041511182481,0.0019836438708385616,1.189028721974796,-0.0007027553110350436,2333.3333333333335,0.03510435116406273,True,0.0003230983857065439,0.13723270874150859,False,True,True,0.85,True,False,False,0,True,False,True,False,True,False,True,False,False,0,0,False,0,15,24,24,,,,False,False,False,
116,2026-08-18T21:55:30.455612,shadow,analysis_full,silero,webrtc,False,0.00044130004243925214,True,True,False,1,False,True,False,0,0.0,,,,,,,,,,,,,0.01619475846975478,0.6660243011587947,0.2429219759784241,0.0910537228010328,,,,,,,,,,,,,,False,False,temporal_v1,False,0.00038854382154749684,0.24843423799582465,4.010539583971409,0.8637466650389497,77.94145655684288,1713.9729020277766,0.010786102692253899,0.003934062727966151,0.0014745930485347298,0.0,0.0,0.13870158228924503,0.07278698452227214,0.08084688928916975,0.02030640332280016,0.10138116251629842,155.77881788459743,0.0017340638000175334,1.1037856381539872,-0.0006514590115478752,2133.3333333333335,0.03721165758803724,True,0.00032692658714950085,0.13870158228924503,False,True,True,0.85,True,False,False,0,True,False,True,False,True,False,True,False,False,0,0,False,0,15,24,24,,,,False,False,False,
117,2026-08-18T21:55:30.464404,shadow,analysis_full,silero,webrtc,False,0.0004526697739493102,True,True,False,1,False,True,False,0,0.0,,,,,,,,,,,,,0.012763697610958693,0.5996982068033471,0.24243953260444712,0.15786226051385846,,,,,,,,,,,,,,False,False,temporal_v1,False,0.0003469130587748151,0.2860125260960334,4.180379111616235,0.8170857031132304,76.70880572730897,1825.5591812912494,0.007654366569472093,0.003094424883105324,0.002014906157381274,0.0,0.0,0.12024428816179006,0.0751645879015906,0.05824107204534694,0.020697560184892036,0.0912913304145736,123.81873144238594,0.0014892962618331227,1.457467402552831,-0.0008784606087150742,2633.3333333333335,0.02070982062341715,True,0.00033454602817073464,0.12024428816179006,False,True,True,0.85,True,False,False,0,True,False,True,False,True,False,True,False,False,0,0,False,0,15,24,24,,,,False,False,False,
118,2026-08-18T21:55:30.473852,shadow,analysis_full,silero,webrtc,False,0.000405867729568854,True,True,False,1,False,True,False,0,0.0,,,,,,,,,,,,,0.014790961971094507,0.5822676838957264,0.21881835576166303,0.19891396027500174,,,,,,,,,,,,,,False,False,temporal_v1,False,0.00037047708570360103,0.2860125260960334,4.172131566177323,0.7952160034955812,77.16642408561106,1887.1592741046354,0.008612299169498966,0.0032365339786481866,0.0029421288219473544,0.0,0.0,0.10173473518685902,0.07530578786142587,0.04600089354797466,0.02156385208404957,0.08792139559272337,102.42170481007201,0.0015346509471978608,1.2223042657987102,-0.000723919062453491,2933.3333333333335,0.03064127022490574,True,0.0003411195066291839,0.10173473518685902,False,True,True,0.85,True,False,False,0,True,False,True,False,True,False,True,False,False,0,0,False,0,15,24,24,,,,False,False,False,
119,2026-08-18T21:55:30.481980,shadow,analysis_full,silero,webrtc,False,0.00030066794715821743,True,True,False,1,False,True,False,0,0.0,,,,,,,,,,,,,0.013853496508284173,0.4447927467671727,0.3046991335389861,0.25050811962165725,,,,,,,,,,,,,,False,False,temporal_v1,False,0.00035905603226429834,0.31106471816283926,4.323583729706387,0.7540729012058783,76.66197637668934,1980.0172220983736,0.0061619347642491535,0.004221148382559557,0.0034704133604754627,0.0,0.0,0.10516797254543989,0.07355901421357622,0.050230296553114805,0.02510780188454766,0.09785646360441567,109.13143667291685,0.002523802313522114,1.071887154296383,-0.0006303962537863681,2933.3333333333335,0.04762564476654444,True,0.00033454602817073464,0.10516797254543989,False,True,True,0.85,True,False,False,0,True,False,True,False,True,False,True,False,False,0,0,False,0,15,24,24,,,,False,False,False,
120,2026-08-18T21:55:30.489986,shadow,analysis_full,silero,webrtc,False,0.0003140475891996175,True,True,False,1,False,True,False,0,0.0,,,,,,,,,,,,,0.012870507650576153,0.4143826191288599,0.261291817656857,0.3243255631365862,,,,,,,,,,,,,,False,False,temporal_v1,False,0.00034790742807184723,0.3235908141962422,4.382323279925616,0.7017285143696158,76.07379682842561,2095.317928015345,0.005333314669763775,0.003362958338185527,0.004174234641626852,0.0,0.0,0.09736296257567403,0.0644456833327174,0.06825033101978417,0.029689167155960216,0.10043448237035836,119.3706932244458,0.002142406392676754,1.0761839281945542,-0.0006330716207783366,3433.3333333333335,0.05208085698023074,True,0.00033454602817073464,0.09736296257567403,False,True,True,0.85,True,False,False,0,True,False,True,False,True,False,True,False,False,0,0,False,0,15,24,24,,,,False,False,False,
121,2026-08-18T21:55:30.497621,shadow,analysis_full,silero,webrtc,False,0.00042385506094433367,True,True,True,1,False,True,False,0,0.0,,,,,,,,,,,,,0.008801651446078711,0.21154573797208712,0.29004949673357855,0.4984047651807193,,,,,,,,,,,,,,False,False,temporal_v1,False,0.00028753432401770854,0.33194154488517746,4.501832703612667,0.5600193007423662,73.42345675853069,2457.176177018453,0.0018619518505338087,0.002552914572359504,0.004386785022185398,0.0,0.0,0.13683183668182677,0.06238736831446205,0.11674299766581445,0.0287585392195784,0.13453750890437205,209.62933491899506,0.0030846536240063498,0.884008872266707,-0.0005158177426462032,3566.666666666667,0.08505454704312884,True,0.0003606667014537379,0.13683183668182677,False,True,True,0.85,True,False,False,0,True,True,True,True,True,False,True,False,False,1,0,False,0,15,24,24,,,,False,False,False,
122,2026-08-18T21:55:30.505827,shadow,analysis_full,silero,webrtc,False,0.0005069905309937894,True,True,True,1,False,True,False,0,0.0,,,,,,,,,,,,,0.013336949545036685,0.2622182926924181,0.37858789909811563,0.3591938081344867,,,,,,,,,,,,,,False,False,temporal_v1,False,0.00035336808737639996,0.33820459290187893,4.331872975410098,0.588016763498898,75.44361001916924,2336.003373868848,0.0034971921394244417,0.005049207708633007,0.004790549695979237,0.0,0.0,0.14818794440118768,0.04587422231267061,0.12479147208838348,0.03272072145594553,0.1379583393853504,241.48424363628226,0.003965921939529205,1.2302988067401945,-0.0007422219873218964,3500.0000000000005,0.033885658234512596,True,0.00039443193236365914,0.14818794440118768,False,True,True,0.85,True,False,False,0,True,True,True,True,True,False,True,False,False,2,0,False,0,15,24,24,,,,False,False,False,
123,2026-08-18T21:55:30.513786,shadow,analysis_full,silero,webrtc,False,0.00038543404662050307,True,True,True,1,False,True,False,0,0.0,,,,,,,,,,,,,0.0088384519257072,0.05447309154899142,0.29960889615202363,0.6459180121858429,,,,,,,,,,,,,,False,False,temporal_v1,False,0.0002883271023473216,0.38204592901878914,4.335857891973607,0.43198758997781206,72.32274613362117,2744.7984528721818,0.00048145780090040786,0.002648078825153862,0.005708915298652931,0.0,0.0,0.1908240749641957,0.046169656023374694,0.1687078214655587,0.03885558287810219,0.13326656727773759,322.1148118389253,0.005268251592367156,1.1585527812940608,-0.0006932940292329143,3600.0000000000005,0.03454477245487186,True,0.0003956508880946785,0.1908240749641957,False,True,True,0.85,True,False,False,0,True,True,True,True,True,False,True,False,False,3,0,False,0,15,24,24,,,,False,False,False,
124,2026-08-18T21:55:30.521864,shadow,analysis_full,silero,webrtc,False,0.0002645945642143488,True,True,True,1,False,True,False,0,0.0,,,,,,,,,,,,,0.008601192528387374,0.10150870746591596,0.36280002522665766,0.5356912671911633,,,,,,,,,,,,,,False,False,temporal_v1,False,0.00028730558871212984,0.35281837160751567,4.432753255207817,0.4596457581612669,72.56043100560636,2620.3458810655025,0.000873095936222096,0.003120512866278279,0.004607583724886999,0.0,0.0,0.21307265937710804,0.049896066100065355,0.1786835090936337,0.03697969073149818,0.14224697707349368,351.9963822593555,0.0044708664212284015,1.044819350906728,-0.0006131874302070438,3766.666666666667,0.05540382422391103,True,0.0003956508880946785,0.21307265937710804,False,True,True,0.85,True,False,False,0,True,True,True,True,True,False,True,False,False,4,0,False,0,15,24,24,,,,False,False,False,
125,2026-08-18T21:55:30.529400,shadow,analysis_full,silero,webrtc,False,0.00022928230464458466,True,True,True,1,False,True,False,0,0.0,,,,,,,,,,,,,0.007245704231679872,0.2206749359308051,0.40752469770093863,0.3718003662302433,,,,,,,,,,,,,,False,False,temporal_v1,False,0.0002618796684604674,0.31315240083507306,4.4734919893154075,0.6001415726624014,72.90073355497758,2346.19210967553,0.001598945317099519,0.0029528034266457517,0.0026939554869346003,0.0,0.0,0.20534172919784083,0.060377941350200304,0.16779374792272062,0.03591785080184813,0.1450673742909356,333.6388339857816,0.0041278539684826065,1.3321193262616036,-0.0008001949317259176,3500.0000000000005,0.031392873461205666,True,0.0003956508880946785,0.20534172919784083,False,True,True,0.85,True,False,False,0,True,True,True,True,True,False,True,False,False,5,0,False,0,15,24,24,,,,False,False,False,
126,2026-08-18T21:55:30.537373,shadow,analysis_full,silero,webrtc,False,0.00018243686645291746,True,True,True,1,False,True,False,0,0.0,,,,,,,,,,,,,0.003823140308767909,0.09399857092764541,0.32372433804455025,0.5822770907662392,,,,,,,,,,,,,,False,False,temporal_v1,False,0.00018935518996446264,0.33820459290187893,4.363937808417017,0.4747660401962603,69.00941270233643,2634.064308941527,0.0003593697254800605,0.0012376435657073287,0.0022261270165805196,0.0,0.0,0.190048535483404,0.05741578800724117,0.15837715713671272,0.027900845988314375,0.1039351218862077,312.9660428990491,0.004786026766865091,0.9644546445960008,-0.000560529493577562,3600.0000000000005,0.05935037810336006,True,0.0003497408179100603,0.190048535483404,False,True,True,0.85,True,False,False,0,True,True,True,True,True,False,True,False,False,6,0,False,0,15,24,24,,,,False,False,False,
127,2026-08-18T21:55:30.545527,shadow,analysis_full,silero,webrtc,False,0.00014881280367262661,True,True,True,1,False,True,False,0,0.0,,,,,,,,,,,,,0.003336023177267657,0.15521706734253873,0.4834979425144833,0.3612849898432198,,,,,,,,,,,,,,False,False,temporal_v1,False,0.00017665006667864883,0.3089770354906054,4.315564516591864,0.5980476818614809,69.38816015809378,2348.2927883450666,0.000517807734162224,0.0016129603423895417,0.0012052550997158913,0.0,0.0,0.1647081004943299,0.07293560364687368,0.13878722189601067,0.02531525075778559,0.08869147346109604,271.48861576785976,0.004207774837491888,1.067113326104277,-0.0006231825983780986,3266.666666666667,0.04514372689962577,True,0.00030735776817891747,0.1647081004943299,False,True,True,0.85,True,False,False,0,True,True,True,True,True,False,True,False,False,7,0,False,0,15,24,24,,,,False,False,False,
128,2026-08-18T21:55:30.551566,shadow,analysis_full,silero,webrtc,False,0.00014881280367262661,True,True,False,1,False,True,False,0,0.0,,,,,,,,,,,,,0.002092370264220798,0.09741090664796985,0.3790972632357493,0.523491829638354,,,,,,,,,,,,,,False,False,temporal_v1,False,0.000141228620863884,0.32150313152400833,4.322096437142973,0.531126961048178,66.84792837005195,2495.841593008468,0.00020381968448100017,0.0007932118408419663,0.0010953387378978318,0.0,0.0,0.12831372576325398,0.06300419262265819,0.12188874190155816,0.021258514997123695,0.06446293730775211,226.54432692934557,0.004445403681682215,1.2203638646502248,-0.0007269273023639775,3433.3333333333335,0.03431135793396662,True,0.0002826312556862831,0.12831372576325398,False,True,True,0.85,True,False,False,0,True,False,True,False,True,False,True,False,False,0,0,False,0,15,24,24,,,,False,False,False,
129,2026-08-18T21:55:30.559182,shadow,analysis_full,silero,webrtc,False,0.00015093064575921744,True,True,False,1,False,True,False,0,0.0,,,,,,,,,,,,,0.003694933152463641,0.4979577277537914,0.2995806388545614,0.20246163312100635,,,,,,,,,,,,,,False,False,temporal_v1,False,0.00018688398295336407,0.302713987473904,4.273428490112415,0.7680660355172306,70.97756600471682,1958.4872397349593,0.001839920516802948,0.001106930434339956,0.0007480822003207372,0.0,0.0,0.1387872378231896,0.06338238861791412,0.13013969499346192,0.022212982874688685,0.07022141201167398,230.64581347856563,0.005730883492758294,1.2807788833125542,-0.0007639565957082191,2933.3333333333335,0.03054876445488764,True,0.0002469384344294667,0.1387872378231896,False,True,True,0.85,True,False,False,0,True,False,True,False,True,False,True,False,False,0,0,False,0,15,24,24,,,,False,False,False,
130,2026-08-18T21:55:30.568336,shadow,analysis_full,silero,webrtc,False,0.00013911073619965464,True,True,False,1,False,True,False,0,0.0,,,,,,,,,,,,,0.00336578714752175,0.5629008850043127,0.25254503743637446,0.1845540772622055,,,,,,,,,,,,,,False,False,temporal_v1,False,0.00017956274581830823,0.2546972860125261,4.209037486199577,0.8057866176029561,70.82773139775182,1872.3605168104525,0.0018946045640761341,0.0008500128411737483,0.0006211697412718672,0.0,0.0,0.16519719677132289,0.0646289747798731,0.14812744475193085,0.03204711904381923,0.08556514875618906,267.24607492322264,0.002248392337234224,1.143684652182626,-0.0006702748034576402,2633.3333333333335,0.0387243579150647,True,0.00020585958554875106,0.16519719677132289,False,True,True,0.85,True,False,False,0,True,False,True,False,True,False,True,False,False,0,0,False,0,15,24,24,,,,False,False,False,
131,2026-08-18T21:55:30.575898,shadow,analysis_full,silero,webrtc,False,0.0001550712186144665,True,True,False,1,False,True,False,0,0.0,,,,,,,,,,,,,0.0060101438684781044,0.6628173013801779,0.2237966593111602,0.11338603914227653,,,,,,,,,,,,,,False,False,temporal_v1,False,0.00023859514951722244,0.2630480167014614,4.052527965920798,0.8586320403219663,73.63201708449606,1674.2854776816864,0.00398362733981128,0.0013450501197448527,0.0006814664079219716,0.0,0.0,0.2105530727312534,0.07304708919199275,0.17247304372359107,0.03675092441421934,0.11128486309996503,338.690606225933,0.0019678986484151866,1.530542843582436,-0.000914063258279822,2133.3333333333335,0.014215012783751027,True,0.00016875404253369197,0.2105530727312534,False,True,True,0.85,True,False,False,0,True,False,True,False,True,False,True,False,False,0,0,False,0,15,24,24,,,,False,False,False,
132,2026-08-18T21:55:30.583976,shadow,analysis_full,silero,webrtc,False,0.00021461702999658883,True,True,False,1,False,True,False,0,0.0,,,,,,,,,,,,,0.010305915272267747,0.6819944433270232,0.22062885657650153,0.09737669999944355,,,,,,,,,,,,,,False,False,temporal_v1,False,0.0003105594404853056,0.22755741127348644,3.937302876180651,0.8785352813988787,76.05279188045185,1631.5934014773618,0.007028576949085709,0.0022737823024947374,0.0010035560196873,0.0,0.0,0.2438469050568118,0.07997758786263508,0.19345539266221304,0.044666652593958515,0.15733194146761523,393.3555847757579,0.0015300501882540114,1.3145095548921688,-0.0007745483585804676,1900.0000000000002,0.01967182250488045,True,0.00016875404253369197,0.2438469050568118,False,True,True,0.85,True,False,False,0,True,False,True,False,True,False,True,False,False,0,0,False,0,15,24,24,,,,False,False,False,
133,2026-08-18T21:55:30.592534,shadow,analysis_full,silero,webrtc,False,0.00020432955352589488,True,True,False,1,False,True,False,0,0.0,,,,,,,,,,,,,0.01264200168508635,0.6867795544838154,0.22068802903104315,0.09253241640604,,,,,,,,,,,,,,False,False,temporal_v1,False,0.0003458401631550878,0.25260960334029225,3.9822273687607397,0.8821056796638621,77.01379027388757,1602.6645173891352,0.008682268285067248,0.002789938434888833,0.0011697949641302696,0.0,0.0,0.2505273043170533,0.08580316942622326,0.18314887357655987,0.03932609027923074,0.17737961992775642,393.8743988130872,0.0011968246520886001,1.8021377828567369,-0.001095305818089296,1800.0000000000002,0.007830037221185165,True,0.00016875404253369197,0.2505273043170533,False,True,True,0.85,True,False,False,0,True,False,True,False,True,False,True,False,False,0,0,False,0,15,24,24,,,,False,False,False,
134,2026-08-18T21:55:30.599124,shadow,analysis_full,silero,webrtc,False,0.000169488150277175,True,True,False,1,False,True,False,0,0.0,,,,,,,,,,,,,0.012918253236305466,0.698614916120916,0.2309802998099454,0.07040478399172868,,,,,,,,,,,,,,False,False,temporal_v1,False,0.00034921003906554553,0.24008350730688935,3.974176901935986,0.8962204978679537,77.1675650458719,1553.686332555791,0.009024884401110295,0.002983862005542634,0.0009095068286525363,0.0,0.0,0.2491124547931518,0.087913779015325,0.17804069751314971,0.03679063176937067,0.17990629762850352,387.88829460808574,0.0007985364543801053,1.5152474775852627,-0.0009119830484319785,1633.3333333333335,0.015518647239136084,True,0.00016227968444582075,0.2491124547931518,False,True,True,0.85,True,False,False,0,True,False,True,False,True,False,True,False,False,0,0,False,0,15,24,24,,,,False,False,False,
135,2026-08-18T21:55:30.609035,shadow,analysis_full,silero,webrtc,False,0.00018216014723293483,True,True,False,1,False,True,False,0,0.0,,,,,,,,,,,,,0.011424599152142726,0.7041917257235288,0.23613484217621172,0.059673432012728955,,,,,,,,,,,,,,False,False,temporal_v1,False,0.00032696101486571935,0.19206680584551147,3.919405965123145,0.8975782210532007,76.59728244007087,1556.9515988527987,0.008045108192646951,0.002697745917717705,0.0006817450407780698,0.0,0.0,0.24958189130486141,0.0826498247754461,0.18298828974686454,0.04387313689078389,0.16918488464468423,392.08013051600204,0.0006705959973436118,1.4954608584684688,-0.000892572217291773,1566.6666666666667,0.014591177379351672,True,0.00016227968444582075,0.24958189130486141,False,True,True,0.85,True,False,False,0,True,False,True,False,True,False,True,False,False,0,0,False,0,15,24,24,,,,False,False,False,
136,2026-08-18T21:55:30.618180,shadow,analysis_full,silero,webrtc,False,0.00017405521066393703,True,True,False,1,False,True,False,0,0.0,,,,,,,,,,,,,0.016074234413105595,0.7075835602954127,0.2303166404730975,0.062099799169278484,,,,,,,,,,,,,,False,False,temporal_v1,False,0.0003903454249957563,0.1941544885177453,3.9326992557840557,0.9016010640133788,78.16796559128795,1550.2399823785238,0.0113738640150483,0.0037021636682035325,0.0009982067288537625,0.0,0.0,0.21975439842939756,0.08325524092817138,0.1451115622796628,0.04279749478079332,0.1600394580467386,327.7850942355419,0.0005841003657058555,1.2930677749116708,-0.0007647572663413288,1633.3333333333335,0.022970042878921442,True,0.00016227968444582075,0.21975439842939756,False,True,True,0.85,True,False,False,0,True,False,True,False,True,False,True,False,False,0,0,False,0,15,24,24,,,,False,False,False,
137,2026-08-18T21:55:30.628405,shadow,analysis_full,silero,webrtc,False,0.00020837047486566007,True,True,False,1,False,True,False,0,0.0,,,,,,,,,,,,,0.013609443549289484,0.6885517486764946,0.24344024693863248,0.06800800431139448,,,,,,,,,,,,,,False,False,temporal_v1,False,0.00035763794445805967,0.21294363256784968,3.9540747743303912,0.8954762421787161,77.37277621772036,1568.892585145114,0.009370806154377314,0.003313086298336411,0.0009255510955757589,0.0,0.0,0.17960191363503272,0.047313106387269106,0.1340635790484989,0.040486513546168,0.14559885269250447,283.64898858417,0.000497600091652867,1.3492869405372363,-0.0008036179616025755,1666.6666666666667,0.020985898620727934,True,0.00017177168047055602,0.17960191363503272,False,True,True,0.85,True,False,False,0,True,False,True,False,True,False,True,False,False,0,0,False,0,15,24,24,,,,False,False,False,
138,2026-08-18T21:55:30.636482,shadow,analysis_full,silero,webrtc,False,0.0002024809073191136,True,True,False,1,False,True,False,0,0.0,,,,,,,,,,,,,0.008261505992215418,0.6976836506915753,0.22680931824549636,0.075507030941885,,,,,,,,,,,,,,False,False,temporal_v1,False,0.0002799645435134911,0.22964509394572025,3.961729625551618,0.8877488907588718,75.18670787207584,1591.263135533048,0.0057639176608591785,0.0018737865417754618,0.0006238017885807779,0.0,0.0,0.06695245657292041,0.02251915741838522,0.04835692077570123,0.03184314944188601,0.11698956560900667,136.1350494288852,0.0009681491506467203,1.2965461670680312,-0.000766775323597156,1700.0000000000002,0.02187637303158008,True,0.00017810767894843593,0.06695245657292041,False,True,True,0.85,True,False,False,0,True,False,True,False,True,False,True,False,False,0,0,False,0,15,24,24,,,,False,False,False,
139,2026-08-18T21:55:30.645305,shadow,analysis_full,silero,webrtc,False,0.00016886097728274763,True,True,False,1,False,True,False,0,0.0,,,,,,,,,,,,,0.01092686511799361,0.6901662293936486,0.24955015086577165,0.060283619649062134,,,,,,,,,,,,,,False,False,temporal_v1,False,0.00032114018798723687,0.21294363256784968,3.9136195861425898,0.8982370978605186,76.4429430173037,1553.8952525342957,0.007541353297578635,0.0027268008386852434,0.0006587109807297312,0.0,0.0,0.04025439459271621,0.011005844497204731,0.036305510267729504,0.023634190727490453,0.08412266839371624,93.76527694217556,0.0010666640510515297,1.422657897447524,-0.0008405823030362092,1666.6666666666667,0.01653989136455549,True,0.00017810767894843593,0.04025439459271621,False,True,False,0.85,True,False,False,0,True,False,True,False,True,False,True,False,False,0,0,False,0,15,24,24,,,,False,False,False,
140,2026-08-18T21:55:30.654439,shadow,analysis_full,silero,webrtc,False,0.00016275113739538938,True,True,False,1,False,True,False,0,0.0,,,,,,,,,,,,,0.009626936169863994,0.6807731620889736,0.2386812037176522,0.08054563408949887,,,,,,,,,,,,,,False,False,temporal_v1,False,0.0003008345430720546,0.22338204592901878,3.961560888046938,0.8903458564296541,75.83138133429242,1554.3150912340075,0.0065537597775870236,0.002297768713136142,0.000775407678140827,0.0,0.0,0.012427347537883113,0.009251444121407396,0.017063376303165415,0.02189679582914787,0.037874945050694296,39.526224156701225,0.0007757431614078521,1.6418357053959558,-0.0009870390968721853,1733.3333333333335,0.010718043044158788,True,0.00017810767894843593,0.012427347537883113,False,True,False,0.85,True,False,False,0,True,False,True,False,True,False,True,False,False,0,0,False,0,15,24,24,,,,False,False,False,
141,2026-08-18T21:55:30.662025,shadow,analysis_full,silero,webrtc,False,0.00014461891259998083,True,True,False,1,False,True,False,0,0.0,,,,,,,,,,,,,0.006039844830562022,0.6973637174686683,0.22488375036427832,0.07775253200148612,,,,,,,,,,,,,,False,False,temporal_v1,False,0.00023827991148375714,0.20041753653444677,3.9740049789341496,0.8845197177799469,73.74917677724812,1591.5552561720447,0.0042119686439746505,0.0013582629571150867,0.0004696132284722841,0.0,0.0,0.008638280088016493,0.009159132558393053,0.012374174678049826,0.018813484581888633,0.022793859525632055,26.091759669452863,0.0009607622094191628,1.7812594307042056,-0.0010793930040047574,1766.6666666666667,0.0082613198273398,True,0.00017810767894843593,0.008638280088016493,False,True,False,0.85,True,False,False,0,True,False,True,False,True,False,True,False,False,0,0,False,0,15,24,24,,,,False,False,False,
142,2026-08-18T21:55:30.667570,shadow,analysis_full,silero,webrtc,False,0.0001590210449649021,True,True,False,1,False,True,False,0,0.0,,,,,,,,,,,,,0.004575628946958658,0.6518409413058643,0.27515173870995213,0.0730073197656342,,,,,,,,,,,,,,False,False,temporal_v1,False,0.0002084693207611298,0.22964509394572025,3.9960354797229063,0.8835989827641324,72.55983050551936,1616.0879075796445,0.0029825822798518926,0.001258992260447262,0.0003340544056595028,0.0,0.0,0.015001837285954018,0.015004490053447813,0.009729967614225316,0.018923205333819887,0.025849194143495915,22.98878635926512,0.0011615396968729093,1.2408249493843073,-0.0007359665242500008,1766.6666666666667,0.02671728405383417,True,0.00017177168047055602,0.015001837285954018,False,True,False,0.85,True,False,False,0,True,False,True,False,True,False,True,False,False,0,0,False,0,15,24,24,,,,False,False,False,
143,2026-08-18T21:55:30.674281,shadow,analysis_full,silero,webrtc,False,0.00018859253032132983,True,True,False,1,False,True,False,0,0.0,,,,,,,,,,,,,0.0065601169021490555,0.6424572572790643,0.2641274473471811,0.09341529522131817,,,,,,,,,,,,,,False,False,temporal_v1,False,0.0002482035207822856,0.25052192066805845,4.024167470516457,0.8739815159169909,74.05770214350491,1601.0609439422606,0.004214594712384714,0.0017327069316637272,0.0006128152571006132,0.0,0.0,0.020821881585339645,0.01573153585556422,0.00991822684865828,0.01855690384857026,0.03222555201871323,22.792722914143123,0.0012406398549265492,1.633755987799983,-0.0009760945379686121,1966.6666666666667,0.010299638996960354,True,0.00017177168047055602,0.020821881585339645,False,True,False,0.85,True,False,False,0,True,False,True,False,True,False,True,False,False,0,0,False,0,15,24,24,,,,False,False,False,
144,2026-08-18T21:55:30.678315,shadow,analysis_full,silero,webrtc,False,0.00018859253032132983,True,True,False,1,False,True,False,0,0.0,,,,,,,,,,,,,0.002135787922674584,0.33667081368807356,0.45743570008228607,0.20589348576142907,,,,,,,,,,,,,,False,False,temporal_v1,False,0.00014263698388738313,0.2359081419624217,4.260398853363414,0.7603108049954931,68.49403523926567,1941.370649777862,0.0007190574577920125,0.0009769856436359398,0.0004397448202466316,0.0,0.0,0.10632541340485786,0.0660562553389857,0.04129650696177884,0.018109970326615314,0.09569439528377545,111.74650661690781,0.0038279420748587325,1.220776959559332,-0.0007180626393216225,2800.0,0.030746396175093272,True,0.00017810767894843593,0.10632541340485786,False,True,True,0.85,True,False,False,0,True,False,True,False,True,False,True,False,False,0,0,False,0,15,24,24,,,,False,False,False,
145,2026-08-18T21:55:30.683375,shadow,analysis_full,silero,webrtc,False,0.00018692864978220314,True,True,False,1,False,True,False,0,0.0,,,,,,,,,,,,,0.002720636740895233,0.5413877776366494,0.3119414550816387,0.14667076691415096,,,,,,,,,,,,,,False,False,temporal_v1,False,0.00016142854617105825,0.20668058455114824,4.090627869925267,0.8301493141004095,69.99903874090262,1811.0131642543047,0.0014729194789098868,0.0008486793837034262,0.00039903787728192005,0.0,0.0,0.10916584656081976,0.06669521822815289,0.043990196551825005,0.016459627009959937,0.09688333100596923,124.3815931538166,0.00361939716664362,1.0502703092653518,-0.0006196390076307896,2433.3333333333335,0.043829254879326374,True,0.00018049193022307009,0.10916584656081976,False,True,True,0.85,True,False,False,0,True,False,True,False,True,False,True,False,False,0,0,False,0,15,24,24,,,,False,False,False,
146,2026-08-18T21:55:30.688469,shadow,analysis_full,silero,webrtc,False,0.0001923699746839702,True,True,False,1,False,True,False,0,0.0,,,,,,,,,,,,,0.0021756970227254256,0.34678800968470147,0.46005266108935716,0.19315932876631858,,,,,,,,,,,,,,False,False,temporal_v1,False,0.00014312440845752305,0.22964509394572025,4.214692929946004,0.7575696822683231,68.50949304825251,1965.8672969501918,0.000754505640187881,0.0010009352050290236,0.000420256176508521,0.0,0.0,0.13521548136169406,0.08527810372180647,0.051347072245494806,0.014265152656247606,0.11117035886838462,154.03044615119737,0.00372247112997176,1.5735023155400414,-0.0009545247839634247,2833.3333333333335,0.015335335230018668,True,0.00018776059005176648,0.13521548136169406,False,True,True,0.85,True,False,False,0,True,False,True,False,True,False,True,False,False,0,0,False,0,15,24,24,,,,False,False,False,
147,2026-08-18T21:55:30.694519,shadow,analysis_full,silero,webrtc,False,0.00023101562692318112,True,True,False,1,False,True,False,0,0.0,,,,,,,,,,,,,0.001696492802551059,0.26507302653462556,0.4869229037324874,0.24800406914343556,,,,,,,,,,,,,,False,False,temporal_v1,False,0.00012795870138228595,0.25052192066805845,4.361436545353075,0.7120267327742463,67.21130932504686,2113.8209157113497,0.00044969448166641817,0.0008260612015794271,0.00042073711830521363,0.0,0.0,0.16340275233970988,0.10043414833321444,0.06429182408810935,0.01592807478932148,0.14385121190836048,195.9399747928729,0.0035172250386274855,1.4283093381989915,-0.0008648488539280395,2900.0,0.025064207154856872,True,0.00018776059005176648,0.16340275233970988,False,True,True,0.85,True,False,False,0,True,False,True,False,True,False,True,False,False,0,0,False,0,15,24,24,,,,False,False,False,
148,2026-08-18T21:55:30.699558,shadow,analysis_full,silero,webrtc,False,0.0002451020118314773,True,True,False,1,False,True,False,0,0.0,,,,,,,,,,,,,0.0032060694875480004,0.47635382595285536,0.35629803910312924,0.16734813463210715,,,,,,,,,,,,,,False,False,temporal_v1,False,0.000173888072310502,0.22964509394572025,4.166546461638681,0.8128739556166809,70.57753946395682,1832.8449778576028,0.0015272234666642004,0.001142316271641727,0.0005365297482420736,0.0,0.0,0.15746160112682137,0.09588616905306815,0.06305303619582445,0.015928074789321477,0.14069412025093042,191.6958568428293,0.0038583625107297768,1.1665682319148931,-0.0006896426149577252,2633.3333333333335,0.03285739366611293,True,0.00018776059005176648,0.15746160112682137,False,True,True,0.85,True,False,False,0,True,False,True,False,True,False,True,False,False,0,0,False,0,15,24,24,,,,False,False,False,
149,2026-08-18T21:55:30.706706,shadow,analysis_full,silero,webrtc,False,0.00020074311760254204,True,True,False,1,False,True,False,0,0.0,,,,,,,,,,,,,0.001010315073189826,0.31130701244055337,0.4246712103962621,0.2640217761733943,,,,,,,,,,,,,,False,False,temporal_v1,False,0.00010146035125221662,0.24634655532359082,4.217638823144511,0.7180905129363788,65.06222862344009,2106.6749687350934,0.00031451816705838374,0.00042905172501311157,0.0002667451801183307,0.0,0.0,0.16060803943378163,0.09512523972012842,0.0684322544308144,0.016145495867211108,0.13040361362458144,204.1150365308883,0.00463915476319598,1.0122771786014952,-0.0005986440190991746,2933.3333333333335,0.05547846616283424,True,0.00018859253032132983,0.16060803943378163,False,True,True,0.85,True,False,False,0,True,False,True,False,True,False,True,False,False,0,0,False,0,15,24,24,,,,False,False,False,
150,2026-08-18T21:55:30.713445,shadow,analysis_full,silero,webrtc,False,0.00016743755259085447,True,True,False,1,False,True,False,0,0.0,,,,,,,,,,,,,0.000999472438804672,0.3895976636653776,0.4284138006654575,0.181988534668637,,,,,,,,,,,,,,False,False,temporal_v1,False,0.00010023270895581532,0.23173277661795408,4.224003237555517,0.7823103234319034,65.31684138913496,1988.0826425297691,0.00038939212705623735,0.0004281877861686834,0.0001818925245797512,0.0,0.0,0.15035624236549652,0.08979911632674228,0.06402287265567488,0.015982707344821045,0.1205631079620961,190.03948717050315,0.003830002682453378,0.9909409343953927,-0.0005762566440690992,2633.3333333333335,0.056229323566212734,True,0.00018859253032132983,0.15035624236549652,False,True,True,0.85,True,False,False,0,True,False,True,False,True,False,True,False,False,0,0,False,0,15,24,24,,,,False,False,False,
151,2026-08-18T21:55:30.720047,shadow,analysis_full,silero,webrtc,False,0.0001937801280291751,True,True,False,1,False,True,False,0,0.0,,,,,,,,,,,,,0.0005092859751434297,0.24464210559961194,0.5088026024453322,0.24655528999152246,,,,,,,,,,,,,,False,False,temporal_v1,False,7.691343496196422e-05,0.23799582463465555,4.345896303673147,0.7106182579419159,62.25098337564476,2103.032397719431,0.00012459279331144028,0.0002591260295418858,0.0001255671512901036,0.0,0.0,0.1417531060576157,0.08447416619186963,0.06093965007513281,0.012324402624756106,0.11693047241287201,180.34025010583557,0.0036753111416860116,1.2326017461723326,-0.0007252001869110341,2900.0,0.03491029314023176,True,0.00019048125250265002,0.1417531060576157,False,True,True,0.85,True,False,False,0,True,False,True,False,True,False,True,False,False,0,0,False,0,15,24,24,,,,False,False,False,
152,2026-08-18T21:55:30.726738,shadow,analysis_full,silero,webrtc,False,0.00017649252549745142,True,True,False,1,False,True,False,0,0.0,,,,,,,,,,,,,0.000477332660615577,0.41500525270843797,0.38170083441658864,0.2032939107799984,,,,,,,,,,,,,,False,False,temporal_v1,False,7.328689072015614e-05,0.22755741127348644,4.243924908258668,0.7640145245034424,62.05487444740103,2020.352433262121,0.0001980955614447586,0.00018219827485125607,9.703882331956236e-05,0.0,0.0,0.11911962666211907,0.07451797820808623,0.04900133521569247,0.012428288990511242,0.09787569069684632,153.72219446044434,0.004342269169927035,1.0364121539113498,-0.0006135427298033771,2933.3333333333335,0.0569975041096186,True,0.00019048125250265002,0.11911962666211907,False,True,True,0.85,True,False,False,0,True,False,True,False,True,False,True,False,False,0,0,False,0,15,24,24,,,,False,False,False,
153,2026-08-18T21:55:30.734292,shadow,analysis_full,silero,webrtc,False,0.00015444436576217413,True,True,False,1,False,True,False,0,0.0,,,,,,,,,,,,,0.0007441797030421128,0.6023308639953316,0.26780816890921333,0.1298609657516936,,,,,,,,,,,,,,False,False,temporal_v1,False,8.811188850656336e-05,0.19624217118997914,3.8839126640439967,0.8404024352950368,64.36444416227233,1813.369045314233,0.00044824240350114516,0.00019929740361111035,9.66398949298573e-05,0.0,0.0,0.11119333802248241,0.07381199372616512,0.042189531716422306,0.015728441087129317,0.12923329225288913,113.74598216240952,0.0036074930641469324,1.1341738866230997,-0.0006738292592996143,2333.3333333333335,0.03388709471476089,True,0.00019048125250265002,0.11119333802248241,False,True,True,0.85,True,False,False,0,True,False,True,False,True,False,True,False,False,0,0,False,0,15,24,24,,,,False,False,False,
154,2026-08-18T21:55:30.741911,shadow,analysis_full,silero,webrtc,False,0.00015089711814653128,True,True,False,1,False,True,False,0,0.0,,,,,,,,,,,,,0.000672863405732556,0.5798698234656879,0.2679081285394394,0.15222204650868695,,,,,,,,,,,,,,False,False,temporal_v1,False,8.427505969910474e-05,0.2359081419624217,4.040660488625796,0.8266283253228572,63.84578203447682,1819.5228164545108,0.00039017318429865875,0.00018026557579248258,0.00010242464464141464,0.0,0.0,0.12227567089894638,0.08259860532323299,0.04429195239840006,0.015728441087129317,0.13576596958600823,122.32477349516014,0.004866307673860016,1.3744531922454422,-0.0008233842605069457,2600.0,0.02090807688235312,True,0.00018964931223308668,0.12227567089894638,False,True,True,0.85,True,False,False,0,True,False,True,False,True,False,True,False,False,0,0,False,0,15,24,24,,,,False,False,False,
155,2026-08-18T21:55:30.747988,shadow,analysis_full,silero,webrtc,False,0.00015259407518897206,True,True,False,1,False,True,False,0,0.0,,,,,,,,,,,,,0.0009866617825836303,0.5136717720432029,0.3477179204055898,0.13861030653768885,,,,,,,,,,,,,,False,False,temporal_v1,False,0.00010035185716859388,0.22964509394572025,4.158331401620292,0.8193847413157004,65.52877209899846,1842.282034527431,0.0005068203062670388,0.0003430799831836521,0.00013676149213293952,0.0,0.0,0.11971747899508162,0.07989439948588516,0.04519751297361554,0.013830799227600736,0.13285032911642997,118.8928664250493,0.003777640635146762,1.0245116763261721,-0.0006111839514931354,2433.3333333333335,0.05373700724540394,True,0.00018443125009071082,0.11971747899508162,False,True,True,0.85,True,False,False,0,True,False,True,False,True,False,True,False,False,0,0,False,0,15,24,24,,,,False,False,False,
156,2026-08-18T21:55:30.756998,shadow,analysis_full,silero,webrtc,False,0.0001489844435127452,True,True,False,1,False,True,False,0,0.0,,,,,,,,,,,,,0.0004565993174349243,0.3139232106013399,0.49704798732132865,0.1890287998872276,,,,,,,,,,,,,,False,False,temporal_v1,False,7.330487673985945e-05,0.22755741127348644,4.252163867571694,0.7534285295432066,61.99724319523388,2001.377339824466,0.00014333712368755176,0.00022695177174332157,8.631042100405102e-05,0.0,0.0,0.12196029874629546,0.08367915956998749,0.04520853166110108,0.013873275762702418,0.13413732518503016,119.52621311873192,0.004068870172467419,1.2464763602334268,-0.0007282296763509306,2766.666666666667,0.029847215972420123,True,0.00017196503904415295,0.12196029874629546,False,True,True,0.85,True,False,False,0,True,False,True,False,True,False,True,False,False,0,0,False,0,15,24,24,,,,False,False,False,
157,2026-08-18T21:55:30.764031,shadow,analysis_full,silero,webrtc,False,0.0001499384525232017,True,True,False,1,False,True,False,0,0.0,,,,,,,,,,,,,0.0007043469634567724,0.49213660109560164,0.37027075974994383,0.13759263773469968,,,,,,,,,,,,,,False,False,temporal_v1,False,8.947026692786015e-05,0.21085594989561587,4.140915566685085,0.8194293903266204,64.40680923212417,1845.1745511671252,0.0003466349205876239,0.00026079908528670503,9.691295658244343e-05,0.0,0.0,0.11348798923883659,0.07824728789823339,0.04366162093918465,0.013479706436207037,0.12159035229267974,112.86908284561284,0.003110689151676702,1.0769940603043249,-0.0006420376713656966,2333.3333333333335,0.04799842792802468,True,0.0001609409591765143,0.11348798923883659,False,True,True,0.85,True,False,False,0,True,False,True,False,True,False,True,False,False,0,0,False,0,15,24,24,,,,False,False,False,
158,2026-08-18T21:55:30.770932,shadow,analysis_full,silero,webrtc,False,0.00019449260435067117,True,True,False,1,False,True,False,0,0.0,,,,,,,,,,,,,0.0006628854365837715,0.4896276785980078,0.3294770702522505,0.1808952496411855,,,,,,,,,,,,,,False,False,temporal_v1,False,8.483553639899214e-05,0.22129436325678498,4.184122071962673,0.7832379089968007,63.67886642659922,1943.763838775643,0.000324567057490939,0.00021840555155850503,0.00011991282653432759,0.0,0.0,0.11405318673573692,0.07963470820559779,0.043424925023170295,0.01356993736951983,0.12169230408156766,107.37843869054718,0.0034096699387123806,1.0333070081602729,-0.0006142376535228815,2633.3333333333335,0.05339962136815775,True,0.0001609409591765143,0.11405318673573692,False,True,True,0.85,True,False,False,0,True,False,True,False,True,False,True,False,False,0,0,False,0,15,24,24,,,,False,False,False,
159,2026-08-18T21:55:30.778052,shadow,analysis_full,silero,webrtc,False,0.00023332599084824324,True,True,False,1,False,True,False,0,0.0,,,,,,,,,,,,,0.0009737193777847859,0.33405773372805897,0.4880728931513752,0.17786937209357587,,,,,,,,,,,,,,False,False,temporal_v1,False,0.00010128799971575086,0.23173277661795408,4.135019742523806,0.7791732978391087,65.39983003003475,1960.3822979512688,0.00032527848862988127,0.00047524603383297735,0.00017319485432192727,0.0,0.0,0.11176283399670625,0.08508648364239166,0.033874219587016405,0.01205806186070451,0.12092246756995881,93.93773522810915,0.004454793075388488,1.121961125107204,-0.0006667339931228354,2700.0,0.03938251052893664,True,0.0001609409591765143,0.11176283399670625,False,True,True,0.85,True,False,False,0,True,False,True,False,True,False,True,False,False,0,0,False,0,15,24,24,,,,False,False,False,
160,2026-08-18T21:55:30.782622,shadow,analysis_full,silero,webrtc,False,0.00023332599084824324,True,True,False,1,False,True,False,0,0.0,,,,,,,,,,,,,0.0012097219283075228,0.24884718488391575,0.493883971834722,0.2572688424547259,,,,,,,,,,,,,,False,False,temporal_v1,False,0.0001095487883065945,0.26931106471816285,4.318261294672139,0.7017494962952999,65.6949098830708,2137.1908307623276,0.0003010358963516692,0.0005974622707680782,0.00031122376018777537,0.0,0.0,0.12498785015898026,0.09025079598726321,0.04220089875321001,0.017963778508809144,0.12888579044642218,111.56190246847123,0.004671962066284687,1.245222032168384,-0.0007398002156438281,3300.0000000000005,0.03526624364457211,True,0.00016546844562981278,0.12498785015898026,False,True,True,0.85,True,False,False,0,True,False,True,False,True,False,True,False,False,0,0,False,0,15,24,24,,,,False,False,False,
161,2026-08-18T21:55:30.791486,shadow,analysis_full,silero,webrtc,False,0.00026987434830516577,True,True,False,1,False,True,False,0,0.0,,,,,,,,,,,,,0.0011842700887449605,0.23500502293617473,0.5494119998655129,0.21558297635391038,,,,,,,,,,,,,,False,False,temporal_v1,False,0.00010776161214994182,0.25052192066805845,4.181520923635606,0.6877519657946374,65.4515209800687,2214.1855007631148,0.00027830941936813513,0.0006506521978382772,0.00025530847053854816,0.0,0.0,0.12639178708186058,0.0959986105282285,0.03825117338039645,0.018969213681170015,0.11520079804084052,130.346239774401,0.004205697666742794,1.220513989864499,-0.0007136421560982664,3133.3333333333335,0.031172312418693955,True,0.00016546844562981278,0.12639178708186058,False,True,True,0.85,True,False,False,0,True,False,True,False,True,False,True,False,False,0,0,False,0,15,24,24,,,,False,False,False,
162,2026-08-18T21:55:30.797713,shadow,analysis_full,silero,webrtc,False,0.00022316619288176298,True,True,False,1,False,True,False,0,0.0,,,,,,,,,,,,,0.0010046834552603474,0.29807114872103485,0.43006985993121405,0.27185899035241284,,,,,,,,,,,,,,False,False,temporal_v1,False,0.00010187932205093204,0.24843423799582465,4.241987535375454,0.7270123266273997,65.15580615668804,2085.8509504806516,0.00029946715161047015,0.00043208407287902574,0.0002731322297708516,0.0,0.0,0.131831548967482,0.09620682410771228,0.04722353316475332,0.019712854503737578,0.11505074028319161,134.7961024877419,0.006013260791986756,1.1021347698413138,-0.0006436561312582375,2866.666666666667,0.041183978514315066,True,0.00017446848505642265,0.131831548967482,False,True,True,0.85,True,False,False,0,True,False,True,False,True,False,True,False,False,0,0,False,0,15,24,24,,,,False,False,False,
163,2026-08-18T21:55:30.804309,shadow,analysis_full,silero,webrtc,False,0.00018554445705376565,True,True,False,1,False,True,False,0,0.0,,,,,,,,,,,,,0.0010893290783752516,0.42732468146071095,0.3628690130653161,0.2098063045559767,,,,,,,,,,,,,,False,False,temporal_v1,False,0.00010335140462299241,0.23382045929018788,4.276187105177076,0.7651887688162821,65.51544171909632,1924.6355239182271,0.00046549720142259425,0.0003952837675733779,0.00022854810837927945,0.0,0.0,0.11589037307239416,0.08646715568584759,0.04384506861133206,0.015678482969117818,0.07694470940813904,126.01893252123506,0.004469942528396707,1.6478809054182508,-0.0009937123442034046,2700.0,0.013260865966851446,True,0.0001900185307022184,0.11589037307239416,False,True,True,0.85,True,False,False,0,True,False,True,False,True,False,True,False,False,0,0,False,0,15,24,24,,,,False,False,False,
164,2026-08-18T21:55:30.810460,shadow,analysis_full,silero,webrtc,False,0.00015066994819790125,True,True,False,1,False,True,False,0,0.0,,,,,,,,,,,,,0.0010438387747693544,0.3924038565061736,0.43241479089600277,0.17518135163982138,,,,,,,,,,,,,,False,False,temporal_v1,False,0.00010177970561345321,0.22964509394572025,4.236008575426604,0.749616495027486,65.27918881019508,2079.257717833826,0.0004096063607901738,0.0004513713255210301,0.0001828610874581506,0.0,0.0,0.09796249343523347,0.07152853691164142,0.042216670582641995,0.015790666469603913,0.058364059367280126,117.25710427284695,0.0035866229494217585,0.9945523660086037,-0.0005796821824073116,2800.0,0.0591174787622077,True,0.0001900185307022184,0.09796249343523347,False,True,True,0.85,True,False,False,0,True,False,True,False,True,False,True,False,False,0,0,False,0,15,24,24,,,,False,False,False,
165,2026-08-18T21:55:30.816575,shadow,analysis_full,silero,webrtc,False,0.00014545478916261345,True,True,False,1,False,True,False,0,0.0,,,,,,,,,,,,,0.001420194278328695,0.5682060173516131,0.301904286087378,0.12988969585687996,,,,,,,,,,,,,,False,False,temporal_v1,False,0.00011770863615737369,0.25260960334029225,3.9923282745001907,0.830766781760551,67.10345791686106,1804.633047531541,0.0008069629347546961,0.0004287627397042037,0.00018446860286979531,0.0,0.0,0.10668720188233884,0.07784788108271462,0.04345211877409351,0.016459627009959933,0.08765459611739869,122.84160548859737,0.004106796906637805,1.3701470078417242,-0.0008210358441651381,2300.0,0.020527402065916415,True,0.0001900185307022184,0.10668720188233884,False,True,True,0.85,True,False,False,0,True,False,True,False,True,False,True,False,False,0,0,False,0,15,24,24,,,,False,False,False,
166,2026-08-18T21:55:30.821607,shadow,analysis_full,silero,webrtc,False,0.00019410763343330473,True,True,False,1,False,True,False,0,0.0,,,,,,,,,,,,,0.0013490858083786662,0.5731648698425068,0.2901983350314992,0.1366367943847513,,,,,,,,,,,,,,False,False,temporal_v1,False,0.00011526341122316705,0.21085594989561587,4.028741167384885,0.828856404059652,66.89661295958115,1816.7170798276084,0.0007732485917657313,0.00039150245540611316,0.0001843347602068218,0.0,0.0,0.11835035625324987,0.08338414618008709,0.04682341341862783,0.018152037677899083,0.09828341189470045,134.51778367930928,0.0043794857467391295,1.2510727020346992,-0.0007460718795628564,2433.3333333333335,0.02724367041693437,True,0.00019430011889198795,0.11835035625324987,False,True,True,0.85,True,False,False,0,True,False,True,False,True,False,True,False,False,0,0,False,0,15,24,24,,,,False,False,False,
167,2026-08-18T21:55:30.827393,shadow,analysis_full,silero,webrtc,False,0.0001766393252182752,True,True,False,1,False,True,False,0,0.0,,,,,,,,,,,,,0.0013204348183016583,0.6256979569730341,0.23732821692729997,0.13697382534233965,,,,,,,,,,,,,,False,False,temporal_v1,False,0.00011494322724737405,0.1837160751565762,4.030220618427996,0.8335289512884482,66.89485159559086,1807.3099079518345,0.0008261933681274072,0.0003133764409962559,0.00018086500817799533,0.0,0.0,0.13385168697856165,0.09727874934741053,0.04689201177664484,0.023060153834324946,0.10716353472765106,138.75886614804438,0.003062111049681486,1.2756587228205956,-0.0007633296667061322,2433.3333333333335,0.02613310022493304,True,0.00019430011889198795,0.13385168697856165,False,True,True,0.85,True,False,False,0,True,False,True,False,True,False,True,False,False,0,0,False,0,15,24,24,,,,False,False,False,
168,2026-08-18T21:55:30.833510,shadow,analysis_full,silero,webrtc,False,0.00015507017087657005,True,True,False,1,False,True,False,0,0.0,,,,,,,,,,,,,0.0011489942584292597,0.6260535545509927,0.23577913254622693,0.13816731203245405,,,,,,,,,,,,,,False,False,temporal_v1,False,0.0001062892654262575,0.1837160751565762,3.851676139678322,0.8231903601138242,66.10010843076356,1944.052860313577,0.0007193319396483199,0.00027090886955304615,0.0001587534482278937,0.0,0.0,0.1466692852384467,0.10684922988451381,0.04933669388640893,0.027355016867098004,0.14138319832454854,138.75188849677602,0.0040364427643394115,0.925147648275123,-0.0005485521446132349,2466.666666666667,0.05408432212604758,True,0.0001898260452435352,0.1466692852384467,False,True,True,0.85,True,False,False,0,True,False,True,False,True,False,True,False,False,0,0,False,0,15,24,24,,,,False,False,False,
169,2026-08-18T21:55:30.839611,shadow,analysis_full,silero,webrtc,False,0.0001639697002246976,True,True,False,1,False,True,False,0,0.0,,,,,,,,,,,,,0.0013293704015075241,0.561564869337401,0.3121771929423858,0.12625793696797746,,,,,,,,,,,,,,False,False,temporal_v1,False,0.00011525109125832917,0.2254697286012526,4.044870806379567,0.8179340064268745,66.83810857639031,1890.134029400426,0.0007465277158235812,0.0004149991203233112,0.0001678435643606319,0.0,0.0,0.147219339986766,0.10235497004182482,0.0524085985108716,0.027366963854987787,0.14358136071360678,141.19354159673398,0.00415480247129211,1.0000824120577607,-0.0005855718293540409,2366.666666666667,0.047558498076066776,True,0.00018109189113602042,0.147219339986766,False,True,True,0.85,True,False,False,0,True,False,True,False,True,False,True,False,False,0,0,False,0,15,24,24,,,,False,False,False,
170,2026-08-18T21:55:30.846547,shadow,analysis_full,silero,webrtc,False,0.00018124139751307666,True,True,False,1,False,True,False,0,0.0,,,,,,,,,,,,,0.0009975295285059576,0.38901093637155654,0.42015214195557427,0.19083692067039254,,,,,,,,,,,,,,False,False,temporal_v1,False,0.00010023478844659044,0.21711899791231734,4.244991994398961,0.7420202320173892,65.08772695070579,2045.0896881785648,0.00038804989594237987,0.00041911416806571217,0.0001903654634978655,0.0,0.0,0.1328339648265133,0.09518087959500557,0.04597900470806596,0.023902827005135505,0.13489295860769404,132.7654580577093,0.0044857650457252405,1.125144179190212,-0.0006567386077016761,2900.0,0.041411060038075695,True,0.00017894036136567593,0.1328339648265133,False,True,True,0.85,True,False,False,0,True,False,True,False,True,False,True,False,False,0,0,False,0,15,24,24,,,,False,False,False,
171,2026-08-18T21:55:30.852695,shadow,analysis_full,silero,webrtc,False,0.00023202422016765922,True,True,False,1,False,True,False,0,0.0,,,,,,,,,,,,,0.0023804750883693157,0.4223470966337629,0.4062221006952775,0.1714308022508754,,,,,,,,,,,,,,False,False,temporal_v1,False,0.00015128208803173544,0.22755741127348644,4.138083493084794,0.7821666976792405,69.15291020036594,1968.8152193932399,0.0010053867421817807,0.0009670015910501598,0.0004080867541373753,0.0,0.0,0.10959840650223711,0.07349157152341702,0.04375548723467489,0.02225121101373566,0.13330181660765525,103.0998438930575,0.0049050317195536005,0.9446682874668731,-0.0005535054250342833,2600.0,0.05250305732756997,True,0.00017894036136567593,0.10959840650223711,False,True,True,0.85,True,False,False,0,True,False,True,False,True,False,True,False,False,0,0,False,0,15,24,24,,,,False,False,False,
172,2026-08-18T21:55:30.861584,shadow,analysis_full,silero,webrtc,False,0.00026938386145047843,True,True,False,1,False,True,False,0,0.0,,,,,,,,,,,,,0.004083876798149895,0.4809008677266771,0.3072468070178662,0.21185232501059112,,,,,,,,,,,,,,False,False,temporal_v1,False,0.00019541071139768254,0.25052192066805845,4.239494580492479,0.7472265625252112,71.25614947322849,2022.209200127238,0.0019639398959191284,0.0012547581064859023,0.0008651787947448639,0.0,0.0,0.08978433604369784,0.06795362606820446,0.03163253351861863,0.022513119253587316,0.13305405945120635,95.3677898316013,0.004228377129399786,1.430719565450221,-0.0008726029765871587,3000.0,0.02195444596280936,True,0.00017894036136567593,0.08978433604369784,False,True,True,0.85,True,False,False,0,True,False,True,False,True,False,True,False,False,0,0,False,0,15,24,24,,,,False,False,False,
173,2026-08-18T21:55:30.868651,shadow,analysis_full,silero,webrtc,False,0.00032108003506436944,True,True,False,1,False,True,False,0,0.0,,,,,,,,,,,,,0.005242023602734963,0.15471939167416807,0.6530776127164297,0.1922029954186362,,,,,,,,,,,,,,False,False,temporal_v1,False,0.00021909938717327833,0.2546972860125261,4.232533423320118,0.6806706638121689,71.86982611202512,2174.206055848391,0.0008110427029567842,0.0034234482602773274,0.001007532638500851,0.0,0.0,0.13811338736647882,0.11861215036732534,0.02937128539312345,0.024443724194097495,0.1280967049200653,120.0778746823892,0.0049988658122823906,1.200720525836297,-0.0007067454464340035,2900.0,0.03198035435912125,True,0.00017894036136567593,0.13811338736647882,False,True,True,0.85,True,False,False,0,True,False,True,False,True,False,True,False,False,0,0,False,0,15,24,24,,,,False,False,False,
174,2026-08-18T21:55:30.875770,shadow,analysis_full,silero,webrtc,False,0.0003772184136323631,True,True,False,1,False,True,False,0,0.0,,,,,,,,,,,,,0.005388403656808011,0.33817801582711254,0.42412231289475094,0.23769967109255272,,,,,,,,,,,,,,False,False,temporal_v1,False,0.00022420256507649843,0.2630480167014614,4.381314625016035,0.6957901003964645,72.16924819139027,2213.0487634965775,0.0018222396571348906,0.0022853422217359474,0.0012808217769371725,0.0,0.0,0.1424201903482481,0.11812853634381322,0.037315849762505654,0.027172775946085095,0.14882336905812305,139.0975398475329,0.004671263508397989,0.8490057860168728,-0.0004819706985207476,3200.0,0.08533434187090734,True,0.0001876745154731907,0.1424201903482481,False,True,True,0.85,True,False,False,0,True,False,True,False,True,False,True,False,False,0,0,False,0,15,24,24,,,,False,False,False,
175,2026-08-18T21:55:30.882818,shadow,analysis_full,silero,webrtc,False,0.00028479451430030167,True,True,False,1,False,True,False,0,0.0,,,,,,,,,,,,,0.004751264078276997,0.21275453991420004,0.42881281664865806,0.3584326432266715,,,,,,,,,,,,,,False,False,temporal_v1,False,0.00020880346317125382,0.2881002087682672,4.3365138104471015,0.6380715909572015,71.16210912909375,2263.1616318969945,0.0010108530029846882,0.002037402932047549,0.001703008142244759,0.0,0.0,0.15797589291072497,0.1181491949992129,0.06624331489942255,0.032155735247582716,0.15533820389471215,152.41981769561394,0.0034202537334398785,1.2047716407732143,-0.0007168386137300087,3000.0,0.039165756746618,True,0.00021306592680048198,0.15797589291072497,False,True,True,0.85,True,False,False,0,True,False,True,False,True,False,True,False,False,0,0,False,0,15,24,24,,,,False,False,False,
176,2026-08-18T21:55:30.887891,shadow,analysis_full,silero,webrtc,False,0.00028479451430030167,True,True,False,1,False,True,False,0,0.0,,,,,,,,,,,,,0.005888657638374701,0.31120881036787124,0.3948899977646724,0.29390119169763845,,,,,,,,,,,,,,False,False,temporal_v1,False,0.0002361071918558768,0.2797494780793319,4.45596349177422,0.6774421233659014,72.51136577033222,2199.8933056426304,0.0018326021383022687,0.0023253720016547063,0.0017306834974177257,0.0,0.0,0.15515743643481514,0.11507865865208272,0.07024310219545747,0.0345074432345033,0.17306863996713706,145.91359967540419,0.0031867987761052033,0.9963291326563315,-0.0005864761948939193,3266.666666666667,0.06949262659028559,True,0.00025070404080906883,0.15515743643481514,False,True,True,0.85,True,False,False,0,True,False,True,False,True,False,True,False,False,0,0,False,0,15,24,24,,,,False,False,False,
177,2026-08-18T21:55:30.896720,shadow,analysis_full,silero,webrtc,False,0.0002422092657070607,True,True,False,1,False,True,False,0,0.0,,,,,,,,,,,,,0.0063514541236230045,0.2726726654934424,0.4168141447931238,0.31051318955598944,,,,,,,,,,,,,,False,False,temporal_v1,False,0.0002467546976837014,0.325678496868476,4.495453138741529,0.6357867673410863,72.62603745010603,2270.931002614165,0.0017318679256476007,0.0026473759187306822,0.001972210278244721,0.0,0.0,0.14219455024587752,0.10464150091599839,0.0725021616901341,0.03848647394527621,0.1845200083516315,133.69234806051725,0.0031836888755813063,0.9788792379204279,-0.0005703275716461547,3400.0000000000005,0.07162000657426724,True,0.00025579656357876956,0.14219455024587752,False,True,True,0.85,True,False,False,0,True,False,True,False,True,False,True,False,False,0,0,False,0,15,24,24,,,,False,False,False,
178,2026-08-18T21:55:30.905383,shadow,analysis_full,silero,webrtc,False,0.00022397859720513225,True,True,False,1,False,True,False,0,0.0,,,,,,,,,,,,,0.007447460855000155,0.19904533700505625,0.35129097832328504,0.4496636845373847,,,,,,,,,,,,,,False,False,temporal_v1,False,0.00026502313381694513,0.3068893528183716,4.465926147001538,0.563551449059178,72.73318336622482,2516.6554201699623,0.0014823823557154703,0.0026162258097773734,0.0033488526885073113,0.0,0.0,0.12391495686971613,0.09142456903921709,0.09325331073006228,0.0342812497287783,0.14157196702029534,172.10460227820906,0.0036071318286010692,0.7894207734214213,-0.00045093634854907007,3500.0000000000005,0.10205941481963247,True,0.00025579656357876956,0.12391495686971613,False,True,True,0.85,True,False,False,0,True,False,True,False,True,False,True,False,False,0,0,False,0,15,24,24,,,,False,False,False,
179,2026-08-18T21:55:30.914131,shadow,analysis_full,silero,webrtc,False,0.0002485699369572103,True,True,False,1,False,True,False,0,0.0,,,,,,,,,,,,,0.0062920215655303344,0.13913904920961292,0.4651274997361008,0.3957334508953548,,,,,,,,,,,,,,False,False,temporal_v1,False,0.0002413410052128505,0.3068893528183716,4.438702730687242,0.5652052111197343,71.91989882563976,2404.351555017255,0.000875465898234271,0.002926592259060751,0.002489963407235312,0.0,0.0,0.1104956137438765,0.08617537848383416,0.0912797842560691,0.03385716712005044,0.11674549980352134,161.3460688650668,0.003397494788480714,1.1245028885585509,-0.0006569241698249618,3500.0000000000005,0.044559748812534994,True,0.00025897689920384437,0.1104956137438765,False,True,True,0.85,True,False,False,0,True,False,True,False,True,False,True,False,False,0,0,False,0,15,24,24,,,,False,False,False,
180,2026-08-18T21:55:30.921671,shadow,analysis_full,silero,webrtc,False,0.0002417372597847134,True,True,False,1,False,True,False,0,0.0,,,,,,,,,,,,,0.006631829430788994,0.3133124291198299,0.38233347977324633,0.3043540909561357,,,,,,,,,,,,,,False,False,temporal_v1,False,0.0002494114182245984,0.3048016701461378,4.3620672141148,0.662247310798646,72.89737927157199,2256.6472399299923,0.002077834588468879,0.0025355704235361836,0.002018424417783931,0.0,0.0,0.10609548785192678,0.08720674768707014,0.0862530823803463,0.029586964090423714,0.1121188607835664,152.2320520750258,0.0036012695579516027,0.8650610999613182,-0.0005058447915881169,3333.3333333333335,0.08973481969827442,True,0.00025897689920384437,0.10609548785192678,False,True,True,0.85,True,False,False,0,True,False,True,False,True,False,True,False,False,0,0,False,0,15,24,24,,,,False,False,False,
181,2026-08-18T21:55:30.929889,shadow,analysis_full,silero,webrtc,False,0.00019890168914571404,True,True,False,1,False,True,False,0,0.0,,,,,,,,,,,,,0.003929200419199165,0.34928602702572353,0.35250417857091443,0.2982097941488572,,,,,,,,,,,,,,False,False,temporal_v1,False,0.00019228323369542308,0.27139874739039666,4.348106774827417,0.6904203427684418,70.76975410154019,2160.239489829438,0.0013724148038098836,0.0013850595662102943,0.0011717260481789863,0.0,0.0,0.09859695412688525,0.0896934228667204,0.07625196518791372,0.02411612372140902,0.08628786937414805,128.49771412044004,0.00354066248826795,1.0863746049765164,-0.0006443328308751279,3066.666666666667,0.0506128737075398,True,0.00025897689920384437,0.09859695412688525,False,True,True,0.85,True,False,False,0,True,False,True,False,True,False,True,False,False,0,0,False,0,15,24,24,,,,False,False,False,
182,2026-08-18T21:55:30.937741,shadow,analysis_full,silero,webrtc,False,0.0002038197562796995,True,True,False,1,False,True,False,0,0.0,,,,,,,,,,,,,0.0018407946768946104,0.2128986328082844,0.45024599107630897,0.33685537557216305,,,,,,,,,,,,,,False,False,temporal_v1,False,0.00013280679215497802,0.2818371607515658,4.3564480424307765,0.6417560389998221,67.10408829909082,2271.27311910508,0.00039190266999163017,0.0008288104236664079,0.0006200815822365725,0.0,0.0,0.07254635355919264,0.08202796527501105,0.06989652624050335,0.02127900711196182,0.07411375637442807,104.1184723576801,0.004642196075417048,1.5751877169001256,-0.000949365684964188,3100.0,0.0170272188900202,True,0.0002453896013321355,0.07254635355919264,False,True,True,0.85,True,False,False,0,True,False,True,False,True,False,True,False,False,0,0,False,0,15,24,24,,,,False,False,False,
183,2026-08-18T21:55:30.946358,shadow,analysis_full,silero,webrtc,False,0.00015140617324505,True,True,False,1,False,True,False,0,0.0,,,,,,,,,,,,,0.0022455084199991667,0.3113959660375252,0.44722994674462474,0.24137408677251657,,,,,,,,,,,,,,False,False,temporal_v1,False,0.00014684655735429977,0.24425887265135698,4.291845054927375,0.7180680587757698,68.51139970063115,2056.645672389063,0.0006992422636910373,0.0010042586110908338,0.0005420075442172954,0.0,0.0,0.06690688284444535,0.03791178213601383,0.062196498317348844,0.023081878849411697,0.06303594722342833,120.03460055155196,0.004696410391011561,1.282233155718197,-0.0007621605079155734,2866.666666666667,0.029618635363304575,True,0.00024197326274588704,0.06690688284444535,False,True,True,0.85,True,False,False,0,True,False,True,False,True,False,True,False,False,0,0,False,0,15,24,24,,,,False,False,False,
184,2026-08-18T21:55:30.954457,shadow,analysis_full,silero,webrtc,False,0.00013171564205549657,True,True,False,1,False,True,False,0,0.0,,,,,,,,,,,,,0.0009455990058125014,0.3046558556209706,0.38686637456413325,0.3084777687573654,,,,,,,,,,,,,,False,False,temporal_v1,False,9.823681565288968e-05,0.26931106471816285,4.316555475970874,0.6946535488216623,64.60696547415246,2136.2726743329717,0.00028808227419014677,0.00036582045917013116,0.0002916962714522234,0.0,0.0,0.06398188633432604,0.038300899556443106,0.05582474941048271,0.022493751459866696,0.06712188135942748,125.21777053295408,0.0038950307627299815,1.002884258467015,-0.0005872321646260761,3000.0,0.06300797422286232,True,0.00023285792849492282,0.06398188633432604,False,True,True,0.85,True,False,False,0,True,False,True,False,True,False,True,False,False,0,0,False,0,15,24,24,,,,False,False,False,
185,2026-08-18T21:55:30.962304,shadow,analysis_full,silero,webrtc,False,0.0001224297593580559,True,True,False,1,False,True,False,0,0.0,,,,,,,,,,,,,0.0007346238427020583,0.409705497448252,0.3906072273744914,0.19968727381601578,,,,,,,,,,,,,,False,False,temporal_v1,False,8.737099498479082e-05,0.23382045929018788,4.274372032988113,0.7431790827216471,63.74661572263206,1993.9411388515857,0.00030097942691159325,0.0002869493823610455,0.00014669503242941963,0.0,0.0,0.07496583222763673,0.03789891151546857,0.06688656139995973,0.02772848148016329,0.07400909396544576,147.26916223603206,0.003913185932907588,1.599293391514221,-0.0009733841397939869,2933.3333333333335,0.01798927306838406,True,0.00021389917674241588,0.07496583222763673,False,True,True,0.85,True,False,False,0,True,False,True,False,True,False,True,False,False,0,0,False,0,15,24,24,,,,False,False,False,
186,2026-08-18T21:55:30.970389,shadow,analysis_full,silero,webrtc,False,0.00011370527499821037,True,True,False,1,False,True,False,0,0.0,,,,,,,,,,,,,0.0012000935485172008,0.5022179101813562,0.3309360334106955,0.16684605557467996,,,,,,,,,,,,,,False,False,temporal_v1,False,0.00011030824737193637,0.22964509394572025,4.186985020319962,0.8110632221511651,66.38805700322297,1836.4437817188805,0.0006027084739584366,0.00039715419866804847,0.00020023087489071575,0.0,0.0,0.10003311721336033,0.043798264785429745,0.08021401593751734,0.031968823206802346,0.08905925135912734,188.47890181284882,0.0031192347691559835,1.2992693932910198,-0.0007766214762582333,2533.3333333333335,0.029897884019530988,True,0.00020136072271270677,0.10003311721336033,False,True,True,0.85,True,False,False,0,True,False,True,False,True,False,True,False,False,0,0,False,0,15,24,24,,,,False,False,False,
187,2026-08-18T21:55:30.986721,shadow,analysis_full,silero,webrtc,False,0.00012101003812858835,True,True,False,1,False,True,False,0,0.0,,,,,,,,,,,,,0.000784769808953786,0.5029611302526246,0.350050591405362,0.1469882770677545,,,,,,,,,,,,,,False,False,temporal_v1,False,8.988578997275827e-05,0.2150313152400835,4.041131623615323,0.8003325682300684,64.35068462644196,1919.4676742572115,0.0003947087100995324,0.0002747091357413457,0.00011535196211290784,0.0,0.0,0.11599544264967546,0.045388997332390546,0.09238724771031048,0.03250623152259193,0.11671795823963284,202.42709828874266,0.003870271495758276,1.4424245782192755,-0.0008756578271666301,2566.666666666667,0.020918762143258197,True,0.00017515393119538203,0.11599544264967546,False,True,True,0.85,True,False,False,0,True,False,True,False,True,False,True,False,False,0,0,False,0,15,24,24,,,,False,False,False,
188,2026-08-18T21:55:30.995276,shadow,analysis_full,silero,webrtc,False,0.0001207276654895395,True,True,False,1,False,True,False,0,0.0,,,,,,,,,,,,,0.0006291917335500534,0.2626520026711018,0.3854520509049238,0.3518959448346338,,,,,,,,,,,,,,False,False,temporal_v1,False,8.207809591365648e-05,0.2755741127348643,4.325292404961363,0.6551804986983155,62.569485777368314,2213.4745571225926,0.00016525846888102377,0.0002425232441092924,0.0002214100195597372,0.0,0.0,0.11056039540523656,0.04354086475835333,0.07856444872564163,0.029853862212943633,0.10472420288930577,165.32318870202238,0.006058326128632572,1.2216775029605755,-0.0007264302934016829,3033.3333333333335,0.03718183036568262,True,0.0001415609076502733,0.11056039540523656,False,True,True,0.85,True,False,False,0,True,False,True,False,True,False,True,False,False,0,0,False,0,15,24,24,,,,False,False,False,
189,2026-08-18T21:55:31.002916,shadow,analysis_full,silero,webrtc,False,0.00012315584172029048,True,True,False,1,False,True,False,0,0.0,,,,,,,,,,,,,0.000785513385051757,0.49186228718759334,0.336933947588487,0.17120376395086692,,,,,,,,,,,,,,False,False,temporal_v1,False,9.0702203098679e-05,0.2254697286012526,3.951510440034745,0.795202601666786,64.41224241584383,2025.241618875491,0.0003863644101880259,0.0002646661257090837,0.00013448284815464746,0.0,0.0,0.09949168058537344,0.039429458821777834,0.07273129730645883,0.02788131277627817,0.13507144448765773,138.1178200136605,0.005814367240397991,0.8771109751265814,-0.0005181985830914869,2600.0,0.06058260179277104,True,0.00012743574188789353,0.09949168058537344,False,True,True,0.85,True,False,False,0,True,False,True,False,True,False,True,False,False,0,0,False,0,15,24,24,,,,False,False,False,
190,2026-08-18T21:55:31.011093,shadow,analysis_full,silero,webrtc,False,0.0001410793629474938,True,True,False,1,False,True,False,0,0.0,,,,,,,,,,,,,0.0007036005436904377,0.3183790115761216,0.3828240560301306,0.2987969309724869,,,,,,,,,,,,,,False,False,temporal_v1,False,8.555688782463697e-05,0.25052192066805845,4.294502497677676,0.7085291604885582,63.32953544533623,2105.4391169970136,0.00022401164564458332,0.00026935521396057846,0.00021023368308527597,0.0,0.0,0.09923416553060371,0.0394309994150535,0.07235390716578491,0.022430690636431397,0.13068684428810562,126.50220200443444,0.005625097591185495,1.0181494176906216,-0.0005955719656551901,2933.3333333333335,0.05081151616259954,True,0.00012743574188789353,0.09923416553060371,False,True,True,0.85,True,False,False,0,True,False,True,False,True,False,True,False,False,0,0,False,0,15,24,24,,,,False,False,False,
191,2026-08-18T21:55:31.018661,shadow,analysis_full,silero,webrtc,False,0.0001498801284469664,True,True,False,1,False,True,False,0,0.0,,,,,,,,,,,,,0.0006232521811891734,0.4162219915233843,0.33521243722290783,0.2485655696492208,,,,,,,,,,,,,,False,False,temporal_v1,False,8.17547212610397e-05,0.20876826722338204,4.173061677789813,0.7575167248453231,63.15841986743255,1936.440782028206,0.0002594112640758509,0.00020892188266091616,0.00015491903345240626,0.0,0.0,0.10009422082137522,0.041006402097024226,0.07069950708023809,0.02417028081570991,0.12651332209510543,128.6622330008778,0.004132058718456109,1.434147804223716,-0.0008643639409549346,2766.666666666667,0.02101647209024595,True,0.00012743574188789353,0.10009422082137522,False,True,True,0.85,True,False,False,0,True,False,True,False,True,False,True,False,False,0,0,False,0,15,24,24,,,,False,False,False,
192,2026-08-18T21:55:31.026315,shadow,analysis_full,silero,webrtc,False,0.0001498801284469664,True,True,False,1,False,True,False,0,0.0,,,,,,,,,,,,,0.0006252907306331496,0.47313576258225326,0.3340769331299993,0.19278730268849126,,,,,,,,,,,,,,False,False,temporal_v1,False,8.189253159097261e-05,0.23382045929018788,4.084754421984407,0.7822285709709982,63.314648799422386,1918.8868483998153,0.00029584740667372954,0.00020889520960453914,0.00012054811335488086,0.0,0.0,0.088123414857961,0.03543381385417581,0.06541680337879671,0.020562349607087662,0.12368660297823618,109.98782223211396,0.004205565388851285,1.1364954213306255,-0.0006795775140327377,2600.0,0.03961008686396817,True,0.00012743574188789353,0.088123414857961,False,True,True,0.85,True,False,False,0,True,False,True,False,True,False,True,False,False,0,0,False,0,15,24,24,,,,False,False,False,
193,2026-08-18T21:55:31.034008,shadow,analysis_full,silero,webrtc,False,0.00014059200475458056,True,True,False,1,False,True,False,0,0.0,,,,,,,,,,,,,0.0016639475532469947,0.6943888891919646,0.225641492812405,0.07996961739464978,,,,,,,,,,,,,,False,False,temporal_v1,False,0.00012963379354701048,0.19206680584551147,3.783053421864637,0.885615639013722,68.27782103416028,1594.6364569534949,0.001155426693172868,0.00037545560987620066,0.0001330652491979258,0.0,0.0,0.11930003443057315,0.046521360707347616,0.07964144688875524,0.024680612452829483,0.1692339753230817,165.49421380200994,0.00418853579304739,1.4303630378214098,-0.000859765316805533,1933.3333333333335,0.014612343550447035,True,0.00012743574188789353,0.11930003443057315,False,True,True,0.85,True,False,False,0,True,False,True,False,True,False,True,False,False,0,0,False,0,15,24,24,,,,False,False,False,
194,2026-08-18T21:55:31.042439,shadow,analysis_full,silero,webrtc,False,0.00013305906031746417,True,True,False,1,False,True,False,0,0.0,,,,,,,,,,,,,0.0005340790408461881,0.5382895908332297,0.28752934653475404,0.17418106075963433,,,,,,,,,,,,,,False,False,temporal_v1,False,7.626229708515e-05,0.22338204592901878,4.079360014741673,0.8029511162374736,62.69168449007725,1903.0446914489087,0.00028748918836969835,0.00015356339761241267,9.302645386407711e-05,0.0,0.0,0.11371997691118704,0.04730385885186644,0.07413561331292257,0.021659644842326416,0.1596125273616367,156.31977796326734,0.00506400190664467,1.1430969723976747,-0.0006808891230663332,2566.666666666667,0.03827449759621177,True,0.00012810745101887733,0.11371997691118704,False,True,True,0.85,True,False,False,0,True,False,True,False,True,False,True,False,False,0,0,False,0,15,24,24,,,,False,False,False,
195,2026-08-18T21:55:31.050589,shadow,analysis_full,silero,webrtc,False,0.00011556373647181317,True,True,False,1,False,True,False,0,0.0,,,,,,,,,,,,,0.0005160007384201643,0.546627446264115,0.2716361272998128,0.1817364244980905,,,,,,,,,,,,,,False,False,temporal_v1,False,7.596651104547498e-05,0.2045929018789144,3.867667760247032,0.793751572046821,62.60091942785784,2035.091033521868,0.000282060165913012,0.00014016444226829715,9.377612923885512e-05,0.0,0.0,0.11495807693542412,0.04701530326283632,0.07441313271783863,0.022731787204703466,0.1666059596614241,158.09336180284737,0.0076381336177524795,0.8989616121836974,-0.0005270086350566941,2633.3333333333335,0.05282203445354271,True,0.00012810745101887733,0.11495807693542412,False,True,True,0.85,True,False,False,0,True,False,True,False,True,False,True,False,False,0,0,False,0,15,24,24,,,,False,False,False,
196,2026-08-18T21:55:31.060067,shadow,analysis_full,silero,webrtc,False,0.00011686294601531699,True,True,False,1,False,True,False,0,0.0,,,,,,,,,,,,,0.0009295975885031925,0.616606046230852,0.25425366296276664,0.129140289730647,,,,,,,,,,,,,,False,False,temporal_v1,False,9.938197475696063e-05,0.20041753653444677,4.013753579673181,0.8451493232170233,65.56963426639986,1760.0387685917508,0.0005731954936326881,0.00023635359195829135,0.00012004850191221306,0.0,0.0,0.12256886216343302,0.05131988466798092,0.07697447703008703,0.02390920802040987,0.16342521182815375,165.03356197407535,0.005673847668574609,1.3472735033091807,-0.0008036177026622775,2400.0,0.02213201402819567,True,0.00012810745101887733,0.12256886216343302,False,True,True,0.85,True,False,False,0,True,False,True,False,True,False,True,False,False,0,0,False,0,15,24,24,,,,False,False,False,
197,2026-08-18T21:55:31.069419,shadow,analysis_full,silero,webrtc,False,0.00013517077604774386,True,True,False,1,False,True,False,0,0.0,,,,,,,,,,,,,0.00036398285972372326,0.5303216219275216,0.27232741305945757,0.19735096226563878,,,,,,,,,,,,,,False,False,temporal_v1,False,6.543394270088801e-05,0.22755741127348644,4.1257166885803604,0.7785655009881588,60.89183674992741,1965.3548312090832,0.00019302798052250249,9.912251058654499e-05,7.18323676146758e-05,0.0,0.0,0.12321808909243916,0.051514264653655474,0.07512854194128425,0.02378859212232838,0.16434320144249764,165.00410689580238,0.003919947162596637,1.119595215437101,-0.0006654562526627383,2833.3333333333335,0.04159966668030598,True,0.00013411491818260401,0.12321808909243916,False,True,True,0.85,True,False,False,0,True,False,True,False,True,False,True,False,False,0,0,False,0,15,24,24,,,,False,False,False,
198,2026-08-18T21:55:31.078901,shadow,analysis_full,silero,webrtc,False,0.00011484025162644684,True,True,False,1,False,True,False,0,0.0,,,,,,,,,,,,,0.0003905018047401914,0.5722028796911743,0.2839781891478665,0.14381892860015158,,,,,,,,,,,,,,False,False,temporal_v1,False,6.862243823559032e-05,0.19206680584551147,4.152355879118225,0.8102462565247495,61.59672943152947,1868.1783086651467,0.00022344625719693817,0.0001108939953690933,5.6161551174159915e-05,0.0,0.0,0.09900904965136628,0.044950208216293606,0.05767479727669755,0.018324098753646507,0.1444501826408043,139.53200395642503,0.003007850032545267,1.3043315965139939,-0.0007828066206480603,2566.666666666667,0.030582858383092174,True,0.00013411491818260401,0.09900904965136628,False,True,True,0.85,True,False,False,0,True,False,True,False,True,False,True,False,False,0,0,False,0,15,24,24,,,,False,False,False,
199,2026-08-18T21:55:31.088054,shadow,analysis_full,silero,webrtc,False,0.0001502685045124963,True,True,False,1,False,True,False,0,0.0,,,,,,,,,,,,,0.0002747032304488294,0.5300482799420786,0.3124995582345448,0.1574521581830846,,,,,,,,,,,,,,False,False,temporal_v1,False,6.0167598971338343e-05,0.22338204592901878,4.066474659010165,0.7969598199178789,60.01469779377993,1963.0473235932348,0.00014560597479393444,8.584463816086154e-05,4.3252616494033434e-05,0.0,0.0,0.09859327676985366,0.04342978461287141,0.05807255257034181,0.01822512297388511,0.14046933610149837,135.64366057119346,0.00335746984235225,1.1065794526278911,-0.0006655440799477136,2666.666666666667,0.04654181388518235,True,0.0001378813904011622,0.09859327676985366,False,True,True,0.85,True,False,False,0,True,False,True,False,True,False,True,False,False,0,0,False,0,15,24,24,,,,False,False,False,
200,2026-08-18T21:55:31.097313,shadow,analysis_full,silero,webrtc,False,0.00015715743938926607,True,True,False,1,False,True,False,0,0.0,,,,,,,,,,,,,0.0007144233121736628,0.6570281726652496,0.2397252426401768,0.1032465832948433,,,,,,,,,,,,,,False,False,temporal_v1,False,8.619970331783833e-05,0.1732776617954071,3.8598270143711386,0.8623580441184052,64.25688097494896,1772.5111694882237,0.0004693962433069169,0.0001712653018586301,7.376176600811592e-05,0.0,0.0,0.07836481129071032,0.03527261213111158,0.046719572628766484,0.018180827605074938,0.1292432511516932,122.59523097035562,0.003969469962921962,1.0612284584238512,-0.0006284117082125593,2166.666666666667,0.03968978520564339,True,0.0001378813904011622,0.07836481129071032,False,True,True,0.85,True,False,False,0,True,False,True,False,True,False,True,False,False,0,0,False,0,15,24,24,,,,False,False,False,
201,2026-08-18T21:55:31.106937,shadow,analysis_full,silero,webrtc,False,0.00013384254998527467,True,True,False,1,False,True,False,0,0.0,,,,,,,,,,,,,0.0004411610726747756,0.5067066681188804,0.3044162938825893,0.18887703573178452,,,,,,,,,,,,,,False,False,temporal_v1,False,7.134114855986532e-05,0.21920668058455114,4.0470664505070975,0.8078914606598867,62.007500786581005,1812.7498650525358,0.00022353925723878683,0.00013429661874892282,8.332519568706598e-05,0.0,0.0,0.06573774865414406,0.031620316042511996,0.03815679302277766,0.018495737416937726,0.11954381736199082,121.6780205702297,0.004626291725448347,1.2430910693747486,-0.0007472022367932121,2633.3333333333335,0.03100436750819794,True,0.00013450666301650926,0.06573774865414406,False,True,True,0.85,True,False,False,0,True,False,True,False,True,False,True,False,False,0,0,False,0,15,24,24,,,,False,False,False,
202,2026-08-18T21:55:31.116072,shadow,analysis_full,silero,webrtc,False,0.00010991240560542792,True,True,False,1,False,True,False,0,0.0,,,,,,,,,,,,,0.00032015682550263965,0.5377695663390009,0.2921713614591213,0.17005906907840848,,,,,,,,,,,,,,False,False,temporal_v1,False,6.315806393611161e-05,0.17118997912317327,3.92619905159529,0.8196603162058539,60.709175585873886,1841.447250604946,0.0001721705972110257,9.354065558753656e-05,5.444557170407737e-05,0.0,0.0,0.05907683682408579,0.026324957939447738,0.03646930560625257,0.019594211502884862,0.11882523463461205,120.09671041054688,0.004167689943424893,1.6193977716369423,-0.0009808155539479946,2666.666666666667,0.012682965352478641,True,0.00013345080515136942,0.05907683682408579,False,True,True,0.85,True,False,False,0,True,False,True,False,True,False,True,False,False,0,0,False,0,15,24,24,,,,False,False,False,
203,2026-08-18T21:55:31.125274,shadow,analysis_full,silero,webrtc,False,0.00011986550816800445,True,True,False,1,False,True,False,0,0.0,,,,,,,,,,,,,0.0006974267015905341,0.6662955338417169,0.21982364323142378,0.1138808214930169,,,,,,,,,,,,,,False,False,temporal_v1,False,8.67268459122377e-05,0.20668058455114824,4.002309601750747,0.8637407301524805,64.32498716137344,1658.9544083584817,0.0004646922964517327,0.0001533108784305062,7.942352570829518e-05,0.0,0.0,0.05365681330999429,0.027437281167693263,0.030676124889635968,0.01928819951975131,0.09631718044043802,107.1910899572359,0.0036655819936843525,1.386925583914184,-0.0008294879827390466,2100.0,0.018825586115124193,True,0.0001264622842427343,0.05365681330999429,False,True,True,0.85,True,False,False,0,True,False,True,False,True,False,True,False,False,0,0,False,0,15,24,24,,,,False,False,False,
204,2026-08-18T21:55:31.134362,shadow,analysis_full,silero,webrtc,False,0.00011587260087253526,True,True,False,1,False,True,False,0,0.0,,,,,,,,,,,,,0.00029295460808610794,0.5950263554614683,0.2519135697761455,0.15306007134888802,,,,,,,,,,,,,,False,False,temporal_v1,False,6.195938520112911e-05,0.19206680584551147,3.975419975493579,0.8242783281845797,60.51023992711868,1962.8057960652468,0.0001743157127651196,7.37992411053431e-05,4.483965321564521e-05,0.0,0.0,0.052979133760232215,0.02773857747499873,0.030070990611701633,0.018439096005638034,0.09429809958682543,111.12713327958902,0.0030335966238097963,0.8138918546763018,-0.00047918754337464986,2566.666666666667,0.0751434019164272,True,0.00011836422709166072,0.052979133760232215,False,True,True,0.85,True,False,False,0,True,False,True,False,True,False,True,False,False,0,0,False,0,15,24,24,,,,False,False,False,
205,2026-08-18T21:55:31.144401,shadow,analysis_full,silero,webrtc,False,0.00011815962352557108,True,True,False,1,False,True,False,0,0.0,,,,,,,,,,,,,0.00026095546283303296,0.6031690214544574,0.2165691416651797,0.18026183304829133,,,,,,,,,,,,,,False,False,temporal_v1,False,5.943232386769197e-05,0.18789144050104384,3.9055266546743272,0.817473767024544,59.975345638443656,1931.272535802415,0.0001574002511601955,5.6514900598589656e-05,4.704031007424778e-05,0.0,0.0,0.052572866865857534,0.03205224122757083,0.02993726049078088,0.018794942273988775,0.08939396334313264,98.82901062059992,0.003190042993300107,0.9364599062532826,-0.0005640442555540111,2700.0,0.05365003170241824,True,0.00011901256584678777,0.052572866865857534,False,True,True,0.85,True,False,False,0,True,False,True,False,True,False,True,False,False,0,0,False,0,15,24,24,,,,False,False,False,
206,2026-08-18T21:55:31.152985,shadow,analysis_full,silero,webrtc,False,0.00011112719948869199,True,True,False,1,False,True,False,0,0.0,,,,,,,,,,,,,0.00030719035377873693,0.5056169713790419,0.2785567792925647,0.21582624607308273,,,,,,,,,,,,,,False,False,temporal_v1,False,6.199198494467649e-05,0.2254697286012526,4.176129307714693,0.7781327026926347,60.266522773692316,1933.733582810452,0.0001553206563144614,8.55699555783485e-05,6.629974088592701e-05,0.0,0.0,0.055620923253256044,0.03208424229020772,0.03385982814299377,0.02037069137933704,0.10280288713726803,96.0780498634934,0.005029300023297179,1.354061743281855,-0.0008095547771182726,2800.0,0.025641471833902103,True,0.00011901256584678777,0.055620923253256044,False,True,True,0.85,True,False,False,0,True,False,True,False,True,False,True,False,False,0,0,False,0,15,24,24,,,,False,False,False,
207,2026-08-18T21:55:31.164011,shadow,analysis_full,silero,webrtc,False,0.00010402369662187994,True,True,False,1,False,True,False,0,0.0,,,,,,,,,,,,,0.00041485427267943663,0.5815132899264434,0.25997831204314303,0.15850839561992866,,,,,,,,,,,,,,False,False,temporal_v1,False,6.927967496111465e-05,0.20876826722338204,4.049476121358127,0.8184630136967608,61.745199771850785,1831.36021451167,0.00024124327294586102,0.00010785311355508572,6.57578851784899e-05,0.0,0.0,0.05402790608145266,0.032100703987020106,0.03179038865566973,0.018714768126108536,0.09765268190231612,91.20549062820565,0.002899083501942754,1.3229402851346284,-0.0007928909570297512,2533.3333333333335,0.027420501332202075,True,0.00011701611219905317,0.05402790608145266,False,True,True,0.85,True,False,False,0,True,False,True,False,True,False,True,False,False,0,0,False,0,15,24,24,,,,False,False,False,
208,2026-08-18T21:55:31.172081,shadow,analysis_full,silero,webrtc,False,0.00010402369662187994,True,True,False,1,False,True,False,0,0.0,,,,,,,,,,,,,0.00025722925301734437,0.4278354665274545,0.31979863536657394,0.25236589421838884,,,,,,,,,,,,,,False,False,temporal_v1,False,5.976410537220406e-05,0.23382045929018788,4.205650059143562,0.7649832796287597,59.75621927032215,1944.8172193896548,0.00011005179746918416,8.22615640913099e-05,6.49158904568503e-05,0.0,0.0,0.06993623707506728,0.03570707932665509,0.04186108964877972,0.020997563191115086,0.10603880934493944,94.91632053926342,0.0040340782987263735,1.5690480656669796,-0.000961779323002074,2900.0,0.01740435015673988,True,0.00011701611219905317,0.06993623707506728,False,True,True,0.85,True,False,False,0,True,False,True,False,True,False,True,False,False,0,0,False,0,15,24,24,,,,False,False,False,
209,2026-08-18T21:55:31.182062,shadow,analysis_full,silero,webrtc,False,0.00010512608423596248,True,True,False,1,False,True,False,0,0.0,,,,,,,,,,,,,0.0002733679107635915,0.4470777567134659,0.3370013668619772,0.21592087276648306,,,,,,,,,,,,,,False,False,temporal_v1,False,6.100997374962875e-05,0.21294363256784968,4.091778587242033,0.7817458728817316,60.09806484163601,1925.40440658125,0.00012221671230163342,9.212535958353334e-05,5.9025837878424735e-05,0.0,0.0,0.07762691491110756,0.039236687168739834,0.04382749266323097,0.02026343130696899,0.10737750387209362,91.65430551658399,0.0038375710642540835,1.329313070027038,-0.0007932834552576313,2666.666666666667,0.025455423085860067,True,0.00011349990018061362,0.07762691491110756,False,True,True,0.85,True,False,False,0,True,False,True,False,True,False,True,False,False,0,0,False,0,15,24,24,,,,False,False,False,
210,2026-08-18T21:55:31.192694,shadow,analysis_full,silero,webrtc,False,0.00011943993740715086,True,True,False,1,False,True,False,0,0.0,,,,,,,,,,,,,0.0005095921064734481,0.6050112405286011,0.30293691658721567,0.09205184092182947,,,,,,,,,,,,,,False,False,temporal_v1,False,7.828591698754295e-05,0.16910229645093947,3.927202473576012,0.8718376188496958,63.32176930274897,1682.3537225643915,0.00030830895250108384,0.00015437426145225048,4.6908891520113835e-05,0.0,0.0,0.0720081303745036,0.0386155598731015,0.045751826590784576,0.02090707620608675,0.09862588227464009,103.61837447594642,0.004489096339399745,1.2639842886764265,-0.0007598985612443141,2000.0000000000002,0.026404961406407072,True,0.00011349990018061362,0.0720081303745036,False,True,True,0.85,True,False,False,0,True,False,True,False,True,False,True,False,False,0,0,False,0,15,24,24,,,,False,False,False,
211,2026-08-18T21:55:31.201769,shadow,analysis_full,silero,webrtc,False,0.00011991398787358776,True,True,False,1,False,True,False,0,0.0,,,,,,,,,,,,,0.0007584161686040422,0.707660431030371,0.21110822430682166,0.08123134334427004,,,,,,,,,,,,,,False,False,temporal_v1,False,8.923873810242644e-05,0.1649269311064718,3.7306058951444276,0.8887444183499563,64.7335707647107,1607.12658826216,0.0005367011127747391,0.00016010789063958242,6.160716418972075e-05,0.0,0.0,0.08471107656224154,0.042280902517820795,0.05308080416662238,0.022874181815759852,0.13305233200723368,127.18626755098524,0.003347219364412688,1.4085140544860775,-0.0008433338085244985,1733.3333333333335,0.01479830558262973,True,0.00011349990018061362,0.08471107656224154,False,True,True,0.85,True,False,False,0,True,False,True,False,True,False,True,False,False,0,0,False,0,15,24,24,,,,False,False,False,
212,2026-08-18T21:55:31.212062,shadow,analysis_full,silero,webrtc,False,0.00011287775123491883,True,True,False,1,False,True,False,0,0.0,,,,,,,,,,,,,0.0007997750855773462,0.6802451453059971,0.23646686731518982,0.08328798612846156,,,,,,,,,,,,,,False,False,temporal_v1,False,9.196923666126064e-05,0.17118997912317327,3.9307073116587397,0.8808368211158991,64.99291464341832,1597.3027555055128,0.0005440431193006781,0.0001891203090432129,6.661165623345517e-05,0.0,0.0,0.09027790929717183,0.04252805930529406,0.058122216498485375,0.022874181815759852,0.1328122143593085,145.1760977443733,0.0025901816245261578,1.6994997685743631,-0.0010267139918515458,1766.6666666666667,0.008621642056516117,True,0.00011437517605372705,0.09027790929717183,False,True,True,0.85,True,False,False,0,True,False,True,False,True,False,True,False,False,0,0,False,0,15,24,24,,,,False,False,False,
213,2026-08-18T21:55:31.220722,shadow,analysis_full,silero,webrtc,False,9.621730714570731e-05,True,True,False,1,False,True,False,0,0.0,,,,,,,,,,,,,0.0011381848160490187,0.7063086779013957,0.22751963800260175,0.06617168321741056,,,,,,,,,,,,,,False,False,temporal_v1,False,0.00010580089977194533,0.17745302713987474,3.726324083381833,0.8970449638379855,66.42881341690865,1592.7767705427434,0.0008039098126310257,0.0002589593973275306,7.531560509046237e-05,0.0,0.0,0.09470596920055808,0.041795574833987895,0.06302348130816889,0.023349403101530525,0.1560065770535137,153.08986085201371,0.003184185732169914,1.1993533745227254,-0.0007136830510141097,1633.3333333333335,0.024782350665857503,True,0.00011200247536180541,0.09470596920055808,False,True,True,0.85,True,False,False,0,True,False,True,False,True,False,True,False,False,0,0,False,0,15,24,24,,,,False,False,False,
214,2026-08-18T21:55:31.228753,shadow,analysis_full,silero,webrtc,False,0.00010680717241484672,True,True,False,1,False,True,False,0,0.0,,,,,,,,,,,,,0.0010808259449360592,0.682216011276387,0.23884050980292781,0.07894347799546683,,,,,,,,,,,,,,False,False,temporal_v1,False,0.00010541541246232264,0.17118997912317327,3.8769436266143225,0.8878512752775325,66.34945888788695,1597.601062727751,0.0007373567650383101,0.00025814501969675957,8.532415920098944e-05,0.0,0.0,0.09905422185161573,0.04235960813804291,0.06647590159886639,0.024372298154362693,0.15855962551227076,153.66886042608712,0.002749499827454931,1.3752813944867126,-0.0008157169335544026,1800.0000000000002,0.016580798084753077,True,0.00010896718595176935,0.09905422185161573,False,True,True,0.85,True,False,False,0,True,False,True,False,True,False,True,False,False,0,0,False,0,15,24,24,,,,False,False,False,
215,2026-08-18T21:55:31.234331,shadow,analysis_full,silero,webrtc,False,0.00013305246829986572,True,True,False,1,False,True,False,0,0.0,,,,,,,,,,,,,0.002744529178510022,0.7237678491454936,0.21658977674784438,0.05964237374230076,,,,,,,,,,,,,,False,False,temporal_v1,False,0.00016240225419361835,0.162839248434238,3.901779401664032,0.8996283819922263,70.40204506096575,1544.1852959833423,0.0019864019804472473,0.0005944369620514304,0.00016369023501134442,0.0,0.0,0.1064227942920504,0.04235735265566675,0.06940071769444042,0.025931842553975362,0.15869709634029047,155.49474700605947,0.002054182819906357,1.5797618416946662,-0.0009489451134109197,1500.0,0.012224871654838777,True,0.00010896718595176935,0.1064227942920504,False,True,True,0.85,True,False,False,0,True,False,True,False,True,False,True,False,False,0,0,False,0,15,24,24,,,,False,False,False,
216,2026-08-18T21:55:31.241115,shadow,analysis_full,silero,webrtc,False,0.00013015400327276438,True,True,False,1,False,True,False,0,0.0,,,,,,,,,,,,,0.0018234809660811987,0.6878232536031835,0.23724672047121984,0.0749300253771949,,,,,,,,,,,,,,False,False,temporal_v1,False,0.00013318951388234488,0.12317327766179541,3.9107383649846628,0.8902595027964924,68.55005140133531,1588.4419814214266,0.0012542326109734464,0.00043261487904445604,0.0001366334750632961,0.0,0.0,0.10309810295221611,0.04264045049700252,0.06477444749429881,0.029730243204873313,0.14191554224733563,143.31851189610242,0.0011829337399915638,1.4760778699180055,-0.000884826785239747,1700.0000000000002,0.01570972337024041,True,0.00010984246182488278,0.10309810295221611,False,True,True,0.85,True,False,False,0,True,False,True,False,True,False,True,False,False,0,0,False,0,15,24,24,,,,False,False,False,
217,2026-08-18T21:55:31.247728,shadow,analysis_full,silero,webrtc,False,0.00014407826529350132,True,True,False,1,False,True,False,0,0.0,,,,,,,,,,,,,0.003017269033247727,0.7330155486172669,0.2139972579428182,0.052987193108489296,,,,,,,,,,,,,,False,False,temporal_v1,False,0.00017170779861244514,0.17745302713987474,3.7871693834898457,0.9043241070904364,70.92658136986739,1528.7935025774761,0.002211705115731973,0.0006456872995907916,0.0001598766169249621,0.0,0.0,0.10667218406110694,0.044689857656799545,0.06562919952085233,0.028090776939719998,0.14259456584856361,142.45706698153984,0.001823834951507078,1.5386503449277837,-0.0009268155113374749,1533.3333333333335,0.012067740002569114,True,0.00011615884432103485,0.10667218406110694,False,True,True,0.85,True,False,False,0,True,False,True,False,True,False,True,False,False,0,0,False,0,15,24,24,,,,False,False,False,
218,2026-08-18T21:55:31.254339,shadow,analysis_full,silero,webrtc,False,0.0001325379853369668,True,True,False,1,False,True,False,0,0.0,,,,,,,,,,,,,0.0037393753001913944,0.728560402196489,0.21941778497333578,0.052021812562750944,,,,,,,,,,,,,,False,False,temporal_v1,False,0.00018949612956406796,0.1544885177453027,3.824357418395817,0.908951950372216,71.83215006584012,1517.4199569083814,0.002724360772671059,0.0008204854455519983,0.00019452908096833727,0.0,0.0,0.0821689315843473,0.03982575098472906,0.045221621778019916,0.021085594989561588,0.10386185871170044,111.6396163099788,0.0011798880360510482,1.4223592443954247,-0.0008460615261142712,1466.6666666666667,0.016188903317881694,True,0.00011967696264036931,0.0821689315843473,False,True,True,0.85,True,False,False,0,True,False,True,False,True,False,True,False,False,0,0,False,0,15,24,24,,,,False,False,False,
219,2026-08-18T21:55:31.259951,shadow,analysis_full,silero,webrtc,False,0.00013699362170882523,True,True,False,1,False,True,False,0,0.0,,,,,,,,,,,,,0.00526899228249263,0.7197828683900016,0.22431575833816533,0.055901373082043494,,,,,,,,,,,,,,False,False,temporal_v1,False,0.0002245916794311324,0.12734864300626306,3.916279523805402,0.9067763754267687,73.3333145922626,1523.6289170590624,0.003792530378617327,0.001181917999525275,0.00029454390335002844,0.0,0.0,0.03573871766154442,0.02520847197227478,0.01351238478352686,0.018513402319328066,0.07616817296842848,47.971970711127206,0.0005503913230620207,1.3480561215119669,-0.0008020624752206475,1533.3333333333335,0.020147776146663247,True,0.00012503399557317607,0.03573871766154442,False,True,False,0.85,True,False,False,0,True,False,True,False,True,False,True,False,False,0,0,False,0,15,24,24,,,,False,False,False,
220,2026-08-18T21:55:31.266619,shadow,analysis_full,silero,webrtc,False,0.00014484401617664844,True,True,False,1,False,True,False,0,0.0,,,,,,,,,,,,,0.005920136705542994,0.7393262958767058,0.21216228080707736,0.04851142314730178,,,,,,,,,,,,,,False,False,temporal_v1,False,0.00023731981336169163,0.11064718162839249,3.8674080903218115,0.9127204975299629,73.8495630134884,1476.6684484909108,0.004376912741592826,0.0012560297061376985,0.0002871942568124693,0.0,0.0,0.020445347799215485,0.010224352258272456,0.012597984931386584,0.02329988547524627,0.07237759184607186,42.597702428000844,0.0006190879773612673,1.9225757834530126,-0.0011850865283137078,1400.0,0.00604588885904501,True,0.0001313459943048656,0.020445347799215485,False,True,False,0.85,True,False,False,0,True,False,True,False,True,False,True,False,False,0,0,False,0,15,24,24,,,,False,False,False,
221,2026-08-18T21:55:31.274205,shadow,analysis_full,silero,webrtc,False,0.00013909043627791107,True,True,False,1,False,True,False,0,0.0,,,,,,,,,,,,,0.004254243468350213,0.7074152070697376,0.23108699966884985,0.06149779302635304,,,,,,,,,,,,,,False,False,temporal_v1,False,0.00020158683694390022,0.1440501043841336,3.9688329194655902,0.9005628128438183,72.3436142133808,1542.6344807726643,0.0030095165240880445,0.0009831003589618524,0.0002616265843003157,0.0,0.0,0.020449330140677416,0.009480596715351381,0.011451119087227365,0.023168575196668196,0.06920651021598155,39.33738742991506,0.0005913966669020328,1.3435380504422783,-0.0007986864004833266,1600.0,0.02185338588474334,True,0.00013279522681841627,0.020449330140677416,False,True,False,0.85,True,False,False,0,True,False,True,False,True,False,True,False,False,0,0,False,0,15,24,24,,,,False,False,False,
222,2026-08-18T21:55:31.279260,shadow,analysis_full,silero,webrtc,False,0.0001240058190887794,True,True,False,1,False,True,False,0,0.0,,,,,,,,,,,,,0.006287040362502226,0.740118699942402,0.20673940337255464,0.053141896525986,,,,,,,,,,,,,,False,False,temporal_v1,False,0.00024327156954226885,0.13778705636743216,3.8597350766657463,0.908504334645797,74.04847562517458,1528.1409975291263,0.004653156139580555,0.0012997789735228798,0.0003341052483987908,0.0,0.0,0.019348721794256767,0.01028518452013934,0.009640887359990899,0.02255856811564108,0.06630332340039023,36.56089513500393,0.0005330045412355816,1.400023229194273,-0.0008335991549755074,1466.6666666666667,0.0187063778233846,True,0.00013279522681841627,0.019348721794256767,False,True,False,0.85,True,False,False,0,True,False,True,False,True,False,True,False,False,0,0,False,0,15,24,24,,,,False,False,False,
223,2026-08-18T21:55:31.285399,shadow,analysis_full,silero,webrtc,False,0.0001223057188326493,True,True,False,1,False,True,False,0,0.0,,,,,,,,,,,,,0.006554149828170391,0.7366617485042983,0.20550920352724708,0.057829047815879296,,,,,,,,,,,,,,False,False,temporal_v1,False,0.0002493990363605153,0.1419624217118998,3.849814777995365,0.9094730694570149,74.27279700994535,1504.1717374277305,0.004828191472379147,0.0013469381109855404,0.0003790202438057026,0.0,0.0,0.01983428382567022,0.011339011160031668,0.009462483228069392,0.020439042428493592,0.04867601732181894,34.34266536830659,0.00033815213642230025,1.6163796801367898,-0.000968730059303187,1433.3333333333335,0.01065275917143552,True,0.00013279522681841627,0.01983428382567022,False,True,False,0.85,True,False,False,0,True,False,True,False,True,False,True,False,False,0,0,False,0,15,24,24,,,,False,False,False,
224,2026-08-18T21:55:31.290528,shadow,analysis_full,silero,webrtc,False,0.0001223057188326493,True,True,False,1,False,True,False,0,0.0,,,,,,,,,,,,,0.010306960352337361,0.7435225978398671,0.20045786558384343,0.05601953647926756,,,,,,,,,,,,,,False,False,temporal_v1,False,0.00031384823706455904,0.15866388308977036,3.870182763107813,0.9104597340387226,76.30007391142767,1500.1439283218606,0.0076634579370023865,0.002066111272886846,0.0005773911414481272,0.0,0.0,0.01643140122277111,0.011003065273227043,0.006919272373542006,0.019144175319402087,0.048709404884949084,28.58901885250092,0.0002905070802661216,1.8082279382099102,-0.0010844615955499402,1433.3333333333335,0.0070829154416353,True,0.00013279522681841627,0.01643140122277111,False,True,False,0.85,True,False,False,0,True,False,True,False,True,False,True,False,False,0,0,False,0,15,24,24,,,,False,False,False,
225,2026-08-18T21:55:31.297690,shadow,analysis_full,silero,webrtc,False,0.00014074236969463527,True,True,False,1,False,True,False,0,0.0,,,,,,,,,,,,,0.009050557092201166,0.7197518468388242,0.22158563984578797,0.0586625132048973,,,,,,,,,,,,,,False,False,temporal_v1,False,0.0002931939535089193,0.18162839248434237,3.929402259216349,0.9062080862733549,75.68196619097142,1513.8902041171955,0.006514155182032008,0.0020054734842362295,0.0005309284249329278,0.0,0.0,0.016529818854802848,0.011097356884080997,0.0068915571253481064,0.02167171485989307,0.05085020773503675,28.04018151716865,0.0001745105109165275,1.583260154006935,-0.0009510115307364955,1500.0,0.012872942538855887,True,0.00013476580352289602,0.016529818854802848,False,True,False,0.85,True,False,False,0,True,False,True,False,True,False,True,False,False,0,0,False,0,15,24,24,,,,False,False,False,
226,2026-08-18T21:55:31.304269,shadow,analysis_full,silero,webrtc,False,0.0001324558543274179,True,True,False,1,False,True,False,0,0.0,,,,,,,,,,,,,0.009046938796530618,0.7406594986972065,0.20617782599014253,0.053162675202116226,,,,,,,,,,,,,,False,False,temporal_v1,False,0.00029328397684117406,0.16701461377870563,3.8586282447569142,0.9120686065505889,75.71263567815659,1494.2885387942242,0.006700701153782677,0.0018652781729345594,0.00048095946881338155,0.0,0.0,0.01119426501188799,0.009261897300836168,0.0035683985314572987,0.021093861419356583,0.049930165747489354,18.44858191467926,0.00019774541916653073,1.6580604677532162,-0.0009858785666904662,1400.0,0.009418275855054462,True,0.00013476580352289602,0.01119426501188799,False,True,False,0.85,True,False,False,0,True,False,True,False,True,False,True,False,False,0,0,False,0,15,24,24,,,,False,False,False,
227,2026-08-18T21:55:31.310927,shadow,analysis_full,silero,webrtc,False,0.00013792845129501075,True,True,False,1,False,True,False,0,0.0,,,,,,,,,,,,,0.010239996927440488,0.7449830400388576,0.20256198085675425,0.05245497900673186,,,,,,,,,,,,,,False,False,temporal_v1,False,0.0003079996291632198,0.1524008350730689,3.8752237761295723,0.9094239975845578,76.13002100210097,1502.5866369164037,0.007628624040993176,0.0020742340615894227,0.0005371388238578895,0.0,0.0,0.011971188575256312,0.009893914344288861,0.003601442997629378,0.019089458021872445,0.04094022913586436,17.868060338649045,0.0003160311690077152,1.627635809098741,-0.0009824304619364412,1466.6666666666667,0.0114803964759481,True,0.00013476580352289602,0.011971188575256312,False,True,False,0.85,True,False,False,0,True,False,True,False,True,False,True,False,False,0,0,False,0,15,24,24,,,,False,False,False,
228,2026-08-18T21:55:31.317974,shadow,analysis_full,silero,webrtc,False,0.00015241636720020324,True,True,False,1,False,True,False,0,0.0,,,,,,,,,,,,,0.009263643944631729,0.734713300755049,0.2117551009605982,0.05353159817640371,,,,,,,,,,,,,,False,False,temporal_v1,False,0.00029649275541291655,0.12108559498956159,3.906009509834109,0.9095495938237204,75.79624200333711,1492.1989030461232,0.006806122419579901,0.001961623858758526,0.0004958976652933012,0.0,0.0,0.011932628984532219,0.009661304993023506,0.00350718148388172,0.02046461521601,0.03653808098427855,18.463250454071805,0.00037510171930963705,1.6936674270125012,-0.001016580296870186,1433.3333333333335,0.009482754321962142,True,0.000137461036501918,0.011932628984532219,False,True,False,0.85,True,False,False,0,True,False,True,False,True,False,True,False,False,0,0,False,0,15,24,24,,,,False,False,False,
229,2026-08-18T21:55:31.326361,shadow,analysis_full,silero,webrtc,False,0.00014152344374451786,True,True,False,1,False,True,False,0,0.0,,,,,,,,,,,,,0.013889194661505712,0.7522720182628294,0.1983070032828781,0.04942097838229407,,,,,,,,,,,,,,False,False,temporal_v1,False,0.0003608334590862341,0.13778705636743216,3.8134169172180794,0.9147163634300399,77.54286353487194,1487.1297901594157,0.010448452500056217,0.002754324571335746,0.000686417589113748,0.0,0.0,0.012389330701088493,0.009559381195491564,0.003873507043181793,0.019831886575428666,0.04183037716886048,18.5875652787296,0.00036598319958109157,1.60255584397286,-0.0009593152433939964,1400.0,0.011038704897521371,True,0.0001385094437864609,0.012389330701088493,False,True,False,0.85,True,False,False,0,True,False,True,False,True,False,True,False,False,0,0,False,0,15,24,24,,,,False,False,False,
230,2026-08-18T21:55:31.334429,shadow,analysis_full,silero,webrtc,False,0.00012330141908023506,True,True,False,1,False,True,False,0,0.0,,,,,,,,,,,,,0.005349026651844965,0.7219116712003093,0.22242027240555778,0.055668056207182924,,,,,,,,,,,,,,False,False,temporal_v1,False,0.00022693319370203845,0.1315240083507307,3.921572097337792,0.9056262056908689,73.4196778629012,1514.98540792447,0.0038615247695283936,0.0011897319650079458,0.000297769916308625,0.0,0.0,0.013000152769677656,0.010297498867037983,0.0033394424491633634,0.016965552946897736,0.04334592366974642,16.33284116596651,0.0006144147668060864,1.6666217050117806,-0.001008583226303633,1500.0,0.010985596442410846,True,0.00013519215281121433,0.013000152769677656,False,True,False,0.85,True,False,False,0,True,False,True,False,True,False,True,False,False,0,0,False,0,15,24,24,,,,False,False,False,
231,2026-08-18T21:55:31.342971,shadow,analysis_full,silero,webrtc,False,0.00013287787442095578,True,True,False,1,False,True,False,0,0.0,,,,,,,,,,,,,0.012001577262250537,0.7410881892258236,0.2094631546372467,0.04944865605360723,,,,,,,,,,,,,,False,False,temporal_v1,False,0.0003342944879569834,0.1336116910229645,3.8811300191775966,0.9107844681289857,76.85508996550037,1494.960756720374,0.008894227161135068,0.0025138882339736483,0.0005934618661418199,0.0,0.0,0.009521606574942214,0.007731762333619564,0.002982350123231068,0.01745307708436481,0.03325051101875248,11.88461224382126,0.00036446673246561434,1.8054096637563704,-0.0010827593697698863,1433.3333333333335,0.00717285116869138,True,0.00013266686437418684,0.009521606574942214,False,True,False,0.85,True,False,False,0,True,False,True,False,True,False,True,False,False,0,0,False,0,15,24,24,,,,False,False,False,
232,2026-08-18T21:55:31.350545,shadow,analysis_full,silero,webrtc,False,0.00013579036749433726,True,True,False,1,False,True,False,0,0.0,,,,,,,,,,,,,0.007413196658168274,0.7330838458922203,0.21091685172453953,0.05599930224834556,,,,,,,,,,,,,,False,False,temporal_v1,False,0.00026558977542249216,0.1419624217118998,3.8891705249257904,0.9085872350875683,74.82326389508444,1502.9194525399257,0.005434494716525354,0.0015635681003557298,0.0004151338402871904,0.0,0.0,0.009566954805087189,0.007738324702684884,0.0030292858443016794,0.017292516400733874,0.03293648463640825,8.540253624999401,0.0002817993001039329,1.655075724080913,-0.0009900015071982967,1433.3333333333335,0.00995758930375235,True,0.00013433412095764652,0.009566954805087189,False,True,False,0.85,True,False,False,0,True,False,True,False,True,False,True,False,False,0,0,False,0,15,24,24,,,,False,False,False,
233,2026-08-18T21:55:31.359031,shadow,analysis_full,silero,webrtc,False,0.00011780973727582023,True,True,False,1,False,True,False,0,0.0,,,,,,,,,,,,,0.007646879800813883,0.7252484073807998,0.21723594897318085,0.057515643515247086,,,,,,,,,,,,,,False,False,temporal_v1,False,0.0002695872807662136,0.1649269311064718,3.936238757363334,0.9074496630051867,74.94944032962734,1507.2368858083428,0.005545887396972675,0.001661177190213652,0.0004398152126275549,0.0,0.0,0.010184000198024009,0.0080168091466404,0.0029931885761599886,0.01801223767024884,0.03528037236567354,8.711652657550884,0.0002973912886474323,1.5774540593063293,-0.0009471711108891643,1466.6666666666667,0.012703389108963688,True,0.00013433412095764652,0.010184000198024009,False,True,False,0.85,True,False,False,0,True,False,True,False,True,False,True,False,False,0,0,False,0,15,24,24,,,,False,False,False,
234,2026-08-18T21:55:31.367206,shadow,analysis_full,silero,webrtc,False,0.00010776895214803517,True,True,False,1,False,True,False,0,0.0,,,,,,,,,,,,,0.005327283744397656,0.7461065923880766,0.20508757506961847,0.048805832354591905,,,,,,,,,,,,,,False,False,temporal_v1,False,0.00022689885246334488,0.15866388308977036,3.8485915619142097,0.9127983411246069,73.45258026977687,1494.167928110867,0.003974721521216929,0.0010925597048463125,0.00026000251733441463,0.0,0.0,0.010408909067318173,0.0075684351491291,0.0033167289713413187,0.01801223767024884,0.03693265428645892,8.953820306425756,0.0005045383937247351,1.4185129016493996,-0.0008416085628053524,1333.3333333333335,0.01592142217333916,True,0.00013433412095764652,0.010408909067318173,False,True,False,0.85,True,False,False,0,True,False,True,False,True,False,True,False,False,0,0,False,0,15,24,24,,,,False,False,False,
235,2026-08-18T21:55:31.375565,shadow,analysis_full,silero,webrtc,False,0.0001372669212287292,True,True,False,1,False,True,False,0,0.0,,,,,,,,,,,,,0.00822143160616332,0.7179557061371462,0.22896142379555903,0.053082869945661415,,,,,,,,,,,,,,False,False,temporal_v1,False,0.0002795022964624857,0.2045929018789144,3.901356783633181,0.9063357276916207,75.26205691926958,1503.7809930284302,0.005902623734261239,0.0018823906861849635,0.0004364171847171178,0.0,0.0,0.010698878891927081,0.008857484507444197,0.0028292778011209945,0.0228360422614003,0.03451111746860121,7.884616937442304,0.0005074209208071447,1.606864085043845,-0.000961684711061086,1500.0,0.0109913780134971,True,0.00013433412095764652,0.010698878891927081,False,True,False,0.85,True,False,False,0,True,False,True,False,True,False,True,False,False,0,0,False,0,15,24,24,,,,False,False,False,
236,2026-08-18T21:55:31.382639,shadow,analysis_full,silero,webrtc,False,0.00016059313202276826,True,True,False,1,False,True,False,0,0.0,,,,,,,,,,,,,0.003584937551366987,0.7058072440776009,0.22220860980698337,0.0719841458364709,,,,,,,,,,,,,,False,False,temporal_v1,False,0.00018386058702935535,0.17954070981210857,3.9153350823993502,0.8866102101803963,71.4542066695377,1611.1197261399766,0.0025302748933206357,0.0007966039895341093,0.0002580586675122421,0.0,0.0,0.013781502248512852,0.009230247399667695,0.0063907586842628355,0.02397565169060878,0.03467708741421056,34.21392135370651,0.0009283032214182902,1.2966145100829694,-0.000768040728955312,1800.0000000000002,0.023018307117488077,True,0.00013652864436153322,0.013781502248512852,False,True,False,0.85,True,False,False,0,True,False,True,False,True,False,True,False,False,0,0,False,0,15,24,24,,,,False,False,False,
237,2026-08-18T21:55:31.390829,shadow,analysis_full,silero,webrtc,False,0.00016154487093444914,True,True,False,1,False,True,False,0,0.0,,,,,,,,,,,,,0.004712495502603218,0.6992855180793008,0.2229780103703118,0.07773647133818541,,,,,,,,,,,,,,False,False,temporal_v1,False,0.00021248752189301294,0.1941544885177453,3.867675540506886,0.8945185673081104,72.78276533270832,1555.6740888641218,0.0032953798589842667,0.0010507828710495082,0.00036633277156944275,0.0,0.0,0.016189879736785526,0.008973962564340349,0.00930338549292701,0.027018356505373268,0.0350446903864645,36.52061093528397,0.0016648781144890895,1.7723684838775435,-0.001085344890007603,1666.6666666666667,0.007299802946508417,True,0.00013652864436153322,0.016189879736785526,False,True,False,0.85,True,False,False,0,True,False,True,False,True,False,True,False,False,0,0,False,0,15,24,24,,,,False,False,False,
238,2026-08-18T21:55:31.399424,shadow,analysis_full,silero,webrtc,False,0.00018599505710881203,True,True,False,1,False,True,False,0,0.0,,,,,,,,,,,,,0.00830770901241525,0.8494330481572778,0.08911984239772942,0.061447109324622516,,,,,,,,,,,,,,False,False,temporal_v1,False,0.0002750296505188045,0.15031315240083507,3.320186574385103,0.9184379766469261,75.17300409965038,1652.8325694228208,0.0070568425896195735,0.0007403817178726434,0.0005104847039230316,0.0,0.0,0.04007987995991747,0.038884865780099385,0.009284156031712393,0.024457984371315203,0.17323637107643414,53.64680585187042,0.004663782888667419,0.7948982220701309,-0.0004839646303225432,1000.0000000000001,0.04627039439362003,True,0.00013652864436153322,0.04007987995991747,False,True,False,0.85,True,False,False,0,True,False,True,False,True,False,True,False,False,0,0,False,0,15,24,24,,,,False,False,False,
239,2026-08-18T21:55:31.410780,shadow,analysis_full,silero,webrtc,False,0.00043569764238782227,True,True,False,1,False,True,False,0,0.0,,,,,,,,,,,,,0.01120356377505221,0.7242342704955925,0.22640876989072758,0.04935695952442248,,,,,,,,,,,,,,False,False,temporal_v1,False,0.00031619545251682936,0.15031315240083507,3.413940059565138,0.9048289172881164,76.33852427857748,1569.9355699751113,0.008114004837575784,0.002536585092701887,0.0005529738437745379,0.0,0.0,0.04004938157323197,0.03947892823153011,0.009290166087500088,0.023609282035453982,0.2136716097267728,52.38346152174693,0.004327713994403245,1.2105628814322174,-0.0007135570481106024,1633.3333333333335,0.017713805961535812,True,0.00013652864436153322,0.04004938157323197,False,True,False,0.85,True,False,False,0,True,False,True,False,True,False,True,False,False,0,0,False,0,15,24,24,,,,False,False,False,
240,2026-08-18T21:55:31.416865,shadow,analysis_full,silero,webrtc,False,0.00043569764238782227,True,True,False,1,False,True,False,0,0.0,,,,,,,,,,,,,0.009080097442042195,0.6548380791838271,0.2883074544985241,0.05685446620751788,,,,,,,,,,,,,,False,False,temporal_v1,False,0.0002869161534682922,0.14822546972860126,3.6643971695089093,0.8789637610680655,75.35929567016801,1624.5616602523721,0.005945993567748892,0.002617859780113745,0.0005162440931795575,0.0,0.0,0.046940548256010024,0.0466102499530238,0.009265837347987723,0.022004016906886085,0.21169777649704138,57.09436957620385,0.004331071107637016,1.3303537804436159,-0.0007863120874306912,1866.6666666666667,0.014765228849762434,True,0.00014893002662574872,0.046940548256010024,False,True,False,0.85,True,False,False,0,True,False,True,False,True,False,True,False,False,0,0,False,0,15,24,24,,,,False,False,False,
241,2026-08-18T21:55:31.427204,shadow,analysis_full,silero,webrtc,False,0.0009844894520938396,True,True,False,1,False,True,False,0,0.0,,,,,,,,,,,,,0.0037176027134500447,0.6144357746711557,0.3283169825397952,0.05724724252005836,,,,,,,,,,,,,,False,False,temporal_v1,False,0.00018360930128376063,0.16701461377870563,3.7071424796586787,0.8671774181663989,71.34583624651457,1687.9610016923914,0.002284228103158269,0.0012205521051616736,0.00021282250413010175,0.0,0.0,0.05795538572311998,0.058154440803751366,0.008811562528768795,0.019766948625574467,0.2084650638972242,66.49297708089757,0.0039764656944132285,1.226756182915522,-0.0007173460372036244,2066.666666666667,0.017989366941310973,True,0.0001610690014786087,0.05795538572311998,False,True,True,0.85,True,False,False,0,True,False,True,False,True,False,True,False,False,0,0,False,0,15,24,24,,,,False,False,False,
242,2026-08-18T21:55:31.435356,shadow,analysis_full,silero,webrtc,False,0.0004929809947498143,True,True,False,1,False,True,False,0,0.0,,,,,,,,,,,,,0.0020869948017866484,0.44368382973768167,0.4682579106646307,0.08805825911852982,,,,,,,,,,,,,,False,False,temporal_v1,False,0.00014133446343923419,0.19832985386221294,4.060056644374967,0.8339502669599912,68.8110872648578,1784.8014243838584,0.0009259658462993339,0.000977251825452561,0.00018377712903475346,0.0,0.0,0.09984030750862603,0.0931189055514266,0.012283502261828939,0.020150193757016543,0.22575484703017826,87.93906925646282,0.005931829254891003,1.1705310642275537,-0.0006943149978493325,2100.0,0.030699230161008534,True,0.00017376996402163059,0.09984030750862603,False,True,True,0.85,True,False,False,0,True,False,True,False,True,False,True,False,False,0,0,False,0,15,24,24,,,,False,False,False,
243,2026-08-18T21:55:31.444506,shadow,analysis_full,silero,webrtc,False,0.00029218709096312523,True,True,False,1,False,True,False,0,0.0,,,,,,,,,,,,,0.001560400867086145,0.4791875493095352,0.4142353749077456,0.10657707514185817,,,,,,,,,,,,,,False,False,temporal_v1,False,0.00012263933602284872,0.20668058455114824,4.043757411843326,0.8273139393771018,67.46838896537479,1798.3789369756569,0.0007477246674394836,0.0006463732381838006,0.00016630296046286073,0.0,0.0,0.11657276028942834,0.10433265629662425,0.017929445565641675,0.02251989404619925,0.23605163170748014,100.03363464754119,0.004065921278854046,1.4742596517236828,-0.0008823088489737647,2233.3333333333335,0.015086740931848575,True,0.00023909107403596863,0.11657276028942834,False,True,True,0.85,True,False,False,0,True,False,True,False,True,False,True,False,False,0,0,False,0,15,24,24,,,,False,False,False,
244,2026-08-18T21:55:31.452191,shadow,analysis_full,silero,webrtc,False,0.00017786567332223058,True,True,False,1,False,True,False,0,0.0,,,,,,,,,,,,,0.0010789269265017627,0.5590485913238176,0.3289784001163033,0.11197300763303222,,,,,,,,,,,,,,False,False,temporal_v1,False,0.00010406662710898378,0.19832985386221294,3.9037579028329317,0.8434493625449562,66.00373212143913,1767.2130338298077,0.0006031725784021465,0.00035494365412295023,0.00012081069297666587,0.0,0.0,0.11682382069988326,0.10331241976196565,0.021195874031598137,0.022648230064227268,0.23835806982403063,96.90493025858808,0.005051374507488059,1.2729575487939075,-0.0007589911269468602,2133.3333333333335,0.027251651658566915,True,0.00023909107403596863,0.11682382069988326,False,True,True,0.85,True,False,False,0,True,False,True,False,True,False,True,False,False,0,0,False,0,15,24,24,,,,False,False,False,
245,2026-08-18T21:55:31.460432,shadow,analysis_full,silero,webrtc,False,0.0001290423097088933,True,True,False,1,False,True,False,0,0.0,,,,,,,,,,,,,0.0007220298835717902,0.5550810148714347,0.3316600810781458,0.11325890266543528,,,,,,,,,,,,,,False,False,temporal_v1,False,8.6606892151729e-05,0.19624217118997914,3.9459383315582297,0.8286315200994278,64.13113283216401,1869.3884958994888,0.0004007850805405331,0.00023946848972626413,8.177631230499295e-05,0.0,0.0,0.11684178570413475,0.1026540982904869,0.02302750345864196,0.021856950839662184,0.24099301914884255,101.57575585117445,0.0042039946135056395,0.9411922658264156,-0.0005427358258265301,2233.3333333333335,0.04578872174131734,True,0.00023909107403596863,0.11684178570413475,False,True,True,0.85,True,False,False,0,True,False,True,False,True,False,True,False,False,0,0,False,0,15,24,24,,,,False,False,False,
246,2026-08-18T21:55:31.468599,shadow,analysis_full,silero,webrtc,False,0.00013595412019640207,True,True,False,1,False,True,False,0,0.0,,,,,,,,,,,,,0.0005679734867728984,0.5120918870320029,0.32261367658163276,0.16529443462571877,,,,,,,,,,,,,,False,False,temporal_v1,False,7.844662275196636e-05,0.19624217118997914,4.1575335540347975,0.8006890437299974,62.97385230066241,1891.1246894345795,0.0002908546146256799,0.0001832360147686941,9.38828563785244e-05,0.0,0.0,0.1184665592444275,0.10021347880681834,0.03427189057721253,0.022470488071972723,0.2640232580291273,113.287493040476,0.0047243081716800885,1.1103145857036758,-0.000658577822422471,2566.666666666667,0.044431088863083654,True,0.00023909107403596863,0.1184665592444275,False,True,True,0.85,True,False,False,0,True,False,True,False,True,False,True,False,False,0,0,False,0,15,24,24,,,,False,False,False,
247,2026-08-18T21:55:31.476513,shadow,analysis_full,silero,webrtc,False,0.00015127529331948608,True,True,False,1,False,True,False,0,0.0,,,,,,,,,,,,,0.00100949178586156,0.5733402870654658,0.3408511881475795,0.08580852379635724,,,,,,,,,,,,,,False,False,temporal_v1,False,0.00010396619209651585,0.18580375782881003,4.031733920410363,0.8612311986001399,66.08461344386893,1631.438049792005,0.0005787823102960966,0.0003440864746361346,8.662299992932884e-05,0.0,0.0,0.11485225959999057,0.09709906357802696,0.03409688085182453,0.02210283192214233,0.27216595828330503,104.20095919105611,0.003446390865286662,1.6782614903291886,-0.001020410912055119,2033.3333333333335,0.010210543050211374,True,0.00023909107403596863,0.11485225959999057,False,True,True,0.85,True,False,False,0,True,False,True,False,True,False,True,False,False,0,0,False,0,15,24,24,,,,False,False,False,
248,2026-08-18T21:55:31.485575,shadow,analysis_full,silero,webrtc,False,0.0001743818138493225,True,True,False,1,False,True,False,0,0.0,,,,,,,,,,,,,0.0017325816118177553,0.7592315967791364,0.19061943240764034,0.050148970236049854,,,,,,,,,,,,,,False,False,temporal_v1,False,0.00013136981662292214,0.11691022964509394,3.4805443207451368,0.914936756394761,68.54195423445115,1516.8472406526103,0.0013154307036905642,0.00033026372344461516,8.688718368257589e-05,0.0,0.0,0.09675225266861395,0.07611118534948932,0.03518057177167953,0.0280286463091807,0.24536394394379035,120.66492192806244,0.0054240493790243625,1.221204959904143,-0.0007177470874650744,1300.0,0.016179491778988288,True,0.0002350263821426779,0.09675225266861395,False,True,True,0.85,True,False,False,0,True,False,True,False,True,False,True,False,False,0,0,False,0,15,24,24,,,,False,False,False,
249,2026-08-18T21:55:31.494527,shadow,analysis_full,silero,webrtc,False,0.0001665285526541993,True,True,False,1,False,True,False,0,0.0,,,,,,,,,,,,,0.0017577366602710143,0.7891499034643085,0.1579666165681176,0.05288347939866049,,,,,,,,,,,,,,False,False,temporal_v1,False,0.00013246701890121186,0.16075156576200417,3.4623536337283305,0.9208818876678135,68.64669194177368,1485.4154923329363,0.0013871177157685469,0.0002776637130407549,9.295523046171248e-05,0.0,0.0,0.10730925325167455,0.08689484499324893,0.03480249896163131,0.027220051796253232,0.23723506113316256,132.8194564054635,0.005134028689863966,1.2324128065489208,-0.0007322309974421872,1200.0,0.015231770940129293,True,0.00017612374358577654,0.10730925325167455,False,True,True,0.85,True,False,False,0,True,False,True,False,True,False,True,False,False,0,0,False,0,15,24,24,,,,False,False,False,
250,2026-08-18T21:55:31.504236,shadow,analysis_full,silero,webrtc,False,0.00018106763309333473,True,True,False,1,False,True,False,0,0.0,,,,,,,,,,,,,0.0011425043428477625,0.7499702329682256,0.18499196571055038,0.06503780044595382,,,,,,,,,,,,,,False,False,temporal_v1,False,0.00010508560272253527,0.13778705636743216,3.471821435574099,0.9022728600741535,66.38920412125799,1604.0320995110633,0.000856844248172746,0.00021135412421624815,7.430596945876839e-05,0.0,0.0,0.1161341910311228,0.09543580640254422,0.03413121274936881,0.02849132372433441,0.25807343151291634,134.2093139081889,0.005966591754938842,1.3173795405830981,-0.00078950802390988,1466.6666666666667,0.015487061363446443,True,0.00017612374358577654,0.1161341910311228,False,True,True,0.85,True,False,False,0,True,False,True,False,True,False,True,False,False,0,0,False,0,15,24,24,,,,False,False,False,
251,2026-08-18T21:55:31.513966,shadow,analysis_full,silero,webrtc,False,0.00017111947818193585,True,True,False,1,False,True,False,0,0.0,,,,,,,,,,,,,0.00076885395404507,0.6240933535904835,0.29119210795599443,0.08471453715288511,,,,,,,,,,,,,,False,False,temporal_v1,False,9.081092301949937e-05,0.16075156576200417,3.9850800273432685,0.8744338441595043,64.83621870994519,1662.8406780410448,0.00047983664260129117,0.00022388420358868518,6.51331068550937e-05,0.0,0.0,0.11626101892022776,0.0952503973183957,0.032480052334926374,0.0287585392195784,0.2586919928609228,134.71379185594165,0.005409448138595553,1.3164202094406832,-0.000786638958132692,1866.6666666666667,0.021897522292711386,True,0.00017275064601562917,0.11626101892022776,False,True,True,0.85,True,False,False,0,True,False,True,False,True,False,True,False,False,0,0,False,0,15,24,24,,,,False,False,False,
252,2026-08-18T21:55:31.523059,shadow,analysis_full,silero,webrtc,False,0.00014897366054356098,True,True,False,1,False,True,False,0,0.0,,,,,,,,,,,,,0.0013486515259723043,0.7181373967006189,0.19230860135057493,0.0895540012073247,,,,,,,,,,,,,,False,False,temporal_v1,False,0.00011753674031036797,0.22129436325678498,3.8737407903187235,0.8845811736439727,67.36200890338992,1605.1560694872571,0.0009685170959180678,0.0002593572886690524,0.00012077714038518403,0.0,0.0,0.10709438343302669,0.08254054726730027,0.03246326625879117,0.03127415537329722,0.24975397975954242,134.33814505999544,0.002798306984325868,1.493651910277104,-0.0008976386650254582,1733.3333333333335,0.013779225006335128,True,0.00016882401541806757,0.10709438343302669,False,True,True,0.85,True,False,False,0,True,False,True,False,True,False,True,False,False,0,0,False,0,15,24,24,,,,False,False,False,
253,2026-08-18T21:55:31.532502,shadow,analysis_full,silero,webrtc,False,0.00013085349928587675,True,True,False,1,False,True,False,0,0.0,,,,,,,,,,,,,0.0005962668496843418,0.6644293662279085,0.1983789872305263,0.1371916448644637,,,,,,,,,,,,,,False,False,temporal_v1,False,8.17849003746658e-05,0.2150313152400835,3.740812055830529,0.845304765842722,63.638084630886745,1824.561259263468,0.0003961772050384788,0.00011828681375951618,8.180282988634678e-05,0.0,0.0,0.0943320679802423,0.07084362314838932,0.03498936300904522,0.03212658072637761,0.2408866943364184,136.7905347663878,0.003873529845310734,1.1582512040866204,-0.0006853785517005473,2400.0,0.02762162916094493,True,0.0001589019229868427,0.0943320679802423,False,True,True,0.85,True,False,False,0,True,False,True,False,True,False,True,False,False,0,0,False,0,15,24,24,,,,False,False,False,
254,2026-08-18T21:55:31.540775,shadow,analysis_full,silero,webrtc,False,0.00014449913578573614,True,True,False,1,False,True,False,0,0.0,,,,,,,,,,,,,0.0006992944708038725,0.6464486939080731,0.23654397297889318,0.11700733168302102,,,,,,,,,,,,,,False,False,temporal_v1,False,8.648024218892409e-05,0.19624217118997914,4.000910565109389,0.8553680537525719,64.2541934437289,1682.6857470050568,0.0004520579973083005,0.00016541389240612062,8.182258008945137e-05,0.0,0.0,0.08937674115184989,0.06633898912782561,0.035256708424651687,0.03200629293818255,0.24655294079470463,134.08352751624085,0.0033249745239643173,1.5665435669194434,-0.0009415290085564742,2233.3333333333335,0.01317860918992617,True,0.00015012447693152353,0.08937674115184989,False,True,True,0.85,True,False,False,0,True,False,True,False,True,False,True,False,False,0,0,False,0,15,24,24,,,,False,False,False,
255,2026-08-18T21:55:31.549888,shadow,analysis_full,silero,webrtc,False,0.00015628889377694577,True,True,False,1,False,True,False,0,0.0,,,,,,,,,,,,,0.002403395878806299,0.7257425707174326,0.20717273915704681,0.06708468970944252,,,,,,,,,,,,,,False,False,temporal_v1,False,0.00015374084156686852,0.19206680584551147,3.816425694226673,0.8996308929182792,69.9061312091605,1551.5139659833171,0.0017442467035365668,0.0004979181074910587,0.0001612310667786735,0.0,0.0,0.08399852924019637,0.06025636674002078,0.03572629626533425,0.03180137624105155,0.24270877581518477,121.9158637267745,0.002060518739898687,1.3922694997350487,-0.000824979196750166,1566.6666666666667,0.017117377874224834,True,0.00015378209354821593,0.08399852924019637,False,True,True,0.85,True,False,False,0,True,False,True,False,True,False,True,False,False,0,0,False,0,15,24,24,,,,False,False,False,
256,2026-08-18T21:55:31.557863,shadow,analysis_full,silero,webrtc,False,0.00015628889377694577,True,True,False,1,False,True,False,0,0.0,,,,,,,,,,,,,0.0015684026856000227,0.6895706599245347,0.22714186384608814,0.08328747559178575,,,,,,,,,,,,,,False,False,temporal_v1,False,0.00012435595186492725,0.20668058455114824,3.872015871767328,0.8856860783051056,67.89324735359784,1607.6625692374291,0.0010815244749366201,0.00035624990926839934,0.0001306283003950031,0.0,0.0,0.06374355608552168,0.05221108048226555,0.02590075613530459,0.032536385421913804,0.21435395237105587,90.4072820061979,0.0014666611291546238,1.4077607236014438,-0.0008437167868668145,1766.6666666666667,0.017186512818774483,True,0.00015628889377694577,0.06374355608552168,False,True,True,0.85,True,False,False,0,True,False,True,False,True,False,True,False,False,0,0,False,0,15,24,24,,,,False,False,False,
257,2026-08-18T21:55:31.567505,shadow,analysis_full,silero,webrtc,False,0.00015990552492439747,True,True,False,1,False,True,False,0,0.0,,,,,,,,,,,,,0.0024047943155552053,0.6942244739234532,0.25656735317933976,0.04920817248137099,,,,,,,,,,,,,,False,False,temporal_v1,False,0.0001520700670383112,0.16910229645093947,3.9050446273931803,0.9023859423595311,69.82024770025853,1498.1122005469183,0.0016694670686104231,0.0006169917124827209,0.00011833553346206104,0.0,0.0,0.049608101335900524,0.037067115090404675,0.027800057892416435,0.03258992346531795,0.20211419756780383,96.9228840085678,0.0016138101871436088,1.91055524041403,-0.0011616948846585008,1500.0,0.00522119453068787,True,0.00015809720935067162,0.049608101335900524,False,True,False,0.85,True,False,False,0,True,False,True,False,True,False,True,False,False,0,0,False,0,15,24,24,,,,False,False,False,
258,2026-08-18T21:55:31.577433,shadow,analysis_full,silero,webrtc,False,0.0001605649449629709,True,True,False,1,False,True,False,0,0.0,,,,,,,,,,,,,0.0013637072978455473,0.7388493095174973,0.1971402095256817,0.06401048022352597,,,,,,,,,,,,,,False,False,temporal_v1,False,0.00011629114779081786,0.17536534446764093,3.75741195921796,0.8973457235985067,67.32419973701815,1578.59231141583,0.0010075741953971546,0.0002688415424289724,8.729155901942045e-05,0.0,0.0,0.04776781026442294,0.03670054364240429,0.026616837900960217,0.025678496868475995,0.17951676153904567,93.07182047366295,0.002072452828758566,1.3906256784073083,-0.0008327807203567199,1566.6666666666667,0.01785199438286348,True,0.00015809720935067162,0.04776781026442294,False,True,False,0.85,True,False,False,0,True,False,True,False,True,False,True,False,False,0,0,False,0,15,24,24,,,,False,False,False,
259,2026-08-18T21:55:31.586655,shadow,analysis_full,silero,webrtc,False,0.00015246201655827463,True,True,False,1,False,True,False,0,0.0,,,,,,,,,,,,,0.005941002656136693,0.7302819173214097,0.2144272714529725,0.055290811057296045,,,,,,,,,,,,,,False,False,temporal_v1,False,0.0002354884636133018,0.12526096033402923,3.868799791633552,0.9074206905379538,73.75585319734499,1514.84533872145,0.004338606810535091,0.0012739129892502532,0.0003284828553513478,0.0,0.0,0.039898092923699204,0.03147183672641913,0.02637122400463234,0.0305658417840354,0.14344661210788148,89.48003520494645,0.0018836241209102438,1.6036059277446884,-0.0009558480521603982,1433.3333333333335,0.011029268876332382,True,0.00015628889377694577,0.039898092923699204,False,True,False,0.85,True,False,False,0,True,False,True,False,True,False,True,False,False,0,0,False,0,15,24,24,,,,False,False,False,
260,2026-08-18T21:55:31.595377,shadow,analysis_full,silero,webrtc,False,0.00015938931028358638,True,True,False,1,False,True,False,0,0.0,,,,,,,,,,,,,0.0010239071386215748,0.771230925352712,0.16598250451749932,0.06278656915313752,,,,,,,,,,,,,,False,False,temporal_v1,False,0.00010293868813149,0.13569937369519833,3.645950584899692,0.908899622806566,66.22345979160261,1516.4412781914932,0.0007896688499943647,0.00016995067126175537,6.428761636545466e-05,0.0,0.0,0.04304393937333714,0.034034181104353155,0.026517767085852132,0.0308588877665521,0.10420937160729302,94.09715965418523,0.0017034781692181688,1.4023819092732157,-0.0008450499297942315,1433.3333333333335,0.013894820424665246,True,0.00015628889377694577,0.04304393937333714,False,True,False,0.85,True,False,False,0,True,False,True,False,True,False,True,False,False,0,0,False,0,15,24,24,,,,False,False,False,
261,2026-08-18T21:55:31.602473,shadow,analysis_full,silero,webrtc,False,0.0001626273588044569,True,True,False,1,False,True,False,0,0.0,,,,,,,,,,,,,0.006911415155703425,0.7528297661615565,0.19430158015015866,0.05286865354359663,,,,,,,,,,,,,,False,False,temporal_v1,False,0.0002564731867713731,0.1544885177453027,3.851699022869119,0.9108468505562308,74.52610204755362,1500.2802321097042,0.005203119055513647,0.0013428988858269304,0.0003653972133628473,0.0,0.0,0.03717822076855316,0.024457834307932434,0.027764983216222682,0.0312985341660295,0.09363294564609641,96.5785326996692,0.0018687011309513866,1.4739111214243559,-0.0008811233865777642,1400.0,0.015529254185421162,True,0.00015628889377694577,0.03717822076855316,False,True,False,0.85,True,False,False,0,True,False,True,False,True,False,True,False,False,0,0,False,0,15,24,24,,,,False,False,False,
262,2026-08-18T21:55:31.608695,shadow,analysis_full,silero,webrtc,False,0.00016200501704588532,True,True,False,1,False,True,False,0,0.0,,,,,,,,,,,,,0.000826817224386447,0.7614839695499678,0.16196681526247517,0.07654921397809998,,,,,,,,,,,,,,False,False,temporal_v1,False,9.392441806852429e-05,0.1544885177453027,3.5909330476704757,0.8894696051999563,65.2417773550143,1695.0769564923855,0.0006296080621180781,0.00013391695263803214,6.329220863033683e-05,0.0,0.0,0.03992929033991181,0.02796980511775435,0.02748852894647019,0.028597442715937813,0.11694821632798502,101.8034268727369,0.0023548722549781593,1.0338174005812781,-0.0006199309548526145,1566.6666666666667,0.03744318206365106,True,0.00015783910203026608,0.03992929033991181,False,True,False,0.85,True,False,False,0,True,False,True,False,True,False,True,False,False,0,0,False,0,15,24,24,,,,False,False,False,
263,2026-08-18T21:55:31.614273,shadow,analysis_full,silero,webrtc,False,0.00014696072321385145,True,True,False,1,False,True,False,0,0.0,,,,,,,,,,,,,0.003249851872432851,0.7669193065494498,0.18187318511016753,0.05120750803267627,,,,,,,,,,,,,,False,False,temporal_v1,False,0.0001770925170512661,0.1544885177453027,3.788241335902792,0.913507143170661,71.24775679928504,1514.0361879343855,0.0024923741443946333,0.0005910609111756045,0.00016641681586261324,0.0,0.0,0.03810112922295275,0.02884204506955264,0.019437081247660304,0.02513989519631048,0.11519749539701668,70.05818576776824,0.002677554910367442,1.4064242895392656,-0.0008357692762152926,1333.3333333333335,0.01614903845570515,True,0.00015783910203026608,0.03810112922295275,False,True,False,0.85,True,False,False,0,True,False,True,False,True,False,True,False,False,0,0,False,0,15,24,24,,,,False,False,False,
264,2026-08-18T21:55:31.618813,shadow,analysis_full,silero,webrtc,False,0.00013461511116474867,True,True,False,1,False,True,False,0,0.0,,,,,,,,,,,,,0.002844694986932747,0.7236808192401001,0.22255981425872895,0.05375936614963955,,,,,,,,,,,,,,False,False,temporal_v1,False,0.00016519176174169538,0.16075156576200417,3.8387012276551777,0.9088056060667092,70.59972135176115,1522.1800349551047,0.002058651198631696,0.0006331147879144896,0.00015292899938656164,0.0,0.0,0.027066355320020562,0.02755568109479381,0.010817599512322957,0.02309697985125567,0.09714271185624729,58.979430631156696,0.0005706536304311218,1.4079899777043146,-0.0008406001257344865,1466.6666666666667,0.016643533585787164,True,0.00015783910203026608,0.027066355320020562,False,True,False,0.85,True,False,False,0,True,False,True,False,True,False,True,False,False,0,0,False,0,15,24,24,,,,False,False,False,
265,2026-08-18T21:55:31.627248,shadow,analysis_full,silero,webrtc,False,0.00013155974738765508,True,True,False,1,False,True,False,0,0.0,,,,,,,,,,,,,0.0026590590493794524,0.7068416003341215,0.23475906046341977,0.05839933882638591,,,,,,,,,,,,,,False,False,temporal_v1,False,0.00016056583038743616,0.1732776617954071,3.916031521305309,0.9017010313324282,70.30928582267174,1522.2519307406892,0.0018795335538462998,0.0006242382041490743,0.00015528729038407827,0.0,0.0,0.02831173519765369,0.029177153519284987,0.0106907222917374,0.021340365391316275,0.10385512658262826,59.54863661043701,0.0007986773730682639,1.6043609302601312,-0.0009697785078640222,1533.3333333333335,0.012264239542262925,True,0.00015783910203026608,0.02831173519765369,False,True,False,0.85,True,False,False,0,True,False,True,False,True,False,True,False,False,0,0,False,0,15,24,24,,,,False,False,False,
266,2026-08-18T21:55:31.635323,shadow,analysis_full,silero,webrtc,False,0.00013484765077009797,True,True,False,1,False,True,False,0,0.0,,,,,,,,,,,,,0.00270135732104354,0.7297289072634384,0.21227962093303698,0.0579914714333404,,,,,,,,,,,,,,False,False,temporal_v1,False,0.00016334173579476117,0.1732776617954071,3.861278421827549,0.9093179507629674,70.50059150272,1501.691833533156,0.001971258526013192,0.000573443108115807,0.0001566556859145414,0.0,0.0,0.024354421294841645,0.028414219735886374,0.007602160408089987,0.01582375328737971,0.1031944271727279,57.18326930630621,0.0005767273250798305,1.4618577796568337,-0.0008669605693871074,1466.6666666666667,0.01448516194265366,True,0.0001559256634209305,0.024354421294841645,False,True,False,0.85,True,False,False,0,True,False,True,False,True,False,True,False,False,0,0,False,0,15,24,24,,,,False,False,False,
267,2026-08-18T21:55:31.645129,shadow,analysis_full,silero,webrtc,False,0.00013461755588650703,True,True,False,1,False,True,False,0,0.0,,,,,,,,,,,,,0.0015311619681252601,0.7408235008482204,0.18285060663788785,0.07632589186079294,,,,,,,,,,,,,,False,False,temporal_v1,False,0.00012197644722584559,0.162839248434238,3.8239533492980207,0.8926918629417109,67.747808113664,1599.1340563776628,0.0011343207695922064,0.0002799738947325661,0.00011686730280048749,0.0,0.0,0.01960235819680664,0.02289457947905106,0.008670052526721539,0.015477037989854399,0.09785879133488189,58.445069927406685,0.0009407495724530647,1.3787608944584104,-0.0008210347848150609,1533.3333333333335,0.01762746457825847,True,0.00014971136988606304,0.01960235819680664,False,True,False,0.85,True,False,False,0,True,False,True,False,True,False,True,False,False,0,0,False,0,15,24,24,,,,False,False,False,
268,2026-08-18T21:55:31.654804,shadow,analysis_full,silero,webrtc,False,0.0001406412193318829,True,True,False,1,False,True,False,0,0.0,,,,,,,,,,,,,0.003059563823255559,0.7186438316472081,0.2238325807426466,0.05752358728330141,,,,,,,,,,,,,,False,False,temporal_v1,False,0.0001732843292894788,0.1524008350730689,3.931863339472118,0.9073886375902295,71.0233806584005,1500.0839111363387,0.0021987366691135564,0.0006848300665061305,0.00017599708663587252,0.0,0.0,0.020852030834948177,0.02429045728683005,0.008657140434713082,0.014234566959274143,0.10501573104585611,58.871949755541756,0.0012539722701926327,1.630382119834668,-0.0009862928663399858,1466.6666666666667,0.011534459220134947,True,0.00014380097127286717,0.020852030834948177,False,True,False,0.85,True,False,False,0,True,False,True,False,True,False,True,False,False,0,0,False,0,15,24,24,,,,False,False,False,
269,2026-08-18T21:55:31.664085,shadow,analysis_full,silero,webrtc,False,0.00013593805488198996,True,True,False,1,False,True,False,0,0.0,,,,,,,,,,,,,0.002655741189857371,0.7776279131037093,0.17398397180190464,0.04838811471784333,,,,,,,,,,,,,,False,False,temporal_v1,False,0.00015948425716900204,0.12943632567849686,3.6491214016973506,0.9171557686166574,70.32186236953845,1495.4095500046544,0.002065178479212349,0.0004620564002893015,0.0001285063093557202,0.0,0.0,0.02328516484983856,0.02482658026968284,0.009279473517601701,0.013401882125848884,0.11342329382135288,59.9353863051937,0.0011340977306945525,1.6852024376827126,-0.0010170832253786125,1300.0,0.008598685027148547,True,0.00013828963710693642,0.02328516484983856,False,True,False,0.85,True,False,False,0,True,False,True,False,True,False,True,False,False,0,0,False,0,15,24,24,,,,False,False,False,
270,2026-08-18T21:55:31.672413,shadow,analysis_full,silero,webrtc,False,0.00012076888378942385,True,True,False,1,False,True,False,0,0.0,,,,,,,,,,,,,0.002138475617346497,0.7427983804187221,0.20323415867080524,0.053967460442849814,,,,,,,,,,,,,,False,False,temporal_v1,False,0.00014454375462346201,0.1524008350730689,3.780809592215597,0.9122792283843681,69.40560054979474,1537.7542774987778,0.0015884562251299052,0.0004346112929294462,0.00011540809828714592,0.0,0.0,0.02157975064247683,0.022842731044562643,0.009351612864177405,0.011826312349284801,0.10306504238624033,59.556310707801224,0.0009523666803231432,1.165083398477041,-0.0006938387775196575,1433.3333333333335,0.02951875646777529,True,0.00013539285282604396,0.02157975064247683,False,True,False,0.85,True,False,False,0,True,False,True,False,True,False,True,False,False,0,0,False,0,15,24,24,,,,False,False,False,
271,2026-08-18T21:55:31.682552,shadow,analysis_full,silero,webrtc,False,0.00012422606232576072,True,True,False,1,False,True,False,0,0.0,,,,,,,,,,,,,0.002923761666316934,0.7242878523491926,0.22174643769069763,0.053965709618084653,,,,,,,,,,,,,,False,False,temporal_v1,False,0.00016826505933351379,0.13569937369519833,3.922400765128548,0.9076302321279233,70.76017370814017,1503.4843443850561,0.0021176450580775888,0.0006483337341623983,0.00015778287307694698,0.0,0.0,0.021862513021991152,0.023725297276663598,0.009288807445196065,0.013426250681263907,0.10843056893579692,59.35655193209618,0.0013369488129600898,1.425208498598006,-0.0008540613122642902,1433.3333333333335,0.017605652860853388,True,0.0001347326033283025,0.021862513021991152,False,True,False,0.85,True,False,False,0,True,False,True,False,True,False,True,False,False,0,0,False,0,15,24,24,,,,False,False,False,
272,2026-08-18T21:55:31.690618,shadow,analysis_full,silero,webrtc,False,0.00012422606232576072,True,True,False,1,False,True,False,0,0.0,,,,,,,,,,,,,0.002092561413687239,0.7396070232750248,0.20535523392327426,0.055037742323817564,,,,,,,,,,,,,,False,False,temporal_v1,False,0.00014337260184576917,0.1524008350730689,3.8024293345766975,0.9117087338362033,69.32863858729631,1492.447573428013,0.0015476731181973968,0.00042971843860656046,0.00011516985588328168,0.0,0.0,0.020589034044200715,0.019639686238823083,0.007183308489169068,0.013447334375939807,0.08063794045973458,29.96322973962672,0.0010961866175158972,1.678626238666577,-0.0010153820109742207,1400.0,0.009147625116660545,True,0.00013461633352562785,0.020589034044200715,False,True,False,0.85,True,False,False,0,True,False,True,False,True,False,True,False,False,0,0,False,0,15,24,24,,,,False,False,False,
273,2026-08-18T21:55:31.699180,shadow,analysis_full,silero,webrtc,False,0.00013589501031674445,True,True,False,1,False,True,False,0,0.0,,,,,,,,,,,,,0.003101130903014794,0.7548239598126026,0.18902002017665023,0.05615601968828419,,,,,,,,,,,,,,False,False,temporal_v1,False,0.0001730277227942371,0.13778705636743216,3.8062783369583895,0.9085973231134586,71.01588008096621,1535.2715314069915,0.002340807908110859,0.0005861758258582899,0.0001741471680456453,0.0,0.0,0.01910314722922514,0.01885402963963226,0.0069577885883386715,0.014374722325763683,0.07984840233685968,30.297628600498,0.0014077289305892923,1.3165999614765387,-0.0007808623581318552,1433.3333333333335,0.021035308062362694,True,0.00013461633352562785,0.01910314722922514,False,True,False,0.85,True,False,False,0,True,False,True,False,True,False,True,False,False,0,0,False,0,15,24,24,,,,False,False,False,
274,2026-08-18T21:55:31.708848,shadow,analysis_full,silero,webrtc,False,0.0001373018603771925,True,True,False,1,False,True,False,0,0.0,,,,,,,,,,,,,0.002901929186739138,0.7599165282251742,0.1888194793424236,0.05126399208780382,,,,,,,,,,,,,,False,False,temporal_v1,False,0.00016614856366281078,0.12526096033402923,3.785394569061586,0.9110713004949855,70.662594621573,1498.4605946169268,0.0022052239527421092,0.0005479407581286668,0.00014876447486836215,0.0,0.0,0.019865729473534894,0.018779703726402305,0.0071178758069685285,0.0162839248434238,0.0810788848972192,31.029749999703526,0.0013278746773673488,1.6794962441084944,-0.0010106010644204489,1400.0,0.008815037696952105,True,0.0001347326033283025,0.019865729473534894,False,True,False,0.85,True,False,False,0,True,False,True,False,True,False,True,False,False,0,0,False,0,15,24,24,,,,False,False,False,
275,2026-08-18T21:55:31.717956,shadow,analysis_full,silero,webrtc,False,0.0001269082713406533,True,True,False,1,False,True,False,0,0.0,,,,,,,,,,,,,0.0011851758497145016,0.7059918332052146,0.2307791609451741,0.06322900500585463,,,,,,,,,,,,,,False,False,temporal_v1,False,0.00011058039888966369,0.18789144050104384,3.8183255672142296,0.8996309567690366,66.86112081891092,1553.476884740852,0.000836724470810489,0.00027351388816959643,7.493748973441623e-05,0.0,0.0,0.020006606278560705,0.01814638783678528,0.007362734615013159,0.01881348458188864,0.07557689497378554,32.76290508283721,0.0020751770255230248,1.3969697857954297,-0.0008292968164224931,1566.6666666666667,0.016316536809185978,True,0.0001347326033283025,0.020006606278560705,False,True,False,0.85,True,False,False,0,True,False,True,False,True,False,True,False,False,0,0,False,0,15,24,24,,,,False,False,False,
276,2026-08-18T21:55:31.727779,shadow,analysis_full,silero,webrtc,False,0.0001310987863689661,True,True,False,1,False,True,False,0,0.0,,,,,,,,,,,,,0.002570207375983819,0.7012662152054292,0.24186662826012228,0.05686715614537494,,,,,,,,,,,,,,False,False,temporal_v1,False,0.00016017244142127232,0.1419624217118998,3.911704604267912,0.9037822809652379,70.29711450275967,1515.0323650335893,0.0018023995988492502,0.0006216473919585027,0.00014616038417606623,0.0,0.0,0.022986316735042433,0.021490992670472234,0.007361197797739264,0.017386774792197926,0.07984561149848171,32.186706395735584,0.0014444805539713566,1.8496908276279913,-0.0011222682013074124,1533.3333333333335,0.006672745642554622,True,0.00013285817112773657,0.022986316735042433,False,True,False,0.85,True,False,False,0,True,False,True,False,True,False,True,False,False,0,0,False,0,15,24,24,,,,False,False,False,
277,2026-08-18T21:55:31.736410,shadow,analysis_full,silero,webrtc,False,0.00014809567073825747,True,True,False,1,False,True,False,0,0.0,,,,,,,,,,,,,0.005239899512453219,0.7331508776283572,0.20936713646667304,0.05748198571412629,,,,,,,,,,,,,,False,False,temporal_v1,False,0.0002224385924505596,0.15031315240083507,3.8980789281078043,0.9075131088715443,73.25146339224895,1515.844964816043,0.003841636926239478,0.0010970627562954466,0.00030119982891829326,0.0,0.0,0.02295986138057199,0.02003962430921817,0.0037864757232615237,0.016696241355433992,0.08294930932280047,19.824681491086366,0.0005029894477107039,1.4822074463807362,-0.0008777004578337765,1433.3333333333335,0.014647207062136233,True,0.00013349689834285527,0.02295986138057199,False,True,False,0.85,True,False,False,0,True,False,True,False,True,False,True,False,False,0,0,False,0,15,24,24,,,,False,False,False,
278,2026-08-18T21:55:31.745299,shadow,analysis_full,silero,webrtc,False,0.00014115968951955438,True,True,False,1,False,True,False,0,0.0,,,,,,,,,,,,,0.004940254057805618,0.7194654241399142,0.22130789786454944,0.059226677793117556,,,,,,,,,,,,,,False,False,temporal_v1,False,0.00021690430754656577,0.15657620041753653,3.917469641259536,0.9045364304019062,73.01373847539129,1547.7371043806622,0.003554341981058051,0.0010933172404497715,0.0002925948352977949,0.0,0.0,0.022899673142270413,0.019863784823476456,0.0039148228969864765,0.016888307654410593,0.08128862281967048,21.397154880616533,0.00040238880561393396,1.3184281374942328,-0.000781235355930274,1533.3333333333335,0.02215432100782467,True,0.00013349689834285527,0.022899673142270413,False,True,False,0.85,True,False,False,0,True,False,True,False,True,False,True,False,False,0,0,False,0,15,24,24,,,,False,False,False,
279,2026-08-18T21:55:31.755493,shadow,analysis_full,silero,webrtc,False,0.0001318409340456128,True,True,False,1,False,True,False,0,0.0,,,,,,,,,,,,,0.003665935765316569,0.7408187889229811,0.20088692174761544,0.058294289056621755,,,,,,,,,,,,,,False,False,temporal_v1,False,0.00019009842361339326,0.13778705636743216,3.794741761052673,0.9128653711604653,71.87914025136264,1482.8708455377691,0.0027157940939312626,0.0007364385512189344,0.00021370311916637198,0.0,0.0,0.01841456974199839,0.01654491464144422,0.003154639795796691,0.01619266758218398,0.0571984009419278,23.07336773156356,0.0005929045524631816,2.02993782708604,-0.0012346756529963772,1366.6666666666667,0.004013968605496887,True,0.00013146986020728946,0.01841456974199839,False,True,False,0.85,True,False,False,0,True,False,True,False,True,False,True,False,False,0,0,False,0,15,24,24,,,,False,False,False,
280,2026-08-18T21:55:31.764556,shadow,analysis_full,silero,webrtc,False,0.00013038294855505228,True,True,False,1,False,True,False,0,0.0,,,,,,,,,,,,,0.0008838175264181121,0.7020029593098043,0.22498173487394552,0.07301530468479497,,,,,,,,,,,,,,False,False,temporal_v1,False,9.561145370120306e-05,0.17536534446764093,3.810054436740683,0.8880299461332715,65.40885269167752,1613.4776727306971,0.0006204425190353858,0.00019884280040554603,6.453220597718028e-05,0.0,0.0,0.02006267180363194,0.0167775495677287,0.005724597667802415,0.01818681977016466,0.054593188370398865,36.66074541344444,0.0013008542756275275,1.5418120421391144,-0.0009232862774027058,1766.6666666666667,0.011511363803366979,True,0.00013146986020728946,0.02006267180363194,False,True,False,0.85,True,False,False,0,True,False,True,False,True,False,True,False,False,0,0,False,0,15,24,24,,,,False,False,False,
281,2026-08-18T21:55:31.774278,shadow,analysis_full,silero,webrtc,False,0.00012424573651514947,True,True,False,1,False,True,False,0,0.0,,,,,,,,,,,,,0.00029203156295904277,0.42864519993679134,0.3485111426330284,0.22284365400589298,,,,,,,,,,,,,,False,False,temporal_v1,False,6.0982840197811105e-05,0.24008350730688935,4.227438707002742,0.7685095033561001,60.01847616609464,1926.131074971954,0.00012517792769243255,0.00010177625369176517,6.507738057484508e-05,0.0,0.0,0.09217531875885836,0.04403405284557418,0.04947688278464751,0.03179109573424493,0.12638755914052563,124.63357363018639,0.00471039167177274,1.0558031995480868,-0.000626373031935342,2800.0,0.04876091615773787,True,0.00013146986020728946,0.09217531875885836,False,True,True,0.85,True,False,False,0,True,False,True,False,True,False,True,False,False,0,0,False,0,15,24,24,,,,False,False,False,
282,2026-08-18T21:55:31.784355,shadow,analysis_full,silero,webrtc,False,0.00010553317406447604,True,True,False,1,False,True,False,0,0.0,,,,,,,,,,,,,0.00030729812842928913,0.518003894041726,0.2923940236706736,0.18960207903343146,,,,,,,,,,,,,,False,False,temporal_v1,False,6.278645799996614e-05,0.21711899791231734,4.000592595215275,0.7847642945555416,60.45200352451808,1940.211964248716,0.00015918162715810618,8.985213623790726e-05,5.826436403327565e-05,0.0,0.0,0.10534309876456893,0.04753817084851674,0.05942396682407832,0.03580847458538161,0.12862725102625985,163.72304038336495,0.005401511589119409,1.28737516122896,-0.0007678497321546529,2633.3333333333335,0.023888707453689692,True,0.00013146986020728946,0.10534309876456893,False,True,True,0.85,True,False,False,0,True,False,True,False,True,False,True,False,False,0,0,False,0,15,24,24,,,,False,False,False,
283,2026-08-18T21:55:31.794190,shadow,analysis_full,silero,webrtc,False,0.00011026849824702367,True,True,False,1,False,True,False,0,0.0,,,,,,,,,,,,,0.0009315818266585927,0.6406221378757568,0.268864217741366,0.09051364330943427,,,,,,,,,,,,,,False,False,temporal_v1,False,9.900529466383012e-05,0.18162839248434237,3.922251220106882,0.8778327072486306,65.69750909475225,1647.2022038917994,0.0005967919414002304,0.00025046901908663534,8.432086517172709e-05,0.0,0.0,0.10237146764481626,0.045855079628891945,0.05842215087854873,0.03462596520228086,0.125103994459252,161.85203466586313,0.0034505051174328013,1.2265678701601597,-0.0007273708313635051,1833.3333333333335,0.0259741669944806,True,0.0001307408674620092,0.10237146764481626,False,True,True,0.85,True,False,False,0,True,False,True,False,True,False,True,False,False,0,0,False,0,15,24,24,,,,False,False,False,
284,2026-08-18T21:55:31.803002,shadow,analysis_full,silero,webrtc,False,0.00011902142432518303,True,True,False,1,False,True,False,0,0.0,,,,,,,,,,,,,0.0006387078913405827,0.6950797504726641,0.22650134658876633,0.07841890137290854,,,,,,,,,,,,,,False,False,temporal_v1,False,8.450494270110719e-05,0.1649269311064718,3.8376854111286973,0.8959651982676351,64.22271669266097,1603.2397260954922,0.0004439529217379337,0.00014466819746551343,5.008677113713553e-05,0.0,0.0,0.0981187704328493,0.04270633553019694,0.057070189805477956,0.031217662868507298,0.12086580063998793,156.6921988475741,0.0017458539569654527,1.2258908562327284,-0.0007347944913177765,1566.6666666666667,0.025702596788250875,True,0.0001286456099478528,0.0981187704328493,False,True,True,0.85,True,False,False,0,True,False,True,False,True,False,True,False,False,0,0,False,0,15,24,24,,,,False,False,False,
285,2026-08-18T21:55:31.812263,shadow,analysis_full,silero,webrtc,False,0.00013136895722709596,True,True,False,1,False,True,False,0,0.0,,,,,,,,,,,,,0.0009023984253077721,0.7142869163298959,0.22726156819132837,0.058451514370617595,,,,,,,,,,,,,,False,False,temporal_v1,False,9.751346750396292e-05,0.1732776617954071,3.760141399626384,0.9031918420401587,65.67394327041191,1539.3078526255892,0.0006445713885140425,0.0002050804812688296,5.274655452489993e-05,0.0,0.0,0.09855083864524747,0.04284900213890397,0.057353024465701286,0.030937879426382757,0.12658849316039045,157.48073292411937,0.002019769078855327,1.4754339328517148,-0.0008864844339560967,1533.3333333333335,0.01323425284457008,True,0.0001307408674620092,0.09855083864524747,False,True,True,0.85,True,False,False,0,True,False,True,False,True,False,True,False,False,0,0,False,0,15,24,24,,,,False,False,False,
286,2026-08-18T21:55:31.821361,shadow,analysis_full,silero,webrtc,False,0.00012963812332600355,True,True,False,1,False,True,False,0,0.0,,,,,,,,,,,,,0.0027260852437280625,0.7325142131933192,0.2133090164697181,0.05417676997013633,,,,,,,,,,,,,,False,False,temporal_v1,False,0.00016250437294857944,0.11899791231732777,3.840502054228202,0.9111060750613621,70.46271284033709,1494.753446979749,0.0019968961874073797,0.0005814985621522447,0.0001476904931684383,0.0,0.0,0.10031054463350143,0.043979003026985056,0.05753481471063094,0.033931105893795485,0.12817331793971007,159.11025029396475,0.001543293257493623,1.6040502266563705,-0.0009636273141492321,1433.3333333333335,0.01067245485351498,True,0.00013001053594052792,0.10031054463350143,False,True,True,0.85,True,False,False,0,True,False,True,False,True,False,True,False,False,0,0,False,0,15,24,24,,,,False,False,False,
287,2026-08-18T21:55:31.831477,shadow,analysis_full,silero,webrtc,False,0.0001643991272430867,True,True,False,1,False,True,False,0,0.0,,,,,,,,,,,,,0.0031732571725100176,0.7093938515063319,0.22996729401860197,0.06063885415993242,,,,,,,,,,,,,,False,False,temporal_v1,False,0.00017603268140043644,0.13569937369519833,3.9248995189327527,0.9038012012359923,71.14755591149118,1553.0394992476413,0.0022510891274269743,0.0007297453651872488,0.00019242267889579446,0.0,0.0,0.09887929687755675,0.04280633832354984,0.05734080111296718,0.03511094981858994,0.12836678447422162,156.79086476410012,0.0008338440280633162,1.2551586725204997,-0.0007422757842262702,1566.6666666666667,0.025296518662822596,True,0.00013001053594052792,0.09887929687755675,False,True,True,0.85,True,False,False,0,True,False,True,False,True,False,True,False,False,0,0,False,0,15,24,24,,,,False,False,False,
288,2026-08-18T21:55:31.839037,shadow,analysis_full,silero,webrtc,False,0.0001643991272430867,True,True,False,1,False,True,False,0,0.0,,,,,,,,,,,,,0.0027421185824432013,0.719488743373204,0.22451018866484687,0.056001067597267605,,,,,,,,,,,,,,False,False,temporal_v1,False,0.000163176663842935,0.16075156576200417,3.8697479944354125,0.9071927683680358,70.48130220449684,1517.1718112095289,0.0019729234530623703,0.0006156335602857056,0.00015356156809512533,0.0,0.0,0.09888069755517864,0.04263656280042292,0.057547121573603366,0.034971644781709416,0.1286483729087083,158.74400685831128,0.0007393330420638525,1.4686577595891348,-0.0008780220053619848,1533.3333333333335,0.01507813449221364,True,0.00013001053594052792,0.09888069755517864,False,True,True,0.85,True,False,False,0,True,False,True,False,True,False,True,False,False,0,0,False,0,15,24,24,,,,False,False,False,
289,2026-08-18T21:55:31.849821,shadow,analysis_full,silero,webrtc,False,0.00014281836047302932,True,True,False,1,False,True,False,0,0.0,,,,,,,,,,,,,0.000602264287871107,0.6954535794842797,0.24318005079541655,0.061366368059903045,,,,,,,,,,,,,,False,False,temporal_v1,False,8.11118165233091e-05,0.15866388308977036,3.800556191231805,0.8918215425659448,63.785891035173805,1603.043830596408,0.000418846854795512,0.00014645866011676117,3.695877195883375e-05,0.0,0.0,0.09607349976672322,0.03999555794222812,0.057362550973435136,0.03354679350524112,0.1281890488910701,151.39806502619987,0.001719680726352167,1.2518710393224204,-0.0007464928633714312,1700.0000000000002,0.02197467935050796,True,0.00013001053594052792,0.09607349976672322,False,True,True,0.85,True,False,False,0,True,False,True,False,True,False,True,False,False,0,0,False,0,15,24,24,,,,False,False,False,
290,2026-08-18T21:55:31.859737,shadow,analysis_full,silero,webrtc,False,0.00015396207163576037,True,True,False,1,False,True,False,0,0.0,,,,,,,,,,,,,0.005623821355977119,0.7183430499241495,0.22932173987975185,0.052335210018283444,,,,,,,,,,,,,,False,False,temporal_v1,False,0.00023408612526716626,0.13569937369519833,3.9287034486105874,0.9103837517815734,73.71707402941941,1486.052000911438,0.0040398329850811696,0.0012896644981255782,0.00029432387177037007,0.0,0.0,0.0969843245159044,0.039745050877251546,0.05846216703797085,0.03529110080854354,0.12481815662792348,158.60147266081006,0.0013734974374824932,1.7693239663309168,-0.0010794793394055418,1466.6666666666667,0.008921195273523872,True,0.00013050354027654976,0.0969843245159044,False,True,True,0.85,True,False,False,0,True,False,True,False,True,False,True,False,False,0,0,False,0,15,24,24,,,,False,False,False,
291,2026-08-18T21:55:31.870886,shadow,analysis_full,silero,webrtc,False,0.00013510609278455377,True,True,False,1,False,True,False,0,0.0,,,,,,,,,,,,,0.0009800634071838036,0.71233766196766,0.21429578462883023,0.07336655238316753,,,,,,,,,,,,,,False,False,temporal_v1,False,9.974898641662798e-05,0.17118997912317327,3.8369296030258697,0.8958491771839486,65.85792617373275,1547.3694644895902,0.0006981360760533695,0.00021002345682845792,7.190387330197618e-05,0.0,0.0,0.060682687469592315,0.02380801664801762,0.03911654390575744,0.02624591612914973,0.06789378265323347,125.340165877745,0.0009108647294033981,1.6036842370272684,-0.0009668804478366338,1600.0,0.010371381877411878,True,0.00013323752500582486,0.060682687469592315,False,True,True,0.85,True,False,False,0,True,False,True,False,True,False,True,False,False,0,0,False,0,15,24,24,,,,False,False,False,
292,2026-08-18T21:55:31.878927,shadow,analysis_full,silero,webrtc,False,0.00012121560575906187,True,True,False,1,False,True,False,0,0.0,,,,,,,,,,,,,0.0023457876158553457,0.698719795911835,0.24138852664080163,0.05989167702106726,,,,,,,,,,,,,,False,False,temporal_v1,False,0.00015154224807416828,0.13569937369519833,3.892858420827648,0.9010872742593469,69.78242691396841,1543.0015019293248,0.001639048244202957,0.0005662462164035606,0.00014049315424882777,0.0,0.0,0.02378854267817471,0.015345340402406753,0.011655001449520922,0.019610886957523804,0.05373760989208097,48.35103505063968,0.000958467695041655,1.729360278583963,-0.001044856147342136,1566.6666666666667,0.00888871150046997,True,0.00013323752500582486,0.02378854267817471,False,True,False,0.85,True,False,False,0,True,False,True,False,True,False,True,False,False,0,0,False,0,15,24,24,,,,False,False,False,
293,2026-08-18T21:55:31.884487,shadow,analysis_full,silero,webrtc,False,0.00012176368909422308,True,True,False,1,False,True,False,0,0.0,,,,,,,,,,,,,0.001338694025739178,0.7495637480021771,0.19528552406001728,0.05515072719080896,,,,,,,,,,,,,,False,False,temporal_v1,False,0.00011647356734415139,0.1544885177453027,3.7399262510903517,0.9062538562671574,67.38191239795974,1522.949835220311,0.0010034365113611812,0.00026142756437248966,7.38299490055072e-05,0.0,0.0,0.016165866932663565,0.013348365232937857,0.008032258896148637,0.017292516400733877,0.06051124346339582,37.37275238380148,0.0011001250014136604,1.6196834496776318,-0.0009665459853525742,1466.6666666666667,0.00947395517540572,True,0.00013323752500582486,0.016165866932663565,False,True,False,0.85,True,False,False,0,True,False,True,False,True,False,True,False,False,0,0,False,0,15,24,24,,,,False,False,False,
294,2026-08-18T21:55:31.890353,shadow,analysis_full,silero,webrtc,False,0.0001229361951118335,True,True,False,1,False,True,False,0,0.0,,,,,,,,,,,,,0.003051860936842626,0.7387570295587056,0.21302404824334265,0.04821892187028286,,,,,,,,,,,,,,False,False,temporal_v1,False,0.000172420233710394,0.14613778705636743,3.802025757832302,0.9122726339699121,71.00179043668248,1489.0158087568977,0.0022545837203281067,0.0006501197714419365,0.00014715744407258282,0.0,0.0,0.016224227656124975,0.013752721838629538,0.006424045034480908,0.016680571486795973,0.061768517700614554,33.896114573951316,0.0007407935351874084,1.7739579771013938,-0.0010631393386915076,1433.3333333333335,0.006839656836470679,True,0.00013323752500582486,0.016224227656124975,False,True,False,0.85,True,False,False,0,True,False,True,False,True,False,True,False,False,0,0,False,0,15,24,24,,,,False,False,False,
295,2026-08-18T21:55:31.895925,shadow,analysis_full,silero,webrtc,False,0.00011250787792960182,True,True,False,1,False,True,False,0,0.0,,,,,,,,,,,,,0.0020408120464202825,0.7316137514299951,0.20454795719359384,0.06383829088640998,,,,,,,,,,,,,,False,False,temporal_v1,False,0.00014342698898751717,0.1732776617954071,3.844915199304448,0.9069702610640248,69.30952889070824,1537.6974570250234,0.0014930861572450681,0.00041744393511134657,0.00013028195306386762,0.0,0.0,0.016562254325843902,0.014727907104320563,0.0066640606649520885,0.016680571486795973,0.055807250890632897,33.8532685361017,0.0006574000386944071,1.2282735425444957,-0.0007273415937611925,1466.6666666666667,0.024402045021947916,True,0.00013237210805527866,0.016562254325843902,False,True,False,0.85,True,False,False,0,True,False,True,False,True,False,True,False,False,0,0,False,0,15,24,24,,,,False,False,False,
296,2026-08-18T21:55:31.900461,shadow,analysis_full,silero,webrtc,False,0.00011080224794568494,True,True,False,1,False,True,False,0,0.0,,,,,,,,,,,,,0.001587818296105916,0.7093640583697168,0.23623492553337438,0.05440101546711372,,,,,,,,,,,,,,False,False,temporal_v1,False,0.00012581780047739812,0.16910229645093947,3.9298179747203883,0.9042267648027832,68.09161806027252,1536.5917561244366,0.0011263412304793813,0.00037509813694111045,8.637892768542409e-05,0.0,0.0,0.016354345433238007,0.015148823513260995,0.006649842637663195,0.01424527942315823,0.060799429826123165,31.83698974789214,0.0011114880740858693,1.2038440410418656,-0.0007135791611307074,1566.6666666666667,0.02734630617202935,True,0.00012902114394819364,0.016354345433238007,False,True,False,0.85,True,False,False,0,True,False,True,False,True,False,True,False,False,0,0,False,0,15,24,24,,,,False,False,False,
297,2026-08-18T21:55:31.906209,shadow,analysis_full,silero,webrtc,False,0.00012022620649076998,True,True,False,1,False,True,False,0,0.0,,,,,,,,,,,,,0.0013264968433378658,0.7182480213243975,0.22288084109387746,0.05887113682785976,,,,,,,,,,,,,,False,False,temporal_v1,False,0.00011482410695564814,0.1336116910229645,3.771011227971757,0.9003995799806429,67.2198079589311,1583.560430553133,0.0009527537330204813,0.00029565073215151693,7.809237716586755e-05,0.0,0.0,0.01608548189359991,0.014979341067723945,0.0066145930572016525,0.014525531345969903,0.06114979713488751,34.87312162448759,0.0021505675644287133,1.2793713410979408,-0.0007622212376822586,1600.0,0.02265028955291393,True,0.0001223499421030283,0.01608548189359991,False,True,False,0.85,True,False,False,0,True,False,True,False,True,False,True,False,False,0,0,False,0,15,24,24,,,,False,False,False,
298,2026-08-18T21:55:31.911938,shadow,analysis_full,silero,webrtc,False,0.00012563486234284937,True,True,False,1,False,True,False,0,0.0,,,,,,,,,,,,,0.0005368316473486315,0.660225075758745,0.251710245573204,0.08806467680526968,,,,,,,,,,,,,,False,False,temporal_v1,False,7.763233697684826e-05,0.17118997912317327,3.945492261252894,0.8782495705072763,63.26660025859341,1619.713991340792,0.00035442971504044213,0.00013512602578559169,4.727590552259774e-05,0.0,0.0,0.023901583458296734,0.01738049860779985,0.011011557582517593,0.015335588870318965,0.06842009615341021,41.98931836891322,0.0026122704610243943,1.6712067030424351,-0.0010135448019841112,1833.3333333333335,0.009890719344279052,True,0.0001223499421030283,0.023901583458296734,False,True,False,0.85,True,False,False,0,True,False,True,False,True,False,True,False,False,0,0,False,0,15,24,24,,,,False,False,False,
299,2026-08-18T21:55:31.918502,shadow,analysis_full,silero,webrtc,False,0.00014335592277348042,True,True,False,1,False,True,False,0,0.0,,,,,,,,,,,,,0.0006308494840009695,0.6761683727240901,0.24164809987174082,0.08218352581900494,,,,,,,,,,,,,,False,False,temporal_v1,False,8.240138679360912e-05,0.14822546972860126,3.7634972054168596,0.886505604426687,63.921116329371756,1626.849382516214,0.00042656046903076744,0.00015244357911390244,5.184543485629962e-05,0.0,0.0,0.025950885540166065,0.017227305227662644,0.012628927948081346,0.01539940175858875,0.07187228900964218,45.62252828308763,0.00304370912691795,1.4284693673006161,-0.0008534915784459179,1900.0000000000002,0.015602257108698624,True,0.0001223499421030283,0.025950885540166065,False,True,False,0.85,True,False,False,0,True,False,True,False,True,False,True,False,False,0,0,False,0,15,24,24,,,,False,False,False,
300,2026-08-18T21:55:31.925524,shadow,analysis_full,silero,webrtc,False,0.00011112984793726355,True,True,False,1,False,True,False,0,0.0,,,,,,,,,,,,,0.0009826405617117753,0.7291054472564703,0.18736418781779968,0.08353036390806394,,,,,,,,,,,,,,False,False,temporal_v1,False,0.00010123560726509206,0.20041753653444677,3.8393752981410647,0.8874693215956394,65.95982411100391,1616.7655983097852,0.0007164485862392132,0.00018411165076195324,8.208032371060895e-05,0.0,0.0,0.026437847915847686,0.02047527169919064,0.013288720971561564,0.019468130650312766,0.06631453386011009,44.34188758093054,0.0026325483810198933,1.317048743891985,-0.0007835438577815131,1666.6666666666667,0.019558425052236966,True,0.00012148964742664248,0.026437847915847686,False,True,False,0.85,True,False,False,0,True,False,True,False,True,False,True,False,False,0,0,False,0,15,24,24,,,,False,False,False,
301,2026-08-18T21:55:31.932076,shadow,analysis_full,silero,webrtc,False,0.00014647081843577325,True,True,False,1,False,True,False,0,0.0,,,,,,,,,,,,,0.0004959221698307929,0.6668266043459175,0.2401228712920999,0.09305052234553729,,,,,,,,,,,,,,False,False,temporal_v1,False,7.523385936739654e-05,0.23382045929018788,3.803146997655681,0.8757352696806383,62.924852930421984,1650.0851379010453,0.000330694096528127,0.00011908225535717838,4.614581694548753e-05,0.0,0.0,0.029766323383500673,0.02110632280442453,0.015411123931041945,0.02946222523977975,0.0670671480009251,51.06829169756483,0.002367028754889688,1.3779549441333858,-0.0008327049546651704,1800.0000000000002,0.01924902117797279,True,0.00012148964742664248,0.029766323383500673,False,True,False,0.85,True,False,False,0,True,False,True,False,True,False,True,False,False,0,0,False,0,15,24,24,,,,False,False,False,
302,2026-08-18T21:55:31.940857,shadow,analysis_full,silero,webrtc,False,0.00013441374176181853,True,True,False,1,False,True,False,0,0.0,,,,,,,,,,,,,0.00028716176252020564,0.597675320400604,0.24165761661400437,0.16066705950303395,,,,,,,,,,,,,,False,False,temporal_v1,False,6.170830204986587e-05,0.19832985386221294,3.844710069743588,0.8148629557951079,60.41265776368273,1927.7159245943121,0.00017162949842106605,6.939482711330963e-05,4.613743598582998e-05,0.0,0.0,0.04460526668992618,0.021129372218460944,0.031202187111593397,0.02887952645643521,0.06428234038111506,116.83007668990052,0.0036121237108353074,1.0866600389753223,-0.000642301788879572,2633.3333333333335,0.03684574851708209,True,0.0001223499421030283,0.04460526668992618,False,True,False,0.85,True,False,False,0,True,False,True,False,True,False,True,False,False,0,0,False,0,15,24,24,,,,False,False,False,
303,2026-08-18T21:55:31.947927,shadow,analysis_full,silero,webrtc,False,0.0001099384026019834,True,True,False,1,False,True,False,0,0.0,,,,,,,,,,,,,0.0004144630415127147,0.6982675526254021,0.20699107637249034,0.09474136858934716,,,,,,,,,,,,,,False,False,temporal_v1,False,6.882481212089671e-05,0.162839248434238,3.5852625733071126,0.8712059345555243,61.94388529986032,1792.5277148218413,0.0002894060936507637,8.579015107933297e-05,3.9266795782618e-05,0.0,0.0,0.04116947675726604,0.019820483379080413,0.03045332522849328,0.028453820521755022,0.09498198912175038,124.24731667478675,0.003953273362503933,1.002644453406609,-0.0005890206116367431,1900.0000000000002,0.036545145510967846,True,0.00012158120080130175,0.04116947675726604,False,True,False,0.85,True,False,False,0,True,False,True,False,True,False,True,False,False,0,0,False,0,15,24,24,,,,False,False,False,
304,2026-08-18T21:55:31.954582,shadow,analysis_full,silero,webrtc,False,0.0001099384026019834,True,True,False,1,False,True,False,0,0.0,,,,,,,,,,,,,0.0007267277222475524,0.7038387340970992,0.2353280904312605,0.0608331740956091,,,,,,,,,,,,,,False,False,temporal_v1,False,8.87401099773155e-05,0.18997912317327767,3.851696052562596,0.8969824771369201,64.71790945778764,1622.1973545430367,0.0005114991200599856,0.00017101944713997596,4.420915404759081e-05,0.0,0.0,0.03850314497085717,0.019644456123216938,0.029233407954577264,0.02722085237423891,0.09557898536914265,114.2977352310219,0.005303921410926661,1.0951548084014222,-0.0006433006066295335,1566.6666666666667,0.033816735477603097,True,0.0001163670422101859,0.03850314497085717,False,True,False,0.85,True,False,False,0,True,False,True,False,True,False,True,False,False,0,0,False,0,15,24,24,,,,False,False,False,
305,2026-08-18T21:55:31.962926,shadow,analysis_full,silero,webrtc,False,0.00012765517749357969,True,True,False,1,False,True,False,0,0.0,,,,,,,,,,,,,0.00022023138440251268,0.7375504072727832,0.17572320840040595,0.08672637978613201,,,,,,,,,,,,,,False,False,temporal_v1,False,5.502420397399465e-05,0.1544885177453027,3.549575056950665,0.8691168812107247,59.278321308428715,1793.0118495807917,0.0001624317472603221,3.8699765457672646e-05,1.9099870684517944e-05,0.0,0.0,0.03919314344932887,0.024274361861020128,0.02844933112402767,0.02812101585049309,0.12405436718439834,114.5695871417562,0.006450884491407249,1.1386944740359146,-0.0006827748795787828,2100.0,0.027000832462104107,True,0.00012293053441680968,0.03919314344932887,False,True,False,0.85,True,False,False,0,True,False,True,False,True,False,True,False,False,0,0,False,0,15,24,24,,,,False,False,False,
306,2026-08-18T21:55:31.970560,shadow,analysis_full,silero,webrtc,False,0.00012816183152608573,True,True,False,1,False,True,False,0,0.0,,,,,,,,,,,,,0.000310854915815184,0.6843449559587158,0.2371718243831837,0.07848321644116586,,,,,,,,,,,,,,False,False,temporal_v1,False,6.429978680925166e-05,0.15657620041753653,3.6993165922589695,0.891239275563609,61.279047183394304,1670.2364946249572,0.0002127319936730924,7.372602750236817e-05,2.439689363972348e-05,0.0,0.0,0.0386545982928601,0.024323292757407026,0.026606150896924363,0.028682663040660705,0.11683297341781597,104.80138299191904,0.006244628904725032,1.019645720146572,-0.0006052525757119621,1733.3333333333335,0.03570306985038368,True,0.00012664501991821453,0.0386545982928601,False,True,False,0.85,True,False,False,0,True,False,True,False,True,False,True,False,False,0,0,False,0,15,24,24,,,,False,False,False,
307,2026-08-18T21:55:31.978569,shadow,analysis_full,silero,webrtc,False,0.00010940671199932694,True,True,False,1,False,True,False,0,0.0,,,,,,,,,,,,,0.00021947733683431225,0.7236308945033609,0.1977237345168849,0.07864536642347518,,,,,,,,,,,,,,False,False,temporal_v1,False,5.549869789868616e-05,0.1837160751565762,3.8368233902622757,0.8727328675437396,59.40708533464196,1705.5253240145194,0.00015882058157662882,4.339587868070048e-05,1.726087557698297e-05,0.0,0.0,0.039117570134829034,0.025583464223429594,0.025001012697564686,0.025187525898715108,0.11880580501005125,98.58622066482829,0.004894509654148871,1.3701507025110744,-0.0008346205515258041,1966.6666666666667,0.01870082160353546,True,0.00012664501991821453,0.039117570134829034,False,True,False,0.85,True,False,False,0,True,False,True,False,True,False,True,False,False,0,0,False,0,15,24,24,,,,False,False,False,
308,2026-08-18T21:55:31.987173,shadow,analysis_full,silero,webrtc,False,9.218269406119362e-05,True,True,False,1,False,True,False,0,0.0,,,,,,,,,,,,,0.0002425243955437774,0.5887831161258541,0.3203474497861365,0.09086942996471295,,,,,,,,,,,,,,False,False,temporal_v1,False,5.7047089531803085e-05,0.18580375782881003,3.8666992059812215,0.8542190902047614,59.663652420861446,1821.3705526923598,0.00014279426934480445,7.769207162337334e-05,2.2038053575599623e-05,0.0,0.0,0.048816161046075016,0.03863435781878919,0.024985686257888242,0.025060019653957273,0.10926038987634028,100.20855719259244,0.005009894076297633,0.9714689302767958,-0.0005725855417946289,2133.3333333333335,0.049986684967575856,True,0.00011939251271542162,0.048816161046075016,False,True,False,0.85,True,False,False,0,True,False,True,False,True,False,True,False,False,0,0,False,0,15,24,24,,,,False,False,False,
309,2026-08-18T21:55:31.995471,shadow,analysis_full,silero,webrtc,False,9.869446512311697e-05,True,True,False,1,False,True,False,0,0.0,,,,,,,,,,,,,0.0002920810567205596,0.7347084510718217,0.1971265494860167,0.06816499601845454,,,,,,,,,,,,,,False,False,temporal_v1,False,6.210066461899266e-05,0.1524008350730689,3.659035669782409,0.8928403911375787,60.88353059863233,1709.3846907126465,0.00021459442077058322,5.7576930881553446e-05,1.9909704068422936e-05,0.0,0.0,0.05137443517565366,0.039409556847248776,0.025818877957812333,0.02453271431001985,0.11371301807084358,95.25654584753354,0.0041223539161718715,0.9160540400857125,-0.0005413085979174649,1666.6666666666667,0.04307700843383955,True,0.00011053412526962347,0.05137443517565366,False,True,True,0.85,True,False,False,0,True,False,True,False,True,False,True,False,False,0,0,False,0,15,24,24,,,,False,False,False,
310,2026-08-18T21:55:32.002503,shadow,analysis_full,silero,webrtc,False,0.00010680564446374774,True,True,False,1,False,True,False,0,0.0,,,,,,,,,,,,,0.00031715289209615044,0.7908066565775957,0.16458259274305015,0.04461074752630078,,,,,,,,,,,,,,False,False,temporal_v1,False,6.242107082665973e-05,0.1315240083507307,3.277324394230134,0.8983534751289884,60.97050090499142,1762.2999569527378,0.0002508066182224717,5.219784527714125e-05,1.4148427596537482e-05,0.0,0.0,0.05922886964992875,0.04203029493359723,0.02915410874163231,0.027803042696595393,0.17808904179102852,87.51261995688357,0.005358781480968649,0.8266646419578724,-0.00048586535959883496,1366.6666666666667,0.041613038114461695,True,0.0001099384026019834,0.05922886964992875,False,True,True,0.85,True,False,False,0,True,False,True,False,True,False,True,False,False,0,0,False,0,15,24,24,,,,False,False,False,
311,2026-08-18T21:55:32.010977,shadow,analysis_full,silero,webrtc,False,0.00011460614769021049,True,True,False,1,False,True,False,0,0.0,,,,,,,,,,,,,0.000723423415853817,0.7340082168015342,0.22196300290454976,0.04402877891159971,,,,,,,,,,,,,,False,False,temporal_v1,False,8.626593025689471e-05,0.1315240083507307,3.6015508981081377,0.905148468877364,64.47459386873588,1566.8258568874169,0.000530998731463335,0.0001605732337543801,3.185144963610197e-05,0.0,0.0,0.05972755795075022,0.04158404583588738,0.031527339202525144,0.022590424380214743,0.17637490223259403,99.34842162681242,0.005047790996229177,1.1935157589307128,-0.0007137691070592898,1566.6666666666667,0.021444507645986304,True,0.0001099384026019834,0.05972755795075022,False,True,True,0.85,True,False,False,0,True,False,True,False,True,False,True,False,False,0,0,False,0,15,24,24,,,,False,False,False,
312,2026-08-18T21:55:32.019563,shadow,analysis_full,silero,webrtc,False,0.00014775559247937053,True,True,False,1,False,True,False,0,0.0,,,,,,,,,,,,,0.0006547999023654712,0.8532034111557966,0.10384889024982079,0.04294769706719867,,,,,,,,,,,,,,False,False,temporal_v1,False,8.596168457671594e-05,0.1127348643006263,3.0994020501115362,0.9303486821471361,64.55810779001376,1533.0265414312892,0.0005586775103227025,6.800024319634518e-05,2.812214784642352e-05,0.0,0.0,0.06517027027244526,0.05327012587767469,0.018980498080829408,0.024378556287256787,0.23692247584218082,94.04372363460038,0.0060285808088851095,0.9839392673786708,-0.000590977747744035,800.0,0.023416355064935966,True,0.0001099384026019834,0.06517027027244526,False,True,True,0.85,False,False,False,0,True,False,True,False,True,False,True,False,False,0,0,False,0,15,24,24,,,,False,False,False,
313,2026-08-18T21:55:32.028229,shadow,analysis_full,silero,webrtc,False,0.00013107266568113118,True,True,False,1,False,True,False,0,0.0,,,,,,,,,,,,,0.0009878768196400275,0.7326410542704662,0.2004881457586643,0.06687079895859765,,,,,,,,,,,,,,False,False,temporal_v1,False,0.0001022834591952681,0.1336116910229645,3.6916783126883925,0.9005825249639623,66.12238005541906,1572.6326346278054,0.0007237591146304249,0.00019805759180759554,6.606011220200711e-05,0.0,0.0,0.06457797244357003,0.05329472902838938,0.01693256268805271,0.025142495561293693,0.23828762584302038,94.9896186733021,0.0062251959128604446,1.1824771789368405,-0.0007054925342980237,1466.6666666666667,0.021735292738647733,True,0.00011227227514609694,0.06457797244357003,False,True,True,0.85,True,False,False,0,True,False,True,False,True,False,True,False,False,0,0,False,0,15,24,24,,,,False,False,False,
314,2026-08-18T21:55:32.036745,shadow,analysis_full,silero,webrtc,False,0.00012868779595009983,True,True,False,1,False,True,False,0,0.0,,,,,,,,,,,,,0.000430104749147196,0.7085510491942387,0.23016225681047858,0.06128669167026758,,,,,,,,,,,,,,False,False,temporal_v1,False,7.394325397382838e-05,0.1440501043841336,3.446981526526296,0.9061660529953948,62.890217917625705,1693.9366834653576,0.0003047511712716706,9.89938797286234e-05,2.6359697146901984e-05,0.0,0.0,0.06441436638793559,0.05302679054804823,0.016918680866936705,0.022010948397657125,0.2285318192150607,93.37702041232559,0.005841843356281475,0.8795265973116888,-0.0005205081195253493,1500.0,0.04106551360374462,True,0.00012113066259189509,0.06441436638793559,False,True,True,0.85,True,False,False,0,True,False,True,False,True,False,True,False,False,0,0,False,0,15,24,24,,,,False,False,False,
315,2026-08-18T21:55:32.044982,shadow,analysis_full,silero,webrtc,False,0.00013482244685292244,True,True,False,1,False,True,False,0,0.0,,,,,,,,,,,,,0.0012648283280311213,0.8120587632274588,0.14909328609761158,0.0388479498843084,,,,,,,,,,,,,,False,False,temporal_v1,False,0.00011493676241656861,0.081419624217119,3.2987317682854096,0.9304843985564568,67.37157159237009,1484.948837478552,0.001027114927756007,0.00018857741177550767,4.9135987499606585e-05,0.0,0.0,0.0691295940488117,0.055055723752591816,0.017222245977739466,0.029657588004933413,0.24301627644625307,102.33096666440306,0.004365357232800034,1.0615936219781668,-0.0006362602572056331,1066.6666666666667,0.0214397075007198,True,0.00012138398960814811,0.0691295940488117,False,True,True,0.85,True,False,False,0,True,False,True,False,True,False,True,False,False,0,0,False,0,15,24,24,,,,False,False,False,
316,2026-08-18T21:55:32.054335,shadow,analysis_full,silero,webrtc,False,0.0001416660234099254,True,True,False,1,False,True,False,0,0.0,,,,,,,,,,,,,0.0009876143744449088,0.8868171269069433,0.08464528596689606,0.028537586113619805,,,,,,,,,,,,,,False,False,temporal_v1,False,0.00010088148811336815,0.07515657620041753,2.3049171038321323,0.9453662019429163,66.1999100893153,1440.5939120268667,0.0008758333420372321,8.359690114990648e-05,2.818413025777034e-05,0.0,0.0,0.07978487081994337,0.06371535413160061,0.01874100168156347,0.03504323216427104,0.4379277915352668,119.92133882293275,0.005386056552019228,1.2154292654275736,-0.000734761813533558,800.0,0.010238994545340219,True,0.00012164697182015516,0.07978487081994337,False,True,True,0.85,False,False,False,0,True,False,True,False,True,False,True,False,False,0,0,False,0,15,24,24,,,,False,False,False,
317,2026-08-18T21:55:32.062193,shadow,analysis_full,silero,webrtc,False,0.00016335313557647169,True,True,False,1,False,True,False,0,0.0,,,,,,,,,,,,,0.0021722182560798453,0.8262328065944291,0.13937594328851458,0.034391249656697306,,,,,,,,,,,,,,False,False,temporal_v1,False,0.00014615278871493828,0.09603340292275574,3.363190595700569,0.9329631994049132,69.60376524640863,1432.622040618345,0.001794757986256507,0.00030275496846966055,7.470530035367761e-05,0.0,0.0,0.08147486954835918,0.0651220775841213,0.018201942377063265,0.03215573524758272,0.41397958124215406,130.0390627793312,0.0067194361837956615,1.375346800217616,-0.00082315464528242,1066.6666666666667,0.01305702476374287,True,0.0001298802308156155,0.08147486954835918,False,True,True,0.85,True,False,False,0,True,False,True,False,True,False,True,False,False,0,0,False,0,15,24,24,,,,False,False,False,
318,2026-08-18T21:55:32.071259,shadow,analysis_full,silero,webrtc,False,0.00014165953325573355,True,True,False,1,False,True,False,0,0.0,,,,,,,,,,,,,0.0019061551033156278,0.7935447487160937,0.15774255018425737,0.048712700575032616,,,,,,,,,,,,,,False,False,temporal_v1,False,0.00013690407441508613,0.12108559498956159,3.5976957355033408,0.9171691793187239,68.93202920656407,1577.9194227248229,0.0015126193724744996,0.0003006817670437437,9.285396279738454e-05,0.0,0.0,0.05587650306246057,0.04576148121559188,0.012806439918602096,0.024829384991482753,0.38817799449943147,107.47852911444934,0.0015415591698904245,1.0232920428528776,-0.0006083283840690225,1200.0,0.03679691408574576,True,0.0001329475562670268,0.05587650306246057,False,True,True,0.85,True,False,False,0,True,False,True,False,True,False,True,False,False,0,0,False,0,15,24,24,,,,False,False,False,
319,2026-08-18T21:55:32.079122,shadow,analysis_full,silero,webrtc,False,0.00012347519805189222,True,True,False,1,False,True,False,0,0.0,,,,,,,,,,,,,0.003408640959612439,0.8052848075812737,0.15510446030694305,0.039610731818411064,,,,,,,,,,,,,,False,False,temporal_v1,False,0.00017945397474378402,0.08768267223382047,3.3027805201083815,0.9218378681290618,71.4055823571775,1555.9142039999745,0.0027449267792751513,0.0005286954164208279,0.00013501876291645968,0.0,0.0,0.05318585652242383,0.04452211550891804,0.011014196456381584,0.02340067852893871,0.3727589636331222,98.08595904145895,0.0023266269449997625,1.1285847660575317,-0.0006765889866252416,1233.3333333333335,0.029052502496711673,True,0.0001329475562670268,0.05318585652242383,False,True,True,0.85,True,False,False,0,True,False,True,False,True,False,True,False,False,0,0,False,0,15,24,24,,,,False,False,False,
320,2026-08-18T21:55:32.085183,shadow,analysis_full,silero,webrtc,False,0.00012347519805189222,True,True,False,1,False,True,False,0,0.0,,,,,,,,,,,,,0.001165903527534746,0.7792372021540195,0.18123955482017307,0.03952324216810366,,,,,,,,,,,,,,False,False,temporal_v1,False,0.0001076868721891953,0.10647181628392484,3.50961798398438,0.9223413978093019,66.71785108325983,1568.9009578921653,0.0009085154027776772,0.00021130783629366674,4.608028746340208e-05,0.0,0.0,0.05337508452683649,0.0449457669559067,0.011136527923507923,0.022442345971401562,0.3779224159080426,72.40417096888638,0.0021595453173020047,0.9166690172279536,-0.0005351880632161912,1300.0,0.034571614035487606,True,0.0001329475562670268,0.05337508452683649,False,True,True,0.85,True,False,False,0,True,False,True,False,True,False,True,False,False,0,0,False,0,15,24,24,,,,False,False,False,
321,2026-08-18T21:55:32.093554,shadow,analysis_full,silero,webrtc,False,0.00012577007873915136,True,True,False,1,False,True,False,0,0.0,,,,,,,,,,,,,0.0038018045696571238,0.8303436857122203,0.13935260138213593,0.03030371264261083,,,,,,,,,,,,,,False,False,temporal_v1,False,0.00019085963516835924,0.05636743215031315,3.1193782425269583,0.938360113134673,72.03430371400457,1420.4405875318757,0.0031568044187266575,0.000529791356728212,0.0001152087932022542,0.0,0.0,0.050443075111176953,0.040616057630288624,0.011924896042891665,0.0259444448983816,0.36980783013574864,80.40863299295589,0.004708835953515785,1.3306302107039931,-0.000794869798374819,1033.3333333333335,0.012913474506440736,True,0.0001329475562670268,0.050443075111176953,False,True,True,0.85,True,False,False,0,True,False,True,False,True,False,True,False,False,0,0,False,0,15,24,24,,,,False,False,False,
322,2026-08-18T21:55:32.101641,shadow,analysis_full,silero,webrtc,False,0.00016347281052730978,True,True,False,1,False,True,False,0,0.0,,,,,,,,,,,,,0.0021229036830723172,0.7748172918543434,0.17583717248711409,0.04934553518748965,,,,,,,,,,,,,,False,False,temporal_v1,False,0.00014668169476846074,0.09394572025052192,3.6254098601829523,0.9222958506614282,69.58685242235264,1468.2926832442226,0.0016448624825857042,0.00037328538109391684,0.00010475581839269641,0.0,0.0,0.048033103201021755,0.03731618686175999,0.012070129780383226,0.025739527250147616,0.3786167214079768,82.33361936954701,0.0037226417893666997,1.770006712743192,-0.0010767499673731307,1200.0,0.00606601988206698,True,0.0001329475562670268,0.048033103201021755,False,True,False,0.85,True,False,False,0,True,False,True,False,True,False,True,False,False,0,0,False,0,15,24,24,,,,False,False,False,
323,2026-08-18T21:55:32.110499,shadow,analysis_full,silero,webrtc,False,0.00017330519040115178,True,True,False,1,False,True,False,0,0.0,,,,,,,,,,,,,0.006817165986700631,0.7587385486330535,0.1914236630124647,0.04983778820779317,,,,,,,,,,,,,,False,False,temporal_v1,False,0.000254473686575435,0.1022964509394572,3.795264693065211,0.9170123126297541,74.48637395081234,1490.1219118380943,0.0051724466265398545,0.001304966884538218,0.0003397524746225574,0.0,0.0,0.04520220974404968,0.03645347807057341,0.009644273010781768,0.02318737933513957,0.3897324749786113,80.93041450365091,0.0011457445962980625,1.3595313842447723,-0.0008003942306028716,1333.3333333333335,0.01712193436344101,True,0.000138240990054328,0.04520220974404968,False,True,False,0.85,True,False,False,0,True,False,True,False,True,False,True,False,False,0,0,False,0,15,24,24,,,,False,False,False,
324,2026-08-18T21:55:32.118225,shadow,analysis_full,silero,webrtc,False,0.00015305251872632653,True,True,False,1,False,True,False,0,0.0,,,,,,,,,,,,,0.0038669846253896376,0.7317702866868204,0.2075969127032244,0.06063280035135564,,,,,,,,,,,,,,False,False,temporal_v1,False,0.00019442345171395565,0.12943632567849686,3.8048342769632044,0.9070288937934726,72.05194860280326,1536.1666677582828,0.002829744447934902,0.0008027740697017235,0.00023446610675301166,0.0,0.0,0.0409683494062777,0.032555049429308765,0.009514903985726242,0.020439042428493592,0.41392183409262256,55.60869233107787,0.0006871147592565318,1.3476346564699346,-0.0008064290889399261,1500.0,0.020662905166067325,True,0.00014166277833282948,0.0409683494062777,False,True,False,0.85,True,False,False,0,True,False,True,False,True,False,True,False,False,0,0,False,0,15,24,24,,,,False,False,False,
325,2026-08-18T21:55:32.127317,shadow,analysis_full,silero,webrtc,False,0.00015146509394980967,True,True,False,1,False,True,False,0,0.0,,,,,,,,,,,,,0.006648913062418585,0.7259181703136194,0.2259463392335905,0.04813549030238954,,,,,,,,,,,,,,False,False,temporal_v1,False,0.0002512550299638687,0.12317327766179541,3.8421202817640556,0.9103720190273802,74.3425209774461,1503.7385788483718,0.0048265668048452235,0.0015022975663358808,0.00032004869023748096,0.0,0.0,0.04622212264318979,0.03810951872397813,0.009617139844171691,0.021478795236074457,0.4358018709311827,55.46700592129863,0.0013697643220594146,1.3912016756294479,-0.0008291791260271222,1466.6666666666667,0.01723434222503302,True,0.00014656555867986754,0.04622212264318979,False,True,False,0.85,True,False,False,0,True,False,True,False,True,False,True,False,False,0,0,False,0,15,24,24,,,,False,False,False,
326,2026-08-18T21:55:32.136368,shadow,analysis_full,silero,webrtc,False,0.00014676131831947714,True,True,False,1,False,True,False,0,0.0,,,,,,,,,,,,,0.00715914716169137,0.729726683678941,0.21996609152252308,0.050307224658854455,,,,,,,,,,,,,,False,False,temporal_v1,False,0.0002630214963438019,0.1315240083507307,3.8357391917921633,0.9081228575826531,74.73535414824818,1498.0687691066378,0.005224220716270546,0.0015747696197918153,0.00036015682462900797,0.0,0.0,0.03681790147340256,0.030054786594135286,0.00852030430158741,0.02183201079315469,0.23965715625289916,51.93360683862357,0.0011368610871306834,1.521875356783101,-0.0009166746230216143,1533.3333333333335,0.014009328780788881,True,0.0001491132061346434,0.03681790147340256,False,True,False,0.85,True,False,False,0,True,False,True,False,True,False,True,False,False,0,0,False,0,15,24,24,,,,False,False,False,
327,2026-08-18T21:55:32.145323,shadow,analysis_full,silero,webrtc,False,0.00013013476564083248,True,True,False,1,False,True,False,0,0.0,,,,,,,,,,,,,0.00685367468657162,0.7262724053446771,0.22281499399352125,0.05091260051589448,,,,,,,,,,,,,,False,False,temporal_v1,False,0.00025678233365815595,0.13569937369519833,3.922032875477442,0.9096511121920351,74.53087167356567,1481.517622396142,0.004977634800066296,0.001527101484122004,0.0003489384013833192,0.0,0.0,0.03523945046646533,0.029370991915774844,0.007864023295770324,0.02342394843636998,0.24769917087712728,46.92909015916753,0.0012543821699541862,1.6575043298368384,-0.0010083787300819173,1466.6666666666667,0.01122415632135773,True,0.00014421042578760535,0.03523945046646533,False,True,False,0.85,True,False,False,0,True,False,True,False,True,False,True,False,False,0,0,False,0,15,24,24,,,,False,False,False,
328,2026-08-18T21:55:32.152877,shadow,analysis_full,silero,webrtc,False,0.00014621502486988902,True,True,False,1,False,True,False,0,0.0,,,,,,,,,,,,,0.004987871555317458,0.8166903172658212,0.1345562745683961,0.04875340796529648,,,,,,,,,,,,,,False,False,temporal_v1,False,0.00021652773475963556,0.1022964509394572,3.4405041926872086,0.9243926459037224,73.09243744513992,1466.192745479747,0.00407354640299338,0.0006711494145091888,0.0002431757368148899,0.0,0.0,0.03767695708535962,0.032403257468820126,0.007865057906839772,0.02311207098638505,0.25449324254317873,42.55032540565477,0.002123677821203795,1.313766826825643,-0.0007843008731343778,1166.6666666666667,0.013954602302938232,True,0.00014648817159468308,0.03767695708535962,False,True,False,0.85,True,False,False,0,True,False,True,False,True,False,True,False,False,0,0,False,0,15,24,24,,,,False,False,False,
329,2026-08-18T21:55:32.161561,shadow,analysis_full,silero,webrtc,False,0.00018362219270784408,True,True,False,1,False,True,False,0,0.0,,,,,,,,,,,,,0.00796428665714967,0.7644603592554619,0.1908282340255354,0.04471140659344213,,,,,,,,,,,,,,False,False,temporal_v1,False,0.0002753304622947932,0.10855949895615867,3.6837356176342673,0.9170957047441167,75.18091384620806,1472.6064428371956,0.006088381439138119,0.0015198107580570064,0.000356094458954545,0.0,0.0,0.035554798271648085,0.030797556943966138,0.007545307266302438,0.02220807707218739,0.23168212245476502,38.54597984938293,0.002294580272180557,1.6721913330780795,-0.0009941169898543582,1333.3333333333335,0.008191198350138311,True,0.0001491132061346434,0.035554798271648085,False,True,False,0.85,True,False,False,0,True,False,True,False,True,False,True,False,False,0,0,False,0,15,24,24,,,,False,False,False,
330,2026-08-18T21:55:32.169752,shadow,analysis_full,silero,webrtc,False,0.00016475787560921162,True,True,False,1,False,True,False,0,0.0,,,,,,,,,,,,,0.007251147412092975,0.772252017114627,0.184287689308239,0.04346029343922479,,,,,,,,,,,,,,False,False,temporal_v1,False,0.00026169900184262756,0.08977035490605428,3.5944487842682187,0.9238954363002847,74.7656992557053,1485.4411844842157,0.005599713215384307,0.0013362972014080313,0.0003151369943006361,0.0,0.0,0.03531239429550648,0.030734694569725503,0.007228102374157336,0.022949321225321576,0.227616143482408,28.386140259583946,0.0019268916401065448,1.2213516706990182,-0.0007240771252512483,1266.6666666666667,0.021642164727700242,True,0.0001522588063380681,0.03531239429550648,False,True,False,0.85,True,False,False,0,True,False,True,False,True,False,True,False,False,0,0,False,0,15,24,24,,,,False,False,False,
331,2026-08-18T21:55:32.178359,shadow,analysis_full,silero,webrtc,False,0.00012834601511713117,True,True,False,1,False,True,False,0,0.0,,,,,,,,,,,,,0.00355276554620253,0.715153480290278,0.23009604542718734,0.05475047400106376,,,,,,,,,,,,,,False,False,temporal_v1,False,0.00018597888316471971,0.11482254697286012,3.896053030253029,0.9065014011374986,71.65294425444527,1529.3026916166505,0.00254077264502213,0.0008174773025111634,0.00019451559766923672,0.0,0.0,0.029865855547534244,0.027927460367056168,0.004611951168808609,0.015448851774530271,0.1453819321513111,22.944035657211764,0.0025641033781677266,1.2499780248903953,-0.0007420073075696915,1500.0,0.023615513568472156,True,0.0001522588063380681,0.029865855547534244,False,True,False,0.85,True,False,False,0,True,False,True,False,True,False,True,False,False,0,0,False,0,15,24,24,,,,False,False,False,
332,2026-08-18T21:55:32.187953,shadow,analysis_full,silero,webrtc,False,0.00011184851609868929,True,True,False,1,False,True,False,0,0.0,,,,,,,,,,,,,0.003178128851417074,0.7075483978387973,0.23336858396213014,0.05908301788442194,,,,,,,,,,,,,,False,False,temporal_v1,False,0.00017618514386808656,0.13569937369519833,3.945522334575322,0.9062252699426605,71.16685518529502,1527.8290836936237,0.0022486799769454078,0.0007416754297043937,0.00018777344376727235,0.0,0.0,0.03141016906678172,0.028617485124716117,0.005325808837211133,0.015335588870318962,0.15088086350866636,23.441812646728938,0.0007710335478469208,1.2363259430503344,-0.0007387009270212936,1500.0,0.027996072480964123,True,0.0001491132061346434,0.03141016906678172,False,True,False,0.85,True,False,False,0,True,False,True,False,True,False,True,False,False,0,0,False,0,15,24,24,,,,False,False,False,
333,2026-08-18T21:55:32.196643,shadow,analysis_full,silero,webrtc,False,0.00013460432819556445,True,True,False,1,False,True,False,0,0.0,,,,,,,,,,,,,0.003342567488575562,0.7122795779553548,0.23044928014190386,0.05727114160357025,,,,,,,,,,,,,,False,False,temporal_v1,False,0.0001834689926062498,0.07724425887265135,3.5878016620470072,0.9047368399669257,71.52292084375817,1521.8172426047572,0.002380842560049891,0.0007702922715679696,0.00019143265595770117,0.0,0.0,0.03243203534702933,0.02927763420693075,0.0056144851888420945,0.019156692688024154,0.16074959937309397,24.145981255425095,0.004423694984895501,2.271784816623531,-0.0013923041156047428,1533.3333333333335,0.0010412751083436434,True,0.00014648817159468308,0.03243203534702933,False,True,False,0.85,True,False,False,0,True,False,True,False,True,False,True,False,False,0,0,False,0,15,24,24,,,,False,False,False,
