frame,timestamp,processing_mode,detector_profile,speech_detector_implementation,comparison_speech_detector_implementation,is_speech,speech_probability,speech_gate_open,comparison_speech_evaluated,comparison_speech_is_speech,comparison_speech_aggressiveness,is_whisper,whisper_processed,trigger,raw_score,whisper_probability,stage1_silero_threshold,stage1_silero_low_pass,stage1_enter_count,stage1_exit_count,stage1_candidate,zcr_threshold,zcr_pass,centroid_threshold,centroid_pass,group_a_pass,entropy_threshold,group_b_pass,total_band_energy,low_proportion,mid_proportion,high_proportion,low_proportion_threshold,group_c_pass,silero_rolling_median,high_silero_threshold,high_silero_raw,high_silero_count,high_silero_normal_evidence,silero_penalty,group_count,effective_group_score,grouped_v1_raw_is_whisper,stage2_is_whisper,stage2_consecutive_count,legacy_is_whisper,grouped_v1_is_whisper,whisper_classifier_implementation,final_trigger,rms,zcr,entropy,voicing,hnr,spectral_centroid,band_energy_low,band_energy_mid,band_energy_high,temporal_score,formant_score,low_proportion_std,mid_proportion_std,high_proportion_std,zcr_std,entropy_std,spectral_centroid_std,spectral_flux,cepstral_peak_prominence,spectral_slope,spectral_rolloff,spectral_flatness,temporal_v1_window_full,temporal_v1_silero_median,temporal_v1_low_proportion_std,temporal_v1_silero_min_pass,temporal_v1_silero_max_pass,temporal_v1_low_proportion_std_pass,temporal_v1_low_proportion_max,temporal_v1_low_proportion_max_pass,temporal_v1_raw_is_whisper,temporal_v1_is_whisper,temporal_v1_qualifying_run,webrtc_mode_0_evaluated,webrtc_mode_0_is_speech,webrtc_mode_1_evaluated,webrtc_mode_1_is_speech,webrtc_mode_2_evaluated,webrtc_mode_2_is_speech,webrtc_mode_3_evaluated,webrtc_mode_3_is_speech,webrtc_assist_open,webrtc_assist_enter_count,webrtc_assist_exit_count,temporal_candidate,temporal_qualifying_run,assisted_confirmation_requirement,fallback_confirmation_requirement,confirmation_requirement,threshold_crossing_route,trigger_route,trigger_suppression_reason,actuation_enabled,actuation_requested,actuation_started,actuation_suppression_reason
0,2026-08-18T21:58:39.691501,shadow,analysis_full,silero,webrtc,False,0.0,True,True,True,1,False,True,False,0,0.0,,,,,,,,,,,,,82.80236666764625,0.19134117677251988,0.5011894876694488,0.30746933555801925,,,,,,,,,,,,,,True,False,temporal_v1,False,0.02732379979337593,0.16075156576200417,4.6826129444125035,0.6461930375398279,113.65386097765408,2220.884867644332,15.84350227773711,41.49967572797547,25.459188661932675,0.0,0.0,,,,,,,,1.8846648451065262,-0.001139078273223726,3166.666666666667,0.0111349629994461,False,,,,,,0.85,True,False,False,0,True,True,True,True,True,True,True,True,False,1,0,False,0,15,24,24,,,,False,False,False,
1,2026-08-18T21:58:39.943161,shadow,analysis_full,silero,webrtc,False,0.009897974319756031,True,True,True,1,False,True,False,0,0.0,,,,,,,,,,,,,0.013473388774838908,0.7255514924366278,0.2399347789542557,0.034513728534896086,,,,,,,,,,,,,,False,False,temporal_v1,False,0.00035873586297275245,0.13987473903966596,3.6122922449963966,0.9253191905505109,77.54175297872212,1537.1272818178904,0.009775637333763278,0.003232734557455723,0.00046501688261990626,0.0,0.0,,,,,,,0.008549320581158195,0.7493558522260827,-0.0004502149058811741,1333.3333333333335,0.03761513416815526,False,,,,,,0.85,True,False,False,0,True,True,True,True,True,True,True,True,False,2,0,False,0,15,24,24,,,,False,False,False,
2,2026-08-18T21:58:40.093055,shadow,analysis_full,silero,webrtc,False,0.014125720597803593,True,True,True,1,False,True,False,0,0.0,,,,,,,,,,,,,0.12527408516361666,0.9066629211242032,0.07386194097812013,0.019475137889694124,,,,,,,,,,,,,,False,False,temporal_v1,False,0.0010514241943503956,0.08768267223382047,2.581488355022269,0.9403301010306004,86.98125351893493,1470.2227932539126,0.11358136799560688,0.009252987084443047,0.0024397300825667193,0.0,0.0,,,,,,,0.02014138404103076,0.8598595792735975,-0.0005205509822912899,833.3333333333334,0.01719326164869523,False,,,,,,0.85,False,False,False,0,True,True,True,True,True,True,True,True,False,3,0,False,0,15,24,24,,,,False,False,False,
3,2026-08-18T21:58:40.107695,shadow,analysis_full,silero,webrtc,False,0.00786581076681614,True,True,True,1,False,True,False,0,0.0,,,,,,,,,,,,,0.08243511684702895,0.885603486585966,0.10246348832898448,0.011933025072918655,,,,,,,,,,,,,,False,True,temporal_v1,False,0.0008505959713720893,0.08350730688935282,2.66621110125459,0.9518293398744464,85.19103649172605,1262.8376461302955,0.07300482689685034,0.008446589632954023,0.0009837003162245755,0.0,0.0,,,,,,,0.012337842500207521,1.189974986346737,-0.0007150286922403421,833.3333333333334,0.006576240979297939,False,,,,,,0.85,False,False,False,0,True,True,True,True,True,False,True,False,False,4,0,False,0,15,24,24,,,,False,False,False,
4,2026-08-18T21:58:40.123210,shadow,analysis_full,silero,webrtc,False,0.009379737079143524,True,True,True,1,False,True,False,0,0.0,,,,,,,,,,,,,0.025645919179573873,0.733828047685122,0.23934686217144702,0.026825090104438353,,,,,,,,,,,,,,False,True,temporal_v1,False,0.00047739594568450746,0.1315240083507307,3.4656209019384803,0.9127868332072321,79.97945194927556,1565.7127735538247,0.01881969480263712,0.006138270283133537,0.0006879540928032129,0.0,0.0,,,,,,,0.010376868906624925,1.0269109505253546,-0.0006105456811475814,1400.0,0.02532535276749552,False,,,,,,0.85,True,False,False,0,True,True,True,True,True,False,True,False,False,5,0,False,0,15,24,24,,,,False,False,False,
5,2026-08-18T21:58:40.135403,shadow,analysis_full,silero,webrtc,False,0.020213546231389046,True,True,False,1,False,True,False,0,0.0,,,,,,,,,,,,,0.00943843131297226,0.7251950252817486,0.2518282216313064,0.022976752980995125,,,,,,,,,,,,,,False,True,temporal_v1,False,0.0002946716948562471,0.1544885177453027,3.3434307313297142,0.8821482281961024,75.60937991194317,1733.8344425273488,0.0068447034346309655,0.0023768633725350405,0.0002168645048062531,0.0,0.0,,,,,,,0.005664866662104409,1.1323622946819005,-0.0006863994520310595,1366.6666666666667,0.018690359081963405,False,,,,,,0.85,True,False,False,0,True,False,True,False,True,False,True,False,False,0,0,False,0,15,24,24,,,,False,False,False,
6,2026-08-18T21:58:40.147323,shadow,analysis_full,silero,webrtc,False,0.01848038099706173,True,True,False,1,False,True,False,0,0.0,,,,,,,,,,,,,0.007057792950839222,0.7318835211928866,0.24831255677730163,0.019803921888124475,,,,,,,,,,,,,,False,True,temporal_v1,False,0.0002534849973498249,0.08768267223382047,3.2603961586941694,0.9299450547175664,74.51275652866416,1382.9323614075843,0.005165482356710543,0.0017525386128277034,0.0001397719803009755,0.0,0.0,,,,,,,0.004866980842635889,1.3641423343223678,-0.0008214515614126429,1366.6666666666667,0.008549955915258239,False,,,,,,0.85,True,False,False,0,True,False,True,False,True,False,True,False,False,0,0,False,0,15,24,24,,,,False,False,False,
7,2026-08-18T21:58:40.157169,shadow,analysis_full,silero,webrtc,False,0.021784326061606407,True,True,False,1,False,True,False,0,0.0,,,,,,,,,,,,,0.010307982431701293,0.8180918646139993,0.14611064430536944,0.035797490983619056,,,,,,,,,,,,,,False,True,temporal_v1,False,0.0003119760102902149,0.10438413361169102,3.2658786691447426,0.9199905449160949,76.28901941940818,1554.6307378850101,0.008432876567958858,0.0015061059545843048,0.00036899990815813063,0.0,0.0,,,,,,,0.01205578466418113,0.919444529268297,-0.0005574176420960079,1166.6666666666667,0.036043061955276595,False,,,,,,0.85,True,False,False,0,True,False,True,False,True,False,True,False,False,0,0,False,0,15,24,24,,,,False,False,False,
8,2026-08-18T21:58:40.166378,shadow,analysis_full,silero,webrtc,False,0.03315791115164757,True,True,False,1,False,True,False,0,0.0,,,,,,,,,,,,,0.07004051902287434,0.9172643516404043,0.07945581053107204,0.0032798378142462536,,,,,,,,,,,,,,False,False,temporal_v1,False,0.0007839454333159124,0.07933194154488518,1.8140738128752245,0.9601315221560792,84.51888978555107,1415.9523428358957,0.06424567127007423,0.00556512620897945,0.00022972154282065732,0.0,0.0,,,,,,,0.025034365132917097,0.7499212055455201,-0.00045389764025136596,600.0,0.0109111423437392,False,,,,,,0.85,False,False,False,0,True,False,True,False,True,False,True,False,False,0,0,False,0,15,24,24,,,,False,False,False,
9,2026-08-18T21:58:40.179619,shadow,analysis_full,silero,webrtc,False,0.037468452006578445,True,True,False,1,False,True,False,0,0.0,,,,,,,,,,,,,0.042707520307062125,0.8597837215595822,0.12564228517443765,0.014573993242565036,,,,,,,,,,,,,,False,True,temporal_v1,False,0.0006134752705097728,0.0709812108559499,2.774923493407411,0.9481210244741071,82.33015888115563,1390.0001624698843,0.0367192307481873,0.005365870445512987,0.0006224191123618324,0.0,0.0,0.20037416115742157,0.12135069696039799,0.08644573095123365,0.03178561143770449,0.721650380435486,253.87124011918817,0.020584316352776563,1.112344224670635,-0.0006635996367883092,866.6666666666667,0.013631524249047155,True,0.01630305079743266,0.20037416115742157,True,True,True,0.85,False,False,False,0,True,False,True,False,True,False,True,False,False,0,0,False,0,15,24,24,,,,False,False,False,
10,2026-08-18T21:58:40.192439,shadow,analysis_full,silero,webrtc,False,0.05514911189675331,True,True,False,1,True,True,False,1,0.0,,,,,,,,,,,,,0.00999314990433794,0.7257625691366087,0.20402041574971563,0.070217015013607,,,,,,,,,,,,,,False,True,temporal_v1,False,0.00030443419154554686,0.1419624217118998,3.3808554774853117,0.8984222158895415,75.97500355483795,1539.6297044747898,0.007252654148339559,0.0020388065981322575,0.0007016891568661224,0.0,0.0,0.07870046979077876,0.06943643096915776,0.01749001865917743,0.029179799932619866,0.5228878505584669,123.59904047137749,0.009172232195971559,1.422494310030229,-0.0008459775945113154,1766.6666666666667,0.009449280181880185,True,0.019346963614225388,0.07870046979077876,True,True,True,0.85,True,True,True,1,True,False,True,False,True,False,True,False,False,0,0,True,1,15,24,24,,,,False,False,False,
11,2026-08-18T21:58:40.206988,shadow,analysis_full,silero,webrtc,False,0.06610125303268433,True,True,False,1,True,True,False,1,0.0,,,,,,,,,,,,,0.006027456653438579,0.6216896204323004,0.30096667649786824,0.07734370290392388,,,,,,,,,,,,,,False,True,temporal_v1,False,0.00024212680403487447,0.18162839248434237,3.9197748245588087,0.8387405646343622,73.66017288976624,1841.0936795084906,0.0037472072390483733,0.0018140635967203722,0.00046618581666983276,0.0,0.0,0.09366234299488803,0.07743971704948582,0.023333308867854105,0.03568410959368934,0.5644102218984407,163.53532536312773,0.006743922114565695,1.2013092261493448,-0.0007180711474785856,2000.0000000000002,0.03023845074703935,True,0.020998936146497726,0.09366234299488803,True,True,True,0.85,True,True,True,2,True,False,True,False,True,False,True,False,False,0,0,True,2,15,24,24,,,,False,False,False,
12,2026-08-18T21:58:40.225097,shadow,analysis_full,silero,webrtc,False,0.11721375584602356,True,True,False,1,True,True,False,1,0.0,,,,,,,,,,,,,0.00556184973388802,0.6279848933134058,0.1699418503299218,0.20207325617687605,,,,,,,,,,,,,,False,True,temporal_v1,False,0.00025837067630138513,0.33194154488517746,4.065267249557452,0.5906709972004652,72.71250723848284,2380.14424027333,0.0034927576117608624,0.0009451910350339131,0.0011239010860932437,0.0,0.0,0.09697159034748203,0.06958427846841125,0.0561492359753269,0.07375313388594947,0.6152079856333104,304.93702612573696,0.0050297395529458186,1.0332359456482267,-0.0006262606046907262,4366.666666666667,0.039470748385571276,True,0.027471118606626987,0.09697159034748203,True,True,True,0.85,True,True,True,3,True,False,True,False,True,False,True,False,False,0,0,True,3,15,24,24,,,,False,False,False,
13,2026-08-18T21:58:40.235779,shadow,analysis_full,silero,webrtc,False,0.1367027908563614,True,True,False,1,False,True,False,0,0.0,,,,,,,,,,,,,0.026176026500148046,0.9528522131622259,0.034551579413001854,0.012596207386569436,,,,,,,,,,,,,,False,False,temporal_v1,False,0.0004908583313796794,0.10020876826722339,2.388033681439943,0.9664801230668839,80.46990386461036,1313.353764292911,0.02494188478245914,0.0009044230583367062,0.00032971865835220213,0.0,0.0,0.10694161256478923,0.08001665826844911,0.056106403401348426,0.07271042400057301,0.6441277201648679,299.57031725910116,0.01913884771390152,0.9940940096026482,-0.0006030989104984885,566.6666666666667,0.010404339400613766,True,0.03531318157911301,0.10694161256478923,True,True,True,0.85,False,False,False,0,True,False,True,False,True,False,True,False,False,0,0,False,0,15,24,24,,,,False,False,False,
14,2026-08-18T21:58:40.251546,shadow,analysis_full,silero,webrtc,False,0.1623276025056839,True,True,False,1,False,True,False,0,0.0,,,,,,,,,,,,,0.01411582466156494,0.9724415615850497,0.01788514348698943,0.009673294857118342,,,,,,,,,,,,,,False,False,temporal_v1,False,0.0003620796539889148,0.06889352818371608,1.784268129527417,0.9720702459665863,77.8362185342657,1240.3529946187323,0.013726814576952967,0.00025246354950927296,0.0001365465341027004,0.0,0.0,0.12151603817649334,0.09049261782201502,0.0569993416080314,0.07567122562433884,0.7544441251966107,319.78744795756563,0.00930766884452586,1.8086351103318823,-0.0011367823708333745,433.33333333333337,0.0009699058561395695,True,0.04630878195166588,0.12151603817649334,True,True,True,0.85,False,False,False,0,True,False,True,False,True,False,True,False,False,0,0,False,0,15,24,24,,,,False,False,False,
15,2026-08-18T21:58:40.268279,shadow,analysis_full,silero,webrtc,False,0.1737135499715805,True,True,False,1,True,True,False,1,0.0,,,,,,,,,,,,,0.004978808793842543,0.7594961665506269,0.16850296596009193,0.07200086728842982,,,,,,,,,,,,,,False,True,temporal_v1,False,0.00024589600646489243,0.3277661795407098,3.780224134035934,0.6795162210485568,72.88361265155692,2168.243248725588,0.0037813861929119623,0.0008389440487106564,0.0003584785512199243,0.0,0.0,0.1199630664193371,0.08513518342786126,0.05684466590360116,0.09592987066893294,0.7851022979303564,364.2575629008238,0.035442473040364006,1.0782708890768264,-0.0006576395709283293,4300.0,0.03764612317311256,True,0.06062518246471882,0.1199630664193371,True,True,True,0.85,True,True,True,1,True,False,True,False,True,False,True,False,False,0,0,True,1,15,24,24,,,,False,False,False,
16,2026-08-18T21:58:40.283208,shadow,analysis_full,silero,webrtc,False,0.1737135499715805,True,True,False,1,True,True,False,1,0.0,,,,,,,,,,,,,0.00635108616036521,0.738264625807735,0.16673079321337891,0.09500458082143265,,,,,,,,,,,,,,False,True,temporal_v1,False,0.0002589459814954349,0.2860125260960334,3.9037823216754424,0.7580133869269405,73.81408416218636,2065.984705816603,0.0046887822476547065,0.0010589216332842046,0.000603382278426299,0.0,0.0,0.11962231152230161,0.0789644079460455,0.057096554347441916,0.10144698644466253,0.8255707830733289,376.7338009197437,0.0044293971898738465,1.1828768905511413,-0.0007139009998073591,3366.666666666667,0.03132829244097549,True,0.09165750443935394,0.11962231152230161,True,True,True,0.85,True,True,True,2,True,False,True,False,True,False,True,False,False,0,0,True,2,15,24,24,,,,False,False,False,
17,2026-08-18T21:58:40.298224,shadow,analysis_full,silero,webrtc,False,0.20611892640590668,True,True,False,1,True,True,False,1,0.0,,,,,,,,,,,,,0.0039402786828581695,0.6637811738597991,0.20411926584439524,0.1320995600420163,,,,,,,,,,,,,,False,True,temporal_v1,False,0.00021072787328863137,0.3736951983298539,4.306243271398297,0.6604766741488493,71.39336142388447,2318.0273082460167,0.002615482809442339,0.0008042867919673302,0.0005205090804484997,0.0,0.0,0.12599424805284837,0.08119791805483877,0.060356138196430285,0.11542072314726218,0.901049598583062,416.613323588371,0.0025341866591036956,1.2836626629657042,-0.0007899609682440661,4333.333333333334,0.03531324669707844,True,0.12695827335119247,0.12599424805284837,True,True,True,0.85,True,True,True,3,True,False,True,False,True,False,True,False,False,0,0,True,3,15,24,24,,,,False,False,False,
18,2026-08-18T21:58:40.311968,shadow,analysis_full,silero,webrtc,False,0.19404740631580353,True,True,False,1,True,True,False,1,0.0,,,,,,,,,,,,,0.0034955443063470946,0.6895974667943328,0.2191094506699597,0.09129308224962905,,,,,,,,,,,,,,False,True,temporal_v1,False,0.00018694764343235354,0.22755741127348644,3.9834278527602156,0.8175481997249066,71.25116490799874,1955.3547740388124,0.0024105184987243096,0.0007659067927562172,0.0003191190138665678,0.0,0.0,0.12028458479175913,0.08035391479426912,0.05643746018266844,0.10878189040302713,0.7931144518695276,402.30759862405847,0.00265957928890911,1.3916725854809016,-0.0008596213822934652,2233.3333333333335,0.026441431536989524,True,0.14951519668102264,0.12028458479175913,True,True,True,0.85,True,True,True,4,True,False,True,False,True,False,True,False,False,0,0,True,4,15,24,24,,,,False,False,False,
19,2026-08-18T21:58:40.324860,shadow,analysis_full,silero,webrtc,False,0.1994149088859558,True,True,False,1,True,True,False,1,0.0,,,,,,,,,,,,,0.003691054301355456,0.8129606802150351,0.12887240323635038,0.05816691627768919,,,,,,,,,,,,,,False,True,temporal_v1,False,0.00020312672095171739,0.17745302713987474,3.444159163719184,0.9196126906073757,72.5011120438083,1591.4778471330649,0.0030006820155405625,0.0004756750382915459,0.00021469724652334736,0.0,0.0,0.1172270239683548,0.08021691679899157,0.05297128316004369,0.09935176333830528,0.7627817299635445,384.87481642049806,0.0041944107662751215,1.1201885540638186,-0.000683809690191858,1133.3333333333335,0.02968136968968522,True,0.1680205762386322,0.1172270239683548,True,True,True,0.85,True,True,True,5,True,False,True,False,True,False,True,False,False,0,0,True,5,15,24,24,,,,False,False,False,
20,2026-08-18T21:58:40.334492,shadow,analysis_full,silero,webrtc,False,0.19004710018634796,True,True,False,1,False,True,False,0,0.0,,,,,,,,,,,,,0.020875574687644338,0.8815767569162536,0.09698246109656469,0.021440781939278918,,,,,,,,,,,,,,False,False,temporal_v1,False,0.000437915274241903,0.07306889352818371,2.4995187609137868,0.9520389408889215,79.40880632945263,1452.25673796642,0.01840342143189653,0.002024564610012898,0.0004475886447349128,0.0,0.0,0.12235138669657851,0.08096291835242052,0.05599536286981996,0.10675573100247913,0.8197378927811634,392.54096665184636,0.008164529890141492,1.1439423112251252,-0.0006852808649871956,800.0,0.015521676193024603,True,0.1737135499715805,0.12235138669657851,True,True,True,0.85,False,False,False,0,True,False,True,False,True,False,True,False,False,0,0,False,0,15,24,24,,,,False,False,False,
21,2026-08-18T21:58:40.343054,shadow,analysis_full,silero,webrtc,False,0.15466536581516266,True,True,False,1,False,True,False,0,0.0,,,,,,,,,,,,,0.04009593004800186,0.942289680109239,0.046176625261438335,0.01153369460438258,,,,,,,,,,,,,,False,False,temporal_v1,False,0.0005969836932526307,0.05219206680584551,2.315254491648209,0.9699137916262771,82.19103063635956,1308.2743434678846,0.037781981098614095,0.0018514947363354273,0.0004624542120523404,0.0,0.0,0.12074111801938174,0.06887450218819632,0.05935461508342371,0.11731977922130948,0.859809971230528,422.7730527142045,0.004540088525630821,0.8935683743536096,-0.0005432298630283719,500.00000000000006,0.014415027867166476,True,0.1737135499715805,0.12074111801938174,True,True,True,0.85,False,False,False,0,True,False,True,False,True,False,True,False,False,0,0,False,0,15,24,24,,,,False,False,False,
22,2026-08-18T21:58:40.353632,shadow,analysis_full,silero,webrtc,False,0.16843286156654358,True,True,False,1,False,True,False,0,0.0,,,,,,,,,,,,,0.05492545266518412,0.9650073662823898,0.02024363639412779,0.014748997305276004,,,,,,,,,,,,,,False,False,temporal_v1,False,0.000700996376155096,0.06680584551148225,1.4392812122065175,0.9726563457910352,83.60070555846855,1199.1819488121193,0.053003466418297396,0.0011118908925368644,0.0008100953533498654,0.0,0.0,0.11370307031091735,0.07364519235697259,0.04189316308625513,0.11486429303749077,0.9644444807010708,402.93144602540553,0.010559700580480067,1.0257321859760729,-0.0006303177011838398,400.0,0.0045057947395110804,True,0.1737135499715805,0.11370307031091735,True,True,True,0.85,False,False,False,0,True,False,True,False,True,False,True,False,False,0,0,False,0,15,24,24,,,,False,False,False,
23,2026-08-18T21:58:40.367808,shadow,analysis_full,silero,webrtc,False,0.18883436918258667,True,True,False,1,False,True,False,0,0.0,,,,,,,,,,,,,0.05153080863622416,0.9892766101088535,0.0075416737886894155,0.0031817160830511244,,,,,,,,,,,,,,False,False,temporal_v1,False,0.000674240515882433,0.05010438413361169,0.9436650201587027,0.9842990976335738,83.31499394177652,1057.252336429138,0.05097822368381187,0.0003886285488017819,0.0001639564026105042,0.0,0.0,0.11783777402422238,0.07680207168766194,0.04285948981218517,0.11904990989358989,1.1358659124573738,431.3653309695921,0.01464251992913536,0.9524046212970266,-0.0005782157344186564,366.6666666666667,0.001610014056778112,True,0.1812739595770836,0.11783777402422238,True,True,True,0.85,False,False,False,0,True,False,True,False,True,False,True,False,False,0,0,False,0,15,24,24,,,,False,False,False,
24,2026-08-18T21:58:40.389736,shadow,analysis_full,silero,webrtc,False,0.2456912249326706,True,True,False,1,False,True,False,0,0.0,,,,,,,,,,,,,0.004150152900595615,0.9277471363254223,0.04745393149675729,0.024798931936865155,,,,,,,,,,,,,,False,False,temporal_v1,False,0.00019366549115443593,0.05845511482254697,2.031311023638383,0.9596945420564422,72.26128736835105,1468.8256001553411,0.003850292468840227,0.0001969410714459329,0.00010291935930945416,0.0,0.0,0.11355517350213,0.0738010654233057,0.04162651875550583,0.1199771088531812,1.115133509856549,415.58578614713525,0.028718686781598102,1.0305834233613564,-0.0006223765763412648,533.3333333333334,0.013467740602234188,True,0.18944073468446732,0.11355517350213,True,True,True,0.85,False,False,False,0,True,False,True,False,True,False,True,False,False,0,0,False,0,15,24,24,,,,False,False,False,
25,2026-08-18T21:58:40.404414,shadow,analysis_full,silero,webrtc,False,0.2344684898853302,True,True,False,1,True,True,False,1,0.0,,,,,,,,,,,,,0.003214379902359401,0.7616037307190394,0.19360022919122172,0.04479603977863693,,,,,,,,,,,,,,False,True,temporal_v1,False,0.0001844064253811279,0.09812108559498957,3.602461269201498,0.9240973235993275,71.66018517439474,1552.0258337099397,0.0024480837255852214,0.000622304685804437,0.0001439914899697428,0.0,0.0,0.113412999394048,0.07611872900135866,0.041144563316161224,0.10891802848219313,1.1017336345615734,379.55588571827366,0.01995050430870973,0.9557082348548297,-0.0005723319398867289,1266.6666666666667,0.04000976133233405,True,0.19204725325107574,0.113412999394048,True,True,True,0.85,True,True,True,1,True,False,True,False,True,False,True,False,False,0,0,True,1,15,24,24,,,,False,False,False,
26,2026-08-18T21:58:40.418342,shadow,analysis_full,silero,webrtc,False,0.2658718228340149,True,True,False,1,True,True,False,1,0.0,,,,,,,,,,,,,0.0036261084093461714,0.6926510897789901,0.2296237209244472,0.0777251890207849,,,,,,,,,,,,,,False,True,temporal_v1,False,0.0001846205461651415,0.17118997912317327,3.811846510164056,0.8883668348088446,71.49971349805368,1585.305249325087,0.002511627941390386,0.0008326405054294964,0.00028183996152628886,0.0,0.0,0.11812034709758001,0.08261277444486344,0.03953735140280342,0.09920864875071213,1.0932267944435425,346.0611013510764,0.0028608503161881692,1.611867129187833,-0.0009641207379425784,1766.6666666666667,0.010386330335145882,True,0.19673115760087967,0.11812034709758001,True,True,True,0.85,True,True,True,2,True,False,True,False,True,False,True,False,False,0,0,True,2,15,24,24,,,,False,False,False,
27,2026-08-18T21:58:40.436925,shadow,analysis_full,silero,webrtc,False,0.2805074453353882,True,True,False,1,True,True,False,1,0.0,,,,,,,,,,,,,0.0008223497064213617,0.5303932996634612,0.3474541430005617,0.12215255611994941,,,,,,,,,,,,,,False,True,temporal_v1,False,9.672099369135835e-05,0.1837160751565762,4.039506979295981,0.8267755913768157,65.21038464736668,1818.6711481735126,0.0004361687742661046,0.00028572881249139774,0.0001004521186638593,0.0,0.0,0.1416287902516917,0.10537242703565315,0.03748008130849662,0.06337243195753685,1.059814280169556,255.6883232251554,0.0039043361700992875,1.01997926803159,-0.0006074891096387432,2300.0,0.048844950231829755,True,0.19673115760087967,0.1416287902516917,True,True,True,0.85,True,True,True,3,True,False,True,False,True,False,True,False,False,0,0,True,3,15,24,24,,,,False,False,False,
28,2026-08-18T21:58:40.456292,shadow,analysis_full,silero,webrtc,False,0.25462284684181213,True,True,False,1,False,True,False,0,0.0,,,,,,,,,,,,,0.011422517707107751,0.9708871775303283,0.017788953106668906,0.01132386927545633,,,,,,,,,,,,,,False,False,temporal_v1,False,0.0003258881983010314,0.06680584551148225,1.760182909210415,0.9735537254873596,76.92092755054804,1362.3017049379537,0.011089975976944041,0.000203194631851835,0.00012934709731187336,0.0,0.0,0.141005261210616,0.10635950001805707,0.03566002537573128,0.05244863866809037,1.0231130426053452,207.08880793464672,0.030621956761105476,0.7306876269895818,-0.00044053740004895947,433.33333333333337,0.010370134502499259,True,0.216941699385643,0.141005261210616,True,True,True,0.85,False,False,False,0,True,False,True,False,True,False,True,False,False,0,0,False,0,15,24,24,,,,False,False,False,
29,2026-08-18T21:58:40.467374,shadow,analysis_full,silero,webrtc,False,0.22925087809562683,True,True,False,1,False,True,False,0,0.0,,,,,,,,,,,,,0.0029134633141449776,0.9126522414345931,0.06084134636582366,0.026506411856349103,,,,,,,,,,,,,,False,True,temporal_v1,False,0.0001695542203922789,0.1127348643006263,2.671775709085425,0.9551416326947408,71.05024261028252,1289.7942062756035,0.002658978823991872,0.0001772590306200151,7.722545853309059e-05,0.0,0.0,0.14173741148361146,0.10733465020620826,0.035219345473365235,0.046071613906425966,0.9840256852201004,204.72067758900275,0.01872944915965588,1.535791473820365,-0.0009252540351953185,566.6666666666667,0.0030930181352913306,True,0.23185968399047852,0.14173741148361146,True,True,True,0.85,False,False,False,0,True,False,True,False,True,False,True,False,False,0,0,False,0,15,24,24,,,,False,False,False,
30,2026-08-18T21:58:40.482036,shadow,analysis_full,silero,webrtc,False,0.24302594363689423,True,True,False,1,True,True,False,1,0.0,,,,,,,,,,,,,0.0021024934705882537,0.5296399916821118,0.32448549055123704,0.14587451729102544,,,,,,,,,,,,,,False,True,temporal_v1,False,0.00014044622634207224,0.16701461377870563,3.6977316968714273,0.790910102661031,68.52365881600595,1999.3727589821765,0.0011135646242740572,0.0006822286251846023,0.00030670022012959427,0.0,0.0,0.1718595607250832,0.12543342521967435,0.04770815297178428,0.05036293762570441,1.0462572892789013,271.18540791358316,0.015470527811242798,0.9992626927902514,-0.0005861075516426953,2533.3333333333335,0.0360163578708876,True,0.2387472167611122,0.1718595607250832,True,True,True,0.85,True,True,True,1,True,False,True,False,True,False,True,False,False,0,0,True,1,15,24,24,,,,False,False,False,
31,2026-08-18T21:58:40.501034,shadow,analysis_full,silero,webrtc,False,0.2072240710258484,True,True,False,1,False,True,False,0,0.0,,,,,,,,,,,,,0.019696282635135915,0.9063782145594549,0.06297952020358787,0.030642265186186287,,,,,,,,,,,,,,False,False,temporal_v1,False,0.0004272227911177477,0.09394572025052192,1.842514539500315,0.9515177663005105,79.19030056798243,1695.6059794084788,0.017852281488292886,0.001240462430155119,0.0006035387156879108,0.0,0.0,0.16967428462554018,0.12441410389033865,0.046567765359765624,0.04765955953155585,1.0698828990707445,273.8111869295445,0.02799005861433896,0.6738724021073927,-0.0004056330570171014,433.33333333333337,0.022537822568074586,True,0.2387472167611122,0.16967428462554018,True,True,True,0.85,False,False,False,0,True,False,True,False,True,False,True,False,False,0,0,False,0,15,24,24,,,,False,False,False,
32,2026-08-18T21:58:40.509853,shadow,analysis_full,silero,webrtc,False,0.2072240710258484,True,True,False,1,False,True,False,0,0.0,,,,,,,,,,,,,0.038195489851402954,0.9511696072287467,0.03499293127106916,0.013837461474003204,,,,,,,,,,,,,,False,False,temporal_v1,False,0.0005852765323104183,0.05219206680584551,0.8858138478451865,0.9685074840242384,82.01264244090117,1636.6921362049202,0.036330389079868526,0.001336572151234963,0.0005285286192994687,0.0,0.0,0.16852736265971316,0.12317117619238799,0.046637859883896314,0.04906942574936868,1.139708178296965,256.18311026906696,0.015967748780984538,0.6620490344263591,-0.000392485215449878,400.0,0.011061634656693886,True,0.2387472167611122,0.16852736265971316,True,True,True,0.85,False,False,False,0,True,False,True,False,True,False,True,False,False,0,0,False,0,15,24,24,,,,False,False,False,
33,2026-08-18T21:58:40.520645,shadow,analysis_full,silero,webrtc,False,0.18324331939220428,True,True,False,1,False,True,False,0,0.0,,,,,,,,,,,,,0.014977927076337714,0.9539985625764418,0.036309439122489094,0.009691998234304213,,,,,,,,,,,,,,False,False,temporal_v1,False,0.00036429139653535066,0.07933194154488518,1.5536664676674479,0.971065756187997,77.88562901429863,1315.8169113593178,0.014288920901200947,0.0005438401313593653,0.0001451660427774024,0.0,0.0,0.16522607798103736,0.12052241754612092,0.046019943823149334,0.046489744763006574,1.067263551447093,215.27189983044215,0.023301873378773517,1.5614020118735412,-0.0009615409274255173,400.0,0.0017279959148975386,True,0.2387472167611122,0.16522607798103736,True,True,True,0.85,False,False,False,0,True,False,True,False,True,False,True,False,False,0,0,False,0,15,24,24,,,,False,False,False,
34,2026-08-18T21:58:40.533561,shadow,analysis_full,silero,webrtc,False,0.22425314784049988,True,True,False,1,True,True,False,1,0.0,,,,,,,,,,,,,0.003416960375113661,0.6550541770260764,0.0904524823042599,0.25449334037700594,,,,,,,,,,,,,,False,True,temporal_v1,False,0.0001989852200038627,0.33611691022964507,3.37105179341584,0.624810434893132,70.64234116794668,2707.7357434522905,0.0022382941664507924,0.0003090725478643257,0.0008695936597985429,0.0,0.0,0.16665196466472712,0.11804416848563451,0.07533074851624981,0.07955577696076528,1.0728367713934939,398.50818045960665,0.026036743746757546,0.8326070777843801,-0.000506524966424549,4466.666666666667,0.03950503206837669,True,0.23185968399047852,0.16665196466472712,True,True,True,0.85,True,True,True,1,True,False,True,False,True,False,True,False,False,0,0,True,1,15,24,24,,,,False,False,False,
35,2026-08-18T21:58:40.548584,shadow,analysis_full,silero,webrtc,False,0.2440401315689087,True,True,False,1,True,True,False,1,0.0,,,,,,,,,,,,,0.0026518426682675214,0.23458360911995502,0.10550096772509966,0.659915422777849,,,,,,,,,,,,,,False,True,temporal_v1,False,0.00016121393985106368,0.38413361169102295,3.9217043397172895,0.5789451138874736,68.42417692584046,2632.2672683914734,0.0006220788239404868,0.00027977196775693394,0.0017499918755701004,0.0,0.0,0.2353476894561126,0.11698691204359127,0.1901887863020635,0.10732171331284347,1.1028425734608882,482.3427970858293,0.008504440931642375,1.0058743405607111,-0.0005983502080629267,3800.0000000000005,0.04081287987630903,True,0.23613841086626053,0.2353476894561126,True,True,True,0.85,True,True,True,2,True,False,True,False,True,False,True,False,False,0,0,True,2,15,24,24,,,,False,False,False,
36,2026-08-18T21:58:40.564937,shadow,analysis_full,silero,webrtc,False,0.3072477877140045,True,True,False,1,True,True,False,1,0.0,,,,,,,,,,,,,0.0007073392750366746,0.4530399474674322,0.1474701065245139,0.3994899445943052,,,,,,,,,,,,,,False,True,temporal_v1,False,9.245251258755227e-05,0.2359081419624217,3.915338089679536,0.7158054004963598,64.14310820381579,2097.600828007031,0.00032045294800426665,0.00010431139823863084,0.00028257492779377714,0.0,0.0,0.25004971551451144,0.11257714200937097,0.2044259812031581,0.10944714986944971,1.1131435829011043,483.56075549028867,0.006990679377761849,1.2530658820664173,-0.0007559235558955086,3266.666666666667,0.02626405358280678,True,0.23613841086626053,0.25004971551451144,True,True,True,0.85,True,True,True,3,True,False,True,False,True,False,True,False,False,0,0,True,3,15,24,24,,,,False,False,False,
37,2026-08-18T21:58:40.584661,shadow,analysis_full,silero,webrtc,False,0.31778109073638916,True,True,False,1,True,True,False,1,0.0,,,,,,,,,,,,,0.0008752858005187351,0.7976315411112932,0.11100635254881967,0.09136210519740319,,,,,,,,,,,,,,False,True,temporal_v1,False,0.00010744249126742555,0.1440501043841336,3.0003394420991683,0.9054042052449895,66.61527531051249,1738.7440424148633,0.0006981555619805906,9.716228415335856e-05,7.996795338478594e-05,0.0,0.0,0.24364840427513199,0.08415937382651612,0.2053141491220837,0.10963991834215245,1.0351737089281332,484.76391408902333,0.007383303812399863,0.945267124466258,-0.0005725782646609592,1266.6666666666667,0.028023783830048873,True,0.23613841086626053,0.24364840427513199,True,True,True,0.85,True,True,True,4,True,False,True,False,True,False,True,False,False,0,0,True,4,15,24,24,,,,False,False,False,
38,2026-08-18T21:58:40.600148,shadow,analysis_full,silero,webrtc,False,0.30068349838256836,True,True,False,1,False,True,False,0,0.0,,,,,,,,,,,,,0.025105045193985494,0.9800107249943039,0.017026667517129352,0.00296260744873415,,,,,,,,,,,,,,False,False,temporal_v1,False,0.0004706663202821852,0.059498956158663886,1.4863550259334808,0.97837814879577,80.15672045253208,1312.245834578308,0.024603213541572487,0.00042745525752049715,7.43763938925089e-05,0.0,0.0,0.24453980971426426,0.08423337560057727,0.20595152209974063,0.11032889384319552,1.061942628086579,489.9794819466817,0.0343059651236233,0.6649622854716403,-0.0003997823895520236,433.33333333333337,0.00820411657606567,True,0.23613841086626053,0.24453980971426426,True,True,True,0.85,False,False,False,0,True,False,True,False,True,False,True,False,False,0,0,False,0,15,24,24,,,,False,False,False,
39,2026-08-18T21:58:40.615734,shadow,analysis_full,silero,webrtc,False,0.41526201367378235,True,True,False,1,False,True,False,0,0.0,,,,,,,,,,,,,0.07957137729489357,0.9593299151888384,0.03735055940156356,0.003319525397030528,,,,,,,,,,,,,,False,False,temporal_v1,False,0.0008355005907092516,0.07306889352818371,1.2532713295328544,0.9743836758542301,85.13672469616587,1159.3915586015275,0.07633520263176931,0.002972035454317148,0.0002641392078070975,0.0,0.0,0.24825739932168475,0.08558446680845729,0.20760443979016244,0.1128740056049026,1.1394198256914192,505.9915739896328,0.004773022502989283,1.0871666053824705,-0.0006607555392715872,466.6666666666667,0.002977602025054945,True,0.24353303760290146,0.24825739932168475,True,True,True,0.85,False,False,False,0,True,False,True,False,True,False,True,False,False,0,0,False,0,15,24,24,,,,False,False,False,
40,2026-08-18T21:58:40.630160,shadow,analysis_full,silero,webrtc,False,0.4927871823310852,True,True,False,1,False,True,False,0,0.0,,,,,,,,,,,,,0.07280252825261797,0.9736276573717798,0.01734787531204989,0.009024467302434492,,,,,,,,,,,,,,False,False,temporal_v1,False,0.0008019823416034615,0.05845511482254697,1.3315444856376117,0.9759029186640543,84.7875765282688,1193.8436341865945,0.07088255503333925,0.001262969182528406,0.0006570040357503143,0.0,0.0,0.24598479554724814,0.04273111193604659,0.21261103428327874,0.11706302459369272,1.1099299155100297,535.7859168079842,0.0031614842594464743,0.8701022725174341,-0.0005287619369675186,466.6666666666667,0.003558001554810115,True,0.2723618149757385,0.24598479554724814,True,True,True,0.85,False,False,False,0,True,False,True,False,True,False,True,False,False,0,0,False,0,15,24,24,,,,False,False,False,
41,2026-08-18T21:58:40.644935,shadow,analysis_full,silero,webrtc,True,0.5096720457077026,True,True,False,1,False,True,False,0,0.0,,,,,,,,,,,,,0.037319918787256594,0.9715695528052338,0.024655960711748755,0.003774486456222077,,,,,,,,,,,,,,False,False,temporal_v1,False,0.0005744043788919324,0.05219206680584551,1.0908824847262775,0.9788824331802941,81.89536439411548,1273.0365251428318,0.036258896806862534,0.0009201584513842528,0.00014086352800980786,0.0,0.0,0.24990847398516577,0.04451535102140683,0.21423403617019338,0.11976099508445767,1.1597291978483977,554.6615690632807,0.005482547230984294,0.9024218517640092,-0.0005480209591862124,400.0,0.006931746389733369,True,0.30396564304828644,0.24990847398516577,True,True,True,0.85,False,False,False,0,True,False,True,False,True,False,True,False,False,0,0,False,0,15,24,24,,,,False,False,False,
42,2026-08-18T21:58:40.657825,shadow,analysis_full,silero,webrtc,False,0.4689077138900757,True,True,False,1,False,True,False,0,0.0,,,,,,,,,,,,,0.035352477458538006,0.9811949505669232,0.014073608649435505,0.004731440755354697,,,,,,,,,,,,,,False,False,temporal_v1,False,0.0005602485815249285,0.05219206680584551,1.535959112952803,0.9793429544077051,81.68008187013939,1412.6317482144211,0.03468767237234847,0.0004975369325394542,0.00016726815265008497,0.0,0.0,0.25196268066775496,0.04620476395861291,0.21480728830443158,0.11976099508445767,1.1020900174310844,561.5216890964656,0.011417052709490816,0.5507775665299887,-0.0003382369388294674,400.0,0.010564067384593265,True,0.31251443922519684,0.25196268066775496,True,True,True,0.85,False,False,False,0,True,False,True,False,True,False,True,False,False,0,0,False,0,15,24,24,,,,False,False,False,
43,2026-08-18T21:58:40.666122,shadow,analysis_full,silero,webrtc,False,0.4715970456600189,True,True,False,1,False,True,False,0,0.0,,,,,,,,,,,,,0.03197503920267257,0.9497962513793105,0.03284914774218457,0.017354600847230547,,,,,,,,,,,,,,False,False,temporal_v1,False,0.0005307824944328472,0.07306889352818371,1.6375602524817707,0.9688345271977152,81.16246073329889,1284.3848569481972,0.030369772372404902,0.001050352786830735,0.0005549140424369313,0.0,0.0,0.2517021918593228,0.04639435008489564,0.21434041837027532,0.12013162651855828,1.097095782785618,563.6596123022409,0.0039361699711597175,1.095734679718979,-0.000654703622357079,433.33333333333337,0.004758837889334494,True,0.36652155220508575,0.2517021918593228,True,True,True,0.85,False,False,False,0,True,False,True,False,True,False,True,False,False,0,0,False,0,15,24,24,,,,False,False,False,
44,2026-08-18T21:58:40.672664,shadow,analysis_full,silero,webrtc,False,0.4916977882385254,True,True,False,1,False,True,False,0,0.0,,,,,,,,,,,,,0.0049009062885714,0.9473382576597137,0.04053020731030169,0.01213153482594059,,,,,,,,,,,,,,False,False,temporal_v1,False,0.00021394590996803644,0.05219206680584551,1.776734974086105,0.971103908551038,73.19982092877657,1242.3247273641605,0.004642816024368764,0.00019863474788416012,5.945551531847518e-05,0.0,0.0,0.25065469412278907,0.04550189612136194,0.21425132819120016,0.1045960791920068,1.0374614031381835,458.38629355063824,0.006686309331975616,1.2075922528435876,-0.0007259293313140523,433.33333333333337,0.004582833579955879,True,0.442084863781929,0.25065469412278907,True,True,True,0.85,False,False,False,0,True,False,True,False,True,False,True,False,False,0,0,False,0,15,24,24,,,,False,False,False,
45,2026-08-18T21:58:40.683018,shadow,analysis_full,silero,webrtc,True,0.5165761709213257,True,True,False,1,False,True,False,0,0.0,,,,,,,,,,,,,0.0016695808040668929,0.8535047264138189,0.11985428380912763,0.02664098917810072,,,,,,,,,,,,,,False,True,temporal_v1,False,0.00013303763262780932,0.11899791231732777,3.074182773656729,0.9491812366854119,68.81723507946388,1440.290514773026,0.0014249951074008771,0.0002001064115329049,4.447928413311079e-05,0.0,0.0,0.15569998170582955,0.04727117166461451,0.11689948784498957,0.056391493356802255,0.9117746368572264,276.26657775340806,0.01850628994425689,0.8989247978680098,-0.0005423819498440543,833.3333333333334,0.02654191083584305,True,0.4702523797750473,0.15569998170582955,True,True,True,0.85,False,False,False,0,True,False,True,False,True,False,True,False,False,0,0,False,0,15,24,24,,,,False,False,False,
46,2026-08-18T21:58:40.698685,shadow,analysis_full,silero,webrtc,True,0.510245144367218,True,True,False,1,True,True,False,1,0.0,,,,,,,,,,,,,0.0033040862281165655,0.6886879026300688,0.27986839725100215,0.03144369981627336,,,,,,,,,,,,,,False,True,temporal_v1,False,0.00018301990413838054,0.08977035490605428,3.5839016108305315,0.9176448263210094,71.562294916798,1534.1209415794237,0.0022754842145504928,0.0009247093170420924,0.00010389269552398018,0.0,0.0,0.09381766645121387,0.07892126615166317,0.02553651831275669,0.029914569573987325,0.8455377947627237,167.4018088605076,0.009152089172206293,0.9751747608865545,-0.0005818977897376508,1366.6666666666667,0.030545306309156837,True,0.48164741694927216,0.09381766645121387,True,True,True,0.85,True,True,True,1,True,False,True,False,True,False,True,False,False,0,0,True,1,15,24,24,,,,False,False,False,
47,2026-08-18T21:58:40.707226,shadow,analysis_full,silero,webrtc,False,0.4661954939365387,True,True,False,1,True,True,False,1,0.0,,,,,,,,,,,,,0.00515258556081036,0.7902803097517851,0.19669989882148833,0.013019791232649146,,,,,,,,,,,,,,False,True,temporal_v1,False,0.00022522190921837288,0.09812108559498957,3.172937391846927,0.9377900136816746,73.50327923625224,1325.9701081638052,0.004071986913019787,0.0010135130584804596,6.708558831011331e-05,0.0,0.0,0.09472182015881125,0.08718706880272285,0.00952142956833774,0.021726197717120935,0.8677200008733493,109.61961606473038,0.011059877368845727,1.5010024762893512,-0.0009161398854777849,1266.6666666666667,0.00662929136178272,True,0.48164741694927216,0.09472182015881125,True,True,True,0.85,True,True,True,2,True,False,True,False,True,False,True,False,False,0,0,True,2,15,24,24,,,,False,False,False,
48,2026-08-18T21:58:40.714916,shadow,analysis_full,silero,webrtc,False,0.4661954939365387,True,True,False,1,True,True,False,1,0.0,,,,,,,,,,,,,0.014657571581269797,0.8254958855363932,0.16237717097121535,0.012126943424167319,,,,,,,,,,,,,,False,True,temporal_v1,False,0.0004189797963111271,0.10647181628392484,3.1838075893334907,0.9565206407307107,79.04202803141425,1119.4311733240816,0.012099765032293382,0.0023800550066746732,0.00017775154130174155,0.0,0.0,0.09456753786837435,0.08791898140228936,0.008991379085167622,0.023368061729329464,0.9164089613667629,124.81004285928866,0.0075982722427553944,1.4800521539828364,-0.0008983393417677974,900.0000000000001,0.004458359581333355,True,0.48164741694927216,0.09456753786837435,True,True,True,0.85,True,True,True,3,True,False,True,False,True,False,True,False,False,0,0,True,3,15,24,24,,,,False,False,False,
49,2026-08-18T21:58:40.724760,shadow,analysis_full,silero,webrtc,False,0.4347405731678009,True,True,True,1,True,True,False,1,0.0,,,,,,,,,,,,,0.07428518422884664,0.6193049774499418,0.3688464314814945,0.011848591055102047,,,,,,,,,,,,,,False,True,temporal_v1,False,0.0008613990278470009,0.11482254697286012,2.792670027832337,0.9348962942706505,85.22279823945438,1201.5241700326853,0.04600518434371065,0.02739982511475548,0.0008801747693805199,0.0,0.0,0.12211223767545064,0.11814997253124183,0.00838273931078063,0.0258139239893559,0.8790129429457977,120.68451330047623,0.012949083120690274,1.0926009012675983,-0.0006635476857182814,1233.3333333333335,0.004239202581984432,True,0.48164741694927216,0.12211223767545064,True,True,True,0.85,True,True,True,4,True,True,True,True,True,True,True,False,False,1,0,True,4,15,24,24,,,,False,False,False,
50,2026-08-18T21:58:40.747616,shadow,analysis_full,silero,webrtc,True,0.534115731716156,True,True,True,1,True,True,False,1,0.0,,,,,,,,,,,,,0.1586271064037599,0.5909235711612496,0.3927388309913324,0.016337597841113875,,,,,,,,,,,,,,False,True,temporal_v1,False,0.001205956069833907,0.12943632567849686,3.0886077280723483,0.9155118744556087,88.05679722667503,1358.549521795347,0.09373649619908532,0.062299024332550364,0.0025915858711242088,0.0,0.0,0.139291023732835,0.1360382834928418,0.008215819937428601,0.028121790779626444,0.8389629730902723,115.83858637193735,0.012011466711161645,1.5076450092184361,-0.0009033830603452128,1466.6666666666667,0.004571400247133959,True,0.48164741694927216,0.139291023732835,True,True,True,0.85,True,True,True,5,True,True,True,True,True,True,True,False,False,2,0,True,5,15,24,24,,,,False,False,False,
51,2026-08-18T21:58:40.771001,shadow,analysis_full,silero,webrtc,False,0.4912005364894867,True,True,True,1,True,True,False,1,0.0,,,,,,,,,,,,,0.20530410277440905,0.7387637029587177,0.25595884237196975,0.005277454664441614,,,,,,,,,,,,,,False,True,temporal_v1,False,0.0014048783015265115,0.11064718162839249,3.0685180100797838,0.9375375444075635,89.48695699747819,1255.325508297921,0.1516712191982396,0.05254940048035365,0.0010834830948158055,0.0,0.0,0.13155555178207232,0.13003881944317455,0.008021622419380309,0.025908301776476638,0.7078069476502967,116.66371901903752,0.011947315231477462,1.019473673590933,-0.000616358906492294,1066.6666666666667,0.010388209418116526,True,0.4813987910747528,0.13155555178207232,True,True,True,0.85,True,True,True,6,True,True,True,True,True,True,True,False,False,3,0,True,6,15,24,24,,,,False,False,False,
52,2026-08-18T21:58:40.792217,shadow,analysis_full,silero,webrtc,False,0.4367437958717346,True,True,True,1,True,True,False,1,0.0,,,,,,,,,,,,,0.15039002735718773,0.7617744355003242,0.23611733845634542,0.002108226036681099,,,,,,,,,,,,,,False,True,temporal_v1,False,0.0011627768143046236,0.1022964509394572,2.5917597918104374,0.954173006110218,87.91984838803157,1200.837724204793,0.1145632781949,0.03550969298995614,0.000317056171331606,0.0,0.0,0.11672110683975458,0.11702779815498265,0.008390527253108739,0.021736977648225957,0.597756979252276,116.68747860859443,0.01101897801482166,0.9208162077536117,-0.000561212539341683,1133.3333333333335,0.007928613577018032,True,0.4813987910747528,0.11672110683975458,True,True,True,0.85,True,True,True,7,True,True,True,True,True,True,True,False,False,4,0,True,7,15,24,24,,,,False,False,False,
53,2026-08-18T21:58:40.818338,shadow,analysis_full,silero,webrtc,False,0.3273490071296692,True,True,True,1,False,True,False,0,0.0,,,,,,,,,,,,,0.23019662446279004,0.902178000812729,0.09631011995358854,0.0015118792293383357,,,,,,,,,,,,,,False,False,temporal_v1,False,0.001430643377947519,0.05636743215031315,1.6267066011596778,0.9742149270789717,89.81167654277719,1231.2886569875238,0.20767833045167847,0.022170264514922485,0.0003480294951890893,0.0,0.0,0.11035536822316781,0.10875431245821772,0.009218869396619922,0.024210819135941055,0.599867474525808,118.30456604132195,0.009288913359509227,0.7650661366711017,-0.0004714042610389626,800.0,0.008549495276899705,True,0.4786980152130127,0.11035536822316781,True,True,True,0.85,False,False,False,0,True,True,True,True,True,True,True,False,False,5,0,False,0,15,24,24,,,,False,False,False,
54,2026-08-18T21:58:40.839283,shadow,analysis_full,silero,webrtc,False,0.3179900646209717,True,True,True,1,False,True,False,0,0.0,,,,,,,,,,,,,0.22421114953530974,0.9483705685071128,0.04688653591762207,0.0047428955708050885,,,,,,,,,,,,,,False,False,temporal_v1,False,0.0014138605064028412,0.054279749478079335,1.801509456900478,0.9791220107714985,89.7311971380773,1097.2819309075549,0.21263525535043498,0.010512484115818633,0.0010634100680561379,0.0,0.0,0.11051986254511151,0.10774705596336699,0.009567954012417314,0.023821547934189415,0.5956894828166702,131.53083128060476,0.011304847373278366,1.000198407457531,-0.0006053697877472403,533.3333333333334,0.0043034900375567625,True,0.4661954939365387,0.11051986254511151,True,True,True,0.85,False,False,False,0,True,True,True,True,True,True,True,False,False,6,0,False,0,15,24,24,,,,False,False,False,
55,2026-08-18T21:58:40.863743,shadow,analysis_full,silero,webrtc,False,0.3453797399997711,True,True,True,1,True,True,False,1,0.0,,,,,,,,,,,,,0.09822344627192192,0.8483438742965315,0.10784358548610636,0.043812540207181234,,,,,,,,,,,,,,False,False,temporal_v1,False,0.0009615521916197833,0.08977035490605428,2.582580569316028,0.9398485276574313,86.20256696897522,1461.1568235703019,0.08332725895707944,0.010592768624765986,0.004303418689076485,0.0,0.0,0.11014915546410453,0.10886837732246676,0.012908444518848448,0.022854166485852204,0.5911745346203506,134.25067971772978,0.011691501875396016,0.7922424100409832,-0.0004704786638762301,966.6666666666667,0.016348370425819048,True,0.45146964490413666,0.11014915546410453,True,True,True,0.85,True,True,True,1,True,True,True,True,True,True,True,False,False,7,0,True,1,15,24,24,,,,False,False,False,
56,2026-08-18T21:58:40.885191,shadow,analysis_full,silero,webrtc,False,0.32491424679756165,True,True,True,1,False,True,False,0,0.0,,,,,,,,,,,,,0.2561737434683976,0.924084715764144,0.03354822181357931,0.042367062418373215,,,,,,,,,,,,,,False,False,temporal_v1,False,0.001507567291345254,0.05845511482254697,1.796478921966261,0.9559446002079466,90.18500634266458,1567.9491544587804,0.23672624091923095,0.008594173568692767,0.01085332897947393,0.0,0.0,0.1150011862476459,0.1186843480957653,0.014662482713870955,0.025388315758011933,0.5819530082210376,140.90900276691093,0.007267450937523202,0.709803649576177,-0.0004274078267544445,400.0,0.01413108175721307,True,0.43574218451976776,0.1150011862476459,True,True,True,0.85,False,False,False,0,True,True,True,True,True,False,True,False,False,8,0,False,0,15,24,24,,,,False,False,False,
57,2026-08-18T21:58:40.895725,shadow,analysis_full,silero,webrtc,False,0.2578482925891876,True,True,True,1,False,True,False,0,0.0,,,,,,,,,,,,,0.2633174004900945,0.9089307165698357,0.027435606867733955,0.06363367655863267,,,,,,,,,,,,,,False,False,temporal_v1,False,0.001526102980598671,0.0709812108559499,1.8486221670327327,0.9483082085970351,90.25579586789411,1338.0800113184584,0.239337273512768,0.007224272681279889,0.016755854295046616,0.0,0.0,0.11992258279011173,0.12817429873120675,0.020550191709028085,0.026038349607797683,0.5804861183049845,141.33366990894987,0.005716007754286649,1.0021503959335272,-0.000609402987927531,633.3333333333334,0.004895918869344925,True,0.390060156583786,0.11992258279011173,True,True,True,0.85,False,False,False,0,True,True,True,True,True,False,True,False,False,9,0,False,0,15,24,24,,,,False,False,False,
58,2026-08-18T21:58:40.906250,shadow,analysis_full,silero,webrtc,False,0.28765079379081726,True,True,True,1,True,True,False,1,0.0,,,,,,,,,,,,,0.1081866576037854,0.8072744989764714,0.04642825549817578,0.14629724551610948,,,,,,,,,,,,,,False,False,temporal_v1,False,0.0009814751057857978,0.12108559498956159,2.3161659994220405,0.9008124292452865,86.19541863623903,1532.132842000348,0.08733632981303492,0.00502291778072221,0.015827410009028264,0.0,0.0,0.11976325267493082,0.1337178856890413,0.04267419087073742,0.027335890826048263,0.5247089194501896,147.61931260104038,0.006138480286611486,0.9087219141391659,-0.0005501785409132991,2333.3333333333335,0.012202283306924272,True,0.33636437356472015,0.11976325267493082,True,True,True,0.85,True,True,True,1,True,True,True,True,True,False,True,False,True,0,0,True,1,15,24,15,,,,False,False,False,
59,2026-08-18T21:58:40.927340,shadow,analysis_full,silero,webrtc,False,0.27009090781211853,True,True,True,1,False,True,False,0,0.0,,,,,,,,,,,,,0.16304230935660846,0.9493136938519513,0.01293462372180161,0.03775168242011377,,,,,,,,,,,,,,False,False,temporal_v1,False,0.0012177636232835395,0.07306889352818371,1.1123700182363148,0.9678375529982172,88.38123041442813,1275.4393726728078,0.15477829694947454,0.0021088909222613046,0.006155121483872626,0.0,0.0,0.10903621162393004,0.12042054960498678,0.04204503013757788,0.02652671743458236,0.6173493176970248,143.06120176548527,0.014075358190845103,1.145560068454971,-0.0006968149904815884,333.33333333333337,0.0025845178880318253,True,0.3261316269636154,0.10903621162393004,True,True,True,0.85,False,False,False,0,True,True,True,True,True,False,True,False,True,0,0,False,0,15,24,15,,,,False,False,False,
60,2026-08-18T21:58:40.948947,shadow,analysis_full,silero,webrtc,False,0.2666056156158447,True,True,True,1,False,True,False,0,0.0,,,,,,,,,,,,,0.14921016204825488,0.9746168563986828,0.01741600644281312,0.00796713715180218,,,,,,,,,,,,,,False,False,temporal_v1,False,0.0011403917255436381,0.04384133611691023,1.1843731627274132,0.9822370320036878,87.87683620808323,1157.3110181457005,0.1454227390782082,0.0025986451435655966,0.001188777825481075,0.0,0.0,0.0786050536116205,0.08442757071478292,0.04251646671836618,0.025107801884547656,0.6022445688462159,151.77217168591392,0.008618704291917136,0.8497247579141114,-0.0005136916930043811,366.6666666666667,0.00414591304235597,True,0.32145215570926666,0.0786050536116205,True,True,True,0.85,False,False,False,0,True,True,True,True,True,False,True,False,True,0,0,False,0,15,24,15,,,,False,False,False,
61,2026-08-18T21:58:40.962416,shadow,analysis_full,silero,webrtc,False,0.2594538927078247,True,True,True,1,False,True,False,0,0.0,,,,,,,,,,,,,0.03398522444307231,0.9554823003612329,0.03446980920159924,0.010047890407743076,,,,,,,,,,,,,,False,False,temporal_v1,False,0.0005538189053066254,0.054279749478079335,1.7197549487592074,0.978063370070329,81.57308917108156,1195.231132987836,0.032472280429159533,0.0011714642022262294,0.00034147981068654177,0.0,0.0,0.0666455052151983,0.06408483455740706,0.04219974303551071,0.023435109784733524,0.48608085650240435,155.03913507557058,0.012233232286665813,0.825049652049038,-0.0005069426900825225,366.6666666666667,0.006337035379630858,True,0.30282042920589447,0.0666455052151983,True,True,True,0.85,False,False,False,0,True,True,True,True,True,False,True,False,True,0,0,False,0,15,24,15,,,,False,False,False,
62,2026-08-18T21:58:40.972586,shadow,analysis_full,silero,webrtc,False,0.2902419865131378,True,True,True,1,False,True,False,0,0.0,,,,,,,,,,,,,0.017313950176709732,0.933791965549266,0.03682090465249643,0.02938712974048084,,,,,,,,,,,,,,False,False,temporal_v1,False,0.0003916275270577814,0.06889352818371608,2.0531340727306233,0.9640654665246035,78.48658128207136,1333.88823480607,0.016167627566931842,0.0006375153086147028,0.0005088073001631901,0.0,0.0,0.04916113640704773,0.029973244846935716,0.04077687617055292,0.021217471392862883,0.42818719583216436,151.13150641191115,0.004740169747172587,0.9067999953575768,-0.0005463178733159175,666.6666666666667,0.00810952228653518,True,0.28894639015197754,0.04916113640704773,True,True,False,0.85,False,False,False,0,True,True,True,True,True,False,True,False,True,0,0,False,0,15,24,15,,,,False,False,False,
63,2026-08-18T21:58:40.985291,shadow,analysis_full,silero,webrtc,False,0.3188118636608124,True,True,False,1,False,True,False,0,0.0,,,,,,,,,,,,,0.007189349273966886,0.8850900175271392,0.060586124081235114,0.05432385825253086,,,,,,,,,,,,,,False,False,temporal_v1,False,0.0002588304721831396,0.10020876826722339,2.4862071751347203,0.9521121533200475,74.79707318877556,1229.5367008513836,0.006363221274904077,0.00043557480717589534,0.00039055319088691275,0.0,0.0,0.04987718441902795,0.025570783669192534,0.03899268015380302,0.0226164552216298,0.4683215535367479,151.23403492198472,0.0036054829618277166,1.5199496149450564,-0.0009195324742387631,666.6666666666667,0.0030327870795147107,True,0.28894639015197754,0.04987718441902795,True,True,False,0.85,False,False,False,0,True,True,True,False,True,False,True,False,True,0,0,False,0,15,24,15,,,,False,False,False,
64,2026-08-18T21:58:40.998272,shadow,analysis_full,silero,webrtc,False,0.3188118636608124,True,True,False,1,True,True,False,1,0.0,,,,,,,,,,,,,0.0031004998715875795,0.849705941074658,0.10306116813260079,0.04723289047021254,,,,,,,,,,,,,,False,True,temporal_v1,False,0.00017013949914626212,0.10438413361169102,2.691406538897107,0.9368812853235983,70.99704420375788,1576.4077828577674,0.0026345131611891807,0.0003195411385607947,0.0001464455708376042,0.0,0.0,0.051733445696656034,0.031430217788222414,0.036729100968091434,0.023344736114395595,0.5242392590027032,149.3492543734691,0.008969975663532598,0.8884584201944907,-0.0005350027988269706,966.6666666666667,0.02506596251202263,True,0.28894639015197754,0.051733445696656034,True,True,True,0.85,True,True,True,1,True,True,True,False,True,False,True,False,True,0,0,True,1,15,24,15,,,,False,False,False,
65,2026-08-18T21:58:41.014311,shadow,analysis_full,silero,webrtc,False,0.310250848531723,True,True,False,1,False,True,False,0,0.0,,,,,,,,,,,,,0.0023285106516893724,0.9168492446889962,0.0470965222103049,0.0360542326712399,,,,,,,,,,,,,,False,False,temporal_v1,False,0.0001507323754502176,0.081419624217119,2.198089848782449,0.9560783436121731,69.99060221844543,1542.5790218077943,0.0021348932322516833,0.00010966475362422006,8.395266481346909e-05,0.0,0.0,0.04838161229603883,0.024363373899643326,0.03689687438779662,0.02307432464241854,0.4916563482139934,156.33240615607045,0.009109005020884877,0.7622783469737202,-0.0004559121935981086,700.0,0.01897356716588636,True,0.28894639015197754,0.04838161229603883,True,True,False,0.85,False,False,False,0,True,False,True,False,True,False,True,False,True,0,1,False,0,15,24,15,,,,False,False,False,
66,2026-08-18T21:58:41.041163,shadow,analysis_full,silero,webrtc,False,0.2809431850910187,True,True,False,1,True,True,False,1,0.0,,,,,,,,,,,,,0.0037139198550183096,0.7782265448867222,0.16568180666512053,0.056091648178900014,,,,,,,,,,,,,,False,True,temporal_v1,False,0.0001864810341298689,0.1336116910229645,3.5516785841641094,0.9190435390483932,71.73654851087781,1458.1292891956655,0.002890271016757095,0.000615328951388896,0.00020831988587231837,0.0,0.0,0.06212579858651786,0.044069180172128374,0.03693542194761442,0.027424236949767054,0.6843813816486874,145.8908984178722,0.015755514529411173,1.5460781977760878,-0.0009307196480786907,1333.3333333333335,0.009841471559702008,True,0.28429698944091797,0.06212579858651786,True,True,True,0.85,True,True,True,1,True,False,True,False,True,False,True,False,True,0,2,True,1,15,24,15,,,,False,False,False,
67,2026-08-18T21:58:41.069264,shadow,analysis_full,silero,webrtc,False,0.23848682641983032,True,True,False,1,True,True,False,1,0.0,,,,,,,,,,,,,0.003755935666125697,0.7470330562945053,0.2010092381500036,0.05195770528924592,,,,,,,,,,,,,,False,True,temporal_v1,False,0.00019518659082726705,0.05636743215031315,3.682078717017992,0.9229583678053223,72.16259052512258,1461.6918378117805,0.002805808099911418,0.0007549777667883526,0.00019514979842592651,0.0,0.0,0.07614181145374212,0.060745386303795876,0.03663385451767256,0.028509674640556797,0.8202483245230029,148.39699024829812,0.00227313221296068,1.2770785286483461,-0.0007638203138354283,1300.0,0.020179986584110316,True,0.28429698944091797,0.07614181145374212,True,True,True,0.85,True,True,True,2,True,False,True,False,True,False,True,False,True,0,3,True,2,15,24,15,,,,False,False,False,
68,2026-08-18T21:58:41.092404,shadow,analysis_full,silero,webrtc,False,0.20146998763084412,True,True,False,1,True,True,False,1,0.0,,,,,,,,,,,,,0.0022616158975976844,0.7859202282035809,0.16332053609287847,0.05075923526137886,,,,,,,,,,,,,,False,True,temporal_v1,False,0.00014736988128165692,0.08768267223382047,3.4835977585502014,0.9220604143198218,69.62837216482255,1497.3448644291116,0.0017774496823488185,0.00036936832083183036,0.00011479789341703539,0.0,0.0,0.0784098124886534,0.06564333895655049,0.016726365103624484,0.02575983857881642,0.8940655851517478,145.07208197311604,0.0014447181675839387,1.3395350701850877,-0.0007928133693820566,1266.6666666666667,0.014507311226241208,True,0.2755170464515686,0.0784098124886534,True,True,True,0.85,True,True,True,3,True,False,True,False,True,False,True,False,True,0,4,True,3,15,24,15,,,,False,False,False,
69,2026-08-18T21:58:41.104904,shadow,analysis_full,silero,webrtc,False,0.1738315373659134,True,True,False,1,True,True,False,1,0.0,,,,,,,,,,,,,0.00502439574199481,0.7285409392111537,0.2189973650678251,0.05246169552199223,,,,,,,,,,,,,,False,True,temporal_v1,False,0.0002196309885637117,0.10647181628392484,3.883326671125752,0.9117281942690715,73.158929526039,1524.469156644997,0.0036604779928414207,0.0011003294285548634,0.00026358831959852596,0.0,0.0,0.08583938123334338,0.07205520056876528,0.01726419545510047,0.026742717959392825,0.8762315805119538,147.5818076091098,0.0020218864594536423,1.221705530738395,-0.0007187479939746396,1433.3333333333335,0.025096478287813858,True,0.2737744003534317,0.08583938123334338,True,True,True,0.85,True,True,True,4,True,False,True,False,True,False,True,False,True,0,5,True,4,15,24,15,,,,False,False,False,
70,2026-08-18T21:58:41.116020,shadow,analysis_full,silero,webrtc,False,0.15495078265666962,True,True,False,1,True,True,False,1,0.0,,,,,,,,,,,,,0.003037786169495281,0.7266224264829519,0.21955231785186508,0.05382525533599587,,,,,,,,,,,,,,False,True,temporal_v1,False,0.00017003005193376122,0.1524008350730689,3.8410173623195205,0.9072764549734942,70.85235012607083,1551.683844321906,0.002207323557615013,0.0006669529946510276,0.00016350961622924032,0.0,0.0,0.08364641357605163,0.07303914500236919,0.014033346627210997,0.030167556395074284,0.7753768700699301,129.69482750367078,0.0010605700092494058,1.2325243431380577,-0.0007351963496991196,1500.0,0.026167099042902684,True,0.2701985388994217,0.08364641357605163,True,True,True,0.85,True,True,True,5,True,False,True,False,True,False,True,False,True,0,6,True,5,15,24,15,,,,False,False,False,
71,2026-08-18T21:58:41.135235,shadow,analysis_full,silero,webrtc,False,0.13746929168701172,True,True,False,1,True,True,False,1,0.0,,,,,,,,,,,,,0.004228350516340721,0.7291861237881181,0.21896306650583636,0.05185080946954641,,,,,,,,,,,,,,False,True,temporal_v1,False,0.00020190547951571213,0.11482254697286012,3.8691700209968154,0.910442193426866,72.40500959206263,1489.1259427386424,0.003083254523027978,0.0009258525953195007,0.0002192433969932409,0.0,0.0,0.0771962185944264,0.0711018630723724,0.0082800042321585,0.027424236949767054,0.6958915270370569,101.87171259679845,0.0010848519835723004,1.727679617849703,-0.0010406386962518877,1400.0,0.008149635858537162,True,0.2597150057554245,0.0771962185944264,True,True,True,0.85,True,True,True,6,True,False,True,False,True,False,True,False,True,0,7,True,6,15,24,15,,,,False,False,False,
72,2026-08-18T21:58:41.153241,shadow,analysis_full,silero,webrtc,False,0.11958958953619003,True,True,False,1,True,True,False,1,0.0,,,,,,,,,,,,,0.0032342713764593697,0.7358890751467001,0.21082638922762167,0.053284535316489544,,,,,,,,,,,,,,False,True,temporal_v1,False,0.00017838948849203688,0.1544885177453027,3.8178829477832728,0.9101068894411887,71.29703698561057,1525.0206516164317,0.00238006497199613,0.0006818697560811788,0.00017233664738206054,0.0,0.0,0.06714955493405787,0.06377795288539413,0.005395470347779539,0.029465923318750968,0.6074178661327756,92.7197731819809,0.001032050289511268,1.371637394377929,-0.000808942485090328,1466.6666666666667,0.0169990657993376,True,0.21997840702533722,0.06714955493405787,True,True,True,0.85,True,True,True,7,True,False,True,False,True,False,True,False,True,0,8,True,7,15,24,15,,,,False,False,False,
73,2026-08-18T21:58:41.176021,shadow,analysis_full,silero,webrtc,False,0.10069867223501205,True,True,False,1,True,True,False,1,0.0,,,,,,,,,,,,,0.0037422072413160396,0.7302336803240534,0.21274755189936279,0.05701876750936189,,,,,,,,,,,,,,False,True,temporal_v1,False,0.00018745257421418565,0.14613778705636743,3.8472699165398025,0.9045077221165247,71.71396266370621,1554.8001328410799,0.002732685766361535,0.0007961454292900554,0.0002133760446644498,0.0,0.0,0.06057882339411788,0.05566271712899607,0.005627836822264594,0.031235109727784937,0.5481096524421224,38.224191503993936,0.001055876042739996,1.3034022053023888,-0.0007743573609401283,1533.3333333333335,0.022379026842959213,True,0.18765076249837875,0.06057882339411788,True,True,True,0.85,True,True,True,8,True,False,True,False,True,False,True,False,True,0,9,True,8,15,24,15,,,,False,False,False,
74,2026-08-18T21:58:41.195010,shadow,analysis_full,silero,webrtc,False,0.1016230508685112,True,True,False,1,True,True,False,1,0.0,,,,,,,,,,,,,0.004007732624910396,0.7249947315441391,0.22203038704975375,0.05297488115658929,,,,,,,,,,,,,,False,True,temporal_v1,False,0.00019758699720838182,0.16075156576200417,3.8466750636428846,0.9123608504266976,72.22152096755048,1512.4612404680126,0.0029055850384976005,0.0008898384259007808,0.00021230915951201388,0.0,0.0,0.056141463563970706,0.05131944315332295,0.005500191244050065,0.033995269760893315,0.48664258637436064,32.919902507413475,0.0005864316265551602,1.3114660328689662,-0.0007726544244241986,1466.6666666666667,0.020089696349577836,True,0.1643911600112915,0.056141463563970706,True,True,True,0.85,True,True,True,9,True,False,True,False,True,False,True,False,False,0,0,True,9,15,24,24,,,,False,False,False,
75,2026-08-18T21:58:41.211374,shadow,analysis_full,silero,webrtc,False,0.11779463291168213,True,True,False,1,False,True,False,0,0.0,,,,,,,,,,,,,0.007054356456665199,0.7198689451497607,0.21393186135597914,0.06619919335250375,,,,,,,,,,,,,,False,True,temporal_v1,False,0.0002568042329600063,0.13778705636743216,3.823407661901769,0.8954032158415043,74.46333446543143,1583.8121386379696,0.005078212141169981,0.0015091516074429556,0.00046699270705226277,0.0,0.0,0.021874784780671515,0.020891642292227123,0.004259507720261727,0.031832197840361155,0.1348503317968974,38.61516030327347,0.0011341660876829944,1.3781191086149231,-0.000820757291808806,1600.0,0.017244958665940315,True,0.14621003717184067,0.021874784780671515,True,True,False,0.85,True,False,False,0,True,False,True,False,True,False,True,False,False,0,0,False,0,15,24,24,,,,False,False,False,
76,2026-08-18T21:58:41.228756,shadow,analysis_full,silero,webrtc,False,0.10492952167987823,True,True,False,1,False,True,False,0,0.0,,,,,,,,,,,,,0.005419805420240416,0.6669636692884808,0.25928551261891974,0.07375081790809086,,,,,,,,,,,,,,False,True,temporal_v1,False,0.00022758659326714385,0.1941544885177453,3.9712223350812073,0.8876959339933952,73.35837812966807,1576.1449839144168,0.0036148133099131448,0.0014052770266818361,0.0003997150826454348,0.0,0.0,0.027504814946636758,0.022236158840578814,0.0071643681761999565,0.03803709704097116,0.12711919540789718,37.177166930498565,0.0016922131118277351,1.4901295699521906,-0.0009008941431441845,1900.0000000000002,0.015958059554823153,True,0.12852944061160088,0.027504814946636758,True,True,False,0.85,True,False,False,0,True,False,True,False,True,False,True,False,False,0,0,False,0,15,24,24,,,,False,False,False,
77,2026-08-18T21:58:41.245864,shadow,analysis_full,silero,webrtc,False,0.0923725962638855,True,True,False,1,False,True,False,0,0.0,,,,,,,,,,,,,0.00916118214014783,0.6816207076512567,0.24973207255695712,0.06864721968262978,,,,,,,,,,,,,,False,True,temporal_v1,False,0.00029890787108391296,0.18997912317327767,3.930336480446845,0.8970680201576884,75.80758139414031,1546.6414685874581,0.006244451453289618,0.0022878410029308974,0.0006288896829273126,0.0,0.0,0.030208604279208306,0.02410108848872664,0.00784481633327769,0.03250086790049081,0.12460029218916092,30.181184894759593,0.0013451253335617192,1.8547514699953622,-0.00111955192713046,1600.0,0.006440601660939762,True,0.11869211122393608,0.030208604279208306,True,True,False,0.85,True,False,False,0,True,False,True,False,True,False,True,False,False,0,0,False,0,15,24,24,,,,False,False,False,
78,2026-08-18T21:58:41.262364,shadow,analysis_full,silero,webrtc,False,0.07906288653612137,True,True,False,1,False,True,False,0,0.0,,,,,,,,,,,,,0.004825481731660299,0.6925630003614204,0.22547097038561195,0.0819660290457344,,,,,,,,,,,,,,False,True,temporal_v1,False,0.00021494394721887294,0.16075156576200417,3.9002767539369665,0.8914955890993631,72.87015720331829,1560.6856831520731,0.003341950106267879,0.0010880060486154906,0.00039552557577692877,0.0,0.0,0.02284407748277972,0.01540015151386912,0.010174212590124784,0.02658907926665635,0.04655707578612374,27.935530135368236,0.001518458199330024,1.4589013240427575,-0.0008688248674703231,1766.6666666666667,0.014642804748711912,True,0.11136207729578018,0.02284407748277972,True,True,False,0.85,True,False,False,0,True,False,True,False,True,False,True,False,False,0,0,False,0,15,24,24,,,,False,False,False,
79,2026-08-18T21:58:41.272184,shadow,analysis_full,silero,webrtc,False,0.06515590846538544,True,True,False,1,False,True,False,0,0.0,,,,,,,,,,,,,0.004309856196551771,0.7306371456157972,0.20739081717123267,0.06197203698094365,,,,,,,,,,,,,,False,True,temporal_v1,False,0.00020223414663753168,0.162839248434238,3.8105328695433642,0.9050323667669777,72.39364187060839,1537.5762852537507,0.003148941029463142,0.0008938245984933727,0.0002670905675952555,0.0,0.0,0.022988930813797725,0.0162351352492625,0.009748738326661194,0.021959405081093456,0.049949716256146776,27.361096645412633,0.0017870316398478647,1.348802062241884,-0.0007910193632630022,1466.6666666666667,0.017110459604497624,True,0.10327628627419472,0.022988930813797725,True,True,False,0.85,True,False,False,0,True,False,True,False,True,False,True,False,False,0,0,False,0,15,24,24,,,,False,False,False,
80,2026-08-18T21:58:41.279571,shadow,analysis_full,silero,webrtc,False,0.06515590846538544,True,True,False,1,False,True,False,0,0.0,,,,,,,,,,,,,0.004149088279361167,0.743535932122135,0.19828100371117874,0.058183063925669506,,,,,,,,,,,,,,False,True,temporal_v1,False,0.00020024332641751385,0.1544885177453027,3.8104891019708695,0.9063260168287317,72.31167505541131,1530.5466530566,0.0030849962212518302,0.0008226853885180197,0.00024140666859131686,0.0,0.0,0.024442081493126842,0.017977598303139698,0.009460043655612177,0.021920668058455117,0.052249772074634236,27.486201753678007,0.001361278529535402,1.3899498933633856,-0.0008284665661249828,1500.0,0.01729132446172668,True,0.10116086155176163,0.024442081493126842,True,True,False,0.85,True,False,False,0,True,False,True,False,True,False,True,False,False,0,0,False,0,15,24,24,,,,False,False,False,
81,2026-08-18T21:58:41.287286,shadow,analysis_full,silero,webrtc,False,0.0638493075966835,True,True,False,1,False,True,False,0,0.0,,,,,,,,,,,,,0.004962019819483389,0.747743667512188,0.19371304155889305,0.058543290727388037,,,,,,,,,,,,,,False,True,temporal_v1,False,0.00021889152701929114,0.11691022964509394,3.852107310605462,0.9085431173789722,73.11382345419962,1519.0827112054758,0.0037103188980886744,0.0009612079515076367,0.00029049296888707755,0.0,0.0,0.02605806886541041,0.019880503569221036,0.008896973855296749,0.021518327727307104,0.052290070877339806,22.8337242836754,0.001247767746698533,1.4466145611456314,-0.0008620581006573679,1400.0,0.015696334106265048,True,0.09653563424944878,0.02605806886541041,True,True,False,0.85,True,False,False,0,True,False,True,False,True,False,True,False,False,0,0,False,0,15,24,24,,,,False,False,False,
82,2026-08-18T21:58:41.296449,shadow,analysis_full,silero,webrtc,False,0.05946097522974014,True,True,False,1,False,True,False,0,0.0,,,,,,,,,,,,,0.0046764713480697065,0.6998130685030102,0.2471814235376549,0.053005507745498476,,,,,,,,,,,,,,False,True,temporal_v1,False,0.0002104843731763146,0.1649269311064718,3.945049742567485,0.898406007708338,72.71731576627212,1543.6847606610133,0.00327265576385907,0.0011559368449489261,0.00024787873826171054,0.0,0.0,0.025744709605202795,0.021266802320641997,0.008928577772638216,0.021584054310781326,0.05561075155794416,21.894200106059714,0.0010008288232800202,1.3269579362672996,-0.000796428800037485,1833.3333333333335,0.023832337020921995,True,0.08571774140000343,0.025744709605202795,True,True,False,0.85,True,False,False,0,True,False,True,False,True,False,True,False,False,0,0,False,0,15,24,24,,,,False,False,False,
83,2026-08-18T21:58:41.304815,shadow,analysis_full,silero,webrtc,False,0.055816616863012314,True,True,False,1,True,True,False,1,0.0,,,,,,,,,,,,,0.002337352279330886,0.48392303494687566,0.4669189203191852,0.04915804430610467,,,,,,,,,,,,,,False,True,temporal_v1,False,0.0001503587941659224,0.17536534446764093,3.761237086274204,0.8472040497106678,69.44342872137024,1613.912653154751,0.0011310986087537998,0.001091354002670764,0.00011489966690632243,0.0,0.0,0.07289245963804605,0.07580616836080706,0.009748819549320855,0.02164052021318174,0.06491615255588463,29.857242475472194,0.0031423370715114147,1.5682676691150002,-0.0009462090129360316,2100.0,0.009020549671698339,True,0.0721093975007534,0.07289245963804605,True,True,True,0.85,True,True,True,1,True,False,True,False,True,False,True,False,False,0,0,True,1,15,24,24,,,,False,False,False,
84,2026-08-18T21:58:41.314521,shadow,analysis_full,silero,webrtc,False,0.054443035274744034,True,True,False,1,False,True,False,0,0.0,,,,,,,,,,,,,0.02226775547638938,0.9203774097282225,0.06339736131325935,0.016225228913610393,,,,,,,,,,,,,,False,False,temporal_v1,False,0.0005135845092876372,0.07515657620041753,2.6364550454214704,0.9693829433424224,80.87596668609761,1155.307405280599,0.020494739105820697,0.001411716939571967,0.00036129942999671915,0.0,0.0,0.10074250994890413,0.09406269057756399,0.016916141248537714,0.033846223336957915,0.3748316564096202,123.40391918629389,0.014815566669136231,1.4634288111289144,-0.0008857011371953615,500.00000000000006,0.004218762938730997,True,0.06515590846538544,0.10074250994890413,True,True,True,0.85,False,False,False,0,True,False,True,False,True,False,True,False,False,0,0,False,0,15,24,24,,,,False,False,False,
85,2026-08-18T21:58:41.324353,shadow,analysis_full,silero,webrtc,True,0.553655207157135,True,True,False,1,False,True,False,0,0.0,,,,,,,,,,,,,0.00787188247641345,0.9017565332426394,0.07031843191249859,0.027925034717827434,,,,,,,,,,,,,,False,True,temporal_v1,False,0.00028646785840679643,0.06263048016701461,2.6293772159534177,0.9546534964072947,75.70328789959298,1364.9822459196664,0.007098521452024076,0.00055353843194087,0.00021982259144850302,0.0,0.0,0.11632996554326924,0.10601047290684203,0.019002386073013116,0.04342982132648888,0.49987611789422537,128.8519051356064,0.005487537277080224,1.2424829361064738,-0.0007556764379589436,533.3333333333334,0.009388524958696017,True,0.06515590846538544,0.11632996554326924,True,True,True,0.85,False,False,False,0,True,False,True,False,True,False,True,False,False,0,0,False,0,15,24,24,,,,False,False,False,
86,2026-08-18T21:58:41.336794,shadow,analysis_full,silero,webrtc,False,0.48094823956489563,True,True,False,1,True,True,False,1,0.0,,,,,,,,,,,,,0.005490084218970303,0.7297664931819702,0.17034453842874003,0.09988896820714326,,,,,,,,,,,,,,False,True,temporal_v1,False,0.00023465458687141536,0.20876826722338204,3.5685405875720737,0.8606332084895125,73.4945891044698,1909.9179431524647,0.0040064795077516336,0.000935205862215406,0.0005483988480032635,0.0,0.0,0.11460753434350442,0.10591872241050893,0.02282383267131567,0.045243026591347,0.48637732108854315,179.0407466791815,0.011273786007352848,0.9372271285603923,-0.0005648026446125095,2000.0000000000002,0.05699820697041315,True,0.06515590846538544,0.11460753434350442,True,True,True,0.85,True,True,True,1,True,False,True,False,True,False,True,False,False,0,0,True,1,15,24,24,,,,False,False,False,
87,2026-08-18T21:58:41.349519,shadow,analysis_full,silero,webrtc,True,0.5645065307617188,True,True,False,1,True,True,False,1,0.0,,,,,,,,,,,,,0.006112471876454749,0.7068090141536642,0.22935693775728164,0.06383404792545407,,,,,,,,,,,,,,False,True,temporal_v1,False,0.0002493423774527239,0.1419624217118998,3.760026335604842,0.8728452559355192,74.09227303265864,1775.1267835022384,0.0043203502210389785,0.0014019378317111663,0.0003901838227046025,0.0,0.0,0.11372018724929056,0.10531512079480901,0.022634733430662735,0.042935263768134495,0.4768558158350103,193.8949838314026,0.0026901262183356735,1.1056896341907043,-0.0006678283304350947,2000.0000000000002,0.04040068124179062,True,0.06515590846538544,0.11372018724929056,True,True,True,0.85,True,True,True,2,True,False,True,False,True,False,True,False,False,0,0,True,2,15,24,24,,,,False,False,False,
88,2026-08-18T21:58:41.358311,shadow,analysis_full,silero,webrtc,False,0.4432530403137207,True,True,False,1,True,True,False,1,0.0,,,,,,,,,,,,,0.005154106695307278,0.5214455604831678,0.3966251470113547,0.08192929231145726,,,,,,,,,,,,,,False,True,temporal_v1,False,0.00021881465209099005,0.18789144050104384,3.7310450578325516,0.8179321316503178,72.65496129090315,1788.393491906944,0.0026875860545245516,0.002044248325738457,0.000422272314044269,0.0,0.0,0.1305512541708266,0.11979926796614862,0.022630695086531906,0.04482687868078483,0.4676565664500411,206.6378315088401,0.004544778629997559,1.3650336966395484,-0.0008167241805273955,2166.666666666667,0.01816529349345587,True,0.06515590846538544,0.1305512541708266,True,True,True,0.85,True,True,True,3,True,False,True,False,True,False,True,False,False,0,0,True,3,15,24,24,,,,False,False,False,
89,2026-08-18T21:58:41.369230,shadow,analysis_full,silero,webrtc,True,0.6843396425247192,True,True,True,1,False,True,False,0,0.0,,,,,,,,,,,,,0.09750212719681386,0.9196452029104056,0.047152196237119845,0.03320260084221831,,,,,,,,,,,,,,False,False,temporal_v1,False,0.0011192210128357462,0.08350730688935282,2.0850912880907564,0.9601868665914217,87.61447017323691,1461.022069391545,0.08966736355011007,0.0045974394351207875,0.0032373242105830087,0.0,0.0,0.14392548038591246,0.13117291546271498,0.023630772647349262,0.047899011620038984,0.6300054908971514,209.24165753161287,0.030552941557181343,0.6795136158752422,-0.00041862071014704623,500.00000000000006,0.011057298830076948,True,0.25420447438955307,0.14392548038591246,True,True,True,0.85,False,False,False,0,True,True,True,True,True,False,True,False,False,1,0,False,0,15,24,24,,,,False,False,False,
90,2026-08-18T21:58:41.380122,shadow,analysis_full,silero,webrtc,True,0.832233726978302,True,True,True,1,False,True,False,0,0.0,,,,,,,,,,,,,0.05868823469962388,0.9452848014103719,0.03936357976871486,0.015351618803874232,,,,,,,,,,,,,,False,False,temporal_v1,False,0.0008093217100914864,0.06680584551148225,1.93686908847489,0.9677462891513927,84.83034224304197,1457.685901540103,0.05547709628315925,0.0023101790080837037,0.0009009594073809301,0.0,0.0,0.15691421138760459,0.14070756270523166,0.026254740591042183,0.051791784450715375,0.7421332542620145,211.61135430096974,0.01845285028507557,0.6856006927457141,-0.0004191501589080381,466.6666666666667,0.01255439016846597,True,0.46210063993930817,0.15691421138760459,True,True,True,0.85,False,False,False,0,True,True,True,True,True,False,True,False,False,2,0,False,0,15,24,24,,,,False,False,False,
91,2026-08-18T21:58:41.405253,shadow,analysis_full,silero,webrtc,True,0.8268797993659973,True,True,True,1,False,True,False,0,0.0,,,,,,,,,,,,,0.015439915026061792,0.811786244765723,0.07279005228394096,0.11542370288556879,,,,,,,,,,,,,,False,True,temporal_v1,False,0.0004539867663927986,0.20250521920668058,3.429686207937504,0.7545944533095197,78.71527282996769,2136.9461465808076,0.012533910638508563,0.0011238722220066435,0.0017821321645465854,0.0,0.0,0.15768396238818183,0.1452025299594318,0.032844331566063,0.056082166896636206,0.7147955653974685,272.4253532820527,0.020496503909871674,1.2811178825615568,-0.0007864770552803009,3966.666666666667,0.009901015679512458,True,0.5173017233610153,0.15768396238818183,True,False,True,0.85,True,False,False,0,True,True,True,True,True,False,True,False,False,3,0,False,0,15,24,24,,,,False,False,False,
92,2026-08-18T21:58:41.425151,shadow,analysis_full,silero,webrtc,True,0.7678090333938599,True,True,True,1,False,True,False,0,0.0,,,,,,,,,,,,,0.007313784980009834,0.8126908820638356,0.0838133182732078,0.1034957995262285,,,,,,,,,,,,,,False,True,temporal_v1,False,0.00028038746128930954,0.14613778705636743,3.047415625196013,0.8845124613719061,75.1839423000302,1813.9976486680675,0.005943846366629424,0.000612992588311371,0.000756946024069039,0.0,0.0,0.15671799772752554,0.14595206241557127,0.03580560772575658,0.055424338093141706,0.6636405357106817,276.81809422192157,0.004580874833842993,0.9907023829169329,-0.0005943604960771951,1633.3333333333335,0.019305826246992418,True,0.5590808689594269,0.15671799772752554,True,False,True,0.85,True,False,False,0,True,True,True,True,True,False,True,False,False,4,0,False,0,15,24,24,,,,False,False,False,
93,2026-08-18T21:58:41.444505,shadow,analysis_full,silero,webrtc,True,0.665463924407959,True,True,True,1,False,True,False,0,0.0,,,,,,,,,,,,,0.01035118224791477,0.8800091731139829,0.0937846141701721,0.026206212619237695,,,,,,,,,,,,,,False,False,temporal_v1,False,0.0003072186129664615,0.08559498956158663,2.3489068014052155,0.9433490022508659,76.26662974083348,1478.798370049063,0.009109135330739615,0.0009707816333258216,0.0002712652828493333,0.0,0.0,0.12487670961199611,0.10595917068730033,0.03717760726724225,0.0554412425294298,0.6492005115865767,281.39848262139884,0.011370389903727853,1.5290449469056362,-0.0009164406244741039,733.3333333333334,0.005370173665097954,True,0.6149852275848389,0.12487670961199611,True,False,True,0.85,False,False,False,0,True,True,True,True,True,False,True,False,False,5,0,False,0,15,24,24,,,,False,False,False,
94,2026-08-18T21:58:41.460945,shadow,analysis_full,silero,webrtc,True,0.6538315415382385,True,True,False,1,False,True,False,0,0.0,,,,,,,,,,,,,0.032871610367762906,0.9840448209567156,0.008238853268767332,0.007716325744095623,,,,,,,,,,,,,,False,False,temporal_v1,False,0.0005550409144433866,0.054279749478079335,1.608899733026624,0.9726471542092814,81.56899029795699,1578.4840130472865,0.03234713793890417,0.00027082437452808955,0.0002536480533306495,0.0,0.0,0.13153470407969967,0.11045109229385562,0.038214849911730533,0.0576684314676227,0.757769644991601,234.02869576418846,0.04434561779101402,0.49986901441081943,-0.00030641938306034884,433.33333333333337,0.014995504503022174,True,0.6596477329730988,0.13153470407969967,True,False,True,0.85,False,False,False,0,True,False,True,False,True,False,True,False,False,0,0,False,0,15,24,24,,,,False,False,False,
95,2026-08-18T21:58:41.480429,shadow,analysis_full,silero,webrtc,True,0.7800667881965637,True,True,False,1,False,True,False,0,0.0,,,,,,,,,,,,,0.12106947942363533,0.9924992555405144,0.006294608191751074,0.001206136259474676,,,,,,,,,,,,,,False,False,temporal_v1,False,0.0010422466883754668,0.05636743215031315,1.1232106563774713,0.9817539647353779,87.09246216989487,1139.5243784982335,0.1201613681966357,0.0007620849369510531,0.00014602628904856975,0.0,0.0,0.13965026259552468,0.11497657550004191,0.04102016217792991,0.05836146688850348,0.913331386589971,270.9108112432831,0.0421564710857227,0.6369259708478633,-0.0003879836345892505,466.6666666666667,0.004525484979732759,True,0.6749017834663391,0.13965026259552468,True,False,True,0.85,False,False,False,0,True,False,True,False,True,False,True,False,False,0,0,False,0,15,24,24,,,,False,False,False,
96,2026-08-18T21:58:41.496062,shadow,analysis_full,silero,webrtc,True,0.7800667881965637,True,True,False,1,False,True,False,0,0.0,,,,,,,,,,,,,0.22036966030264732,0.9794792147845829,0.018193544072126554,0.0023272411387526963,,,,,,,,,,,,,,False,False,temporal_v1,False,0.0013946699123638573,0.07724425887265135,1.7196162548060565,0.970970475325472,89.57610366612826,1207.7586674771067,0.21584750183558227,0.0040093051268757715,0.0005128533391892778,0.0,0.0,0.14173381748487654,0.11667114552226075,0.040743162929599175,0.05212354583491352,0.8985233975613139,286.05012581087664,0.013387512137204198,0.6913831025663834,-0.00042840691395759346,900.0000000000001,0.006708044773973619,True,0.7260743379592896,0.14173381748487654,True,False,True,0.85,False,False,False,0,True,False,True,False,True,False,True,False,False,0,0,False,0,15,24,24,,,,False,False,False,
97,2026-08-18T21:58:41.513985,shadow,analysis_full,silero,webrtc,True,0.7872061729431152,True,True,True,1,False,True,False,0,0.0,,,,,,,,,,,,,0.155362316215311,0.7322593323121853,0.26314092753399926,0.004599740147378604,,,,,,,,,,,,,,False,False,temporal_v1,False,0.001173712389404453,0.08977035490605428,2.488612270721963,0.9402337769926183,87.93756500574104,1222.543293470217,0.11376550593829823,0.04088218399272743,0.0007146262832852958,0.0,0.0,0.1392500908351481,0.12079686011983704,0.0418746369336854,0.05129118107765125,0.7918997763456347,296.9146930467382,0.017101849862282234,1.2668475287149061,-0.0007625263939201406,1133.3333333333335,0.003303262936634236,True,0.7739379107952118,0.1392500908351481,True,False,True,0.85,True,False,False,0,True,True,True,True,True,True,True,False,False,1,0,False,0,15,24,24,,,,False,False,False,
98,2026-08-18T21:58:41.531119,shadow,analysis_full,silero,webrtc,True,0.7784802913665771,True,True,True,1,False,True,False,0,0.0,,,,,,,,,,,,,0.13866420037220464,0.8038193886647809,0.19321304422332444,0.002967567104682998,,,,,,,,,,,,,,False,False,temporal_v1,False,0.0011116667054552286,0.1022964509394572,2.5684720521497897,0.9430428419471873,87.47836576697642,1312.3122736483986,0.11146097277287621,0.0267917322787067,0.00041149531962172644,0.0,0.0,0.08697548091178274,0.0797993071441513,0.0404843237375233,0.04325888066114209,0.6542812388828197,289.5039177937231,0.00793328926196001,0.8633838444357576,-0.0005269897851084685,1133.3333333333335,0.008111873600436482,True,0.7792735397815704,0.08697548091178274,True,False,True,0.85,True,False,False,0,True,True,True,True,True,True,True,False,False,2,0,False,0,15,24,24,,,,False,False,False,
99,2026-08-18T21:58:41.541181,shadow,analysis_full,silero,webrtc,True,0.7496916055679321,True,True,True,1,False,True,False,0,0.0,,,,,,,,,,,,,0.12429162734351265,0.8010618193105661,0.19436163821242547,0.0045765424689627925,,,,,,,,,,,,,,False,False,temporal_v1,False,0.0010572373442772642,0.11064718162839249,2.2478104228830276,0.9331981552398809,86.9960895642126,1388.3098017068048,0.09956527712486514,0.024157524306573416,0.0005688259110740827,0.0,0.0,0.08964354142594191,0.08529173380341801,0.041249851829486366,0.043213014183456154,0.6523543885380779,290.8221703429877,0.007432556964306342,0.9548632791860902,-0.0005770239349334001,1166.6666666666667,0.0077362357627225415,True,0.7792735397815704,0.08964354142594191,True,False,True,0.85,True,False,False,0,True,True,True,True,True,True,True,False,False,3,0,False,0,15,24,24,,,,False,False,False,
100,2026-08-18T21:58:41.554735,shadow,analysis_full,silero,webrtc,True,0.7688308358192444,True,True,True,1,False,True,False,0,0.0,,,,,,,,,,,,,0.1379091314142566,0.8965809229983367,0.10219758050895218,0.0012214964854598688,,,,,,,,,,,,,,False,False,temporal_v1,False,0.0011243661272114626,0.06263048016701461,1.6784024935518784,0.9660821531855949,87.68179114827709,1123.269803713487,0.12364669633329309,0.014093979560628155,0.00016845551933533762,0.0,0.0,0.08693641475883235,0.0830764134224759,0.04190892822296176,0.0435425748327499,0.6692281150603334,309.36936401768946,0.008640234129544448,1.0811629195013945,-0.0006540843685829451,500.00000000000006,0.002794917207485216,True,0.7736555635929108,0.08693641475883235,True,False,True,0.85,False,False,False,0,True,True,True,True,True,True,True,False,False,4,0,False,0,15,24,24,,,,False,False,False,
101,2026-08-18T21:58:41.571375,shadow,analysis_full,silero,webrtc,True,0.7984683513641357,True,True,True,1,False,True,False,0,0.0,,,,,,,,,,,,,0.08508096168416521,0.9304040854218696,0.06889720891972848,0.0006987056466482575,,,,,,,,,,,,,,False,False,temporal_v1,False,0.0008791890160633501,0.06263048016701461,1.689578832458312,0.9722922595225029,85.57097254958863,975.2937187391021,0.07915967434256886,0.005861840792245344,5.944654835099027e-05,0.0,0.0,0.08635337579245474,0.08322886639838999,0.030190162040524913,0.027462352655374278,0.5491003416787257,235.12127442918444,0.004140292960765208,1.1607765678104887,-0.0007043241566119387,500.00000000000006,0.0015029806534827517,True,0.7736555635929108,0.08635337579245474,True,False,True,0.85,False,False,False,0,True,True,True,True,True,True,True,False,False,5,0,False,0,15,24,24,,,,False,False,False,
102,2026-08-18T21:58:41.588027,shadow,analysis_full,silero,webrtc,True,0.7855225801467896,True,True,True,1,False,True,False,0,0.0,,,,,,,,,,,,,0.06901609576456882,0.9263517571937853,0.06700653812174867,0.006641704669976534,,,,,,,,,,,,,,False,False,temporal_v1,False,0.0007782679483931081,0.0709812108559499,1.888161574376113,0.9644857408416753,84.47545575689922,1434.6851508733412,0.06393318158616289,0.004624529651862838,0.00045838452554308447,0.0,0.0,0.08402562725607608,0.0837715783575556,0.007154728196202401,0.018437914125945403,0.4378276047447312,176.24074336452742,0.005592378560323641,0.6910420452297851,-0.0004133524046281907,666.6666666666667,0.012223940096942373,True,0.7792735397815704,0.08402562725607608,True,False,True,0.85,False,False,False,0,True,True,True,True,True,True,True,False,False,6,0,False,0,15,24,24,,,,False,False,False,
103,2026-08-18T21:58:41.607351,shadow,analysis_full,silero,webrtc,True,0.7213270664215088,True,True,True,1,False,True,False,0,0.0,,,,,,,,,,,,,0.029259661066438226,0.8992920624655728,0.09069921003631551,0.010008727463935009,,,,,,,,,,,,,,False,False,temporal_v1,False,0.0005330840708198411,0.06471816283924843,2.5828662227130725,0.9624787841355398,81.17103439026616,1225.1094301821556,0.026312980947480854,0.002653828144656284,0.0002928519733010902,0.0,0.0,0.08393459726782376,0.08380522302636823,0.0029578558681931915,0.018555729472475135,0.46468506578020663,164.54735932191062,0.008326855956866807,1.2001392150173633,-0.0007280753678822833,733.3333333333334,0.008460625766060496,True,0.7792735397815704,0.08393459726782376,True,False,True,0.85,False,False,False,0,True,True,True,True,True,False,True,False,False,7,0,False,0,15,24,24,,,,False,False,False,
104,2026-08-18T21:58:41.626102,shadow,analysis_full,silero,webrtc,True,0.7066639065742493,True,True,False,1,False,True,False,0,0.0,,,,,,,,,,,,,0.026534255778051706,0.9454906579538845,0.05091239422282426,0.0035969477856041343,,,,,,,,,,,,,,False,False,temporal_v1,False,0.0005062863207950388,0.06680584551148225,1.9043585891535928,0.9742218542249446,80.77457646395959,1222.8130974320848,0.02508789095390677,0.0013509224905814208,9.544233256351679e-05,0.0,0.0,0.08055396212533221,0.07996001763868667,0.002715912476098474,0.017496723874536088,0.4506301454496517,125.92758225469387,0.029550160631203738,0.7672232442013732,-0.00046414571407897917,600.0,0.007668908259090589,True,0.7792735397815704,0.08055396212533221,True,False,True,0.85,False,False,False,0,True,False,True,False,True,False,True,False,False,0,0,False,0,15,24,24,,,,False,False,False,
105,2026-08-18T21:58:41.638279,shadow,analysis_full,silero,webrtc,True,0.7207485437393188,True,True,False,1,False,True,False,0,0.0,,,,,,,,,,,,,0.017016262778283164,0.9379183975081884,0.06025879621310579,0.00182280621993869,,,,,,,,,,,,,,False,False,temporal_v1,False,0.0004090278628180935,0.06993736951983298,2.2435764357203536,0.9761779998644302,78.92131444205157,1074.3664822954615,0.01595986591658558,0.0010253795110652226,3.101734963236577e-05,0.0,0.0,0.07514026433244334,0.0747333839143075,0.0026631576002605025,0.016380328628888535,0.3493031931758768,131.7415976512989,0.011423425553977544,0.8111464968437642,-0.000494679791191911,600.0,0.004930061255215549,True,0.7736555635929108,0.07514026433244334,True,False,True,0.85,False,False,False,0,True,False,True,False,True,False,True,False,False,0,0,False,0,15,24,24,,,,False,False,False,
106,2026-08-18T21:58:41.651740,shadow,analysis_full,silero,webrtc,True,0.713718593120575,True,True,False,1,False,True,False,0,0.0,,,,,,,,,,,,,0.007954206223419137,0.765699576005218,0.19102937978289083,0.04327104408617147,,,,,,,,,,,,,,False,True,temporal_v1,False,0.00027111219934255933,0.06680584551148225,3.432041939557889,0.9220132356641624,75.06815639106674,1481.3816429895815,0.0060905323327301,0.0015194870815249683,0.00034418680816406894,0.0,0.0,0.07570357903522475,0.07119965744687067,0.012063581327798447,0.01670961439831119,0.5052333868686555,153.2915269122832,0.021967522782644067,1.4876728854225283,-0.0008877183429450309,1366.6666666666667,0.01125083672084148,True,0.7592612206935883,0.07570357903522475,True,False,True,0.85,True,False,False,0,True,False,True,False,True,False,True,False,False,0,0,False,0,15,24,24,,,,False,False,False,
107,2026-08-18T21:58:41.664757,shadow,analysis_full,silero,webrtc,True,0.6766918897628784,True,True,False,1,False,True,False,0,0.0,,,,,,,,,,,,,0.0060884526175019275,0.7557780762442982,0.1870063924725725,0.05721553111888391,,,,,,,,,,,,,,False,True,temporal_v1,False,0.00024370407085936666,0.11064718162839249,3.680252281679079,0.9107942694224732,74.074576257812,1642.4877567410197,0.004601519006560168,0.0011385795597392268,0.00034835405020253174,0.0,0.0,0.07184473851388275,0.05946350966973273,0.018961336570988484,0.01931106471816284,0.659237124430918,193.38893394623122,0.0028574831462483373,0.9734550546558666,-0.0005891988537168694,1366.6666666666667,0.04678665343493959,True,0.7355093359947205,0.07184473851388275,True,False,True,0.85,True,False,False,0,True,False,True,False,True,False,True,False,False,0,0,False,0,15,24,24,,,,False,False,False,
108,2026-08-18T21:58:41.683785,shadow,analysis_full,silero,webrtc,True,0.6328924298286438,True,True,False,1,False,True,False,0,0.0,,,,,,,,,,,,,0.0035175232829056475,0.7521198929523302,0.1869206546962069,0.06095945206717193,,,,,,,,,,,,,,False,True,temporal_v1,False,0.00018980067686500215,0.1732776617954071,3.537538109028311,0.8711405955252461,71.66218948716013,1883.1851469290539,0.0026455992349963247,0.0006574977549498746,0.00021442629195944808,0.0,0.0,0.07776658227000391,0.058719996287431624,0.023313161816988243,0.03405563354229087,0.7439092857081261,263.6387978503702,0.0042315176904873415,1.0602654652650796,-0.0006341072399324442,1866.6666666666667,0.03445764841486351,True,0.7210378050804138,0.07776658227000391,True,False,True,0.85,True,False,False,0,True,False,True,False,True,False,True,False,False,0,0,False,0,15,24,24,,,,False,False,False,
109,2026-08-18T21:58:41.699567,shadow,analysis_full,silero,webrtc,True,0.6100425124168396,True,True,False,1,False,True,False,0,0.0,,,,,,,,,,,,,0.022431939760643192,0.9453365881231927,0.03520790506425875,0.019455506767969373,,,,,,,,,,,,,,False,False,temporal_v1,False,0.0004554355983484273,0.0918580375782881,2.1660647565108055,0.9586777364228728,79.78139254597605,1658.0746593530014,0.021205733398311423,0.0007897816054998966,0.0004364247558318749,0.0,0.0,0.07867327870345839,0.0579524186512432,0.02281453392049437,0.033145044487071874,0.7469516904146647,279.97646072439113,0.01099674611950899,0.6719577013085026,-0.00040093473777363643,433.33333333333337,0.027213433583655154,True,0.7172335684299469,0.07867327870345839,True,False,True,0.85,False,False,False,0,True,False,True,False,True,False,True,False,False,0,0,False,0,15,24,24,,,,False,False,False,
110,2026-08-18T21:58:41.709752,shadow,analysis_full,silero,webrtc,True,0.6655316352844238,True,True,False,1,False,True,False,0,0.0,,,,,,,,,,,,,0.026522326104069346,0.9793428589222323,0.018519190175600084,0.002137950864463545,,,,,,,,,,,,,,False,False,temporal_v1,False,0.0004832266041644403,0.06471816283924843,1.4081627254212539,0.9826691376206141,80.40546978743282,1024.5680209170464,0.025974450672027024,0.0004911720010205427,5.67034300217791e-05,0.0,0.0,0.08458681412494001,0.06339607098521868,0.022738666521106402,0.03301592756424815,0.7796470655791533,290.1291808110937,0.018523935346864983,1.31399316023486,-0.0007967074405249538,400.0,0.0011211183597143169,True,0.7101912498474121,0.08458681412494001,True,False,True,0.85,False,False,False,0,True,False,True,False,True,False,True,False,False,0,0,False,0,15,24,24,,,,False,False,False,
111,2026-08-18T21:58:41.729410,shadow,analysis_full,silero,webrtc,True,0.6252976655960083,True,True,False,1,False,True,False,0,0.0,,,,,,,,,,,,,0.011951839952620271,0.9256918293594112,0.06264473219187969,0.011663438365039957,,,,,,,,,,,,,,False,False,temporal_v1,False,0.0003273592465341963,0.04801670146137787,1.6502727853859702,0.9687903590033701,76.93897206182682,1289.2474970790365,0.011063720589951958,0.000748719813032105,0.0001393995486362086,0.0,0.0,0.08433848739152588,0.06368696236732457,0.02200606246426799,0.03424070079441494,0.7835764496737609,262.2061224081779,0.03024997661213711,1.5023124465167588,-0.000914641689439341,500.00000000000006,0.003941503487478378,True,0.6916778981685638,0.08433848739152588,True,False,True,0.85,False,False,False,0,True,False,True,False,True,False,True,False,False,0,0,False,0,15,24,24,,,,False,False,False,
112,2026-08-18T21:58:41.738034,shadow,analysis_full,silero,webrtc,True,0.6252976655960083,True,True,False,1,False,True,False,0,0.0,,,,,,,,,,,,,0.012802049573464275,0.9670949405083312,0.021059778877833703,0.011845280535722535,,,,,,,,,,,,,,False,False,temporal_v1,False,0.0003428679079294489,0.04592901878914405,2.055510935113744,0.9663485053012877,77.33326930683823,1653.918138879822,0.01238079737063414,0.0002696083332002229,0.00015164386862991138,0.0,0.0,0.08725351873409656,0.06710781569191498,0.021703823390332697,0.03588886820700812,0.7731302316710502,273.6412425811873,0.00913170265512543,0.4884693102430146,-0.00030518166233062103,500.00000000000006,0.02530172517110396,True,0.6711117625236511,0.08725351873409656,True,False,True,0.85,False,False,False,0,True,False,True,False,True,False,True,False,False,0,0,False,0,15,24,24,,,,False,False,False,
113,2026-08-18T21:58:41.746921,shadow,analysis_full,silero,webrtc,True,0.6630520224571228,True,True,True,1,False,True,False,0,0.0,,,,,,,,,,,,,0.14324720251501644,0.9589831652691378,0.030133292392921018,0.0108835423309602,,,,,,,,,,,,,,False,False,temporal_v1,False,0.0011249858076305091,0.06680584551148225,1.3902738842243147,0.9702865849185581,87.70517017128027,1397.6811957421835,0.13737165568379966,0.004316509837852961,0.0015590369923638098,0.0,0.0,0.08986712293914578,0.06950027568707676,0.021656228052970246,0.035803757828810026,0.8353896490148229,266.4359010916395,0.02326580002489894,0.6718230201514965,-0.00041437314087636363,400.0,0.007718745159139384,True,0.6642918288707733,0.08986712293914578,True,False,True,0.85,False,False,False,0,True,True,True,True,True,False,True,False,False,1,0,False,0,15,24,24,,,,False,False,False,
114,2026-08-18T21:58:41.755174,shadow,analysis_full,silero,webrtc,True,0.7682042717933655,True,True,True,1,False,True,False,0,0.0,,,,,,,,,,,,,0.11992159819917354,0.9249613937528587,0.051037949733182264,0.024000656505620267,,,,,,,,,,,,,,False,False,temporal_v1,False,0.0010309876369877856,0.0918580375782881,1.8165682912094359,0.9557980068313693,86.8809088397339,1281.538482712743,0.11092284861137787,0.0061205525008123,0.002878197085983374,0.0,0.0,0.08888155267540632,0.06949424149377853,0.020741227210208515,0.03563537341448558,0.840439178460949,262.3594519105908,0.0025933688782511367,1.224038421030303,-0.0007447518334531034,600.0,0.0019750384312746923,True,0.6642918288707733,0.08888155267540632,True,False,True,0.85,False,False,False,0,True,True,True,True,True,False,True,False,False,2,0,False,0,15,24,24,,,,False,False,False,
115,2026-08-18T21:58:41.764285,shadow,analysis_full,silero,webrtc,True,0.7284412980079651,True,True,True,1,False,True,False,0,0.0,,,,,,,,,,,,,0.10790840534762934,0.8900412978290883,0.07030579242814346,0.039652909733501135,,,,,,,,,,,,,,False,False,temporal_v1,False,0.0009715855855387573,0.09603340292275574,2.0918892396365627,0.9381154197980363,86.28471695077582,1650.021385117622,0.09604293714227134,0.0075865859476223945,0.0042788822567355975,0.0,0.0,0.08752010628291076,0.06921027115121582,0.01971656681624845,0.03553969342574807,0.8433707296334227,238.15293688882352,0.003896065201003829,0.6760836703312124,-0.0004068904616200348,600.0,0.017312196155437044,True,0.6642918288707733,0.08752010628291076,True,False,True,0.85,False,False,False,0,True,True,True,True,True,False,True,False,False,3,0,False,0,15,24,24,,,,False,False,False,
116,2026-08-18T21:58:41.772122,shadow,analysis_full,silero,webrtc,True,0.7011875510215759,True,True,True,1,False,True,False,0,0.0,,,,,,,,,,,,,0.07978753128881846,0.8118656234408563,0.15335761516927365,0.03477676137733673,,,,,,,,,,,,,,False,False,temporal_v1,False,0.0008359716361347797,0.10020876826722339,2.288090762541122,0.9135377460694313,84.86222423875674,1483.7528548463333,0.06477675383260344,0.012236025518697003,0.0027747519365180274,0.0,0.0,0.08207414283980151,0.064201522647688,0.019221806064037505,0.035184731286483854,0.7584720192340771,238.13923441020998,0.0029015986744671323,1.151069681006994,-0.000683234592095794,2133.3333333333335,0.0042211682635491295,True,0.6642918288707733,0.08207414283980151,True,False,True,0.85,True,False,False,0,True,True,True,True,True,False,True,False,False,4,0,False,0,15,24,24,,,,False,False,False,
117,2026-08-18T21:58:41.782741,shadow,analysis_full,silero,webrtc,True,0.6809385418891907,True,True,True,1,False,True,False,0,0.0,,,,,,,,,,,,,0.07798387088558088,0.8515015051757407,0.09781989217806185,0.05067860263337429,,,,,,,,,,,,,,False,False,temporal_v1,False,0.0008290765605924607,0.10647181628392484,2.4532415644880063,0.9212065630606956,84.82629363794021,1596.7667934445865,0.06640338343850274,0.007628373841655419,0.0039521136044227195,0.0,0.0,0.07049626984610541,0.05438653992923045,0.01828001782611875,0.034948581140445224,0.5912692987883138,235.71807616714025,0.0029391520906074772,0.7773706198889413,-0.00046751267955427836,1033.3333333333335,0.014718034636319592,True,0.6642918288707733,0.07049626984610541,True,False,True,0.85,False,False,False,0,True,True,True,True,True,False,True,False,False,5,0,False,0,15,24,24,,,,False,False,False,
118,2026-08-18T21:58:41.795060,shadow,analysis_full,silero,webrtc,True,0.6674591302871704,True,True,True,1,False,True,False,0,0.0,,,,,,,,,,,,,0.10047894134524055,0.8391185310019825,0.11867316276386901,0.042208306224196045,,,,,,,,,,,,,,False,False,temporal_v1,False,0.000938111962460651,0.14822546972860126,2.2283864515865597,0.9119325836761967,85.85681604484343,1738.1734713346543,0.08431374165825262,0.011924153760604978,0.004241045925382946,0.0,0.0,0.0553693535795473,0.04263854105241927,0.015393765422564326,0.02920965750712769,0.35175162762013873,214.72463824420063,0.004835810398249237,0.5859462692719585,-0.0003554926737966437,2100.0,0.01795787920872011,True,0.6664953827857971,0.0553693535795473,True,False,True,0.85,True,False,False,0,True,True,True,True,True,False,True,False,False,6,0,False,0,15,24,24,,,,False,False,False,
119,2026-08-18T21:58:41.813220,shadow,analysis_full,silero,webrtc,True,0.6776771545410156,True,True,True,1,False,True,False,0,0.0,,,,,,,,,,,,,0.08547305152457438,0.8084458503788267,0.13088599351365465,0.06066815609581888,,,,,,,,,,,,,,False,False,temporal_v1,False,0.0008650383053820228,0.13778705636743216,2.2468212009499866,0.9022992133269472,85.10538908288399,1574.5721707890345,0.0691003338242578,0.011187225267437713,0.0051854924318788485,0.0,0.0,0.06138594543160158,0.04533299302321843,0.018610583864126354,0.033117254446101765,0.35738998969207775,209.08472779884977,0.0012304964997022299,0.9696328585203862,-0.0005847920670136254,2300.0,0.007663312633542194,True,0.672568142414093,0.06138594543160158,True,False,True,0.85,True,False,False,0,True,True,True,True,True,False,True,False,False,7,0,False,0,15,24,24,,,,False,False,False,
120,2026-08-18T21:58:41.840458,shadow,analysis_full,silero,webrtc,True,0.6884757876396179,True,True,True,1,False,True,False,0,0.0,,,,,,,,,,,,,0.06623159060978212,0.8629059162406041,0.07758185522317593,0.059512228521121355,,,,,,,,,,,,,,False,False,temporal_v1,False,0.0007633042996224315,0.10020876826722339,2.2977578451403025,0.9217222410773592,84.10968414100205,1605.004536130928,0.05715163137920663,0.005138369673888775,0.003941589555686709,0.0,0.0,0.055142547356680456,0.04118996224200205,0.018332531662452627,0.032036917394901304,0.3166221208765936,149.80759886288536,0.0064506838954224615,0.9085945709048886,-0.0005448649679171644,766.6666666666667,0.01234077038806809,True,0.6793078482151031,0.055142547356680456,True,False,True,0.85,False,False,False,0,True,True,True,True,True,False,True,False,False,8,0,False,0,15,24,24,,,,False,False,False,
121,2026-08-18T21:58:41.864875,shadow,analysis_full,silero,webrtc,True,0.6830214858055115,True,True,True,1,False,True,False,0,0.0,,,,,,,,,,,,,0.07414863255170391,0.8825670484031363,0.043117260639599655,0.07431569094377763,,,,,,,,,,,,,,False,False,temporal_v1,False,0.0008086106145769923,0.11064718162839249,1.9748731542035705,0.9296865576124915,84.64871384255045,1634.2387766676366,0.06544113977428603,0.003197085915801721,0.005510406860616157,0.0,0.0,0.05337615292577441,0.04247334840517622,0.02005222373664091,0.028310239470314445,0.2892403831465571,129.40189022112864,0.003304444367499307,0.7428847565712866,-0.000446065272502659,566.6666666666667,0.009865008052647558,True,0.6819800138473511,0.05337615292577441,True,False,True,0.85,False,False,False,0,True,True,True,True,True,False,True,False,False,9,0,False,0,15,24,24,,,,False,False,False,
122,2026-08-18T21:58:41.873134,shadow,analysis_full,silero,webrtc,True,0.6455205678939819,True,True,True,1,False,True,False,0,0.0,,,,,,,,,,,,,0.0555453593371748,0.8891930113290479,0.04443180691133099,0.06637518174161783,,,,,,,,,,,,,,False,False,temporal_v1,False,0.000700377946906129,0.08768267223382047,2.0052184795279677,0.9320497419698219,83.40903673763741,1554.2191592863687,0.04939054533437651,0.0024679806808898465,0.003686833320908446,0.0,0.0,0.04510329069725838,0.039754935941525446,0.018797253481903455,0.02243554776185079,0.2901338128190071,125.68998266806473,0.0006573728549867812,0.7591340871523438,-0.000462438260882313,566.6666666666667,0.00887140243170058,True,0.6819800138473511,0.04510329069725838,True,False,False,0.85,False,False,False,0,True,True,True,True,True,False,True,False,True,0,0,False,0,15,24,15,,,,False,False,False,
123,2026-08-18T21:58:41.886777,shadow,analysis_full,silero,webrtc,True,0.6210747361183167,True,True,True,1,False,True,False,0,0.0,,,,,,,,,,,,,0.07283987248585448,0.9560738895381841,0.028559688052056578,0.015366422396030588,,,,,,,,,,,,,,False,False,temporal_v1,False,0.0008006432561911659,0.07515657620041753,1.1269572801426326,0.9677650500530547,84.73644068436806,1473.3560579500777,0.06964030020101625,0.002080284035947583,0.0011192882478906466,0.0,0.0,0.04454697223875385,0.039961453394467654,0.017982919470913353,0.02113102033498148,0.35595628431805454,118.25338766135249,0.010245874566292295,0.73374572173016,-0.00044550736576841636,400.0,0.007578438664268398,True,0.6819800138473511,0.04454697223875385,True,False,False,0.85,False,False,False,0,True,True,True,True,True,False,True,False,True,0,0,False,0,15,24,15,,,,False,False,False,
124,2026-08-18T21:58:41.900447,shadow,analysis_full,silero,webrtc,True,0.6131937503814697,True,True,True,1,False,True,False,0,0.0,,,,,,,,,,,,,0.033862693651531,0.962148474728573,0.026788011790316698,0.011063513451579333,,,,,,,,,,,,,,False,False,temporal_v1,False,0.0005478276436008625,0.07515657620041753,1.5430497234761642,0.9727977129508217,81.45555320539407,1233.867273459791,0.03258093904702149,0.0009071142367890948,0.0003746403667204233,0.0,0.0,0.05005258641886833,0.04240233035265596,0.0199330171934769,0.02273658000814805,0.382584127634895,129.75108867690054,0.007807690729557657,1.1471915483923916,-0.0006889666292593737,400.0,0.002820073349068027,True,0.6793078482151031,0.05005258641886833,True,False,True,0.85,False,False,False,0,True,True,True,True,True,False,True,False,True,0,0,False,0,15,24,15,,,,False,False,False,
125,2026-08-18T21:58:41.918401,shadow,analysis_full,silero,webrtc,True,0.6137599945068359,True,True,True,1,False,True,False,0,0.0,,,,,,,,,,,,,0.004315064773131446,0.7166129271624653,0.16330004278356178,0.1200870298222266,,,,,,,,,,,,,,False,True,temporal_v1,False,0.00019969588771423324,0.15866388308977036,3.339673858074271,0.8820374577713774,72.16949026992958,1652.2125739364692,0.003092231197969365,0.0007046502620662055,0.0005181833120958755,0.0,0.0,0.06858500187521557,0.04910947035687604,0.029768225252115275,0.027806961432988393,0.5504846995264812,129.91413794755343,0.03385839492026893,1.0964625886590817,-0.0006465516429186652,2200.0,0.019987331276677366,True,0.672568142414093,0.06858500187521557,True,False,True,0.85,True,False,False,0,True,True,True,True,True,False,True,False,True,0,0,False,0,15,24,15,,,,False,False,False,
126,2026-08-18T21:58:41.930143,shadow,analysis_full,silero,webrtc,True,0.5920197367668152,True,True,True,1,False,True,False,0,0.0,,,,,,,,,,,,,0.004105939240485299,0.7177904370210869,0.23195782024487824,0.05025174249048512,,,,,,,,,,,,,,False,True,temporal_v1,False,0.0002003106152815919,0.1524008350730689,3.8125953744232812,0.9062533592955228,72.31388073232856,1440.6875614464652,0.0029472039218099723,0.0009524047162808808,0.0002063306013944453,0.0,0.0,0.07980757753834182,0.0631512917960589,0.029150224262616823,0.030264919038697494,0.7444350803767192,132.87193300262717,0.006566440373287356,1.523405756700376,-0.0009197109531242573,1666.6666666666667,0.010818962710762332,True,0.6564898490905762,0.07980757753834182,True,False,True,0.85,True,False,False,0,True,True,True,True,True,False,True,False,True,0,0,False,0,15,24,15,,,,False,False,False,
127,2026-08-18T21:58:41.939838,shadow,analysis_full,silero,webrtc,True,0.5361837148666382,True,True,True,1,False,True,False,0,0.0,,,,,,,,,,,,,0.0025399781256696015,0.7811666605937974,0.15793945854775768,0.06089388046474085,,,,,,,,,,,,,,False,True,temporal_v1,False,0.00015475598990064956,0.12108559498956159,2.879062400971603,0.9068513280414481,70.00019016459456,1595.2538212366942,0.001984146230410615,0.00040116276989140523,0.00015466912436758122,0.0,0.0,0.08230532306086318,0.06581424157041153,0.029158030581147024,0.030158886726422685,0.7637473585760154,132.8197989037687,0.007723220951424103,1.403083824739961,-0.0008400115492489872,1933.3333333333335,0.008394159895323407,True,0.6332976520061493,0.08230532306086318,True,False,True,0.85,True,False,False,0,True,True,True,True,True,False,True,False,True,0,0,False,0,15,24,15,,,,False,False,False,
128,2026-08-18T21:58:41.958687,shadow,analysis_full,silero,webrtc,True,0.5361837148666382,True,True,False,1,False,True,False,0,0.0,,,,,,,,,,,,,0.001842196092819501,0.7492441230898945,0.19134541606627312,0.059410460301002,,,,,,,,,,,,,,False,True,temporal_v1,False,0.00013337044131835526,0.12108559498956159,3.139654410193342,0.8992557105152661,68.60575477919545,1691.484774065869,0.001380254596124177,0.0003524957778562101,0.00010944571783911395,0.0,0.0,0.08686643787851975,0.07102436687660027,0.028794414670817604,0.02836791273730778,0.7979433009587454,126.8134442456615,0.004323199186749952,0.9291373693293906,-0.0005535069590349625,2066.666666666667,0.0323748460726022,True,0.6174173653125763,0.08686643787851975,True,False,True,0.85,True,False,False,0,True,False,True,False,True,False,True,False,True,0,1,False,0,15,24,15,,,,False,False,False,
129,2026-08-18T21:58:41.970454,shadow,analysis_full,silero,webrtc,False,0.4515308141708374,True,True,False,1,False,True,False,0,0.0,,,,,,,,,,,,,0.0006461996913414062,0.66410002146262,0.25503568097765245,0.08086429601221824,,,,,,,,,,,,,,False,True,temporal_v1,False,8.360628263573879e-05,0.1544885177453027,3.7896520616088765,0.86887091700657,63.980723802824286,1645.4741057889853,0.0004291412288889663,0.00016480397832880435,5.225448312363553e-05,0.0,0.0,0.10059190359864226,0.08342903367178814,0.029621538019805233,0.03015527362883973,0.8901651566021326,130.17867853578468,0.004986004685560729,1.265439462842487,-0.000759377667817362,2200.0,0.021195620957804775,True,0.6134768724441528,0.10059190359864226,True,False,True,0.85,True,False,False,0,True,False,True,False,True,False,True,False,True,0,2,False,0,15,24,15,,,,False,False,False,
130,2026-08-18T21:58:41.991387,shadow,analysis_full,silero,webrtc,False,0.36963459849357605,True,True,False,1,False,True,False,0,0.0,,,,,,,,,,,,,0.0007071940042361556,0.7471644934536417,0.19837068494258495,0.054464820189734274,,,,,,,,,,,,,,False,True,temporal_v1,False,8.636502404026165e-05,0.12317327766179541,3.380718124597971,0.9086556296718239,64.50243549651975,1612.7098541545402,0.0005283902499485597,0.0001402865590076155,3.851719427998039e-05,0.0,0.0,0.10143498197358321,0.08485468425486412,0.02966535120724745,0.0297632096646832,0.9134905351923498,130.50908616975462,0.004902994496526854,1.0177848595632328,-0.0006097097424574092,1666.6666666666667,0.031000060977155446,True,0.6026067435741425,0.10143498197358321,True,False,True,0.85,True,False,False,0,True,False,True,False,True,False,True,False,True,0,3,False,0,15,24,15,,,,False,False,False,
131,2026-08-18T21:58:42.014164,shadow,analysis_full,silero,webrtc,False,0.27969101071357727,True,True,False,1,False,True,False,0,0.0,,,,,,,,,,,,,0.0003216473002542983,0.6256790677643383,0.2818139173600565,0.0925070117666098,,,,,,,,,,,,,,False,True,temporal_v1,False,6.287418252907495e-05,0.15657620041753653,3.6332770422816494,0.8590040166336352,60.860510257624256,1861.3825330448533,0.0002012479829720256,9.06446856929501e-05,2.9754630589322648e-05,0.0,0.0,0.1110206926613761,0.08936132583215527,0.031055006628515933,0.03175817574881707,0.917477552025199,159.21923707237644,0.0058122506423724405,0.8617875948119917,-0.0005053838739254767,2200.0,0.05441308166184143,True,0.5641017258167267,0.1110206926613761,True,False,True,0.85,True,False,False,0,True,False,True,False,True,False,True,False,True,0,4,False,0,15,24,15,,,,False,False,False,
132,2026-08-18T21:58:42.037750,shadow,analysis_full,silero,webrtc,False,0.20441696047782898,True,True,False,1,False,True,False,0,0.0,,,,,,,,,,,,,0.0002684381305057127,0.6939482694208867,0.1964536574535125,0.10959806940034761,,,,,,,,,,,,,,False,True,temporal_v1,False,5.916364503071799e-05,0.1638830897703549,3.679421483129649,0.8639314249726947,60.16238455684663,1761.1065284735091,0.00018628217611101747,5.273565253783057e-05,2.942030085686467e-05,0.0,0.0,0.1073703300855018,0.08132543248489069,0.03432067831219506,0.03162012335318779,0.8978563581483106,168.2232556048944,0.007148215632798249,1.032984567727698,-0.0006123581260352996,2133.3333333333335,0.0341304612359212,True,0.5361837148666382,0.1073703300855018,True,False,True,0.85,True,False,False,0,True,False,True,False,True,False,True,False,True,0,5,False,0,15,24,15,,,,False,False,False,
133,2026-08-18T21:58:42.058938,shadow,analysis_full,silero,webrtc,False,0.1558447629213333,True,True,False,1,True,True,False,1,0.0,,,,,,,,,,,,,0.00036898162845753194,0.5620245532167466,0.32641306869025366,0.11156237538283766,,,,,,,,,,,,,,False,True,temporal_v1,False,6.664182826449917e-05,0.20876826722338204,4.03896308468577,0.8155502564444567,61.29948120795906,1957.4754978039743,0.00020737673487903198,0.00012044042563515003,4.116446694334991e-05,0.0,0.0,0.10079850682830765,0.07736017768459545,0.03235980603460493,0.03371219688521497,0.6779309651022103,193.50630402225653,0.004102475011544987,0.8752825903489222,-0.0005116604292939858,2366.666666666667,0.06946265358731338,True,0.4938572645187378,0.10079850682830765,True,True,True,0.85,True,True,True,1,True,False,True,False,True,False,True,False,True,0,6,True,1,15,24,15,,,,False,False,False,
134,2026-08-18T21:58:42.084937,shadow,analysis_full,silero,webrtc,False,0.13343225419521332,True,True,False,1,True,True,False,1,0.0,,,,,,,,,,,,,0.00047234301797592887,0.4656565262305858,0.4525116649283142,0.0818318067239945,,,,,,,,,,,,,,False,True,temporal_v1,False,7.276096284278077e-05,0.20250521920668058,3.9696537735201405,0.8111850071299183,62.23779811231005,1810.7175888437926,0.00021994960893994216,0.00021374072548155222,3.865268255443447e-05,0.0,0.0,0.09218548616360817,0.0854265116586118,0.024330231731450287,0.029235198822149852,0.35412661774865006,141.21352140541816,0.004545954418430734,1.252053880208884,-0.0007465341406518464,2200.0,0.025468430934521676,True,0.4105827063322067,0.09218548616360817,True,True,True,0.85,True,True,True,2,True,False,True,False,True,False,True,False,True,0,7,True,2,15,24,15,,,,False,False,False,
135,2026-08-18T21:58:42.106895,shadow,analysis_full,silero,webrtc,False,0.10439738631248474,True,True,False,1,True,True,False,1,0.0,,,,,,,,,,,,,0.0006201520716792412,0.504784529104862,0.40147086385348885,0.09374460542914138,,,,,,,,,,,,,,False,True,temporal_v1,False,8.230892975189449e-05,0.20876826722338204,3.9845245464701518,0.8042940093872527,63.48727734462439,1820.6465744540815,0.00031304317147601047,0.0002489729879375957,5.813591126563507e-05,0.0,0.0,0.10325149293249077,0.09212366487679051,0.02131965262626946,0.03323696376876048,0.36552265156463226,144.18297612943064,0.003952556165690429,1.667798481397437,-0.001009956675635913,2366.666666666667,0.010395578163035024,True,0.32466280460357666,0.10325149293249077,True,True,True,0.85,True,True,True,3,True,False,True,False,True,False,True,False,True,0,8,True,3,15,24,15,,,,False,False,False,
136,2026-08-18T21:58:42.131940,shadow,analysis_full,silero,webrtc,False,0.09448423236608505,True,True,False,1,True,True,False,1,0.0,,,,,,,,,,,,,0.0005966788343935343,0.27103434044025165,0.6173636155056922,0.11160204237811276,,,,,,,,,,,,,,False,True,temporal_v1,False,7.985154262118512e-05,0.22755741127348644,3.9096260230631317,0.7409637321402683,62.821306857337184,2042.5791190442483,0.0001617204543345097,0.0003683678024969145,6.659057656211015e-05,0.0,0.0,0.1505662037084611,0.13774748940171413,0.020838394455530942,0.03846679251196796,0.3714606650290162,140.73745358365403,0.005084394865287651,0.9397468726236289,-0.0005422550482275474,2300.0,0.04485048190224561,True,0.24205398559570312,0.1505662037084611,True,True,True,0.85,True,True,True,4,True,False,True,False,True,False,True,False,True,0,9,True,4,15,24,15,,,,False,False,False,
137,2026-08-18T21:58:42.150559,shadow,analysis_full,silero,webrtc,False,0.10091212391853333,True,True,False,1,True,True,False,1,0.0,,,,,,,,,,,,,0.0005962491394942793,0.41814386882206006,0.48257821257589,0.09927791692489871,,,,,,,,,,,,,,False,True,temporal_v1,False,8.074539454454162e-05,0.22755741127348644,3.9779480010370185,0.7902351491558575,63.21473325222125,1941.2916882749,0.0002493179219699621,0.0002877368439870618,5.91943725372554e-05,0.0,0.0,0.1478101887020996,0.1368383345578747,0.019411508087027508,0.038524533916421876,0.28164827140803506,133.43945870703757,0.005998920328255016,0.9082425209035577,-0.0005393973977480322,2300.0,0.053211735787461883,True,0.18013086169958115,0.1478101887020996,True,True,True,0.85,True,True,True,5,True,False,True,False,True,False,True,False,False,0,0,True,5,15,24,24,,,,False,False,False,
138,2026-08-18T21:58:42.164429,shadow,analysis_full,silero,webrtc,False,0.08973740041255951,True,True,False,1,True,True,False,1,0.0,,,,,,,,,,,,,0.0006070524464900182,0.3930343904844468,0.47755973636499177,0.12940587150325708,,,,,,,,,,,,,,False,True,temporal_v1,False,8.098606245136984e-05,0.2045929018789144,4.124885439949548,0.7690126475356598,63.12740101381341,1959.105474107258,0.00023859248829829658,0.0002899038063054964,7.855615088622514e-05,0.0,0.0,0.14321492544016093,0.13254726637681638,0.019917683338783607,0.0337225379510186,0.21529729919679574,132.9224796188433,0.005115206506978989,1.1611455363660246,-0.0006798213374910278,2466.666666666667,0.03220560919609992,True,0.14463850855827332,0.14321492544016093,True,True,True,0.85,True,True,True,6,True,False,True,False,True,False,True,False,False,0,0,True,6,15,24,24,,,,False,False,False,
139,2026-08-18T21:58:42.180473,shadow,analysis_full,silero,webrtc,False,0.08731710910797119,True,True,False,1,True,True,False,1,0.0,,,,,,,,,,,,,0.001739527041960595,0.5027274658969412,0.4262508928098002,0.07102164071838968,,,,,,,,,,,,,,False,True,temporal_v1,False,0.0001321755492225635,0.1941544885177453,3.807689295702978,0.8335906374554191,68.19421251376872,1760.9686623315433,0.000874508021664052,0.0007414749547024945,0.00012354406459404854,0.0,0.0,0.13665019769479894,0.12769526178787124,0.020885035160010973,0.03185358418242171,0.21486878138747023,119.77775418025217,0.0037637764306921863,1.111850860100995,-0.0006639554691720045,2133.3333333333335,0.03194322134542081,True,0.11891482025384903,0.13665019769479894,True,True,True,0.85,True,True,True,7,True,False,True,False,True,False,True,False,False,0,0,True,7,15,24,24,,,,False,False,False,
140,2026-08-18T21:58:42.198903,shadow,analysis_full,silero,webrtc,False,0.07840921729803085,True,True,False,1,True,True,False,1,0.0,,,,,,,,,,,,,0.001309335697096225,0.38968774312690596,0.5024967727818868,0.10781548332746105,,,,,,,,,,,,,,False,True,temporal_v1,False,0.00011307931804578355,0.23382045929018788,3.9636687144821017,0.7707514754529238,66.40144232624401,1913.343055687212,0.000510232072796922,0.0006579369622789751,0.00014116666102032764,0.0,0.0,0.11755916590356742,0.11494800631170773,0.015952524328009657,0.024471568368125498,0.14819444757119993,89.69517606489448,0.005096478527448259,1.8317238350663698,-0.0011126951361618389,2366.666666666667,0.005984290367228897,True,0.10265475511550903,0.11755916590356742,True,True,True,0.85,True,True,True,8,True,False,True,False,True,False,True,False,False,0,0,True,8,15,24,24,,,,False,False,False,
141,2026-08-18T21:58:42.214658,shadow,analysis_full,silero,webrtc,False,0.07914470136165619,True,True,False,1,True,True,False,1,0.0,,,,,,,,,,,,,0.001592706537943121,0.5016363464219566,0.39001172529430483,0.10835192765587645,,,,,,,,,,,,,,False,True,temporal_v1,False,0.0001252181955643502,0.22338204592901878,4.050009285590657,0.8181157210183794,67.61316941289346,1779.1149503205836,0.0007989594886161507,0.0006211742247507158,0.0001725728235762545,0.0,0.0,0.1079683096702575,0.10654714843743317,0.015832939361372086,0.019562210482830186,0.12088771235775132,94.90915628080843,0.005377238432633567,1.4187303441924533,-0.0008495501168209983,2366.666666666667,0.01724694306918387,True,0.09769817814230919,0.1079683096702575,True,True,True,0.85,True,True,True,9,True,False,True,False,True,False,True,False,False,0,0,True,9,15,24,24,,,,False,False,False,
142,2026-08-18T21:58:42.227493,shadow,analysis_full,silero,webrtc,False,0.07183460891246796,True,True,False,1,True,True,False,1,0.0,,,,,,,,,,,,,0.0013193955569639855,0.3909013859312705,0.5154136611288629,0.09368495218194368,,,,,,,,,,,,,,False,True,temporal_v1,False,0.00011434814507733882,0.20041753653444677,4.141705787699136,0.7917233169185235,66.62288958105796,1858.8250650106977,0.0005157535518087825,0.0006800344944919629,0.00012360750966323994,0.0,0.0,0.07978339104298529,0.07603706522782169,0.015831331910317624,0.013019174803898845,0.09365645767860345,87.45504287274834,0.004617430433540358,1.312194850378534,-0.0007755375075084458,2200.0,0.02424473950547131,True,0.09211081638932228,0.07978339104298529,True,True,True,0.85,True,True,True,10,True,False,True,False,True,False,True,False,False,0,0,True,10,15,24,24,,,,False,False,False,
143,2026-08-18T21:58:42.242053,shadow,analysis_full,silero,webrtc,False,0.07954594492912292,True,True,False,1,True,True,False,1,0.0,,,,,,,,,,,,,0.0027226289315131335,0.5872640856808828,0.3646452478165363,0.04809066613528879,,,,,,,,,,,,,,False,True,temporal_v1,False,0.00016278418799849055,0.18997912317327767,3.8212644529801674,0.8677376912935467,70.26656076550887,1637.859213457463,0.0015989021901133794,0.000992793701444078,0.00013093303895567616,0.0,0.0,0.08389801709748762,0.06998419684472075,0.021839599076599266,0.014756239705279575,0.10584913673531127,110.32454188849437,0.0036129454228901814,1.415408791719166,-0.0008488000435632912,2000.0000000000002,0.01709611195223361,True,0.08852725476026535,0.08389801709748762,True,True,True,0.85,True,True,True,11,True,False,True,False,True,False,True,False,False,0,0,True,11,15,24,24,,,,False,False,False,
144,2026-08-18T21:58:42.254818,shadow,analysis_full,silero,webrtc,False,0.07954594492912292,True,True,False,1,True,True,False,1,0.0,,,,,,,,,,,,,0.005002615802815543,0.6456126161941251,0.28670576625390204,0.06768161735207744,,,,,,,,,,,,,,False,True,temporal_v1,False,0.0002168375327949946,0.21711899791231734,3.9150895303370308,0.8822193790843802,72.90262933432922,1595.3404338084015,0.0032297518762698166,0.0014342787970201096,0.00033858512852561726,0.0,0.0,0.10386217682816234,0.0878683093422405,0.023038903568714405,0.0145375284831346,0.10738435527361039,134.69890667468303,0.003064997263925563,1.4609975106270359,-0.0008668532087028934,2000.0000000000002,0.015524707693766892,True,0.08343152701854706,0.10386217682816234,True,True,True,0.85,True,True,True,12,True,False,True,False,True,False,True,False,False,0,0,True,12,15,24,24,,,,False,False,False,
145,2026-08-18T21:58:42.270846,shadow,analysis_full,silero,webrtc,False,0.06850877404212952,True,True,False,1,True,True,False,1,0.0,,,,,,,,,,,,,0.002001037492153608,0.6317306125171201,0.29256245597485075,0.07570693100828828,,,,,,,,,,,,,,False,True,temporal_v1,False,0.0001380782251716991,0.18997912317327767,3.8226780165875183,0.8601334422896761,68.73172607232664,1701.9149230915584,0.0012641166405879208,0.0005854284432022157,0.00015149240736347138,0.0,0.0,0.11559636162570894,0.09883343103191079,0.023614216287139698,0.016062951199725548,0.115789119118159,140.20057569925842,0.0023443056904558913,1.3037734044189564,-0.0007802228013452495,2200.0,0.02075195878843235,True,0.07954594492912292,0.11559636162570894,True,True,True,0.85,True,True,True,13,True,False,True,False,True,False,True,False,False,0,0,True,13,15,24,24,,,,False,False,False,
146,2026-08-18T21:58:42.284557,shadow,analysis_full,silero,webrtc,False,0.06960415840148926,True,True,False,1,True,True,False,1,0.0,,,,,,,,,,,,,0.004262577313892476,0.6597902330703702,0.274336988609734,0.06587277808529578,,,,,,,,,,,,,,False,True,temporal_v1,False,0.00020220953676459717,0.17745302713987474,3.9429779133907523,0.8842548159514875,72.29175998105103,1547.1269398184133,0.0028124068794135896,0.0011693826240094308,0.00028078780946945523,0.0,0.0,0.10605408795935659,0.08879934216037527,0.02366065306330554,0.017793132152536546,0.11495593037785458,139.99143308224234,0.0029856384835707877,1.4882413366581237,-0.0008939268338398918,1933.3333333333335,0.013270754588225981,True,0.07934532314538956,0.10605408795935659,True,True,True,0.85,True,True,True,14,True,False,True,False,True,False,True,False,False,0,0,True,14,15,24,24,,,,False,False,False,
147,2026-08-18T21:58:42.297488,shadow,analysis_full,silero,webrtc,False,0.06463350355625153,True,True,False,1,True,True,False,1,0.0,,,,,,,,,,,,,0.003243097686157805,0.5539488359618384,0.39405542388221754,0.051995739847596874,,,,,,,,,,,,,,False,True,temporal_v1,False,0.00017681017414756782,0.20250521920668058,3.973427052735874,0.8588080095870588,70.96529161726882,1617.0264352318588,0.0017965101881576475,0.0012779602334103528,0.0001686272635898046,0.0,0.0,0.10176775863350222,0.08456250655538557,0.025337784378522986,0.01625713764837727,0.11488070367634895,133.8618370607037,0.0030120179847923593,1.7476014950443945,-0.0010706529525897409,2066.666666666667,0.008073886100259874,True,0.07877695932984352,0.10176775863350222,True,True,True,0.85,True,True,True,15,True,False,True,False,True,False,True,False,False,0,0,True,15,15,24,24,,,,False,False,False,
148,2026-08-18T21:58:42.308219,shadow,analysis_full,silero,webrtc,False,0.05673125758767128,True,True,False,1,True,True,False,1,0.0,,,,,,,,,,,,,0.0034096607996520344,0.5636390841863177,0.3718848607872762,0.06447605473312194,,,,,,,,,,,,,,False,True,temporal_v1,False,0.000179273314741536,0.20668058455114824,3.9711358647327626,0.8571710845059003,71.081384463169,1650.2414347313666,0.0019218180905018604,0.0012680012318104295,0.0002198414763397449,0.0,0.0,0.09193373441900145,0.0797251307709762,0.020133010691440443,0.01628526304656066,0.10070902698881976,113.0862676002653,0.0031013931381382778,1.2751152612474281,-0.0007575748815609912,2000.0000000000002,0.02193702689854688,True,0.0751219131052494,0.09193373441900145,True,True,True,0.85,True,True,True,16,True,False,True,False,True,False,True,False,False,0,0,True,16,15,24,24,,,,False,False,False,
149,2026-08-18T21:58:42.324647,shadow,analysis_full,silero,webrtc,False,0.056478776037693024,True,True,False,1,True,True,False,1,0.0,,,,,,,,,,,,,0.004211125939822639,0.5837647360087369,0.35089181769293715,0.06534344606085965,,,,,,,,,,,,,,False,True,temporal_v1,False,0.00019789577269069172,0.1732776617954071,4.0300748834037945,0.8636065939149017,71.99721332029623,1674.2208163762507,0.0024583068225601068,0.001477649635558244,0.0002751694807042875,0.0,0.0,0.09162473389967597,0.07872609647521292,0.020329568837948314,0.018538104903540988,0.09308914324231816,111.87110330796106,0.0025060383695540388,1.1737202208907556,-0.0006830015442070544,2133.3333333333335,0.028847115069370783,True,0.07071938365697861,0.09162473389967597,True,True,True,0.85,True,True,True,17,True,False,True,False,True,False,True,False,False,0,0,True,17,15,24,24,,,,False,False,False,
150,2026-08-18T21:58:42.339400,shadow,analysis_full,silero,webrtc,False,0.04868156090378761,True,True,False,1,True,True,False,1,0.0,,,,,,,,,,,,,0.003294055940251821,0.6270036802585852,0.30166804551948845,0.0713282739183493,,,,,,,,,,,,,,False,True,temporal_v1,False,0.0001800977701708717,0.20250521920668058,3.9719981847668837,0.8704600022431129,71.18921174574456,1618.1381627209437,0.002065385197515546,0.0009937114173276277,0.00023495932440864754,0.0,0.0,0.07626927896464218,0.06840025054346366,0.017115061303850095,0.015141097590370559,0.09312684026176234,87.26265210637155,0.002366489668390506,1.3756549523657413,-0.0008245568921641588,2033.3333333333335,0.018154477432383555,True,0.06905646622180939,0.07626927896464218,True,True,True,0.85,True,True,True,18,True,False,True,False,True,False,True,False,False,0,0,True,18,15,24,24,,,,False,False,False,
151,2026-08-18T21:58:42.352835,shadow,analysis_full,silero,webrtc,False,0.044283006340265274,True,True,False,1,True,True,False,1,0.0,,,,,,,,,,,,,0.003743077341664775,0.5732756179872862,0.3568399811663517,0.0698844005792022,,,,,,,,,,,,,,False,True,temporal_v1,False,0.00019054571057610704,0.19624217118997914,3.9360074031223014,0.8653729260474364,71.66836382180026,1640.382784787677,0.0021458149762170822,0.0013356796481038562,0.0002615827163438364,0.0,0.0,0.07234985796704714,0.06738068247942366,0.011861025106617878,0.012631774118919288,0.08878099989611028,79.14158490965794,0.0024620250946278868,1.536934241585503,-0.0009181867291314699,2000.0000000000002,0.012570220249591823,True,0.06657113879919052,0.07234985796704714,True,True,True,0.85,True,True,True,19,True,False,True,False,True,False,True,False,False,0,0,True,19,15,24,24,,,,False,False,False,
152,2026-08-18T21:58:42.372620,shadow,analysis_full,silero,webrtc,False,0.04508540406823158,True,True,False,1,False,True,False,0,0.0,,,,,,,,,,,,,0.003302642695647253,0.5523542525582655,0.3630203875547839,0.08462535958416278,,,,,,,,,,,,,,False,True,temporal_v1,False,0.00017738445594022657,0.19206680584551147,3.849119060892508,0.8431607231541711,70.91489389576934,1742.554767005548,0.0018242287376212538,0.001198926631328842,0.0002794873256971575,0.0,0.0,0.03767971616049053,0.04020134491035193,0.01002279086107615,0.01256257735559949,0.06725197316936354,52.149489098274174,0.0025699962620698443,1.1320401002671867,-0.000670316893556411,2133.3333333333335,0.02848231182390171,True,0.0606823805719614,0.03767971616049053,True,True,False,0.85,True,False,False,0,True,False,True,False,True,False,True,False,False,0,0,False,0,15,24,24,,,,False,False,False,
153,2026-08-18T21:58:42.390430,shadow,analysis_full,silero,webrtc,False,0.04022793471813202,True,True,False,1,False,True,False,0,0.0,,,,,,,,,,,,,0.005351762201529115,0.6059026732107532,0.3251426745396765,0.068954652062716,,,,,,,,,,,,,,False,True,temporal_v1,False,0.00022142591531487546,0.20668058455114824,3.9219757849813597,0.8714352632487812,73.03502882573126,1621.3784859281698,0.0032426470242947563,0.0017400862757055236,0.00036902890052883513,0.0,0.0,0.03757138232668363,0.03908451387762302,0.007925481307687252,0.012918353657123162,0.05812825927367278,52.52853739215085,0.004718479399746504,1.3026100889985532,-0.0007759004775321014,2033.3333333333335,0.019156859140850396,True,0.05660501681268215,0.03757138232668363,True,True,False,0.85,True,False,False,0,True,False,True,False,True,False,True,False,False,0,0,False,0,15,24,24,,,,False,False,False,
154,2026-08-18T21:58:42.406403,shadow,analysis_full,silero,webrtc,False,0.033843621611595154,True,True,False,1,True,True,False,1,0.0,,,,,,,,,,,,,0.0009856807766955012,0.31501758454045864,0.5459217563655,0.13906065807951412,,,,,,,,,,,,,,False,True,temporal_v1,False,0.00010067103791613961,0.23382045929018788,4.124594477869748,0.7565600941980017,65.21368128289303,1966.9719346600439,0.00031050677740257997,0.0005381045808293182,0.000137069417463603,0.0,0.0,0.0906224954290145,0.07239997183845467,0.02254853259118785,0.01615629011602994,0.08099351870943411,108.66409907516082,0.00548190177034924,1.6665466919460277,-0.0010094251828401371,2466.666666666667,0.012357334528689154,True,0.05258016847074032,0.0906224954290145,True,True,True,0.85,True,True,True,1,True,False,True,False,True,False,True,False,False,0,0,True,1,15,24,24,,,,False,False,False,
155,2026-08-18T21:58:42.427966,shadow,analysis_full,silero,webrtc,False,0.04088452830910683,True,True,False,1,True,True,False,1,0.0,,,,,,,,,,,,,0.0038404735552327227,0.27831617810460313,0.5977635580280846,0.1239202636069277,,,,,,,,,,,,,,False,True,temporal_v1,False,0.00018740143023490973,0.20041753653444677,4.055367139184934,0.7517117772600499,70.90894233031646,1969.0609318914208,0.0010688659220041688,0.00229569513688868,0.0004759124953398738,0.0,0.0,0.12187286791490835,0.09825051626311201,0.02678564958063943,0.015932178729301805,0.07282121173601859,139.67427183412363,0.005936364343093356,1.0693250194348272,-0.0006203544074992965,2366.666666666667,0.03436155087278297,True,0.0468834824860096,0.12187286791490835,True,True,True,0.85,True,True,True,2,True,False,True,False,True,False,True,False,False,0,0,True,2,15,24,24,,,,False,False,False,
156,2026-08-18T21:58:42.448209,shadow,analysis_full,silero,webrtc,False,0.08540917932987213,True,True,False,1,True,True,False,1,0.0,,,,,,,,,,,,,0.008965172594203498,0.5131325301235956,0.41899903696073976,0.06786843280412182,,,,,,,,,,,,,,False,True,temporal_v1,False,0.0002882527681620599,0.1732776617954071,3.954732107855799,0.8528670809138339,75.2690149566514,1642.1872247205708,0.00460032169625836,0.0037563986831580824,0.0006084522137870546,0.0,0.0,0.11410512950412222,0.09079452216349622,0.026682819547849016,0.016538874589009066,0.07234509725730992,131.6290248073933,0.0061940029738561985,1.2563123434686323,-0.0007466692350949971,2000.0000000000002,0.020689717974716554,True,0.0468834824860096,0.11410512950412222,True,True,True,0.85,True,True,True,3,True,False,True,False,True,False,True,False,False,0,0,True,3,15,24,24,,,,False,False,False,
157,2026-08-18T21:58:42.462062,shadow,analysis_full,silero,webrtc,False,0.3691866993904114,True,True,False,1,True,True,False,1,0.0,,,,,,,,,,,,,0.014688180067691951,0.6747464510493267,0.2931686486210126,0.03208490026157871,,,,,,,,,,,,,,False,True,temporal_v1,False,0.00036860767225273413,0.14613778705636743,3.509632710378483,0.9029639649365966,77.67200177304068,1493.0192426241028,0.009910797373048603,0.004306113901147343,0.0004712687924960047,0.0,0.0,0.12342908208092838,0.09660467556069162,0.029362218546011197,0.02274041352360408,0.15841614720053962,145.32945027399583,0.005317845424051644,1.1917885976947038,-0.0007140878525671615,1700.0000000000002,0.015955541043268937,True,0.0468834824860096,0.12342908208092838,True,True,True,0.85,True,True,True,4,True,False,True,False,True,False,True,False,False,0,0,True,4,15,24,24,,,,False,False,False,
158,2026-08-18T21:58:42.474660,shadow,analysis_full,silero,webrtc,False,0.4507552683353424,True,True,False,1,True,True,False,1,0.0,,,,,,,,,,,,,0.009075766679692291,0.6352943282983301,0.33010960586360394,0.03459606572788228,,,,,,,,,,,,,,False,True,temporal_v1,False,0.0003031485554909978,0.15031315240083507,3.6946847275686348,0.8975287849913971,75.93353163879857,1522.0340256195993,0.00576578309656748,0.0029959977615432514,0.0003139858205815584,0.0,0.0,0.1272687539191911,0.09829557795282352,0.03205966209866724,0.025497093345757036,0.17273030172630136,154.6687724320466,0.008117133980486378,1.0763191424151621,-0.000634670473839904,1866.6666666666667,0.023387493917158324,True,0.0468834824860096,0.1272687539191911,True,True,True,0.85,True,True,True,5,True,False,True,False,True,False,True,False,False,0,0,True,5,15,24,24,,,,False,False,False,
159,2026-08-18T21:58:42.488902,shadow,analysis_full,silero,webrtc,False,0.3869571089744568,True,True,False,1,True,True,False,1,0.0,,,,,,,,,,,,,0.006370419471901425,0.659299751944724,0.3101986689200054,0.03050157897829505,,,,,,,,,,,,,,False,True,temporal_v1,False,0.00024354698130508732,0.1419624217118998,3.721243178493512,0.8970413836736796,74.00322472656468,1492.5419749956889,0.004200015977608449,0.001976095640645906,0.00019430785264706995,0.0,0.0,0.13203869480727923,0.1005779975830595,0.03478089549330779,0.028762327774208854,0.17516583503849106,165.61975336604038,0.0053026629103478645,1.2323960962496623,-0.0007325204681573122,1800.0000000000002,0.016404638825816005,True,0.0468834824860096,0.13203869480727923,True,True,True,0.85,True,True,True,6,True,False,True,False,True,False,True,False,False,0,0,True,6,15,24,24,,,,False,False,False,
160,2026-08-18T21:58:42.498357,shadow,analysis_full,silero,webrtc,False,0.3869571089744568,True,True,False,1,True,True,False,1,0.0,,,,,,,,,,,,,0.010767114875289564,0.6519522703139816,0.28418130685570725,0.06386642273743565,,,,,,,,,,,,,,False,True,temporal_v1,False,0.0003262738376580307,0.12317327766179541,3.813723038197444,0.9007377222889332,76.59408160434751,1509.0429552131764,0.007019644987676475,0.003059812776325314,0.0006876571102877749,0.0,0.0,0.13381787413268076,0.10213906398040148,0.03487328229676667,0.03324925509116162,0.1727237212252643,172.1937292839281,0.004765424558701101,1.4009398960225075,-0.0008291255266162656,1600.0,0.014033195673256765,True,0.06524729169905186,0.13381787413268076,True,True,True,0.85,True,True,True,7,True,False,True,False,True,False,True,False,False,0,0,True,7,15,24,24,,,,False,False,False,
161,2026-08-18T21:58:42.512731,shadow,analysis_full,silero,webrtc,False,0.37890759110450745,True,True,False,1,True,True,False,1,0.0,,,,,,,,,,,,,0.0051199591158396065,0.7113563488205042,0.24610564550838665,0.04253800547579499,,,,,,,,,,,,,,False,True,temporal_v1,False,0.0002170841379631816,0.1127348643006263,3.5718828080677714,0.9085679992023943,73.0400146898926,1581.2375809555547,0.0036421154227539196,0.001260050843180255,0.00021779284890543164,0.0,0.0,0.14275290908934937,0.11002286693110637,0.03595114255497266,0.03744176080305813,0.1899822842017896,173.77166199935422,0.004804172466438093,1.0816055249555399,-0.0006454315222879604,1466.6666666666667,0.02957050849984725,True,0.22729793936014175,0.14275290908934937,True,True,True,0.85,True,True,True,8,True,False,True,False,True,False,True,False,False,0,0,True,8,15,24,24,,,,False,False,False,
162,2026-08-18T21:58:42.531934,shadow,analysis_full,silero,webrtc,False,0.34715887904167175,True,True,False,1,True,True,False,1,0.0,,,,,,,,,,,,,0.002999931952597106,0.6918309352565666,0.27874874325512455,0.029420321154967958,,,,,,,,,,,,,,False,True,temporal_v1,False,0.0001689016151618082,0.13987473903966596,3.4742256852219975,0.9158532658909068,70.83306767367675,1426.1836566156644,0.002075445728471314,0.0008362272616373352,8.825896148845697e-05,0.0,0.0,0.14806511835060365,0.11351849268523417,0.03731029936330307,0.03736893667685085,0.21606975766960473,183.30767019381918,0.006878256971933863,1.3933894767979498,-0.000834402380254284,1600.0,0.009750565382294445,True,0.35817278921604156,0.14806511835060365,True,True,True,0.85,True,True,True,9,True,False,True,False,True,False,True,False,False,0,0,True,9,15,24,24,,,,False,False,False,
163,2026-08-18T21:58:42.545045,shadow,analysis_full,silero,webrtc,False,0.29918017983436584,True,True,False,1,True,True,False,1,0.0,,,,,,,,,,,,,0.005031647553835012,0.705845737704869,0.22965841981368668,0.06449584228270219,,,,,,,,,,,,,,False,True,temporal_v1,False,0.00022277216485852805,0.11899791231732777,3.7809974471560186,0.9028096714933198,73.24215816798103,1544.3941019336323,0.003551566979507574,0.0011555602262731507,0.00032452034705428724,0.0,0.0,0.15318695511931155,0.12012745048038037,0.03726645000728419,0.03632567849686847,0.21116432949750125,184.7979900039074,0.0048806466993473446,1.2791420891006082,-0.0007627777625776271,1633.3333333333335,0.020272233384180462,True,0.35817278921604156,0.15318695511931155,True,True,True,0.85,True,True,True,10,True,False,True,False,True,False,True,False,False,0,0,True,10,15,24,24,,,,False,False,False,
164,2026-08-18T21:58:42.557866,shadow,analysis_full,silero,webrtc,False,0.22729462385177612,True,True,False,1,True,True,False,1,0.0,,,,,,,,,,,,,0.0029443510841599377,0.6649276156315557,0.2824895551947578,0.05258282883405291,,,,,,,,,,,,,,False,True,temporal_v1,False,0.00016768646829819027,0.12734864300626306,3.699034187788582,0.8982718377164048,70.68377606653621,1604.1987641860565,0.0019577803459726534,0.0008317484281015438,0.00015482230908574012,0.0,0.0,0.1252361619077545,0.10265238579810813,0.027266904143040956,0.025329880618537356,0.17526685106808174,142.94530914511375,0.005783983170988035,1.1008269441199379,-0.0006569843595737144,1766.6666666666667,0.03161809682722103,True,0.35817278921604156,0.1252361619077545,True,True,True,0.85,True,True,True,11,True,False,True,False,True,False,True,False,False,0,0,True,11,15,24,24,,,,False,False,False,
165,2026-08-18T21:58:42.587454,shadow,analysis_full,silero,webrtc,False,0.18699385225772858,True,True,False,1,True,True,False,1,0.0,,,,,,,,,,,,,0.0018140780797118246,0.7020404800795209,0.2453540985459624,0.0526054208232724,,,,,,,,,,,,,,False,True,temporal_v1,False,0.0001403118701765528,0.13987473903966596,3.4372774810509554,0.9162756370719141,69.1528776771309,1563.3804429542904,0.0012735562459826248,0.0004450914919396853,9.543034078951443e-05,0.0,0.0,0.05476902864492786,0.05139001684192824,0.014373933931834032,0.016774371128685312,0.1567731206896944,59.56298779856511,0.00556371987905935,1.006346203954379,-0.0006001126405454884,1466.6666666666667,0.02803677283026591,True,0.35817278921604156,0.05476902864492786,True,True,True,0.85,True,True,True,12,True,False,True,False,True,False,True,False,False,0,0,True,12,15,24,24,,,,False,False,False,
166,2026-08-18T21:58:42.604642,shadow,analysis_full,silero,webrtc,False,0.14072725176811218,True,True,False,1,False,True,False,0,0.0,,,,,,,,,,,,,0.0010302639045942931,0.6524245046702049,0.29965678927167655,0.047918705087493615,,,,,,,,,,,,,,False,True,temporal_v1,False,0.00010167166843053511,0.15866388308977036,3.805910260084537,0.8832099735721781,65.98006656938739,1588.1778628097238,0.0006721694176345229,0.00030872557375322677,4.936891220654359e-05,0.0,0.0,0.025006218929337444,0.029818469759622317,0.012624922899376079,0.013987473903966596,0.13405057857750835,51.79711044048353,0.006666117520602936,1.51323441059239,-0.0009111598518831634,1833.3333333333335,0.011996880333665225,True,0.35817278921604156,0.025006218929337444,True,True,False,0.85,True,False,False,0,True,False,True,False,True,False,True,False,False,0,0,False,0,15,24,24,,,,False,False,False,
167,2026-08-18T21:58:42.617285,shadow,analysis_full,silero,webrtc,False,0.12637218832969666,True,True,False,1,False,True,False,0,0.0,,,,,,,,,,,,,0.004940755257201585,0.7665248730755599,0.19056493048326306,0.0429101962387787,,,,,,,,,,,,,,False,True,temporal_v1,False,0.00021898638140301305,0.0918580375782881,3.6915121932349977,0.9208684637204682,73.1761174145477,1438.40599552992,0.003787211796423851,0.0009415346821234366,0.00021200877765429756,0.0,0.0,0.03713850913176983,0.039569099063172006,0.011909721547723105,0.018701954976167973,0.12573567346862508,58.15279446869252,0.004552899119398812,1.6719266826065386,-0.0010034227433371363,1333.3333333333335,0.007742405909545611,True,0.3231695294380188,0.03713850913176983,True,True,False,0.85,True,False,False,0,True,False,True,False,True,False,True,False,False,0,0,False,0,15,24,24,,,,False,False,False,
168,2026-08-18T21:58:42.633432,shadow,analysis_full,silero,webrtc,False,0.10602270811796188,True,True,False,1,False,True,False,0,0.0,,,,,,,,,,,,,0.0018130643460041423,0.7485756611387507,0.18650523480627967,0.06491910350341715,,,,,,,,,,,,,,False,True,temporal_v1,False,0.00013390275339065117,0.1336116910229645,3.7621157348882037,0.8979738148623019,68.63660260080833,1570.8599234538067,0.0013572158414971475,0.00033814599157039647,0.00011770251193659823,0.0,0.0,0.03777999892341167,0.041071777629084885,0.012432392010505507,0.017567573683850878,0.12870280291713737,59.566804550046164,0.0029006217361010715,1.3192797491427368,-0.000785221652191773,1600.0,0.018881411464973227,True,0.263237401843071,0.03777999892341167,True,True,False,0.85,True,False,False,0,True,False,True,False,True,False,True,False,False,0,0,False,0,15,24,24,,,,False,False,False,
169,2026-08-18T21:58:42.648385,shadow,analysis_full,silero,webrtc,False,0.06414928287267685,True,True,False,1,False,True,False,0,0.0,,,,,,,,,,,,,0.0005415915386613913,0.7782820503372161,0.17302863307385274,0.04868931474252123,,,,,,,,,,,,,,False,True,temporal_v1,False,7.793699758980623e-05,0.1419624217118998,3.6095710912540753,0.9144592291978627,63.48254676708361,1538.4413904097419,0.0004215109731546753,9.371084361894522e-05,2.6369720887770838e-05,0.0,0.0,0.04290139032171607,0.04330678236356311,0.010789221142250612,0.017567573683850878,0.12911874124028144,58.11230204004687,0.0038127401617130715,1.0471791448208543,-0.0006283544915331329,1233.3333333333335,0.02836797326478874,True,0.20714423805475235,0.04290139032171607,True,True,False,0.85,True,False,False,0,True,False,True,False,True,False,True,False,False,0,0,False,0,15,24,24,,,,False,False,False,
170,2026-08-18T21:58:42.662517,shadow,analysis_full,silero,webrtc,False,0.16452868282794952,True,True,False,1,False,True,False,0,0.0,,,,,,,,,,,,,0.12088338189508344,0.897137946249605,0.060503374634310325,0.042358679107812144,,,,,,,,,,,,,,False,False,temporal_v1,False,0.0010274685504247107,0.09603340292275574,2.4225940687753567,0.9158674097254618,86.6667986888178,1802.0885938143797,0.10844906896906184,0.007313852541860639,0.005120460383160948,0.0,0.0,0.06732865243487969,0.06689359892003253,0.010132673023774694,0.020137211777515648,0.38647161619409237,97.4709860378592,0.0178970214078475,0.6248463858069766,-0.00037255701876928265,866.6666666666667,0.025589482165406408,True,0.17576126754283905,0.06732865243487969,True,True,True,0.85,False,False,False,0,True,False,True,False,True,False,True,False,False,0,0,False,0,15,24,24,,,,False,False,False,
171,2026-08-18T21:58:42.672624,shadow,analysis_full,silero,webrtc,True,0.6847113966941833,True,True,True,1,True,True,False,1,0.0,,,,,,,,,,,,,0.21781926423300885,0.8356379031089013,0.07960071364821149,0.08476138323829617,,,,,,,,,,,,,,False,True,temporal_v1,False,0.0013943993833534889,0.1315240083507307,3.062137309111221,0.8876993544609136,89.18495397190279,1627.3982544397581,0.18201803322039523,0.017338568879275852,0.01846266213233776,0.0,0.0,0.0735715524436165,0.07794850079819754,0.014487013082932328,0.019674124785020203,0.4099005981698566,99.1739422838093,0.01853203998118537,1.3073272473610689,-0.0007820844349405485,1133.3333333333335,0.00740260292683095,True,0.17576126754283905,0.0735715524436165,True,True,True,0.85,True,True,True,1,True,True,True,True,True,True,True,False,False,1,0,True,1,15,24,24,,,,False,False,False,
172,2026-08-18T21:58:42.686488,shadow,analysis_full,silero,webrtc,True,0.8666716814041138,True,True,True,1,False,True,False,0,0.0,,,,,,,,,,,,,0.933113855399875,0.9239989794115556,0.05466937066645152,0.0213316499209213,,,,,,,,,,,,,,False,False,temporal_v1,False,0.002945719910148768,0.1022964509394572,1.871753940951623,0.9459871958483941,95.95935368561193,1313.8536717147279,0.8621962500642664,0.051012747234857415,0.019904858099751312,0.0,0.0,0.08846789270349144,0.08475159176603793,0.015937837278535986,0.020608928300561238,0.6318471825985053,119.20569986038639,0.03857241623256269,1.2837102640764306,-0.0007671222212862214,766.6666666666667,0.0020570294087884963,True,0.17576126754283905,0.08846789270349144,True,True,True,0.85,False,False,False,0,True,True,True,True,True,True,True,False,False,2,0,False,0,15,24,24,,,,False,False,False,
173,2026-08-18T21:58:42.710284,shadow,analysis_full,silero,webrtc,True,0.8669166564941406,True,True,True,1,False,True,False,0,0.0,,,,,,,,,,,,,0.4442684248063236,0.8685484858795246,0.11200455309454593,0.019446961023678582,,,,,,,,,,,,,,False,True,temporal_v1,False,0.0020394466118695133,0.11586638830897704,2.8457233397162476,0.9471498985286296,92.77055796605099,1176.5553649530013,0.3858686676896138,0.04976008637445016,0.008639670741259655,0.0,0.0,0.09056220648740138,0.08523455625652487,0.018066388523058745,0.02070940172332296,0.6250259534329305,165.74324408204322,0.021808442481096563,1.55287656681473,-0.0009283130776663867,866.6666666666667,0.0015086396265634623,True,0.17576126754283905,0.09056220648740138,True,True,True,0.85,False,False,False,0,True,True,True,True,True,True,True,False,False,3,0,False,0,15,24,24,,,,False,False,False,
174,2026-08-18T21:58:42.730682,shadow,analysis_full,silero,webrtc,True,0.8765601515769958,True,True,True,1,False,True,False,0,0.0,,,,,,,,,,,,,0.3450017783549131,0.8948606717409563,0.08205389857025126,0.023085429685893978,,,,,,,,,,,,,,False,False,temporal_v1,False,0.0017916453997263106,0.1127348643006263,2.1951298095981797,0.9482738652752084,91.6501609483795,1394.0013338059825,0.30872852313050203,0.028308740927690344,0.007964514295720725,0.0,0.0,0.08656067859576803,0.07942681926953817,0.019396035933947776,0.020929214020403562,0.6710872954175389,167.3494006894225,0.011931482275146331,1.058383083762992,-0.0006297433809255543,900.0000000000001,0.008199586876751791,True,0.17576126754283905,0.08656067859576803,True,True,True,0.85,False,False,False,0,True,True,True,True,True,True,True,False,False,4,0,False,0,15,24,24,,,,False,False,False,
175,2026-08-18T21:58:42.739863,shadow,analysis_full,silero,webrtc,True,0.8383749723434448,True,True,True,1,True,True,False,1,0.0,,,,,,,,,,,,,0.25805799362068166,0.8448991909807807,0.12466666800534738,0.030434141009996907,,,,,,,,,,,,,,False,True,temporal_v1,False,0.0015984403995356166,0.12317327766179541,2.868948335516663,0.9331255735738828,90.5885072496834,1288.5875913164227,0.2180329900362374,0.03217123021683557,0.007853773366608708,0.0,0.0,0.07960071570023226,0.07265770070671337,0.01964300861713674,0.020122326296138637,0.6616066984131243,177.17467214815687,0.009239740539969734,1.4113889375802127,-0.0008502503335256514,933.3333333333334,0.0027196293505881417,True,0.42462003976106644,0.07960071570023226,True,True,True,0.85,True,True,True,1,True,True,True,True,True,True,True,False,False,5,0,True,1,15,24,24,,,,False,False,False,
176,2026-08-18T21:58:42.749527,shadow,analysis_full,silero,webrtc,True,0.8383749723434448,True,True,True,1,False,True,False,0,0.0,,,,,,,,,,,,,0.24534516366420428,0.8425825814006546,0.11980116590427274,0.03761625269099673,,,,,,,,,,,,,,False,True,temporal_v1,False,0.0014887850648103254,0.13778705636743216,2.838649521194373,0.9191727229031728,89.90552258836809,1482.4973190576106,0.20672356133435132,0.029392636655946287,0.009228965672906656,0.0,0.0,0.05635688236845365,0.04811706949260343,0.019606415598755436,0.01690926309771554,0.6071581501499455,173.1453073629726,0.005722901543727518,0.831102891028077,-0.0005051181053219445,1000.0000000000001,0.014876214376826423,True,0.7615431845188141,0.05635688236845365,True,False,True,0.85,True,False,False,0,True,True,True,True,True,True,True,False,False,6,0,False,0,15,24,24,,,,False,False,False,
177,2026-08-18T21:58:42.760920,shadow,analysis_full,silero,webrtc,True,0.811667799949646,True,True,True,1,False,True,False,0,0.0,,,,,,,,,,,,,0.2372375806657781,0.8006201323797708,0.15567485889942284,0.0437050087165911,,,,,,,,,,,,,,False,True,temporal_v1,False,0.0014735906709063289,0.13569937369519833,2.685030204488404,0.9153728646098734,89.79882182473474,1421.7881326382135,0.18993718323809183,0.03693192689578545,0.010368470530900818,0.0,0.0,0.05271599778240788,0.04382719816965087,0.01961335677466101,0.01495610096399944,0.5512417884776672,173.4554267761834,0.004585926181818284,1.0334319742087674,-0.0006204718224159923,1366.6666666666667,0.007986903713069518,True,0.8250213861465454,0.05271599778240788,True,False,True,0.85,True,False,False,0,True,True,True,True,True,True,True,False,False,7,0,False,0,15,24,24,,,,False,False,False,
178,2026-08-18T21:58:42.774337,shadow,analysis_full,silero,webrtc,True,0.7855310440063477,True,True,True,1,False,True,False,0,0.0,,,,,,,,,,,,,0.2081841287278465,0.7966291071164036,0.13735575777801473,0.06601513510077811,,,,,,,,,,,,,,False,False,temporal_v1,False,0.0013658281929295022,0.1336116910229645,2.4645767319532745,0.89444803069643,89.03842599738206,1595.2877290612582,0.1658455365842708,0.028595288758769124,0.013743303383806568,0.0,0.0,0.04554527552463951,0.03786658898665788,0.019745783038159624,0.01495610096399944,0.4581600959704321,175.14065985768067,0.0058627735783374465,0.8270090166345211,-0.0004972958257888394,1366.6666666666667,0.015502031927155038,True,0.8250213861465454,0.04554527552463951,True,False,False,0.85,True,False,False,0,True,True,True,True,True,True,True,False,False,8,0,False,0,15,24,24,,,,False,False,False,
179,2026-08-18T21:58:42.791913,shadow,analysis_full,silero,webrtc,True,0.7759020924568176,True,True,True,1,False,True,False,0,0.0,,,,,,,,,,,,,0.34244392172557686,0.854059828326342,0.10854494596163412,0.03739522570910384,,,,,,,,,,,,,,False,False,temporal_v1,False,0.0017379333963366832,0.11899791231732777,2.6439880720817386,0.9218336660460614,91.26255900301679,1309.0266412486287,0.29246759700034547,0.037170556978592804,0.012805767745638635,0.0,0.0,0.039111596782451866,0.031534445828421694,0.019638959260390016,0.013578365778216389,0.3399187652933238,178.8791572655053,0.006346776615885405,1.517958560483983,-0.0009194868166883211,933.3333333333334,0.0026568392757403067,True,0.8250213861465454,0.039111596782451866,True,False,False,0.85,False,False,False,0,True,True,True,True,True,True,True,False,False,9,0,False,0,15,24,24,,,,False,False,False,
180,2026-08-18T21:58:42.812076,shadow,analysis_full,silero,webrtc,True,0.7542852163314819,True,True,True,1,False,True,False,0,0.0,,,,,,,,,,,,,0.5819852787153774,0.9262335332882135,0.059613848773375396,0.014152617936692868,,,,,,,,,,,,,,False,False,temporal_v1,False,0.0022680993667578567,0.1022964509394572,2.426371402482772,0.9487367855166393,93.70104029955317,1408.231762609239,0.5390542810262697,0.03469438239366924,0.008236615294438449,0.0,0.0,0.04296382069967705,0.031656588421020454,0.02115312154859389,0.012526530959742297,0.33973473840710333,132.37803119807137,0.010617357632870413,0.7470598735116967,-0.00044581995527720453,900.0000000000001,0.01187108739373779,True,0.8250213861465454,0.04296382069967705,True,False,False,0.85,False,False,False,0,True,True,True,True,True,True,True,False,True,0,0,False,0,15,24,15,,,,False,False,False,
181,2026-08-18T21:58:42.832847,shadow,analysis_full,silero,webrtc,True,0.7722522020339966,True,True,True,1,False,True,False,0,0.0,,,,,,,,,,,,,0.45599169982402754,0.886914329402858,0.09455202605718907,0.018533644537759925,,,,,,,,,,,,,,False,False,temporal_v1,False,0.002034694594156815,0.1022964509394572,2.2422199023523532,0.9371919656011972,92.70446585627433,1389.0201872123814,0.4044255726626967,0.04311493908362339,0.008451188076707451,0.0,0.0,0.042952511422823934,0.030839852236971874,0.014835803918836564,0.013213975888488686,0.3139086507803298,108.9903469512168,0.0077847031850372915,0.8378224892295807,-0.0004929649656777441,866.6666666666667,0.00843820537011525,True,0.8250213861465454,0.042952511422823934,True,False,False,0.85,False,False,False,0,True,True,True,True,True,True,True,False,True,0,0,False,0,15,24,15,,,,False,False,False,
182,2026-08-18T21:58:42.842993,shadow,analysis_full,silero,webrtc,True,0.8108601570129395,True,True,True,1,False,True,False,0,0.0,,,,,,,,,,,,,0.5261251171951846,0.9408375264450572,0.04827228189240013,0.010890191660641941,,,,,,,,,,,,,,False,False,temporal_v1,False,0.0021535889051773846,0.09603340292275574,1.8898999370902898,0.9519109486944443,93.2654542976514,1506.980793402203,0.4949982538625334,0.025397259967918008,0.005729603363733264,0.0,0.0,0.04552708677451983,0.03192236588492474,0.015825989445567044,0.014085670952910337,0.3102552891384638,112.97117859597803,0.005727015435808275,0.6574101199181339,-0.000388853617296941,866.6666666666667,0.0120698141419732,True,0.8112639784812927,0.04552708677451983,True,False,False,0.85,False,False,False,0,True,True,True,True,True,True,True,False,True,0,0,False,0,15,24,15,,,,False,False,False,
183,2026-08-18T21:58:42.866221,shadow,analysis_full,silero,webrtc,True,0.7342634201049805,True,True,True,1,False,True,False,0,0.0,,,,,,,,,,,,,0.4176064476914746,0.9280915723019327,0.056673787360060034,0.015234640335612665,,,,,,,,,,,,,,False,False,temporal_v1,False,0.001918743818822151,0.10855949895615867,1.6443627772542961,0.9420352866317092,92.21700690328726,1385.3701863094536,0.3875770246414055,0.023667339016656665,0.0063620840324124595,0.0,0.0,0.04926145930146509,0.034767845330781845,0.016157252491458215,0.014356518786600578,0.38144507502400943,86.44152074080695,0.0054720867923790965,0.880391511956994,-0.0005285494067701546,866.6666666666667,0.00547784358225516,True,0.7981956005096436,0.04926145930146509,True,False,False,0.85,False,False,False,0,True,True,True,True,True,True,True,False,True,0,0,False,0,15,24,15,,,,False,False,False,
184,2026-08-18T21:58:42.892548,shadow,analysis_full,silero,webrtc,True,0.7214523553848267,True,True,True,1,False,True,False,0,0.0,,,,,,,,,,,,,0.4670473206041706,0.9450762648655447,0.03943153873409329,0.015492196398220933,,,,,,,,,,,,,,False,False,temporal_v1,False,0.002023451398965532,0.10855949895615867,1.4342248498874242,0.9411859748653986,92.67440878093659,1513.6118620746195,0.4413953372720501,0.01841639451305784,0.007235588818062669,0.0,0.0,0.05373563321352919,0.03891504284384358,0.016622292551947578,0.0145375284831346,0.47670874459916096,90.46405410443977,0.0022775467409867165,0.6565187030958235,-0.0004019556293602905,866.6666666666667,0.007134143714902764,True,0.7807165682315826,0.05373563321352919,True,False,True,0.85,False,False,False,0,True,True,True,True,True,True,True,False,True,0,0,False,0,15,24,15,,,,False,False,False,
185,2026-08-18T21:58:42.906005,shadow,analysis_full,silero,webrtc,True,0.6715498566627502,True,True,True,1,False,True,False,0,0.0,,,,,,,,,,,,,0.4171445515823562,0.9631223328109911,0.02365465818934164,0.013223008997270125,,,,,,,,,,,,,,False,False,temporal_v1,False,0.0019218136774024992,0.10438413361169102,1.6090390184539825,0.9494760856532076,92.26506730350252,1382.737826099696,0.4017612336393937,0.009867411783226828,0.005515906158735708,0.0,0.0,0.05827521510161394,0.042689754685741516,0.017258078800855326,0.014791640571121796,0.47982725660902154,79.48565555715594,0.003899369594866948,0.7637159594954785,-0.00045988998662341697,866.6666666666667,0.00627910962266642,True,0.7740771472454071,0.05827521510161394,True,False,True,0.85,False,False,False,0,True,True,True,True,True,True,True,False,True,0,0,False,0,15,24,15,,,,False,False,False,
186,2026-08-18T21:58:42.917522,shadow,analysis_full,silero,webrtc,True,0.6474079489707947,True,True,True,1,False,True,False,0,0.0,,,,,,,,,,,,,0.3394409748692535,0.9570469240670542,0.03145902184008262,0.011494054089917197,,,,,,,,,,,,,,False,False,temporal_v1,False,0.0017348706032512232,0.1127348643006263,1.4390232722010237,0.9454119802030712,91.35665972341258,1430.3712743249782,0.3248609409009413,0.01067848104183078,0.0039015529254814237,0.0,0.0,0.05937940285608696,0.04357259613972254,0.01746339551226016,0.01265762537889279,0.4736675560720629,78.19071569973278,0.0025692451606717506,0.8261893102046457,-0.0005010693442717586,866.6666666666667,0.007280277032249875,True,0.7632687091827393,0.05937940285608696,True,False,True,0.85,False,False,False,0,True,True,True,True,True,True,True,False,True,0,0,False,0,15,24,15,,,,False,False,False,
187,2026-08-18T21:58:42.931467,shadow,analysis_full,silero,webrtc,True,0.6115381717681885,True,True,True,1,False,True,False,0,0.0,,,,,,,,,,,,,0.31824960386630025,0.8778702373783537,0.10908943330110908,0.013040329317395226,,,,,,,,,,,,,,False,False,temporal_v1,False,0.0016794344133124277,0.11064718162839249,2.083614953872516,0.9409073548406264,91.05436692953668,1454.5617835304656,0.27938185529167603,0.03471766893407715,0.004150079639547132,0.0,0.0,0.050296011605717075,0.03670299920829673,0.01650795742530278,0.009977288639121935,0.42458785102214225,78.28679446124414,0.008286617795845368,0.8110455167129302,-0.00048360434650636445,900.0000000000001,0.009894008307029575,True,0.7442743182182312,0.050296011605717075,True,False,True,0.85,False,False,False,0,True,True,True,True,True,True,True,False,True,0,0,False,0,15,24,15,,,,False,False,False,
188,2026-08-18T21:58:42.940016,shadow,analysis_full,silero,webrtc,True,0.5762147307395935,True,True,True,1,False,True,False,0,0.0,,,,,,,,,,,,,0.24152679440407007,0.9037299351450048,0.08146973630927443,0.014800328541580417,,,,,,,,,,,,,,False,False,temporal_v1,False,0.0014594518870064727,0.08977035490605428,2.2909817694660877,0.9446569496466511,89.85169969647843,1518.5910230049587,0.21827499424257116,0.019677124251723927,0.003574675908774984,0.0,0.0,0.034427899123533265,0.0297492624309666,0.007286591613361397,0.007990671903551,0.40796010434903296,65.10133527030503,0.004188735708585664,0.7305579834515926,-0.0004316253237628009,900.0000000000001,0.014473778219974455,True,0.7278578877449036,0.034427899123533265,True,False,False,0.85,False,False,False,0,True,True,True,True,True,True,True,False,True,0,0,False,0,15,24,15,,,,False,False,False,
189,2026-08-18T21:58:42.966663,shadow,analysis_full,silero,webrtc,True,0.5669564604759216,True,True,True,1,False,True,False,0,0.0,,,,,,,,,,,,,0.16874594560100162,0.8942862119222451,0.09064020111391852,0.015073586957910218,,,,,,,,,,,,,,False,False,temporal_v1,False,0.0012287286258473255,0.12108559498956159,2.5131627533406133,0.9390809449046609,88.33047350990716,1392.1657090604383,0.15090717246875698,0.015295166446433141,0.002543606684811485,0.0,0.0,0.028532419225993432,0.027548636544350327,0.0020790001206622204,0.008361162586430392,0.3877455720139548,53.39699833315704,0.00835579431550418,0.8091082316522441,-0.0004858374042402306,900.0000000000001,0.011017152090092101,True,0.6965011060237885,0.028532419225993432,True,False,False,0.85,False,False,False,0,True,True,True,True,True,True,True,False,True,0,0,False,0,15,24,15,,,,False,False,False,
190,2026-08-18T21:58:42.986524,shadow,analysis_full,silero,webrtc,True,0.5280729532241821,True,True,True,1,False,True,False,0,0.0,,,,,,,,,,,,,0.16408692049781476,0.9451746697462385,0.04415188182388685,0.010673448423780218,,,,,,,,,,,,,,False,False,temporal_v1,False,0.0012210312661031114,0.0918580375782881,2.3454198078918456,0.9432383981011191,88.29489639594497,1253.5667902074515,0.15509080089119937,0.007244746322665034,0.0017513732829503507,0.0,0.0,0.02934637864825972,0.028149902954177096,0.002332397168922483,0.009310690238404076,0.37860511961938736,77.00684024438448,0.010190033827284974,0.9373497227555362,-0.0005688807734488817,866.6666666666667,0.006548296843104011,True,0.6594789028167725,0.02934637864825972,True,False,False,0.85,False,False,False,0,True,True,True,True,True,True,True,False,True,0,0,False,0,15,24,15,,,,False,False,False,
191,2026-08-18T21:58:43.010023,shadow,analysis_full,silero,webrtc,True,0.5051577091217041,True,True,True,1,False,True,False,0,0.0,,,,,,,,,,,,,0.13673375089077197,0.9375241100217241,0.05360991554945101,0.008865974421511312,,,,,,,,,,,,,,False,False,temporal_v1,False,0.0011239213010547748,0.08977035490605428,2.35905767129477,0.953757960589694,87.62251153073974,1233.1245127528218,0.12819118811380312,0.007330284838013956,0.001212277937954884,0.0,0.0,0.02672406546441652,0.02600451171357352,0.0021879713608088432,0.01032295224641012,0.38912428578897346,95.74655102832958,0.010598865222808352,0.9408411713197617,-0.000571230505901424,833.3333333333334,0.007287569064855476,True,0.6294730603694916,0.02672406546441652,True,False,False,0.85,False,False,False,0,True,True,True,True,True,True,True,False,True,0,0,False,0,15,24,15,,,,False,False,False,
192,2026-08-18T21:58:43.028797,shadow,analysis_full,silero,webrtc,True,0.5051577091217041,True,True,True,1,False,True,False,0,0.0,,,,,,,,,,,,,0.04900865974738359,0.8821135876717688,0.10302500826149676,0.014861404046329905,,,,,,,,,,,,,,False,False,temporal_v1,False,0.0006875175905175031,0.10020876826722339,2.8143980123808783,0.9493428862071834,83.32785690354305,1237.4683819257716,0.04323120467674954,0.005049117575359078,0.000728337494274972,0.0,0.0,0.029811957945149348,0.029003671334655007,0.002151080680758514,0.010101019126014986,0.4639142911789683,101.59401872765379,0.0048651873778519945,1.2216263945704324,-0.0007321263536084722,866.6666666666667,0.005669502941208505,True,0.593876451253891,0.029811957945149348,True,False,False,0.85,False,False,False,0,True,True,True,True,True,True,True,False,True,0,0,False,0,15,24,15,,,,False,False,False,
193,2026-08-18T21:58:43.041216,shadow,analysis_full,silero,webrtc,True,0.5429676175117493,True,True,True,1,False,True,False,0,0.0,,,,,,,,,,,,,0.033919412781163054,0.7637301199814854,0.19362369272390376,0.042646187265129025,,,,,,,,,,,,,,False,True,temporal_v1,False,0.0005626394002280775,0.1544885177453027,3.157718668134754,0.9076764832657167,81.38754812671209,1557.4434745507592,0.02590527719305919,0.006567601957715169,0.0014465336293886905,0.0,0.0,0.05626695098959829,0.04844722912396238,0.009109936645565633,0.018330044082881705,0.5454873789500312,114.7413891761863,0.007646510940497955,0.9824699328565588,-0.000585039723968135,1333.3333333333335,0.015320826453906623,True,0.5715855956077576,0.05626695098959829,True,False,True,0.85,True,False,False,0,True,True,True,True,True,True,True,False,True,0,0,False,0,15,24,15,,,,False,False,False,
194,2026-08-18T21:58:43.055735,shadow,analysis_full,silero,webrtc,True,0.5743421912193298,True,True,True,1,False,True,False,0,0.0,,,,,,,,,,,,,0.02380051136257267,0.6600634089427029,0.21902644727212692,0.12091014374315441,,,,,,,,,,,,,,False,True,temporal_v1,False,0.00048401189154835593,0.162839248434238,3.544121410057078,0.8623851353120099,79.85321800806078,1609.8044312865954,0.01570984666455925,0.005212941447004181,0.002877723250009241,0.0,0.0,0.09112945878694553,0.06245034733766446,0.03274278599805496,0.02456467183243922,0.6108164861855804,127.41580888169652,0.006397430745207117,1.341018976744262,-0.0007916937623809426,1866.6666666666667,0.01057660974726924,True,0.5706493258476257,0.09112945878694553,True,False,True,0.85,True,False,False,0,True,True,True,True,True,False,True,False,True,0,0,False,0,15,24,15,,,,False,False,False,
195,2026-08-18T21:58:43.067814,shadow,analysis_full,silero,webrtc,True,0.5229570865631104,True,True,True,1,False,True,False,0,0.0,,,,,,,,,,,,,0.013847594367915392,0.4279902791916892,0.49061814000338366,0.08139158073271238,,,,,,,,,,,,,,False,True,temporal_v1,False,0.00036616530535684544,0.16910229645093947,3.9084718012363404,0.8546087287938637,77.37623567492338,1787.010851420284,0.005926635779657371,0.006793880992307981,0.0011270775949500389,0.0,0.0,0.15816794745866752,0.12986218576035163,0.03617317943238342,0.029304997320027705,0.6913831911159012,170.24603785052412,0.006224696837738842,0.8713236758998969,-0.0005162777810314534,1833.3333333333335,0.05217599112763056,True,0.5549620389938354,0.15816794745866752,True,False,True,0.85,True,False,False,0,True,True,True,True,True,False,True,False,True,0,0,False,0,15,24,15,,,,False,False,False,
196,2026-08-18T21:58:43.078183,shadow,analysis_full,silero,webrtc,False,0.47412508726119995,True,True,True,1,False,True,False,0,0.0,,,,,,,,,,,,,0.014124859168524306,0.340764877863681,0.5558601210491751,0.1033750010163467,,,,,,,,,,,,,,False,True,temporal_v1,False,0.0003536240614379055,0.22129436325678498,3.8082253132731454,0.8156178044644095,76.86879227379806,1846.6496691644031,0.004813255909403879,0.007851445927218472,0.001460157330901954,0.0,0.0,0.2071665777185562,0.17336314622511875,0.04081895795690491,0.041907857211272166,0.6414576927468896,207.7521777822712,0.004469788471277314,0.9995570408906871,-0.0005827523144245711,2066.666666666667,0.029767159863937635,True,0.5355202853679657,0.2071665777185562,True,False,True,0.85,True,False,False,0,True,True,True,True,True,False,True,False,True,0,0,False,0,15,24,15,,,,False,False,False,
197,2026-08-18T21:58:43.090151,shadow,analysis_full,silero,webrtc,False,0.3685840666294098,True,True,True,1,False,True,False,0,0.0,,,,,,,,,,,,,0.008286014395963662,0.45329173980942283,0.42635681196544145,0.12035144810445032,,,,,,,,,,,,,,False,True,temporal_v1,False,0.00027381376685114295,0.18789144050104384,4.04225897879921,0.8041922841324911,74.56230999463466,1798.379775005146,0.0037559818816322926,0.00353279868176282,0.000997233831568549,0.0,0.0,0.22229552686215634,0.18362764107110577,0.04548580973799998,0.044465680609951375,0.6661686877796317,226.7800390638724,0.005495619752789264,1.6193074822814,-0.0009753331076210904,2100.0,0.011028930236139432,True,0.5255150198936462,0.22229552686215634,True,False,True,0.85,True,False,False,0,True,True,True,True,True,False,True,False,True,0,0,False,0,15,24,15,,,,False,False,False,
198,2026-08-18T21:58:43.104880,shadow,analysis_full,silero,webrtc,False,0.30522865056991577,True,True,True,1,False,True,False,0,0.0,,,,,,,,,,,,,0.005706360782571871,0.28325859579396157,0.5877849512656749,0.12895645276512047,,,,,,,,,,,,,,False,True,temporal_v1,False,0.0002292827525157892,0.19206680584551147,3.9253150169894835,0.8039416358556714,72.99422419054713,1819.6849143143015,0.0016163757423650399,0.0033541129944883656,0.0007358720447184653,0.0,0.0,0.24773305698116704,0.2053579309048927,0.04860994032408676,0.043763724921098555,0.6532993455007228,243.5108643082394,0.005524843421610256,1.483754277764242,-0.0008894091807537457,2300.0,0.013582023614893381,True,0.5140573978424072,0.24773305698116704,True,False,True,0.85,True,False,False,0,True,True,True,True,True,False,True,False,True,0,0,False,0,15,24,15,,,,False,False,False,
199,2026-08-18T21:58:43.119251,shadow,analysis_full,silero,webrtc,False,0.175091952085495,True,True,True,1,False,True,False,0,0.0,,,,,,,,,,,,,0.004936729239359714,0.33858185390240586,0.5425878096947964,0.11883033620023435,,,,,,,,,,,,,,False,True,temporal_v1,False,0.00021223973278639707,0.2045929018789144,4.0669081994104825,0.7872498480914473,72.21831428841384,1956.5550018446704,0.001671486938076626,0.0026786091050404457,0.0005866331952426421,0.0,0.0,0.25098681409310275,0.2091839773876786,0.04797691684063101,0.04555933972260322,0.6462532572003885,264.1046703345491,0.004926782373244276,0.9096925955486166,-0.000527163795563843,2200.0,0.05634657547024642,True,0.5051577091217041,0.25098681409310275,True,False,True,0.85,True,False,False,0,True,True,True,True,True,False,True,False,True,0,0,False,0,15,24,15,,,,False,False,False,
200,2026-08-18T21:58:43.132609,shadow,analysis_full,silero,webrtc,False,0.1102289929986,True,True,False,1,True,True,False,1,0.0,,,,,,,,,,,,,0.0055049468519883646,0.43122858706861433,0.45841027061386186,0.11036114213586899,,,,,,,,,,,,,,False,True,temporal_v1,False,0.0002244727703626203,0.19832985386221294,4.021546692886744,0.8128321931381781,72.85421021313599,1815.1671501319602,0.0023738904528707587,0.002523524176134913,0.0006075322219826925,0.0,0.0,0.2272021001371881,0.19029044471085663,0.04372573762534401,0.041231072112251486,0.5638346433519642,241.05129433328537,0.004692125622743192,1.2166805068061912,-0.0007124645282900336,2233.3333333333335,0.024968387576358022,True,0.489641398191452,0.2272021001371881,True,True,True,0.85,True,True,True,1,True,False,True,False,True,False,True,False,True,0,1,True,1,15,24,15,,,,False,False,False,
201,2026-08-18T21:58:43.147092,shadow,analysis_full,silero,webrtc,False,0.07434000819921494,True,True,False,1,True,True,False,1,0.0,,,,,,,,,,,,,0.0036712874987444074,0.32702140830063914,0.5514442182350195,0.12153437319195723,,,,,,,,,,,,,,False,True,temporal_v1,False,0.00018528768208153407,0.20041753653444677,3.9953105490089613,0.7978071093525511,71.06558098506711,1846.0833996164113,0.0012005896081159271,0.00202451026466111,0.00044618762496737,0.0,0.0,0.19512706705702831,0.16643909023343859,0.03657317182982441,0.03270140166881215,0.4053246044344026,197.0726593262447,0.002833777979763665,1.4135009764040536,-0.0008413451879859715,2166.666666666667,0.016181264963243583,True,0.42135457694530487,0.19512706705702831,True,True,True,0.85,True,True,True,2,True,False,True,False,True,False,True,False,True,0,2,True,2,15,24,15,,,,False,False,False,
202,2026-08-18T21:58:43.158884,shadow,analysis_full,silero,webrtc,False,0.05277876555919647,True,True,False,1,True,True,False,1,0.0,,,,,,,,,,,,,0.0034469079072955685,0.47836892610802356,0.4010833698643851,0.12054770373747611,,,,,,,,,,,,,,False,True,temporal_v1,False,0.00017919980219098294,0.2045929018789144,3.8969147082119164,0.808843148083764,70.82543078548764,1806.4763781193808,0.001648893634006236,0.0013824974390703021,0.00041551683321902996,0.0,0.0,0.14542233167184168,0.13125113367727329,0.02492008511811456,0.02006348856239493,0.26807353888203583,110.54016878614256,0.003942159036099091,1.1214850230874958,-0.0006747492073462452,2066.666666666667,0.03306198621686672,True,0.3369063585996628,0.14542233167184168,True,True,True,0.85,True,True,True,3,True,False,True,False,True,False,True,False,True,0,3,True,3,15,24,15,,,,False,False,False,
203,2026-08-18T21:58:43.180165,shadow,analysis_full,silero,webrtc,False,0.0478961355984211,True,True,False,1,True,True,False,1,0.0,,,,,,,,,,,,,0.003412089302056741,0.4708146706054195,0.4271114645088115,0.10207386459269344,,,,,,,,,,,,,,False,True,temporal_v1,False,0.0001797253155675431,0.21085594989561587,3.90139899623775,0.8270879488759227,70.94898121664733,1751.452874901976,0.00160646170082412,0.001457342458836303,0.0003482851413963176,0.0,0.0,0.10254518865415119,0.10248437767045816,0.013239400660936346,0.017120270842230403,0.143711351709958,82.48180323890416,0.005130668367656334,1.6353001905255946,-0.0009923196960873815,2000.0000000000002,0.008675655533512737,True,0.24016030132770538,0.10254518865415119,True,True,True,0.85,True,True,True,4,True,False,True,False,True,False,True,False,True,0,4,True,4,15,24,15,,,,False,False,False,
204,2026-08-18T21:58:43.191045,shadow,analysis_full,silero,webrtc,False,0.037803616374731064,True,True,False,1,True,True,False,1,0.0,,,,,,,,,,,,,0.0032894313206226237,0.5006011305993685,0.41802546524983414,0.08137340384679337,,,,,,,,,,,,,,False,True,temporal_v1,False,0.0001801207093781232,0.18162839248434237,3.935765171074301,0.8436617374539505,71.05469913635159,1731.4224340110359,0.0016466930381326592,0.0013750660582106486,0.0002676722232793156,0.0,0.0,0.07200105004868745,0.06508820829040994,0.015877606991274655,0.014257512383268372,0.07560920014823176,58.459821673701306,0.003508390012818211,1.150435057953463,-0.0006838697890764916,2066.666666666667,0.030519680760430302,True,0.1426604725420475,0.07200105004868745,True,True,True,0.85,True,True,True,5,True,False,True,False,True,False,True,False,True,0,5,True,5,15,24,15,,,,False,False,False,
205,2026-08-18T21:58:43.203054,shadow,analysis_full,silero,webrtc,False,0.028236612677574158,True,True,False,1,True,True,False,1,0.0,,,,,,,,,,,,,0.0017546911464587326,0.5258426312121343,0.3463420758173795,0.12781529240058534,,,,,,,,,,,,,,False,True,temporal_v1,False,0.00013011078222735942,0.19832985386221294,3.9734513838345764,0.8188150289624445,67.97090593672581,1788.467826066199,0.0009226914094184963,0.000607723374082895,0.00022427636195734122,0.0,0.0,0.08057343022564173,0.07729521253149278,0.013814643032842033,0.01079959679029442,0.07452728430040167,58.38944317141028,0.004590178126783428,1.3046403025355167,-0.0007847070550944769,2233.3333333333335,0.023514159208965175,True,0.09228450059890747,0.08057343022564173,True,True,True,0.85,True,True,True,6,True,False,True,False,True,False,True,False,True,0,6,True,6,15,24,15,,,,False,False,False,
206,2026-08-18T21:58:43.219273,shadow,analysis_full,silero,webrtc,False,0.02320067770779133,True,True,False,1,True,True,False,1,0.0,,,,,,,,,,,,,0.0017927757907060956,0.6267679092326996,0.2790959696103586,0.09413612059914749,,,,,,,,,,,,,,False,True,temporal_v1,False,0.0001354071251912222,0.1440501043841336,3.6705790074395663,0.8676317873493423,68.5901505477761,1688.837251446526,0.0011236543340638594,0.0005003564976010951,0.000168764958041141,0.0,0.0,0.09802484401962189,0.09054761352789113,0.014740274242192862,0.018018285901731303,0.10652305658103889,68.443020285676,0.0066400100721656355,1.2186234256393613,-0.0007284667886442135,2100.0,0.022379119944559017,True,0.0635593868792057,0.09802484401962189,True,True,True,0.85,True,True,True,7,True,False,True,False,True,False,True,False,True,0,7,True,7,15,24,15,,,,False,False,False,
207,2026-08-18T21:58:43.232777,shadow,analysis_full,silero,webrtc,False,0.056463949382305145,True,True,False,1,False,True,False,0,0.0,,,,,,,,,,,,,0.0041284016759178714,0.857114634699767,0.12007325369262291,0.022812111365385423,,,,,,,,,,,,,,False,True,temporal_v1,False,0.0002100025874854268,0.11482254697286012,3.2460617965641902,0.9475401373348329,72.92763953924265,1402.0148092812233,0.0035385134943482525,0.0004957106217775362,9.41775587920823e-05,0.0,0.0,0.15833502601816252,0.13308543566450312,0.030368992657613135,0.029482928507573666,0.22931666903835193,137.74028526239763,0.00553769619552905,0.8393966508328949,-0.0005086560655559268,866.6666666666667,0.026932814872938266,True,0.05462135747075081,0.15833502601816252,True,True,True,0.85,False,False,False,0,True,False,True,False,True,False,True,False,True,0,8,False,0,15,24,15,,,,False,False,False,
208,2026-08-18T21:58:43.241929,shadow,analysis_full,silero,webrtc,False,0.056463949382305145,True,True,False,1,False,True,False,0,0.0,,,,,,,,,,,,,0.013819856225449786,0.9347743829778381,0.04911107647361669,0.016114540476185595,,,,,,,,,,,,,,False,False,temporal_v1,False,0.0003506197908430611,0.09812108559498957,2.468469855189011,0.9543916938929409,77.47564154529222,1253.753759172574,0.012918447575987257,0.0006787080159424521,0.00022270063252007602,0.0,0.0,0.19266681901998695,0.15816977685576034,0.03845722879631089,0.03911773645835622,0.47491053058504035,202.7600749688555,0.01678369410432817,1.449305415335313,-0.0008694997260454727,633.3333333333334,0.002671031872267359,True,0.05462135747075081,0.19266681901998695,True,True,True,0.85,False,False,False,0,True,False,True,False,True,False,True,False,True,0,9,False,0,15,24,15,,,,False,False,False,
209,2026-08-18T21:58:43.251616,shadow,analysis_full,silero,webrtc,False,0.08575596660375595,True,True,False,1,True,True,False,1,0.0,,,,,,,,,,,,,0.016144206931238466,0.8371023975509112,0.08757039640074908,0.07532720598639794,,,,,,,,,,,,,,False,True,temporal_v1,False,0.00038079718218773164,0.11482254697286012,2.76483127217002,0.9072553427544505,77.97851531633604,1686.593397554167,0.01351435432869776,0.0014137546005442733,0.0012160980009964333,0.0,0.0,0.19620618499937864,0.16423799449582566,0.037576794604847925,0.04164704552955287,0.5358840864473151,184.48847662701448,0.011146299785843031,0.8713004128234881,-0.0005115824742165065,1333.3333333333335,0.018291170408911855,True,0.05462135747075081,0.19620618499937864,True,True,True,0.85,True,True,True,1,True,False,True,False,True,False,True,False,False,0,0,True,1,15,24,24,,,,False,False,False,
210,2026-08-18T21:58:43.262581,shadow,analysis_full,silero,webrtc,False,0.14278261363506317,True,True,True,1,True,True,False,1,0.0,,,,,,,,,,,,,0.03998011422927353,0.8359179200139857,0.12150374068066411,0.042578339280337815,,,,,,,,,,,,,,False,True,temporal_v1,False,0.0006118018692252055,0.0918580375782881,2.798002113996102,0.9267728736336143,82.20752938085285,1368.9819523020694,0.03342009392845588,0.00485773343169698,0.0017022868681206699,0.0,0.0,0.19914908611532345,0.16567267032429134,0.038880144476881026,0.04559615574303747,0.5618503087124658,199.06301593070648,0.015477932479599348,1.44018653029297,-0.00086259271697243,1133.3333333333335,0.0038736952283720616,True,0.05462135747075081,0.19914908611532345,True,True,True,0.85,True,True,True,2,True,True,True,True,True,False,True,False,False,1,0,True,2,15,24,24,,,,False,False,False,
211,2026-08-18T21:58:43.272893,shadow,analysis_full,silero,webrtc,False,0.41754502058029175,True,True,True,1,False,True,False,0,0.0,,,,,,,,,,,,,0.02631193241324385,0.9284067731902874,0.056326887298683515,0.015266339473023487,,,,,,,,,,,,,,False,False,temporal_v1,False,0.0005642127600683886,0.08350730688935282,2.3139069748178724,0.9679349179803969,81.69074675346249,1260.2048568748123,0.024428176268180654,0.001482069251651364,0.0004016868924118307,0.0,0.0,0.1861027855804715,0.1504801287472017,0.040674777632786645,0.047638064169738696,0.6259469387637889,213.26367673547196,0.00811805774670919,0.996354522123934,-0.0005927953591396647,666.6666666666667,0.009606989930054469,True,0.05462135747075081,0.1861027855804715,True,True,True,0.85,False,False,False,0,True,True,True,True,True,False,True,False,False,2,0,False,0,15,24,24,,,,False,False,False,
212,2026-08-18T21:58:43.289744,shadow,analysis_full,silero,webrtc,True,0.6059065461158752,True,True,True,1,False,True,False,0,0.0,,,,,,,,,,,,,0.008999266235526729,0.8550618008648154,0.11371831681951913,0.0312198822045453,,,,,,,,,,,,,,False,False,temporal_v1,False,0.00037308027358302583,0.05636743215031315,2.827878921797494,0.963351889360567,78.059666870896,1238.2030805436416,0.007694928793811413,0.0010233814089148298,0.0002809560318004863,0.0,0.0,0.17532816197008966,0.1424063126125073,0.038288807753475144,0.04957971643857168,0.6052979920861541,219.32415736426043,0.00871197579804472,1.044339396171303,-0.0006253027298508277,700.0,0.010440755006816346,True,0.056463949382305145,0.17532816197008966,True,True,True,0.85,False,False,False,0,True,True,True,True,True,False,True,False,False,3,0,False,0,15,24,24,,,,False,False,False,
213,2026-08-18T21:58:43.302402,shadow,analysis_full,silero,webrtc,True,0.5854151248931885,True,True,True,1,True,True,False,1,0.0,,,,,,,,,,,,,0.017550439340713857,0.8122308380763378,0.12353289365686244,0.0642362682098212,,,,,,,,,,,,,,False,True,temporal_v1,False,0.0004009149283697884,0.12317327766179541,3.4641758698296985,0.9163997498767947,37.40463114340022,1610.0145883453115,0.014255008054315945,0.00216805655670762,0.001127374728690293,0.0,0.0,0.15178406478975506,0.12206285897028854,0.03582019309327205,0.04150027503895369,0.5669086587161977,208.01731358940893,0.013003647038797037,0.829408723583055,-0.0005034844624723992,1400.0,0.04485404849788826,True,0.07110995799303055,0.15178406478975506,True,True,True,0.85,True,True,True,1,True,True,True,True,True,False,True,False,False,4,0,True,1,15,24,24,,,,False,False,False,
214,2026-08-18T21:58:43.314675,shadow,analysis_full,silero,webrtc,True,0.6949188709259033,True,True,True,1,True,True,False,1,0.0,,,,,,,,,,,,,0.3660400418753728,0.8462519170718287,0.09739665562231521,0.05635142730312414,,,,,,,,,,,,,,False,False,temporal_v1,False,0.0017917785131681266,0.11482254697286012,2.4442054016090347,0.9199070315244742,91.51909005262732,1391.273503030483,0.3097620871620867,0.03565107590251353,0.020626878809772587,0.0,0.0,0.12276798155291598,0.09135035591496976,0.03489844067826532,0.0361862319994384,0.5348922593278805,195.2806810444078,0.019167200871894535,1.09594458390584,-0.0006509155389450928,1066.6666666666667,0.005086054857958122,True,0.11426929011940956,0.12276798155291598,True,True,True,0.85,True,True,True,2,True,True,True,True,True,True,True,False,False,5,0,True,2,15,24,24,,,,False,False,False,
215,2026-08-18T21:58:43.325012,shadow,analysis_full,silero,webrtc,True,0.8664982914924622,True,True,True,1,False,True,False,0,0.0,,,,,,,,,,,,,0.6558933270695935,0.8851376909379172,0.07864131247347272,0.036220996587085406,,,,,,,,,,,,,,False,False,temporal_v1,False,0.002408290542474524,0.13569937369519833,2.3010937597141496,0.9289737123728258,94.13054576935667,1717.3303033832788,0.580555905023968,0.05158031208334554,0.02375710996127984,0.0,0.0,0.0810080863163446,0.06097953791460142,0.025129184035665265,0.02461695694861574,0.459648792357152,184.50585104422288,0.0043330312046446886,0.6203122759064678,-0.0003735443976255709,866.6666666666667,0.02379542436433024,True,0.28016381710767746,0.0810080863163446,True,True,True,0.85,False,False,False,0,True,True,True,True,True,True,True,False,False,6,0,False,0,15,24,24,,,,False,False,False,
216,2026-08-18T21:58:43.337526,shadow,analysis_full,silero,webrtc,True,0.8554679155349731,True,True,True,1,False,True,False,0,0.0,,,,,,,,,,,,,0.5665201794699687,0.8588595886754545,0.1060188596177744,0.035121551705006006,,,,,,,,,,,,,,False,False,temporal_v1,False,0.002228586899744783,0.12734864300626306,2.3153361409872835,0.9256860242956049,93.44164996640313,1374.6352105107474,0.486561288315922,0.06006182337786296,0.019897067775183786,0.0,0.0,0.03775328660843146,0.025584115611433745,0.019235464422850266,0.02257788030830192,0.385641300896709,169.27899589821294,0.0022761104819190416,1.2916051628133296,-0.0007650354222335832,866.6666666666667,0.0031117951441401517,True,0.5014800727367401,0.03775328660843146,True,False,False,0.85,False,False,False,0,True,True,True,True,True,True,True,False,False,7,0,False,0,15,24,24,,,,False,False,False,
217,2026-08-18T21:58:43.357821,shadow,analysis_full,silero,webrtc,True,0.8540488481521606,True,True,True,1,False,True,False,0,0.0,,,,,,,,,,,,,0.17885981242513,0.9044011655190869,0.08860528064655009,0.0069935538287721356,,,,,,,,,,,,,,False,True,temporal_v1,False,0.00129143514942002,0.10647181628392484,2.8858598171261822,0.9558454061193938,88.83987329450659,1071.4863792588653,0.16176102282181282,0.01584792387631795,0.001250865725999234,0.0,0.0,0.03938484977297316,0.02425525552089816,0.021104450600940586,0.022391795704036616,0.34735298716282414,200.8921112528245,0.010272936898354868,1.2351008733038462,-0.0007371693399527537,866.6666666666667,0.0029538000853280267,True,0.5956608355045319,0.03938484977297316,True,False,False,0.85,False,False,False,0,True,True,True,True,True,True,True,False,False,8,0,False,0,15,24,24,,,,False,False,False,
218,2026-08-18T21:58:43.380354,shadow,analysis_full,silero,webrtc,True,0.8566921353340149,True,True,True,1,False,True,False,0,0.0,,,,,,,,,,,,,0.13391939547392714,0.8942076122349251,0.09744329304120203,0.008349094716405605,,,,,,,,,,,,,,False,False,temporal_v1,False,0.0011332699734834836,0.08350730688935282,2.550610776401116,0.9529168728752304,87.69082226618548,1265.9973932356252,0.11975174285868502,0.013049546897066507,0.0011181057171755977,0.0,0.0,0.034237889676585,0.01953534843288078,0.02201650718165997,0.02326712738028937,0.3437172182631659,200.04938012260155,0.006394547166903984,1.0671818767140204,-0.0006425731848642537,800.0,0.009050160439543342,True,0.6504127085208893,0.034237889676585,True,False,False,0.85,False,False,False,0,True,True,True,True,True,True,True,False,False,9,0,False,0,15,24,24,,,,False,False,False,
219,2026-08-18T21:58:43.399974,shadow,analysis_full,silero,webrtc,True,0.8655257225036621,True,True,True,1,False,True,False,0,0.0,,,,,,,,,,,,,0.13284242873175725,0.9159556784241554,0.08023519823960827,0.0038091233287086217,,,,,,,,,,,,,,False,False,temporal_v1,False,0.0011398146209931532,0.0918580375782881,2.347788650412749,0.9642210167518191,87.79219859637846,1054.3347209293433,0.12167777693250922,0.010658638603923576,0.000506013194324449,0.0,0.0,0.035776034547384004,0.020010423551682952,0.019980621846647315,0.023194896722056203,0.35440172782594037,198.90677531712143,0.0028876635394613076,1.2074781311084466,-0.0007276933552840557,666.6666666666667,0.002807116841429979,True,0.774483859539032,0.035776034547384004,True,False,False,0.85,False,False,False,0,True,True,True,True,True,True,True,False,True,0,0,False,0,15,24,15,,,,False,False,False,
220,2026-08-18T21:58:43.412919,shadow,analysis_full,silero,webrtc,True,0.8460709452629089,True,True,True,1,False,True,False,0,0.0,,,,,,,,,,,,,0.08819746401269397,0.8793101593014272,0.11574398907717215,0.004945851610062503,,,,,,,,,,,,,,False,False,temporal_v1,False,0.000947208190694248,0.07724425887265135,2.392753883434445,0.9627572770640151,86.17515981770191,1056.2840807293608,0.07755292613098383,0.010208326311319535,0.0004362115693906122,0.0,0.0,0.033496095776325036,0.019349883276030443,0.020787570858932087,0.02419281049083096,0.3554573444342928,215.06808667534926,0.0029145301788493405,1.09313900213272,-0.0006686075149588415,666.6666666666667,0.004777329449138232,True,0.8500598967075348,0.033496095776325036,True,False,False,0.85,False,False,False,0,True,True,True,True,True,True,True,False,True,0,0,False,0,15,24,15,,,,False,False,False,
221,2026-08-18T21:58:43.427255,shadow,analysis_full,silero,webrtc,True,0.8333307504653931,True,True,True,1,False,True,False,0,0.0,,,,,,,,,,,,,0.20649290807818374,0.9599023155664428,0.030423408064688788,0.009674276364025684,,,,,,,,,,,,,,False,False,temporal_v1,False,0.0013936403993606264,0.05845511482254697,1.1750695026384,0.9721851239621521,89.57533962403716,1588.3524811058917,0.1982130206122972,0.006282218004926856,0.001997669459959701,0.0,0.0,0.03910108367377108,0.025281031293004713,0.021147655846292,0.026914918019721255,0.5519747591864425,230.37546149328486,0.013205751588856333,0.5252634017683753,-0.0003147078824583213,433.33333333333337,0.013694001649497998,True,0.8500598967075348,0.03910108367377108,True,False,False,0.85,False,False,False,0,True,True,True,True,True,True,True,False,True,0,0,False,0,15,24,15,,,,False,False,False,
222,2026-08-18T21:58:43.449833,shadow,analysis_full,silero,webrtc,True,0.8230029940605164,True,True,True,1,False,True,False,0,0.0,,,,,,,,,,,,,0.12595741631207574,0.889420805752528,0.06171045953068985,0.04886873470884287,,,,,,,,,,,,,,False,False,temporal_v1,False,0.0010925070556642446,0.09394572025052192,1.5428795303337481,0.942537019614798,87.3248548920543,1444.3846148179098,0.11202914670679302,0.007772890041916603,0.006155379562366107,0.0,0.0,0.03815750360804795,0.025862925049891728,0.02224338480929723,0.023289595038905212,0.601193865260179,229.85521233296407,0.004211686437217694,1.3210626856977055,-0.0007923974480884376,466.6666666666667,0.0032328353420269496,True,0.8500598967075348,0.03815750360804795,True,False,False,0.85,False,False,False,0,True,True,True,True,True,True,True,False,True,0,0,False,0,15,24,15,,,,False,False,False,
223,2026-08-18T21:58:43.469695,shadow,analysis_full,silero,webrtc,True,0.7942885756492615,True,True,True,1,False,True,False,0,0.0,,,,,,,,,,,,,0.0447758141186666,0.8941329317616553,0.07439075229408784,0.031476315921923334,,,,,,,,,,,,,,False,False,temporal_v1,False,0.0006396014320713771,0.07724425887265135,1.8950967118158404,0.9460171685070505,82.68359614070052,1425.952721148923,0.04003552994993829,0.0033309064968678483,0.0014093776708604651,0.0,0.0,0.029577043375211966,0.023168071063644324,0.01871845697647902,0.023041245866374988,0.48046981488549506,215.8321311319722,0.007030738113594225,2.0680232777070717,-0.0012711240298610479,666.6666666666667,0.0010871156107768367,True,0.8500598967075348,0.029577043375211966,True,False,False,0.85,False,False,False,0,True,True,True,True,True,True,True,False,True,0,0,False,0,15,24,15,,,,False,False,False,
224,2026-08-18T21:58:43.487025,shadow,analysis_full,silero,webrtc,True,0.7942885756492615,True,True,True,1,False,True,False,0,0.0,,,,,,,,,,,,,0.02173118547640548,0.9171419152477288,0.06794612862278422,0.014911956083470262,,,,,,,,,,,,,,False,False,temporal_v1,False,0.00045894411343644294,0.081419624217119,2.185842847745517,0.9625934825760402,79.86604719092944,1213.144897580223,0.01993058106843415,0.0014765499235054273,0.00032405448346590533,0.0,0.0,0.025840350709869692,0.023029992330196307,0.015437194679638146,0.02258270577594733,0.47272470309304593,218.12157502313812,0.007243847831883427,1.581714621529652,-0.00095175902519791,700.0,0.0026142219853488645,True,0.8500598967075348,0.025840350709869692,True,False,False,0.85,False,False,False,0,True,True,True,True,True,True,True,False,True,0,0,False,0,15,24,15,,,,False,False,False,
225,2026-08-18T21:58:43.508310,shadow,analysis_full,silero,webrtc,True,0.777673602104187,True,True,True,1,False,True,False,0,0.0,,,,,,,,,,,,,0.006412299927815613,0.8612919097008539,0.098592748364982,0.040115341778213784,,,,,,,,,,,,,,False,False,temporal_v1,False,0.0002905228812053022,0.13987473903966596,2.872645536291559,0.8882190335381109,75.51441980272821,1933.6204731650532,0.005522862050402957,0.000632206273223917,0.0002572316031887389,0.0,0.0,0.02809004393612873,0.023671122228319148,0.015883230569423583,0.023386705470710093,0.5187342375775907,262.53302542891583,0.012860755435440569,0.7858849943312124,-0.0004818848788487882,1033.3333333333335,0.031024988795534593,True,0.839700847864151,0.02809004393612873,True,False,False,0.85,False,False,False,0,True,True,True,True,True,False,True,False,True,0,0,False,0,15,24,15,,,,False,False,False,
226,2026-08-18T21:58:43.523235,shadow,analysis_full,silero,webrtc,True,0.8205430507659912,True,True,True,1,False,True,False,0,0.0,,,,,,,,,,,,,0.03288679953481094,0.7889194049443402,0.1356980578230191,0.07538253720223341,,,,,,,,,,,,,,False,True,temporal_v1,False,0.000617192002711027,0.1440501043841336,2.873037876724507,0.9162203340220625,82.23434511411412,1661.4400761554157,0.02594503431952685,0.0044626748248888124,0.002479090389395278,0.0,0.0,0.04206274912127495,0.027955538113289092,0.022726395394190625,0.026159421969164733,0.5550807974359845,279.5562805103055,0.005442256340488005,0.9583586765828792,-0.0005721351910457848,1633.3333333333335,0.01796702983197756,True,0.8281668722629547,0.04206274912127495,True,False,False,0.85,True,False,False,0,True,True,True,True,True,False,True,False,True,0,0,False,0,15,24,15,,,,False,False,False,
227,2026-08-18T21:58:43.545704,shadow,analysis_full,silero,webrtc,True,0.8612769842147827,True,True,True,1,False,True,False,0,0.0,,,,,,,,,,,,,0.16619783092910506,0.8912517408776635,0.0662541782510768,0.042494080865242784,,,,,,,,,,,,,,False,False,temporal_v1,False,0.0012787379618645395,0.06471816283924843,2.0690412415523745,0.9476506566253252,88.71664001651911,1538.2798190481758,0.14812410614565646,0.01101130071531925,0.007062424067129339,0.0,0.0,0.04181142104786363,0.028472969873085438,0.02249340546762617,0.02736457487468076,0.5175958842604218,264.10889144929075,0.010304416282368892,0.7626903074089206,-0.0004551446688007855,500.00000000000006,0.014961894758794368,True,0.8281668722629547,0.04181142104786363,True,False,False,0.85,False,False,False,0,True,True,True,True,True,True,True,False,True,0,0,False,0,15,24,15,,,,False,False,False,
228,2026-08-18T21:58:43.568537,shadow,analysis_full,silero,webrtc,True,0.8879430294036865,True,True,True,1,False,True,False,0,0.0,,,,,,,,,,,,,0.04953254990214527,0.7539903697292499,0.19435213158414788,0.05165749866641351,,,,,,,,,,,,,,False,False,temporal_v1,False,0.0007354327701665359,0.14822546972860126,2.500233424777249,0.9188272992861005,83.7724311055817,1496.0694295707024,0.037347065614351034,0.009626756656280109,0.00255872763051413,0.0,0.0,0.058102818149207196,0.0440328587721382,0.022461642197055043,0.03202807333739475,0.5143008727755723,259.83636581783037,0.005930053906294557,1.2057644962700722,-0.0007224792196115635,1800.0000000000002,0.005426844731213512,True,0.8281668722629547,0.058102818149207196,True,False,True,0.85,True,False,False,0,True,True,True,True,True,True,True,False,True,0,0,False,0,15,24,15,,,,False,False,False,
229,2026-08-18T21:58:43.589904,shadow,analysis_full,silero,webrtc,True,0.8672933578491211,True,True,True,1,False,True,False,0,0.0,,,,,,,,,,,,,0.0353802124178948,0.878675692714081,0.10743115549176775,0.013893151765886975,,,,,,,,,,,,,,False,False,temporal_v1,False,0.0006063517403271899,0.08350730688935282,2.3844722310068898,0.9578933572971259,82.2727883711611,1261.2825920951498,0.031087732654665048,0.003800937101598629,0.0004915426606311315,0.0,0.0,0.05653880033211073,0.04402907092821121,0.021357644702407287,0.03227749159096065,0.5155750316638592,235.28234416502778,0.00726261519295724,1.1167370846537816,-0.0006742903070633403,600.0,0.007861641315280457,True,0.8281668722629547,0.05653880033211073,True,False,True,0.85,False,False,False,0,True,True,True,True,True,True,True,False,True,0,0,False,0,15,24,15,,,,False,False,False,
230,2026-08-18T21:58:43.609875,shadow,analysis_full,silero,webrtc,True,0.8393929600715637,True,True,True,1,False,True,False,0,0.0,,,,,,,,,,,,,0.03545830860186681,0.9231839968504538,0.06905092341152802,0.0077650797098159415,,,,,,,,,,,,,,False,False,temporal_v1,False,0.0005938336663136885,0.06889352818371608,2.051930618632883,0.966135314999536,82.12842299935586,1337.396253655891,0.03273454305662823,0.00244842895156983,0.000275336592668748,0.0,0.0,0.05864516429851949,0.04408441482096551,0.020996506422692136,0.03287685959921424,0.5122407226460897,199.16398617337003,0.005636779535091745,0.7673377568570531,-0.00046300719292892087,466.6666666666667,0.010364112419089392,True,0.8281668722629547,0.05864516429851949,True,False,True,0.85,False,False,False,0,True,True,True,True,True,True,True,False,True,0,0,False,0,15,24,15,,,,False,False,False,
231,2026-08-18T21:58:43.631064,shadow,analysis_full,silero,webrtc,True,0.842988908290863,True,True,True,1,False,True,False,0,0.0,,,,,,,,,,,,,0.22542750418138108,0.9267179817883722,0.04117247236311079,0.03210954584408115,,,,,,,,,,,,,,False,False,temporal_v1,False,0.0014213786983678556,0.0720250521920668,1.6009566930951333,0.9547424258339465,89.66745219938703,1512.8979827451542,0.2089077217145593,0.009281407685792956,0.00723837478002885,0.0,0.0,0.0545905524899854,0.042714146283885826,0.019459978430039382,0.031551129645875864,0.4418649728291847,196.7088066749777,0.032263655909255624,0.7611849073548418,-0.0004645806240317447,466.6666666666667,0.00808275707526342,True,0.83119797706604,0.0545905524899854,True,False,True,0.85,False,False,False,0,True,True,True,True,True,True,True,False,True,0,0,False,0,15,24,15,,,,False,False,False,
232,2026-08-18T21:58:43.643178,shadow,analysis_full,silero,webrtc,True,0.8777011036872864,True,True,True,1,False,True,False,0,0.0,,,,,,,,,,,,,0.19916423538575587,0.9141593865090556,0.04802380985201264,0.03781680363391084,,,,,,,,,,,,,,False,False,temporal_v1,False,0.0013334845096128185,0.07933194154488518,1.1141569367522024,0.9474179899081758,89.07966083633096,1675.0509146600507,0.18206785523478772,0.009564625369487028,0.007531754780481126,0.0,0.0,0.0558485695943956,0.043855888874616444,0.018998576508161415,0.03201190961513073,0.5176164541541318,204.27198227265438,0.03068048287617563,0.7229855134116406,-0.0004377938157709643,433.33333333333337,0.008656680445228495,True,0.8411909341812134,0.0558485695943956,True,False,True,0.85,False,False,False,0,True,True,True,True,True,True,True,False,True,0,0,False,0,15,24,15,,,,False,False,False,
233,2026-08-18T21:58:43.657275,shadow,analysis_full,silero,webrtc,True,0.8697375059127808,True,True,True,1,False,True,False,0,0.0,,,,,,,,,,,,,0.017132831895715052,0.6806633855677159,0.22528159993738459,0.09405501443653219,,,,,,,,,,,,,,False,True,temporal_v1,False,0.00040711198326734665,0.1649269311064718,3.5218370161676082,0.8597601422905012,78.32935219419919,1846.946833966102,0.011661691362499955,0.0038597117809249406,0.0016114287512901584,0.0,0.0,0.08000720344206513,0.059098357110863725,0.025928144272054095,0.03726981368625192,0.6493207647575927,225.78609648693762,0.029052371001258084,0.933193661702228,-0.0005588585292236008,2133.3333333333335,0.044224390178576156,True,0.8521329462528229,0.08000720344206513,True,False,True,0.85,True,False,False,0,True,True,True,True,True,True,True,False,True,0,0,False,0,15,24,15,,,,False,False,False,
234,2026-08-18T21:58:43.672197,shadow,analysis_full,silero,webrtc,True,0.8832464814186096,True,True,True,1,False,True,False,0,0.0,,,,,,,,,,,,,0.019115339425942898,0.33014651941541157,0.16974467155889722,0.5001088089733773,,,,,,,,,,,,,,False,True,temporal_v1,False,0.00045521075702719153,0.3298538622129436,4.223783621144274,0.4942685313750323,76.90379778032944,2619.4181212754415,0.0063108627789192386,0.0032447270125935163,0.009559749633430144,0.0,0.0,0.17306664696969892,0.060523809157292996,0.13901866587173026,0.0760736927780266,0.8612654980690642,367.2779174860217,0.007900993786103221,0.9859509142615093,-0.0006059251589193539,4033.3333333333335,0.05355982370183659,True,0.8642851710319519,0.17306664696969892,True,False,True,0.85,True,False,False,0,True,True,True,True,True,True,True,False,True,0,0,False,0,15,24,15,,,,False,False,False,
235,2026-08-18T21:58:43.685079,shadow,analysis_full,silero,webrtc,True,0.8867675065994263,True,True,True,1,False,True,False,0,0.0,,,,,,,,,,,,,0.022489483227094063,0.3450591769201546,0.15540530772537314,0.49953551531000717,,,,,,,,,,,,,,False,True,temporal_v1,False,0.00048029464473249805,0.34237995824634654,4.06968816648526,0.49535175667784787,77.38197815318695,2812.301594936701,0.0077602025717007,0.003494985061491171,0.011234295592902196,0.0,0.0,0.2169838565421499,0.06132559751828016,0.1837957907908503,0.09948114618471003,0.9771780964485628,497.4962401121211,0.003402776336042626,0.6228257311651832,-0.0003569695966236398,3933.3333333333335,0.09339673714765948,True,0.8685154318809509,0.2169838565421499,True,False,True,0.85,True,False,False,0,True,True,True,True,True,False,True,False,True,0,0,False,0,15,24,15,,,,False,False,False,
236,2026-08-18T21:58:43.701214,shadow,analysis_full,silero,webrtc,True,0.8930949568748474,True,True,True,1,False,True,False,0,0.0,,,,,,,,,,,,,0.017858915229246285,0.7286413714054437,0.08236151376743693,0.18899711477112505,,,,,,,,,,,,,,False,True,temporal_v1,False,0.0004132941110534862,0.19206680584551147,2.985481547444926,0.7651902075238727,77.95567166586761,2300.5416047179942,0.013012744484451578,0.0014708872925250568,0.003375283451269653,0.0,0.0,0.21646882918678703,0.062150192517899695,0.18324029758752775,0.10024404606940074,0.9804259948292555,519.2361142492673,0.004917417785648535,0.9279143758552151,-0.000557814108054435,3433.3333333333335,0.035209827171421446,True,0.8737193048000336,0.21646882918678703,True,False,True,0.85,True,False,False,0,True,True,True,True,True,False,True,False,True,0,0,False,0,15,24,15,,,,False,False,False,
237,2026-08-18T21:58:43.724435,shadow,analysis_full,silero,webrtc,True,0.8406080603599548,True,True,True,1,False,True,False,0,0.0,,,,,,,,,,,,,0.006035703566082149,0.818475839493748,0.10285873925863132,0.07866542108193972,,,,,,,,,,,,,,False,False,temporal_v1,False,0.00023600125001700147,0.11064718162839249,2.848816685332546,0.8860802733627022,73.67168647900318,1855.2156360761815,0.004940077543184496,0.0006208248593460349,0.0004748011625516174,0.0,0.0,0.21235320969177152,0.06016416913168973,0.18149344242883278,0.09702138829033373,0.9617793712779152,509.4311832093271,0.004140353215387307,1.1475022574078226,-0.0007002256981704368,1566.6666666666667,0.021377214432477674,True,0.8737193048000336,0.21235320969177152,True,False,True,0.85,True,False,False,0,True,True,True,True,True,False,True,False,True,0,0,False,0,15,24,15,,,,False,False,False,
238,2026-08-18T21:58:43.739457,shadow,analysis_full,silero,webrtc,True,0.7769842743873596,True,True,True,1,False,True,False,0,0.0,,,,,,,,,,,,,0.0016693066434498942,0.6097641211990605,0.1921115445639923,0.19812433363789608,,,,,,,,,,,,,,False,True,temporal_v1,False,0.00012775046976658865,0.1941544885177453,3.927781174685666,0.780985349963122,67.59679131182003,2084.4415492764856,0.0010178832984549782,0.00032069307762409274,0.0003307302663708233,0.0,0.0,0.21511197235208085,0.059888789445946944,0.17881926117501043,0.09747985964954499,1.0211711891795643,496.46042502396114,0.007357264670447888,0.9128835539158917,-0.0005527930900558551,2833.3333333333335,0.06548603123352867,True,0.8685154318809509,0.21511197235208085,True,False,True,0.85,True,False,False,0,True,True,True,True,True,False,True,False,True,0,0,False,0,15,24,15,,,,False,False,False,
239,2026-08-18T21:58:43.754443,shadow,analysis_full,silero,webrtc,True,0.9044020175933838,True,True,True,1,False,True,False,0,0.0,,,,,,,,,,,,,0.358375495990707,0.9328092093017869,0.047411152363057756,0.01977963833236494,,,,,,,,,,,,,,False,False,temporal_v1,False,0.0017998893844675796,0.11064718162839249,2.6522040032607554,0.9544720626086064,91.7180395160077,1222.8512415709424,0.3342959630482271,0.016990995243601804,0.007088537697878086,0.0,0.0,0.21977949648946205,0.0636701425335685,0.17832953480054314,0.09556622545619986,1.0114785260613692,501.74699356497854,0.01641980823902477,1.1218330364833509,-0.0006760292950514242,766.6666666666667,0.005610142318263303,True,0.8737193048000336,0.21977949648946205,True,False,True,0.85,False,False,False,0,True,True,True,True,True,True,True,False,True,0,0,False,0,15,24,15,,,,False,False,False,
240,2026-08-18T21:58:43.764670,shadow,analysis_full,silero,webrtc,True,0.9044020175933838,True,True,True,1,False,True,False,0,0.0,,,,,,,,,,,,,1.0626709226628241,0.8240645720805527,0.09753673563505103,0.07839869228345507,,,,,,,,,,,,,,False,False,temporal_v1,False,0.0031186265336599376,0.11482254697286012,2.6572766458553057,0.9158826190238403,96.31394711958704,1395.0107032608673,0.8757094591465864,0.10364945285081963,0.08331201066441803,0.0,0.0,0.21255216505350552,0.06224614316203085,0.17326107524054707,0.09179449548323954,0.9764396487931125,495.23554037499946,0.011594205970981928,1.2895082263243594,-0.0007782430126242222,1033.3333333333335,0.005589721906961033,True,0.880473792552948,0.21255216505350552,True,False,True,0.85,True,False,False,0,True,True,True,True,True,True,True,False,True,0,0,False,0,15,24,15,,,,False,False,False,
241,2026-08-18T21:58:43.775879,shadow,analysis_full,silero,webrtc,True,0.9880256056785583,True,True,True,1,False,True,False,0,0.0,,,,,,,,,,,,,1.5726073942166137,0.8229460981703401,0.07692914317258065,0.10012475865644334,,,,,,,,,,,,,,False,False,temporal_v1,False,0.003764802819168082,0.16075156576200417,2.4852157637949692,0.9019650895542632,97.8832643105244,1372.7329381878615,1.294171119024388,0.12097933938394885,0.15745693580727668,0.0,0.0,0.2041360965573386,0.05876368001539478,0.16888601096457445,0.08588879764552472,0.8851114743835369,508.7122972329058,0.0042692452322483825,1.3661671740662744,-0.0008259648029323275,1300.0,0.0029464790913971374,True,0.8850069940090179,0.2041360965573386,True,False,True,0.85,True,False,False,0,True,True,True,True,True,True,True,True,True,0,0,False,0,15,24,15,,,,False,False,False,
242,2026-08-18T21:58:43.788801,shadow,analysis_full,silero,webrtc,True,0.9787776470184326,True,True,True,1,False,True,False,0,0.0,,,,,,,,,,,,,1.3429355188877885,0.869544866975318,0.06624558577171154,0.06420954725222584,,,,,,,,,,,,,,False,False,temporal_v1,False,0.0034674684814790524,0.10855949895615867,2.4142448834064907,0.9209026937929493,97.25935363385605,1358.5641539141302,1.1677426871277117,0.08896355010235893,0.08622928165671788,0.0,0.0,0.19986437426855716,0.056759118296887935,0.16684416391701884,0.08285864982582992,0.6576833579209862,532.1743490146266,0.002199658534057154,1.1453234429945596,-0.0006759251669860479,833.3333333333334,0.003878163458176758,True,0.8899312317371368,0.19986437426855716,True,False,True,0.85,False,False,False,0,True,True,True,True,True,True,True,True,True,0,0,False,0,15,24,15,,,,False,False,False,
243,2026-08-18T21:58:43.803229,shadow,analysis_full,silero,webrtc,True,0.9666483402252197,True,True,True,1,False,True,False,0,0.0,,,,,,,,,,,,,1.5052668516960448,0.9000673989762612,0.061677891504674356,0.03825470951840006,,,,,,,,,,,,,,False,False,temporal_v1,False,0.0036737793996877792,0.11064718162839249,2.413056629252825,0.9288055723639457,97.79834675105498,1407.5762529895414,1.3548416199712445,0.09284168556449139,0.05758354615930877,0.0,0.0,0.20879639497570276,0.047303712654648125,0.17058988194140334,0.08558989750116619,0.6834363665884905,551.4399326969215,0.010001799125472909,1.073362231961459,-0.0006372361014895374,833.3333333333334,0.006141118942897403,True,0.8987484872341156,0.20879639497570276,True,False,True,0.85,False,False,False,0,True,True,True,True,True,True,True,True,True,0,0,False,0,15,24,15,,,,False,False,False,
244,2026-08-18T21:58:43.820720,shadow,analysis_full,silero,webrtc,True,0.9565808773040771,True,True,True,1,False,True,False,0,0.0,,,,,,,,,,,,,1.1184720070818612,0.8850331479354712,0.088550480088258,0.02641637197537669,,,,,,,,,,,,,,False,False,temporal_v1,False,0.003127660797153144,0.11691022964509394,2.8462332196808484,0.9239033385859282,96.3771632147043,1697.892092350716,0.9898848013053643,0.09904123319237632,0.029545972583120597,0.0,0.0,0.16806861240106288,0.04222906405381344,0.13656009948961942,0.07011506419807907,0.5651334041520112,487.2291108892701,0.015725098988173335,0.6599053850972877,-0.0003938062849314703,900.0000000000001,0.03054069191823944,True,0.9044020175933838,0.16806861240106288,True,False,True,0.85,False,False,False,0,True,True,True,True,True,True,True,True,True,0,0,False,0,15,24,15,,,,False,False,False,
245,2026-08-18T21:58:43.841965,shadow,analysis_full,silero,webrtc,True,0.9524770379066467,True,True,True,1,False,True,False,0,0.0,,,,,,,,,,,,,0.8458831796191317,0.7885673901695402,0.19431348103769963,0.017119128791577936,,,,,,,,,,,,,,False,True,temporal_v1,False,0.0027217368457511915,0.09812108559498957,3.098598652755414,0.9377215781851467,95.23393898282393,1375.3690796089243,0.6670358913405712,0.16436650518303123,0.014480783094529368,0.0,0.0,0.0890738017601857,0.04871531626287018,0.06219052096385782,0.03447458862312495,0.4276671954507189,343.70868939271,0.013347350979490238,0.8742350038943658,-0.0005256787080822722,1000.0000000000001,0.015835978966752554,True,0.9284395277500153,0.0890738017601857,True,False,True,0.85,True,False,False,0,True,True,True,True,True,True,True,False,True,0,0,False,0,15,24,15,,,,False,False,False,
246,2026-08-18T21:58:43.855925,shadow,analysis_full,silero,webrtc,True,0.9526789784431458,True,True,True,1,False,True,False,0,0.0,,,,,,,,,,,,,1.065193506923952,0.9147542177505719,0.07453510733632472,0.010710674912164559,,,,,,,,,,,,,,False,False,temporal_v1,False,0.003043110477832825,0.10647181628392484,2.5520817204399533,0.9521737245199583,96.27019603905099,1322.1489877495262,0.974390253179208,0.07939431237253292,0.011408941371210958,0.0,0.0,0.08789609612899092,0.049070038367491416,0.05364551703189329,0.028548631171560212,0.43194660168702287,261.87969922580703,0.01722126625438625,0.8587959800621943,-0.0005103122870959518,800.0,0.010121695209586548,True,0.9525780081748962,0.08789609612899092,True,False,True,0.85,False,False,False,0,True,True,True,True,True,True,True,False,True,0,0,False,0,15,24,15,,,,False,False,False,
247,2026-08-18T21:58:43.869104,shadow,analysis_full,silero,webrtc,True,0.94948810338974,True,True,True,1,False,True,False,0,0.0,,,,,,,,,,,,,0.46466690721382414,0.9292943621285084,0.06677065593490752,0.003934981934432172,,,,,,,,,,,,,,False,False,temporal_v1,False,0.0020125871691628627,0.08768267223382047,2.3196506279228286,0.952923240433206,92.68176213272884,1162.6856923823352,0.43181233714149747,0.03102611418591185,0.0018284558854148683,0.0,0.0,0.09181085277080796,0.05006009370536532,0.05611610641532932,0.030331809277276273,0.45332889472208593,252.6198735477389,0.010255588327751596,1.1320206566223752,-0.0006682611683796038,833.3333333333334,0.003396863747160326,True,0.9525780081748962,0.09181085277080796,True,False,True,0.85,False,False,False,0,True,True,True,True,True,True,True,False,True,0,0,False,0,15,24,15,,,,False,False,False,
248,2026-08-18T21:58:43.882968,shadow,analysis_full,silero,webrtc,True,0.9254370927810669,True,True,True,1,False,True,False,0,0.0,,,,,,,,,,,,,0.09546235553412265,0.7794510805222077,0.20646920493031767,0.01407971453699915,,,,,,,,,,,,,,False,True,temporal_v1,False,0.0009150061593841769,0.09603340292275574,3.171078954046858,0.9311694438442716,85.73080637139736,1479.5801751932347,0.07440823617026705,0.019710036647905615,0.0013440827149499679,0.0,0.0,0.05427949914853548,0.05290375014812284,0.030908203154514927,0.0186681326982114,0.2770780344546621,137.02407546575031,0.012454042560553252,0.8121525581795455,-0.0004798948422302802,1133.3333333333335,0.01967929690346234,True,0.9525780081748962,0.05427949914853548,True,False,True,0.85,True,False,False,0,True,True,True,True,True,True,True,False,True,0,0,False,0,15,24,15,,,,False,False,False,
249,2026-08-18T21:58:43.897020,shadow,analysis_full,silero,webrtc,True,0.9415557384490967,True,True,True,1,False,True,False,0,0.0,,,,,,,,,,,,,0.08160262060479478,0.8576526678066935,0.11114327365497832,0.031204058526073577,,,,,,,,,,,,,,False,False,temporal_v1,False,0.0008462393722103709,0.12943632567849686,2.8198103567662383,0.9209654372669023,85.00347207192553,1547.6052551060536,0.0699867052617197,0.00906958239284208,0.002546332949232994,0.0,0.0,0.04929661319318121,0.05018944345750325,0.03044708760936,0.019460293463662126,0.2810815848515753,134.5244343375958,0.006602715786750647,1.1575332560950022,-0.0006982775224034185,966.6666666666667,0.011990316461080244,True,0.9525780081748962,0.04929661319318121,True,False,False,0.85,False,False,False,0,True,True,True,True,True,True,True,False,True,0,0,False,0,15,24,15,,,,False,False,False,
250,2026-08-18T21:58:43.912661,shadow,analysis_full,silero,webrtc,True,0.9444838166236877,True,True,True,1,False,True,False,0,0.0,,,,,,,,,,,,,0.06214487469667001,0.8668222064630899,0.07098613860941719,0.06219165491140146,,,,,,,,,,,,,,False,False,temporal_v1,False,0.0007486804686355181,0.17745302713987474,3.215559336745707,0.8720215047793273,83.7009846085911,1920.142011692196,0.053868557404939746,0.00441142468908268,0.003864892601647586,0.0,0.0,0.04808191688021694,0.051175777141057144,0.028655888186148608,0.02748218364874103,0.32368944067017447,202.8297994042567,0.006494992575520204,0.7963987277273649,-0.00047355651614417935,1100.0,0.03807126637604853,True,0.9525780081748962,0.04808191688021694,True,False,False,0.85,False,False,False,0,True,True,True,True,True,True,True,False,True,0,0,False,0,15,24,15,,,,False,False,False,
251,2026-08-18T21:58:43.925435,shadow,analysis_full,silero,webrtc,True,0.9038540720939636,True,True,True,1,False,True,False,0,0.0,,,,,,,,,,,,,0.029779977469858596,0.7152395062521495,0.15697685809721446,0.1277836356170566,,,,,,,,,,,,,,False,True,temporal_v1,False,0.000523463801972005,0.21294363256784968,3.3776494177370453,0.8012918255841114,80.2178084589127,2077.2221806295174,0.021299816381741797,0.004674767297424236,0.003805393789692566,0.0,0.0,0.06468825093314245,0.05289691141087133,0.03521609889162517,0.0378694358024993,0.363496017028187,269.9768777174978,0.005199340957887458,1.4097245576545179,-0.0008678101112012629,2766.666666666667,0.013659764883631973,True,0.9509825706481934,0.06468825093314245,True,False,True,0.85,True,False,False,0,True,True,True,True,True,True,True,False,True,0,0,False,0,15,24,15,,,,False,False,False,
252,2026-08-18T21:58:43.941496,shadow,analysis_full,silero,webrtc,True,0.8527346849441528,True,True,True,1,False,True,False,0,0.0,,,,,,,,,,,,,0.01831595623211587,0.7158181954356081,0.11645712542815505,0.1677246790816397,,,,,,,,,,,,,,False,True,temporal_v1,False,0.00041601254457981874,0.18997912317327767,3.616753973782354,0.7609580651918231,77.98886434409602,2245.5663628895572,0.013110894737750761,0.002133023612260116,0.003072037881104993,0.0,0.0,0.07569865222191718,0.05087177023139909,0.05209844443789297,0.04209930001708787,0.4049870452700167,335.2891567843938,0.004684652400289844,0.8442034213784436,-0.0005073081899231503,3300.0000000000005,0.053473193699136536,True,0.9469859600067139,0.07569865222191718,True,False,True,0.85,True,False,False,0,True,True,True,True,True,False,True,False,True,0,0,False,0,15,24,15,,,,False,False,False,
253,2026-08-18T21:58:43.957357,shadow,analysis_full,silero,webrtc,True,0.8181440234184265,True,True,True,1,False,True,False,0,0.0,,,,,,,,,,,,,0.006853899442267706,0.7515384364050036,0.15524411821752823,0.09321744523156583,,,,,,,,,,,,,,False,True,temporal_v1,False,0.00025303994274575666,0.17745302713987474,3.683292819083495,0.841887779847636,74.06569389685039,1947.263582652379,0.005150968870118998,0.0010640275752664585,0.0006389029958822495,0.0,0.0,0.07609799681335119,0.04880565132213711,0.05345705246943496,0.043372078560634034,0.41783590273936294,339.58455112379926,0.0056658065000389545,1.0506599461837471,-0.0006430297883043192,1900.0000000000002,0.03262939037183971,True,0.9430197775363922,0.07609799681335119,True,False,True,0.85,True,False,False,0,True,True,True,True,True,False,True,False,True,0,0,False,0,15,24,15,,,,False,False,False,
254,2026-08-18T21:58:43.969330,shadow,analysis_full,silero,webrtc,True,0.6870027184486389,True,True,False,1,False,True,False,0,0.0,,,,,,,,,,,,,0.005516211928924152,0.8693796065957632,0.09274353452522108,0.037876858697731726,,,,,,,,,,,,,,False,False,temporal_v1,False,0.00022369574656054127,0.1419624217118998,2.991067705222442,0.8988173373913312,73.25965139125194,1839.0710587199558,0.004795682156666935,0.0005115929914786135,0.00020893677977860226,0.0,0.0,0.07490436697276773,0.048515196596637215,0.052942953946762634,0.04272818870199983,0.4122995159743858,343.05385426816565,0.006480619483567578,0.8163746015585093,-0.00048640514551098827,966.6666666666667,0.030579193272407747,True,0.9334964156150818,0.07490436697276773,True,False,True,0.85,False,False,False,0,True,False,True,False,True,False,True,False,True,0,1,False,0,15,24,15,,,,False,False,False,
255,2026-08-18T21:58:43.981516,shadow,analysis_full,silero,webrtc,True,0.6071426868438721,True,True,False,1,False,True,False,0,0.0,,,,,,,,,,,,,0.0075073249238885205,0.6541298343680167,0.23896316207432775,0.10690700342445231,,,,,,,,,,,,,,False,True,temporal_v1,False,0.00026474063877765026,0.2254697286012526,3.8453730334385994,0.7898012505243897,74.18732813751808,2177.3939565178157,0.004910765209010082,0.0017939741025318127,0.0008025856113466262,0.0,0.0,0.0897304117188079,0.05617834660221171,0.05310202937456154,0.04662595164974907,0.4714646888323952,353.33042400449347,0.0073933871436374235,0.7943132333324734,-0.0004576081661116462,2533.3333333333335,0.0688633784962434,True,0.9146455824375153,0.0897304117188079,True,False,True,0.85,True,False,False,0,True,False,True,False,True,False,True,False,True,0,2,False,0,15,24,15,,,,False,False,False,
256,2026-08-18T21:58:43.990479,shadow,analysis_full,silero,webrtc,True,0.6071426868438721,True,True,False,1,False,True,False,0,0.0,,,,,,,,,,,,,0.009371664820455962,0.4258299988163001,0.38620658962760346,0.18796341144939172,,,,,,,,,,,,,,False,True,temporal_v1,False,0.0002941934659859397,0.25052192066805845,4.0329390817500785,0.7054225529715398,74.62546843073946,2247.195072982309,0.003990736019401524,0.0036193987094412837,0.0017615300906131538,0.0,0.0,0.13738036739407608,0.09220462810490754,0.06085183651489915,0.05155730915479653,0.4897171517326566,344.4621360723339,0.005648568067348474,0.9922760821087288,-0.0005846202214032924,2966.666666666667,0.05126434475710888,True,0.8782943785190582,0.13738036739407608,True,False,True,0.85,True,False,False,0,True,False,True,False,True,False,True,False,True,0,3,False,0,15,24,15,,,,False,False,False,
257,2026-08-18T21:58:44.012781,shadow,analysis_full,silero,webrtc,False,0.4342510998249054,True,True,True,1,False,True,False,0,0.0,,,,,,,,,,,,,0.007259669686561339,0.30487235578990207,0.5850476593791353,0.1100799846932153,,,,,,,,,,,,,,False,True,temporal_v1,False,0.00025581607018202075,0.25052192066805845,3.822029848444574,0.7224573452626906,73.49848311893565,2104.0211821410985,0.0022132725995984955,0.004247252757988372,0.0007991443279744713,0.0,0.0,0.17996457304497793,0.1516332411599458,0.055066886400823946,0.04898764183468425,0.38235551704323456,257.48736486543737,0.006119773619031152,1.0441133208281494,-0.00060620940538596,2300.0,0.034920683006815785,True,0.8354393541812897,0.17996457304497793,True,False,True,0.85,True,False,False,0,True,False,True,True,True,False,True,False,True,0,4,False,0,15,24,15,,,,False,False,False,
258,2026-08-18T21:58:44.022953,shadow,analysis_full,silero,webrtc,False,0.26589635014533997,True,True,True,1,False,True,False,0,0.0,,,,,,,,,,,,,0.005313087605360656,0.23210053783760556,0.6735385337058278,0.09436092826835196,,,,,,,,,,,,,,False,True,temporal_v1,False,0.0002186363615669871,0.24843423799582465,3.348804720001133,0.7105087028712307,72.03702861663446,2081.978896859047,0.001233170490782524,0.0035785692351652243,0.0005013478784129067,0.0,0.0,0.22361636315064007,0.20520137662692386,0.048277935121404124,0.042107063834584416,0.3726334266980015,203.12176600102742,0.0051185116509811866,1.025140802290904,-0.0006053788391106012,2266.666666666667,0.02908402853516983,True,0.7525733709335327,0.22361636315064007,True,False,True,0.85,True,False,False,0,True,False,True,True,True,False,True,False,True,0,5,False,0,15,24,15,,,,False,False,False,
259,2026-08-18T21:58:44.035198,shadow,analysis_full,silero,webrtc,False,0.17663852870464325,True,True,True,1,False,True,False,0,0.0,,,,,,,,,,,,,0.004197149416362467,0.3728283778299725,0.5196463798224101,0.10752524210936026,,,,,,,,,,,,,,False,True,temporal_v1,False,0.0001973349476563265,0.2359081419624217,3.8542105736784547,0.7701311929398388,71.47503900804142,1883.688494770721,0.0015648164084124344,0.0021810334997864975,0.00045129950716353437,0.0,0.0,0.22358526973480072,0.2122930792628093,0.042135612461889155,0.03580177964918122,0.3155006956392675,140.55471590007372,0.0060259818967775955,1.335549588855561,-0.0007878530583291077,2266.666666666667,0.017393260057691925,True,0.6470727026462555,0.22358526973480072,True,False,True,0.85,True,False,False,0,True,False,True,True,True,False,True,False,True,0,6,False,0,15,24,15,,,,False,False,False,
260,2026-08-18T21:58:44.050874,shadow,analysis_full,silero,webrtc,False,0.10589804500341415,True,True,True,1,False,True,False,0,0.0,,,,,,,,,,,,,0.001997067015612395,0.4736225394856975,0.4376978457723085,0.08867961424125952,,,,,,,,,,,,,,False,True,temporal_v1,False,0.00013798823135753805,0.21085594989561587,3.81758117990769,0.8027045893507075,68.42615833826899,1849.6219022653233,0.0009458559514574656,0.0008741119305964786,0.00017709913255845058,0.0,0.0,0.20543353998675803,0.2010115450781711,0.03984470375501552,0.03402410402404277,0.2973676175992617,148.55278729224727,0.00493396579443611,1.2677754677173236,-0.0007489317588951416,2233.3333333333335,0.0184984681399437,True,0.6071426868438721,0.20543353998675803,True,False,True,0.85,True,False,False,0,True,False,True,True,True,False,True,False,True,0,7,False,0,15,24,15,,,,False,False,False,
261,2026-08-18T21:58:44.074984,shadow,analysis_full,silero,webrtc,False,0.07510368525981903,True,True,False,1,False,True,False,0,0.0,,,,,,,,,,,,,0.0023606670939951007,0.5795859543066194,0.3137659048261294,0.10664814044364229,,,,,,,,,,,,,,False,True,temporal_v1,False,0.0001524590783601365,0.20250521920668058,3.9907645762755855,0.8481023880417284,69.57428314321022,1689.2710924613957,0.0013682094904733844,0.0007406968467406422,0.0002517607557810744,0.0,0.0,0.1985389509126271,0.1923445146992881,0.03952190391969464,0.0342125268068835,0.3003588967965965,182.0351667629328,0.004079061311727713,1.2000544567514853,-0.0007151179130671405,2266.666666666667,0.0261831492272187,True,0.5206968933343887,0.1985389509126271,True,False,True,0.85,True,False,False,0,True,False,True,False,True,False,True,False,True,0,8,False,0,15,24,15,,,,False,False,False,
262,2026-08-18T21:58:44.098496,shadow,analysis_full,silero,webrtc,False,0.05155332759022713,True,True,False,1,True,True,False,1,0.0,,,,,,,,,,,,,0.0012584657027855301,0.6149868603991792,0.27379745633935,0.11121568246685244,,,,,,,,,,,,,,False,True,temporal_v1,False,0.00011232483835185153,0.20876826722338204,3.9155110048365964,0.8337285876011753,66.67896333348628,1846.2577007170253,0.0007739398714761197,0.00034456470831299057,0.00013996112199641983,0.0,0.0,0.19169303283016728,0.1783663094759882,0.034613486791919085,0.033382692203515064,0.3053810463230679,168.50930701603303,0.0040854941981134105,0.9794597074154696,-0.0005774825769598541,2300.0,0.042354241375635315,True,0.3500737249851227,0.19169303283016728,True,True,True,0.85,True,True,True,1,True,False,True,False,True,False,True,False,True,0,9,True,1,15,24,15,,,,False,False,False,
263,2026-08-18T21:58:44.109522,shadow,analysis_full,silero,webrtc,False,0.06032771244645119,True,True,False,1,False,True,False,0,0.0,,,,,,,,,,,,,0.002966021637865248,0.8589696627471759,0.1051042795696734,0.03592605734599865,,,,,,,,,,,,,,False,True,temporal_v1,False,0.00017544302910754678,0.1022964509394572,2.8458938089994463,0.9421301441695634,71.29761027544055,1418.90175989962,0.0025477226059779385,0.00031174156743588965,0.00010655746345141975,0.0,0.0,0.20637434660227652,0.1848538655237013,0.04027625906807176,0.04680554753620053,0.4052379578260742,235.71416131145952,0.009266681456934598,1.4753292097976654,-0.000885010195133126,766.6666666666667,0.005945730201159621,True,0.2212674394249916,0.20637434660227652,True,True,True,0.85,False,False,False,0,True,False,True,False,True,False,True,False,False,0,0,False,0,15,24,24,,,,False,False,False,
264,2026-08-18T21:58:44.122978,shadow,analysis_full,silero,webrtc,False,0.04482816532254219,True,True,False,1,True,True,False,1,0.0,,,,,,,,,,,,,0.0017376553798207769,0.7486513766366146,0.19585537252947685,0.05549325025842031,,,,,,,,,,,,,,False,True,temporal_v1,False,0.00012960861159759464,0.10438413361169102,3.6039225581027945,0.9071394429653714,68.3800613184071,1559.4164157491243,0.0013008980922228441,0.00034032914174264784,9.642814485528477e-05,0.0,0.0,0.1895151691806914,0.17193516933740685,0.03789124032839954,0.0530291946407084,0.343065783612516,258.4106810006474,0.006051714318993665,1.279701144509165,-0.000767433189264135,1400.0,0.022171261350368107,True,0.1412682868540287,0.1895151691806914,True,True,True,0.85,True,True,True,1,True,False,True,False,True,False,True,False,False,0,0,True,1,15,24,24,,,,False,False,False,
265,2026-08-18T21:58:44.138217,shadow,analysis_full,silero,webrtc,False,0.13607430458068848,True,True,False,1,True,True,False,1,0.0,,,,,,,,,,,,,0.01767323363235426,0.7465110222159234,0.11617910513991085,0.1373098725875831,,,,,,,,,,,,,,False,True,temporal_v1,False,0.00040930472601220455,0.15031315240083507,3.0024990164967074,0.8559986215134572,78.35731922671556,1905.7304534994869,0.013193263704749615,0.002053260468335494,0.0024267094582691518,0.0,0.0,0.1975883018780401,0.18495709686156883,0.03947171746924811,0.05474706495156626,0.39802730348930443,239.9452244641351,0.012219026404758918,0.7248634678337509,-0.00043139225333731397,2400.0,0.022010033556112557,True,0.12098617479205132,0.1975883018780401,True,True,True,0.85,True,True,True,2,True,False,True,False,True,False,True,False,False,0,0,True,2,15,24,24,,,,False,False,False,
266,2026-08-18T21:58:44.159308,shadow,analysis_full,silero,webrtc,True,0.6619192957878113,True,True,True,1,False,True,False,0,0.0,,,,,,,,,,,,,0.10606195240406044,0.9212869581294016,0.039649939141904546,0.03906310271926538,,,,,,,,,,,,,,False,False,temporal_v1,False,0.001011091862077311,0.08559498956158663,2.2375487794321613,0.9489255246027362,86.68105607209804,1394.6640100809961,0.09771349350360221,0.004205349958092573,0.004143108941365648,0.0,0.0,0.22413712278873757,0.20796454763155817,0.03222902653072801,0.06051255453692632,0.5490748768636043,238.1807727832144,0.012446001902053253,0.9443234521327818,-0.000566392141424877,500.00000000000006,0.005059112701258076,True,0.12098617479205132,0.22413712278873757,True,True,True,0.85,False,False,False,0,True,True,True,True,True,True,True,False,False,1,0,False,0,15,24,24,,,,False,False,False,
267,2026-08-18T21:58:44.184070,shadow,analysis_full,silero,webrtc,True,0.9125140905380249,True,True,True,1,False,True,False,0,0.0,,,,,,,,,,,,,0.06812924014598004,0.890340929256249,0.08159129957261498,0.02806777115645797,,,,,,,,,,,,,,False,False,temporal_v1,False,0.0008719761931987798,0.08559498956158663,2.5829654478739603,0.9558752770117851,85.42554090311233,1300.552107695598,0.060658250981094015,0.005558753242405285,0.001912235921480737,0.0,0.0,0.2196494453649813,0.19995101049965347,0.03594748067695341,0.06150024016436009,0.5881727887361448,248.38424014252993,0.007485431233795392,1.314458552826866,-0.000784564034921093,600.0,0.005970572346857462,True,0.12098617479205132,0.2196494453649813,True,True,True,0.85,False,False,False,0,True,True,True,True,True,True,True,False,False,2,0,False,0,15,24,24,,,,False,False,False,
268,2026-08-18T21:58:44.205843,shadow,analysis_full,silero,webrtc,True,0.9119457006454468,True,True,True,1,False,True,False,0,0.0,,,,,,,,,,,,,0.015468077126555391,0.862155636799757,0.10490215051693258,0.032942212618661044,,,,,,,,,,,,,,False,True,temporal_v1,False,0.00042486995054929675,0.10647181628392484,2.925558133076718,0.9252232354186956,79.01853234353862,1583.9993321005766,0.01333588988511312,0.0016226345549374356,0.0005095526855048353,0.0,0.0,0.17911816250110807,0.15438457291792393,0.03821763990707229,0.056423462448551294,0.5996905825045838,212.77541120830747,0.012592881430040927,1.1910710224852625,-0.000733803378640434,700.0,0.015699167665542184,True,0.12098617479205132,0.17911816250110807,True,True,True,0.85,False,False,False,0,True,True,True,True,True,True,True,False,False,3,0,False,0,15,24,24,,,,False,False,False,
269,2026-08-18T21:58:44.232594,shadow,analysis_full,silero,webrtc,True,0.8540863394737244,True,True,True,1,True,True,False,1,0.0,,,,,,,,,,,,,0.00489831175655136,0.8162395637148522,0.12281807184715081,0.06094236423384499,,,,,,,,,,,,,,False,True,temporal_v1,False,0.00023571344319860756,0.17954070981210857,3.3242763567803357,0.8999781938878565,73.7285760674541,1717.937254027887,0.003998195851106814,0.0006016012052458685,0.00029851469919867806,0.0,0.0,0.1419607291780579,0.11887713721843989,0.03669085843606307,0.04992836164837717,0.5690300590461115,199.4343935211111,0.007734318993781299,1.322105559466238,-0.0007966878635496179,1433.3333333333335,0.012369320784533424,True,0.12098617479205132,0.1419607291780579,True,True,True,0.85,True,True,True,1,True,True,True,True,True,True,True,False,False,4,0,True,1,15,24,24,,,,False,False,False,
270,2026-08-18T21:58:44.248069,shadow,analysis_full,silero,webrtc,True,0.8070102334022522,True,True,True,1,False,True,False,0,0.0,,,,,,,,,,,,,0.008021366742236599,0.855584234911144,0.04269137641281971,0.10172438855136914,,,,,,,,,,,,,,False,True,temporal_v1,False,0.00029204136756976785,0.15031315240083507,2.81204804836855,0.8239381350833123,75.23404130226122,2205.5556044551113,0.006862954927098196,0.000342443186938096,0.0008159686272003058,0.0,0.0,0.10989042666492713,0.08802144412733866,0.03756643104911498,0.04481909978158207,0.5436469051639926,258.93969499375254,0.010223188109845556,1.0017960933429402,-0.0006183896237993689,2866.666666666667,0.02199220213409812,True,0.3989968001842499,0.10989042666492713,True,True,True,0.85,False,False,False,0,True,True,True,True,True,False,True,False,False,5,0,False,0,15,24,24,,,,False,False,False,
271,2026-08-18T21:58:44.262115,shadow,analysis_full,silero,webrtc,True,0.9231719970703125,True,True,True,1,False,True,False,0,0.0,,,,,,,,,,,,,0.2670223980238742,0.8523646852656296,0.06926913022804579,0.07836618450257973,,,,,,,,,,,,,,False,False,temporal_v1,False,0.0015477653284921011,0.08977035490605428,1.8582495309618396,0.9186802386160846,90.24103417126112,1647.9414808677705,0.22760046225049319,0.018496409262520816,0.020925526509860206,0.0,0.0,0.08558260377216181,0.06791899950459232,0.035793962573399465,0.04109342305383946,0.5789665121749074,258.8048813109173,0.0163327914350928,1.106521858451083,-0.0006655587201033495,900.0000000000001,0.005634521791269015,True,0.7344647645950317,0.08558260377216181,True,False,True,0.85,False,False,False,0,True,True,True,True,True,True,True,False,False,6,0,False,0,15,24,24,,,,False,False,False,
272,2026-08-18T21:58:44.269669,shadow,analysis_full,silero,webrtc,True,0.9231719970703125,True,True,True,1,False,True,False,0,0.0,,,,,,,,,,,,,0.13151705881246875,0.3479059306554641,0.48500398424828656,0.1670900850886457,,,,,,,,,,,,,,False,True,temporal_v1,False,0.00108484143109709,0.20668058455114824,3.2850424210787192,0.7508942572092141,86.2774167653242,1848.6905842749263,0.045755564743221344,0.06378629752066357,0.021975196547583824,0.0,0.0,0.15658708257189835,0.1238050521625195,0.045209942381738345,0.04067714550408928,0.4942616663047891,258.98273028097975,0.02489130602116034,1.0013454524375467,-0.0005927245509253762,2633.3333333333335,0.016349801719572933,True,0.8305482864379883,0.15658708257189835,True,False,True,0.85,True,False,False,0,True,True,True,True,True,True,True,False,False,7,0,False,0,15,24,24,,,,False,False,False,
273,2026-08-18T21:58:44.280977,shadow,analysis_full,silero,webrtc,True,0.8992007970809937,True,True,True,1,False,True,False,0,0.0,,,,,,,,,,,,,0.26094449831712435,0.5577183175020781,0.4007029793757756,0.04157870311831411,,,,,,,,,,,,,,False,True,temporal_v1,False,0.0015129666588803113,0.16701461377870563,2.8921885989438145,0.8444646026686269,89.67773245127377,1763.6823562515979,0.14553352656285046,0.10456123792738879,0.01084973382588513,0.0,0.0,0.16891372802407134,0.14610646365410243,0.04476738220379268,0.041515500355907876,0.4944389045378367,247.50763208608296,0.0107048283477711,0.8515656139804162,-0.0005065674946642719,2233.3333333333335,0.018253341295710494,True,0.876643568277359,0.16891372802407134,True,False,True,0.85,True,False,False,0,True,True,True,True,True,True,True,False,False,8,0,False,0,15,24,24,,,,False,False,False,
274,2026-08-18T21:58:44.289754,shadow,analysis_full,silero,webrtc,True,0.915900468826294,True,True,True,1,False,True,False,0,0.0,,,,,,,,,,,,,0.2484999716497003,0.7979713917084589,0.190490632853199,0.011537975434317952,,,,,,,,,,,,,,False,False,temporal_v1,False,0.0014825454502794431,0.11064718162839249,2.3790910555573106,0.9251384889402147,89.89756088045999,1429.961859436319,0.19829586821682393,0.04733691686355342,0.0028671865683229498,0.0,0.0,0.16923371671366985,0.14600517898623755,0.04840417953957711,0.04113105755665888,0.44203908221399446,257.33665301578895,0.007846034884316731,1.077231611066574,-0.0006284423532334927,1766.6666666666667,0.005547667901610404,True,0.9055732488632202,0.16923371671366985,True,False,True,0.85,True,False,False,0,True,True,True,True,True,True,True,False,False,9,0,False,0,15,24,24,,,,False,False,False,
275,2026-08-18T21:58:44.302644,shadow,analysis_full,silero,webrtc,True,0.9195238351821899,True,True,True,1,False,True,False,0,0.0,,,,,,,,,,,,,0.1406094868208448,0.5962258548867766,0.22258016481341755,0.18119398029269385,,,,,,,,,,,,,,False,True,temporal_v1,False,0.0011128250938027965,0.1941544885177453,3.014458568893761,0.8311846539898193,86.93959464816616,1825.3699762806896,0.08383501148494914,0.0312968827509137,0.025477592583981946,0.0,0.0,0.17669948100070354,0.14591257779248584,0.05575180306586373,0.044887119441409176,0.4427904059869439,251.34305035827893,0.008774213890690934,1.1840472231319916,-0.0007003005225788157,2600.0,0.011635750631043254,True,0.9122298955917358,0.17669948100070354,True,False,True,0.85,True,False,False,0,True,True,True,True,True,True,True,False,True,0,0,False,0,15,24,15,,,,False,False,False,
276,2026-08-18T21:58:44.318550,shadow,analysis_full,silero,webrtc,True,0.9029695391654968,True,True,True,1,False,True,False,0,0.0,,,,,,,,,,,,,0.044894645455501904,0.5992612356241676,0.20599660514121307,0.19474215921234506,,,,,,,,,,,,,,False,True,temporal_v1,False,0.0006335486152114101,0.20668058455114824,3.354710520096316,0.7806309863463287,81.76738438486318,2104.0475328892494,0.02690362070857299,0.009248144552851782,0.008742880193077136,0.0,0.0,0.17178412399139803,0.13872855844820742,0.06476038184026262,0.0455579047300397,0.44508766348759154,262.9437315454908,0.006564758519837467,1.1425011716123883,-0.0006796173992233716,3033.3333333333335,0.021209487207817068,True,0.9122298955917358,0.17178412399139803,True,False,True,0.85,True,False,False,0,True,True,True,True,True,True,True,False,True,0,0,False,0,15,24,15,,,,False,False,False,
277,2026-08-18T21:58:44.341621,shadow,analysis_full,silero,webrtc,True,0.8844091296195984,True,True,True,1,False,True,False,0,0.0,,,,,,,,,,,,,0.016572071212771745,0.3064011731744365,0.51561814289795,0.17798068386727095,,,,,,,,,,,,,,False,True,temporal_v1,False,0.0004047614062146202,0.2609603340292276,3.963923790517508,0.7081672561512528,77.43732638593468,2194.2559158946688,0.005077702061523569,0.008544860582701947,0.0029495085675462296,0.0,0.0,0.20005429632075242,0.16298219563904673,0.06606896083702145,0.050945018348687,0.5458541616311605,248.95772130237125,0.006213822978240067,1.3563588118671928,-0.0008268796165943118,3033.3333333333335,0.02503818495777872,True,0.9074576199054718,0.20005429632075242,True,False,True,0.85,True,False,False,0,True,True,True,True,True,True,True,False,True,0,0,False,0,15,24,15,,,,False,False,False,
278,2026-08-18T21:58:44.353515,shadow,analysis_full,silero,webrtc,True,0.8507205843925476,True,True,True,1,False,True,False,0,0.0,,,,,,,,,,,,,0.01170642729021256,0.6245966933394445,0.24786294386055963,0.12754036271457278,,,,,,,,,,,,,,False,True,temporal_v1,False,0.00034112352028471714,0.21294363256784968,3.633443686347159,0.7427279862356805,76.14744544131342,2289.526055235427,0.007311795776285398,0.002901589530241679,0.0014930419826854832,0.0,0.0,0.18830082767989303,0.1570159773289858,0.06173160396728247,0.04818704467432385,0.5789758679157848,267.8889648522547,0.006544521440998775,1.04878160550511,-0.000637560467615427,3333.3333333333335,0.03736604351530128,True,0.9010851681232452,0.18830082767989303,True,False,True,0.85,True,False,False,0,True,True,True,True,True,False,True,False,True,0,0,False,0,15,24,15,,,,False,False,False,
279,2026-08-18T21:58:44.367209,shadow,analysis_full,silero,webrtc,True,0.8512346744537354,True,True,True,1,False,True,False,0,0.0,,,,,,,,,,,,,0.12002760609785793,0.9355347861883996,0.042279850649213864,0.02218536315405509,,,,,,,,,,,,,,False,False,temporal_v1,False,0.001054760871396258,0.10020876826722339,2.6033533121723673,0.9520246529465548,87.06210655135078,1655.1082160616586,0.11229000080746496,0.005074749259600104,0.0026628560297928556,0.0,0.0,0.20261303119598292,0.1652007323103978,0.06602531200011161,0.05349684301644081,0.5854004446443689,272.8395592559237,0.013644611838910095,0.5777646028520516,-0.0003563603644584806,533.3333333333334,0.03174496095591771,True,0.9010851681232452,0.20261303119598292,True,False,True,0.85,False,False,False,0,True,True,True,True,True,False,True,False,True,0,0,False,0,15,24,15,,,,False,False,False,
280,2026-08-18T21:58:44.380103,shadow,analysis_full,silero,webrtc,True,0.9656458497047424,True,True,True,1,False,True,False,0,0.0,,,,,,,,,,,,,0.28347611548782564,0.9029706043933556,0.05354310002125304,0.0434862955818638,,,,,,,,,,,,,,False,False,temporal_v1,False,0.0015822879523489286,0.08768267223382047,2.0686753000018037,0.9424843410678881,90.54338844773007,1554.2054760061521,0.2559705993331226,0.015178190005200926,0.012327326148502144,0.0,0.0,0.20791239613952758,0.1639169614508121,0.06903312836538031,0.058828215807333495,0.646023405825835,268.9845050847326,0.011048048705437607,0.9409606792319746,-0.0005636670239664903,666.6666666666667,0.012736750329993145,True,0.9094350039958954,0.20791239613952758,True,False,True,0.85,False,False,False,0,True,True,True,True,True,True,True,False,True,0,0,False,0,15,24,15,,,,False,False,False,
281,2026-08-18T21:58:44.394545,shadow,analysis_full,silero,webrtc,True,0.9693620204925537,True,True,True,1,False,True,False,0,0.0,,,,,,,,,,,,,0.1726543606995379,0.9117226100627513,0.07239445080116763,0.015882939130289053,,,,,,,,,,,,,,False,False,temporal_v1,False,0.0012413628080970539,0.07933194154488518,2.216568533110019,0.9572471942310854,88.50211187794858,1254.4642911555065,0.15741288437569842,0.012499217621269747,0.002742258701569731,0.0,0.0,0.21429462182826922,0.1635874297224838,0.07378623838429865,0.060206755834899,0.5948655061681836,317.3557513676741,0.005488039798543891,1.1810250205667165,-0.0007129937959033138,633.3333333333334,0.0043449456885687335,True,0.9094350039958954,0.21429462182826922,True,False,True,0.85,False,False,False,0,True,True,True,True,True,True,True,False,True,0,0,False,0,15,24,15,,,,False,False,False,
282,2026-08-18T21:58:44.416886,shadow,analysis_full,silero,webrtc,True,0.9534791111946106,True,True,True,1,False,True,False,0,0.0,,,,,,,,,,,,,0.03651324081273089,0.8745405281279538,0.11039924451140723,0.015060227333251726,,,,,,,,,,,,,,False,False,temporal_v1,False,0.0005883910507130573,0.10647181628392484,2.9870145453796284,0.9547279809931701,81.99668938164109,1218.1375676193595,0.03193230890402883,0.004031034200388571,0.0005498977073134922,0.0,0.0,0.19549588598516013,0.14597177292204758,0.07371309997766928,0.060380243946798376,0.5842607779671131,359.6393410996314,0.015979712734484137,1.0790629060839656,-0.00064720642232592,800.0,0.008335627367353413,True,0.9094350039958954,0.19549588598516013,True,False,True,0.85,False,False,False,0,True,True,True,True,True,True,True,False,True,0,0,False,0,15,24,15,,,,False,False,False,
283,2026-08-18T21:58:44.437940,shadow,analysis_full,silero,webrtc,True,0.924557089805603,True,True,True,1,False,True,False,0,0.0,,,,,,,,,,,,,0.020572599036946998,0.755959385118011,0.22288153487822443,0.02115907995515642,,,,,,,,,,,,,,False,True,temporal_v1,False,0.0004312901485016714,0.1336116910229645,2.8928815419679994,0.9239187221433254,79.14557076325809,1370.7589335019698,0.015552049318249836,0.004585252449789029,0.00043529726790813547,0.0,0.0,0.18891895914918155,0.13128507626865873,0.0751052228932929,0.06041488178633828,0.5842585432266021,374.83355862906745,0.009587962131733978,1.4324561536739584,-0.0008609276969633259,1700.0000000000002,0.005502947544481303,True,0.9177121520042419,0.18891895914918155,True,False,True,0.85,True,False,False,0,True,True,True,True,True,True,True,False,True,0,0,False,0,15,24,15,,,,False,False,False,
284,2026-08-18T21:58:44.456807,shadow,analysis_full,silero,webrtc,True,0.889658510684967,True,True,True,1,False,True,False,0,0.0,,,,,,,,,,,,,0.009737143684910318,0.5648009349000528,0.33194231924111794,0.10325674575612974,,,,,,,,,,,,,,False,True,temporal_v1,False,0.0003044004964856313,0.16701461377870563,3.620224893749598,0.8483249217689983,75.72467626142577,1742.1059082853278,0.005499547856493492,0.0032321700575531362,0.001005425769863689,0.0,0.0,0.19348882899620543,0.1381866711719083,0.0715702410786123,0.059165088995171,0.5897956469285691,364.77578479099157,0.0071560245716035375,1.213913989847065,-0.0007299924190515129,2100.0,0.022649632733639746,True,0.9112466871738434,0.19348882899620543,True,False,True,0.85,True,False,False,0,True,True,True,True,True,False,True,False,True,0,0,False,0,15,24,15,,,,False,False,False,
285,2026-08-18T21:58:44.481825,shadow,analysis_full,silero,webrtc,True,0.8261803984642029,True,True,True,1,False,True,False,0,0.0,,,,,,,,,,,,,0.016048493026171447,0.6862922515148312,0.21489345089302006,0.09881429752983761,,,,,,,,,,,,,,False,True,temporal_v1,False,0.00038241409242582765,0.16075156576200417,3.035159412690457,0.8559460795559235,77.76240357044666,1886.0048009373338,0.01101395641235127,0.003448716048026549,0.0015858205647936293,0.0,0.0,0.19018141293464302,0.13809446154353897,0.06507433604051777,0.057781686067089916,0.589754399608293,366.9610420598344,0.007763175928916828,0.9888556873454002,-0.0005894943342635158,2266.666666666667,0.03336761169334975,True,0.8963140249252319,0.19018141293464302,True,False,True,0.85,True,False,False,0,True,True,True,True,True,False,True,False,True,0,0,False,0,15,24,15,,,,False,False,False,
286,2026-08-18T21:58:44.505411,shadow,analysis_full,silero,webrtc,True,0.7969921827316284,True,True,True,1,False,True,False,0,0.0,,,,,,,,,,,,,0.018696453030054874,0.8549981618478709,0.1144451847123699,0.030556653386273225,,,,,,,,,,,,,,False,False,temporal_v1,False,0.00044741982272583517,0.1315240083507307,2.859515834633823,0.939843579443218,79.54030801535349,1428.9903743323734,0.015985432973771974,0.002139719020490778,0.0005713010347921246,0.0,0.0,0.1899304382367577,0.14052488755336923,0.0543968556051845,0.05494216011230489,0.5817844296005796,353.19848675143237,0.016124065754165834,1.1108808557485546,-0.0006671370838525277,700.0,0.010635061767209537,True,0.8870338201522827,0.1899304382367577,True,False,True,0.85,False,False,False,0,True,True,True,True,True,False,True,False,True,0,0,False,0,15,24,15,,,,False,False,False,
287,2026-08-18T21:58:44.524487,shadow,analysis_full,silero,webrtc,True,0.9040419459342957,True,True,True,1,False,True,False,0,0.0,,,,,,,,,,,,,0.05245942835353486,0.7757337199704549,0.08480180699611024,0.1394644730143725,,,,,,,,,,,,,,False,True,temporal_v1,False,0.0007364584773000971,0.1419624217118998,3.3103028302630846,0.8964570088145493,83.67763433871468,1537.8749553614828,0.04069454750421115,0.004448654318362736,0.00731622652996097,0.0,0.0,0.12259891279432346,0.09285166669609876,0.04718874395090618,0.03886735891174567,0.49935563683230244,305.45826474585897,0.009849866995029892,1.812911905248373,-0.0010961612410897695,2133.3333333333335,0.0033728935946227647,True,0.8968502283096313,0.12259891279432346,True,False,True,0.85,True,False,False,0,True,True,True,True,True,False,True,False,True,0,0,False,0,15,24,15,,,,False,False,False,
288,2026-08-18T21:58:44.537178,shadow,analysis_full,silero,webrtc,True,0.9040419459342957,True,True,True,1,False,True,False,0,0.0,,,,,,,,,,,,,0.07906646341306403,0.8060022484667393,0.026595142929894733,0.1674026085907184,,,,,,,,,,,,,,False,False,temporal_v1,False,0.0008584538266409677,0.10020876826722339,1.975943614247974,0.8878242810791115,84.96857560771173,1593.283723817867,0.06372774728924278,0.0021027838954317305,0.013235932227389516,0.0,0.0,0.10971698993017358,0.09314953292253683,0.053799371269330265,0.02885914543492506,0.5108881787028062,200.10573181094293,0.021377030075300698,1.6368243815741939,-0.0009906106559691961,2600.0,0.0016171363742874532,True,0.9040419459342957,0.10971698993017358,True,False,True,0.85,True,False,False,0,True,True,True,True,True,True,True,False,True,0,0,False,0,15,24,15,,,,False,False,False,
289,2026-08-18T21:58:44.550094,shadow,analysis_full,silero,webrtc,True,0.909385085105896,True,True,True,1,False,True,False,0,0.0,,,,,,,,,,,,,0.08088952211672285,0.4538850698855138,0.16827628475295434,0.3778386453491693,,,,,,,,,,,,,,False,True,temporal_v1,False,0.000901748162089216,0.1649269311064718,3.356947897820722,0.7421165791762826,84.61957731087105,1957.2733208159154,0.036714546398954565,0.013611788257244052,0.030563187459524226,0.0,0.0,0.14325129036972914,0.08921986230290639,0.10574152280340392,0.030696745345658118,0.5375556987939291,237.01742780257644,0.021605720134453697,1.802730192964946,-0.00107319381939574,2900.0,0.003142315691823365,True,0.9067135155200958,0.14325129036972914,True,False,True,0.85,True,False,False,0,True,True,True,True,True,True,True,False,True,0,0,False,0,15,24,15,,,,False,False,False,
290,2026-08-18T21:58:44.560380,shadow,analysis_full,silero,webrtc,True,0.9326751232147217,True,True,True,1,False,True,False,0,0.0,,,,,,,,,,,,,0.22836323433259761,0.6136686120496879,0.17770973923983624,0.2086216487060968,,,,,,,,,,,,,,False,True,temporal_v1,False,0.001442608494024859,0.14822546972860126,2.838976376440897,0.8090626578846531,89.0786152160792,1977.0184793780593,0.14013934905606282,0.04058237082521154,0.04764151445032325,0.0,0.0,0.14037606165807612,0.08485460948258029,0.10828841908157807,0.028140382676834188,0.4740475395429338,268.8081155142022,0.010945147460208669,1.0088653527767206,-0.0005893786718493399,2666.666666666667,0.019838346751436763,True,0.9067135155200958,0.14037606165807612,True,False,True,0.85,True,False,False,0,True,True,True,True,True,True,True,False,True,0,0,False,0,15,24,15,,,,False,False,False,
291,2026-08-18T21:58:44.584905,shadow,analysis_full,silero,webrtc,True,0.9304553866386414,True,True,True,1,False,True,False,0,0.0,,,,,,,,,,,,,0.4102411411384401,0.617989552491121,0.22193208365162945,0.16007836385481208,,,,,,,,,,,,,,False,True,temporal_v1,False,0.001940541694881128,0.17745302713987474,3.0552404824686366,0.8264075139094225,91.7470453878382,1755.708719931605,0.25352473922559143,0.09104567125247622,0.06567073065937254,0.0,0.0,0.12954108395911945,0.08257758563278499,0.10323919059848749,0.02443926618231632,0.41451243097698715,246.11398979128154,0.015643066898133013,1.2134006189403752,-0.0007193859792678363,2600.0,0.008554948423187684,True,0.9067135155200958,0.12954108395911945,True,False,True,0.85,True,False,False,0,True,True,True,True,True,True,True,False,True,0,0,False,0,15,24,15,,,,False,False,False,
292,2026-08-18T21:58:44.599070,shadow,analysis_full,silero,webrtc,True,0.9517531991004944,True,True,True,1,False,True,False,0,0.0,,,,,,,,,,,,,0.544120655798592,0.6252376772038715,0.2775003184627424,0.0972620043315482,,,,,,,,,,,,,,False,True,temporal_v1,False,0.0022061993123874174,0.14613778705636743,3.009060534299536,0.8763472611974923,93.11616302341005,1672.070264432695,0.34020473495015896,0.15099365526626554,0.052922265581167506,0.0,0.0,0.11700928411725116,0.08618318353451902,0.09664490340855249,0.02115163596947975,0.41453218619098403,200.51910841126644,0.009270019938841913,1.033022407274381,-0.0006130031499752164,1966.6666666666667,0.013810864434728579,True,0.9067135155200958,0.11700928411725116,True,False,True,0.85,True,False,False,0,True,True,True,True,True,True,True,False,True,0,0,False,0,15,24,15,,,,False,False,False,
293,2026-08-18T21:58:44.608197,shadow,analysis_full,silero,webrtc,True,0.9262210130691528,True,True,True,1,False,True,False,0,0.0,,,,,,,,,,,,,1.1010219507256376,0.8859231471731573,0.08949020630350976,0.024586646522424514,,,,,,,,,,,,,,False,False,temporal_v1,False,0.0031219925712003644,0.10438413361169102,1.641552181855566,0.9342471294624587,96.41007137110527,1468.9352436817503,0.9754208316935858,0.09853068151513006,0.02707043751592155,0.0,0.0,0.13154394508332157,0.08941057079570766,0.09622641164356692,0.024568220102258745,0.5817425650246512,186.45534051297193,0.02221469633133904,1.1172659682831603,-0.0006527462146039231,766.6666666666667,0.004893444902368156,True,0.9067135155200958,0.13154394508332157,True,False,True,0.85,False,False,False,0,True,True,True,True,True,True,True,False,True,0,0,False,0,15,24,15,,,,False,False,False,
294,2026-08-18T21:58:44.621022,shadow,analysis_full,silero,webrtc,True,0.9724445343017578,True,True,True,1,False,True,False,0,0.0,,,,,,,,,,,,,0.9629816302728809,0.8615131132434877,0.13059608731479164,0.00789079944068213,,,,,,,,,,,,,,False,False,temporal_v1,False,0.0029491042939177063,0.09812108559498957,2.1861729394080225,0.9496363620808439,95.98605787107408,1247.7065352823956,0.8296213022926788,0.12576163306965754,0.007598694909544413,0.0,0.0,0.1337513256643685,0.07177835948097556,0.10389363179917653,0.026780989913694486,0.5553570317182066,229.76386481883242,0.013222867384683843,1.0501605104474585,-0.0006186902356104809,833.3333333333334,0.0038192812607383583,True,0.9178030490875244,0.1337513256643685,True,False,True,0.85,False,False,False,0,True,True,True,True,True,True,True,False,True,0,0,False,0,15,24,15,,,,False,False,False,
295,2026-08-18T21:58:44.635605,shadow,analysis_full,silero,webrtc,True,0.9758333563804626,True,True,True,1,False,True,False,0,0.0,,,,,,,,,,,,,0.6940171347848061,0.860952803124424,0.13556397354875163,0.003483223325383519,,,,,,,,,,,,,,False,False,temporal_v1,False,0.002542858257360096,0.09394572025052192,1.8667438778274512,0.960423826140706,94.74750197012222,1234.9087051746317,0.59751599760936,0.09408372050234784,0.002417416672098274,0.0,0.0,0.13972480917427266,0.06854798262678885,0.11059052766081186,0.028398623921723508,0.5993754785167418,246.04111966881072,0.01627854015476953,0.86294830079731,-0.0005167744124296524,800.0,0.0052435744606614525,True,0.9283381998538971,0.13972480917427266,True,False,True,0.85,False,False,False,0,True,True,True,True,True,True,True,False,True,0,0,False,0,15,24,15,,,,False,False,False,
296,2026-08-18T21:58:44.655673,shadow,analysis_full,silero,webrtc,True,0.9771478176116943,True,True,True,1,False,True,False,0,0.0,,,,,,,,,,,,,0.36664111562553686,0.8483948802123605,0.14532742944972968,0.006277690335182416,,,,,,,,,,,,,,False,False,temporal_v1,False,0.0019429765050829537,0.09394572025052192,2.423458502743298,0.9610185864035317,92.41239080446512,1071.3620153396587,0.31105644537205357,0.05328301086444039,0.0023016593880429317,0.0,0.0,0.13917345291425656,0.06789845910139955,0.11280948535444296,0.03045155519284313,0.5954892475387871,288.7486252111121,0.00897043286542332,1.4857006281001899,-0.0009006573691288855,800.0,0.001813297960713263,True,0.9315652549266815,0.13917345291425656,True,False,True,0.85,True,False,False,0,True,True,True,True,True,True,True,False,True,0,0,False,0,15,24,15,,,,False,False,False,
297,2026-08-18T21:58:44.670331,shadow,analysis_full,silero,webrtc,True,0.9805657863616943,True,True,True,1,False,True,False,0,0.0,,,,,,,,,,,,,0.1392255756008513,0.7580003672122205,0.23319792163056638,0.008801711150030523,,,,,,,,,,,,,,False,True,temporal_v1,False,0.0011674005572099874,0.12317327766179541,2.6527866316615776,0.9218143432359772,87.80497159853242,1567.5980340409594,0.10553303743077806,0.03246711486793782,0.0012254233011354304,0.0,0.0,0.13875458694488751,0.0691546277541414,0.11719783967138102,0.03004305207986168,0.5437798648778227,288.7448797465563,0.008993885753353215,1.0166714075608305,-0.000605226302093112,1100.0,0.010791899189343021,True,0.942214161157608,0.13875458694488751,True,False,True,0.85,True,False,False,0,True,True,True,True,True,True,True,False,True,0,0,False,0,15,24,15,,,,False,False,False,
298,2026-08-18T21:58:44.694699,shadow,analysis_full,silero,webrtc,True,0.982860803604126,True,True,True,1,False,True,False,0,0.0,,,,,,,,,,,,,0.04485435542752274,0.6456107465907152,0.3148136307046922,0.03957562268229828,,,,,,,,,,,,,,False,True,temporal_v1,False,0.0006679179790816909,0.21920668058455114,3.247025934126097,0.7770410012578605,82.20724004103522,2013.2346660970402,0.02895845389540825,0.01412076248505715,0.0017751390460573379,0.0,0.0,0.13867719557766753,0.06732775984002425,0.11679838692516967,0.03982169191671437,0.5547128317522315,320.1500957395718,0.008881281748380319,1.2723656032867356,-0.0007950025538279259,2100.0,0.014350788952169251,True,0.9620988667011261,0.13867719557766753,True,False,True,0.85,True,False,False,0,True,True,True,True,True,True,True,False,True,0,0,False,0,15,24,15,,,,False,False,False,
299,2026-08-18T21:58:44.706959,shadow,analysis_full,silero,webrtc,True,0.9739429950714111,True,True,True,1,False,True,False,0,0.0,,,,,,,,,,,,,0.02774258771965877,0.6737872888966406,0.28137074542734164,0.04484196563997207,,,,,,,,,,,,,,False,True,temporal_v1,False,0.0005310117333395845,0.1837160751565762,3.4734194987343368,0.82651851529385,80.476532932129,2056.5434377338884,0.018692602966606117,0.007805952586763802,0.0012440321652888496,0.0,0.0,0.10957376485513927,0.07214875068749921,0.06841799599469295,0.041505000735012613,0.5708873076548336,332.4818427267667,0.005328947082616774,0.7423315237736615,-0.00045353783927694764,1766.6666666666667,0.057671803610332084,True,0.9731937646865845,0.10957376485513927,True,False,True,0.85,True,False,False,0,True,True,True,True,True,True,True,False,True,0,0,False,0,15,24,15,,,,False,False,False,
300,2026-08-18T21:58:44.719921,shadow,analysis_full,silero,webrtc,True,0.9693286418914795,True,True,True,1,False,True,False,0,0.0,,,,,,,,,,,,,0.03675182448219534,0.8307839429227101,0.16041999194131368,0.008796065108766831,,,,,,,,,,,,,,False,False,temporal_v1,False,0.0005732313631704564,0.11064718162839249,2.3372581178140828,0.9401679079318165,81.702494724902,1528.2195917230556,0.030532825652921633,0.0058957273872623514,0.00032327144101136103,0.0,0.0,0.10393253094710733,0.07288360037819254,0.04838117544469698,0.04217997386764351,0.5731887902223766,308.8933991603135,0.011189413608466542,0.9239356677056437,-0.0005597897942563955,1066.6666666666667,0.0143338659046618,True,0.9731937646865845,0.10393253094710733,True,False,True,0.85,True,False,False,0,True,True,True,True,True,True,True,False,True,0,0,False,0,15,24,15,,,,False,False,False,
301,2026-08-18T21:58:44.732677,shadow,analysis_full,silero,webrtc,True,0.9117293953895569,True,True,True,1,False,True,False,0,0.0,,,,,,,,,,,,,0.022335709713013036,0.840285849665197,0.14761141597997104,0.012102734310060629,,,,,,,,,,,,,,False,False,temporal_v1,False,0.00044809526092458145,0.08559498956158663,2.333480654931544,0.9403929857295604,79.55588574268697,1582.1033754913117,0.018768380814074354,0.0032970057376554467,0.0002703231602832373,0.0,0.0,0.09433595188565466,0.07394991477588247,0.02761217849453479,0.04195203394520139,0.5551272435700682,302.30607081183655,0.007329664349248304,0.8691676004139087,-0.0005240617916798591,1033.3333333333335,0.01980074796244067,True,0.9731937646865845,0.09433595188565466,True,False,True,0.85,True,False,False,0,True,True,True,True,True,True,True,False,True,0,0,False,0,15,24,15,,,,False,False,False,
302,2026-08-18T21:58:44.754247,shadow,analysis_full,silero,webrtc,True,0.7442387938499451,True,True,True,1,False,True,False,0,0.0,,,,,,,,,,,,,0.010593814399724816,0.8779819548900542,0.11571172887977525,0.00630631613577586,,,,,,,,,,,,,,False,False,temporal_v1,False,0.00030930237080538766,0.10438413361169102,2.6382067315357753,0.9457911000651401,76.3369312522123,1390.093454966724,0.009301177876412799,0.0012258285796236169,6.680794268839926e-05,0.0,0.0,0.08167778939315358,0.07102464747839345,0.014108546320251445,0.04180633419839012,0.5329679102871474,302.22094390265664,0.007209571852026219,0.9846953531202183,-0.0006007760753419127,800.0,0.012378494487592174,True,0.9731937646865845,0.08167778939315358,True,False,True,0.85,False,False,False,0,True,True,True,True,True,False,True,False,True,0,0,False,0,15,24,15,,,,False,False,False,
303,2026-08-18T21:58:44.772813,shadow,analysis_full,silero,webrtc,False,0.44134876132011414,True,True,True,1,False,True,False,0,0.0,,,,,,,,,,,,,0.00800968574337422,0.829455325092911,0.16241045027856854,0.00813422450367152,,,,,,,,,,,,,,False,False,temporal_v1,False,0.0002671978149362957,0.11377870563674322,2.2114656227628755,0.9438848571313819,75.04165472274846,1502.9171145215068,0.0066436764921625185,0.0013008566681712381,6.515258204046302e-05,0.0,0.0,0.07798627434753168,0.06534523775684542,0.014001229652407295,0.0415109070985463,0.4666017351788392,301.86268257873667,0.005710413404399779,0.8097163304018278,-0.0004925474924452909,1066.6666666666667,0.013309929116191756,True,0.9731937646865845,0.07798627434753168,True,False,True,0.85,True,False,False,0,True,True,True,True,True,False,True,False,True,0,0,False,0,15,24,15,,,,False,False,False,
304,2026-08-18T21:58:44.789732,shadow,analysis_full,silero,webrtc,False,0.44134876132011414,True,True,False,1,False,True,False,0,0.0,,,,,,,,,,,,,0.003675343977405056,0.8285732765829431,0.16254363776696523,0.008883085378008276,,,,,,,,,,,,,,False,False,temporal_v1,False,0.00018384131886854687,0.11691022964509394,2.2249690831083204,0.9382509115890937,71.69885349008352,1504.7180103888302,0.0030452918019278938,0.0005974037801323247,3.264839434483763e-05,0.0,0.0,0.07610452742149876,0.06347381211378965,0.0139566251268516,0.0407768037202096,0.4638216038154947,288.2651927919431,0.006482767070741637,1.1304128869185133,-0.0006750289728668813,1066.6666666666667,0.007961647945412953,True,0.9716358184814453,0.07610452742149876,True,False,True,0.85,True,False,False,0,True,False,True,False,True,False,True,False,True,0,1,False,0,15,24,15,,,,False,False,False,
305,2026-08-18T21:58:44.806237,shadow,analysis_full,silero,webrtc,False,0.24409551918506622,True,True,False,1,False,True,False,0,0.0,,,,,,,,,,,,,0.0023909036743326125,0.8084794622259788,0.16670439694135952,0.024816140414409757,,,,,,,,,,,,,,False,False,temporal_v1,False,0.0001498275796482503,0.09603340292275574,3.241433292301687,0.9323578648738817,69.82700668373128,1431.8119282347573,0.0019329965168585473,0.0003985741551744988,5.9333001299566326e-05,0.0,0.0,0.07344080156612141,0.061666208202970516,0.013704087557071502,0.04062474383730997,0.44706141388938775,272.70481660387924,0.009721548238690515,1.3975244832164855,-0.0008424896417267904,1066.6666666666667,0.009343751510154007,True,0.9405290186405182,0.07344080156612141,True,False,True,0.85,True,False,False,0,True,False,True,False,True,False,True,False,True,0,2,False,0,15,24,15,,,,False,False,False,
306,2026-08-18T21:58:44.819042,shadow,analysis_full,silero,webrtc,False,0.11814026534557343,True,True,False,1,False,True,False,0,0.0,,,,,,,,,,,,,0.001944464747226999,0.7026724651891211,0.2695262787940623,0.027801255502536232,,,,,,,,,,,,,,False,True,temporal_v1,False,0.00013770530942232168,0.1127348643006263,3.3705654948947887,0.9234132029255501,69.01499995336958,1436.7597509013185,0.0013663218374073366,0.0005240843475663301,5.4058561253332326e-05,0.0,0.0,0.07565273423851115,0.0640773744763969,0.013563542975547935,0.03957810838157512,0.4819885639241099,224.32051030093547,0.007578964941627818,1.3649733974828688,-0.0008164320626296534,1300.0,0.010670469991852623,True,0.827984094619751,0.07565273423851115,True,False,True,0.85,True,False,False,0,True,False,True,False,True,False,True,False,True,0,3,False,0,15,24,15,,,,False,False,False,
307,2026-08-18T21:58:44.832271,shadow,analysis_full,silero,webrtc,False,0.0630655363202095,True,True,False,1,False,True,False,0,0.0,,,,,,,,,,,,,0.0010146619144775061,0.8084654056616951,0.15199723286135305,0.03953736049140185,,,,,,,,,,,,,,False,False,temporal_v1,False,0.00011055349004443154,0.10647181628392484,3.034352567375833,0.9322191391663753,67.01245583161533,1456.4337122713341,0.0008203190562975292,0.0001542258032903838,4.0117053889593114e-05,0.0,0.0,0.07572917867736831,0.06467944592913877,0.014361906640643896,0.04003794927514705,0.48604297954751435,228.4368184664007,0.008008250435475489,1.4151040886560955,-0.0008598431840181087,1066.6666666666667,0.008392286553182962,True,0.5927937775850296,0.07572917867736831,True,False,True,0.85,True,False,False,0,True,False,True,False,True,False,True,False,True,0,4,False,0,15,24,15,,,,False,False,False,
308,2026-08-18T21:58:44.846858,shadow,analysis_full,silero,webrtc,False,0.053991712629795074,True,True,False,1,True,True,False,1,0.0,,,,,,,,,,,,,0.0006876179827723603,0.7215664404173773,0.22743844602025343,0.05099511210807341,,,,,,,,,,,,,,False,True,temporal_v1,False,9.686935258585306e-05,0.1127348643006263,3.0730511613479186,0.9315450342684106,65.74301847896776,1469.7986439198685,0.0004961620601960294,0.000156390765457327,3.50651561190038e-05,0.0,0.0,0.06436297172930139,0.05241435843416995,0.016061139403096628,0.024821704159828026,0.4730728275840031,181.08849922980932,0.009411666217488608,1.3833688078606474,-0.0008376794710040256,1100.0,0.009940579428301278,True,0.44134876132011414,0.06436297172930139,True,True,True,0.85,True,True,True,1,True,False,True,False,True,False,True,False,True,0,5,True,1,15,24,15,,,,False,False,False,
309,2026-08-18T21:58:44.866688,shadow,analysis_full,silero,webrtc,False,0.0331510491669178,True,True,False,1,True,True,False,1,0.0,,,,,,,,,,,,,0.0006412961441084632,0.7612020822399391,0.20615208803027196,0.03264582817044695,,,,,,,,,,,,,,False,True,temporal_v1,False,8.276397395804229e-05,0.11899791231732777,3.326144048406905,0.9286837210288724,64.16697935865739,1478.9123614858506,0.0004881559602278062,0.00013220453915372188,2.0935643726935074e-05,0.0,0.0,0.05253588165953377,0.042429687297333187,0.014785462567307938,0.009725666406173096,0.4535772784786044,51.75787716318691,0.009036220025386876,1.0320546460241544,-0.0006225194173534393,1100.0,0.021582293167808235,True,0.3427221402525902,0.05253588165953377,True,True,True,0.85,True,True,True,2,True,False,True,False,True,False,True,False,True,0,6,True,2,15,24,15,,,,False,False,False,
310,2026-08-18T21:58:44.887730,shadow,analysis_full,silero,webrtc,False,0.02838957868516445,True,True,False,1,True,True,False,1,0.0,,,,,,,,,,,,,0.0005778495013043066,0.8141502065134654,0.1374918737258867,0.04835791803009338,,,,,,,,,,,,,,False,True,temporal_v1,False,7.926104197490181e-05,0.13987473903966596,3.396531187218339,0.9101620555025187,63.63639345774671,1625.697216261146,0.0004704562908206042,7.944961066589833e-05,2.7943598817803998e-05,0.0,0.0,0.05182334355542638,0.04386179865500486,0.015968210826360053,0.013709336991182073,0.46164164318491024,67.15398950164563,0.006553660823861867,1.420209918286435,-0.0008714850358164256,1300.0,0.012562353008960817,True,0.18111789226531982,0.05182334355542638,True,True,True,0.85,True,True,True,3,True,False,True,False,True,False,True,False,True,0,7,True,3,15,24,15,,,,False,False,False,
311,2026-08-18T21:58:44.909177,shadow,analysis_full,silero,webrtc,False,0.021429140120744705,True,True,False,1,True,True,False,1,0.0,,,,,,,,,,,,,0.00044874701370633017,0.7407154787600755,0.1808659292053429,0.07841858980615465,,,,,,,,,,,,,,False,True,temporal_v1,False,7.212857535322521e-05,0.1315240083507307,3.588740277400031,0.8959638683514269,62.57514906918359,1700.934425049614,0.0003323938590996385,8.116304561211815e-05,3.5190107994573564e-05,0.0,0.0,0.052549151769946796,0.04292820414743794,0.021610654148806113,0.012112608206571786,0.4652514389126946,89.54778349968548,0.006412385901265538,0.8893325526522169,-0.0005351545180441098,1333.3333333333335,0.04214490997174103,True,0.09060290083289146,0.052549151769946796,True,True,True,0.85,True,True,True,4,True,False,True,False,True,False,True,False,True,0,8,True,4,15,24,15,,,,False,False,False,
312,2026-08-18T21:58:44.922015,shadow,analysis_full,silero,webrtc,False,0.02083567902445793,True,True,False,1,False,True,False,0,0.0,,,,,,,,,,,,,0.0004388577494381809,0.749656407054708,0.19093245947704582,0.05941113118960349,,,,,,,,,,,,,,False,True,temporal_v1,False,8.695665071896116e-05,0.11064718162839249,2.862498927260236,0.9398945280686013,64.71791734534922,1515.1294836265088,0.000328992523651942,8.3792189460793e-05,2.6073035325445903e-05,0.0,0.0,0.044363544714233503,0.0375995252093849,0.021016129314630684,0.01168403086466473,0.4519778472493947,81.74485029270593,0.011400433608361118,1.0391212096453517,-0.0006249889361791768,1000.0000000000001,0.021357666455743593,True,0.05852862447500229,0.044363544714233503,True,True,False,0.85,True,False,False,0,True,False,True,False,True,False,True,False,True,0,9,False,0,15,24,15,,,,False,False,False,
313,2026-08-18T21:58:44.939763,shadow,analysis_full,silero,webrtc,False,0.02045268565416336,True,True,False,1,False,True,False,0,0.0,,,,,,,,,,,,,0.0007945961704239502,0.8768791674465798,0.08558931342480457,0.037531517870114696,,,,,,,,,,,,,,False,True,temporal_v1,False,0.00010522848905342517,0.07933194154488518,2.859970762370154,0.9510334557293924,66.6303443561417,1352.2617636101452,0.0006967648283775941,6.80089406765649e-05,2.9822400369791187e-05,0.0,0.0,0.05169975969612862,0.04797128436200476,0.01855933032305353,0.016075156576200417,0.3682168445642507,94.91053405668912,0.00776732474386565,1.1809374642489372,-0.000714622694759159,833.3333333333334,0.0106418296030056,True,0.04357138089835644,0.05169975969612862,True,True,True,0.85,False,False,False,0,True,False,True,False,True,False,True,False,False,0,0,False,0,15,24,24,,,,False,False,False,
314,2026-08-18T21:58:44.951528,shadow,analysis_full,silero,webrtc,False,0.0181124247610569,True,True,False,1,True,True,False,1,0.0,,,,,,,,,,,,,0.0015874873751817735,0.735913106399556,0.2157373122286394,0.048349580741878416,,,,,,,,,,,,,,False,True,temporal_v1,False,0.0001256693633756329,0.13987473903966596,3.6676513940403423,0.9091792160672403,68.10433028223348,1513.5608373751415,0.0011682527656400963,0.0003424802595186135,7.675434902306379e-05,0.0,0.0,0.050678807216449226,0.04891089648742349,0.015244319184310911,0.018055739716442296,0.2665569219396159,95.01716842356389,0.010077228649824528,1.6662770552930801,-0.0010064177565721473,1400.0,0.008363799907145267,True,0.030770313926041126,0.050678807216449226,True,True,True,0.85,True,True,True,1,True,False,True,False,True,False,True,False,False,0,0,True,1,15,24,24,,,,False,False,False,
315,2026-08-18T21:58:44.965558,shadow,analysis_full,silero,webrtc,False,0.017846858128905296,True,True,False,1,True,True,False,1,0.0,,,,,,,,,,,,,0.0005679412049007081,0.6982682180495212,0.23024783745439317,0.07148394273533983,,,,,,,,,,,,,,False,True,temporal_v1,False,7.966957693361267e-05,0.11482254697286012,3.6604632725326858,0.8964957570598018,63.6227423252176,1754.422874797418,0.0003965752931029155,0.00013076723422963046,4.0598676568162124e-05,0.0,0.0,0.05344883525067316,0.050452792465309156,0.015556502701373546,0.016946274633470294,0.2946183633005472,118.811945434036,0.00502105709956928,0.8050923853269556,-0.00048574076655075426,1700.0000000000002,0.06179113308264016,True,0.02490935940295458,0.05344883525067316,True,True,True,0.85,True,True,True,2,True,False,True,False,True,False,True,False,False,0,0,True,2,15,24,24,,,,False,False,False,
316,2026-08-18T21:58:44.979820,shadow,analysis_full,silero,webrtc,False,0.030364131554961205,True,True,False,1,True,True,False,1,0.0,,,,,,,,,,,,,0.0014918645030786643,0.830464521424199,0.1321177551100067,0.03741772279549207,,,,,,,,,,,,,,False,True,temporal_v1,False,0.00012103027947135183,0.1127348643006263,3.3698185460241534,0.9281782868077784,67.8443376780792,1443.7574660494852,0.0012389405405789735,0.0001971017890750588,5.582217242463199e-05,0.0,0.0,0.053264414264794786,0.04525720657540844,0.014445918712697844,0.016946274633470294,0.2945964998881993,118.27782711773185,0.006328924405863911,1.4526086564397653,-0.0008742393691859101,1100.0,0.008991386220641908,True,0.02490935940295458,0.053264414264794786,True,True,True,0.85,True,True,True,3,True,False,True,False,True,False,True,False,False,0,0,True,3,15,24,24,,,,False,False,False,
317,2026-08-18T21:58:45.000089,shadow,analysis_full,silero,webrtc,False,0.022069105878472328,True,True,False,1,True,True,False,1,0.0,,,,,,,,,,,,,0.000468800522707522,0.7103018891347824,0.197021418617471,0.09267669011464319,,,,,,,,,,,,,,False,True,temporal_v1,False,7.415045058036572e-05,0.1315240083507307,3.6249058305266857,0.8844100751766723,62.81434463164403,1649.9000008601454,0.0003329898969065264,9.236374403244791e-05,4.3446880768547766e-05,0.0,0.0,0.054975972168734885,0.044897741188457935,0.018633861713804538,0.01709989259267242,0.2978221750568271,120.28941703366814,0.007322377784713549,1.4027215433140512,-0.0008465154263582427,1700.0000000000002,0.016058814587500237,True,0.021749122999608517,0.054975972168734885,True,True,True,0.85,True,True,True,4,True,False,True,False,True,False,True,False,False,0,0,True,4,15,24,24,,,,False,False,False,
318,2026-08-18T21:58:45.019541,shadow,analysis_full,silero,webrtc,False,0.014863272197544575,True,True,False,1,True,True,False,1,0.0,,,,,,,,,,,,,0.0011714612283616238,0.7821191257577108,0.16891970801726022,0.04896116537139412,,,,,,,,,,,,,,False,True,temporal_v1,False,0.00010940130805117535,0.11064718162839249,3.453995600292945,0.9270443787762512,66.88880857660786,1401.2644229235705,0.0009162222317852472,0.00019788288864838649,5.735610692798995e-05,0.0,0.0,0.053287236244626786,0.04210708066128429,0.018695420350502614,0.017190136826921838,0.2849444458618957,126.48151144489948,0.004597430868215425,1.5559458921244866,-0.0009437712258475922,1133.3333333333335,0.007868717306748495,True,0.02113240957260132,0.053287236244626786,True,True,True,0.85,True,True,True,5,True,False,True,False,True,False,True,False,False,0,0,True,5,15,24,24,,,,False,False,False,
319,2026-08-18T21:58:45.034700,shadow,analysis_full,silero,webrtc,False,0.01699209399521351,True,True,False,1,True,True,False,1,0.0,,,,,,,,,,,,,0.0003904881601487898,0.8466301316194564,0.10382792395431746,0.04954194186532904,,,,,,,,,,,,,,False,True,temporal_v1,False,6.980095267107278e-05,0.10438413361169102,3.1276165216753116,0.9349991188513818,62.404570116303084,1429.1835615995963,0.0003305990424226093,4.054357499698989e-05,1.934554172919064e-05,0.0,0.0,0.05784972671116093,0.04547227255172442,0.017259681995230848,0.017740389839387784,0.29482446436875365,129.85895424356576,0.005970828793372451,1.5556834838376947,-0.0009534969967885428,933.3333333333334,0.006616178096843231,True,0.020644182339310646,0.05784972671116093,True,True,True,0.85,True,True,True,6,True,False,True,False,True,False,True,False,False,0,0,True,6,15,24,24,,,,False,False,False,
320,2026-08-18T21:58:45.044760,shadow,analysis_full,silero,webrtc,False,0.01699209399521351,True,True,False,1,True,True,False,1,0.0,,,,,,,,,,,,,0.0012539617360843274,0.7271150477556487,0.2150029831903584,0.057881968256520235,,,,,,,,,,,,,,False,True,temporal_v1,False,0.00012170865032172412,0.081419624217119,3.5359683264924753,0.9224705053645862,67.86943705803881,1510.187585213326,0.000911774447616712,0.0002696055140646913,7.258177340292405e-05,0.0,0.0,0.058377721170607105,0.046832090695857954,0.01700556390177749,0.01900250007694966,0.29942623268266066,126.69773531518976,0.009678719123916641,1.1435834028828082,-0.0006857545350531514,1333.3333333333335,0.027809634008472806,True,0.01928255520761013,0.058377721170607105,True,True,True,0.85,True,True,True,7,True,False,True,False,True,False,True,False,False,0,0,True,7,15,24,24,,,,False,False,False,
321,2026-08-18T21:58:45.068994,shadow,analysis_full,silero,webrtc,False,0.014520061202347279,True,True,False,1,True,True,False,1,0.0,,,,,,,,,,,,,0.0014259684634466657,0.8056069456619512,0.15871600126509375,0.03567705237167724,,,,,,,,,,,,,,False,True,temporal_v1,False,0.00012104964820322121,0.08559498956158663,3.472364829002772,0.9340471787106766,67.87323251074758,1505.2993586910031,0.0011487700984475341,0.00022632401244838477,5.0874351550746814e-05,0.0,0.0,0.058389983884448424,0.04688540143244516,0.01674788143403195,0.019203276452438415,0.2930937210561551,112.66639160615536,0.003247695239952074,0.9733011941708031,-0.000575850775440887,1100.0,0.032159251774897424,True,0.017979641444981098,0.058389983884448424,True,True,True,0.85,True,True,True,8,True,False,True,False,True,False,True,False,False,0,0,True,8,15,24,24,,,,False,False,False,
322,2026-08-18T21:58:45.089780,shadow,analysis_full,silero,webrtc,False,0.017829790711402893,True,True,False,1,True,True,False,1,0.0,,,,,,,,,,,,,0.0009113055005677364,0.7213592420953202,0.1480321347435475,0.13060862206380536,,,,,,,,,,,,,,False,True,temporal_v1,False,0.00010556242984931385,0.12526096033402923,3.447922199665345,0.8895176280776622,66.37060429597523,1698.0803947475854,0.0006573786452068387,0.00013490249865257917,0.00011902435570831845,0.0,0.0,0.06026788356743562,0.0467189373653658,0.02855311771981388,0.01995894514023736,0.2410109011330073,126.43335269027348,0.006308302063294474,1.2024339741238537,-0.0007244957325800608,1766.6666666666667,0.02251085110309413,True,0.017838324420154095,0.06026788356743562,True,True,True,0.85,True,True,True,9,True,False,True,False,True,False,True,False,False,0,0,True,9,15,24,24,,,,False,False,False,
323,2026-08-18T21:58:45.102679,shadow,analysis_full,silero,webrtc,False,0.022744014859199524,True,True,False,1,False,True,False,0,0.0,,,,,,,,,,,,,0.0013627932330814788,0.7802485813305873,0.15865844396591097,0.061092973969714685,,,,,,,,,,,,,,False,True,temporal_v1,False,0.00011919459242355567,0.1022964509394572,3.4968425187541152,0.9193813351614866,67.66041011871565,1504.968590811032,0.0010633174867587481,0.00021621865380798045,8.32570915147501e-05,0.0,0.0,0.04973942173966869,0.03866609181227046,0.027469831678583433,0.017651724278854253,0.1516378090943805,113.06764064451151,0.0037949311514895636,1.2496506928245739,-0.0007482807614202937,1333.3333333333335,0.016790707377125406,True,0.017838324420154095,0.04973942173966869,True,True,False,0.85,True,False,False,0,True,False,True,False,True,False,True,False,False,0,0,False,0,15,24,24,,,,False,False,False,
324,2026-08-18T21:58:45.116824,shadow,analysis_full,silero,webrtc,False,0.016167959198355675,True,True,False,1,False,True,False,0,0.0,,,,,,,,,,,,,0.0008717184100099742,0.8607266636727264,0.09920066384383065,0.04007267133628358,,,,,,,,,,,,,,False,True,temporal_v1,False,9.440173901799816e-05,0.11691022964509394,3.3081137713384967,0.9290800284888553,65.4803742271657,1431.9971605540052,0.0007503112787099788,8.647504495787798e-05,3.493208534211739e-05,0.0,0.0,0.05639032577229017,0.04143959274108163,0.028028921713704753,0.015025515002460613,0.14679358300296289,117.60806035771647,0.004900910823599556,1.8798614822667394,-0.0011543189229545386,933.3333333333334,0.0036160420937531444,True,0.0174109423533082,0.05639032577229017,True,True,True,0.85,False,False,False,0,True,False,True,False,True,False,True,False,False,0,0,False,0,15,24,24,,,,False,False,False,
325,2026-08-18T21:58:45.128323,shadow,analysis_full,silero,webrtc,False,0.010671759955585003,True,True,False,1,True,True,False,1,0.0,,,,,,,,,,,,,0.0010621635017275942,0.8306231640101596,0.11870463306962407,0.05067220197874182,,,,,,,,,,,,,,False,True,temporal_v1,False,0.00011310125103631198,0.08768267223382047,3.1150419912420677,0.9364628835787366,67.2478132935607,1432.288370124889,0.0008822576085010849,0.00012608372873252108,5.3822163493988334e-05,0.0,0.0,0.05187791249205793,0.03600107022647396,0.028060298618363243,0.016064307810614308,0.15919179566565023,94.33650807988762,0.0077465509060268235,1.7160167849574086,-0.001043161044047884,900.0000000000001,0.004957223483942154,True,0.01699209399521351,0.05187791249205793,True,True,True,0.85,True,True,True,1,True,False,True,False,True,False,True,False,False,0,0,True,1,15,24,24,,,,False,False,False,
326,2026-08-18T21:58:45.139838,shadow,analysis_full,silero,webrtc,False,0.011885243467986584,True,True,False,1,True,True,False,1,0.0,,,,,,,,,,,,,0.002499866712434271,0.8147255529486258,0.14358576569023576,0.04168868096111692,,,,,,,,,,,,,,False,True,temporal_v1,False,0.0001568764088033719,0.07515657620041753,3.3298869723420497,0.9322037850120719,70.24327289132759,1432.792193253989,0.002036705289585875,0.00035894527602840727,0.00010421614581998855,0.0,0.0,0.050840198506553,0.03559287039038762,0.027736965922068122,0.01825857236249372,0.16027698256292144,95.05293346539214,0.0062812853718230525,1.56029674146666,-0.0009373743766771005,1133.3333333333335,0.008730313283282252,True,0.01658002659678459,0.050840198506553,True,True,True,0.85,True,True,True,2,True,False,True,False,True,False,True,False,False,0,0,True,2,15,24,24,,,,False,False,False,
327,2026-08-18T21:58:45.161546,shadow,analysis_full,silero,webrtc,False,0.01336810365319252,True,True,False,1,False,True,False,0,0.0,,,,,,,,,,,,,0.0014620390674145267,0.8650210755617509,0.10240239234324566,0.03257653141102719,,,,,,,,,,,,,,False,False,temporal_v1,False,0.0001303213695063874,0.0709812108559499,3.2938863588954708,0.9488294646696156,68.62284679250381,1247.9054023966692,0.0012646946066082131,0.00014971629820253535,4.762816160377823e-05,0.0,0.0,0.048337901928886595,0.034711095260142925,0.026689203455900163,0.017516640470482698,0.14171268510001184,107.21363340910025,0.004665098311109298,1.843950297422248,-0.0011329860297494678,900.0000000000001,0.003401292220947629,True,0.015515615697950125,0.048337901928886595,True,True,False,0.85,False,False,False,0,True,False,True,False,True,False,True,False,False,0,0,False,0,15,24,24,,,,False,False,False,
328,2026-08-18T21:58:45.182098,shadow,analysis_full,silero,webrtc,False,0.02097489684820175,True,True,False,1,False,True,False,0,0.0,,,,,,,,,,,,,0.0007530277739997044,0.8801012505340696,0.09683224513573467,0.023066503002223286,,,,,,,,,,,,,,False,True,temporal_v1,False,9.902246975248118e-05,0.09394572025052192,2.9424932613699104,0.9561455702501385,66.06972594172336,1488.986518600265,0.0006627406855840266,7.291737000595598e-05,1.73697174097217e-05,0.0,0.0,0.0527562739469795,0.03577970693051342,0.02834257011398609,0.016826256099882992,0.18391839525309767,105.67606649578188,0.007699555980154299,0.7268825950180648,-0.0004422008688341393,766.6666666666667,0.031730393380632396,True,0.01658002659678459,0.0527562739469795,True,True,True,0.85,False,False,False,0,True,False,True,False,True,False,True,False,False,0,0,False,0,15,24,24,,,,False,False,False,
329,2026-08-18T21:58:45.197923,shadow,analysis_full,silero,webrtc,False,0.01280796155333519,True,True,False,1,False,True,False,0,0.0,,,,,,,,,,,,,0.001366235736714199,0.8921663439052052,0.08397419888733702,0.02385945647551954,,,,,,,,,,,,,,False,True,temporal_v1,False,0.00012022193844194747,0.07933194154488518,2.8746963697999086,0.9568904111286498,67.91397324538318,1310.7893500107214,0.0012189095421369415,0.00011472855148182555,3.25976420954318e-05,0.0,0.0,0.057220244416091505,0.03791357460767915,0.029610286510613863,0.01701173176406126,0.22058508893306936,115.55131359322986,0.007605301644790118,1.1339941858848652,-0.0006818479392328051,666.6666666666667,0.012978380665230719,True,0.015344010200351477,0.057220244416091505,True,True,True,0.85,False,False,False,0,True,False,True,False,True,False,True,False,False,0,0,False,0,15,24,24,,,,False,False,False,
330,2026-08-18T21:58:45.213263,shadow,analysis_full,silero,webrtc,False,0.02954573556780815,True,True,False,1,False,True,False,0,0.0,,,,,,,,,,,,,0.0016420314692131295,0.8180172589286596,0.13774770058835362,0.044235039873985055,,,,,,,,,,,,,,False,True,temporal_v1,False,0.00014280883514135277,0.07933194154488518,2.9962888403679258,0.9386988167324422,69.41885944424324,1456.4512881027167,0.001343210081520324,0.00022618605917782455,7.263532751498105e-05,0.0,0.0,0.04867966184486901,0.02645759051410177,0.029516986224171933,0.017150792817153128,0.21778038176196404,114.1628759472773,0.012310645374999625,1.1528033879475998,-0.0006921534891713932,866.6666666666667,0.01739772977991524,True,0.015344010200351477,0.04867966184486901,True,True,False,0.85,True,False,False,0,True,False,True,False,True,False,True,False,False,0,0,False,0,15,24,24,,,,False,False,False,
331,2026-08-18T21:58:45.232897,shadow,analysis_full,silero,webrtc,False,0.024896781891584396,True,True,False,1,True,True,False,1,0.0,,,,,,,,,,,,,0.0014741923007223674,0.7616329114952463,0.19281910683117767,0.045547980995238435,,,,,,,,,,,,,,False,True,temporal_v1,False,0.00014854056404889357,0.07724425887265135,3.064911551768396,0.9421233119229762,69.79211574966175,1377.190275477831,0.0011227933741030523,0.00028425244272268574,6.714648289662922e-05,0.0,0.0,0.05225568818205856,0.032188564919311956,0.029240264636709215,0.017622069954210996,0.2060009950194406,114.53321572128043,0.006527657312990251,1.3076035417493386,-0.0007897551484346062,966.6666666666667,0.012460253019927318,True,0.016998874954879284,0.05225568818205856,True,True,True,0.85,True,True,True,1,True,False,True,False,True,False,True,False,False,0,0,True,1,15,24,24,,,,False,False,False,
332,2026-08-18T21:58:45.254655,shadow,analysis_full,silero,webrtc,False,0.015289776027202606,True,True,False,1,False,True,False,0,0.0,,,,,,,,,,,,,0.0012259911263047326,0.8810392620658932,0.09760778550339169,0.02135295161504854,,,,,,,,,,,,,,False,False,temporal_v1,False,0.0001245499295734481,0.07724425887265135,2.925763645858772,0.9595322220057022,68.25408631425488,1238.4613647954907,0.0010801463172188548,0.00011966627888541392,2.6178529200463818e-05,0.0,0.0,0.042386626757307075,0.032632675129571236,0.012391077606447481,0.013683481927493895,0.19931681752795155,90.75280303171841,0.00895263169756428,1.307023267755779,-0.0007961080631006896,700.0,0.00786623588684469,True,0.01572886761277914,0.042386626757307075,True,True,False,0.85,False,False,False,0,True,False,True,False,True,False,True,False,False,0,0,False,0,15,24,24,,,,False,False,False,
333,2026-08-18T21:58:45.274841,shadow,analysis_full,silero,webrtc,False,0.007937243208289146,True,True,False,1,False,True,False,0,0.0,,,,,,,,,,,,,0.0008242482967266593,0.795251963344221,0.16482975219502188,0.03991828324753049,,,,,,,,,,,,,,False,True,temporal_v1,False,9.973312306178083e-05,0.06263048016701461,3.271358248160127,0.937468569661325,66.0534403126299,1374.84337717424,0.0006554850762550058,0.00013586064249662412,3.290257697502934e-05,0.0,0.0,0.04052531345684452,0.033348789866030154,0.00989234115617733,0.01413008038331333,0.1672595653654267,82.61207046435514,0.006278848751821167,2.2992081574346073,-0.0014123120027227922,1100.0,0.0011496381542013567,True,0.014328939840197563,0.04052531345684452,True,True,False,0.85,True,False,False,0,True,False,True,False,True,False,True,False,False,0,0,False,0,15,24,24,,,,False,False,False,
