frame,timestamp,processing_mode,detector_profile,speech_detector_implementation,comparison_speech_detector_implementation,is_speech,speech_probability,speech_gate_open,comparison_speech_evaluated,comparison_speech_is_speech,comparison_speech_aggressiveness,is_whisper,whisper_processed,trigger,raw_score,whisper_probability,stage1_silero_threshold,stage1_silero_low_pass,stage1_enter_count,stage1_exit_count,stage1_candidate,zcr_threshold,zcr_pass,centroid_threshold,centroid_pass,group_a_pass,entropy_threshold,group_b_pass,total_band_energy,low_proportion,mid_proportion,high_proportion,low_proportion_threshold,group_c_pass,silero_rolling_median,high_silero_threshold,high_silero_raw,high_silero_count,high_silero_normal_evidence,silero_penalty,group_count,effective_group_score,grouped_v1_raw_is_whisper,stage2_is_whisper,stage2_consecutive_count,legacy_is_whisper,grouped_v1_is_whisper,whisper_classifier_implementation,final_trigger,rms,zcr,entropy,voicing,hnr,spectral_centroid,band_energy_low,band_energy_mid,band_energy_high,temporal_score,formant_score,low_proportion_std,mid_proportion_std,high_proportion_std,zcr_std,entropy_std,spectral_centroid_std,spectral_flux,cepstral_peak_prominence,spectral_slope,spectral_rolloff,spectral_flatness,temporal_v1_window_full,temporal_v1_silero_median,temporal_v1_low_proportion_std,temporal_v1_silero_min_pass,temporal_v1_silero_max_pass,temporal_v1_low_proportion_std_pass,temporal_v1_low_proportion_max,temporal_v1_low_proportion_max_pass,temporal_v1_raw_is_whisper,temporal_v1_is_whisper,temporal_v1_qualifying_run,webrtc_mode_0_evaluated,webrtc_mode_0_is_speech,webrtc_mode_1_evaluated,webrtc_mode_1_is_speech,webrtc_mode_2_evaluated,webrtc_mode_2_is_speech,webrtc_mode_3_evaluated,webrtc_mode_3_is_speech,webrtc_assist_open,webrtc_assist_enter_count,webrtc_assist_exit_count,temporal_candidate,temporal_qualifying_run,assisted_confirmation_requirement,fallback_confirmation_requirement,confirmation_requirement,threshold_crossing_route,trigger_route,trigger_suppression_reason,actuation_enabled,actuation_requested,actuation_started,actuation_suppression_reason
0,2026-08-18T22:01:54.141418,shadow,analysis_full,silero,webrtc,False,0.0,True,True,True,1,False,True,False,0,0.0,,,,,,,,,,,,,46.86196265606438,0.16618598158887368,0.3688851417285544,0.4649288766825505,,,,,,,,,,,,,,True,False,temporal_v1,False,0.020825272895542847,0.17118997912317327,4.5756373338197065,0.5575848373486186,110.65544863986943,2442.244805048691,7.7878012631792,17.286681736060533,21.787479656823642,0.0,0.0,,,,,,,,1.597459651824477,-0.0009594351997948143,3566.666666666667,0.01508525879342131,False,,,,,,0.85,True,False,False,0,True,True,True,True,True,True,True,True,False,1,0,False,0,15,24,24,,,,False,False,False,
1,2026-08-18T22:01:54.404990,shadow,analysis_full,silero,webrtc,False,0.008427266031503677,True,True,True,1,False,True,False,0,0.0,,,,,,,,,,,,,0.5173387282750967,0.11586519689358284,0.870429437542365,0.013705365562119303,,,,,,,,,,,,,,False,False,temporal_v1,False,0.002123396915591093,0.16910229645093947,1.9224321552296606,0.8651925290664669,92.72843652191816,1505.4287501935485,0.059941553612269834,0.45030685827137484,0.0070903163904521066,0.0,0.0,,,,,,,0.03598715420861297,1.187971960491898,-0.0006869304704153645,1366.6666666666667,0.0021571836798794757,False,,,,,,0.85,True,False,False,0,True,True,True,True,True,True,True,True,False,2,0,False,0,15,24,24,,,,False,False,False,
2,2026-08-18T22:01:54.501603,shadow,analysis_full,silero,webrtc,False,0.011911530047655106,True,True,True,1,False,True,False,0,0.0,,,,,,,,,,,,,0.3955212342375467,0.11306658884911694,0.866884339143394,0.020049072004960658,,,,,,,,,,,,,,False,False,temporal_v1,False,0.0018587469521246177,0.1649269311064718,2.1066755337994034,0.8630894468097411,91.56134405167136,1501.798702251713,0.04472023677263197,0.34287116375919524,0.007929833704719485,0.0,0.0,,,,,,,0.00553820128977227,1.2770521760058153,-0.0007517213241424463,1466.6666666666667,0.002651509274457535,False,,,,,,0.85,True,False,False,0,True,True,True,True,True,True,True,True,False,3,0,False,0,15,24,24,,,,False,False,False,
3,2026-08-18T22:01:54.512275,shadow,analysis_full,silero,webrtc,False,0.008273346349596977,True,True,True,1,False,True,False,0,0.0,,,,,,,,,,,,,0.4816390749177146,0.0557814233034059,0.9289784989663303,0.01524007772818758,,,,,,,,,,,,,,False,True,temporal_v1,False,0.0020509060900851706,0.16910229645093947,2.1949941526475025,0.8600161062036227,92.40053938649886,1531.6818146830237,0.026866513117445867,0.44743234486059047,0.007340216938678332,0.0,0.0,,,,,,,0.005241917461424403,1.0143038443331576,-0.0006023650608712279,1433.3333333333335,0.0032409368775224716,False,,,,,,0.85,True,False,False,0,True,True,True,True,True,False,True,False,False,4,0,False,0,15,24,24,,,,False,False,False,
4,2026-08-18T22:01:54.521670,shadow,analysis_full,silero,webrtc,False,0.009309476241469383,True,True,False,1,False,True,False,0,0.0,,,,,,,,,,,,,0.2441984033299737,0.1045898455031569,0.8772999621763736,0.0181101923163744,,,,,,,,,,,,,,False,True,temporal_v1,False,0.0014612217642033436,0.18162839248434237,2.3334309366531443,0.8607050280094827,89.45850593084577,1494.041152230694,0.025540673276399545,0.21423525000491675,0.004422480047657386,0.0,0.0,,,,,,,0.013320955975734319,1.275075817473997,-0.0007456924528797962,1466.6666666666667,0.002995974592488068,False,,,,,,0.85,True,False,False,0,True,False,True,False,True,False,True,False,False,0,0,False,0,15,24,24,,,,False,False,False,
5,2026-08-18T22:01:54.537388,shadow,analysis_full,silero,webrtc,False,0.011338411830365658,True,True,False,1,False,True,False,0,0.0,,,,,,,,,,,,,0.17897266989843189,0.13098533224967246,0.8330677248357768,0.03594694290896325,,,,,,,,,,,,,,False,True,temporal_v1,False,0.0012544563056091466,0.16910229645093947,2.820667931923473,0.8550224670640422,88.10382322180209,1537.6622132680932,0.023442794630257054,0.14909635492007117,0.006433520347103656,0.0,0.0,,,,,,,0.013292901502816569,1.5531435833465,-0.0009168832503775432,1500.0,0.0019766000070576394,False,,,,,,0.85,True,False,False,0,True,False,True,False,True,False,True,False,False,0,0,False,0,15,24,24,,,,False,False,False,
6,2026-08-18T22:01:54.550493,shadow,analysis_full,silero,webrtc,False,0.01150941289961338,True,True,False,1,False,True,False,0,0.0,,,,,,,,,,,,,0.24604195027907358,0.20385727442594667,0.7586891700130007,0.03745355555698831,,,,,,,,,,,,,,False,True,temporal_v1,False,0.0014725862966896788,0.18162839248434237,2.738095071944762,0.8579311539587626,89.5113344768535,1640.4117098888735,0.05015744137833623,0.18666936304561033,0.009215145854127037,0.0,0.0,,,,,,,0.006230326835539282,0.8860703729083093,-0.0005257900620853006,1500.0,0.0145968207323945,False,,,,,,0.85,True,False,False,0,True,False,True,False,True,False,True,False,False,0,0,False,0,15,24,24,,,,False,False,False,
7,2026-08-18T22:01:54.566167,shadow,analysis_full,silero,webrtc,False,0.011123670265078545,True,True,False,1,False,True,False,0,0.0,,,,,,,,,,,,,0.4079482918328186,0.1626760546571983,0.8176643900175533,0.019659555322797145,,,,,,,,,,,,,,False,True,temporal_v1,False,0.0018887469898761127,0.162839248434238,2.511287947361616,0.865124760598707,91.71045432848986,1475.2872998592538,0.06636341861950629,0.33356479120018445,0.008020082012127892,0.0,0.0,,,,,,,0.00907883881488592,1.5276134725268213,-0.0009158420640624195,1500.0,0.0020931813776472363,False,,,,,,0.85,True,False,False,0,True,False,True,False,True,False,True,False,False,0,0,False,0,15,24,24,,,,False,False,False,
8,2026-08-18T22:01:54.578906,shadow,analysis_full,silero,webrtc,False,0.009821189567446709,True,True,False,1,False,True,False,0,0.0,,,,,,,,,,,,,0.40975746004407215,0.12995610915595074,0.8464681589014232,0.02357573194018559,,,,,,,,,,,,,,False,True,temporal_v1,False,0.0018945767192573544,0.1732776617954071,1.9857730503365838,0.8633906231792478,91.72875847938468,1651.0935598497613,0.05325048520495257,0.34684664279962923,0.009660332038490354,0.0,0.0,,,,,,,0.0081241971944362,0.799743434281412,-0.00046748837242936307,1466.6666666666667,0.008126491793050297,False,,,,,,0.85,True,False,False,0,True,False,True,False,True,False,True,False,False,0,0,False,0,15,24,24,,,,False,False,False,
9,2026-08-18T22:01:54.588418,shadow,analysis_full,silero,webrtc,False,0.008288752287626266,True,True,False,1,False,True,False,0,0.0,,,,,,,,,,,,,0.24592367830394618,0.15786129290624137,0.8187640620268334,0.023374645062858936,,,,,,,,,,,,,,False,True,temporal_v1,False,0.0014703330834520691,0.15657620041753653,2.1091367760369013,0.8712639441362396,89.56541227742251,1514.0537543766045,0.038821829813319525,0.2013534697967192,0.005748378692907445,0.0,0.0,0.03883710663899988,0.14950300567033445,0.1327886383440009,0.007363336988955488,0.7406276209285522,276.82154219421056,0.005063316068361889,1.2007161072333645,-0.000699442637958737,1466.6666666666667,0.0023014599025666417,True,0.009565332904458046,0.03883710663899988,True,True,False,0.85,True,False,False,0,True,False,True,False,True,False,True,False,False,0,0,False,0,15,24,24,,,,False,False,False,
10,2026-08-18T22:01:54.593418,shadow,analysis_full,silero,webrtc,False,0.00765190739184618,True,True,False,1,False,True,False,0,0.0,,,,,,,,,,,,,0.25171744638626925,0.12823366816554754,0.8475524582209881,0.024213873609491687,,,,,,,,,,,,,,False,True,temporal_v1,False,0.0014892251290149724,0.1524008350730689,2.110033698282407,0.8679996887668364,89.65997791777352,1441.6132102786314,0.032278651491375855,0.21334374046179228,0.006095054432101124,0.0,0.0,0.03733998764150227,0.04269949324308214,0.007541091935644053,0.00901579243494329,0.2946507247780982,63.767718785722344,0.0031794628014066456,1.4969946836713817,-0.0008965435890573755,1466.6666666666667,0.0011253150983470243,True,0.009565332904458046,0.03733998764150227,True,True,False,0.85,True,False,False,0,True,False,True,False,True,False,True,False,False,0,0,False,0,15,24,24,,,,False,False,False,
11,2026-08-18T22:01:54.610966,shadow,analysis_full,silero,webrtc,False,0.005442773923277855,True,True,False,1,False,True,False,0,0.0,,,,,,,,,,,,,0.28178094110224156,0.11795362370340232,0.845607158230095,0.03643921806295398,,,,,,,,,,,,,,False,True,temporal_v1,False,0.0015705071956650313,0.17954070981210857,2.0422728184926573,0.8583198303545901,90.07306035811004,1688.7014559034153,0.03323708309356437,0.23827598084886825,0.010267877158808971,0.0,0.0,0.037264504854267626,0.04195592270501358,0.007779315593678113,0.00965764802189593,0.28189255920213874,78.82935586344423,0.002137586544469501,0.8594706112096615,-0.0005083722914510206,1466.6666666666667,0.007984288745263883,True,0.009565332904458046,0.037264504854267626,True,True,False,0.85,True,False,False,0,True,False,True,False,True,False,True,False,False,0,0,False,0,15,24,24,,,,False,False,False,
12,2026-08-18T22:01:54.628508,shadow,analysis_full,silero,webrtc,False,0.005155865103006363,True,True,False,1,False,True,False,0,0.0,,,,,,,,,,,,,0.27147236144508213,0.12626746780267706,0.8585661448869053,0.015166387306733935,,,,,,,,,,,,,,False,True,temporal_v1,False,0.0015401475767560695,0.162839248434238,2.078418610605182,0.8670488487393819,89.94746604308602,1521.602644868377,0.034278127658083614,0.2330769788092487,0.004117254976749781,0.0,0.0,0.03685525716770798,0.04157665023327158,0.008239837607269734,0.009767588781035142,0.2839029904103489,77.89620752973448,0.010301575506935187,1.4078731152592456,-0.0008296536976456537,1500.0,0.0018328832459705263,True,0.008799114264547825,0.03685525716770798,True,True,False,0.85,True,False,False,0,True,False,True,False,True,False,True,False,False,0,0,False,0,15,24,24,,,,False,False,False,
13,2026-08-18T22:01:54.645061,shadow,analysis_full,silero,webrtc,False,0.004992129746824503,True,True,False,1,False,True,False,0,0.0,,,,,,,,,,,,,0.16972089199637047,0.13151211257053794,0.8579075725082562,0.010580314915313789,,,,,,,,,,,,,,False,True,temporal_v1,False,0.0012200687723161868,0.1732776617954071,2.079325624817903,0.8575350697029278,87.87497222162838,1724.7554487175316,0.022320353053798786,0.14560483845654212,0.0017957004850295592,0.0,0.0,0.026885665120340803,0.031062488089627277,0.008880794450174383,0.009856427251868789,0.28992870102427487,93.43611296017154,0.034778211122366544,0.7442064849504626,-0.0004310554187362947,1466.6666666666667,0.01055674963141722,True,0.008799114264547825,0.026885665120340803,True,True,False,0.85,True,False,False,0,True,False,True,False,True,False,True,False,False,0,0,False,0,15,24,24,,,,False,False,False,
14,2026-08-18T22:01:54.667463,shadow,analysis_full,silero,webrtc,False,0.004143550992012024,True,True,False,1,False,True,False,0,0.0,,,,,,,,,,,,,0.10266315295973308,0.1675179218394644,0.8107649265279114,0.02171715162288349,,,,,,,,,,,,,,False,True,temporal_v1,False,0.0009475718330781537,0.17536534446764093,2.2339997389837594,0.8491588231645777,85.63502610347416,1631.2436301708635,0.017197918033301545,0.08323568366652172,0.002229551258909803,0.0,0.0,0.025323142969002913,0.028562787340830263,0.008687028578553187,0.009233129180582875,0.28965961202786633,91.48628152454208,0.005102059061575424,1.1528816895813376,-0.0006754807037301289,1500.0,0.005106204955582732,True,0.007970329839736223,0.025323142969002913,True,True,False,0.85,True,False,False,0,True,False,True,False,True,False,True,False,False,0,0,False,0,15,24,24,,,,False,False,False,
15,2026-08-18T22:01:54.683410,shadow,analysis_full,silero,webrtc,False,0.003652318147942424,True,True,False,1,False,True,False,0,0.0,,,,,,,,,,,,,0.06264027295965126,0.2194170788943939,0.7506759612291053,0.02990695986053648,,,,,,,,,,,,,,False,True,temporal_v1,False,0.0007416374235600029,0.17118997912317327,2.6006255087406984,0.8611664967286348,83.56444471373456,1500.2974307538152,0.01374434571395417,0.04702254711563974,0.0018733801290573388,0.0,0.0,0.032941543630785726,0.03698762142202774,0.008080699775852004,0.009263761057341875,0.25311255789991693,93.97620340551538,0.014547413746544648,1.8369482597931188,-0.0011041862330751914,1466.6666666666667,0.0010952074628551294,True,0.0065473406575620174,0.032941543630785726,True,True,False,0.85,True,False,False,0,True,False,True,False,True,False,True,False,False,0,0,False,0,15,24,24,,,,False,False,False,
16,2026-08-18T22:01:54.691064,shadow,analysis_full,silero,webrtc,False,0.003652318147942424,True,True,False,1,True,True,False,1,0.0,,,,,,,,,,,,,0.027647605962366723,0.3975353481109529,0.5451006868084491,0.05736396504442843,,,,,,,,,,,,,,False,True,temporal_v1,False,0.000501456608880559,0.162839248434238,2.6491094653580713,0.8738141376581255,80.21875586483611,1734.8377529157547,0.010990900660683913,0.015070728998695474,0.0015859763019873358,0.0,0.0,0.07982517676891421,0.09026087637356604,0.012398300220284708,0.008350730688935283,0.23679591827921945,103.90158650923159,0.008277946134486253,0.7897639831028433,-0.00046981617548710945,1466.6666666666667,0.022033349360562293,True,0.005299319513142109,0.07982517676891421,True,True,True,0.85,True,True,True,1,True,False,True,False,True,False,True,False,False,0,0,True,1,15,24,24,,,,False,False,False,
17,2026-08-18T22:01:54.704874,shadow,analysis_full,silero,webrtc,False,0.004168365616351366,True,True,False,1,True,True,False,1,0.0,,,,,,,,,,,,,0.01766742620541086,0.3318462630041781,0.6345297290153133,0.03362400792390739,,,,,,,,,,,,,,False,True,temporal_v1,False,0.00039799481819975766,0.15866388308977036,2.765909551406366,0.8740495725386964,78.20298475556157,1572.4622740969683,0.00586286936316768,0.011210507162517397,0.0005940496787257838,0.0,0.0,0.09256463850768432,0.10254306419193503,0.012369407842094587,0.008648148299460536,0.27517710886461094,97.2011385442026,0.005826000385184802,1.0655591717755726,-0.000625349885617642,1466.6666666666667,0.010854055274118223,True,0.005073997424915433,0.09256463850768432,True,True,True,0.85,True,True,True,2,True,False,True,False,True,False,True,False,False,0,0,True,2,15,24,24,,,,False,False,False,
18,2026-08-18T22:01:54.713438,shadow,analysis_full,silero,webrtc,False,0.004042613785713911,True,True,False,1,True,True,False,1,0.0,,,,,,,,,,,,,0.005891799830244943,0.34864206652094065,0.6139797357442885,0.037378197565043285,,,,,,,,,,,,,,False,True,temporal_v1,False,0.00024451471778076265,0.21085594989561587,3.4681322884939525,0.7717509883165621,73.38590060038938,2002.7088253585462,0.002054129268344324,0.0036174457028320343,0.00022022485806858394,0.0,0.0,0.10104825315623775,0.11118968138191374,0.012611480111234875,0.01587737231050651,0.43654094071506755,155.8977537198506,0.008092768476661112,1.373644772118058,-0.0008240680827816644,1900.0000000000002,0.011173410982198534,True,0.0045802476815879345,0.10104825315623775,True,True,True,0.85,True,True,True,3,True,False,True,False,True,False,True,False,False,0,0,True,3,15,24,24,,,,False,False,False,
19,2026-08-18T22:01:54.722893,shadow,analysis_full,silero,webrtc,False,0.00928350817412138,True,True,False,1,True,True,False,1,0.0,,,,,,,,,,,,,0.0048598273102385,0.19016490677409756,0.7741326068710594,0.03570248614907422,,,,,,,,,,,,,,False,True,temporal_v1,False,0.00021577454176880547,0.18997912317327767,3.055420323534358,0.8010455921810465,72.44015382017062,1930.8496883270568,0.0009241686073897177,0.0037621507846180994,0.00017350791723068267,0.0,0.0,0.09975222608458381,0.10955867253933793,0.01260617125964129,0.016138745795480327,0.4620809115397734,173.2182661966068,0.004510453123417301,1.2423825433205657,-0.00075101085379111,1466.6666666666667,0.013017320808537328,True,0.0045802476815879345,0.09975222608458381,True,True,True,0.85,True,True,True,4,True,False,True,False,True,False,True,False,False,0,0,True,4,15,24,24,,,,False,False,False,
20,2026-08-18T22:01:54.733121,shadow,analysis_full,silero,webrtc,False,0.006007854361087084,True,True,False,1,True,True,False,1,0.0,,,,,,,,,,,,,0.0012117157417209567,0.2593542748138089,0.6444802659089467,0.0961654584519684,,,,,,,,,,,,,,False,True,temporal_v1,False,0.00011543140008340246,0.20250521920668058,3.696705363930652,0.7995705847718112,66.75427154082898,1959.6676458725642,0.0003142636574745153,0.0007809268834303788,0.00011652519981606274,0.0,0.0,0.09590949944418095,0.10913370596735608,0.023207172349010863,0.016523055480091337,0.5600935342850573,173.16755644956135,0.00846180322974025,1.1059436156030436,-0.0006612545551975014,2233.3333333333335,0.029178805195876678,True,0.0045802476815879345,0.09590949944418095,True,True,True,0.85,True,True,True,5,True,False,True,False,True,False,True,False,False,0,0,True,5,15,24,24,,,,False,False,False,
21,2026-08-18T22:01:54.741174,shadow,analysis_full,silero,webrtc,False,0.0036887761671096087,True,True,False,1,True,True,False,1,0.0,,,,,,,,,,,,,0.0022746115254240265,0.3376800192622019,0.5975965069233955,0.06472347337476715,,,,,,,,,,,,,,False,True,temporal_v1,False,0.00014791021395824572,0.18997912317327767,3.2502194735020224,0.8280388010262423,69.19506783245536,1825.2133764297278,0.0007680908637192117,0.0013592999022010944,0.0001472207585037205,0.0,0.0,0.09307476864120036,0.10903642374342072,0.024599040504437095,0.016868941063061176,0.5423112169154358,175.00400273841802,0.0055667435467620305,1.3735539873489429,-0.0008274262217305046,1500.0,0.012528358378410568,True,0.004155958304181695,0.09307476864120036,True,True,True,0.85,True,True,True,6,True,False,True,False,True,False,True,False,False,0,0,True,6,15,24,24,,,,False,False,False,
22,2026-08-18T22:01:54.751484,shadow,analysis_full,silero,webrtc,False,0.0022867771331220865,True,True,False,1,True,True,False,1,0.0,,,,,,,,,,,,,0.0010784533196183592,0.4331211361461085,0.5134375347443099,0.0534413281823277,,,,,,,,,,,,,,False,True,temporal_v1,False,0.00010556976823790135,0.16075156576200417,3.5376343566433133,0.8578910958044219,66.2144289670247,1698.9784890861965,0.000467100927073646,0.0005537184137616676,5.763397778304548e-05,0.0,0.0,0.09737913020354352,0.11076835492360952,0.02334687970580249,0.017088419147959187,0.5279348661638633,160.30410669866282,0.004821041565932505,1.2275590106443313,-0.0007385633941922156,1500.0,0.01720091267357743,True,0.0040930823888629675,0.09737913020354352,True,True,True,0.85,True,True,True,7,True,False,True,False,True,False,True,False,False,0,0,True,7,15,24,24,,,,False,False,False,
23,2026-08-18T22:01:54.758424,shadow,analysis_full,silero,webrtc,False,0.001981495413929224,True,True,False,1,True,True,False,1,0.0,,,,,,,,,,,,,0.0009661042315971176,0.5185878863459469,0.4302487054682508,0.051163407150717266,,,,,,,,,,,,,,False,True,temporal_v1,False,9.876406135654844e-05,0.1649269311064718,3.654282208429862,0.8719583670352442,65.64479858763976,1704.1875270311396,0.0005010099514538244,0.000415665094992059,4.9429184151234176e-05,0.0,0.0,0.10649874344687581,0.11411512937053322,0.020531953457049574,0.017571294707725105,0.4825309127797974,160.84978018219434,0.0037654155899655567,1.0825553897837543,-0.0006397235666971826,1500.0,0.024344730172670918,True,0.00386569497641176,0.10649874344687581,True,True,True,0.85,True,True,True,8,True,False,True,False,True,False,True,False,False,0,0,True,8,15,24,24,,,,False,False,False,
24,2026-08-18T22:01:54.767661,shadow,analysis_full,silero,webrtc,False,0.0013393627014011145,True,True,False,1,True,True,False,1,0.0,,,,,,,,,,,,,0.0008058216936609556,0.3539971995348027,0.5803500810279997,0.06565271819622827,,,,,,,,,,,,,,False,True,temporal_v1,False,9.172502547231697e-05,0.1649269311064718,3.538947056659515,0.853315005393216,64.82896525377204,1715.3911087807348,0.00028525862288036993,0.00046765868521025553,5.29043845703301e-05,0.0,0.0,0.09364997462096436,0.09766855667874787,0.01906038490132433,0.018042458552661775,0.4029574687891249,156.23567183501646,0.005006990835759345,1.0995360352129397,-0.0006542665642294988,1533.3333333333335,0.025228714740445267,True,0.0036705471575260162,0.09364997462096436,True,True,True,0.85,True,True,True,9,True,False,True,False,True,False,True,False,False,0,0,True,9,15,24,24,,,,False,False,False,
25,2026-08-18T22:01:54.776455,shadow,analysis_full,silero,webrtc,False,0.022113706916570663,True,True,True,1,True,True,False,1,0.0,,,,,,,,,,,,,0.08154724122098367,0.7134669094225851,0.15983196705540315,0.12670112350974877,,,,,,,,,,,,,,False,True,temporal_v1,False,0.0008525004118433385,0.17745302713987474,3.448411826446123,0.8404985879596312,84.67108067992008,2042.6898328825614,0.05818125816587325,0.013033855972291276,0.010332127081819128,0.0,0.0,0.13754484331206945,0.15540768382518777,0.027729174468817893,0.01791518826966592,0.3489326902458991,149.09980370994535,0.01193970544070613,0.8607891413209774,-0.0005018257664012949,2466.666666666667,0.0440260418716876,True,0.00386569497641176,0.13754484331206945,True,True,True,0.85,True,True,True,10,True,True,True,True,True,False,True,False,False,1,0,True,10,15,24,24,,,,False,False,False,
26,2026-08-18T22:01:54.784637,shadow,analysis_full,silero,webrtc,False,0.009197034873068333,True,True,True,1,True,True,False,1,0.0,,,,,,,,,,,,,0.05804583685326934,0.5370368229377926,0.2951825038364254,0.16778067320855405,,,,,,,,,,,,,,False,True,temporal_v1,False,0.0007178827497496979,0.1941544885177453,3.5798707638591125,0.8085698863561247,83.00782424564078,1961.9735083983699,0.03117275180844521,0.0171341154596287,0.009738969584195427,0.0,0.0,0.14465067397819142,0.17316524462188002,0.041947143989741045,0.01767639821356947,0.2781223259446896,151.8695109516199,0.006699828078907048,1.2921705459535882,-0.0007720032312470006,2633.3333333333335,0.014935939781886289,True,0.0041054897010326385,0.14465067397819142,True,True,True,0.85,True,True,True,11,True,True,True,True,True,False,True,False,False,2,0,True,11,15,24,24,,,,False,False,False,
27,2026-08-18T22:01:54.795666,shadow,analysis_full,silero,webrtc,False,0.0029540997929871082,True,True,True,1,True,True,False,1,0.0,,,,,,,,,,,,,0.01847548980095054,0.44403535879922945,0.3703292823294333,0.18563535881721138,,,,,,,,,,,,,,False,True,temporal_v1,False,0.0004089514418884219,0.20250521920668058,4.0349358714586225,0.7539416036881909,77.7990234584207,2120.855297274739,0.008203770742756578,0.006842014878670778,0.0034297041785231828,0.0,0.0,0.14308651544381987,0.17449323432566408,0.05133245996046777,0.016908940902978363,0.2479282274642005,143.63994724687635,0.006631243959704457,0.9741781298141257,-0.0005775511585403721,2733.3333333333335,0.053203347006560556,True,0.00386569497641176,0.14308651544381987,True,True,True,0.85,True,True,True,12,True,True,True,True,True,False,True,False,False,3,0,True,12,15,24,24,,,,False,False,False,
28,2026-08-18T22:01:54.805335,shadow,analysis_full,silero,webrtc,False,0.002830647397786379,True,True,True,1,True,True,False,1,0.0,,,,,,,,,,,,,0.009581194566968175,0.37228207333672925,0.43965851199795913,0.18805941456094047,,,,,,,,,,,,,,False,True,temporal_v1,False,0.00029571207678444475,0.22338204592901878,4.139560362668322,0.7510386464705127,74.94249739303844,2064.105043147487,0.003566906978433518,0.004212453746476158,0.0018018338410584985,0.0,0.0,0.1421860937698225,0.17069783525282664,0.05603403652318104,0.019047172823310303,0.3069361270317698,149.26119423437848,0.00466382537126007,1.036924131265387,-0.0006028732569108706,2700.0,0.04545047433774317,True,0.0033214379800483584,0.1421860937698225,True,True,True,0.85,True,True,True,13,True,True,True,True,True,False,True,False,False,4,0,True,13,15,24,24,,,,False,False,False,
29,2026-08-18T22:01:54.815115,shadow,analysis_full,silero,webrtc,False,0.002025727415457368,True,True,True,1,True,True,False,1,0.0,,,,,,,,,,,,,0.00991799400578687,0.588807715651629,0.30034415580307106,0.1108481284444731,,,,,,,,,,,,,,False,True,temporal_v1,False,0.00030142876184674933,0.1649269311064718,3.7458465308191373,0.8391918029860284,75.59204013046069,1837.662602610303,0.005839791394393917,0.0029788115369279765,0.0010993910734649773,0.0,0.0,0.1285146138616581,0.14669337989314973,0.051274316648186886,0.02011555652684076,0.2505937707246622,150.10015140328522,0.004302672369118972,1.0039774130185861,-0.0005926998583423557,2166.666666666667,0.03539224119412256,True,0.0028923735953867435,0.1285146138616581,True,True,True,0.85,True,True,True,14,True,True,True,True,True,False,True,False,False,5,0,True,14,15,24,24,,,,False,False,False,
30,2026-08-18T22:01:54.825362,shadow,analysis_full,silero,webrtc,False,0.0013328875647857785,True,True,False,1,True,True,False,1,0.0,,,,,,,,,,,,,0.003923228492091026,0.5897203544221551,0.30516868059834484,0.10511096472460793,,,,,,,,,,,,,,False,True,temporal_v1,False,0.00018954140687015987,0.19832985386221294,3.422834032582571,0.8293568998996017,71.43656793145564,1905.1721811796103,0.002313607696835017,0.0011972464626172523,0.00041237433163875657,0.0,0.0,0.11557041848627057,0.13243573206629555,0.051085090091197716,0.01977907187027476,0.26015745968748,148.5648214014872,0.004443003892358264,1.2071778771363268,-0.0007237050284435501,2133.3333333333335,0.021957729955056647,True,0.0025587122654542327,0.11557041848627057,True,True,True,0.85,True,True,True,15,True,False,True,False,True,False,True,False,False,0,0,True,15,15,24,24,,,,False,False,False,
31,2026-08-18T22:01:54.834841,shadow,analysis_full,silero,webrtc,False,0.0009525851928628981,True,True,False,1,False,True,False,0,0.0,,,,,,,,,,,,,0.0021087731846965827,0.5114520461695359,0.39256004060647426,0.09598791274978044,,,,,,,,,,,,,,False,True,temporal_v1,False,0.0001407976698315898,0.1941544885177453,3.8951632585674725,0.8242086777419435,68.72513830180033,1792.9249228301164,0.001078536360220516,0.0008278200870143345,0.00020241673646173222,0.0,0.0,0.10401723422043332,0.11483780620021665,0.049016281591216286,0.019941467951999258,0.23548348254742027,150.22768226612274,0.006775533057151615,1.6655325371714866,-0.0010228518198293858,2066.666666666667,0.010055076184886921,True,0.002156252274289727,0.10401723422043332,False,True,True,0.85,True,False,False,0,True,False,True,False,True,False,True,False,False,0,0,False,0,15,24,24,,,,False,False,False,
32,2026-08-18T22:01:54.843900,shadow,analysis_full,silero,webrtc,False,0.0009525851928628981,True,True,True,1,False,True,False,0,0.0,,,,,,,,,,,,,0.08020050037405828,0.28884929536980686,0.7005708586925733,0.010579845925150988,,,,,,,,,,,,,,False,True,temporal_v1,False,0.0008436434835706562,0.20250521920668058,3.6169848137487173,0.8399978150564125,84.57722114479614,1714.33825366504,0.023165858021352664,0.05618613341462805,0.0008485089370775507,0.0,0.0,0.12166752478673891,0.14622510179044915,0.055641362980644316,0.01886322671912571,0.23118474607606646,148.39137998928425,0.01000149047975015,0.8399354186409621,-0.0005022194608782388,2266.666666666667,0.030467865854321884,True,0.002003611414693296,0.12166752478673891,False,True,True,0.85,True,False,False,0,True,True,True,True,True,False,True,False,False,1,0,False,0,15,24,24,,,,False,False,False,
33,2026-08-18T22:01:54.857304,shadow,analysis_full,silero,webrtc,False,0.008607308380305767,True,True,True,1,False,True,False,0,0.0,,,,,,,,,,,,,0.32812772825470854,0.25400983786717873,0.7379144273588676,0.008075734770906099,,,,,,,,,,,,,,False,True,temporal_v1,False,0.0016910519547042833,0.1732776617954071,2.934432332163336,0.847266803894293,90.65958140295977,1804.7903898006316,0.08334767105370419,0.24213018469563938,0.002649872504364977,0.0,0.0,0.14030992554120975,0.17866391900515774,0.061453697313260565,0.017954070981210858,0.3282851508595153,138.83127429526505,0.01237482013453647,0.6267735710135677,-0.00035480064179757765,2166.666666666667,0.026788649391977892,True,0.0024281874066218734,0.14030992554120975,False,True,True,0.85,True,False,False,0,True,True,True,True,True,True,True,False,False,2,0,False,0,15,24,24,,,,False,False,False,
34,2026-08-18T22:01:54.868727,shadow,analysis_full,silero,webrtc,False,0.008216039277613163,True,True,True,1,True,True,False,1,0.0,,,,,,,,,,,,,0.37274048055367226,0.24536641341282261,0.748932414492486,0.005701172092008544,,,,,,,,,,,,,,False,True,temporal_v1,False,0.0017996157828999509,0.16075156576200417,2.8986918486948134,0.8731529977265808,91.33075264806305,1497.551740178477,0.09145799484722651,0.2791574280801513,0.0021250576252944495,0.0,0.0,0.1522121689671022,0.19901975054916546,0.06774307464826497,0.018560426531017006,0.396300003615756,177.2379903917563,0.009967688994651492,1.2353524409624734,-0.0007234109425176442,1433.3333333333335,0.003826135948573212,True,0.0028923735953867435,0.1522121689671022,True,True,True,0.85,True,True,True,1,True,True,True,True,True,True,True,False,False,3,0,True,1,15,24,24,,,,False,False,False,
35,2026-08-18T22:01:54.878726,shadow,analysis_full,silero,webrtc,False,0.015290558338165283,True,True,True,1,True,True,False,1,0.0,,,,,,,,,,,,,0.2264066282930482,0.17081044052941044,0.822462290284554,0.00672726918161868,,,,,,,,,,,,,,False,True,temporal_v1,False,0.001403940973830083,0.16910229645093947,2.763666904765749,0.8801748499990912,89.20786849412964,1443.21375761379,0.038672615917514044,0.1862109140415041,0.001523098333030019,0.0,0.0,0.1468525304792379,0.20329101692418164,0.07248877557004563,0.01924295385687334,0.46490107825708565,208.7016672655606,0.014391945080463106,1.3217477711722414,-0.0007905143262770998,1333.3333333333335,0.003786479821832559,True,0.0028923735953867435,0.1468525304792379,True,True,True,0.85,True,True,True,2,True,True,True,True,True,True,True,False,False,4,0,True,2,15,24,24,,,,False,False,False,
36,2026-08-18T22:01:54.887130,shadow,analysis_full,silero,webrtc,False,0.015911340713500977,True,True,True,1,True,True,False,1,0.0,,,,,,,,,,,,,0.164318123084989,0.29118142366390165,0.7032601327601876,0.005558443569824937,,,,,,,,,,,,,,False,True,temporal_v1,False,0.0011979273786240335,0.1524008350730689,3.119109980322358,0.8948477079772212,87.90049009032607,1424.9805467790381,0.04784638501366732,0.11555838505565422,0.0009133530146674596,0.0,0.0,0.14240474505724146,0.1966599879643307,0.07105806437977684,0.021871901217050176,0.47767620717638004,231.61295427734134,0.013765701775659426,0.9337377399331966,-0.0005557022383064255,1400.0,0.009462690886753757,True,0.0028923735953867435,0.14240474505724146,True,True,True,0.85,True,True,True,3,True,True,True,True,True,True,True,False,False,5,0,True,3,15,24,24,,,,False,False,False,
37,2026-08-18T22:01:54.894730,shadow,analysis_full,silero,webrtc,False,0.016746485605835915,True,True,True,1,True,True,False,1,0.0,,,,,,,,,,,,,0.10608015371508803,0.45214460232163284,0.5419018262665515,0.005953571402388711,,,,,,,,,,,,,,False,True,temporal_v1,False,0.0009621614654404138,0.13778705636743216,3.136104283679623,0.913845168825223,86.08634160598777,1345.7842496103933,0.04796356891572616,0.05748502902884271,0.0006315557695191467,0.0,0.0,0.14281434829518314,0.18731372444213581,0.0622857560419342,0.024850440229518184,0.4438626294138811,227.7273586404289,0.005954781900790363,1.0005834727381593,-0.0005926199247199014,1200.0,0.00816716703304454,True,0.005523343337699771,0.14281434829518314,True,True,True,0.85,True,True,True,4,True,True,True,True,True,True,True,False,False,6,0,True,4,15,24,24,,,,False,False,False,
38,2026-08-18T22:01:54.902693,shadow,analysis_full,silero,webrtc,False,0.016661711037158966,True,True,True,1,True,True,False,1,0.0,,,,,,,,,,,,,0.05203177308928486,0.5641288388294753,0.42877804950400966,0.0070931116472960016,,,,,,,,,,,,,,False,True,temporal_v1,False,0.0006753228142588602,0.12108559498956159,3.149141011750389,0.9160714510429203,83.01715098763411,1471.0273026826562,0.02935262373509701,0.022310082177458782,0.0003690671757290691,0.0,0.0,0.1534535995014501,0.18809345685633133,0.044545251980721935,0.02497901630254033,0.36374917118125655,195.7490398636139,0.005507823341636423,0.8487946067800348,-0.0005071429465465011,1333.3333333333335,0.017118026385403388,True,0.008411673828959465,0.1534535995014501,True,True,True,0.85,True,True,True,5,True,True,True,True,True,True,True,False,False,7,0,True,5,15,24,24,,,,False,False,False,
39,2026-08-18T22:01:54.910806,shadow,analysis_full,silero,webrtc,False,0.018869837746024132,True,True,True,1,True,True,False,1,0.0,,,,,,,,,,,,,0.040108436226648746,0.3948857504007023,0.5966462136013885,0.008468035972976929,,,,,,,,,,,,,,False,True,temporal_v1,False,0.0005918996764465959,0.11899791231732777,3.16752215963049,0.9122887987572196,81.8512491696311,1456.7693093951727,0.015838249936758902,0.023930546608102735,0.0003396396807871126,0.0,0.0,0.1394306473201803,0.1655538511072674,0.03739504652801534,0.02892777966712112,0.3273645696619274,187.2935470816204,0.006061883187723603,0.8023012636771079,-0.0004678321534889356,1233.3333333333335,0.013583509403790656,True,0.011948933359235525,0.1394306473201803,True,True,True,0.85,True,True,True,6,True,True,True,True,True,False,True,False,False,8,0,True,6,15,24,24,,,,False,False,False,
40,2026-08-18T22:01:54.922384,shadow,analysis_full,silero,webrtc,False,0.018308812752366066,True,True,False,1,True,True,False,1,0.0,,,,,,,,,,,,,0.02896291166362257,0.16001370533118875,0.8309050691129584,0.009081225521325984,,,,,,,,,,,,,,False,True,temporal_v1,False,0.0005036068296870081,0.1419624217118998,2.81263436584613,0.8974751723670619,80.37235957371747,1329.248996703816,0.004634462812476152,0.02406543011757482,0.0002630187325715993,0.0,0.0,0.133092835265749,0.14667149978718097,0.026599128037698594,0.02688251186984463,0.33874590702976715,167.71198271719592,0.008309015728476532,1.6747262689305662,-0.0009903515137722459,1333.3333333333335,0.0012036212637195742,True,0.01560094952583313,0.133092835265749,True,True,True,0.85,True,True,True,7,True,True,True,False,True,False,True,False,False,9,0,True,7,15,24,24,,,,False,False,False,
41,2026-08-18T22:01:54.933053,shadow,analysis_full,silero,webrtc,False,0.018408289179205894,True,True,False,1,True,True,False,1,0.0,,,,,,,,,,,,,0.023482819511930975,0.27867586878829814,0.7075057069026983,0.013818424266419162,,,,,,,,,,,,,,False,True,temporal_v1,False,0.00045398156351481977,0.1336116910229645,2.939116113954506,0.8976840968271622,79.46833392563046,1513.0252412515315,0.006544095129086164,0.016614228818857203,0.00032449556298760836,0.0,0.0,0.11956456750219396,0.11915962162242422,0.0024426990377549016,0.024599245631157306,0.23324595905168855,142.6579737016552,0.004872779460311718,1.02675852193136,-0.0006008610950737245,1266.6666666666667,0.012038350403197924,True,0.01628652587532997,0.11956456750219396,True,True,True,0.85,True,True,True,8,True,False,True,False,True,False,True,False,False,0,0,True,8,15,24,24,,,,False,False,False,
42,2026-08-18T22:01:54.951560,shadow,analysis_full,silero,webrtc,False,0.020855117589235306,True,True,False,1,True,True,False,1,0.0,,,,,,,,,,,,,0.01762751149521408,0.3278774861674383,0.6460943734893335,0.02602814028649868,,,,,,,,,,,,,,False,True,temporal_v1,False,0.00039800697416121736,0.14613778705636743,3.7706431928236177,0.876840084138923,78.21705722231916,1546.0997766604246,0.005779664156438414,0.011389035995676366,0.00045881134209930016,0.0,0.0,0.11944717397559493,0.11942591309755339,0.0059236457151776375,0.017666532774981238,0.2717316755241456,125.25630291114402,0.009718376673877035,1.2747155471591407,-0.0007556609945724696,1733.3333333333335,0.01715316242273719,True,0.01670409832149744,0.11944717397559493,True,True,True,0.85,True,True,True,9,True,False,True,False,True,False,True,False,False,0,0,True,9,15,24,24,,,,False,False,False,
43,2026-08-18T22:01:54.965312,shadow,analysis_full,silero,webrtc,False,0.02104547806084156,True,True,False,1,True,True,False,1,0.0,,,,,,,,,,,,,0.01516631469696292,0.40488495920614426,0.5030754668029476,0.09203957392497251,,,,,,,,,,,,,,False,True,temporal_v1,False,0.00036912358433974896,0.18997912317327767,3.936032325272896,0.8458742311954501,77.40226689476552,1666.7912632451794,0.006140612707387378,0.007629800845855026,0.0013959011427205157,0.0,0.0,0.12045269911013726,0.1278228200537696,0.025360166821828845,0.020735429304106736,0.37033560420601125,92.35040417526261,0.0036802067809887347,1.3120875513164303,-0.0007722121461004843,2066.666666666667,0.017609021045914015,True,0.01752764917910099,0.12045269911013726,True,True,True,0.85,True,True,True,10,True,False,True,False,True,False,True,False,False,0,0,True,10,15,24,24,,,,False,False,False,
44,2026-08-18T22:01:54.978130,shadow,analysis_full,silero,webrtc,False,0.0167736504226923,True,True,False,1,True,True,False,1,0.0,,,,,,,,,,,,,0.013966866369449417,0.49706760471919187,0.44096560939940893,0.061966785809801146,,,,,,,,,,,,,,False,True,temporal_v1,False,0.0003571209253253717,0.16075156576200417,3.8674981445019765,0.8784948724031578,77.27706437310438,1563.3155947387866,0.006942476811695257,0.006158907740004372,0.000865481816749787,0.0,0.0,0.12649381690733238,0.13770654544397898,0.028091526155033113,0.020735429304106736,0.4113323918806364,96.37148329861951,0.0031079185901783223,1.3542711056754253,-0.0008059924734288848,1800.0000000000002,0.015216817906416802,True,0.017541231587529182,0.12649381690733238,True,True,True,0.85,True,True,True,11,True,False,True,False,True,False,True,False,False,0,0,True,11,15,24,24,,,,False,False,False,
45,2026-08-18T22:01:54.992221,shadow,analysis_full,silero,webrtc,False,0.013452528044581413,True,True,False,1,True,True,False,1,0.0,,,,,,,,,,,,,0.010556747655508557,0.5737064844840413,0.3771817605124835,0.049111754908749,,,,,,,,,,,,,,False,True,temporal_v1,False,0.00031030918675056216,0.162839248434238,4.0046564292061095,0.8834831051449645,76.07006875206312,1584.3863642397346,0.006056474585026959,0.00398181266599075,0.0005184604034908468,0.0,0.0,0.1258380854473823,0.13773028471934523,0.028410609945728433,0.02015019375701654,0.4278841167505016,100.7705783348061,0.0031588962563855404,1.2649242899059032,-0.0007486891702902344,1733.3333333333335,0.023262901691272528,True,0.017541231587529182,0.1258380854473823,True,True,True,0.85,True,True,True,12,True,False,True,False,True,False,True,False,False,0,0,True,12,15,24,24,,,,False,False,False,
46,2026-08-18T22:01:55.004891,shadow,analysis_full,silero,webrtc,False,0.010369467549026012,True,True,False,1,True,True,False,1,0.0,,,,,,,,,,,,,0.014620295304543009,0.6676909814119093,0.27059836268715665,0.06171065583253588,,,,,,,,,,,,,,False,True,temporal_v1,False,0.00037047966386191694,0.19206680584551147,3.8735522236977302,0.8968161449611544,77.68802738044057,1541.8433051520838,0.00976183932042225,0.003956227971412062,0.000902228011708694,0.0,0.0,0.14428011069076876,0.15794410976552803,0.028981025872476113,0.02437229815436269,0.4397727059783772,99.30166768767792,0.0019468769219816381,1.352955409590193,-0.0008007860919772863,1633.3333333333335,0.0174106517728744,True,0.017541231587529182,0.14428011069076876,True,True,True,0.85,True,True,True,13,True,False,True,False,True,False,True,False,False,0,0,True,13,15,24,24,,,,False,False,False,
47,2026-08-18T22:01:55.016057,shadow,analysis_full,silero,webrtc,False,0.0085309948772192,True,True,False,1,True,True,False,1,0.0,,,,,,,,,,,,,0.014872693723977247,0.6844533577075274,0.23108506580979518,0.08446157641544014,,,,,,,,,,,,,,False,True,temporal_v1,False,0.0003688784510377549,0.17954070981210857,3.8590953393392535,0.8831952279058302,77.58351949100036,1582.0697959059316,0.010179665157531896,0.00343685740797421,0.0012561711574711413,0.0,0.0,0.16310967307644317,0.18213313222530467,0.031010748039586172,0.025388315758011936,0.4390751305864598,86.6681492743073,0.0019062634237516092,1.7655918655353373,-0.0010619219631946273,1933.3333333333335,0.007591590117623754,True,0.017541231587529182,0.16310967307644317,True,True,True,0.85,True,True,True,14,True,False,True,False,True,False,True,False,False,0,0,True,14,15,24,24,,,,False,False,False,
48,2026-08-18T22:01:55.023288,shadow,analysis_full,silero,webrtc,False,0.0085309948772192,True,True,False,1,True,True,False,1,0.0,,,,,,,,,,,,,0.012377746948305556,0.641569638764348,0.27974600438602754,0.07868435676883415,,,,,,,,,,,,,,False,True,temporal_v1,False,0.0003391914432354609,0.21294363256784968,3.9846924735559575,0.878668863676752,76.82680577553835,1589.6420136091917,0.007941186638340907,0.0034626252520898247,0.0009739350568748224,0.0,0.0,0.16979241602929357,0.1933705493321048,0.030529420615896898,0.02804419187127947,0.4366229604056469,86.523808960083,0.0021339770770503618,1.4353947314580406,-0.0008399251611259387,1800.0000000000002,0.014193755670754824,True,0.017541231587529182,0.16979241602929357,True,True,True,0.85,True,True,True,15,True,False,True,False,True,False,True,False,False,0,0,True,15,15,24,24,,,,False,False,False,
49,2026-08-18T22:01:55.036937,shadow,analysis_full,silero,webrtc,False,0.006527068093419075,True,True,False,1,True,True,False,1,0.0,,,,,,,,,,,,,0.011983257444653872,0.6442126850655894,0.2783453941230059,0.07744192072795493,,,,,,,,,,,,,,False,True,temporal_v1,False,0.0003344170175154914,0.22338204592901878,3.9491757272418813,0.8831079686893928,76.72443622899277,1554.263105900798,0.0077197664542526835,0.0033354845163096262,0.0009280064730915609,0.0,0.0,0.17613505015337594,0.1990435495661204,0.028415982845041883,0.02881077727366256,0.4179119703985878,82.28730692920992,0.0015819441645211995,1.8707706270965652,-0.0011276556990821578,1800.0000000000002,0.005676305798325177,True,0.015113089233636856,0.17613505015337594,True,True,True,0.85,True,True,True,16,True,False,True,False,True,False,True,False,False,0,0,True,16,15,24,24,,,,False,False,False,
50,2026-08-18T22:01:55.052409,shadow,analysis_full,silero,webrtc,False,0.004646969027817249,True,True,False,1,True,True,False,1,0.0,,,,,,,,,,,,,0.007229738178297368,0.6228946679241302,0.28250816901393055,0.09459716292362151,,,,,,,,,,,,,,False,True,temporal_v1,False,0.00025949421171000666,0.2045929018789144,3.9704609981422223,0.8750840891358249,74.45563701970788,1594.4993383581477,0.004503365361748945,0.002042460095200899,0.0006839127203475227,0.0,0.0,0.14121511933880498,0.16008078583960753,0.025939316456778154,0.027888346308686838,0.2998085505534203,39.34534100437872,0.002088862774655428,1.291846518922449,-0.0007645110646184786,1766.6666666666667,0.020648705714602207,True,0.011910997796803713,0.14121511933880498,True,True,True,0.85,True,True,True,17,True,False,True,False,True,False,True,False,False,0,0,True,17,15,24,24,,,,False,False,False,
51,2026-08-18T22:01:55.066248,shadow,analysis_full,silero,webrtc,False,0.0037974563892930746,True,True,False,1,True,True,False,1,0.0,,,,,,,,,,,,,0.008119857903480797,0.6479548455222576,0.27939157103291623,0.07265358332167136,,,,,,,,,,,,,,False,True,temporal_v1,False,0.00027781071887222946,0.17536534446764093,3.9549656859357554,0.8842617910389233,75.10166735812994,1595.5839631525548,0.005261301273512582,0.0022686198562175412,0.0005899367727506738,0.0,0.0,0.11547798015937438,0.1262464647507396,0.019851098190256555,0.023289595038905212,0.06861067484856914,34.07934512172073,0.0017519319750638114,1.1947558421731905,-0.000709112123693538,1733.3333333333335,0.026900112297349045,True,0.009450231213122606,0.11547798015937438,True,True,True,0.85,True,True,True,18,True,False,True,False,True,False,True,False,False,0,0,True,18,15,24,24,,,,False,False,False,
52,2026-08-18T22:01:55.076312,shadow,analysis_full,silero,webrtc,False,0.0035992516204714775,True,True,False,1,True,True,False,1,0.0,,,,,,,,,,,,,0.005727164480242723,0.6080626339225355,0.294519840941525,0.09741752496133305,,,,,,,,,,,,,,False,True,temporal_v1,False,0.0002337496265632235,0.19206680584551147,4.0342494768770445,0.8664231990420327,73.48970801690739,1605.1233244012835,0.003482474718763979,0.0016867635717670384,0.0005579261887117055,0.0,0.0,0.08224156611016871,0.08287632470255617,0.015059343053581448,0.01942891310363671,0.05693137561024988,32.44884213460008,0.001829168060900232,1.8953911085313728,-0.0011555579320291394,1833.3333333333335,0.0063002841953116,True,0.0085309948772192,0.08224156611016871,True,True,True,0.85,True,True,True,19,True,False,True,False,True,False,True,False,False,0,0,True,19,15,24,24,,,,False,False,False,
53,2026-08-18T22:01:55.087811,shadow,analysis_full,silero,webrtc,False,0.0031002098694443703,True,True,False,1,True,True,False,1,0.0,,,,,,,,,,,,,0.007546079957308958,0.6713217298623422,0.2570237201750714,0.07165454983006725,,,,,,,,,,,,,,False,True,temporal_v1,False,0.00026838331093870075,0.18580375782881003,3.9123004099304644,0.8887133714039135,74.81933754159218,1542.216100862832,0.005065847450620198,0.0019395215433660924,0.0005407109623226665,0.0,0.0,0.052872087108465894,0.059094337054055375,0.014244347597358136,0.019455813653873565,0.05768032144719034,21.917210835511174,0.002414893306940814,1.5630615975566216,-0.0009485493865565615,1833.3333333333335,0.012702945873900653,True,0.007529031485319138,0.052872087108465894,True,True,True,0.85,True,True,True,20,True,False,True,False,True,False,True,False,False,0,0,True,20,15,24,24,,,,False,False,False,
54,2026-08-18T22:01:55.097916,shadow,analysis_full,silero,webrtc,False,0.002665962791070342,True,True,False,1,False,True,False,0,0.0,,,,,,,,,,,,,0.004109390190933215,0.5960185341476736,0.3257608621963566,0.07822060341262474,,,,,,,,,,,,,,False,True,temporal_v1,False,0.000197893112365808,0.20668058455114824,4.010166489721582,0.8715966739730048,72.03702685558564,1596.201285806052,0.002449272717840843,0.0013386784916996543,0.0003214389803927172,0.0,0.0,0.033573586244120546,0.03766638449117583,0.013579686988550594,0.017592365643241924,0.055315270059449105,22.33631064496155,0.0022217583730792666,1.5747452220782525,-0.0009492589667703834,1833.3333333333335,0.011653672946461139,True,0.005587018560618162,0.033573586244120546,True,True,False,0.85,True,False,False,0,True,False,True,False,True,False,True,False,False,0,0,False,0,15,24,24,,,,False,False,False,
55,2026-08-18T22:01:55.111333,shadow,analysis_full,silero,webrtc,False,0.0023493918124586344,True,True,False,1,False,True,False,0,0.0,,,,,,,,,,,,,0.0034002997084800683,0.6966063448952939,0.22131151527831933,0.0820821395322951,,,,,,,,,,,,,,False,True,temporal_v1,False,0.00017923408718237296,0.17118997912317327,3.815837310921744,0.8806471755786512,71.19655343719566,1594.0145340138185,0.0023686703514728337,0.0007525254808841514,0.0002791038751230833,0.0,0.0,0.03099361101194194,0.028517178186803615,0.01005052224573874,0.01626383858335058,0.0663763623578908,22.76904361935102,0.0025353250308037673,1.3692975068725861,-0.0008172961873745828,1933.3333333333335,0.018280639221426802,True,0.004222212708555162,0.03099361101194194,True,True,False,0.85,True,False,False,0,True,False,True,False,True,False,True,False,False,0,0,False,0,15,24,24,,,,False,False,False,
56,2026-08-18T22:01:55.121438,shadow,analysis_full,silero,webrtc,False,0.001973426667973399,True,True,False,1,False,True,False,0,0.0,,,,,,,,,,,,,0.003333713311077004,0.6750877945805358,0.25715467082853277,0.06775753429096563,,,,,,,,,,,,,,False,True,temporal_v1,False,0.00017866335432879208,0.16910229645093947,3.9679248439004944,0.8927953875337233,71.22748446789181,1556.926994780522,0.0022505491669387503,0.0008572799491467051,0.00022588419399154866,0.0,0.0,0.031536359805013105,0.02886766623235256,0.009072775517194744,0.01795892540092406,0.06340520809226068,20.61959663782244,0.002261820597972191,1.3425778019323376,-0.0007929340307286353,1733.3333333333335,0.019390884798260705,True,0.003698354004882276,0.031536359805013105,True,True,False,0.85,True,False,False,0,True,False,True,False,True,False,True,False,False,0,0,False,0,15,24,24,,,,False,False,False,
57,2026-08-18T22:01:55.131618,shadow,analysis_full,silero,webrtc,False,0.0018249941058456898,True,True,False,1,False,True,False,0,0.0,,,,,,,,,,,,,0.0021217332701047443,0.6762497988833902,0.26524158133716197,0.05850861930813503,,,,,,,,,,,,,,False,True,temporal_v1,False,0.00014630864300133409,0.13987473903966596,3.9436046515830028,0.8976798314302561,69.44629583090557,1563.3213296624115,0.001434821697192531,0.0005627718877382502,0.00012413968417396292,0.0,0.0,0.030694166536203417,0.0258423152341184,0.011061523038404488,0.023738154619631528,0.05653358252749386,21.283666566694407,0.0013973019424544635,1.2242035118391732,-0.0007248031586354792,1700.0000000000002,0.026615340792807505,True,0.003349730744957924,0.030694166536203417,True,True,False,0.85,True,False,False,0,True,False,True,False,True,False,True,False,False,0,0,False,0,15,24,24,,,,False,False,False,
58,2026-08-18T22:01:55.141773,shadow,analysis_full,silero,webrtc,False,0.0211489237844944,True,True,False,1,False,True,False,0,0.0,,,,,,,,,,,,,0.04334351515659534,0.5681705396999202,0.33594072681479087,0.09588873346221745,,,,,,,,,,,,,,False,True,temporal_v1,False,0.000623416135007526,0.17954070981210857,3.3283850954036214,0.8469303607132688,81.98020733051665,1919.9670714376005,0.02462650839901444,0.014560851984414543,0.004156154772166353,0.0,0.0,0.03900468681732796,0.03186664179546252,0.012316213942467217,0.022314779046379907,0.19487994077326248,104.71169166674275,0.006686735307430784,1.2693562729108485,-0.000776702648605376,1833.3333333333335,0.02123329539860846,True,0.003349730744957924,0.03900468681732796,True,True,False,0.85,True,False,False,0,True,False,True,False,True,False,True,False,False,0,0,False,0,15,24,24,,,,False,False,False,
59,2026-08-18T22:01:55.151547,shadow,analysis_full,silero,webrtc,False,0.011332511901855469,True,True,True,1,True,True,False,1,0.0,,,,,,,,,,,,,0.2710289597826082,0.03269953058061974,0.5051653340890655,0.4621351353266253,,,,,,,,,,,,,,False,True,temporal_v1,False,0.0015386051519549878,0.26826722338204595,3.635985655902587,0.6189350683309915,88.47687984318736,2191.408340368481,0.008862519758644953,0.13691443501639317,0.12525200500657013,0.0,0.0,0.1863919619618512,0.07472208346838703,0.11533835779734333,0.032030964932553696,0.20740895956209257,200.28996011487277,0.014922369343457252,1.1021760466508181,-0.0006375371402685111,2666.666666666667,0.012223885205367933,True,0.003349730744957924,0.1863919619618512,True,True,True,0.85,True,True,True,1,True,True,True,True,True,True,True,False,False,1,0,True,1,15,24,24,,,,False,False,False,
60,2026-08-18T22:01:55.162515,shadow,analysis_full,silero,webrtc,False,0.006405205000191927,True,True,True,1,True,True,False,1,0.0,,,,,,,,,,,,,0.10602042109581955,0.1843722786300825,0.5989882244425625,0.2166394969179229,,,,,,,,,,,,,,False,True,temporal_v1,False,0.0009625389725789666,0.2630480167014614,3.856190172848327,0.6916716577788532,84.88163537668865,2038.9076408522,0.019547226618757116,0.06350498378683775,0.022968210689224687,0.0,0.0,0.21964473373437907,0.11549272105411679,0.11861688082844565,0.03889608307376436,0.20398405058414015,225.06354097505186,0.007207115193112222,1.1123155771202728,-0.0006435326172703024,2600.0,0.021354441219655986,True,0.003349730744957924,0.21964473373437907,True,True,True,0.85,True,True,True,2,True,True,True,True,True,True,True,False,False,2,0,True,2,15,24,24,,,,False,False,False,
61,2026-08-18T22:01:55.173191,shadow,analysis_full,silero,webrtc,False,0.005345752928406,True,True,True,1,True,True,False,1,0.0,,,,,,,,,,,,,0.12231215682399049,0.20278453877613836,0.6686862761056211,0.12852918511006467,,,,,,,,,,,,,,False,True,temporal_v1,False,0.0010328505276046473,0.24425887265135698,3.8261137127270923,0.7246101549218467,85.6963442042447,1937.5413317765203,0.024803014308267618,0.08178846066908094,0.015720681845641935,0.0,0.0,0.23681456618076835,0.15073974091183226,0.11707601486286451,0.04084408561225029,0.2007352818389078,229.4420045746335,0.006205451188600853,1.5690271934618192,-0.0009384216567796678,2433.3333333333335,0.006990185592750948,True,0.003349730744957924,0.23681456618076835,True,True,True,0.85,True,True,True,3,True,True,True,True,True,True,True,False,False,3,0,True,3,15,24,24,,,,False,False,False,
62,2026-08-18T22:01:55.186141,shadow,analysis_full,silero,webrtc,False,0.006601469125598669,True,True,True,1,True,True,False,1,0.0,,,,,,,,,,,,,0.17840942061069667,0.3175835311979982,0.5545569394020629,0.12785952939433398,,,,,,,,,,,,,,False,True,temporal_v1,False,0.0012477890876293036,0.24843423799582465,3.5178781842387514,0.7320357704388003,87.38395392339804,1999.787368317729,0.05665989379653397,0.09893818225436325,0.022811344558799466,0.0,0.0,0.23850010391077384,0.15725054243026723,0.11643024644165346,0.042923207596136694,0.2086051947263865,234.23562913219268,0.006862194349440493,0.8777588186889009,-0.0005017579861701218,2400.0,0.02263475600269611,True,0.004222981398925185,0.23850010391077384,True,True,True,0.85,True,True,True,4,True,True,True,True,True,True,True,False,False,4,0,True,4,15,24,24,,,,False,False,False,
63,2026-08-18T22:01:55.200991,shadow,analysis_full,silero,webrtc,False,0.0056440760381519794,True,True,True,1,True,True,False,1,0.0,,,,,,,,,,,,,0.16884215502501643,0.18721755983968588,0.6814468784138904,0.13133556174050098,,,,,,,,,,,,,,False,True,temporal_v1,False,0.0012129588901807133,0.2588726513569937,3.630608325382475,0.6831355372723664,86.8379877703994,1988.5075706725927,0.03161021626185753,0.1150569594864716,0.022174979275687283,0.0,0.0,0.24024232177428478,0.16996977595362558,0.114339766469465,0.04476716534484866,0.20805076730498098,224.31176783638392,0.008879328391866902,1.3489847038247762,-0.0007903255966730812,2466.666666666667,0.008580114533466542,True,0.00549491448327899,0.24024232177428478,True,True,True,0.85,True,True,True,5,True,True,True,True,True,True,True,False,False,5,0,True,5,15,24,24,,,,False,False,False,
64,2026-08-18T22:01:55.212650,shadow,analysis_full,silero,webrtc,False,0.0056440760381519794,True,True,True,1,True,True,False,1,0.0,,,,,,,,,,,,,0.2561423570566374,0.09719876931185134,0.7749593685782095,0.1278418621060352,,,,,,,,,,,,,,False,True,temporal_v1,False,0.0014931503355322538,0.26931106471816285,3.20312579606305,0.6668373351050128,88.53941639617021,2114.7586654803144,0.024896721874541956,0.198499919290746,0.032745715890349476,0.0,0.0,0.24883602867264992,0.19146436469830727,0.11239878313111264,0.04747458792103294,0.24584175628423624,222.19664171163518,0.008696027462959787,1.454164708762596,-0.0008562541113820502,2466.666666666667,0.0038936953183532443,True,0.0056440760381519794,0.24883602867264992,True,True,True,0.85,True,True,True,6,True,True,True,True,True,True,True,False,False,6,0,True,6,15,24,24,,,,False,False,False,
65,2026-08-18T22:01:55.227005,shadow,analysis_full,silero,webrtc,False,0.00572033878415823,True,True,True,1,True,True,False,1,0.0,,,,,,,,,,,,,0.12694545058167103,0.17745822425829572,0.6570446515816474,0.16549712415217943,,,,,,,,,,,,,,False,True,temporal_v1,False,0.0010575221455290586,0.25260960334029225,3.4962691660055665,0.6760375018175742,85.60050322890568,1940.7739149204633,0.022527514237892576,0.08340882934730928,0.02100910699546917,0.0,0.0,0.227200872600247,0.17507003851600006,0.11013178933406663,0.045124984485203044,0.24591112561694892,199.0736888707736,0.006127174465260338,1.221527802394275,-0.0007211436224909065,2500.0,0.008678889819062568,True,0.005682207411155105,0.227200872600247,True,True,True,0.85,True,True,True,7,True,True,True,True,True,True,True,False,False,7,0,True,7,15,24,24,,,,False,False,False,
66,2026-08-18T22:01:55.239173,shadow,analysis_full,silero,webrtc,False,0.0072598145343363285,True,True,True,1,True,True,False,1,0.0,,,,,,,,,,,,,0.04939886105228398,0.19379177779517945,0.739593919150723,0.06661430303385407,,,,,,,,,,,,,,False,True,temporal_v1,False,0.0006620160815011639,0.25260960334029225,3.4951111960167514,0.7264397082408508,81.8379862934841,1841.0900894187776,0.009573093104379161,0.036535097247240717,0.0032906706996640965,0.0,0.0,0.1936659179791757,0.15899186442598537,0.11022616665578738,0.04071797466479097,0.22280060055182277,161.14701689578655,0.008739439370034328,1.2601526995157606,-0.0007463289316245778,2333.3333333333335,0.009541136609505695,True,0.006062771892175078,0.1936659179791757,True,True,True,0.85,True,True,True,8,True,True,True,True,True,True,True,False,False,8,0,True,8,15,24,24,,,,False,False,False,
67,2026-08-18T22:01:55.253600,shadow,analysis_full,silero,webrtc,False,0.006794602610170841,True,True,True,1,True,True,False,1,0.0,,,,,,,,,,,,,0.02728871140249102,0.5215156721477094,0.4526479828191135,0.02583634499653193,,,,,,,,,,,,,,False,True,temporal_v1,False,0.0005012500523913443,0.1315240083507307,3.321784472709534,0.8587916697314967,80.14027418623843,1664.0503604387463,0.014231490669114966,0.012352180170070502,0.0007050405623055527,0.0,0.0,0.16399954028437438,0.1292696590557084,0.11356301274053163,0.04275024123844486,0.2021821448059259,137.90912019825214,0.012412617423349929,0.9513733528571225,-0.0005581000290088566,2100.0,0.020128603005682606,True,0.006503337062895298,0.16399954028437438,True,True,True,0.85,True,True,True,9,True,True,True,True,True,True,True,False,False,9,0,True,9,15,24,24,,,,False,False,False,
68,2026-08-18T22:01:55.261347,shadow,analysis_full,silero,webrtc,False,0.005275385454297066,True,True,True,1,False,True,False,0,0.0,,,,,,,,,,,,,0.04736539134586197,0.8858264011101694,0.10425901554862366,0.009914583320094417,,,,,,,,,,,,,,False,True,temporal_v1,False,0.0006449096644910447,0.1127348643006263,2.713455767846615,0.9556690855380809,82.79959238467339,1418.333283047575,0.041957514153079675,0.004938269072794868,0.0004696081189874276,0.0,0.0,0.23727703325631655,0.18339454935904487,0.12072726206372739,0.05472606376143083,0.31598523842806886,214.59661297659,0.018177808137785495,0.703433720947849,-0.0004255598318827086,700.0,0.018735038486178357,True,0.006062771892175078,0.23727703325631655,True,True,True,0.85,False,False,False,0,True,True,True,True,True,False,True,False,True,0,0,False,0,15,24,15,,,,False,False,False,
69,2026-08-18T22:01:55.276280,shadow,analysis_full,silero,webrtc,False,0.004972636699676514,True,True,True,1,False,True,False,0,0.0,,,,,,,,,,,,,0.04627202118164019,0.8841348645995742,0.10525740521890799,0.010607730159906528,,,,,,,,,,,,,,False,True,temporal_v1,False,0.0006402670761642599,0.12734864300626306,2.9392480166521806,0.9454377230637773,82.69012286087077,1209.7141570144822,0.04091070718217808,0.004870472883813795,0.0004908411146483184,0.0,0.0,0.28182525930970537,0.23132494832031686,0.0662960146607011,0.06089631150613718,0.3469271129618213,279.68863325363276,0.009775860670926315,1.4592367717564827,-0.0008742298868931577,933.3333333333334,0.0032910450418984463,True,0.005682207411155105,0.28182525930970537,True,True,True,0.85,False,False,False,0,True,True,True,True,True,False,True,False,True,0,0,False,0,15,24,15,,,,False,False,False,
70,2026-08-18T22:01:55.290804,shadow,analysis_full,silero,webrtc,False,0.0044063483364880085,True,True,True,1,False,True,False,0,0.0,,,,,,,,,,,,,0.10009441232330914,0.887154464323294,0.10863256249031458,0.004212973176400678,,,,,,,,,,,,,,False,True,temporal_v1,False,0.0009337247733985869,0.10647181628392484,2.8433814905714563,0.9367157893182665,85.93271803460597,1286.585629800328,0.08879920474644024,0.010873512501643194,0.00042169507422569084,0.0,0.0,0.31378633560025376,0.26220801665132215,0.059550865924557654,0.06666216281496029,0.3467963633697773,309.0739160849062,0.020189810558259223,0.9451853649064182,-0.0005552090367566516,933.3333333333334,0.006396624611984861,True,0.0056440760381519794,0.31378633560025376,True,True,True,0.85,False,False,False,0,True,True,True,True,True,False,True,False,True,0,0,False,0,15,24,15,,,,False,False,False,
71,2026-08-18T22:01:55.305018,shadow,analysis_full,silero,webrtc,False,0.0047514550387859344,True,True,True,1,True,True,False,1,0.0,,,,,,,,,,,,,0.05960254447336957,0.7030386018062427,0.28986163406231064,0.007099764114669031,,,,,,,,,,,,,,False,True,temporal_v1,False,0.000721784371722951,0.11064718162839249,2.935732534649753,0.9332098108105097,83.67686501581349,1272.9370069334755,0.04190288953065214,0.017276490935322446,0.00042316400639499425,0.0,0.0,0.31257752407135025,0.26024932430899816,0.060749805502328336,0.06984975660753884,0.312566027867699,330.2081270712901,0.012370186245512746,1.344190418566606,-0.0007962187667554589,1033.3333333333335,0.004104616338290944,True,0.0056440760381519794,0.31257752407135025,True,True,True,0.85,True,True,True,1,True,True,True,True,True,False,True,False,True,0,0,True,1,15,24,15,,,,False,False,False,
72,2026-08-18T22:01:55.322046,shadow,analysis_full,silero,webrtc,False,0.005317741073668003,True,True,False,1,True,True,False,1,0.0,,,,,,,,,,,,,0.06882934737859636,0.5415395459026338,0.45120568672281636,0.0072547673600210595,,,,,,,,,,,,,,False,True,temporal_v1,False,0.000774936564266431,0.13569937369519833,3.3546227910625848,0.9106616140981885,84.18898847265339,1366.8609202194561,0.03727381352417971,0.031056192950642852,0.000499340902773792,0.0,0.0,0.3077303259973487,0.2578065541498076,0.05956588606349311,0.06810966732351749,0.30005425880055775,322.1914423907007,0.012240296826733207,1.1254889408975568,-0.0006665934725227485,1333.3333333333335,0.008151342424934774,True,0.005480908555909991,0.3077303259973487,True,True,True,0.85,True,True,True,2,True,True,True,False,True,False,True,False,True,0,0,True,2,15,24,15,,,,False,False,False,
73,2026-08-18T22:01:55.334794,shadow,analysis_full,silero,webrtc,False,0.004532059654593468,True,True,True,1,True,True,False,1,0.0,,,,,,,,,,,,,0.06870595910939385,0.49098543674971673,0.5027117341196329,0.006302829116095479,,,,,,,,,,,,,,False,True,temporal_v1,False,0.0007745170083145564,0.1440501043841336,3.294677837289785,0.8949122874471965,84.10857459563708,1307.4004915115847,0.03373362534063392,0.034539291848235974,0.00043304191952395297,0.0,0.0,0.288999733351114,0.24613600705602584,0.05533293947473409,0.06258906076473968,0.26610192801110827,306.67132709731607,0.010752980736886821,1.4778655893656822,-0.0008842439136390989,1600.0,0.0024805068145024537,True,0.005296563263982534,0.288999733351114,True,True,True,0.85,True,True,True,3,True,True,True,True,True,True,True,False,True,0,0,True,3,15,24,15,,,,False,False,False,
74,2026-08-18T22:01:55.342910,shadow,analysis_full,silero,webrtc,False,0.004228622652590275,True,True,True,1,True,True,False,1,0.0,,,,,,,,,,,,,0.1534335764123593,0.5739871345512919,0.4230167673352296,0.0029960981069610624,,,,,,,,,,,,,,False,True,temporal_v1,False,0.001155425123867048,0.1315240083507307,3.076833420792282,0.9110435497788723,87.66435447397816,1451.3430160271296,0.0880688988688868,0.06490497549463917,0.0004597020478333352,0.0,0.0,0.24883990646859266,0.2159821134505501,0.048466882094542134,0.05227092164160047,0.26673934601944205,240.19981338333886,0.007486010925001216,0.7503905341929653,-0.0004431137964350204,1333.3333333333335,0.010802825648144146,True,0.00512401107698679,0.24883990646859266,True,True,True,0.85,True,True,True,4,True,True,True,True,True,True,True,False,True,0,0,True,4,15,24,15,,,,False,False,False,
75,2026-08-18T22:01:55.353312,shadow,analysis_full,silero,webrtc,False,0.0034276095684617758,True,True,True,1,True,True,False,1,0.0,,,,,,,,,,,,,0.07463273761859164,0.46096633133403275,0.5282945163611699,0.010739152291398296,,,,,,,,,,,,,,False,True,temporal_v1,False,0.0008071218396661414,0.1315240083507307,3.454062213131877,0.8959656694894197,84.47246478492092,1529.9608073303089,0.034403179257457644,0.039428066024923956,0.0008014923352100263,0.0,0.0,0.21446084517737074,0.2027175514374142,0.01817420847158822,0.039743359294674534,0.2614628698916408,186.25382637952384,0.0076314756178294755,0.821693499130456,-0.00048470826055725967,1466.6666666666667,0.019559611048626812,True,0.004862045869231224,0.21446084517737074,True,True,True,0.85,True,True,True,5,True,True,True,True,True,True,True,False,True,0,0,True,5,15,24,15,,,,False,False,False,
76,2026-08-18T22:01:55.363999,shadow,analysis_full,silero,webrtc,False,0.0027625574730336666,True,True,True,1,True,True,False,1,0.0,,,,,,,,,,,,,0.03614319100531965,0.3699261489016496,0.6261699837483156,0.0039038673223671656,,,,,,,,,,,,,,False,True,temporal_v1,False,0.0005630641480651822,0.1419624217118998,2.672835158765246,0.9108639676276574,81.40918323722946,1209.1219611685085,0.01337031145761464,0.02263178132441327,0.00014109822229174226,0.0,0.0,0.18431650200977653,0.18406664379824733,0.006234138281509273,0.01242127330325137,0.2670033557716603,138.87415233764813,0.015386460337963218,1.3629215576208693,-0.0008201951897359261,1233.3333333333335,0.0027882657221926324,True,0.004641757346689701,0.18431650200977653,True,True,True,0.85,True,True,True,6,True,True,True,True,True,True,True,False,True,0,0,True,6,15,24,15,,,,False,False,False,
77,2026-08-18T22:01:55.371114,shadow,analysis_full,silero,webrtc,False,0.0029886714182794094,True,True,True,1,True,True,False,1,0.0,,,,,,,,,,,,,0.0071627234480078315,0.5842646251011895,0.38744904592029084,0.028286328838907922,,,,,,,,,,,,,,False,True,temporal_v1,False,0.00025404685320805863,0.13778705636743216,3.6794762504564718,0.9076571294869714,74.42706099721772,1464.1284666964355,0.004184925930053795,0.00277519036612153,0.0002026071508325059,0.0,0.0,0.1814980658011523,0.18178185651642478,0.006907236413696436,0.012769042741856388,0.3185684745289091,105.78753701534794,0.015509886138850635,1.249237108038467,-0.0007412809131502387,1366.6666666666667,0.015530212197045683,True,0.004469203995540738,0.1814980658011523,True,True,True,0.85,True,True,True,7,True,True,True,True,True,True,True,False,True,0,0,True,7,15,24,15,,,,False,False,False,
78,2026-08-18T22:01:55.377166,shadow,analysis_full,silero,webrtc,False,0.017886610701680183,True,True,True,1,True,True,False,1,0.0,,,,,,,,,,,,,0.1809556736299713,0.37779380398611745,0.6166853765534969,0.005520819454859391,,,,,,,,,,,,,,False,True,temporal_v1,False,0.0012545129846982467,0.11899791231732777,3.2171591107953827,0.9190874263468742,88.41764763907938,1256.0311290729535,0.06836393229353722,0.11159271773199055,0.000999023603443532,0.0,0.0,0.1760909967294871,0.17668283142441507,0.0069828013423035755,0.012144500686637983,0.2928123481979528,106.75599761215064,0.009032407185245136,1.6839028043825268,-0.0010125692014419632,1166.6666666666667,0.0015634196086476747,True,0.004469203995540738,0.1760909967294871,True,True,True,0.85,True,True,True,8,True,True,True,True,True,True,True,False,True,0,0,True,8,15,24,15,,,,False,False,False,
79,2026-08-18T22:01:55.393322,shadow,analysis_full,silero,webrtc,False,0.008103616535663605,True,True,True,1,True,True,False,1,0.0,,,,,,,,,,,,,0.05670339044135991,0.19659389298368027,0.7985500044323861,0.004856102566298108,,,,,,,,,,,,,,False,True,temporal_v1,False,0.0007030100390776009,0.1315240083507307,2.367612459861107,0.9105210381900825,83.34072006398145,1531.2518000920634,0.011147540272240549,0.04528049268827928,0.0002753574798400915,0.0,0.0,0.18095806720033622,0.18183083213570478,0.007038011734728901,0.01216601443368139,0.3726624053876438,112.33227761769628,0.012292982998021429,0.7225215378862578,-0.00042362897615114077,1133.3333333333335,0.01099635510150635,True,0.004469203995540738,0.18095806720033622,True,True,True,0.85,True,True,True,9,True,True,True,True,True,True,True,False,True,0,0,True,9,15,24,15,,,,False,False,False,
80,2026-08-18T22:01:55.406006,shadow,analysis_full,silero,webrtc,False,0.008103616535663605,True,True,True,1,True,True,False,1,0.0,,,,,,,,,,,,,0.06371942654871916,0.5557055809451098,0.4346510520715896,0.009643366967606627,,,,,,,,,,,,,,False,True,temporal_v1,False,0.0007452358476079715,0.1524008350730689,2.91997415606259,0.9223763180135831,83.90420028499153,1388.6323439606012,0.03540924094774524,0.027695715786799163,0.0006144698131747552,0.0,0.0,0.1349197491386754,0.1373079282598294,0.0069243960734979735,0.011434708924951274,0.3682837748963823,109.1012440554818,0.016974395256194527,0.9937673556297153,-0.0005933298725935309,1066.6666666666667,0.00941847072466216,True,0.004641757346689701,0.1349197491386754,True,True,True,0.85,True,True,True,10,True,True,True,True,True,True,True,False,True,0,0,True,10,15,24,15,,,,False,False,False,
81,2026-08-18T22:01:55.417288,shadow,analysis_full,silero,webrtc,False,0.008029088377952576,True,True,True,1,True,True,False,1,0.0,,,,,,,,,,,,,0.046638168420999604,0.6563348415819193,0.33604026043142526,0.007624897965213629,,,,,,,,,,,,,,False,True,temporal_v1,False,0.0006381663298020928,0.12734864300626306,2.9100505979173574,0.9204779757219994,82.54543475813065,1361.3907432404733,0.03061025488226765,0.01567230226223738,0.0003556112754945704,0.0,0.0,0.1279354934811174,0.13057753011674922,0.006914346016057404,0.008896566076268271,0.3694890597566076,103.69537064239816,0.006701684845905172,0.9605341064190721,-0.0005709258553557061,1066.6666666666667,0.007603308090530146,True,0.004924900364130735,0.1279354934811174,True,True,True,0.85,True,True,True,11,True,True,True,True,True,True,True,False,True,0,0,True,11,15,24,15,,,,False,False,False,
82,2026-08-18T22:01:55.425131,shadow,analysis_full,silero,webrtc,False,0.004363647662103176,True,True,True,1,False,True,False,0,0.0,,,,,,,,,,,,,0.03711498032334476,0.8549084931148399,0.135386572985009,0.009704933873207837,,,,,,,,,,,,,,False,True,temporal_v1,False,0.0005693647506165924,0.1022964509394572,2.8859762395590423,0.9336776527243309,81.61353471770178,1499.9392804370932,0.0317299119002176,0.005024869992383688,0.0003601984297434709,0.0,0.0,0.17032811470944176,0.172542969136562,0.006901737711938572,0.013295768958739587,0.36322072324985694,108.72407119556114,0.01112380628281096,0.7199721467864523,-0.0004291099892871673,933.3333333333334,0.017009997203192354,True,0.004447853658348322,0.17032811470944176,True,True,True,0.85,False,False,False,0,True,True,True,True,True,False,True,False,True,0,0,False,0,15,24,15,,,,False,False,False,
83,2026-08-18T22:01:55.435739,shadow,analysis_full,silero,webrtc,False,0.0032266806811094284,True,True,False,1,True,True,False,1,0.0,,,,,,,,,,,,,0.032423202611323386,0.7392839401785645,0.2423429430218882,0.018373116768705375,,,,,,,,,,,,,,False,True,temporal_v1,False,0.0005332087747216635,0.11899791231732777,3.232593486608132,0.9239455426588837,80.9964083724773,1458.6738802369175,0.02396995297970707,0.00785753434302308,0.0005957152875932377,0.0,0.0,0.1830560061930416,0.1860971485007438,0.0073713568108056664,0.013137480352862023,0.3594600980462297,105.26776836026411,0.007242418638165048,0.7944966837360188,-0.0004696939768829495,1033.3333333333335,0.01671733064724562,True,0.0042961351573467255,0.1830560061930416,True,True,True,0.85,True,True,True,1,True,False,True,False,True,False,True,False,True,0,1,True,1,15,24,15,,,,False,False,False,
84,2026-08-18T22:01:55.455949,shadow,analysis_full,silero,webrtc,False,0.0027638673782348633,True,True,True,1,True,True,False,1,0.0,,,,,,,,,,,,,0.0632916277563374,0.6514631919869771,0.3329141426305025,0.015622665366720504,,,,,,,,,,,,,,False,True,temporal_v1,False,0.0007427623246906628,0.1336116910229645,3.1652945843766536,0.9066515313914092,83.80092608155513,1544.436431864387,0.04123216584419512,0.02107067799018998,0.0009887839209522984,0.0,0.0,0.1860731519780903,0.1894744800236454,0.007112118334704672,0.01318549701431159,0.3613006919561107,111.96899241186891,0.006385758853849176,0.7674650114392387,-0.00045064682716915925,1233.3333333333335,0.015910733486201877,True,0.003895628615282476,0.1860731519780903,True,True,True,0.85,True,True,True,2,True,True,True,True,True,False,True,False,True,0,0,True,2,15,24,15,,,,False,False,False,
85,2026-08-18T22:01:55.470539,shadow,analysis_full,silero,webrtc,False,0.002294872421771288,True,True,True,1,True,True,False,1,0.0,,,,,,,,,,,,,0.18234971295084526,0.3388074555697029,0.6487078236243947,0.012484720800418465,,,,,,,,,,,,,,False,True,temporal_v1,False,0.0012600496442092886,0.1440501043841336,3.1067495493089474,0.8913372102431572,88.32293249138439,1581.5308669258702,0.061781442268741577,0.11829168542687593,0.002276585254227754,0.0,0.0,0.19496825299452394,0.1980888913285167,0.007114501926395372,0.013881127523907548,0.3366932168872869,117.75232413179351,0.010325302527758177,0.788032836771477,-0.0004497813757134762,1300.0,0.01330008176177301,True,0.0037951641716063023,0.19496825299452394,True,True,True,0.85,True,True,True,3,True,True,True,True,True,True,True,False,True,0,0,True,3,15,24,15,,,,False,False,False,
86,2026-08-18T22:01:55.500885,shadow,analysis_full,silero,webrtc,False,0.008573309518396854,True,True,True,1,True,True,False,1,0.0,,,,,,,,,,,,,0.26897809309981807,0.6426214213845387,0.31416258952707266,0.043215989084671086,,,,,,,,,,,,,,False,True,temporal_v1,False,0.00154236987182836,0.14822546972860126,3.3827695247696403,0.8830854230091058,90.03928633518788,1754.3203623848003,0.17285108450910788,0.08450285425429288,0.01162415433541738,0.0,0.0,0.18930977924481066,0.19332574554383655,0.011365710261096115,0.014493991613953887,0.33170827882352133,128.78619048676305,0.015859065444201185,1.0682576233158316,-0.000639888725400033,1366.6666666666667,0.025381240135699326,True,0.006196368020027876,0.18930977924481066,True,True,True,0.85,True,True,True,4,True,True,True,True,True,True,True,False,True,0,0,True,4,15,24,15,,,,False,False,False,
87,2026-08-18T22:01:55.516279,shadow,analysis_full,silero,webrtc,False,0.007991592399775982,True,True,True,1,True,True,False,1,0.0,,,,,,,,,,,,,0.19524900563761396,0.5713249031634647,0.3873160097742222,0.04135908705719136,,,,,,,,,,,,,,False,True,temporal_v1,False,0.0013093949440895476,0.15657620041753653,3.292417024625447,0.8869665913005423,88.6354605188483,1683.682968557781,0.11155061923867257,0.07562306577594526,0.008075320621996122,0.0,0.0,0.18918216368769628,0.19332831229400274,0.013338049638793646,0.016290614759832487,0.27862320939540725,141.59876314001315,0.006635503038873914,1.3175182183999838,-0.0007864428897684936,1500.0,0.01195309389123339,True,0.008010340388864279,0.18918216368769628,True,True,True,0.85,True,True,True,5,True,True,True,True,True,True,True,False,True,0,0,True,5,15,24,15,,,,False,False,False,
88,2026-08-18T22:01:55.536418,shadow,analysis_full,silero,webrtc,False,0.006318189203739166,True,True,True,1,True,True,False,1,0.0,,,,,,,,,,,,,0.0897810277186443,0.6652588498191851,0.2831906570927648,0.05155049307691181,,,,,,,,,,,,,,False,True,temporal_v1,False,0.0008934603564179689,0.1524008350730689,3.649798391592561,0.8829110623165374,85.29261106219282,1641.220254497101,0.059727623235689684,0.025425148234106607,0.004628256247848001,0.0,0.0,0.18121461288693466,0.18595342885414728,0.01625978045599154,0.01641853256036055,0.330315927357992,118.94267561879697,0.006485339147981587,1.6300725650006116,-0.0010018454051421261,1766.6666666666667,0.008387880230462958,True,0.007154890801757574,0.18121461288693466,True,True,True,0.85,True,True,True,6,True,True,True,True,True,True,True,False,True,0,0,True,6,15,24,15,,,,False,False,False,
89,2026-08-18T22:01:55.552244,shadow,analysis_full,silero,webrtc,False,0.006808002013713121,True,True,True,1,True,True,False,1,0.0,,,,,,,,,,,,,0.02691317814108501,0.6266208072272894,0.3116908716443129,0.06168832109124118,,,,,,,,,,,,,,False,True,temporal_v1,False,0.0004942675604496291,0.16910229645093947,3.636059194352542,0.8528443452209848,79.98705918759565,1838.2378080877338,0.01686435741181853,0.008388591953513456,0.0016602287747530255,0.0,0.0,0.12603566599694527,0.12751241490426826,0.019145010117242553,0.01890592333806836,0.26517342561207935,147.69939025142935,0.005969062941108458,1.0043341969753332,-0.000603202929134462,2133.3333333333335,0.04011894364130313,True,0.006563095608726144,0.12603566599694527,True,True,True,0.85,True,True,True,7,True,True,True,True,True,True,True,False,True,0,0,True,7,15,24,15,,,,False,False,False,
90,2026-08-18T22:01:55.569362,shadow,analysis_full,silero,webrtc,False,0.004920030944049358,True,True,True,1,True,True,False,1,0.0,,,,,,,,,,,,,0.05317369583077508,0.7318428823828216,0.23891450714347723,0.029242610454894857,,,,,,,,,,,,,,False,True,temporal_v1,False,0.0006819713285138769,0.1336116910229645,3.4562774499946327,0.9149534283792954,83.0971587663813,1485.5217495681404,0.03891479082374186,0.012703967332406798,0.0015549376736264224,0.0,0.0,0.12669558251461252,0.12690781639837245,0.018236526291329526,0.01856042653101701,0.25341341340518936,138.00209528543058,0.009756421073621166,1.1644141952335505,-0.0006929291362844563,1200.0,0.014127133623071657,True,0.005619110073894262,0.12669558251461252,True,True,True,0.85,True,True,True,8,True,True,True,True,True,False,True,False,True,0,0,True,8,15,24,15,,,,False,False,False,
91,2026-08-18T22:01:55.583669,shadow,analysis_full,silero,webrtc,False,0.0032892676535993814,True,True,True,1,True,True,False,1,0.0,,,,,,,,,,,,,0.04774149239386714,0.4130972237734251,0.5528797065241219,0.03402306968150677,,,,,,,,,,,,,,False,True,temporal_v1,False,0.0006493189870682332,0.18162839248434237,3.6396291493391573,0.8693292107242816,82.44830501753637,1616.4911003670572,0.019721877966706606,0.02639530230374486,0.0016243121224156672,0.0,0.0,0.14478829720178799,0.1445682315619461,0.01679220721671929,0.022074221107117,0.2435965484964623,116.18179842678228,0.01102709946235603,1.2337095476534545,-0.0007250549257023712,1700.0000000000002,0.01521464775691333,True,0.004641839303076267,0.14478829720178799,True,True,True,0.85,True,True,True,9,True,True,True,True,True,False,True,False,True,0,0,True,9,15,24,15,,,,False,False,False,
92,2026-08-18T22:01:55.593247,shadow,analysis_full,silero,webrtc,False,0.002326727146282792,True,True,True,1,True,True,False,1,0.0,,,,,,,,,,,,,0.05955897409129779,0.33750006497961266,0.6427744942079963,0.01972544079560097,,,,,,,,,,,,,,False,True,temporal_v1,False,0.0007224380220534508,0.17118997912317327,3.4734768810406593,0.8746469458094809,83.40359745995279,1515.9871354119136,0.02010115762593207,0.03828298944708109,0.0011748270172846267,0.0,0.0,0.14530490315694294,0.15107628837229128,0.01571247023546691,0.018415444000000305,0.1910410272135019,114.74684847625713,0.008858630848717268,1.2064479840311524,-0.0007095999853794078,1500.0,0.010455393993485855,True,0.00410464929882437,0.14530490315694294,True,True,True,0.85,True,True,True,10,True,True,True,True,True,True,True,False,True,0,0,True,10,15,24,15,,,,False,False,False,
93,2026-08-18T22:01:55.608070,shadow,analysis_full,silero,webrtc,False,0.0019555683247745037,True,True,True,1,True,True,False,1,0.0,,,,,,,,,,,,,0.024062710649286074,0.5063006075396269,0.4531853938600231,0.04051399855879199,,,,,,,,,,,,,,False,True,temporal_v1,False,0.0004654957268982454,0.17536534446764093,3.8870015904045414,0.8558636219456223,79.47992415399442,1700.6299820915651,0.012182965020783788,0.010904869002936482,0.0009748766245658046,0.0,0.0,0.1348843848575234,0.14271299742609372,0.015080882028520216,0.01627857093078742,0.22949901036080897,104.95500400256648,0.00810652225525857,1.015544991453615,-0.0005984698432830371,2166.666666666667,0.03866083040086373,True,0.00410464929882437,0.1348843848575234,True,True,True,0.85,True,True,True,11,True,True,True,True,True,True,True,False,True,0,0,True,11,15,24,15,,,,False,False,False,
94,2026-08-18T22:01:55.625838,shadow,analysis_full,silero,webrtc,False,0.001554875518195331,True,True,True,1,True,True,False,1,0.0,,,,,,,,,,,,,0.013853042077092894,0.637341440495936,0.342325661525089,0.02033289790678873,,,,,,,,,,,,,,False,True,temporal_v1,False,0.0003496693355974704,0.13987473903966596,3.627010512952328,0.8993851307412605,77.19418731431017,1465.8045618278725,0.008829117792665198,0.004742251793175717,0.0002816724902519783,0.0,0.0,0.13386894853751558,0.1421882519289275,0.014533735055109727,0.015484076526754625,0.20932242447969626,114.08427015649578,0.005116577911755807,1.2085889455694805,-0.0007198687675797498,1500.0,0.014315879786503368,True,0.00410464929882437,0.13386894853751558,True,True,True,0.85,True,True,True,12,True,True,True,True,True,True,True,False,True,0,0,True,12,15,24,15,,,,False,False,False,
95,2026-08-18T22:01:55.646002,shadow,analysis_full,silero,webrtc,False,0.0011053207563236356,True,True,True,1,True,True,False,1,0.0,,,,,,,,,,,,,0.02552435971455872,0.5615402136752193,0.40766833364858374,0.03079145263701876,,,,,,,,,,,,,,False,True,temporal_v1,False,0.00048179593146384933,0.15657620041753653,3.6639878487541746,0.8866524294346747,79.93343817061428,1502.0208873080956,0.014332954408036464,0.010405473192281195,0.0007859321132410646,0.0,0.0,0.11449164506964415,0.11958750406181291,0.012547546960175522,0.014863655541818427,0.16201966827292535,119.70207708626249,0.006888307676861755,1.5048523344570652,-0.0009098091979623415,1600.0,0.009697269911042439,True,0.00410464929882437,0.11449164506964415,True,True,True,0.85,True,True,True,13,True,True,True,True,True,False,True,False,True,0,0,True,13,15,24,15,,,,False,False,False,
96,2026-08-18T22:01:55.659282,shadow,analysis_full,silero,webrtc,False,0.0011053207563236356,True,True,False,1,True,True,False,1,0.0,,,,,,,,,,,,,0.028898468669175545,0.35727047152895525,0.6321387421953059,0.010590786241135006,,,,,,,,,,,,,,False,True,temporal_v1,False,0.0005047993765387996,0.1649269311064718,3.329295144887633,0.8623893689867634,80.21977605934316,1531.89490978627,0.010324569527901086,0.018267841635903084,0.0003060575043713754,0.0,0.0,0.12749389501318498,0.13550334502395778,0.014638032782970484,0.014555505648061264,0.1688761340020161,113.24016567173207,0.008640671996628784,0.9388211048985634,-0.0005609378523813017,1566.6666666666667,0.017619495502008527,True,0.0028079973999410868,0.12749389501318498,True,True,True,0.85,True,True,True,14,True,False,True,False,True,False,True,False,True,0,1,True,14,15,24,15,,,,False,False,False,
97,2026-08-18T22:01:55.672405,shadow,analysis_full,silero,webrtc,False,0.0009863709565252066,True,True,False,1,False,True,False,0,0.0,,,,,,,,,,,,,0.0071792812102356544,0.6300087175566031,0.3578820868585754,0.012109195445531643,,,,,,,,,,,,,,False,True,temporal_v1,False,0.0002546752477545321,0.14822546972860126,3.4614919639092205,0.8993880769379894,74.40902934894297,1476.4302151751988,0.004523009748238782,0.002569336141663695,8.693531933317649e-05,0.0,0.0,0.13008759944951823,0.13660963764395798,0.01575167231970517,0.014968844902082133,0.1478437675136987,114.6461686696938,0.010332384712140503,1.0454271668610506,-0.0006222227946900276,1600.0,0.01858539747121034,True,0.002141147735528648,0.13008759944951823,False,True,True,0.85,True,False,False,0,True,False,True,False,True,False,True,False,True,0,2,False,0,15,24,15,,,,False,False,False,
98,2026-08-18T22:01:55.685137,shadow,analysis_full,silero,webrtc,False,0.0007650670013390481,True,True,False,1,False,True,False,0,0.0,,,,,,,,,,,,,0.0033149224910565384,0.5061687976067117,0.48234612839853713,0.011485073693084944,,,,,,,,,,,,,,False,True,temporal_v1,False,0.0001740614274724596,0.15866388308977036,3.730511137971832,0.8741850504199672,70.90175429683786,1490.2868000594292,0.0016779103314575339,0.0015989400295023557,3.807212909664906e-05,0.0,0.0,0.12420808712130754,0.12919895193862305,0.015111886615938574,0.014797532481561048,0.15340151666151455,115.18777562233093,0.0075438583428942335,1.180484621538455,-0.0007042087458179838,1966.6666666666667,0.0157566576352087,True,0.0017552219214849174,0.12420808712130754,False,True,True,0.85,True,False,False,0,True,False,True,False,True,False,True,False,True,0,3,False,0,15,24,15,,,,False,False,False,
99,2026-08-18T22:01:55.697755,shadow,analysis_full,silero,webrtc,False,0.0009196014143526554,True,True,False,1,False,True,False,0,0.0,,,,,,,,,,,,,0.045244025028856556,0.1750363054004213,0.8119588771700914,0.013004817407384902,,,,,,,,,,,,,,False,False,temporal_v1,False,0.0006335943794710417,0.1524008350730689,3.168187058030307,0.851631486782079,82.14553727540414,1598.6899135087942,0.007919346982495242,0.03673628776108588,0.0005883902842754319,0.0,0.0,0.15850612754413682,0.16174217030478358,0.010218436276893478,0.014607812680196995,0.19740267290669106,72.20878659431337,0.007835680678610391,0.9823880465231806,-0.0005840649727801496,1533.3333333333335,0.017097518521744754,True,0.0013300981372594833,0.15850612754413682,False,True,True,0.85,True,False,False,0,True,True,True,False,True,False,True,False,True,0,0,False,0,15,24,15,,,,False,False,False,
100,2026-08-18T22:01:55.707139,shadow,analysis_full,silero,webrtc,False,0.0007930623251013458,True,True,False,1,False,True,False,0,0.0,,,,,,,,,,,,,0.0393730460585718,0.3343030043644482,0.6490630947082805,0.016633900901873288,,,,,,,,,,,,,,False,False,temporal_v1,False,0.0005867429712061035,0.15866388308977036,3.516630561322329,0.8755889309935216,81.59684623029753,1441.2016526959374,0.01316252758836035,0.02555559112286828,0.000654927346343176,0.0,0.0,0.1406064857952549,0.14325834536532042,0.010045864672406153,0.012101358451932723,0.1955519213881334,76.54666496327796,0.010492038116577925,1.8245675984588516,-0.001104986728987652,1500.0,0.002404114019924802,True,0.0011053207563236356,0.1406064857952549,False,True,True,0.85,True,False,False,0,True,True,True,False,True,False,True,False,True,0,0,False,0,15,24,15,,,,False,False,False,
101,2026-08-18T22:01:55.716310,shadow,analysis_full,silero,webrtc,False,0.0008158560376614332,True,True,False,1,False,True,False,0,0.0,,,,,,,,,,,,,0.04026019557360139,0.34992510033457386,0.6390529968263794,0.01102190281420835,,,,,,,,,,,,,,False,False,temporal_v1,False,0.0005927897272592474,0.13674321503131523,3.126381588387138,0.8954736513241207,81.78352921749604,1431.1236461588655,0.014088052975582032,0.025728398634126102,0.00044374396289325566,0.0,0.0,0.14332915033467453,0.146731279085153,0.00939478265196074,0.011847024348484732,0.22960775946491443,76.75656707591395,0.010778020600980433,1.2435011223802925,-0.0007359594392102552,1300.0,0.005150250681829759,True,0.001045845856424421,0.14332915033467453,False,True,True,0.85,True,False,False,0,True,True,True,False,True,False,True,False,True,0,0,False,0,15,24,15,,,,False,False,False,
102,2026-08-18T22:01:55.727318,shadow,analysis_full,silero,webrtc,False,0.0008319260668940842,True,True,False,1,False,True,False,0,0.0,,,,,,,,,,,,,0.029158194900854372,0.5188233164773777,0.4673937114506463,0.013782972037680426,,,,,,,,,,,,,,False,False,temporal_v1,False,0.000504765098491087,0.12317327766179541,2.668800750744995,0.9189458957324897,80.49467481922086,1338.851932278408,0.015127951380955027,0.013628356933911635,0.00040188658498771176,0.0,0.0,0.14071905645184962,0.14407608111382003,0.009493546272055333,0.014300626304801672,0.33912482644047187,93.24664217514854,0.013308297188545985,1.3939985118364768,-0.0008360715973894631,1100.0,0.0031496168362881894,True,0.000952986185438931,0.14071905645184962,False,True,True,0.85,True,False,False,0,True,True,True,False,True,False,True,False,True,0,0,False,0,15,24,15,,,,False,False,False,
103,2026-08-18T22:01:55.739043,shadow,analysis_full,silero,webrtc,False,0.0007219964754767716,True,True,False,1,False,True,False,0,0.0,,,,,,,,,,,,,0.03696698252428861,0.6362227899126166,0.3589915754523398,0.00478563460799258,,,,,,,,,,,,,,False,False,temporal_v1,False,0.0005686287016351436,0.1127348643006263,2.591913801595673,0.934024369692808,81.60390790992005,1212.467269517134,0.02351923675625384,0.013270835296113481,0.00017691047092129248,0.0,0.0,0.15028181755153067,0.15131483570749837,0.0066578510687822934,0.016066003413136486,0.3800796451847113,101.63159815580411,0.022194384932726893,1.123805313200581,-0.0006729037848732893,1000.0000000000001,0.003500311997870897,True,0.0008757637406233698,0.15028181755153067,False,True,True,0.85,True,False,False,0,True,False,True,False,True,False,True,False,True,0,1,False,0,15,24,15,,,,False,False,False,
104,2026-08-18T22:01:55.749687,shadow,analysis_full,silero,webrtc,False,0.0005510200862772763,True,True,False,1,False,True,False,0,0.0,,,,,,,,,,,,,0.01688986210268292,0.9056220963782676,0.08445417230120592,0.00992373126131945,,,,,,,,,,,,,,False,False,temporal_v1,False,0.00038547855234633,0.10334029227557412,2.9041145059801985,0.9445210514174838,78.25999450409597,1221.4830289321412,0.01529583232497156,0.0014264193241635913,0.00016761045254776915,0.0,0.0,0.19495024078611298,0.19437194030514388,0.006468336597129774,0.020424110182384176,0.377544193373135,121.95986200663387,0.020147907720467692,1.0854607783821775,-0.0006468769673096419,933.3333333333334,0.005682666999326154,True,0.0008238910522777587,0.19495024078611298,False,True,True,0.85,False,False,False,0,True,False,True,False,True,False,True,False,True,0,2,False,0,15,24,15,,,,False,False,False,
105,2026-08-18T22:01:55.759954,shadow,analysis_full,silero,webrtc,False,0.0006081860628910363,True,True,False,1,False,True,False,0,0.0,,,,,,,,,,,,,0.0423221692542727,0.9361008641598453,0.06037388621503377,0.0035252496014926762,,,,,,,,,,,,,,False,False,temporal_v1,False,0.0006082754927570209,0.09394572025052192,2.51667661567659,0.9537735276342305,82.2818462326631,1107.5179670309549,0.03961781921204391,0.0025551538309308607,0.00014919621029793042,0.0,0.0,0.23543616902674705,0.2330052875693396,0.003739027762756216,0.024122448314217674,0.3977971282620176,150.86536053176195,0.015093601883775072,1.1764838248219256,-0.000701242583997281,966.6666666666667,0.002437553952558182,True,0.0008044591813813895,0.23543616902674705,False,True,True,0.85,False,False,False,0,True,False,True,False,True,False,True,False,True,0,3,False,0,15,24,15,,,,False,False,False,
106,2026-08-18T22:01:55.769709,shadow,analysis_full,silero,webrtc,False,0.0006069685332477093,True,True,False,1,False,True,False,0,0.0,,,,,,,,,,,,,0.03601449951354493,0.673133044626874,0.32182396312427447,0.005042992221084936,,,,,,,,,,,,,,False,False,temporal_v1,False,0.0005614902552881183,0.11482254697286012,3.3400505460820478,0.9361965496764706,81.50344698182904,1228.6113873174422,0.02424254970826557,0.011590328963386284,0.0001816208408930743,0.0,0.0,0.230618882643984,0.22787037199980573,0.004105649485814244,0.022600068928483274,0.39842588570797366,148.75535948754037,0.016160992625079872,1.0364938823007321,-0.0006244471407467984,1133.3333333333335,0.008292541213962458,True,0.000779064663220197,0.230618882643984,False,True,True,0.85,True,False,False,0,True,False,True,False,True,False,True,False,True,0,4,False,0,15,24,15,,,,False,False,False,
107,2026-08-18T22:01:55.776808,shadow,analysis_full,silero,webrtc,False,0.000637726450804621,True,True,False,1,False,True,False,0,0.0,,,,,,,,,,,,,0.021854216759942334,0.697297054321748,0.29121950081827824,0.011483444814215994,,,,,,,,,,,,,,False,False,temporal_v1,False,0.00043847396726452487,0.12526096033402923,3.3420984836165504,0.9206121484502985,79.27429143433537,1324.7670339507197,0.015238880971216767,0.006364374095604856,0.00025096169212071205,0.0,0.0,0.2333383381644873,0.23064582563793373,0.004079717575314891,0.02181203822398159,0.38916999125218416,143.19529930511248,0.007204814373619343,1.5520843136678166,-0.0009245588775464241,1500.0,0.0042939378833264695,True,0.0007435317384079099,0.2333383381644873,False,True,True,0.85,True,False,False,0,True,False,True,False,True,False,True,False,True,0,5,False,0,15,24,15,,,,False,False,False,
108,2026-08-18T22:01:55.786134,shadow,analysis_full,silero,webrtc,False,0.0006581034976989031,True,True,False,1,False,True,False,0,0.0,,,,,,,,,,,,,0.004155364846954377,0.7032811654419342,0.2716416630784107,0.025077171239002286,,,,,,,,,,,,,,False,False,temporal_v1,False,0.00019524651358405513,0.12734864300626306,3.4200648691591495,0.9064415961611977,72.08578292258554,1478.0385035160043,0.002922389832402519,0.0011287702177242525,0.00010420479582760544,0.0,0.0,0.235156430870149,0.2332925770998694,0.006092677125081064,0.019282549617899016,0.34697500547322935,141.9472418841291,0.006585307822322809,1.4494115657283766,-0.0008792303524910141,1700.0000000000002,0.010139847514985319,True,0.0006900499865878373,0.235156430870149,False,True,True,0.85,True,False,False,0,True,False,True,False,True,False,True,False,True,0,6,False,0,15,24,15,,,,False,False,False,
109,2026-08-18T22:01:55.794724,shadow,analysis_full,silero,webrtc,False,0.0004603651468642056,True,True,False,1,False,True,False,0,0.0,,,,,,,,,,,,,0.0036097069419041136,0.7568460333798784,0.23039454905353735,0.012759417289553541,,,,,,,,,,,,,,False,False,temporal_v1,False,0.00018118084306931631,0.12734864300626306,3.495353769653442,0.9142888147053735,71.45587581025039,1371.6072712006649,0.0027319923806439395,0.0008316568030954216,4.605775716475279e-05,0.0,0.0,0.19269581959008042,0.19088415225281652,0.006086768694632393,0.017036053451752277,0.3703206293074976,113.85462718321783,0.006612211061778725,1.4676968522460192,-0.0008801561726231571,1433.3333333333335,0.006893806513503836,True,0.000647914974251762,0.19269581959008042,False,True,True,0.85,True,False,False,0,True,False,True,False,True,False,True,False,True,0,7,False,0,15,24,15,,,,False,False,False,
110,2026-08-18T22:01:55.803643,shadow,analysis_full,silero,webrtc,False,0.0027171785477548838,True,True,True,1,False,True,False,0,0.0,,,,,,,,,,,,,0.037585373661226586,0.038489195808498126,0.03107548644715028,0.9304353177177455,,,,,,,,,,,,,,False,False,temporal_v1,False,0.0005740054855088731,0.33194154488517746,3.140551908294487,0.8048630941827492,81.04037377896188,2996.939080315218,0.0014466308063825182,0.001167983769820526,0.03497075908402354,0.0,0.0,0.25249369751559775,0.17970200771637607,0.2759454747853795,0.06520257794581659,0.34342877072133376,519.5021625646536,0.027321814912710532,0.5299914676275509,-0.00029757827223644346,3566.666666666667,0.03252003131716589,True,0.000647914974251762,0.25249369751559775,False,True,True,0.85,True,False,False,0,True,True,True,True,True,False,True,False,True,0,0,False,0,15,24,15,,,,False,False,False,
111,2026-08-18T22:01:55.813763,shadow,analysis_full,silero,webrtc,False,0.0010811877436935902,True,True,True,1,False,True,False,0,0.0,,,,,,,,,,,,,0.08897703338582924,0.014911206818772355,0.0785229783401893,0.9065658148297994,,,,,,,,,,,,,,False,False,temporal_v1,False,0.0008815384776182143,0.3924843423799583,3.3278735774174235,0.7432744550695014,84.42923066295054,2853.3208941569246,0.0013267549469369124,0.00698674166532977,0.08066353677256255,0.0,0.0,0.30340631275327096,0.14081805650901935,0.36316724413169676,0.09994098048708598,0.35283124571132474,663.730454190489,0.008575074547417206,0.7627567623407397,-0.0004272878226737907,3500.0000000000005,0.020064812655996942,True,0.000647914974251762,0.30340631275327096,False,True,True,0.85,True,False,False,0,True,True,True,True,True,True,True,False,True,0,0,False,0,15,24,15,,,,False,False,False,
112,2026-08-18T22:01:55.822847,shadow,analysis_full,silero,webrtc,False,0.0010811877436935902,True,True,True,1,False,True,False,0,0.0,,,,,,,,,,,,,0.024154086569340587,0.12130636354606915,0.3000326254423188,0.5786610109702112,,,,,,,,,,,,,,False,False,temporal_v1,False,0.00046084117123683334,0.302713987473904,3.821600124406871,0.5560349832757305,77.52208177227507,2323.956399418317,0.0029300444065036555,0.007247014008560307,0.013977028153276623,0.0,0.0,0.33433923649918085,0.11855814129998565,0.37474779863226493,0.1066714428874901,0.3879426279015635,688.3262148192179,0.009003009921297739,1.0366737788117903,-0.0005922757538393347,3233.3333333333335,0.023871733745354912,True,0.000647914974251762,0.33433923649918085,False,True,True,0.85,True,False,False,0,True,True,True,True,True,True,True,False,True,0,0,False,0,15,24,15,,,,False,False,False,
113,2026-08-18T22:01:55.832444,shadow,analysis_full,silero,webrtc,False,0.0013543365057557821,True,True,True,1,False,True,False,0,0.0,,,,,,,,,,,,,0.007248359605460905,0.29773403974906637,0.442717859152485,0.25954810096048625,,,,,,,,,,,,,,False,False,temporal_v1,False,0.00025539236127183044,0.22964509394572025,4.006358526934981,0.7289753631169026,73.52269348343529,1908.051453515327,0.002158083386887824,0.0032089782468970028,0.0018812979706760774,0.0,0.0,0.34079860249753224,0.13153524578459405,0.365845323717144,0.10469686972402706,0.4016938166177646,669.2255890739391,0.006588898435384257,1.4252582731795542,-0.0008407576801601108,2566.666666666667,0.012407673803769488,True,0.000647914974251762,0.34079860249753224,False,True,True,0.85,True,False,False,0,True,True,True,True,True,True,True,False,True,0,0,False,0,15,24,15,,,,False,False,False,
114,2026-08-18T22:01:55.840971,shadow,analysis_full,silero,webrtc,False,0.0013401602627709508,True,True,True,1,False,True,False,0,0.0,,,,,,,,,,,,,0.0049976782601607525,0.6720039808582885,0.24383113495144795,0.08416488399017055,,,,,,,,,,,,,,False,False,temporal_v1,False,0.00021226697844697016,0.15031315240083507,3.495396429804328,0.8638710475481204,72.62173851886605,1710.8921202567594,0.003358459685876951,0.001218589562297174,0.00042062901098662714,0.0,0.0,0.32059274930570925,0.12468649142571514,0.36112782424821366,0.10148886626441563,0.3772070878770414,643.9031317050293,0.006886328377865577,1.0500791015659887,-0.0006243284102459059,2133.3333333333335,0.02469291106655237,True,0.0008696456206962466,0.32059274930570925,False,True,True,0.85,True,False,False,0,True,True,True,True,True,False,True,False,True,0,0,False,0,15,24,15,,,,False,False,False,
115,2026-08-18T22:01:55.849849,shadow,analysis_full,silero,webrtc,False,0.0006755460053682327,True,True,True,1,False,True,False,0,0.0,,,,,,,,,,,,,0.002571969980218042,0.5575336165715213,0.31337823535362885,0.1290881476860429,,,,,,,,,,,,,,False,False,temporal_v1,False,0.0001555577941551117,0.17954070981210857,3.825946086432877,0.8206402663334845,69.61250057932602,1721.6524368190685,0.0014339597247843491,0.0008059994137832377,0.00033201084065045543,0.0,0.0,0.2863321923726125,0.11343736826101442,0.35333539608814296,0.09566075470378983,0.2602327501878539,599.8083446590007,0.007679296427193222,1.479773833222609,-0.0008901946138791068,2300.0,0.013911207882341953,True,0.0008783668745309114,0.2863321923726125,False,True,True,0.85,True,False,False,0,True,True,True,True,True,False,True,False,True,0,0,False,0,15,24,15,,,,False,False,False,
116,2026-08-18T22:01:55.860061,shadow,analysis_full,silero,webrtc,False,0.0005487935268320143,True,True,False,1,False,True,False,0,0.0,,,,,,,,,,,,,0.0023415234504683335,0.5517647177439253,0.34532972683090024,0.10290555499810206,,,,,,,,,,,,,,False,False,temporal_v1,False,0.00015009560098181278,0.17536534446764093,3.739514210563904,0.8341697302177467,69.36054985967886,1787.016123488121,0.0012919700257384421,0.0008085976535183766,0.0002409557702115148,0.0,0.0,0.27923926652727715,0.11508186705322773,0.34647755048610174,0.0913832863585726,0.2599685554613801,560.1515593052711,0.005793653506046811,0.9635358363745317,-0.0005632922746093076,2233.3333333333335,0.029575116538599868,True,0.0008783668745309114,0.27923926652727715,False,True,True,0.85,True,False,False,0,True,False,True,False,True,False,True,False,True,0,1,False,0,15,24,15,,,,False,False,False,
117,2026-08-18T22:01:55.873371,shadow,analysis_full,silero,webrtc,False,0.0005568767664954066,True,True,False,1,False,True,False,0,0.0,,,,,,,,,,,,,0.010859955113640822,0.42049130205035057,0.5426870629319709,0.03682163492559718,,,,,,,,,,,,,,False,False,temporal_v1,False,0.0003103070067912531,0.15866388308977036,3.6007953519423355,0.8545378412087352,75.92551510023361,1557.728805374704,0.004566516665943192,0.005893557144194776,0.0003998813025028546,0.0,0.0,0.2658722608841263,0.14410417015484467,0.34441509553311456,0.08864075432991232,0.2495122666823433,538.1763629626747,0.009536695161878364,1.5046151858341004,-0.0008855678820239216,1700.0000000000002,0.006159748360063547,True,0.0008783668745309114,0.2658722608841263,False,True,True,0.85,True,False,False,0,True,False,True,False,True,False,True,False,True,0,2,False,0,15,24,15,,,,False,False,False,
118,2026-08-18T22:01:55.887186,shadow,analysis_full,silero,webrtc,False,0.0003360111440997571,True,True,False,1,False,True,False,0,0.0,,,,,,,,,,,,,0.015957905990197002,0.25617406113163754,0.7265789408615276,0.01724699794417007,,,,,,,,,,,,,,False,False,temporal_v1,False,0.0003741534005739791,0.162839248434238,3.1529197057328933,0.8730941061201148,77.6579758356976,1479.0891990252426,0.004088001584665652,0.011594678432725165,0.00027522597180618694,0.0,0.0,0.2505217270675699,0.1965608250322739,0.34506253754979554,0.08561764555805468,0.2785982792332788,538.0802201050942,0.01356887610859577,1.3234024323402442,-0.0007839435238403874,1433.3333333333335,0.005497173487009289,True,0.0008783668745309114,0.2505217270675699,False,True,True,0.85,True,False,False,0,True,False,True,False,True,False,True,False,True,0,3,False,0,15,24,15,,,,False,False,False,
119,2026-08-18T22:01:55.894733,shadow,analysis_full,silero,webrtc,False,0.00035961507819592953,True,True,False,1,False,True,False,0,0.0,,,,,,,,,,,,,0.014460725550837971,0.3835384877096206,0.5911911728370536,0.025270339384172967,,,,,,,,,,,,,,False,False,temporal_v1,False,0.0003566069297299213,0.1544885177453027,3.4576265601450196,0.8835159731904286,77.28909140990703,1525.6051309692725,0.005546244808952266,0.008549053298474649,0.0003654274424110571,0.0,0.0,0.21523413881751374,0.20854819210176043,0.3440188237033661,0.08299319825101349,0.27970993425005025,522.6881315084728,0.011336082405945839,1.1081884051664004,-0.0006538839708300554,1333.3333333333335,0.012730420456985797,True,0.0008783668745309114,0.21523413881751374,False,True,True,0.85,True,False,False,0,True,False,True,False,True,False,True,False,True,0,4,False,0,15,24,15,,,,False,False,False,
120,2026-08-18T22:01:55.903509,shadow,analysis_full,silero,webrtc,False,0.0004778190341312438,True,True,False,1,False,True,False,0,0.0,,,,,,,,,,,,,0.028139428925548614,0.5387305498506805,0.4494099646971403,0.01185948541664193,,,,,,,,,,,,,,False,False,temporal_v1,False,0.0004963009190473077,0.1336116910229645,3.1000426317866214,0.923098895792158,80.36702495234616,1276.8403996190177,0.015159570017544949,0.01264613976002849,0.0003337191469751759,0.0,0.0,0.19885364642016887,0.17774758217965095,0.28243188857582274,0.07834820239934306,0.2859338930215049,438.0099365298081,0.008310474721679145,1.300298855851726,-0.0007687032416271568,1200.0,0.003754166122387896,True,0.0006162113859318197,0.19885364642016887,False,True,True,0.85,True,False,False,0,True,False,True,False,True,False,True,False,True,0,5,False,0,15,24,15,,,,False,False,False,
121,2026-08-18T22:01:55.909934,shadow,analysis_full,silero,webrtc,False,0.0005424721166491508,True,True,False,1,False,True,False,0,0.0,,,,,,,,,,,,,0.026323066816379505,0.6957148646950877,0.2897860060002104,0.014499129266712475,,,,,,,,,,,,,,False,False,temporal_v1,False,0.0004808980744580189,0.10647181628392484,3.155903553334632,0.9270444260053617,80.11050190515972,1322.6379149144736,0.01831334886851722,0.007628056398395291,0.00038166154846699604,0.0,0.0,0.1770684954809993,0.14793762770235286,0.16745659577904107,0.05212521814977784,0.30357238914049894,290.98937406180255,0.013253048371300653,1.0965991471876957,-0.0006547732179736071,1100.0,0.00884220201827824,True,0.0005528351466637105,0.1770684954809993,False,True,True,0.85,True,False,False,0,True,False,True,False,True,False,True,False,True,0,6,False,0,15,24,15,,,,False,False,False,
122,2026-08-18T22:01:55.919266,shadow,analysis_full,silero,webrtc,False,0.0005813825409859419,True,True,False,1,False,True,False,0,0.0,,,,,,,,,,,,,0.020245907905757494,0.7550876856973676,0.23589655800853232,0.009015756244707377,,,,,,,,,,,,,,False,False,temporal_v1,False,0.0004217956722405312,0.1022964509394572,3.0579432558965034,0.9367329721705387,79.01094896268918,1201.478369852102,0.015287435745400466,0.004775939988725926,0.00018253217063110357,0.0,0.0,0.1609467089503167,0.15444172679770468,0.07533810684522332,0.03503576901177149,0.31774524799247217,222.0766540077894,0.008994515881843752,1.783260831884473,-0.0010783768742286496,1000.0000000000001,0.0014020130493193784,True,0.0005528351466637105,0.1609467089503167,False,True,True,0.85,True,False,False,0,True,False,True,False,True,False,True,False,True,0,7,False,0,15,24,15,,,,False,False,False,
123,2026-08-18T22:01:55.932681,shadow,analysis_full,silero,webrtc,False,0.0005173261743038893,True,True,False,1,False,True,False,0,0.0,,,,,,,,,,,,,0.008640553839302454,0.706300279259012,0.2794544171172209,0.014245303508033904,,,,,,,,,,,,,,False,False,temporal_v1,False,0.0002789265506797724,0.10855949895615867,3.1986945537325386,0.9322770491063787,75.36598300185531,1283.7449734862357,0.006102825589651852,0.0024146409367322326,0.00012308731191837106,0.0,0.0,0.15279777337308445,0.15952028719193773,0.041774468448537154,0.027335093617257472,0.26700955880113897,198.93986124278197,0.007358696828754602,1.3713147992059653,-0.0008269514419929094,1000.0000000000001,0.006321437137080586,True,0.0005456328217405826,0.15279777337308445,False,True,True,0.85,True,False,False,0,True,False,True,False,True,False,True,False,True,0,8,False,0,15,24,15,,,,False,False,False,
124,2026-08-18T22:01:55.943820,shadow,analysis_full,silero,webrtc,False,0.00032813503639772534,True,True,False,1,False,True,False,0,0.0,,,,,,,,,,,,,0.006285517066293049,0.7795674643009384,0.2047818598968339,0.01565067564313173,,,,,,,,,,,,,,False,False,temporal_v1,False,0.0002374243718413669,0.10647181628392484,3.1478678816939203,0.9418511017677336,73.98975906826203,1280.552448090109,0.004899984601190345,0.0012871598752487816,9.837258885392145e-05,0.0,0.0,0.16411202886525567,0.16375993206091657,0.04030164933493455,0.029290864929671187,0.27209827374930873,192.21318797684364,0.006342511339022476,1.2487999552270164,-0.0007448692061475077,1033.3333333333335,0.007436771221159999,True,0.0005298991454765201,0.16411202886525567,False,True,True,0.85,True,False,False,0,True,False,True,False,True,False,True,False,True,0,9,False,0,15,24,15,,,,False,False,False,
125,2026-08-18T22:01:55.956968,shadow,analysis_full,silero,webrtc,False,0.000274186342721805,True,True,False,1,False,True,False,0,0.0,,,,,,,,,,,,,0.005701507026157545,0.7229537611962925,0.24326238133135333,0.03378385729696177,,,,,,,,,,,,,,False,False,temporal_v1,False,0.0002308204935416948,0.11899791231732777,3.6410786699641826,0.9182865610263222,73.63027342978101,1419.719138060002,0.004121925949047685,0.001386962176360527,0.00019261889974933136,0.0,0.0,0.1707786491011536,0.16865446869080702,0.026438446563447703,0.026361075770629808,0.24348291082192086,168.41043447011018,0.01127623910668951,1.7986379406086013,-0.0010972627839392931,1300.0,0.0048101655350983605,True,0.0004975726042175665,0.1707786491011536,False,True,True,0.85,True,False,False,0,True,False,True,False,True,False,True,False,False,0,0,False,0,15,24,24,,,,False,False,False,
126,2026-08-18T22:01:55.971173,shadow,analysis_full,silero,webrtc,False,0.0010285302996635437,True,True,False,1,False,True,False,0,0.0,,,,,,,,,,,,,0.012232511617003594,0.19186370707931202,0.09517703919391561,0.7129592536450229,,,,,,,,,,,,,,False,False,temporal_v1,False,0.0003302405655220513,0.27139874739039666,3.685080587140596,0.5658850204484103,74.68426489016247,2371.9231197659683,0.002346975025729059,0.001164254237611579,0.008721282352662955,0.0,0.0,0.2071946454383985,0.19066461828715184,0.20812814332888152,0.048403632976844,0.23460710879440894,320.708346194204,0.014032435811229597,1.3863727639616679,-0.0008262142242779357,3566.666666666667,0.008719687693382603,True,0.0004975726042175665,0.2071946454383985,False,True,True,0.85,True,False,False,0,True,False,True,False,True,False,True,False,False,0,0,False,0,15,24,24,,,,False,False,False,
127,2026-08-18T22:01:55.984719,shadow,analysis_full,silero,webrtc,False,0.0011771662393584847,True,True,True,1,False,True,False,0,0.0,,,,,,,,,,,,,0.03784150150436836,0.06854300943496341,0.03015482948246025,0.9013021610561504,,,,,,,,,,,,,,False,False,temporal_v1,False,0.0005788619938255163,0.4175365344467641,2.9503078517453782,0.744096405378329,80.77328718066175,2854.038980320292,0.0025937703946471028,0.0011411040252244909,0.034106627083496766,0.0,0.0,0.25068865447332134,0.20461006581795918,0.3186407022146074,0.09600707635874563,0.23783428454647665,525.6762472574334,0.006879960018710779,0.732654116031706,-0.00043107085619212943,3633.3333333333335,0.02612047561044918,True,0.0004975726042175665,0.25068865447332134,False,True,True,0.85,True,False,False,0,True,True,True,True,True,False,True,False,False,1,0,False,0,15,24,24,,,,False,False,False,
128,2026-08-18T22:01:55.995265,shadow,analysis_full,silero,webrtc,False,0.0011771662393584847,True,True,True,1,False,True,False,0,0.0,,,,,,,,,,,,,0.044625177284652824,0.061339573614445635,0.04338489273597874,0.8952755336271667,,,,,,,,,,,,,,False,False,temporal_v1,False,0.0006377028325540793,0.42171189979123175,3.2373336436061666,0.663151791944419,81.11702300317282,3019.3856461944674,0.002737289347109649,0.0019360585298186976,0.039951829406724475,0.0,0.0,0.2759458406079785,0.16606216948220712,0.37830042213219284,0.12234247963630746,0.2355575099764822,672.4079996046099,0.006229059990682868,0.5142421790763595,-0.0002962021647723515,3666.666666666667,0.05732090603828362,True,0.0005298991454765201,0.2759458406079785,False,True,True,0.85,True,False,False,0,True,True,True,True,True,True,True,False,False,2,0,False,0,15,24,24,,,,False,False,False,
129,2026-08-18T22:01:56.005232,shadow,analysis_full,silero,webrtc,False,0.001310001127421856,True,True,True,1,False,True,False,0,0.0,,,,,,,,,,,,,0.018867656981573597,0.25585280608034366,0.17741695961688195,0.5667302342497735,,,,,,,,,,,,,,False,False,temporal_v1,False,0.0004162343975391875,0.3173277661795407,4.137855536116981,0.504873996121217,76.21482751700816,2321.67838133586,0.004827342982896992,0.0033474423367650234,0.01069287166091158,0.0,0.0,0.28344567387703923,0.12016614889074839,0.3790926940466041,0.12673729847411527,0.3515450631826086,687.423506576478,0.007861580903495076,1.349058138237737,-0.0008012666557835395,3566.666666666667,0.01921233936297301,True,0.0005619273288175464,0.28344567387703923,False,True,True,0.85,True,False,False,0,True,True,True,True,True,True,True,False,False,3,0,False,0,15,24,24,,,,False,False,False,
130,2026-08-18T22:01:56.015139,shadow,analysis_full,silero,webrtc,False,0.002421380253508687,True,True,True,1,False,True,False,0,0.0,,,,,,,,,,,,,0.011717771851579312,0.4799930238226393,0.4580222087048767,0.0619847673871435,,,,,,,,,,,,,,False,False,temporal_v1,False,0.00032345460782537053,0.16910229645093947,3.6486227142837926,0.8512138607269,76.27262530124354,1786.3834835955595,0.005624448743503361,0.0053669997445601894,0.0007263233625157615,0.0,0.0,0.28272561419906295,0.12193351461055965,0.37533053971078156,0.12502151784144597,0.3539854357199587,662.5832046971823,0.007973520721030709,0.9267013435529428,-0.0005425309240958842,1933.3333333333335,0.0351580908597191,True,0.0008049564203247428,0.28272561419906295,False,True,True,0.85,True,False,False,0,True,True,True,True,True,True,True,False,False,4,0,False,0,15,24,24,,,,False,False,False,
131,2026-08-18T22:01:56.022818,shadow,analysis_full,silero,webrtc,False,0.0031466162763535976,True,True,True,1,False,True,False,0,0.0,,,,,,,,,,,,,0.022423761748249546,0.517061863408961,0.45411720916879367,0.028820927377649894,,,,,,,,,,,,,,False,False,temporal_v1,False,0.0004510027197931119,0.1440501043841336,3.5851381434452545,0.8984569673332563,79.414601816403,1503.5942254355289,0.011594472034188492,0.010183016104181033,0.0006462736088800238,0.0,0.0,0.27350115225937366,0.1416357715776046,0.3741779270481608,0.12226782302879992,0.3494689106576676,649.283607287989,0.0073779124288365985,1.0981013542269742,-0.0006478849980256042,1400.0,0.019023882204622405,True,0.0011028482695110142,0.27350115225937366,False,True,True,0.85,True,False,False,0,True,True,True,True,True,False,True,False,False,5,0,False,0,15,24,24,,,,False,False,False,
132,2026-08-18T22:01:56.032531,shadow,analysis_full,silero,webrtc,False,0.0027308084536343813,True,True,True,1,False,True,False,0,0.0,,,,,,,,,,,,,0.017878348933045272,0.6521251582589742,0.31899981328460614,0.02887502840048616,,,,,,,,,,,,,,False,False,temporal_v1,False,0.0004014701856329585,0.12734864300626306,3.5114194010377604,0.9213561269458201,78.50763357545708,1418.238373667941,0.01165892112737131,0.005703189971478479,0.0005162378331954836,0.0,0.0,0.26373070937482435,0.14460443392313033,0.37255018004053714,0.12011434675322545,0.3270837786138791,628.7537616017321,0.005855955119744733,1.1426741475978524,-0.0006774498399469962,1266.6666666666667,0.016148294713612406,True,0.0011771662393584847,0.26373070937482435,False,True,True,0.85,True,False,False,0,True,True,True,True,True,False,True,False,False,6,0,False,0,15,24,24,,,,False,False,False,
133,2026-08-18T22:01:56.040759,shadow,analysis_full,silero,webrtc,False,0.0019069240661337972,True,True,False,1,False,True,False,0,0.0,,,,,,,,,,,,,0.018982059285175823,0.7137632324800557,0.2502982044822187,0.03593856298504446,,,,,,,,,,,,,,False,False,temporal_v1,False,0.00041686132380447556,0.10855949895615867,3.629723139526499,0.9210880695679298,78.83511057335399,1421.8184594591348,0.01354869599451515,0.004751175356454536,0.0006821879332061394,0.0,0.0,0.2644826331990583,0.14387964302841028,0.370787751724234,0.12011434675322545,0.316136523331082,615.8842808607553,0.005966246272053175,1.6974778955638203,-0.0010161329073099627,1233.3333333333335,0.005879620897477976,True,0.0012435836833901703,0.2644826331990583,False,True,True,0.85,True,False,False,0,True,False,True,False,True,False,True,False,False,0,0,False,0,15,24,24,,,,False,False,False,
134,2026-08-18T22:01:56.050608,shadow,analysis_full,silero,webrtc,False,0.0012292595347389579,True,True,False,1,False,True,False,0,0.0,,,,,,,,,,,,,0.010124002688731617,0.6658724548294028,0.295321785050009,0.03880576002181299,,,,,,,,,,,,,,False,False,temporal_v1,False,0.0003076435209758888,0.11899791231732777,3.765778119228504,0.9110377899932326,76.12746846044392,1557.317536651193,0.006741294523045196,0.002989838545887312,0.0003928696187991086,0.0,0.0,0.25197410649404506,0.14500562264852096,0.3688966037961332,0.11898124631490073,0.2977123731938569,591.3710378779875,0.0032565692779567353,1.0028339882967756,-0.0005964029323446233,1500.0,0.03837275594107391,True,0.001269630331080407,0.25197410649404506,False,True,True,0.85,True,False,False,0,True,False,True,False,True,False,True,False,False,0,0,False,0,15,24,24,,,,False,False,False,
135,2026-08-18T22:01:56.059811,shadow,analysis_full,silero,webrtc,False,0.0008899235399439931,True,True,False,1,False,True,False,0,0.0,,,,,,,,,,,,,0.012796318787507085,0.7185630962124971,0.23876216457882954,0.04267473913052593,,,,,,,,,,,,,,False,False,temporal_v1,False,0.00034541712610925947,0.11064718162839249,3.6709470317402104,0.9179275804560932,77.17574822006401,1459.9892820124908,0.009194962448073237,0.003055276772345935,0.0005460795660879126,0.0,0.0,0.25147169213763204,0.14499127843767412,0.36819057310184555,0.11972473342581162,0.29846673009187075,587.7538091869294,0.0037011462002846376,1.7786575916218268,-0.0010736409374074187,1333.3333333333335,0.005689279184512784,True,0.001269630331080407,0.25147169213763204,False,True,True,0.85,True,False,False,0,True,False,True,False,True,False,True,False,False,0,0,False,0,15,24,24,,,,False,False,False,
136,2026-08-18T22:01:56.069539,shadow,analysis_full,silero,webrtc,False,0.000586993875913322,True,True,False,1,False,True,False,0,0.0,,,,,,,,,,,,,0.013074408536593514,0.6062964528796491,0.34440850086544567,0.04929504617841997,,,,,,,,,,,,,,False,False,temporal_v1,False,0.00035682381326584934,0.12734864300626306,3.871655933826019,0.9044047016680676,77.39556505034459,1486.3613921587905,0.00792696751923605,0.0045029374437905575,0.0006445035725669055,0.0,0.0,0.2423852059535857,0.13994708712171083,0.35291779212162366,0.12140839558340914,0.3099250688418976,587.4548674720426,0.0032150238284832534,1.412400347599507,-0.0008534779315562521,1400.0,0.017214755308283237,True,0.001269630331080407,0.2423852059535857,False,True,True,0.85,True,False,False,0,True,False,True,False,True,False,True,False,False,0,0,False,0,15,24,24,,,,False,False,False,
137,2026-08-18T22:01:56.078171,shadow,analysis_full,silero,webrtc,False,0.0005334889283403754,True,True,False,1,False,True,False,0,0.0,,,,,,,,,,,,,0.02285540401351541,0.7111975148913618,0.2465157810099116,0.0422867040549733,,,,,,,,,,,,,,False,False,temporal_v1,False,0.00045668482378575305,0.13778705636743216,3.699540391954257,0.904549934920058,79.55316011231484,1500.0793975306772,0.01625470653625022,0.00563421777068882,0.0009664797055763751,0.0,0.0,0.20931995513339205,0.11749578797322509,0.2857251528601498,0.09981306702874464,0.22156106739922676,497.10156448796585,0.003170936143429357,1.7386880621796543,-0.001051017403227406,1500.0,0.006809371702559946,True,0.001269630331080407,0.20931995513339205,False,True,True,0.85,True,False,False,0,True,False,True,False,True,False,True,False,False,0,0,False,0,15,24,24,,,,False,False,False,
138,2026-08-18T22:01:56.086532,shadow,analysis_full,silero,webrtc,False,0.00042435634532012045,True,True,False,1,False,True,False,0,0.0,,,,,,,,,,,,,0.016446021725986727,0.7139340380936381,0.23127939220887686,0.054786569636679966,,,,,,,,,,,,,,False,False,temporal_v1,False,0.00038795271724331623,0.1315240083507307,3.7457561291209274,0.8987622841440549,78.10046777114194,1495.7957865071855,0.011741374701409409,0.0038036259090401944,0.0009010211145371235,0.0,0.0,0.14108102700003755,0.08937853458838517,0.1575564439516924,0.058427148096686976,0.1666383535245383,261.6451967625184,0.0026565617150957252,1.5806070589653627,-0.0009516389916635163,1600.0,0.009951532393237804,True,0.001269630331080407,0.14108102700003755,False,True,True,0.85,True,False,False,0,True,False,True,False,True,False,True,False,False,0,0,False,0,15,24,24,,,,False,False,False,
139,2026-08-18T22:01:56.093122,shadow,analysis_full,silero,webrtc,False,0.0003449851938057691,True,True,False,1,False,True,False,0,0.0,,,,,,,,,,,,,0.013642186912909086,0.7246154027475304,0.23652925357926824,0.03885534359989909,,,,,,,,,,,,,,False,False,temporal_v1,False,0.0003575696844352101,0.10647181628392484,3.6893727500323954,0.9206672662098162,77.49145009133846,1467.4809355881912,0.009885338764254707,0.003226776287699248,0.0005300718599551291,0.0,0.0,0.0842062963504704,0.08267932999743328,0.010094000724683526,0.01810876696634776,0.09479643243591851,100.01551526148883,0.003033278399218528,1.3783625242190862,-0.0008251474269183228,1366.6666666666667,0.01652224966299539,True,0.0010595915373414755,0.0842062963504704,False,True,True,0.85,True,False,False,0,True,False,True,False,True,False,True,False,False,0,0,False,0,15,24,24,,,,False,False,False,
140,2026-08-18T22:01:56.105340,shadow,analysis_full,silero,webrtc,False,0.0003187416587024927,True,True,False,1,False,True,False,0,0.0,,,,,,,,,,,,,0.01746897786546501,0.7436312963856507,0.20920550629909096,0.04716319725801412,,,,,,,,,,,,,,False,False,temporal_v1,False,0.0004013220657132803,0.13987473903966596,3.82844706486196,0.91280683492614,78.4639753923514,1485.7109175968244,0.012990478656627983,0.0036546063588722205,0.0008238928489648087,0.0,0.0,0.06606094967935577,0.07009672263932437,0.007944027457038311,0.012869340298473853,0.1034583244060968,38.75035482586064,0.0018280267649587933,1.9084757576439295,-0.0011630195820455055,1400.0,0.0055395401176074055,True,0.0007384587079286575,0.06606094967935577,False,True,True,0.85,True,False,False,0,True,False,True,False,True,False,True,False,False,0,0,False,0,15,24,24,,,,False,False,False,
141,2026-08-18T22:01:56.118120,shadow,analysis_full,silero,webrtc,False,0.00028266938170418143,True,True,False,1,False,True,False,0,0.0,,,,,,,,,,,,,0.01068576493759131,0.711831745455402,0.2483756710180808,0.03979258343293483,,,,,,,,,,,,,,False,False,temporal_v1,False,0.0003149741728061928,0.12317327766179541,3.7122589838153845,0.912724853052679,76.34226690970321,1484.740452233005,0.007606466707051757,0.002654084036715722,0.0004252141928238319,0.0,0.0,0.03948988199805644,0.040783032591816405,0.0069112064736176655,0.011242515254978087,0.09614250075496679,37.990145534397776,0.0021949058310540377,1.393163427127473,-0.0008331202346365632,1400.0,0.014980495072498006,True,0.0005602414021268487,0.03948988199805644,False,True,False,0.85,True,False,False,0,True,False,True,False,True,False,True,False,False,0,0,False,0,15,24,24,,,,False,False,False,
142,2026-08-18T22:01:56.128687,shadow,analysis_full,silero,webrtc,False,0.0002633080875966698,True,True,False,1,False,True,False,0,0.0,,,,,,,,,,,,,0.010869307255096935,0.45486035641550737,0.4192984802948965,0.12584116319759373,,,,,,,,,,,,,,False,False,temporal_v1,False,0.00031458042986885873,0.22338204592901878,3.98291593498015,0.797594884004092,75.74643860635662,1810.5163386595082,0.004944016972043052,0.004557484013920438,0.0013678062681334428,0.0,0.0,0.08246132909436982,0.060931523129785344,0.025345775731530087,0.03219637185579457,0.10144151338444783,103.06966646109176,0.005463984194341617,1.2677498123301443,-0.000749760412947451,2433.3333333333335,0.023925465030521485,True,0.00047892263683024794,0.08246132909436982,False,True,True,0.85,True,False,False,0,True,False,True,False,True,False,True,False,False,0,0,False,0,15,24,24,,,,False,False,False,
143,2026-08-18T22:01:56.138063,shadow,analysis_full,silero,webrtc,False,0.004791716113686562,True,True,True,1,False,True,False,0,0.0,,,,,,,,,,,,,0.036544936425609006,0.3844801921359585,0.44273654721454503,0.17278326062213298,,,,,,,,,,,,,,False,False,temporal_v1,False,0.0005751240456082253,0.2546972860125261,4.131603953565343,0.7496714819580326,80.74853783630176,2002.5334724121353,0.01405080417851454,0.016179778971249188,0.006314353274845282,0.0,0.0,0.11874947866874284,0.07880574638222267,0.04359687379217928,0.04744324901759337,0.1411363231545588,172.97855510875564,0.0037730037047481748,1.3177907743560238,-0.0008066991026548079,2533.3333333333335,0.027496767195559303,True,0.00047892263683024794,0.11874947866874284,False,True,True,0.85,True,False,False,0,True,True,True,True,True,False,True,False,False,1,0,False,0,15,24,24,,,,False,False,False,
144,2026-08-18T22:01:56.144947,shadow,analysis_full,silero,webrtc,False,0.004791716113686562,True,True,True,1,False,True,False,0,0.0,,,,,,,,,,,,,0.28111919775338856,0.09882878752922018,0.44721273949715373,0.4539584729700689,,,,,,,,,,,,,,False,False,temporal_v1,False,0.0015677375896854173,0.23173277661795408,3.7111373270736974,0.6361045473569659,88.7585182482513,2086.0704485828987,0.02778266946515447,0.125720086552535,0.1276164417346991,0.0,0.0,0.20126072179654866,0.09170943241915383,0.12336311433420019,0.052483528559400985,0.14376907592959545,230.66915742266727,0.0080594340290367,1.1874116585587742,-0.0006812634218206333,2666.666666666667,0.013114883669520088,True,0.00047892263683024794,0.20126072179654866,False,True,True,0.85,True,False,False,0,True,True,True,True,True,True,True,False,False,2,0,False,0,15,24,24,,,,False,False,False,
145,2026-08-18T22:01:56.155068,shadow,analysis_full,silero,webrtc,False,0.001717673148959875,True,True,True,1,False,True,False,0,0.0,,,,,,,,,,,,,0.10523298397803377,0.10670791262783791,0.6164015110852883,0.27689057627737107,,,,,,,,,,,,,,False,False,temporal_v1,False,0.0009609469837301801,0.29227557411273486,3.795822667688158,0.6608023089473941,84.66918575028404,2172.6133372509603,0.011229192059894694,0.06486577034007394,0.029138021577065125,0.0,0.0,0.24099340986340775,0.12702229672255913,0.13097480595675012,0.06308153514586895,0.1368974283151524,273.82078551285355,0.00733363854550049,0.9400459652560265,-0.000544904579045652,2600.0,0.034651096249152025,True,0.00047892263683024794,0.24099340986340775,False,True,True,0.85,True,False,False,0,True,True,True,True,True,True,True,False,False,3,0,False,0,15,24,24,,,,False,False,False,
146,2026-08-18T22:01:56.167652,shadow,analysis_full,silero,webrtc,False,0.0014601515140384436,True,True,True,1,False,True,False,0,0.0,,,,,,,,,,,,,0.0670632016641311,0.2954291390505113,0.4597011744971401,0.24486968643743726,,,,,,,,,,,,,,False,False,temporal_v1,False,0.0007700625404458029,0.2588726513569937,4.031937883271477,0.724138313346408,83.14007140586469,1953.4924461895264,0.01981242392960507,0.030829032570539625,0.016421745162986404,0.0,0.0,0.24851658916933658,0.1316657589344037,0.13203641752004583,0.06507411038232408,0.15102939402629112,273.3734752839741,0.004162813233306014,1.179972735718702,-0.0006854649221050378,2600.0,0.02297781884852976,True,0.00047892263683024794,0.24851658916933658,False,True,True,0.85,True,False,False,0,True,True,True,True,True,True,True,False,False,4,0,False,0,15,24,24,,,,False,False,False,
147,2026-08-18T22:01:56.176831,shadow,analysis_full,silero,webrtc,False,0.001056299894116819,True,True,True,1,False,True,False,0,0.0,,,,,,,,,,,,,0.033031789766547894,0.25933630769542293,0.580510439318448,0.16015325295585514,,,,,,,,,,,,,,False,False,temporal_v1,False,0.0005426948103393346,0.24843423799582465,4.105970450030809,0.7415229735470306,80.19607104584104,1927.7762544340167,0.008566342394627988,0.019175298788853334,0.005290148582066572,0.0,0.0,0.24608492680067504,0.14170565028101406,0.12708784097967324,0.06466460171664992,0.16382299722408636,264.8936474744377,0.004434875790623483,1.1821688554417287,-0.0006923719012869531,2600.0,0.026556152056170092,True,0.0007403281197184697,0.24608492680067504,False,True,True,0.85,True,False,False,0,True,True,True,True,True,True,True,False,False,5,0,False,0,15,24,24,,,,False,False,False,
148,2026-08-18T22:01:56.190224,shadow,analysis_full,silero,webrtc,False,0.0009091980755329132,True,True,True,1,False,True,False,0,0.0,,,,,,,,,,,,,0.03421549851428322,0.27786642337941153,0.4960081843307922,0.22612539226056974,,,,,,,,,,,,,,False,False,temporal_v1,False,0.0005547712971843029,0.22964509394572025,4.084237397140499,0.7500667631388808,80.43759501269591,2063.256030267627,0.009507338196307447,0.016971167294042536,0.007736993022933234,0.0,0.0,0.2336616898409573,0.13427789140981639,0.1230296526550874,0.06069378623913494,0.16881926290520832,256.7302214438197,0.004485420227381343,0.7624910120295134,-0.0004349229259750759,2600.0,0.07563685915862958,True,0.000982748984824866,0.2336616898409573,False,True,True,0.85,True,False,False,0,True,True,True,True,True,False,True,False,False,6,0,False,0,15,24,24,,,,False,False,False,
149,2026-08-18T22:01:56.203446,shadow,analysis_full,silero,webrtc,False,0.0005941590643487871,True,True,True,1,False,True,False,0,0.0,,,,,,,,,,,,,0.03157315064274622,0.22351405425220028,0.7168939488277093,0.059591996888418125,,,,,,,,,,,,,,False,False,temporal_v1,False,0.0005270679017315638,0.20041753653444677,3.4164052883232023,0.7880715893129685,80.20544614936728,1815.478393090324,0.00705704290567567,0.022634600641210464,0.0018815070948600893,0.0,0.0,0.21269959269589536,0.1469503920909592,0.12081079991367254,0.05016740990794163,0.21704195441743973,224.7338555541836,0.00809720915799983,1.3681323300869,-0.0008083673725568375,2233.3333333333335,0.009512140683315802,True,0.000982748984824866,0.21269959269589536,False,True,True,0.85,True,False,False,0,True,True,True,True,True,False,True,False,False,7,0,False,0,15,24,24,,,,False,False,False,
150,2026-08-18T22:01:56.215156,shadow,analysis_full,silero,webrtc,False,0.00046936472062952816,True,True,True,1,False,True,False,0,0.0,,,,,,,,,,,,,0.02623493914336499,0.4872324548557644,0.4454677114707179,0.06729983363540072,,,,,,,,,,,,,,False,False,temporal_v1,False,0.0004872055808847281,0.19624217118997914,3.9646145329842084,0.8397958073739911,79.79544877774005,1731.8918962078822,0.012782513801813307,0.011686818300768358,0.0017656070397833261,0.0,0.0,0.17681088199589043,0.12081314144444896,0.11871764082346718,0.04355008135361651,0.21764645325921483,191.14312635908826,0.007450241178053937,1.0487929322015552,-0.0006135233646458678,2066.666666666667,0.033232832510821465,True,0.000982748984824866,0.17681088199589043,False,True,True,0.85,True,False,False,0,True,True,True,True,True,False,True,False,False,8,0,False,0,15,24,24,,,,False,False,False,
151,2026-08-18T22:01:56.227203,shadow,analysis_full,silero,webrtc,False,0.00042143906466662884,True,True,True,1,False,True,False,0,0.0,,,,,,,,,,,,,0.04119039237637685,0.3189843265527668,0.6160772634002082,0.0649384100227474,,,,,,,,,,,,,,False,False,temporal_v1,False,0.0006013470685171961,0.18580375782881003,3.579079982678117,0.8124497682107077,81.48636984527502,1757.2327267332275,0.01313908957262279,0.02537646421361905,0.0026748385891350087,0.0,0.0,0.12309374418486704,0.09589859167677456,0.11589619213207697,0.03103282534624141,0.23194578862192647,142.56146265316255,0.005181524209404751,0.9678715022111224,-0.0005660334336911342,2166.666666666667,0.028513640565677578,True,0.000982748984824866,0.12309374418486704,False,True,True,0.85,True,False,False,0,True,True,True,True,True,False,True,False,False,9,0,False,0,15,24,24,,,,False,False,False,
152,2026-08-18T22:01:56.238378,shadow,analysis_full,silero,webrtc,False,0.00032962748082354665,True,True,True,1,False,True,False,0,0.0,,,,,,,,,,,,,0.028106976881497044,0.3017633207362684,0.6667948219348496,0.03144185729330372,,,,,,,,,,,,,,False,False,temporal_v1,False,0.0004983299190127214,0.20668058455114824,3.7243740545812267,0.8172614727683439,79.8743540414881,1596.644010761134,0.008481654679618074,0.018741586644824757,0.0008837355560542167,0.0,0.0,0.11061552786689999,0.09759747031286055,0.12391722241303246,0.03189716785767729,0.23347900948873995,172.16439008739243,0.008360959734741285,1.6039529862856539,-0.000950408975410108,2166.666666666667,0.005000542858763589,True,0.000982748984824866,0.11061552786689999,False,True,True,0.85,True,False,False,0,True,True,True,True,True,False,True,False,True,0,0,False,0,15,24,15,,,,False,False,False,
153,2026-08-18T22:01:56.248985,shadow,analysis_full,silero,webrtc,False,0.00031062442576512694,True,True,True,1,False,True,False,0,0.0,,,,,,,,,,,,,0.01593279787744583,0.37048806010912005,0.5919774913783714,0.037534448449745024,,,,,,,,,,,,,,False,False,temporal_v1,False,0.0003762958677958167,0.17745302713987474,3.5238963582724714,0.8203547048704817,77.43775664307216,1602.0131018200204,0.005902911377725611,0.009431857718129023,0.0005980287805911975,0.0,0.0,0.10930783269443611,0.0914582177651214,0.130703957324358,0.03435554443065338,0.2325356103545085,191.62918619031953,0.008251512884376009,1.5514045449599203,-0.0009272174143540559,2333.3333333333335,0.0060599868123810095,True,0.0007516785699408501,0.10930783269443611,False,True,True,0.85,True,False,False,0,True,True,True,True,True,False,True,False,True,0,0,False,0,15,24,15,,,,False,False,False,
154,2026-08-18T22:01:56.270569,shadow,analysis_full,silero,webrtc,False,0.001297901151701808,True,True,True,1,False,True,False,0,0.0,,,,,,,,,,,,,0.02076682311597403,0.5032659492197276,0.33513130414842307,0.16160274658369564,,,,,,,,,,,,,,False,False,temporal_v1,False,0.0004294857232005475,0.1649269311064718,3.816854451532183,0.7827568211560655,78.38978212337477,1971.3608574941916,0.010451234947738851,0.006959612513875995,0.003355975653359184,0.0,0.0,0.11179928718239059,0.1100296383501902,0.08787059475886963,0.03823652224516066,0.23093721233470024,181.559248947644,0.010783406036365238,1.6478888805770393,-0.0010076948372275535,2633.3333333333335,0.011013123866966915,True,0.0007516785699408501,0.11179928718239059,False,True,True,0.85,True,False,False,0,True,True,True,True,True,False,True,False,True,0,0,False,0,15,24,15,,,,False,False,False,
155,2026-08-18T22:01:56.289182,shadow,analysis_full,silero,webrtc,False,0.0010127086425200105,True,True,True,1,False,True,False,0,0.0,,,,,,,,,,,,,0.011482477477154505,0.21662134820167142,0.1358209992863615,0.6475576524248778,,,,,,,,,,,,,,False,False,temporal_v1,False,0.00034428596026650417,0.37995824634655534,4.13358200598422,0.4073787545705168,73.62503324389486,2833.9727164982387,0.0024873497517965354,0.0015595615652302637,0.007435566159127705,0.0,0.0,0.09497075692863617,0.163555483637801,0.17535816467162818,0.05907846876229641,0.25104851237313774,337.3253303772987,0.00828187478104739,0.7219055490868905,-0.0004271222750100888,3766.666666666667,0.08097513733745187,True,0.0007516785699408501,0.09497075692863617,False,True,True,0.85,True,False,False,0,True,True,True,True,True,False,True,False,True,0,0,False,0,15,24,15,,,,False,False,False,
156,2026-08-18T22:01:56.309021,shadow,analysis_full,silero,webrtc,False,0.0028007538057863712,True,True,True,1,False,True,False,0,0.0,,,,,,,,,,,,,0.02784308180385342,0.10074100776645724,0.4705703181318879,0.4286886740657393,,,,,,,,,,,,,,False,False,temporal_v1,False,0.0005414412876673266,0.348643006263048,4.023791620723798,0.4581342845917467,78.08838061712031,2704.393472849994,0.0028049401202441017,0.013102127862211483,0.011936013820397835,0.0,0.0,0.11661776573914123,0.16329047048530773,0.19115419835184086,0.06947311087100876,0.25043064807638216,410.8129244566317,0.007896387770596335,1.2986321063014343,-0.0007917073076820954,4100.0,0.018708410987640426,True,0.0007516785699408501,0.11661776573914123,False,True,True,0.85,True,False,False,0,True,True,True,True,True,False,True,False,True,0,0,False,0,15,24,15,,,,False,False,False,
157,2026-08-18T22:01:56.320830,shadow,analysis_full,silero,webrtc,False,0.008221201598644257,True,True,True,1,False,True,False,0,0.0,,,,,,,,,,,,,0.004770222997045014,0.5039717291428996,0.4627713012650513,0.03325696938241511,,,,,,,,,,,,,,False,False,temporal_v1,False,0.00020960547068171582,0.1544885177453027,3.8332761089217633,0.862008044648055,72.50056838234727,1698.1031082568572,0.002404057532218,0.002207522303666994,0.00015864316016001847,0.0,0.0,0.12924272756138674,0.16169621150385238,0.19674455544388803,0.07311808663172169,0.23399587235455438,420.5362897338616,0.009173180336266289,1.561478491692385,-0.0009525946563990209,1666.6666666666667,0.011508712218084378,True,0.0007516785699408501,0.12924272756138674,False,True,True,0.85,True,False,False,0,True,True,True,True,True,False,True,False,True,0,0,False,0,15,24,15,,,,False,False,False,
158,2026-08-18T22:01:56.329854,shadow,analysis_full,silero,webrtc,False,0.011628756299614906,True,True,True,1,False,True,False,0,0.0,,,,,,,,,,,,,0.010448292198955567,0.5978637460394147,0.3347319806313547,0.06740427323352108,,,,,,,,,,,,,,False,False,temporal_v1,False,0.0003146464731618639,0.11482254697286012,3.824744905574987,0.8554036365805873,76.04788939045,2143.516459899541,0.006246655113781969,0.0034973775419715287,0.0007042595422020678,0.0,0.0,0.1501816771405237,0.16856384792298354,0.19843970261977523,0.08008106910022855,0.2158295883407055,422.85711504351417,0.005756745285124763,0.5649219621282825,-0.00033885646926690665,2066.666666666667,0.14993260246419138,True,0.0008034338534343988,0.1501816771405237,False,True,True,0.85,True,False,False,0,True,True,True,True,True,False,True,False,True,0,0,False,0,15,24,15,,,,False,False,False,
159,2026-08-18T22:01:56.346101,shadow,analysis_full,silero,webrtc,False,0.05806057155132294,True,True,True,1,False,True,False,0,0.0,,,,,,,,,,,,,0.26891421952284444,0.7418827935340491,0.18692531833226295,0.07119188812996952,,,,,,,,,,,,,,False,True,temporal_v1,False,0.00153529068341059,0.13987473903966596,2.995098095589899,0.8737421678121225,89.95329715807699,1855.1102341084174,0.19950283240063635,0.050266876088379736,0.019144511032828406,0.0,0.0,0.1798183508420059,0.16831706549091643,0.19788289428876324,0.08303336279418136,0.30583764706347594,421.4287117028261,0.009320264317625471,1.070884549805304,-0.0006366558171996281,2166.666666666667,0.021855492337600094,True,0.0011553048971109092,0.1798183508420059,False,True,True,0.85,True,False,False,0,True,True,True,True,True,True,True,False,True,0,0,False,0,15,24,15,,,,False,False,False,
160,2026-08-18T22:01:56.353460,shadow,analysis_full,silero,webrtc,False,0.05806057155132294,True,True,True,1,False,True,False,0,0.0,,,,,,,,,,,,,0.1135967020424289,0.6842882966090262,0.20555184613172384,0.11015985725044693,,,,,,,,,,,,,,False,True,temporal_v1,False,0.000999490926099485,0.17745302713987474,2.9869980960940783,0.8540616123514096,86.12382891709626,1894.4943204815415,0.07773289374101676,0.023350011819296624,0.012513796481115521,0.0,0.0,0.19673462616364587,0.18030804180692822,0.1962625386780798,0.08346449842208988,0.3687993250095549,414.254335069108,0.007994676916340785,1.6359567449069126,-0.0009989673681989962,2166.666666666667,0.006209144383025034,True,0.0020493274787440896,0.19673462616364587,False,True,True,0.85,True,False,False,0,True,True,True,True,True,True,True,False,True,0,0,False,0,15,24,15,,,,False,False,False,
161,2026-08-18T22:01:56.371569,shadow,analysis_full,silero,webrtc,False,0.035974614322185516,True,True,True,1,True,True,False,1,0.0,,,,,,,,,,,,,0.059637091432297416,0.6440017958135262,0.2576935086809301,0.09830469548877568,,,,,,,,,,,,,,False,True,temporal_v1,False,0.0007259244253580775,0.17118997912317327,3.2024032389297066,0.8504621508670568,83.32385460880806,1799.2921246460328,0.038406393979494996,0.015368091338714158,0.005862606113088271,0.0,0.0,0.2018321227603163,0.16919902437028828,0.19480483783400332,0.0839147159938154,0.39202827955725983,411.91737089830093,0.004318535862891081,1.3336333772437026,-0.0007942263758862145,2200.0,0.0116628466717367,True,0.005510977702215314,0.2018321227603163,True,True,True,0.85,True,True,True,1,True,True,True,True,True,True,True,False,True,0,0,True,1,15,24,15,,,,False,False,False,
162,2026-08-18T22:01:56.389722,shadow,analysis_full,silero,webrtc,False,0.016516322270035744,True,True,True,1,True,True,False,1,0.0,,,,,,,,,,,,,0.02361959879834147,0.4598282812691994,0.43075636978825416,0.10941534890020874,,,,,,,,,,,,,,False,True,temporal_v1,False,0.000459943559050908,0.21711899791231734,3.8883298272109807,0.7824062822136532,78.98578155797131,1952.0951995548965,0.010860959519709406,0.010174292634228583,0.0025843466434034832,0.0,0.0,0.19436395810550125,0.13923346759835184,0.19067089526177555,0.0840120445611669,0.3999633368211066,389.4473792609254,0.005058061603858262,1.1679754052151126,-0.0006937485496908087,2266.666666666667,0.028902438444701167,True,0.009924978949129581,0.19436395810550125,True,True,True,0.85,True,True,True,2,True,True,True,True,True,False,True,False,True,0,0,True,2,15,24,15,,,,False,False,False,
163,2026-08-18T22:01:56.407457,shadow,analysis_full,silero,webrtc,False,0.01317839790135622,True,True,True,1,True,True,False,1,0.0,,,,,,,,,,,,,0.022052652658696867,0.673452112300315,0.27318022880134957,0.0533676588529895,,,,,,,,,,,,,,False,True,temporal_v1,False,0.0004427325718348833,0.17536534446764093,3.3216443251011456,0.8715200646807746,79.12027518828641,1698.6517186317192,0.014851405514824561,0.0060243486989795,0.0011768984438928062,0.0,0.0,0.1981501521428352,0.11199523176208637,0.18957283924082205,0.08408179219245951,0.40945919907410216,379.393508578839,0.006166724818248344,1.1328384515326329,-0.0006805217315142324,2200.0,0.022631892060193285,True,0.012403577100485563,0.1981501521428352,True,True,True,0.85,True,True,True,3,True,True,True,True,True,False,True,False,True,0,0,True,3,15,24,15,,,,False,False,False,
164,2026-08-18T22:01:56.424943,shadow,analysis_full,silero,webrtc,False,0.010911649093031883,True,True,True,1,True,True,False,1,0.0,,,,,,,,,,,,,0.022353056694396127,0.5932713353893375,0.2895704832530595,0.11715818131286643,,,,,,,,,,,,,,False,True,temporal_v1,False,0.0004505240503171801,0.1649269311064718,3.9432224353993655,0.8413851030055034,79.12064738947535,1787.5873090975142,0.013261427795117962,0.006472785429179323,0.002618843469098844,0.0,0.0,0.19956125972970715,0.11177877777364224,0.19042646381057723,0.08408179219245951,0.41774057490410554,387.37159264396985,0.006016350426047167,1.0308050854827429,-0.0006026817823051022,2300.0,0.03779910766627683,True,0.012403577100485563,0.19956125972970715,True,True,True,0.85,True,True,True,4,True,True,True,True,True,False,True,False,True,0,0,True,4,15,24,15,,,,False,False,False,
165,2026-08-18T22:01:56.439150,shadow,analysis_full,silero,webrtc,False,0.006766061764210463,True,True,True,1,True,True,False,1,0.0,,,,,,,,,,,,,0.009381867614924927,0.5471490393002378,0.30459978327805526,0.14825117731511814,,,,,,,,,,,,,,False,True,temporal_v1,False,0.0002890123673196629,0.17745302713987474,3.674100668644698,0.8273026565229706,75.16050739835683,1854.8095968786477,0.005133279852348188,0.002857714842249538,0.0013908729193272,0.0,0.0,0.17174632761482134,0.09672481414913497,0.10665310212803224,0.06041163533254695,0.3819436059753119,283.22680497307886,0.008380136770015836,0.9813013462542817,-0.0005757761796720309,2500.0,0.03543914546483538,True,0.012403577100485563,0.17174632761482134,True,True,True,0.85,True,True,True,5,True,True,True,True,True,False,True,False,True,0,0,True,5,15,24,15,,,,False,False,False,
166,2026-08-18T22:01:56.450496,shadow,analysis_full,silero,webrtc,False,0.005066904705017805,True,True,True,1,True,True,False,1,0.0,,,,,,,,,,,,,0.013604943803821963,0.6538746014597326,0.2815304166528901,0.06459498181387449,,,,,,,,,,,,,,False,True,temporal_v1,False,0.00035152359260339134,0.15657620041753653,3.059116476859415,0.8646200840396127,77.06911396062866,1738.049842707017,0.008895927207606145,0.003830205497629153,0.0008788110975866642,0.0,0.0,0.0825772351867187,0.08331265206541032,0.03313940698624745,0.02550051187407511,0.376774670287906,127.65964038896881,0.011520633756335073,1.1791341922449452,-0.000704163270007452,2300.0,0.01478915358402329,True,0.012403577100485563,0.0825772351867187,True,True,True,0.85,True,True,True,6,True,True,True,True,True,False,True,False,True,0,0,True,6,15,24,15,,,,False,False,False,
167,2026-08-18T22:01:56.458134,shadow,analysis_full,silero,webrtc,False,0.0045778932981193066,True,True,False,1,True,True,False,1,0.0,,,,,,,,,,,,,0.02332830534446122,0.5811236643903556,0.2045938609712445,0.2142824745955337,,,,,,,,,,,,,,False,True,temporal_v1,False,0.00046992097845812374,0.21920668058455114,3.678968526575559,0.7594329929236057,79.04388158172736,2129.170978093279,0.01355663028579042,0.004772828060339439,0.0049988469973313646,0.0,0.0,0.07562607178140339,0.06838310081104725,0.04572228845291247,0.029868457824558218,0.3646644629128819,143.52746231570788,0.009338421752559167,0.9431265998285987,-0.0005645476739472722,3433.3333333333335,0.053371685555408,True,0.012403577100485563,0.07562607178140339,True,True,True,0.85,True,True,True,7,True,False,True,False,True,False,True,False,True,0,1,True,7,15,24,15,,,,False,False,False,
168,2026-08-18T22:01:56.467033,shadow,analysis_full,silero,webrtc,False,0.005419628228992224,True,True,True,1,True,True,False,1,0.0,,,,,,,,,,,,,0.0396370752054799,0.4196653828305931,0.3827065652622533,0.19762805188192484,,,,,,,,,,,,,,False,True,temporal_v1,False,0.0006073243659809203,0.26931106471816285,3.6247111519432567,0.6875637265457771,80.84859877176292,2359.3419533733095,0.016634308340392732,0.015169368908930834,0.007833397955156338,0.0,0.0,0.09634955813006886,0.07374383783790524,0.05125269930558659,0.03594514285333692,0.3491240703300277,189.57660335357755,0.003714439401795989,0.9163599401771131,-0.0005435545668012096,3533.3333333333335,0.04641073689886712,True,0.012045023497194052,0.09634955813006886,True,True,True,0.85,True,True,True,8,True,True,True,True,True,False,True,False,True,0,0,True,8,15,24,15,,,,False,False,False,
169,2026-08-18T22:01:56.478770,shadow,analysis_full,silero,webrtc,False,0.0032514187041670084,True,True,True,1,True,True,False,1,0.0,,,,,,,,,,,,,0.034611523207372374,0.29035677910953744,0.463753000605893,0.24589022025567744,,,,,,,,,,,,,,False,True,temporal_v1,False,0.0005684553008865428,0.2588726513569937,3.6269449261186524,0.6392989059943659,79.95687018253163,2347.7318798529113,0.01004969039856765,0.01605119774295944,0.008510635064845284,0.0,0.0,0.12168028079030666,0.08418624221753736,0.06101574543018356,0.038060006816607844,0.3192451268811993,229.52449325938662,0.006190288341520484,1.1432712101145044,-0.000687610168531823,3600.0000000000005,0.02114583260397466,True,0.008838855428621173,0.12168028079030666,True,True,True,0.85,True,True,True,9,True,True,True,True,True,False,True,False,True,0,0,True,9,15,24,15,,,,False,False,False,
170,2026-08-18T22:01:56.489889,shadow,analysis_full,silero,webrtc,False,0.006332299206405878,True,True,True,1,True,True,False,1,0.0,,,,,,,,,,,,,0.011534678338190071,0.8233290823758334,0.1436720323881523,0.03299888514931921,,,,,,,,,,,,,,False,True,temporal_v1,False,0.00032554135166851895,0.11691022964509394,2.8327940391685713,0.9193157034429709,76.66182114878333,1734.8717755768323,0.009496836131682434,0.0016572106797913626,0.0003806315257162743,0.0,0.0,0.1419492221499883,0.09336533166140785,0.06823542137353261,0.04512534667935378,0.34626407072509974,238.6254057041166,0.012142119375260689,0.8297151169935231,-0.0004976665686384452,1266.6666666666667,0.036494555470907755,True,0.00654918048530817,0.1419492221499883,True,True,True,0.85,True,True,True,10,True,True,True,True,True,False,True,False,True,0,0,True,10,15,24,15,,,,False,False,False,
171,2026-08-18T22:01:56.502605,shadow,analysis_full,silero,webrtc,False,0.005516518373042345,True,True,True,1,True,True,False,1,0.0,,,,,,,,,,,,,0.02166307829339551,0.7589452684772207,0.20030072338360094,0.040754008093016984,,,,,,,,,,,,,,False,True,temporal_v1,False,0.0004409167471962374,0.12317327766179541,3.6676096621391214,0.9144418156083676,79.29361447600391,1489.4997457170055,0.016441090771424107,0.004339130252882704,0.0008828572680887012,0.0,0.0,0.1518944731713643,0.0976522014207664,0.07278828516864236,0.04950053664393219,0.3362474862197044,272.593977284304,0.007006678938535994,1.4894930553207533,-0.00089465939156047,1466.6666666666667,0.011709964402252058,True,0.0059244087897241116,0.1518944731713643,True,True,True,0.85,True,True,True,11,True,True,True,True,True,False,True,False,True,0,0,True,11,15,24,15,,,,False,False,False,
172,2026-08-18T22:01:56.522228,shadow,analysis_full,silero,webrtc,False,0.00523961940780282,True,True,True,1,True,True,False,1,0.0,,,,,,,,,,,,,0.07165438384565578,0.8198527313946381,0.17375243224892772,0.006394836342478289,,,,,,,,,,,,,,False,True,temporal_v1,False,0.0007906540724128522,0.11899791231732777,2.909361062730544,0.9388720796374712,84.49607201856404,1250.5563381933666,0.05874604231226073,0.012450123474480967,0.0004582180579140888,0.0,0.0,0.1614849701553631,0.09289420018045348,0.08075620382570999,0.05237587674675241,0.3598601399709647,335.5300141061389,0.014362380907915313,1.142264969661373,-0.0006788749993446992,1000.0000000000001,0.005822231790252102,True,0.005468073301017284,0.1614849701553631,True,True,True,0.85,True,True,True,12,True,True,True,True,True,False,True,False,True,0,0,True,12,15,24,15,,,,False,False,False,
173,2026-08-18T22:01:56.539158,shadow,analysis_full,silero,webrtc,False,0.00363596947863698,True,True,False,1,True,True,False,1,0.0,,,,,,,,,,,,,0.020555721169104448,0.8497028997706497,0.1398892127571234,0.010407887423578543,,,,,,,,,,,,,,False,True,temporal_v1,False,0.0004283755359455019,0.1127348643006263,3.0526291248453523,0.9367941481819064,79.14645250674107,1226.9103519305513,0.01746625588426498,0.0028755236520009576,0.0002139416318385094,0.0,0.0,0.1757691289589735,0.10094857558816817,0.08480898640045824,0.055948727124557056,0.37689442684564595,381.9072649949605,0.006858175389898942,1.815196651943089,-0.0010880160407012508,966.6666666666667,0.0016687534842709402,True,0.005329623818397522,0.1757691289589735,True,True,True,0.85,True,True,True,13,True,False,True,False,True,False,True,False,True,0,1,True,13,15,24,15,,,,False,False,False,
174,2026-08-18T22:01:56.555171,shadow,analysis_full,silero,webrtc,False,0.0026667541824281216,True,True,False,1,True,True,False,1,0.0,,,,,,,,,,,,,0.021006503767748538,0.5721419096752055,0.41252583228186096,0.015332257995329349,,,,,,,,,,,,,,False,True,temporal_v1,False,0.0004304232760533375,0.13569937369519833,3.3893647658966275,0.9204843137417373,79.11190804218917,1345.735830830799,0.012018701181279047,0.008665725450122513,0.0003220771353469786,0.0,0.0,0.17636872952802132,0.11098128600031275,0.0890835806633555,0.056986089249604396,0.33204438399036046,404.72344013952096,0.011828050090511444,1.710475811353338,-0.0010189851314908241,1233.3333333333335,0.003319435712341703,True,0.005153262056410313,0.17636872952802132,True,True,True,0.85,True,True,True,14,True,False,True,False,True,False,True,False,True,0,2,True,14,15,24,15,,,,False,False,False,
175,2026-08-18T22:01:56.570312,shadow,analysis_full,silero,webrtc,False,0.0022415986750274897,True,True,False,1,True,True,True,1,0.0,,,,,,,,,,,,,0.027272471974510243,0.5152844459056425,0.4690736058915008,0.015641948166189787,,,,,,,,,,,,,,False,True,temporal_v1,True,0.0004927433133928239,0.15031315240083507,3.738808890261404,0.877354921011329,80.08370447519296,1611.1850655202188,0.014053080609862673,0.01279279677065842,0.0004265945929891528,0.0,0.0,0.17814488388703806,0.12595853822015218,0.09042460204234307,0.057159821327053044,0.3388281612911574,404.87325488506934,0.01069913010896974,0.9204325266174398,-0.0005478264537868741,1833.3333333333335,0.034271977329277815,True,0.004822399001568556,0.17814488388703806,True,True,True,0.85,True,True,True,15,True,False,True,False,True,False,True,False,True,0,3,True,15,15,24,15,webrtc_assisted,webrtc_assisted,,False,False,False,
176,2026-08-18T22:01:56.581080,shadow,analysis_full,silero,webrtc,False,0.0022415986750274897,True,True,True,1,True,True,False,1,0.0,,,,,,,,,,,,,0.01677638940272293,0.41699398014443956,0.5487433967120342,0.03426262308391877,,,,,,,,,,,,,,False,True,temporal_v1,False,0.00038677064159444265,0.1941544885177453,3.7548671309370625,0.8157446592347926,77.65344448043537,1660.1061822376967,0.006995653389494432,0.009205932905413956,0.0005748031068145449,0.0,0.0,0.18862699055514526,0.1482898757158243,0.091539689494129,0.0576381926571604,0.34172613967394994,405.26444978720804,0.007733972497344973,1.3439190301986599,-0.0007886005509573766,2166.666666666667,0.010643540042562558,True,0.004106931388378143,0.18862699055514526,True,True,True,0.85,True,True,True,16,True,True,True,True,True,False,True,False,True,0,0,True,16,15,24,15,,,,False,False,False,
177,2026-08-18T22:01:56.594984,shadow,analysis_full,silero,webrtc,False,0.0016917370958253741,True,True,True,1,True,True,False,1,0.0,,,,,,,,,,,,,0.01833841774822624,0.306708842842195,0.37279191806773265,0.32049923903554206,,,,,,,,,,,,,,False,True,temporal_v1,False,0.00040180736461179113,0.24634655532359082,3.9023046782253856,0.6709845618429044,77.13958238159081,2078.389695576198,0.005624554887115242,0.006836413926688611,0.005877448933422389,0.0,0.0,0.20893436623373568,0.14442641069379306,0.11053790454847734,0.06046391809183023,0.36399661937668976,400.33751260704014,0.008901746962882765,1.525033753516157,-0.0009093460579149811,3400.0000000000005,0.009333480730457226,True,0.0034436940914019942,0.20893436623373568,True,True,True,0.85,True,True,True,17,True,True,True,True,True,False,True,False,True,0,0,True,17,15,24,15,,,,False,False,False,
178,2026-08-18T22:01:56.608904,shadow,analysis_full,silero,webrtc,False,0.003290792228654027,True,True,True,1,True,True,False,1,0.0,,,,,,,,,,,,,0.07025328249279363,0.15721682997795497,0.20942783658355144,0.6333553334242593,,,,,,,,,,,,,,False,True,temporal_v1,False,0.000792356861214516,0.36325678496868474,3.614126985617121,0.5207472512634754,81.9588339647145,2591.1706693023475,0.011044998369062775,0.014712992965358858,0.04449529115737198,0.0,0.0,0.24109499921730057,0.14751163255837,0.19624610316154564,0.0791603462290042,0.3635019377863395,441.80797319399755,0.0072444327661902565,0.7486791946784703,-0.00043683697079501205,3600.0000000000005,0.04636610949845125,True,0.0032711054664105177,0.24109499921730057,True,True,True,0.85,True,True,True,18,True,True,True,True,True,True,True,False,True,0,0,True,18,15,24,15,,,,False,False,False,
179,2026-08-18T22:01:56.619180,shadow,analysis_full,silero,webrtc,False,0.004578199703246355,True,True,True,1,True,True,False,1,0.0,,,,,,,,,,,,,0.03864086147762678,0.21369774230711622,0.16116801425362276,0.6251342434133818,,,,,,,,,,,,,,False,True,temporal_v1,False,0.0006036394325080258,0.3736951983298539,3.844759706444295,0.472321705362232,79.16798611848685,2498.203226166408,0.008257464858570861,0.006227670913398415,0.024155725704657505,0.0,0.0,0.25030509752182734,0.14457017879133455,0.24459306404968034,0.09600639540356577,0.3796847894207174,464.44957486161275,0.006706869765817381,1.1302771833815586,-0.0006666142550990932,3700.0000000000005,0.0241605617548958,True,0.0034633808536455035,0.25030509752182734,True,True,True,0.85,True,True,True,19,True,True,True,True,True,True,True,False,True,0,0,True,19,15,24,15,,,,False,False,False,
180,2026-08-18T22:01:56.627446,shadow,analysis_full,silero,webrtc,False,0.0023416525218635798,True,True,True,1,True,True,False,1,0.0,,,,,,,,,,,,,0.024428169522134023,0.52179847519891,0.14805239343961304,0.3301491313205407,,,,,,,,,,,,,,False,True,temporal_v1,False,0.0004756752435728062,0.2755741127348643,3.5161952791769533,0.6551768003993397,78.5096737677178,2330.983346404318,0.01274658160855002,0.0036166489651005503,0.008064938947483455,0.0,0.0,0.23227851122753512,0.14415298916002206,0.24377022574627635,0.09513993924040468,0.31465832030034435,496.0348875606312,0.006680301217571186,0.8221036021514267,-0.0004892041173195934,3666.666666666667,0.060454242225634655,True,0.0029787732055410743,0.23227851122753512,True,True,True,0.85,True,True,True,20,True,True,True,True,True,True,True,False,True,0,0,True,20,15,24,15,,,,False,False,False,
181,2026-08-18T22:01:56.635150,shadow,analysis_full,silero,webrtc,False,0.0019129051361232996,True,True,True,1,True,True,False,1,0.0,,,,,,,,,,,,,0.041012783399246695,0.14637363273585785,0.09501710339113331,0.7586092638486261,,,,,,,,,,,,,,False,True,temporal_v1,False,0.0006067666802387743,0.38413361169102295,3.714616890171562,0.5570207518381937,79.92786544963634,2466.2653702689877,0.006003190094756623,0.0038969158806043793,0.03111267742288569,0.0,0.0,0.24004615211331903,0.1533986099291804,0.28719474164583114,0.10334682925698527,0.31688771004587474,519.2720402757174,0.00978891063542265,1.1749253075825794,-0.000693544962351294,3600.0000000000005,0.019564255542616663,True,0.0025042033521458507,0.24004615211331903,True,True,True,0.85,True,True,True,21,True,True,True,True,True,False,True,False,True,0,0,True,21,15,24,15,,,,False,False,False,
182,2026-08-18T22:01:56.641856,shadow,analysis_full,silero,webrtc,False,0.0014288416132330894,True,True,True,1,False,True,False,0,0.0,,,,,,,,,,,,,0.03504458469297355,0.22075792308656433,0.1250021868665644,0.6542398900183363,,,,,,,,,,,,,,False,False,temporal_v1,False,0.0005558178071432081,0.35908141962421714,3.6326219999227307,0.5361690468667079,78.99840345608906,2403.9435572041775,0.0077363697322520445,0.004380649724452222,0.022927565235269287,0.0,0.0,0.214116785613383,0.1572040892180873,0.2923251039409995,0.10136360487480976,0.23608977352240007,488.0429939880635,0.007215581823830894,1.140763513967973,-0.0006663439802040549,3533.3333333333335,0.018365163539173765,True,0.0022916255984455347,0.214116785613383,False,True,True,0.85,True,False,False,0,True,True,True,True,True,False,True,False,True,0,0,False,0,15,24,15,,,,False,False,False,
183,2026-08-18T22:01:56.649418,shadow,analysis_full,silero,webrtc,False,0.0014544824371114373,True,True,True,1,False,True,False,0,0.0,,,,,,,,,,,,,0.0202742045413745,0.5369932095480568,0.13326530051712202,0.32974148988549745,,,,,,,,,,,,,,False,False,temporal_v1,False,0.000424914352428298,0.19206680584551147,3.5668740113355697,0.7602468395498504,78.16979493793187,1948.4360985269052,0.010887110167706484,0.002701847960951873,0.006685246411716147,0.0,0.0,0.16132409959960628,0.157756196504015,0.27128726349892357,0.0922625842225214,0.14694735934875824,412.8037466767209,0.007952471935464691,1.1323925457898265,-0.00066527157907163,2733.3333333333335,0.020185571209148503,True,0.0022415986750274897,0.16132409959960628,False,True,True,0.85,True,False,False,0,True,True,True,True,True,False,True,False,True,0,0,False,0,15,24,15,,,,False,False,False,
184,2026-08-18T22:01:56.659128,shadow,analysis_full,silero,webrtc,False,0.0012207464314997196,True,True,True,1,False,True,False,0,0.0,,,,,,,,,,,,,0.01252157792877671,0.6796940366685309,0.24661039822394548,0.07369556502766159,,,,,,,,,,,,,,False,False,temporal_v1,False,0.00033762545364863226,0.17745302713987474,3.663722146347824,0.8859802279278259,76.82213596188733,1590.1001429766766,0.008510841847869825,0.0030879513194077913,0.0009227847604990962,0.0,0.0,0.1777994991501105,0.1501744014272125,0.2640901825450236,0.08700127923665077,0.11449382212000261,373.1469546217253,0.006454819497389429,1.3941138267692081,-0.0008340287335773845,1800.0000000000002,0.0136304626281235,True,0.0020772519055753946,0.1777994991501105,False,True,True,0.85,True,False,False,0,True,True,True,True,True,False,True,False,True,0,0,False,0,15,24,15,,,,False,False,False,
185,2026-08-18T22:01:56.668311,shadow,analysis_full,silero,webrtc,False,0.0009348689927719533,True,True,True,1,False,True,False,0,0.0,,,,,,,,,,,,,0.009583805569794091,0.6919875977569061,0.23945386443700534,0.06855853770174573,,,,,,,,,,,,,,False,False,temporal_v1,False,0.00029495470079633177,0.13987473903966596,3.8465707277675367,0.8888418827008173,75.65044689432642,1564.1127839111448,0.00663187459361107,0.002294879279700091,0.0006570516954829289,0.0,0.0,0.19875215874361007,0.1314493305784648,0.2572268117920717,0.0885000179199947,0.12288421993954965,379.747696996455,0.0045446253409247815,1.7182284384255027,-0.0010393120342336811,1700.0000000000002,0.008121814396464835,True,0.0018023211159743369,0.19875215874361007,False,True,True,0.85,True,False,False,0,True,True,True,True,True,False,True,False,True,0,0,False,0,15,24,15,,,,False,False,False,
186,2026-08-18T22:01:56.677217,shadow,analysis_full,silero,webrtc,False,0.0007299946737475693,True,True,True,1,False,True,False,0,0.0,,,,,,,,,,,,,0.010787144462471216,0.7450139849527101,0.20806797888523335,0.04691803606935357,,,,,,,,,,,,,,False,False,temporal_v1,False,0.0003127095978444409,0.10438413361169102,3.5287876736063573,0.914646572648786,76.28796899322245,1454.0760495119655,0.008036573482246241,0.0022444593462494227,0.0005061116329755521,0.0,0.0,0.22584972845542425,0.0765979052465244,0.2555343579186056,0.09964634269842966,0.13219655592444757,408.28626734723747,0.0032139801315736447,1.7581784482722556,-0.0010630461596074525,1133.3333333333335,0.005387645072086813,True,0.0015731097664684057,0.22584972845542425,False,True,True,0.85,True,False,False,0,True,True,True,True,True,False,True,False,True,0,0,False,0,15,24,15,,,,False,False,False,
187,2026-08-18T22:01:56.687106,shadow,analysis_full,silero,webrtc,False,0.000662716047372669,True,True,False,1,False,True,False,0,0.0,,,,,,,,,,,,,0.01025115438894357,0.7701837299635304,0.18489435186675804,0.04492191807216153,,,,,,,,,,,,,,False,False,temporal_v1,False,0.0003098629229421569,0.10855949895615867,3.4758356989622965,0.9230216172658545,76.2473507491519,1447.6222559405437,0.007895272323708574,0.0018953805466297934,0.0004605015176052022,0.0,0.0,0.244237077968235,0.048182206903189244,0.2750227332284744,0.10980913178530369,0.12306246361147535,451.9893927718066,0.005277555795606978,1.857543821705751,-0.0011316764363423779,1200.0,0.004300562162788718,True,0.0014416620251722634,0.244237077968235,False,True,True,0.85,True,False,False,0,True,False,True,False,True,False,True,False,True,0,1,False,0,15,24,15,,,,False,False,False,
188,2026-08-18T22:01:56.694677,shadow,analysis_full,silero,webrtc,False,0.0022868511732667685,True,True,False,1,False,True,False,0,0.0,,,,,,,,,,,,,0.008166852914854113,0.614410098999278,0.22913102058393076,0.15645888029434502,,,,,,,,,,,,,,False,False,temporal_v1,False,0.0002768023589285656,0.22129436325678498,4.0177921200367,0.7988358494137318,74.62879536134061,2052.5476111346297,0.005017796907928058,0.0018712793433393728,0.0012777766625866824,0.0,0.0,0.22363469767315103,0.04991747166389927,0.26401333974850955,0.10292699030446656,0.1663955274056484,412.1869194154305,0.0045841366235155594,0.8435985102285275,-0.0005075812524310927,2633.3333333333335,0.08153430058034812,True,0.0014416620251722634,0.22363469767315103,False,True,True,0.85,True,False,False,0,True,False,True,False,True,False,True,False,True,0,2,False,0,15,24,15,,,,False,False,False,
189,2026-08-18T22:01:56.706113,shadow,analysis_full,silero,webrtc,False,0.0025095243472605944,True,True,True,1,False,True,False,0,0.0,,,,,,,,,,,,,0.014401897896002077,0.09095051576038701,0.15882349374373972,0.7502259904264379,,,,,,,,,,,,,,False,False,temporal_v1,False,0.00038527894116840956,0.3736951983298539,4.061418021924298,0.4331247058271518,74.8750549944525,2971.008640338018,0.0013098600415698215,0.002287359740383664,0.01080467811304859,0.0,0.0,0.24236952419651805,0.04999703431628014,0.2811128796190089,0.10292699030446656,0.19752914251112913,489.3181821831807,0.009218945236998174,1.0680088917088364,-0.0006706969078790757,3966.666666666667,0.03058836199792862,True,0.0014416620251722634,0.24236952419651805,False,True,True,0.85,True,False,False,0,True,True,True,True,True,False,True,False,True,0,0,False,0,15,24,15,,,,False,False,False,
190,2026-08-18T22:01:56.717033,shadow,analysis_full,silero,webrtc,False,0.0017973901703953743,True,True,True,1,False,True,False,0,0.0,,,,,,,,,,,,,0.01777676926421902,0.27448240387773504,0.14636705369090863,0.5791505423751031,,,,,,,,,,,,,,False,False,temporal_v1,False,0.0004299604843988171,0.3987473903966597,4.350547142351099,0.4890409749437937,76.35990495749638,2742.662949222491,0.004879410360822672,0.0026019333413468395,0.010295425561049508,0.0,0.0,0.25151436575337255,0.050096503794107655,0.2916208332998722,0.11398747390396659,0.2656902936882944,529.1984776002995,0.004463416620486624,0.7151039388813224,-0.0004276597232322835,3933.3333333333335,0.09599411613962125,True,0.0014416620251722634,0.25151436575337255,False,True,True,0.85,True,False,False,0,True,True,True,True,True,False,True,False,True,0,0,False,0,15,24,15,,,,False,False,False,
191,2026-08-18T22:01:56.724072,shadow,analysis_full,silero,webrtc,False,0.0010323101887479424,True,True,True,1,False,True,False,0,0.0,,,,,,,,,,,,,0.023678895116867882,0.18326076316825743,0.08967753310971728,0.7270617036797937,,,,,,,,,,,,,,False,False,temporal_v1,False,0.00047809698038496886,0.3924843423799583,3.8340385839914184,0.5414281210801551,77.72717649912265,2730.2638839702217,0.004339412390098332,0.0021234649008444423,0.01721601782492511,0.0,0.0,0.2468646168701781,0.05098447585199437,0.2872812380534688,0.11502278990417722,0.2649015496271046,554.5800173446548,0.005103426359665025,0.9938637339605076,-0.0006053949314895848,3700.0000000000005,0.0385638734637679,True,0.0013247940223664045,0.2468646168701781,False,True,True,0.85,True,False,False,0,True,True,True,True,True,False,True,False,True,0,0,False,0,15,24,15,,,,False,False,False,
192,2026-08-18T22:01:56.729131,shadow,analysis_full,silero,webrtc,False,0.0010323101887479424,True,True,True,1,False,True,False,0,0.0,,,,,,,,,,,,,0.012572056802378514,0.33392292981136673,0.2008176929298296,0.46525937717926225,,,,,,,,,,,,,,False,False,temporal_v1,False,0.00034444819175497173,0.35073068893528186,4.14586162807425,0.545667353891863,74.89570846780373,2378.7468578321023,0.004198098041205156,0.002524691442436424,0.005849267317736935,0.0,0.0,0.23708601079351344,0.04838894602346238,0.2720013931683854,0.11423192184953718,0.27734970341766557,553.2056324264173,0.003929907653533588,1.195034566638204,-0.0007151835214064955,3700.0000000000005,0.028098717846629113,True,0.001126528310123831,0.23708601079351344,False,True,True,0.85,True,False,False,0,True,True,True,True,True,False,True,False,True,0,0,False,0,15,24,15,,,,False,False,False,
193,2026-08-18T22:01:56.742817,shadow,analysis_full,silero,webrtc,False,0.0011866592103615403,True,True,True,1,False,True,False,0,0.0,,,,,,,,,,,,,0.0057992968690188055,0.5204117244236273,0.2649329345233145,0.2146553408806234,,,,,,,,,,,,,,False,False,temporal_v1,False,0.00023236404533691127,0.2150313152400835,3.7761651818923148,0.7278898110665208,72.68147681635973,2114.736067603351,0.0030180220840506193,0.001536424737681022,0.0012448500462871638,0.0,0.0,0.23682400427370562,0.05072822980296829,0.2739511339120177,0.11335347940254624,0.26277319826378154,551.2576479390935,0.005654412295246944,1.35290053451179,-0.0008157734067138614,3633.3333333333335,0.01791731660833528,True,0.0011094846995547414,0.23682400427370562,False,True,True,0.85,True,False,False,0,True,True,True,True,True,False,True,False,True,0,0,False,0,15,24,15,,,,False,False,False,
194,2026-08-18T22:01:56.761214,shadow,analysis_full,silero,webrtc,False,0.001414421945810318,True,True,True,1,False,True,False,0,0.0,,,,,,,,,,,,,0.005811065992955346,0.6372737855060113,0.3097892048833248,0.052937009438578375,,,,,,,,,,,,,,False,False,temporal_v1,False,0.0002340798149879822,0.16701461377870563,3.751584564699832,0.8643096264853648,73.49155305657193,1727.9505548190662,0.003703240023155902,0.0018002055134821648,0.000307620455317279,0.0,0.0,0.23375596567557327,0.059674158609768005,0.27582647562775875,0.11404634206033308,0.25713502959830087,539.824763846843,0.006464731469110703,1.172962030180527,-0.0006982076460884018,2000.0000000000002,0.0261737303890028,True,0.0011094846995547414,0.23375596567557327,False,True,True,0.85,True,False,False,0,True,True,True,True,True,False,True,False,True,0,0,False,0,15,24,15,,,,False,False,False,
195,2026-08-18T22:01:56.775092,shadow,analysis_full,silero,webrtc,False,0.000996595830656588,True,True,False,1,False,True,False,0,0.0,,,,,,,,,,,,,0.005602392564366022,0.627238756847417,0.27603204274691795,0.09672920022716977,,,,,,,,,,,,,,False,False,temporal_v1,False,0.000224533562650921,0.17118997912317327,3.4072104480815235,0.8481359474194706,73.04072794656233,1795.557014653233,0.0035140377474441567,0.001546439863812097,0.0005419149521097681,0.0,0.0,0.2288102581362322,0.06282256582748207,0.2734737478008407,0.11145742649252591,0.29381819373403,520.1689144177751,0.005696330162336869,1.020982497021011,-0.0006057504924578922,2233.3333333333335,0.024054501048616967,True,0.0011094846995547414,0.2288102581362322,False,True,True,0.85,True,False,False,0,True,False,True,False,True,False,True,False,True,0,1,False,0,15,24,15,,,,False,False,False,
196,2026-08-18T22:01:56.787625,shadow,analysis_full,silero,webrtc,False,0.0006771948537789285,True,True,False,1,False,True,False,0,0.0,,,,,,,,,,,,,0.004274933550175208,0.30801449947303483,0.5921990758813797,0.09978642441166362,,,,,,,,,,,,,,False,False,temporal_v1,False,0.0001965762192520389,0.1941544885177453,3.279561488295383,0.7647741468092215,71.41037001456284,2041.5272844528026,0.0013167415177377005,0.0025316116978680637,0.0004265803335694432,0.0,0.0,0.2153002284050044,0.13160583032886747,0.2687404251083075,0.10260615212829287,0.327381743936994,469.96486690576205,0.008491617242596061,0.9198289979620689,-0.0005360425310037709,2166.666666666667,0.02646259367213323,True,0.0011094846995547414,0.2153002284050044,False,True,True,0.85,True,False,False,0,True,False,True,False,True,False,True,False,True,0,2,False,0,15,24,15,,,,False,False,False,
197,2026-08-18T22:01:56.802921,shadow,analysis_full,silero,webrtc,False,0.0004030826676171273,True,True,False,1,False,True,False,0,0.0,,,,,,,,,,,,,0.003047956338407183,0.6968937309233234,0.2426762817723055,0.06042998697628237,,,,,,,,,,,,,,False,False,temporal_v1,False,0.00016801126996475978,0.14822546972860126,3.492548927761651,0.8876576999664771,70.64997492056244,1601.124322954523,0.0021241016643639733,0.0007396667112089861,0.00018418796183422337,0.0,0.0,0.20479104025021358,0.13008804344422314,0.26719627509315474,0.09733371289316872,0.32570991432176716,447.0808370678681,0.011385423631306263,1.3252715991873987,-0.0007935970061306485,2033.3333333333335,0.014789516831574662,True,0.0011094846995547414,0.20479104025021358,False,True,True,0.85,True,False,False,0,True,False,True,False,True,False,True,False,True,0,3,False,0,15,24,15,,,,False,False,False,
198,2026-08-18T22:01:56.821356,shadow,analysis_full,silero,webrtc,False,0.0003291282046120614,True,True,False,1,False,True,False,0,0.0,,,,,,,,,,,,,0.0018664613535524686,0.7774301817534749,0.15371976307554142,0.06885005463521042,,,,,,,,,,,,,,False,False,temporal_v1,False,0.00013449675738153705,0.13778705636743216,3.1568979670859774,0.8912830900713329,68.64490538765786,1789.8486258411792,0.0014510433893281324,0.0002869119970577398,0.00012850596616659625,0.0,0.0,0.2244694268901545,0.13328624409538697,0.2737788838549529,0.10393410296175717,0.37054021843565926,463.31375993246763,0.005472922404851224,0.9193836517520042,-0.0005421594137297475,1766.6666666666667,0.03636616862992377,True,0.0010323101887479424,0.2244694268901545,False,True,True,0.85,True,False,False,0,True,False,True,False,True,False,True,False,True,0,4,False,0,15,24,15,,,,False,False,False,
199,2026-08-18T22:01:56.839089,shadow,analysis_full,silero,webrtc,False,0.00024514898541383445,True,True,False,1,False,True,False,0,0.0,,,,,,,,,,,,,0.0028411251523164866,0.7863101835677823,0.18190540684940598,0.03178440923083847,,,,,,,,,,,,,,False,False,temporal_v1,False,0.00016310326786588036,0.11899791231732777,3.5008618194231085,0.9239845034631106,70.55677188823573,1453.6655844943118,0.00223400564005702,0.000516816026742211,9.03034845172555e-05,0.0,0.0,0.2113459534974931,0.13199339848910058,0.24159999234205756,0.10290581574525226,0.3576720704111119,429.7187848171409,0.00972890917909954,1.675393493572266,-0.0010232590092163288,1333.3333333333335,0.006797271587517546,True,0.0010144530097022653,0.2113459534974931,False,True,True,0.85,True,False,False,0,True,False,True,False,True,False,True,False,True,0,5,False,0,15,24,15,,,,False,False,False,
200,2026-08-18T22:01:56.847222,shadow,analysis_full,silero,webrtc,False,0.00023391537251882255,True,True,False,1,False,True,False,0,0.0,,,,,,,,,,,,,0.007405291930713278,0.39800838580958275,0.42598691955610885,0.17600469449926975,,,,,,,,,,,,,,False,False,temporal_v1,False,0.0002586998765500492,0.1419624217118998,4.2026737965981695,0.7823381797305058,73.9426888011496,1920.090044222206,0.00294736828779192,0.003154557497978259,0.001303366143943098,0.0,0.0,0.2002751107769212,0.13746916678303547,0.2136011766644075,0.08848031666245,0.3312949967281357,359.94836128079436,0.0065319396705877724,1.3114011331335682,-0.0007727912500188882,2600.0,0.027023159513329894,True,0.0008368953422177583,0.2002751107769212,False,True,True,0.85,True,False,False,0,True,False,True,False,True,False,True,False,True,0,6,False,0,15,24,15,,,,False,False,False,
201,2026-08-18T22:01:56.858080,shadow,analysis_full,silero,webrtc,False,0.00041198020335286856,True,True,False,1,False,True,False,0,0.0,,,,,,,,,,,,,0.006400664481310747,0.45157253681582915,0.3802969889804836,0.16813047404745352,,,,,,,,,,,,,,False,False,temporal_v1,False,0.0002418893030537864,0.24217118997912318,4.001219847452838,0.7490692230779914,73.16093324258118,1982.3559250207954,0.0028903642971324674,0.0024341534297168056,0.001076146753461474,0.0,0.0,0.1677799137569682,0.12569310728420693,0.12145329567068842,0.06471950971727981,0.3438995414708206,252.96855943759377,0.004996839891240856,1.4974207819674707,-0.0009078649615056166,2766.666666666667,0.01439746122281487,True,0.0005445875285658985,0.1677799137569682,False,True,True,0.85,True,False,False,0,True,False,True,False,True,False,True,False,True,0,7,False,0,15,24,15,,,,False,False,False,
202,2026-08-18T22:01:56.865455,shadow,analysis_full,silero,webrtc,False,0.0004492790321819484,True,True,False,1,False,True,False,0,0.0,,,,,,,,,,,,,0.008879080966242925,0.5309373326525203,0.38666572670425486,0.08239694053060052,,,,,,,,,,,,,,False,False,temporal_v1,False,0.00028407157931333314,0.18162839248434237,3.462547893649462,0.8414557988771085,75.08250815390168,1737.0821526785005,0.0047142355646227815,0.003433236294278238,0.0007316091063419054,0.0,0.0,0.15160233598631062,0.12294447862143018,0.057464767257410884,0.03582125235260919,0.308959962660121,192.6534716668323,0.006252368687893743,1.0528661110074837,-0.0006118495001661624,2333.3333333333335,0.01908568059690945,True,0.0004306296177674085,0.15160233598631062,False,True,True,0.85,True,False,False,0,True,False,True,False,True,False,True,False,True,0,8,False,0,15,24,15,,,,False,False,False,
203,2026-08-18T22:01:56.871627,shadow,analysis_full,silero,webrtc,False,0.00038187415339052677,True,True,False,1,False,True,False,0,0.0,,,,,,,,,,,,,0.0041362538377125516,0.4220993592441524,0.47120848899579054,0.1066921515182923,,,,,,,,,,,,,,False,False,temporal_v1,False,0.00019564690064096226,0.1524008350730689,3.957945797867438,0.8243299162348099,71.69292925070464,1797.9428654261217,0.0017459100945696343,0.0019490379209715712,0.00044130582117134557,0.0,0.0,0.15778215006636945,0.12889690120976163,0.04457775760536352,0.0330889471259463,0.32360659180795026,165.06062816099399,0.0073613359031026344,0.9441790670669403,-0.0005598915259753194,2300.0,0.04002826922962692,True,0.00040753143548499793,0.15778215006636945,False,True,True,0.85,True,False,False,0,True,False,True,False,True,False,True,False,True,0,9,False,0,15,24,15,,,,False,False,False,
204,2026-08-18T22:01:56.877693,shadow,analysis_full,silero,webrtc,False,0.00029158403049223125,True,True,False,1,False,True,False,0,0.0,,,,,,,,,,,,,0.0037957798886651384,0.6717855337662355,0.16076256333747307,0.16745190263284093,,,,,,,,,,,,,,False,False,temporal_v1,False,0.0001854272397799614,0.16075156576200417,3.747013426025428,0.827102411651055,71.22868115770402,1834.6380863482116,0.002549950018566052,0.0006102193047666358,0.0006356105643324506,0.0,0.0,0.15972187479845298,0.13990961157555648,0.04709960032209851,0.03311462222780518,0.3234254193492258,164.49380508009284,0.007926342090730877,1.192467462501891,-0.0007043927679442026,2633.3333333333335,0.024962910443245036,True,0.00039247841050382704,0.15972187479845298,False,True,True,0.85,True,False,False,0,True,False,True,False,True,False,True,False,False,0,0,False,0,15,24,24,,,,False,False,False,
205,2026-08-18T22:01:56.886940,shadow,analysis_full,silero,webrtc,False,0.0002117696130881086,True,True,False,1,False,True,False,0,0.0,,,,,,,,,,,,,0.005079714032618868,0.39746804739644226,0.44056585983770274,0.16196609256899341,,,,,,,,,,,,,,False,False,temporal_v1,False,0.00021653032369896088,0.13987473903966596,4.300631698379705,0.7864069194003548,72.39038431233777,1802.2621957581664,0.002019024017877329,0.002237948580510376,0.0008227414332311623,0.0,0.0,0.16581828603735277,0.14258033043018925,0.04982684577143092,0.03384686718685548,0.3718446565989135,164.5068125181909,0.005074995912690517,1.123460138296848,-0.000660517658484169,2533.3333333333335,0.03319151686876212,True,0.0003555011790012941,0.16581828603735277,False,True,True,0.85,True,False,False,0,True,False,True,False,True,False,True,False,False,0,0,False,0,15,24,24,,,,False,False,False,
206,2026-08-18T22:01:56.894255,shadow,analysis_full,silero,webrtc,False,0.0002505687007214874,True,True,False,1,False,True,False,0,0.0,,,,,,,,,,,,,0.006452361484888585,0.47468821363677716,0.49051115123762273,0.03480063497061797,,,,,,,,,,,,,,False,False,temporal_v1,False,0.00024058788026712162,0.15657620041753653,3.755610621931969,0.8660576510540258,73.74290002366894,1565.8632662567281,0.0030628599470005056,0.003164955260153997,0.00022454627673408218,0.0,0.0,0.14875371165168066,0.12729437765250762,0.05500981877852321,0.03208585572810066,0.34302245887869887,155.1546490590581,0.005096376934924405,1.1846224813017543,-0.0006915716006993948,2000.0000000000002,0.014866459148588645,True,0.0003103561175521463,0.14875371165168066,False,True,True,0.85,True,False,False,0,True,False,True,False,True,False,True,False,False,0,0,False,0,15,24,24,,,,False,False,False,
207,2026-08-18T22:01:56.904000,shadow,analysis_full,silero,webrtc,False,0.00022296371753327549,True,True,False,1,False,True,False,0,0.0,,,,,,,,,,,,,0.0012919042578989216,0.43261671629018467,0.5311727902364051,0.03621049269935907,,,,,,,,,,,,,,False,False,temporal_v1,False,0.00011496210077348751,0.16075156576200417,3.9037623785820257,0.8506251641065226,66.98451286544638,1602.558537851051,0.0005588993778135393,0.0006862243893864625,4.67804896989198e-05,0.0,0.0,0.14565687635429828,0.1358608056146159,0.05743593142465456,0.031922436190689164,0.3332694513135336,155.01896727432558,0.00663583561878797,1.5657010312370645,-0.0009316451271097476,2166.666666666667,0.00803756330187142,True,0.0002710763656068593,0.14565687635429828,False,True,True,0.85,True,False,False,0,True,False,True,False,True,False,True,False,False,0,0,False,0,15,24,24,,,,False,False,False,
208,2026-08-18T22:01:56.910136,shadow,analysis_full,silero,webrtc,False,0.00022296371753327549,True,True,False,1,False,True,False,0,0.0,,,,,,,,,,,,,0.0030329062497058776,0.5257111481594274,0.4243298149671293,0.04995903654372654,,,,,,,,,,,,,,False,False,temporal_v1,False,0.00016636792155497754,0.1649269311064718,3.8461286849106133,0.8614485723893575,70.4315277787926,1642.6111781240982,0.00159443262679278,0.0012869525477503451,0.00015152107416275255,0.0,0.0,0.12115291496191644,0.1173079908059992,0.05883578887546644,0.03112258063229098,0.2555821850795607,157.37920622342966,0.006412750400279757,1.2291297884064298,-0.0007221190748616696,2100.0,0.0194110284085482,True,0.00024785884306766093,0.12115291496191644,False,True,True,0.85,True,False,False,0,True,False,True,False,True,False,True,False,False,0,0,False,0,15,24,24,,,,False,False,False,
209,2026-08-18T22:01:56.922509,shadow,analysis_full,silero,webrtc,False,0.0001966260897461325,True,True,False,1,False,True,False,0,0.0,,,,,,,,,,,,,0.01599887113946691,0.3947583716686863,0.5841530471560442,0.021088581112765247,,,,,,,,,,,,,,False,False,temporal_v1,False,0.0003748716158239911,0.1419624217118998,3.3415448340322134,0.8900612019636522,77.75829866115468,1666.5976325920774,0.006315688319553098,0.00934578932717649,0.0003373934917373269,0.0,0.0,0.082275750345461,0.10786745762255527,0.06017610989978458,0.028610394284440323,0.2816021717323998,130.05516012722356,0.01069840420454177,0.7921623881112573,-0.00046511224740333106,1333.3333333333335,0.02843308942591471,True,0.00024224203662015498,0.082275750345461,False,True,True,0.85,True,False,False,0,True,False,True,False,True,False,True,False,False,0,0,False,0,15,24,24,,,,False,False,False,
210,2026-08-18T22:01:56.934257,shadow,analysis_full,silero,webrtc,False,0.00019555793551262468,True,True,False,1,False,True,False,0,0.0,,,,,,,,,,,,,0.040459833327387375,0.17487333555551499,0.8085849751071237,0.01654168931264552,,,,,,,,,,,,,,False,False,temporal_v1,False,0.0005941565256340966,0.162839248434238,3.2700468008526737,0.8609086911192422,81.63291110932823,1629.714015716397,0.007075346009980421,0.032715213323863894,0.0006692739925430628,0.0,0.0,0.12025606331980337,0.15663934351912706,0.05916696731671771,0.027649778774084487,0.30356945507947214,122.17599517169913,0.011421396174743026,1.0266844117022391,-0.0005990375989303247,1466.6666666666667,0.013105203303822114,True,0.00023676620912738144,0.12025606331980337,False,True,True,0.85,True,False,False,0,True,True,True,False,True,False,True,False,False,1,0,False,0,15,24,24,,,,False,False,False,
211,2026-08-18T22:01:56.948663,shadow,analysis_full,silero,webrtc,False,0.0002330040733795613,True,True,True,1,False,True,False,0,0.0,,,,,,,,,,,,,0.018522238460109676,0.26497733103051185,0.715342838851555,0.019679830063944026,,,,,,,,,,,,,,False,False,temporal_v1,False,0.0004030737106423711,0.20250521920668058,3.768498969966972,0.8182347622596361,78.02725655198336,1636.0506389176132,0.00490797331187056,0.013249750641940311,0.0003645145052988067,0.0,0.0,0.13209380896359132,0.16962815238448473,0.05478887224230145,0.017461815170210004,0.29281101009473554,89.30965154963873,0.010439366291571295,1.2197538280257305,-0.0007174890669596855,2200.0,0.012910468506476702,True,0.0002279838954564184,0.13209380896359132,False,True,True,0.85,True,False,False,0,True,True,True,True,True,False,True,False,False,2,0,False,0,15,24,24,,,,False,False,False,
212,2026-08-18T22:01:56.957905,shadow,analysis_full,silero,webrtc,False,0.00025886733783409,True,True,True,1,False,True,False,0,0.0,,,,,,,,,,,,,0.011559146158719426,0.19688684217686309,0.7783586085777389,0.0247545491588865,,,,,,,,,,,,,,False,False,temporal_v1,False,0.000320062973404966,0.23799582463465555,3.341560677578488,0.7465919259310544,75.61141752958416,1790.2077144624143,0.002275843785451085,0.008997160920447568,0.00028614145182077406,0.0,0.0,0.14380835026181793,0.18330082890430763,0.056162594697556315,0.028414734005879336,0.3060349194266482,93.34986889681724,0.008972970251185049,1.0680067675614269,-0.0006197372108869013,2200.0,0.01609583484139087,True,0.0002279838954564184,0.14380835026181793,False,True,True,0.85,True,False,False,0,True,True,True,True,True,False,True,False,False,3,0,False,0,15,24,24,,,,False,False,False,
213,2026-08-18T22:01:56.969769,shadow,analysis_full,silero,webrtc,False,0.0003805612795986235,True,True,True,1,False,True,False,0,0.0,,,,,,,,,,,,,0.002679227415088244,0.3600765139359123,0.5825680590990343,0.05735542659181153,,,,,,,,,,,,,,False,False,temporal_v1,False,0.00015797466333398755,0.1649269311064718,4.011489735479808,0.8196944063569073,69.74860143564965,1691.9827523126885,0.0009647268676665003,0.0015608323150928809,0.00015366823132886273,0.0,0.0,0.14386860632793427,0.18213194972948882,0.05432499680126629,0.0279694943738851,0.31052929645438104,87.07583289865505,0.008656234587479609,1.3925883373927492,-0.0008090569702587135,2166.666666666667,0.012680658674814028,True,0.0002279838954564184,0.14386860632793427,False,True,True,0.85,True,False,False,0,True,True,True,True,True,False,True,False,False,4,0,False,0,15,24,24,,,,False,False,False,
214,2026-08-18T22:01:56.978945,shadow,analysis_full,silero,webrtc,False,0.0001969862059922889,True,True,True,1,False,True,False,0,0.0,,,,,,,,,,,,,0.0008495369992667983,0.4975775089446621,0.4674807912009825,0.03494169867724359,,,,,,,,,,,,,,False,False,temporal_v1,False,9.266112566724767e-05,0.14613778705636743,3.700003426922415,0.8730766686950213,65.02806367185651,1594.964495718578,0.00042271050385149674,0.0003971422285717514,2.9684265843550175e-05,0.0,0.0,0.11657709720684034,0.13289603116560386,0.04070388420128483,0.028749444651527366,0.3105712255591475,75.09394959667952,0.005216132893824792,1.2187932758059161,-0.0007258147906544514,1833.3333333333335,0.019426554526780958,True,0.00022296371753327549,0.11657709720684034,False,True,True,0.85,True,False,False,0,True,True,True,True,True,False,True,False,False,5,0,False,0,15,24,24,,,,False,False,False,
215,2026-08-18T22:01:56.989119,shadow,analysis_full,silero,webrtc,False,0.00018361746333539486,True,True,True,1,False,True,False,0,0.0,,,,,,,,,,,,,0.01681104437186673,0.4358634677563255,0.5466482936110273,0.017488238573162736,,,,,,,,,,,,,,False,False,temporal_v1,False,0.0003947884715267996,0.13987473903966596,3.710360386715929,0.8889760057930692,78.20326782193092,1801.447584020514,0.007327320096527291,0.009189728719700212,0.00029399555463923007,0.0,0.0,0.11797775489497878,0.1251675832762074,0.01329431404331409,0.028749444651527366,0.24439711687794238,74.94234426453376,0.008148532639293847,0.6335681045775388,-0.00038559284650856813,1400.0,0.07951968196265168,True,0.00022296371753327549,0.11797775489497878,False,True,True,0.85,True,False,False,0,True,True,True,True,True,False,True,False,False,6,0,False,0,15,24,24,,,,False,False,False,
216,2026-08-18T22:01:56.998733,shadow,analysis_full,silero,webrtc,False,0.0006490332307294011,True,True,True,1,False,True,False,0,0.0,,,,,,,,,,,,,0.06425459766886057,0.3238146211766812,0.6053405040799876,0.07084487472776799,,,,,,,,,,,,,,False,False,temporal_v1,False,0.0007517614525574156,0.16910229645093947,3.504919323012284,0.862273616491475,83.68771114857361,1767.7445441324883,0.02080657820300215,0.03889591054232486,0.00455210892253356,0.0,0.0,0.11394547461198463,0.12042362617715,0.0178614336504151,0.028502794431525702,0.24665372923897913,73.44856520970505,0.006078927740820401,0.9759834980483169,-0.0005880133602009049,1366.6666666666667,0.03139963800285922,True,0.00022296371753327549,0.11394547461198463,False,True,True,0.85,True,False,False,0,True,True,True,True,True,True,True,False,False,7,0,False,0,15,24,24,,,,False,False,False,
217,2026-08-18T22:01:57.009110,shadow,analysis_full,silero,webrtc,False,0.001325175166130066,True,True,True,1,False,True,False,0,0.0,,,,,,,,,,,,,0.3049086297444926,0.1089830158965432,0.43057422175905247,0.46044276234112463,,,,,,,,,,,,,,False,False,temporal_v1,False,0.0016318146694183802,0.21085594989561587,3.6361017465218715,0.6392119229963678,89.12772998188467,2112.182711615518,0.03322986204243725,0.13128579595985398,0.14039297174120138,0.0,0.0,0.1332521477284344,0.12994585764085453,0.12895326096976512,0.030897703549060546,0.23055819528792793,143.64055170118513,0.017313817430032116,1.5180349555781683,-0.0009023126726627189,2666.666666666667,0.006132981874896935,True,0.0002279838954564184,0.1332521477284344,False,True,True,0.85,True,False,False,0,True,True,True,True,True,True,True,False,False,8,0,False,0,15,24,24,,,,False,False,False,
218,2026-08-18T22:01:57.024512,shadow,analysis_full,silero,webrtc,False,0.0008518650429323316,True,True,True,1,False,True,False,0,0.0,,,,,,,,,,,,,0.10783188928153584,0.09385868197274562,0.5364888447766308,0.36965247324134975,,,,,,,,,,,,,,False,False,temporal_v1,False,0.00097449001643093,0.2755741127348643,3.8439168350487702,0.6565803872285406,84.76315519456844,2135.662283872578,0.01012095900259599,0.05785060571073272,0.03986032456720712,0.0,0.0,0.13226804699747458,0.11918263727145172,0.15517258265614228,0.04304931262464199,0.23033545438474268,183.20411004712517,0.008104891360460404,1.0941795493287305,-0.0006341687209360992,2666.666666666667,0.0245267556840202,True,0.00024593570560682565,0.13226804699747458,False,True,True,0.85,True,False,False,0,True,True,True,True,True,True,True,False,False,9,0,False,0,15,24,24,,,,False,False,False,
219,2026-08-18T22:01:57.043137,shadow,analysis_full,silero,webrtc,False,0.0005513145588338375,True,True,True,1,False,True,False,0,0.0,,,,,,,,,,,,,0.08894050434327916,0.11417772562186776,0.5872926066395008,0.2985296677273879,,,,,,,,,,,,,,False,False,temporal_v1,False,0.0008828868988468923,0.27348643006263046,3.8935264974044093,0.6594360649757931,83.92352939434187,2139.32100624738,0.010155024501577466,0.05223410063159625,0.02655137920910543,0.0,0.0,0.135758188883844,0.11912997195314601,0.16159399952035933,0.04767967406637227,0.22477877226994314,206.64743758063014,0.0032059089118950676,0.9777076066851592,-0.000560354387023006,2700.0,0.031459928422866275,True,0.00031971430871635675,0.135758188883844,False,True,True,0.85,True,False,False,0,True,True,True,True,True,True,True,False,True,0,0,False,0,15,24,15,,,,False,False,False,
220,2026-08-18T22:01:57.054880,shadow,analysis_full,silero,webrtc,False,0.0005895478534512222,True,True,True,1,False,True,False,0,0.0,,,,,,,,,,,,,0.05031792098808777,0.2631747983678416,0.5212186066205077,0.2156065949917771,,,,,,,,,,,,,,False,False,temporal_v1,False,0.0006688385730404447,0.24425887265135698,4.277047664156694,0.7455493616459586,82.03995407375575,1884.8883638054338,0.013242408710328984,0.02622663666545191,0.010848875611306881,0.0,0.0,0.1329651269852339,0.09986635683479203,0.15774127872221685,0.04787534789772141,0.24826129886314385,195.82016159266763,0.005311308545170143,1.5254686783376965,-0.000906810938881425,2633.3333333333335,0.01439097274280346,True,0.0004659379192162305,0.1329651269852339,False,True,True,0.85,True,False,False,0,True,True,True,True,True,True,True,False,True,0,0,False,0,15,24,15,,,,False,False,False,
221,2026-08-18T22:01:57.069929,shadow,analysis_full,silero,webrtc,False,0.0012523768236860633,True,True,True,1,False,True,False,0,0.0,,,,,,,,,,,,,0.06395158149936599,0.28760546113949426,0.43794945697483756,0.2744450818700313,,,,,,,,,,,,,,False,False,temporal_v1,False,0.0007553141228356064,0.24008350730688935,4.132541309277317,0.7218572479376801,82.9574120132191,2107.6473284433737,0.018392824087725104,0.0280075603903294,0.01755119702031148,0.0,0.0,0.13312195729928405,0.09607671945705365,0.15404705774298252,0.04888076152299019,0.27118877886837295,194.0842457009826,0.0040220009623792045,0.8319499353311196,-0.0004906579814259529,2633.3333333333335,0.07799243053402809,True,0.0005704312061425298,0.13312195729928405,False,True,True,0.85,True,False,False,0,True,True,True,True,True,True,True,False,True,0,0,False,0,15,24,15,,,,False,False,False,
222,2026-08-18T22:01:57.081115,shadow,analysis_full,silero,webrtc,False,0.0007529814029112458,True,True,True,1,False,True,False,0,0.0,,,,,,,,,,,,,0.0677048784339613,0.547788269186657,0.32207338587198076,0.13013834492659213,,,,,,,,,,,,,,False,False,temporal_v1,False,0.0007740094778724967,0.19832985386221294,3.4801413155594463,0.8082666293016761,83.66120632095999,2051.7975229612102,0.03708793817283268,0.021805939437276763,0.008811000822851843,0.0,0.0,0.1542673328488742,0.08410456803764325,0.14631209264285414,0.04806931854313544,0.24984586479692758,194.79972900368583,0.005903510036267514,0.8970458091096095,-0.0005245906195176979,2466.666666666667,0.04331195743173376,True,0.0006192905420903116,0.1542673328488742,False,True,True,0.85,True,False,False,0,True,True,True,True,True,False,True,False,True,0,0,False,0,15,24,15,,,,False,False,False,
223,2026-08-18T22:01:57.091162,shadow,analysis_full,silero,webrtc,False,0.0005600650329142809,True,True,True,1,False,True,False,0,0.0,,,,,,,,,,,,,0.03825471925518892,0.26088613013978146,0.5771532952741187,0.16196057455995932,,,,,,,,,,,,,,False,False,temporal_v1,False,0.000581766804196271,0.20250521920668058,3.8346058933038756,0.7838228343781236,81.04235176087302,1968.0482182256133,0.00998012566607002,0.022078837277918567,0.006195756310200337,0.0,0.0,0.1534842026609145,0.08361145552401805,0.13984050351062174,0.04612030766864989,0.2417216838470412,178.13649212753052,0.007627687685895031,1.1721561081819878,-0.000695799889193815,2566.666666666667,0.02835531092143039,True,0.0006192905420903116,0.1534842026609145,False,True,True,0.85,True,False,False,0,True,True,True,True,True,False,True,False,True,0,0,False,0,15,24,15,,,,False,False,False,
224,2026-08-18T22:01:57.104946,shadow,analysis_full,silero,webrtc,False,0.0005600650329142809,True,True,True,1,False,True,False,0,0.0,,,,,,,,,,,,,0.05691673749014508,0.5956947512421621,0.32864441792078297,0.07566083081948548,,,,,,,,,,,,,,False,False,temporal_v1,False,0.0007064942636959398,0.15866388308977036,3.5253622194219867,0.8728697922979126,83.20049129239644,1650.5725123535065,0.03390500178070741,0.018705368062398735,0.0043063676460389335,0.0,0.0,0.1686150264410871,0.09858047445673833,0.135398133583128,0.04451025627135342,0.25438753398037867,167.30660265110467,0.00803045113244855,1.548104898572472,-0.000935596177883066,1866.6666666666667,0.00818527440764652,True,0.0006192905420903116,0.1686150264410871,False,True,True,0.85,True,False,False,0,True,True,True,True,True,False,True,False,True,0,0,False,0,15,24,15,,,,False,False,False,
225,2026-08-18T22:01:57.121052,shadow,analysis_full,silero,webrtc,False,0.0005363298114389181,True,True,True,1,False,True,False,0,0.0,,,,,,,,,,,,,0.032333970235348786,0.5200351261418088,0.43876294364809304,0.04120193017917096,,,,,,,,,,,,,,False,False,temporal_v1,False,0.0005323609363065654,0.13987473903966596,3.2373985441284483,0.8882407223875254,80.81155244018079,1691.0962575419117,0.016814800290005098,0.014186947960291458,0.0013322219840522327,0.0,0.0,0.17692434479713495,0.0976169142821097,0.13222026466257641,0.04451025627135342,0.3029804528335621,180.63605069576712,0.007193544056437936,1.0056627495970956,-0.0005931857068270553,1366.6666666666667,0.01889226754878404,True,0.0006192905420903116,0.17692434479713495,False,True,True,0.85,True,False,False,0,True,True,True,True,True,False,True,False,True,0,0,False,0,15,24,15,,,,False,False,False,
226,2026-08-18T22:01:57.139957,shadow,analysis_full,silero,webrtc,False,0.0004914369783364236,True,True,True,1,False,True,False,0,0.0,,,,,,,,,,,,,0.011906396986529531,0.4979850266265494,0.44240203043674425,0.059612942852717926,,,,,,,,,,,,,,False,False,temporal_v1,False,0.0003280545619667822,0.15657620041753653,3.817780355164522,0.8634329194398015,76.45829986113286,1669.7083805741363,0.005929207420363176,0.0052674142020265975,0.0007097753631397579,0.0,0.0,0.1856281871746617,0.08824200403681541,0.1334384048349416,0.04583592767481917,0.29344933239953574,192.5758955307824,0.00748525234217234,1.1818207629586843,-0.0006999382059473393,2166.666666666667,0.020523835115227724,True,0.0005748064431827515,0.1856281871746617,False,True,True,0.85,True,False,False,0,True,True,True,True,True,False,True,False,True,0,0,False,0,15,24,15,,,,False,False,False,
227,2026-08-18T22:01:57.156952,shadow,analysis_full,silero,webrtc,False,0.0003163657383993268,True,True,True,1,False,True,False,0,0.0,,,,,,,,,,,,,0.007895292454613685,0.6190888440533868,0.30310645892253624,0.07780469689741913,,,,,,,,,,,,,,False,False,temporal_v1,False,0.0002651684679284457,0.16075156576200417,3.5076108388597738,0.8783515077585896,74.66232849000852,1665.9540469568656,0.004887887479190213,0.0023931141380757735,0.0006142908363476981,0.0,0.0,0.1882238631761586,0.10028287302175802,0.10825676695913884,0.04815085190620542,0.3016353658849381,199.3419233706365,0.006776527014580248,1.1767056785780117,-0.0007029924547330988,1833.3333333333335,0.017072017409904956,True,0.0005600650329142809,0.1882238631761586,False,True,True,0.85,True,False,False,0,True,True,True,True,True,False,True,False,True,0,0,False,0,15,24,15,,,,False,False,False,
228,2026-08-18T22:01:57.172438,shadow,analysis_full,silero,webrtc,False,0.0002112009678967297,True,True,True,1,False,True,False,0,0.0,,,,,,,,,,,,,0.006964916436478242,0.534583182757469,0.39040658059088656,0.07501023650806755,,,,,,,,,,,,,,False,False,temporal_v1,False,0.00025239962702843134,0.1649269311064718,3.880890379110861,0.8704311956878138,74.18775992801739,1622.042023346968,0.003723327196252348,0.0027191492100667332,0.00052244002915916,0.0,0.0,0.16638856278165426,0.09713918149503052,0.0882879727472649,0.04311405911877575,0.30292654653713336,197.25333802530392,0.0064352656389766345,1.4807130989960375,-0.0008943164537978445,1833.3333333333335,0.014021065231753149,True,0.0005556897958740592,0.16638856278165426,False,True,True,0.85,True,False,False,0,True,True,True,True,True,False,True,False,True,0,0,False,0,15,24,15,,,,False,False,False,
229,2026-08-18T22:01:57.187200,shadow,analysis_full,silero,webrtc,False,0.00016912426508497447,True,True,True,1,False,True,False,0,0.0,,,,,,,,,,,,,0.005312894407663471,0.6542307431182163,0.2839317224415245,0.06183753425203788,,,,,,,,,,,,,,False,False,temporal_v1,False,0.00022205065970644524,0.1649269311064718,3.786382689817535,0.8952938321144597,73.17709644107137,1549.2933103057746,0.003475858856434288,0.0015084992603178321,0.0003285362899113504,0.0,0.0,0.14303568386680804,0.0920466897990017,0.07334512049016581,0.03453269474220693,0.29984713738015367,188.47282322048972,0.004615227753476649,1.3978762504756097,-0.0008396670904797169,1533.3333333333335,0.01498645186347223,True,0.0005481974221765995,0.14303568386680804,False,True,True,0.85,True,False,False,0,True,True,True,True,True,False,True,False,True,0,0,False,0,15,24,15,,,,False,False,False,
230,2026-08-18T22:01:57.199556,shadow,analysis_full,silero,webrtc,False,0.0001227106258738786,True,True,False,1,False,True,False,0,0.0,,,,,,,,,,,,,0.0014242222735759615,0.595967466134639,0.30140098471773985,0.1026315484454835,,,,,,,,,,,,,,False,False,temporal_v1,False,0.00011936445038864026,0.16701461377870563,3.7345915137646775,0.8614406511698308,67.39138069519583,1772.7975217801265,0.0008487901395955805,0.0004292619957127331,0.00014617013726764795,0.0,0.0,0.12696930949389837,0.08770898131564572,0.06563231406663601,0.028009202223379413,0.2428826136724105,185.57545786564316,0.0030662611217782366,0.9233230122176989,-0.0005430168300028196,2166.666666666667,0.0426667533056456,True,0.0005138833948876709,0.12696930949389837,False,True,True,0.85,True,False,False,0,True,False,True,False,True,False,True,False,True,0,1,False,0,15,24,15,,,,False,False,False,
231,2026-08-18T22:01:57.205956,shadow,analysis_full,silero,webrtc,False,0.00014219735749065876,True,True,False,1,False,True,False,0,0.0,,,,,,,,,,,,,0.002959920377910205,0.5585076957362511,0.4158702494755252,0.025622054450376765,,,,,,,,,,,,,,False,False,temporal_v1,False,0.0001650834510365473,0.12526096033402923,3.651481329850441,0.9021291669118704,70.56183610952651,1449.7240421876963,0.0016531383098294021,0.0012309428259892076,7.583924109159504e-05,0.0,0.0,0.10296392920216405,0.08655778818323949,0.038712659035231814,0.022019857108276603,0.1939092162642355,172.0782314794948,0.0065827522761410864,1.3744521542242403,-0.0008132730201546539,1466.6666666666667,0.00870263118889627,True,0.0004039013583678752,0.10296392920216405,False,True,True,0.85,True,False,False,0,True,False,True,False,True,False,True,False,True,0,2,False,0,15,24,15,,,,False,False,False,
232,2026-08-18T22:01:57.213347,shadow,analysis_full,silero,webrtc,False,0.00010177385411225259,True,True,False,1,False,True,False,0,0.0,,,,,,,,,,,,,0.002706642271714457,0.5149348519792323,0.4549409245872693,0.030124223064036868,,,,,,,,,,,,,,False,False,temporal_v1,False,0.000158024905480383,0.1336116910229645,3.225675171544314,0.903175894584298,70.17208357749621,1611.494031993142,0.001393744437546017,0.001231362337620762,8.153549554767779e-05,0.0,0.0,0.10313839600157997,0.08678598537689354,0.037669354965485964,0.02039528140596211,0.22770711403786437,129.92720017933857,0.010424085291896581,0.8895504669857954,-0.0005294823538229922,1200.0,0.030072607915773212,True,0.00026378335314802825,0.10313839600157997,False,True,True,0.85,True,False,False,0,True,False,True,False,True,False,True,False,True,0,3,False,0,15,24,15,,,,False,False,False,
233,2026-08-18T22:01:57.220063,shadow,analysis_full,silero,webrtc,False,8.598301792517304e-05,True,True,False,1,False,True,False,0,0.0,,,,,,,,,,,,,0.0016114625617470125,0.5070913405772363,0.4638446965812379,0.02906396222097159,,,,,,,,,,,,,,False,False,temporal_v1,False,0.00012492083927108968,0.13569937369519833,3.028945727942991,0.909269886254702,68.0493602441367,1520.3614727485447,0.0008171587107263199,0.0007474683630055674,4.683548701512527e-05,0.0,0.0,0.05085255938981734,0.06729839173383002,0.02438736908573908,0.014667363732985633,0.2751676896209888,88.26998664982574,0.008513629019614489,1.2345961814266446,-0.0007402806776519215,1133.3333333333335,0.012366533797595888,True,0.0001901626164908521,0.05085255938981734,False,True,True,0.85,True,False,False,0,True,False,True,False,True,False,True,False,True,0,4,False,0,15,24,15,,,,False,False,False,
234,2026-08-18T22:01:57.227127,shadow,analysis_full,silero,webrtc,False,8.964478911366314e-05,True,True,False,1,False,True,False,0,0.0,,,,,,,,,,,,,0.0010125824943843405,0.7435329837502275,0.21394462255615243,0.042522392706046304,,,,,,,,,,,,,,False,False,temporal_v1,False,0.00010272365742346674,0.1336116910229645,3.5517142051317574,0.9173665231060609,66.24363067428303,1459.2742608742126,0.0007528884833428366,0.00021663657956802506,4.305743047347885e-05,0.0,0.0,0.07492667777780161,0.08333479295051867,0.023991239282346564,0.015227208792326068,0.2751447882489582,99.63480069693578,0.008867007108808002,1.33992006232977,-0.0008058067695718118,1266.6666666666667,0.01332988286971758,True,0.00015566081128781661,0.07492667777780161,False,True,True,0.85,True,False,False,0,True,False,True,False,True,False,True,False,True,0,5,False,0,15,24,15,,,,False,False,False,
235,2026-08-18T22:01:57.235804,shadow,analysis_full,silero,webrtc,False,9.535625576972961e-05,True,True,False,1,False,True,False,0,0.0,,,,,,,,,,,,,0.000703296739338344,0.5768849760301873,0.3562080970120045,0.06690692553593333,,,,,,,,,,,,,,False,False,temporal_v1,False,8.915420871898523e-05,0.1440501043841336,3.595502231806921,0.8962963603374862,64.760830759678,1566.4304833222004,0.0004057213226153094,0.00025051999315445927,4.7055422568575294e-05,0.0,0.0,0.07269474636025504,0.08023054315480647,0.023800410989456355,0.015048702539407181,0.2557589107859289,95.30897778957325,0.005621353070869216,1.1863182430808443,-0.0007065823155581332,1666.6666666666667,0.017969229895253073,True,0.00013245399168226868,0.07269474636025504,False,True,True,0.85,True,False,False,0,True,False,True,False,True,False,True,False,True,0,6,False,0,15,24,15,,,,False,False,False,
236,2026-08-18T22:01:57.242422,shadow,analysis_full,silero,webrtc,False,7.991322490852326e-05,True,True,False,1,False,True,False,0,0.0,,,,,,,,,,,,,0.0004809996943407737,0.6873807576288292,0.23221625178355257,0.08040298850861478,,,,,,,,,,,,,,False,False,temporal_v1,False,7.277157592915646e-05,0.12526096033402923,3.526009855543372,0.8989086138054444,62.68494028751475,1537.1560812634996,0.0003306299343151963,0.00011169594612884893,3.867381289672845e-05,0.0,0.0,0.07345476668271118,0.0840151900868931,0.02481435025510476,0.016279909574014113,0.24307510763564152,92.29167278192604,0.006315436020275025,1.9109575620259096,-0.0011789476158374473,1333.3333333333335,0.003820967681400177,True,0.0001122422399930656,0.07345476668271118,False,True,True,0.85,True,False,False,0,True,False,True,False,True,False,True,False,True,0,7,False,0,15,24,15,,,,False,False,False,
237,2026-08-18T22:01:57.251956,shadow,analysis_full,silero,webrtc,False,9.223703091265634e-05,True,True,False,1,False,True,False,0,0.0,,,,,,,,,,,,,0.0015264929678699473,0.7186343839883383,0.22715255635025447,0.05421305900631084,,,,,,,,,,,,,,False,False,temporal_v1,False,0.00012352304631208172,0.15657620041753653,3.833960755919778,0.90755931217663,67.93671062960283,1492.616948213751,0.00109699033362775,0.0003467467799023454,8.275585333985202e-05,0.0,0.0,0.08174965663187711,0.09034551506074728,0.024042153772197084,0.015933546474398482,0.2568603295635562,89.9134201149412,0.004486874464756344,1.3515951296517092,-0.0008067317028197037,1500.0,0.01764242867366599,True,9.85650549409911e-05,0.08174965663187711,False,True,True,0.85,True,False,False,0,True,False,True,False,True,False,True,False,True,0,8,False,0,15,24,15,,,,False,False,False,
238,2026-08-18T22:01:57.265123,shadow,analysis_full,silero,webrtc,False,0.0005154535756446421,True,True,False,1,False,True,False,0,0.0,,,,,,,,,,,,,0.012885960805435642,0.342125886464616,0.3285927816829002,0.32928133177488,,,,,,,,,,,,,,False,False,temporal_v1,False,0.00034542723021742524,0.24425887265135698,4.286011974143776,0.6489899128151417,75.67234087572663,2227.6056362944482,0.004408620763507966,0.004234233705714923,0.004243106335212753,0.0,0.0,0.11352414283069899,0.08836715002112847,0.08556418860096869,0.033689403024559035,0.3240447491519996,220.97504025973325,0.006642961811635943,1.3163055752378008,-0.0007847259992433334,3366.666666666667,0.02644448262567016,True,9.85650549409911e-05,0.11352414283069899,False,True,True,0.85,True,False,False,0,True,False,True,False,True,False,True,False,True,0,9,False,0,15,24,15,,,,False,False,False,
239,2026-08-18T22:01:57.275778,shadow,analysis_full,silero,webrtc,False,0.00016785331536084414,True,True,False,1,False,True,False,0,0.0,,,,,,,,,,,,,0.009624576695165202,0.2561186700914957,0.5740901375870037,0.16979119221760003,,,,,,,,,,,,,,False,False,temporal_v1,False,0.0002919512894894981,0.24634655532359082,4.000646529968947,0.7062007669087997,74.56306294168235,1966.6951358553545,0.002465033783359314,0.00552537455914406,0.0016341683516618284,0.0,0.0,0.1484327108133033,0.1133123015477928,0.08904572253116527,0.04387909697008652,0.3408517004691173,242.31820723398636,0.006427277044041961,1.7943252910434488,-0.001076123964511056,2900.0,0.0058436632707007125,True,9.85650549409911e-05,0.1484327108133033,False,True,True,0.85,True,False,False,0,True,False,True,False,True,False,True,False,False,0,0,False,0,15,24,24,,,,False,False,False,
240,2026-08-18T22:01:57.282778,shadow,analysis_full,silero,webrtc,False,0.00016785331536084414,True,True,False,1,False,True,False,0,0.0,,,,,,,,,,,,,0.019675996939939717,0.4235598987298143,0.538134718540656,0.03830538267870665,,,,,,,,,,,,,,False,False,temporal_v1,False,0.00041739063957016014,0.1837160751565762,3.7171980768579176,0.8465855450669394,78.4802025636995,1648.8740190741978,0.008333963271289003,0.010588337075281267,0.000753696592369452,0.0,0.0,0.15207399674556446,0.12352868014601319,0.09043426135944042,0.044384742433130064,0.34042630685189956,239.40529115126682,0.008425546543780483,1.256730664874636,-0.0007391023947049059,1933.3333333333335,0.014810020016833523,True,9.85650549409911e-05,0.15207399674556446,False,True,True,0.85,True,False,False,0,True,False,True,False,True,False,True,False,False,0,0,False,0,15,24,24,,,,False,False,False,
241,2026-08-18T22:01:57.290840,shadow,analysis_full,silero,webrtc,False,0.00016679888358339667,True,True,False,1,False,True,False,0,0.0,,,,,,,,,,,,,0.020778443251165925,0.14723636710093624,0.830553596527327,0.022210036323609912,,,,,,,,,,,,,,False,False,temporal_v1,False,0.0004260712135224273,0.16910229645093947,2.9404280475403963,0.8567509122402085,78.71189872698695,1600.968905515428,0.0030593424983146374,0.017257610772494825,0.00046148997935646245,0.0,0.0,0.19037134193997757,0.1834924296089121,0.09066990074873083,0.04258514455443188,0.4000060557661146,231.0309461309555,0.013705126915514534,1.3260832575022472,-0.0007708606165696046,1400.0,0.004332744609761366,True,9.85650549409911e-05,0.19037134193997757,False,True,True,0.85,True,False,False,0,True,True,True,False,True,False,True,False,False,1,0,False,0,15,24,24,,,,False,False,False,
242,2026-08-18T22:01:57.300466,shadow,analysis_full,silero,webrtc,False,0.0001513690804131329,True,True,False,1,False,True,False,0,0.0,,,,,,,,,,,,,0.016972219832611546,0.35524733256850394,0.6255358874269388,0.01921677994563762,,,,,,,,,,,,,,False,False,temporal_v1,False,0.00038880081087767335,0.13569937369519833,3.328422053108053,0.9045616507555383,78.14751724921717,1380.9668195409909,0.006029335823301512,0.010616732594597753,0.00032615141371228264,0.0,0.0,0.19441139691514397,0.1934262596707386,0.0914015661113548,0.04242467071692873,0.3922585719416291,246.04809445840212,0.014507084571400646,1.4099510260621728,-0.0008375571740574996,1233.3333333333335,0.005498305439694707,True,0.00012336266809143126,0.19441139691514397,False,True,True,0.85,True,False,False,0,True,True,True,False,True,False,True,False,False,2,0,False,0,15,24,24,,,,False,False,False,
243,2026-08-18T22:01:57.314547,shadow,analysis_full,silero,webrtc,False,0.0002055396616924554,True,True,False,1,False,True,False,0,0.0,,,,,,,,,,,,,0.006926466648580561,0.6664060812408685,0.3071796254046749,0.026414293210082707,,,,,,,,,,,,,,False,False,temporal_v1,False,0.00025237312147243033,0.12734864300626306,3.7382013722294762,0.9113513688942155,74.38637611573698,1420.8137030185346,0.004615839496126144,0.002127669430488951,0.00018295772096546583,0.0,0.0,0.2026764158136999,0.19709152742198133,0.09156758151192751,0.043117597138791104,0.3476314847728814,252.61706928740972,0.00660062174768399,1.4175751459816337,-0.0008431018124042638,1333.3333333333335,0.01065460699562519,True,0.0001590839819982648,0.2026764158136999,False,True,True,0.85,True,False,False,0,True,True,True,False,True,False,True,False,False,3,0,False,0,15,24,24,,,,False,False,False,
244,2026-08-18T22:01:57.321217,shadow,analysis_full,silero,webrtc,False,0.00016768040950410068,True,True,False,1,False,True,False,0,0.0,,,,,,,,,,,,,0.009429322189427752,0.5228837652237454,0.4380256293395383,0.0390906053306642,,,,,,,,,,,,,,False,False,temporal_v1,False,0.00029371398920340113,0.12317327766179541,3.9454368050200195,0.8923581567022311,75.63073536788544,1599.9865662736127,0.004930439489915793,0.004130284786269364,0.0003685979122425947,0.0,0.0,0.185328595312311,0.18433376836078094,0.09173214410635169,0.04402041168468441,0.35625449634139417,246.55383070150296,0.0030519124003302598,1.0196693424764889,-0.0005962083946717664,1633.3333333333335,0.0361389466792067,True,0.00016723964654374868,0.185328595312311,False,True,True,0.85,True,False,False,0,True,True,True,False,True,False,True,False,False,4,0,False,0,15,24,24,,,,False,False,False,
245,2026-08-18T22:01:57.333041,shadow,analysis_full,silero,webrtc,False,0.00014625239418819547,True,True,False,1,False,True,False,0,0.0,,,,,,,,,,,,,0.010467996583304068,0.667772195848269,0.2985035853592557,0.03372421869694593,,,,,,,,,,,,,,False,False,temporal_v1,False,0.0003110649729709389,0.1732776617954071,3.7314150701981754,0.8987885761741925,76.16591355426159,1450.7197754675544,0.006990237064565135,0.0031247345116447033,0.0003530250060942292,0.0,0.0,0.1924563056578531,0.1879154967609873,0.09290422092997733,0.04346242460748953,0.35493514562924156,252.5743776028291,0.004077151008581262,1.644745379931863,-0.000987606186586467,1633.3333333333335,0.005914237415695542,True,0.00016723964654374868,0.1924563056578531,False,True,True,0.85,True,False,False,0,True,False,True,False,True,False,True,False,False,0,0,False,0,15,24,24,,,,False,False,False,
246,2026-08-18T22:01:57.344641,shadow,analysis_full,silero,webrtc,False,0.00010155088239116594,True,True,False,1,False,True,False,0,0.0,,,,,,,,,,,,,0.01534349229113069,0.5434600115898024,0.3951658500720565,0.06137413827296685,,,,,,,,,,,,,,False,False,temporal_v1,False,0.0003777596142916679,0.20668058455114824,4.018449210078024,0.8558576972601366,77.655450116043,1611.3601578357602,0.008338574498365928,0.006063224174298705,0.0009416936174660559,0.0,0.0,0.18137797391806018,0.17587029123542752,0.09309706538927505,0.04221250998705543,0.3608290972131141,250.7435218257138,0.004775340308136844,1.3694763106123378,-0.0008172680945289989,2166.666666666667,0.01905741254762097,True,0.00016723964654374868,0.18137797391806018,False,True,True,0.85,True,False,False,0,True,False,True,False,True,False,True,False,False,0,0,False,0,15,24,24,,,,False,False,False,
247,2026-08-18T22:01:57.354725,shadow,analysis_full,silero,webrtc,False,8.095582597889006e-05,True,True,False,1,False,True,False,0,0.0,,,,,,,,,,,,,0.00746370128338219,0.7537274845385116,0.2028140519501543,0.04345846337735235,,,,,,,,,,,,,,False,False,temporal_v1,False,0.0002627276760864311,0.12526096033402923,3.630894018551106,0.9140884774735366,74.75384615897656,1494.7441505458992,0.005625596793670518,0.0015137434998283089,0.0003243609888833626,0.0,0.0,0.18653034904670424,0.1791621088748075,0.09344285240115052,0.04467299462104118,0.36147213228162944,250.6192179776483,0.002785863477595969,1.2792819965946367,-0.0007650514082429207,1433.3333333333335,0.019565706891514992,True,0.00016723964654374868,0.18653034904670424,False,True,True,0.85,True,False,False,0,True,False,True,False,True,False,True,False,False,0,0,False,0,15,24,24,,,,False,False,False,
248,2026-08-18T22:01:57.365542,shadow,analysis_full,silero,webrtc,False,7.112052117008716e-05,True,True,False,1,False,True,False,0,0.0,,,,,,,,,,,,,0.01235977726028155,0.7032558067365249,0.25477968414509367,0.04196450903747395,,,,,,,,,,,,,,False,False,temporal_v1,False,0.0003398481568951384,0.1022964509394572,3.927198572427008,0.9104262584908559,76.9977681221659,1532.5855841597445,0.008692085128263057,0.0031490201464782442,0.0005186719845402502,0.0,0.0,0.19352024387687466,0.18557661769308273,0.04169116847479255,0.042427238967281705,0.3203352778041427,156.98161282560096,0.0021158963767962066,1.083097510747022,-0.0006335403456723566,1466.6666666666667,0.03267468736834717,True,0.0001590839819982648,0.19352024387687466,False,True,True,0.85,True,False,False,0,True,False,True,False,True,False,True,False,False,0,0,False,0,15,24,24,,,,False,False,False,
249,2026-08-18T22:01:57.374577,shadow,analysis_full,silero,webrtc,False,7.40561808925122e-05,True,True,False,1,False,True,False,0,0.0,,,,,,,,,,,,,0.0077329598817639485,0.8581030381942002,0.11715867659431008,0.024738285082172934,,,,,,,,,,,,,,False,False,temporal_v1,False,0.0002669655687358121,0.1127348643006263,3.436180084834799,0.9325944868277325,74.98192533869764,1335.9707609687043,0.006635676368775508,0.0009059833459043568,0.00019130016608408286,0.0,0.0,0.2005607529338564,0.2038810403777475,0.011985896174363114,0.032869567551506544,0.31161616390884606,102.48257535702042,0.003991400222903257,1.756433171212533,-0.0010560345945841085,933.3333333333334,0.003901727060972096,True,0.0001488107373006642,0.2005607529338564,False,True,True,0.85,False,False,False,0,True,False,True,False,True,False,True,False,False,0,0,False,0,15,24,24,,,,False,False,False,
250,2026-08-18T22:01:57.385037,shadow,analysis_full,silero,webrtc,False,8.396288467338309e-05,True,True,False,1,False,True,False,0,0.0,,,,,,,,,,,,,0.019770669359702325,0.6787840426993811,0.30464881759227463,0.016567139657764324,,,,,,,,,,,,,,False,False,temporal_v1,False,0.00041896759656838905,0.11899791231732777,3.2500237375291965,0.9244525354255247,78.89493629353528,1361.8641548737999,0.013420014874851529,0.006023111043441127,0.00032754344040967034,0.0,0.0,0.19725614035928185,0.2001500689488577,0.013116273345910966,0.031116978511710584,0.33115474799590733,99.05895100407663,0.008073343138075924,1.3261351092778773,-0.0007915014212952418,1033.3333333333335,0.008811078060642272,True,0.0001239016382896807,0.19725614035928185,False,True,True,0.85,True,False,False,0,True,False,True,False,True,False,True,False,False,0,0,False,0,15,24,24,,,,False,False,False,
251,2026-08-18T22:01:57.396947,shadow,analysis_full,silero,webrtc,False,8.761371282162145e-05,True,True,False,1,False,True,False,0,0.0,,,,,,,,,,,,,0.01397200468000007,0.4457681970463553,0.5389939110067474,0.015237891875325494,,,,,,,,,,,,,,False,False,temporal_v1,False,0.00035218022895286264,0.16910229645093947,3.624646329665801,0.8703583979367863,77.1146952839276,1626.3842876088725,0.00622827533532687,0.007530825447077816,0.00021290389659538284,0.0,0.0,0.14322619079290635,0.14590596747498447,0.013830557209077582,0.031116978511710584,0.24953802041958276,102.4245950050191,0.010659257340925911,0.8229924782045915,-0.00048654504806740077,2066.666666666667,0.027949376647138265,True,9.45822976063937e-05,0.14322619079290635,False,True,True,0.85,True,False,False,0,True,False,True,False,True,False,True,False,False,0,0,False,0,15,24,24,,,,False,False,False,
252,2026-08-18T22:01:57.407985,shadow,analysis_full,silero,webrtc,False,8.697805606061593e-05,True,True,False,1,False,True,False,0,0.0,,,,,,,,,,,,,0.006621220270902245,0.37336614730722406,0.6019911941184672,0.024642658423279135,,,,,,,,,,,,,,False,False,temporal_v1,False,0.0002467847913449631,0.18162839248434237,3.8690101497883314,0.8444199023293111,73.85782479169836,1593.9813489498426,0.0024721395030192655,0.0039859162974018435,0.00016316446948113576,0.0,0.0,0.13994838727464312,0.14153750316712513,0.013411489088134861,0.033520149204887356,0.22888265578507336,101.43900732694064,0.007395554830620244,1.0704265277598066,-0.0006278972548677236,2133.3333333333335,0.020657846477418345,True,8.729588444111869e-05,0.13994838727464312,False,True,True,0.85,True,False,False,0,True,False,True,False,True,False,True,False,False,0,0,False,0,15,24,24,,,,False,False,False,
253,2026-08-18T22:01:57.421390,shadow,analysis_full,silero,webrtc,False,7.763894973322749e-05,True,True,False,1,False,True,False,0,0.0,,,,,,,,,,,,,0.0020222182340234487,0.6903237330471791,0.27520057166047723,0.0344756947978373,,,,,,,,,,,,,,False,False,temporal_v1,False,0.00014015990493157173,0.14822546972860126,3.7548142671751727,0.916414449536404,69.14379457799481,1461.4144098485422,0.001395985240347141,0.0005565156140254938,6.971737865081393e-05,0.0,0.0,0.14089907839921512,0.14273303516318916,0.01324946273461579,0.03306193385357688,0.22908965220315328,98.8542165414712,0.005780405069026111,1.0980125995326613,-0.0006579310485382983,1466.6666666666667,0.023637824391797305,True,8.547047036699951e-05,0.14089907839921512,False,True,True,0.85,True,False,False,0,True,False,True,False,True,False,True,False,False,0,0,False,0,15,24,24,,,,False,False,False,
254,2026-08-18T22:01:57.433198,shadow,analysis_full,silero,webrtc,False,0.00017540069529786706,True,True,False,1,False,True,False,0,0.0,,,,,,,,,,,,,0.003201081407898024,0.34787826379808395,0.3087194512137043,0.3434022846758173,,,,,,,,,,,,,,False,False,temporal_v1,False,0.00017491889807637372,0.21711899791231734,4.421832345764175,0.6650820021170675,69.7603766407016,2118.352711366796,0.0011135866424558907,0.00098823609553667,0.0010992586689054632,0.0,0.0,0.1616762451996639,0.13933060637412067,0.0940672322204577,0.0381566487900699,0.30741001151463593,208.82034476528816,0.006770168659339637,1.376212777865709,-0.0008138077232195478,3400.0000000000005,0.024647894787183006,True,8.547047036699951e-05,0.1616762451996639,False,True,True,0.85,True,False,False,0,True,False,True,False,True,False,True,False,False,0,0,False,0,15,24,24,,,,False,False,False,
255,2026-08-18T22:01:57.444456,shadow,analysis_full,silero,webrtc,False,0.00035056922934018075,True,True,True,1,False,True,False,0,0.0,,,,,,,,,,,,,0.0469600336370549,0.04021620337647212,0.10630479336812407,0.8534790032341092,,,,,,,,,,,,,,False,False,temporal_v1,False,0.0006444868135967701,0.37160751565762007,3.7406848018160606,0.6374266481687618,81.03760761515875,2858.2615075062786,0.0018885542633137718,0.004992076672347277,0.040079402700393854,0.0,0.0,0.23207995227185046,0.15472745473759156,0.25371541494654454,0.07549794891028844,0.30731694149068456,437.6112600494605,0.008833933674977847,0.7102899311073141,-0.00040023758229758337,3533.3333333333335,0.03592483262994966,True,8.547047036699951e-05,0.23207995227185046,False,True,True,0.85,True,False,False,0,True,True,True,True,True,False,True,False,False,1,0,False,0,15,24,24,,,,False,False,False,
256,2026-08-18T22:01:57.454959,shadow,analysis_full,silero,webrtc,False,0.00035056922934018075,True,True,True,1,False,True,False,0,0.0,,,,,,,,,,,,,0.09042016103206522,0.011647039609239185,0.15911076031065233,0.8292422000690489,,,,,,,,,,,,,,False,False,temporal_v1,False,0.0008894768487728131,0.36116910229645094,3.4567625179004025,0.5917170749524251,83.5183395592984,2750.6232597283106,0.0010531271970142492,0.014386820569223515,0.07498021326482746,0.0,0.0,0.28163516410057055,0.1579939020098628,0.3231892166114089,0.09389096061224986,0.30762441950194724,536.8755928825759,0.006852086080991797,0.9020542406903262,-0.0005188336570803302,3366.666666666667,0.015068431603597726,True,8.547047036699951e-05,0.28163516410057055,False,True,True,0.85,True,False,False,0,True,True,True,True,True,True,True,False,False,2,0,False,0,15,24,24,,,,False,False,False,
257,2026-08-18T22:01:57.465678,shadow,analysis_full,silero,webrtc,False,0.00040428913780488074,True,True,True,1,False,True,False,0,0.0,,,,,,,,,,,,,0.01462134053423096,0.08478001738119287,0.5941100602200893,0.3211099223303248,,,,,,,,,,,,,,False,False,temporal_v1,False,0.0003606235489798951,0.2985386221294363,3.5664818156983777,0.5778544115644996,75.54598266249555,2287.9342110354473,0.0012395975046284406,0.008686685505290387,0.004695057523312133,0.0,0.0,0.2904300881995281,0.1793210953294558,0.31848847560043536,0.09615608937238168,0.3099044767325341,542.4989624144705,0.01060213755573001,1.2528310490213346,-0.0007302011669110868,3233.3333333333335,0.012077915577243453,True,8.729588444111869e-05,0.2904300881995281,False,True,True,0.85,True,False,False,0,True,True,True,True,True,True,True,False,False,3,0,False,0,15,24,24,,,,False,False,False,
258,2026-08-18T22:01:57.475871,shadow,analysis_full,silero,webrtc,False,0.00041334782144986093,True,True,True,1,False,True,False,0,0.0,,,,,,,,,,,,,0.005286045234480789,0.4205883836873804,0.42342611966562443,0.15598549645781767,,,,,,,,,,,,,,False,False,temporal_v1,False,0.0002204071789837938,0.24634655532359082,4.142045984073601,0.7877700787893592,72.55626982245369,1817.0093239108446,0.0022232492212686545,0.002238249622013166,0.0008245463901989671,0.0,0.0,0.27517300584791,0.17975026340985512,0.31280955143513434,0.08980045133207559,0.33128998349002586,530.1874260326778,0.00897216199465986,1.314128100378045,-0.0007776516090893593,2500.0,0.024743318932438328,True,0.00013150720405974425,0.27517300584791,False,True,True,0.85,True,False,False,0,True,True,True,True,True,True,True,False,False,4,0,False,0,15,24,24,,,,False,False,False,
259,2026-08-18T22:01:57.490088,shadow,analysis_full,silero,webrtc,False,0.0002668523811735213,True,True,True,1,False,True,False,0,0.0,,,,,,,,,,,,,0.009159594866107675,0.7874371860125773,0.14195765165135135,0.07060516222689607,,,,,,,,,,,,,,False,False,temporal_v1,False,0.00028881558145041775,0.14822546972860126,3.519193328124225,0.9010768327644298,75.52452138536555,1510.9597588921104,0.007212605606383078,0.0013002745772704195,0.0006467146814541768,0.0,0.0,0.2638684427675849,0.1767640971015651,0.30961862171066573,0.08601176601403222,0.3248959248306296,513.199365344249,0.0067969062268571105,1.251405805992848,-0.0007505234853939178,1533.3333333333335,0.01465936866253543,True,0.00022112653823569417,0.2638684427675849,False,True,True,0.85,True,False,False,0,True,True,True,True,True,False,True,False,False,5,0,False,0,15,24,24,,,,False,False,False,
260,2026-08-18T22:01:57.502829,shadow,analysis_full,silero,webrtc,False,0.00023250497179105878,True,True,True,1,False,True,False,0,0.0,,,,,,,,,,,,,0.014457531987060322,0.6550030299164189,0.27083212230414994,0.07416484771026305,,,,,,,,,,,,,,False,False,temporal_v1,False,0.0003674351603343282,0.17118997912317327,3.7924401066498987,0.886315382673344,77.56473143102463,1633.463912058523,0.009469727256638055,0.003915564071335681,0.0010722406580865856,0.0,0.0,0.26133273989043837,0.17783249043216962,0.3054233856218862,0.0807790226490057,0.2819110046981015,488.5489126447341,0.006032256731273299,1.0786200559367476,-0.0006326947875961384,1766.6666666666667,0.031912909604893486,True,0.00024967867648229003,0.26133273989043837,False,True,True,0.85,True,False,False,0,True,True,True,True,True,False,True,False,False,6,0,False,0,15,24,24,,,,False,False,False,
261,2026-08-18T22:01:57.517689,shadow,analysis_full,silero,webrtc,False,0.00034693526686169207,True,True,True,1,False,True,False,0,0.0,,,,,,,,,,,,,0.027808978805730376,0.35437905449119705,0.5845102060665237,0.061110739406319656,,,,,,,,,,,,,,False,False,temporal_v1,False,0.0004974691178636742,0.18997912317327767,3.9666230762591264,0.8311367196885471,79.93227782984471,1686.2324346506473,0.00985491961554047,0.016254631932237053,0.0016994272569528554,0.0,0.0,0.2606694794331904,0.18331270708915798,0.30185261258575713,0.07940223234750608,0.2806642118442905,484.70533451614847,0.00443985818328627,1.192798809901929,-0.0007019522829764795,2066.666666666667,0.020920311201297108,True,0.0003068938240176067,0.2606694794331904,False,True,True,0.85,True,False,False,0,True,True,True,True,True,False,True,False,False,7,0,False,0,15,24,24,,,,False,False,False,
262,2026-08-18T22:01:57.535545,shadow,analysis_full,silero,webrtc,False,0.0002594131219666451,True,True,True,1,False,True,False,0,0.0,,,,,,,,,,,,,0.044065655141438405,0.18597547797614428,0.7977763164335091,0.016248205567653332,,,,,,,,,,,,,,False,False,temporal_v1,False,0.0006232504145408896,0.16075156576200417,3.1780348349058607,0.8675946050074035,82.08284629498075,1543.447469661676,0.008195131277260946,0.03515453603996605,0.0007159878232114112,0.0,0.0,0.2668870964296102,0.21691734162858944,0.3025635849287362,0.0809945544567543,0.33968029326463856,488.86384163687364,0.011308535994930957,1.1002467338863178,-0.0006450558691493964,1366.6666666666667,0.011844918184505676,True,0.0003068938240176067,0.2668870964296102,False,True,True,0.85,True,False,False,0,True,True,True,True,True,True,True,False,False,8,0,False,0,15,24,24,,,,False,False,False,
263,2026-08-18T22:01:57.550131,shadow,analysis_full,silero,webrtc,False,0.00028994985041208565,True,True,True,1,False,True,False,0,0.0,,,,,,,,,,,,,0.044510442417665476,0.4112117764811729,0.5639384723763956,0.024849751119964972,,,,,,,,,,,,,,False,False,temporal_v1,False,0.0006246674017567136,0.14613778705636743,3.5984624954160283,0.8944914966164743,82.23498413251448,1381.7053215342632,0.018303218098531172,0.025101150901815788,0.001106073416318519,0.0,0.0,0.24429294055300907,0.22203985695825965,0.3033447018149729,0.08121085594989562,0.3428614432313501,497.61024831200257,0.007676874588274636,1.950455885908761,-0.0011817344713491763,1333.3333333333335,0.0020656983062450045,True,0.00031844255863688886,0.24429294055300907,False,True,True,0.85,True,False,False,0,True,True,True,True,True,True,True,False,False,9,0,False,0,15,24,24,,,,False,False,False,
264,2026-08-18T22:01:57.562704,shadow,analysis_full,silero,webrtc,False,0.00027269250131212175,True,True,True,1,False,True,False,0,0.0,,,,,,,,,,,,,0.05019626716483414,0.46927164801828974,0.5029977828263094,0.02773056913547912,,,,,,,,,,,,,,False,False,temporal_v1,False,0.0006638018421799448,0.13778705636743216,3.442643168161527,0.8948072508584467,82.76559948085801,1455.989284769032,0.023555685016808083,0.025248611090068648,0.0013919710569574137,0.0,0.0,0.24787399705024213,0.2221339930265003,0.31091654716954636,0.08592760872951144,0.264531497129533,515.7176817217702,0.006264706656706244,1.2550515408058378,-0.0007440433419173496,1266.6666666666667,0.010524153318744844,True,0.00031844255863688886,0.24787399705024213,False,True,True,0.85,True,False,False,0,True,True,True,True,True,True,True,False,True,0,0,False,0,15,24,15,,,,False,False,False,
265,2026-08-18T22:01:57.571816,shadow,analysis_full,silero,webrtc,False,0.0002914775686804205,True,True,True,1,False,True,False,0,0.0,,,,,,,,,,,,,0.031121251026907947,0.4609840400373888,0.510650502481907,0.028365457448571833,,,,,,,,,,,,,,False,False,temporal_v1,False,0.0005260625975808332,0.1419624217118998,3.2508414470412177,0.8905504791751191,80.71911155775739,1595.9550818110954,0.014346400029401761,0.015892082474756108,0.0008827685217500798,0.0,0.0,0.2279805837925405,0.19782544964972198,0.23931987088160073,0.07288644086323588,0.2859041432955051,406.90383178146897,0.007929931114044556,1.0330456912974664,-0.0006029404597410257,1166.6666666666667,0.01658878763233069,True,0.0002907137095462531,0.2279805837925405,False,True,True,0.85,True,False,False,0,True,True,True,True,True,True,True,False,True,0,0,False,0,15,24,15,,,,False,False,False,
266,2026-08-18T22:01:57.582140,shadow,analysis_full,silero,webrtc,False,0.00026906633866019547,True,True,True,1,False,True,False,0,0.0,,,,,,,,,,,,,0.04223077323348974,0.4749326072845425,0.5030776016147512,0.02198979107702691,,,,,,,,,,,,,,False,False,temporal_v1,False,0.0006104403478954817,0.12943632567849686,3.001701954951614,0.9158504495393063,82.13678592227515,1444.9135839684507,0.02005677123942355,0.021245356112640452,0.0009286458804257397,0.0,0.0,0.19177897236202962,0.17155939144397542,0.08958553728101704,0.05182165005127417,0.335600569939206,248.93775061119447,0.005026398402038013,1.254324456261738,-0.000744130604665474,1066.6666666666667,0.00971789223453942,True,0.0002813211758621037,0.19177897236202962,False,True,True,0.85,True,False,False,0,True,True,True,True,True,False,True,False,True,0,0,False,0,15,24,15,,,,False,False,False,
267,2026-08-18T22:01:57.589931,shadow,analysis_full,silero,webrtc,False,0.0001834372233133763,True,True,False,1,False,True,False,0,0.0,,,,,,,,,,,,,0.02537996350202899,0.7054654362307383,0.2835814075291436,0.010953156200716846,,,,,,,,,,,,,,False,False,temporal_v1,False,0.00047335249358687793,0.10855949895615867,2.6310851393883614,0.9285526573525267,79.97961848672443,1368.7472799928485,0.0179046870234791,0.007197285772943674,0.0002779907046062161,0.0,0.0,0.1689392224027625,0.1777739089845912,0.04171740534733541,0.036292668513638986,0.4330293133967382,134.60166237198246,0.013091604258216342,1.1048458233551408,-0.0006569278818139071,1000.0000000000001,0.008648663071530378,True,0.0002708794199861586,0.1689392224027625,False,True,True,0.85,True,False,False,0,True,True,True,False,True,False,True,False,True,0,0,False,0,15,24,15,,,,False,False,False,
268,2026-08-18T22:01:57.600304,shadow,analysis_full,silero,webrtc,False,0.00012080540182068944,True,True,False,1,False,True,False,0,0.0,,,,,,,,,,,,,0.010714630790990519,0.8505407771489679,0.1425727850230268,0.0068864377346748865,,,,,,,,,,,,,,False,False,temporal_v1,False,0.0003099890087453009,0.11482254697286012,2.841591396682357,0.9344678883741588,76.30416277515734,1217.7654581132363,0.009113230399833337,0.001527614752364995,7.378563779218654e-05,0.0,0.0,0.19746372817624136,0.2016435244719028,0.023596093265507573,0.023475061038614776,0.40040725897999113,133.03108358862633,0.012086417358728452,1.2474484078137142,-0.0007542588049762785,966.6666666666667,0.004285013768291034,True,0.0002679593599168584,0.19746372817624136,False,True,True,0.85,False,False,False,0,True,True,True,False,True,False,True,False,True,0,0,False,0,15,24,15,,,,False,False,False,
269,2026-08-18T22:01:57.610952,shadow,analysis_full,silero,webrtc,False,9.690246224636212e-05,True,True,False,1,False,True,False,0,0.0,,,,,,,,,,,,,0.010784340388570512,0.9474173532622014,0.047918362442307384,0.004664284202764015,,,,,,,,,,,,,,False,False,temporal_v1,False,0.0003082449719557636,0.10855949895615867,1.8338267414018419,0.9400040525639501,76.28048512637972,1194.714022831228,0.010217271227618136,0.0005167679314407359,5.030122851163938e-05,0.0,0.0,0.22216142824670906,0.21651106026648367,0.02166075383594536,0.025810546971551107,0.5912588451284939,158.0756821640867,0.0170548538605907,1.4420946656800384,-0.0008655544403934763,900.0000000000001,0.001501530203851272,True,0.0002642397303134203,0.22216142824670906,False,True,True,0.85,False,False,False,0,True,True,True,False,True,False,True,False,True,0,0,False,0,15,24,15,,,,False,False,False,
270,2026-08-18T22:01:57.623238,shadow,analysis_full,silero,webrtc,False,8.068684837780893e-05,True,True,False,1,False,True,False,0,0.0,,,,,,,,,,,,,0.0015983597531278382,0.7920888203779297,0.1876378109350216,0.02027336806140732,,,,,,,,,,,,,,False,False,temporal_v1,False,0.00012355505043550077,0.12526096033402923,3.222686040575266,0.9252400510445961,68.0223494794927,1412.3729270445433,0.0012660428913945883,0.0002999127251635491,3.240413556970081e-05,0.0,0.0,0.2321298959393695,0.2235956398433233,0.015156615665512614,0.02404100529566416,0.5531913709215304,146.20601000394953,0.021081576450802143,1.1718673952634233,-0.0007045594023825766,1066.6666666666667,0.01249633993538054,True,0.0002642397303134203,0.2321298959393695,False,True,True,0.85,True,False,False,0,True,False,True,False,True,False,True,False,True,0,1,False,0,15,24,15,,,,False,False,False,
271,2026-08-18T22:01:57.634391,shadow,analysis_full,silero,webrtc,False,8.149336645146832e-05,True,True,False,1,False,True,False,0,0.0,,,,,,,,,,,,,0.001666034646665375,0.8202381801492454,0.1368268133529971,0.042935005897529945,,,,,,,,,,,,,,False,False,temporal_v1,False,0.00012828028732971879,0.10438413361169102,3.5007337986665195,0.9213736337323473,68.35260618935595,1540.0733866960184,0.0013665452266463983,0.00022795821163890971,7.153120738006709e-05,0.0,0.0,0.2318867265699864,0.22940922467288974,0.010881107887299058,0.017856705453313648,0.49447194483238427,125.75400074556416,0.008645795330398373,0.9624011585683183,-0.0005690979060498996,1033.3333333333335,0.02761756256985433,True,0.00022142517264001071,0.2318867265699864,False,True,True,0.85,True,False,False,0,True,False,True,False,True,False,True,False,True,0,2,False,0,15,24,15,,,,False,False,False,
272,2026-08-18T22:01:57.641495,shadow,analysis_full,silero,webrtc,False,8.149336645146832e-05,True,True,False,1,False,True,False,0,0.0,,,,,,,,,,,,,0.0025646282528431733,0.7013438068670639,0.23927208944791947,0.05938410329509655,,,,,,,,,,,,,,False,False,temporal_v1,False,0.00015558872328366006,0.14613778705636743,3.8225689948246817,0.8989046849074585,70.01086417746677,1532.7821319426073,0.001798686142047858,0.0006136439607149532,0.000152298149080362,0.0,0.0,0.18380224661423178,0.18072599235647863,0.01578830976692609,0.015545878238940679,0.5462367061314211,124.70577941662589,0.0046765758343874815,1.5309099128754728,-0.0009200670967304771,1500.0,0.012419039160559135,True,0.00015212131256703287,0.18380224661423178,False,True,True,0.85,True,False,False,0,True,False,True,False,True,False,True,False,True,0,3,False,0,15,24,15,,,,False,False,False,
273,2026-08-18T22:01:57.652554,shadow,analysis_full,silero,webrtc,False,7.911427383078262e-05,True,True,False,1,False,True,False,0,0.0,,,,,,,,,,,,,0.0025033416247089257,0.7443071795116187,0.2024590983633702,0.053233721725545004,,,,,,,,,,,,,,False,False,temporal_v1,False,0.0001547503880921187,0.1336116910229645,3.7279409043368683,0.9101182877737527,70.01574028901244,1521.0325972730902,0.0018632551440411337,0.0005068242882340634,0.00013326219143372866,0.0,0.0,0.16423098216216636,0.16185424746351498,0.01794557077181765,0.014356518786600578,0.5589391219086759,128.00284905079337,0.003300882421999698,1.398198382764194,-0.0008334709261038274,1433.3333333333335,0.01541997076928903,True,0.00010885393203352578,0.16423098216216636,False,True,True,0.85,True,False,False,0,True,False,True,False,True,False,True,False,True,0,4,False,0,15,24,15,,,,False,False,False,
274,2026-08-18T22:01:57.660174,shadow,analysis_full,silero,webrtc,False,7.853353599784896e-05,True,True,False,1,False,True,False,0,0.0,,,,,,,,,,,,,0.0022623515524683676,0.7097609956736443,0.23785457503823929,0.05238442884609849,,,,,,,,,,,,,,False,False,temporal_v1,False,0.00015088879831196567,0.12108559498956159,3.8692057483707805,0.906143610388945,69.76745404937964,1541.5951586152487,0.0016057288904437635,0.0005381106670994645,0.00011851199392513965,0.0,0.0,0.14573994102629248,0.14307535481951003,0.019421261560521767,0.013735936659370339,0.5963801806566991,132.348219733073,0.0018275902342116549,1.2578763194292035,-0.0007415293340414234,1400.0,0.0221489096456652,True,8.919791434891522e-05,0.14573994102629248,False,True,True,0.85,True,False,False,0,True,False,True,False,True,False,True,False,True,0,5,False,0,15,24,15,,,,False,False,False,
275,2026-08-18T22:01:57.670193,shadow,analysis_full,silero,webrtc,False,8.042581612244248e-05,True,True,False,1,False,True,False,0,0.0,,,,,,,,,,,,,0.004224111854316478,0.7193876156437349,0.22899454659407584,0.05161783752545291,,,,,,,,,,,,,,False,False,temporal_v1,False,0.00019906633303375665,0.08768267223382047,3.76077336249304,0.9094279102608624,72.27403262758652,1526.9932113269267,0.003038773755089167,0.0009672985788418628,0.00021803951938544755,0.0,0.0,0.11758797254577551,0.11349716656133173,0.02043886246939158,0.015878744776456295,0.6223299300203292,125.50551047571118,0.0019906200027660576,1.416644706824275,-0.0008342063468436501,1400.0,0.015263485580147465,True,8.149336645146832e-05,0.11758797254577551,False,True,True,0.85,True,False,False,0,True,False,True,False,True,False,True,False,True,0,6,False,0,15,24,15,,,,False,False,False,
276,2026-08-18T22:01:57.679704,shadow,analysis_full,silero,webrtc,False,8.048889139899984e-05,True,True,False,1,False,True,False,0,0.0,,,,,,,,,,,,,0.003967082944577835,0.762286774613254,0.1994630393023496,0.038250185832321905,,,,,,,,,,,,,,False,False,temporal_v1,False,0.00019379902489506147,0.11064718162839249,3.7014517551540433,0.9176164590095516,72.07372935668307,1473.5276472161545,0.003024054862445488,0.0007912864212900094,0.00015174165984233696,0.0,0.0,0.07515630331166138,0.06364416841058053,0.02018869872992678,0.015516412673120704,0.6329634136759468,126.13525757021401,0.0029704463580894065,1.3872262030410145,-0.0008325671855839509,1266.6666666666667,0.015935048405423306,True,8.109010741463862e-05,0.07515630331166138,False,True,True,0.85,True,False,False,0,True,False,True,False,True,False,True,False,True,0,7,False,0,15,24,15,,,,False,False,False,
277,2026-08-18T22:01:57.688947,shadow,analysis_full,silero,webrtc,False,7.958705100463703e-05,True,True,False,1,False,True,False,0,0.0,,,,,,,,,,,,,0.004043359737312493,0.7433661452859064,0.20991098611463588,0.046722868352138555,,,,,,,,,,,,,,False,False,temporal_v1,False,0.00019663619092543657,0.10438413361169102,3.680705409404861,0.9172272823984988,72.20156722127301,1486.034834124568,0.003005696741930223,0.0008487456296754805,0.00018891736470678914,0.0,0.0,0.07244666569414446,0.056301859840615386,0.018906177091375383,0.0157671879653438,0.6010197973960706,125.06756972208638,0.002826595354136568,1.5586879086423777,-0.0009353304304036503,1333.3333333333335,0.011196248479682126,True,8.058786988840438e-05,0.07244666569414446,False,True,True,0.85,True,False,False,0,True,False,True,False,True,False,True,False,True,0,8,False,0,15,24,15,,,,False,False,False,
278,2026-08-18T22:01:57.702446,shadow,analysis_full,silero,webrtc,False,7.937120244605467e-05,True,True,False,1,False,True,False,0,0.0,,,,,,,,,,,,,0.0035491449302746396,0.722768552065553,0.24882521231959998,0.02840623533308896,,,,,,,,,,,,,,False,False,temporal_v1,False,0.00018138561901250854,0.09394572025052192,3.5871971643004583,0.931589541653769,71.54753015326874,1485.6429758658464,0.0025652103423253994,0.000883116740828619,0.00010081784612062103,0.0,0.0,0.06993951865171322,0.057625336504286896,0.016333436631402062,0.017068002869285757,0.5732033941201548,99.71258401565518,0.0013886649786369163,0.9483016850861041,-0.0005494869222957696,1200.0,0.03096290943972916,True,8.045735376072116e-05,0.06993951865171322,False,True,True,0.85,True,False,False,0,True,False,True,False,True,False,True,False,True,0,9,False,0,15,24,15,,,,False,False,False,
279,2026-08-18T22:01:57.719298,shadow,analysis_full,silero,webrtc,False,7.800585444783792e-05,True,True,False,1,False,True,False,0,0.0,,,,,,,,,,,,,0.006894293954023711,0.7771451470411258,0.16993170948109862,0.05292314333272801,,,,,,,,,,,,,,False,False,temporal_v1,False,0.0002580913209722993,0.11691022964509394,3.795824678436233,0.9127469596031489,74.59063071701932,1514.059625593522,0.005357867088644501,0.001171559157272452,0.000364867707106757,0.0,0.0,0.03650896375925709,0.033132978392908165,0.011721148363108242,0.017006606976548058,0.18082987232330172,38.00452326859897,0.003042408922284717,1.35191288033658,-0.0008036417620090284,1333.3333333333335,0.018171754479510933,True,8.000643356353976e-05,0.03650896375925709,False,True,False,0.85,True,False,False,0,True,False,True,False,True,False,True,False,False,0,0,False,0,15,24,24,,,,False,False,False,
280,2026-08-18T22:01:57.734105,shadow,analysis_full,silero,webrtc,False,7.448814722010866e-05,True,True,False,1,False,True,False,0,0.0,,,,,,,,,,,,,0.004001837309944208,0.7710721218600558,0.17932110721487932,0.04960677067517973,,,,,,,,,,,,,,False,False,temporal_v1,False,0.00019567876666315773,0.08350730688935282,3.734697609767287,0.9154035336971471,72.14918522422596,1476.5226478468735,0.003085705185917418,0.0007176138973130095,0.00019851822571378047,0.0,0.0,0.03453509347727518,0.03368616190581437,0.0084871852330393,0.018853982304593963,0.10394244559996416,25.430128382176044,0.0014783282348610676,2.0320554170420424,-0.0012489242012566884,1366.6666666666667,0.004019244493681253,True,7.947912672534585e-05,0.03453509347727518,False,True,False,0.85,True,False,False,0,True,False,True,False,True,False,True,False,False,0,0,False,0,15,24,24,,,,False,False,False,
281,2026-08-18T22:01:57.743174,shadow,analysis_full,silero,webrtc,False,7.849251414882019e-05,True,True,False,1,False,True,False,0,0.0,,,,,,,,,,,,,0.0036272688826360293,0.744945935283367,0.2117967883455654,0.04325727609537812,,,,,,,,,,,,,,False,False,temporal_v1,False,0.00018433969947917738,0.09394572025052192,3.653637947873299,0.9123756873530747,71.60173887337808,1533.00307529402,0.00270211921029955,0.0007682438998081186,0.00015690577152836042,0.0,0.0,0.024546829780847483,0.024781581445787737,0.008470208704059843,0.01942891310363671,0.07912433396162011,24.666158486169767,0.0033177628706994333,1.1755248751767282,-0.0006993352779854309,1366.6666666666667,0.026263938461173537,True,7.924273813841864e-05,0.024546829780847483,False,True,False,0.85,True,False,False,0,True,False,True,False,True,False,True,False,False,0,0,False,0,15,24,24,,,,False,False,False,
282,2026-08-18T22:01:57.753268,shadow,analysis_full,silero,webrtc,False,7.412627019220963e-05,True,True,False,1,False,True,False,0,0.0,,,,,,,,,,,,,0.005592799491506484,0.7785917536212347,0.18334794932747225,0.03806029687249164,,,,,,,,,,,,,,False,False,temporal_v1,False,0.00022911744118880682,0.09603340292275574,3.5908682941526107,0.9259471613010581,73.60075130287422,1438.433387125404,0.004354507563743983,0.0010254283177674433,0.00021286360899505706,0.0,0.0,0.023408604527932735,0.02448113091910023,0.00789433027228589,0.015268655117516947,0.08342806720609615,31.033225617311217,0.0038710104180487456,1.5286068583086612,-0.0009166347419544778,1166.6666666666667,0.010251895345611736,True,7.882390491431579e-05,0.023408604527932735,False,True,False,0.85,True,False,False,0,True,False,True,False,True,False,True,False,False,0,0,False,0,15,24,24,,,,False,False,False,
283,2026-08-18T22:01:57.762870,shadow,analysis_full,silero,webrtc,False,7.626004662597552e-05,True,True,False,1,False,True,False,0,0.0,,,,,,,,,,,,,0.002949758673778488,0.7607035514365235,0.19276605999813268,0.04653038822633299,,,,,,,,,,,,,,False,False,temporal_v1,False,0.00016833175865816274,0.09603340292275574,3.6117766023871343,0.922339347682617,70.83333584376194,1449.1600968138603,0.0022438918990239855,0.0005686133574895963,0.0001372534162649062,0.0,0.0,0.023709425446517732,0.024838559827184567,0.007478248665458588,0.011789401172021294,0.08810929100824477,33.48286375748966,0.0014975282364553056,1.509904860740088,-0.0009074986213194643,1233.3333333333335,0.010632325381895714,True,7.851302507333457e-05,0.023709425446517732,False,True,False,0.85,True,False,False,0,True,False,True,False,True,False,True,False,False,0,0,False,0,15,24,24,,,,False,False,False,
284,2026-08-18T22:01:57.773176,shadow,analysis_full,silero,webrtc,False,7.582915714010596e-05,True,True,False,1,False,True,False,0,0.0,,,,,,,,,,,,,0.002894295472933891,0.7118274822749211,0.24055608007946794,0.047616437300103884,,,,,,,,,,,,,,False,False,temporal_v1,False,0.00016732692296024662,0.1022964509394572,3.7674340436826754,0.9092304044485406,70.71749328814126,1498.1279706781875,0.0020602390594582336,0.0006962403735607266,0.00013781603891493114,0.0,0.0,0.02337311769883583,0.02519330132771304,0.007121432501437355,0.009648617960994858,0.0722712587225693,29.399292143997773,0.00171381365348007,1.6832046505853295,-0.001013265308357882,1500.0,0.008356043331658645,True,7.824918429832906e-05,0.02337311769883583,False,True,False,0.85,True,False,False,0,True,False,True,False,True,False,True,False,False,0,0,False,0,15,24,24,,,,False,False,False,
285,2026-08-18T22:01:57.783865,shadow,analysis_full,silero,webrtc,False,7.200726395240054e-05,True,True,False,1,False,True,False,0,0.0,,,,,,,,,,,,,0.002049642218894765,0.819604055686056,0.1353500333073761,0.04504591051867788,,,,,,,,,,,,,,False,False,temporal_v1,False,0.00013885322644894695,0.08977035490605428,3.542747344862901,0.9207277093981222,69.07845618657443,1501.403354276902,0.0016798950753115164,0.0002774191425956107,9.232799998763797e-05,0.0,0.0,0.029197157262139038,0.03166194485079756,0.006706887288326802,0.009431613359562854,0.07966844019160559,26.915764981978235,0.0028641641695523225,1.210327506941812,-0.0007192918367014526,1266.6666666666667,0.01951396144909651,True,7.713295053690672e-05,0.029197157262139038,False,True,False,0.85,True,False,False,0,True,False,True,False,True,False,True,False,False,0,0,False,0,15,24,24,,,,False,False,False,
286,2026-08-18T22:01:57.790935,shadow,analysis_full,silero,webrtc,False,7.084759272402152e-05,True,True,False,1,False,True,False,0,0.0,,,,,,,,,,,,,0.003098141478054757,0.7297262093444494,0.21998423933585423,0.05028955099692226,,,,,,,,,,,,,,False,False,temporal_v1,False,0.0001741970917729374,0.08559498956158663,3.7775411340929637,0.9140757862363984,71.10242022683592,1485.281901257544,0.0022607950367937073,0.0006815422964047348,0.0001558041438563148,0.0,0.0,0.030462970450980287,0.03240320371286968,0.006711543694337286,0.009263761057341875,0.0860114804256556,26.61827503586359,0.003001265951709118,1.3939216478365342,-0.000835300033446228,1400.0,0.016757887314634862,True,7.604460188304074e-05,0.030462970450980287,False,True,False,0.85,True,False,False,0,True,False,True,False,True,False,True,False,False,0,0,False,0,15,24,24,,,,False,False,False,
287,2026-08-18T22:01:57.804431,shadow,analysis_full,silero,webrtc,False,6.632886652369052e-05,True,True,False,1,False,True,False,0,0.0,,,,,,,,,,,,,0.001463353253187782,0.7627764032461779,0.2003246146432137,0.03689898142724635,,,,,,,,,,,,,,False,False,temporal_v1,False,0.00012163463020992906,0.10855949895615867,3.430930415763642,0.9248920819239215,67.87526141516486,1433.0704084689476,0.0011162113311451699,0.00029314567653173555,5.3996244510876494e-05,0.0,0.0,0.030215098943069285,0.0322127668496197,0.0070740905881917365,0.009704917995131072,0.1126500134289644,31.12489213885824,0.003738587563980787,1.6038442046278374,-0.0009691956379765872,1100.0,0.006548510012824813,True,7.515865218010731e-05,0.030215098943069285,False,True,False,0.85,True,False,False,0,True,False,True,False,True,False,True,False,False,0,0,False,0,15,24,24,,,,False,False,False,
288,2026-08-18T22:01:57.815273,shadow,analysis_full,silero,webrtc,False,6.632886652369052e-05,True,True,False,1,False,True,False,0,0.0,,,,,,,,,,,,,0.0017034027122948537,0.6467049968796473,0.3084066381473437,0.04488836438594878,,,,,,,,,,,,,,False,False,temporal_v1,False,0.00012983519529826768,0.10647181628392484,3.589020780838116,0.9098003481790633,68.40911229166709,1557.8924537757175,0.0011015990457394261,0.0005253407039099228,7.646296164550486e-05,0.0,0.0,0.04436611111314695,0.04427391032199586,0.00485164781402887,0.01007509687850827,0.11255081985587126,38.714970567312605,0.006015890862429115,1.1114306748946245,-0.0006518970610950214,1333.3333333333335,0.02364355085707304,True,7.430720870615914e-05,0.04436611111314695,False,True,False,0.85,True,False,False,0,True,False,True,False,True,False,True,False,False,0,0,False,0,15,24,24,,,,False,False,False,
289,2026-08-18T22:01:57.823287,shadow,analysis_full,silero,webrtc,False,6.470440712291747e-05,True,True,False,1,False,True,False,0,0.0,,,,,,,,,,,,,0.0012361190762470056,0.8480749689034465,0.12499101249127706,0.02693401779629296,,,,,,,,,,,,,,False,False,temporal_v1,False,0.00011043479384479371,0.11691022964509394,2.9213204999289712,0.93780513452811,67.02886730317947,1449.2999602320067,0.0010483216471491362,0.00015450377489989534,3.3293653197974064e-05,0.0,0.0,0.052932326097024474,0.049495092909118354,0.006767885985647058,0.01007509687850827,0.23642005799806604,39.341805626440895,0.010384089935021141,0.9720349338495098,-0.0005813579428805253,966.6666666666667,0.01863220308853822,True,7.306676707230508e-05,0.052932326097024474,False,True,True,0.85,True,False,False,0,True,False,True,False,True,False,True,False,False,0,0,False,0,15,24,24,,,,False,False,False,
290,2026-08-18T22:01:57.833133,shadow,analysis_full,silero,webrtc,False,7.184978312579915e-05,True,True,False,1,False,True,False,0,0.0,,,,,,,,,,,,,0.0029616909473395314,0.7476856909453348,0.2256974190296681,0.026616889687352117,,,,,,,,,,,,,,False,False,temporal_v1,False,0.0001680301599325607,0.08559498956158663,3.5897722934318335,0.929896534975796,70.85276421168734,1499.2883948866727,0.0022144139423281007,0.0006684460027780649,7.88310012333657e-05,0.0,0.0,0.052793170348591496,0.04954248137417657,0.0079116165708913,0.009792099707355803,0.22973685060850849,39.60409153016853,0.008048591973912212,0.9392128043333372,-0.0005521860449191208,1200.0,0.031028796614479777,True,7.192852353909984e-05,0.052793170348591496,False,True,True,0.85,True,False,False,0,True,False,True,False,True,False,True,False,False,0,0,False,0,15,24,24,,,,False,False,False,
291,2026-08-18T22:01:57.841261,shadow,analysis_full,silero,webrtc,False,7.314881077036262e-05,True,True,False,1,False,True,False,0,0.0,,,,,,,,,,,,,0.0014945911640121608,0.8742009920666813,0.1025369295986626,0.02326207766557677,,,,,,,,,,,,,,False,False,temporal_v1,False,0.00012052419917660727,0.10855949895615867,2.9328074589193176,0.9364483192555444,67.84378139925681,1535.1180816356416,0.001306573078313527,0.00015325078896309813,3.476729573553567e-05,0.0,0.0,0.06347576068639768,0.05801305824512219,0.009381101890745933,0.010144075668690057,0.2902446067688765,39.8673446638642,0.007122819759640438,0.8106270914954293,-0.0004852818870649903,900.0000000000001,0.025919597412534915,True,7.192852353909984e-05,0.06347576068639768,False,True,True,0.85,False,False,False,0,True,False,True,False,True,False,True,False,False,0,0,False,0,15,24,24,,,,False,False,False,
292,2026-08-18T22:01:57.855124,shadow,analysis_full,silero,webrtc,False,7.564369298052043e-05,True,True,False,1,False,True,False,0,0.0,,,,,,,,,,,,,0.0020364962266398784,0.8340608352723788,0.1426733511808245,0.023265813055757093,,,,,,,,,,,,,,False,False,temporal_v1,False,0.00013880735816605794,0.1022964509394572,2.980926694299637,0.9428815865138762,69.17857611377532,1360.6979635615844,0.0016985617438203047,0.00029055374132181533,4.738074049775814e-05,0.0,0.0,0.06651093245174954,0.05996794034843926,0.010456729564482304,0.010098861480123445,0.3219338541538871,53.41054146187147,0.008998441397349009,1.2331886391040012,-0.0007308228711184363,1033.3333333333335,0.008724456454536988,True,7.192852353909984e-05,0.06651093245174954,False,True,True,0.85,True,False,False,0,True,False,True,False,True,False,True,False,False,0,0,False,0,15,24,24,,,,False,False,False,
293,2026-08-18T22:01:57.867604,shadow,analysis_full,silero,webrtc,False,7.109800935722888e-05,True,True,False,1,False,True,False,0,0.0,,,,,,,,,,,,,0.0007544939616916871,0.7890344574427104,0.17376177703315673,0.03720376419874115,,,,,,,,,,,,,,False,False,temporal_v1,False,8.781874504368917e-05,0.12108559498956159,3.4239565625983044,0.9205458207924402,64.72618578328819,1535.7380076796285,0.0005953217337072014,0.00013110221154433402,2.8070015440151565e-05,0.0,0.0,0.0665073517698135,0.06012980434134908,0.009982293435284213,0.011728243762161287,0.3152825158160666,55.194019067944886,0.006689371730793484,1.0287787695206048,-0.0006155375802138297,1166.6666666666667,0.026196642863834326,True,7.147389624151401e-05,0.0665073517698135,False,True,True,0.85,True,False,False,0,True,False,True,False,True,False,True,False,False,0,0,False,0,15,24,24,,,,False,False,False,
294,2026-08-18T22:01:57.876807,shadow,analysis_full,silero,webrtc,False,6.618600309593603e-05,True,True,False,1,False,True,False,0,0.0,,,,,,,,,,,,,0.0013352911482047251,0.7027940765832991,0.276492874441065,0.020713048226735413,,,,,,,,,,,,,,False,False,temporal_v1,False,0.00011452408010668567,0.12734864300626306,3.2000939411207705,0.9304187478882621,67.3375326675671,1413.715465616851,0.000938434709472393,0.0003691984877828346,2.7657949949497377e-05,0.0,0.0,0.0674327746755449,0.06413792348700316,0.010167155743543604,0.013854413380406733,0.29357403025748374,58.95787526540002,0.008408889691840862,1.0633836568184323,-0.0006368268962539537,1133.3333333333335,0.016678806238211566,True,7.09728010406252e-05,0.0674327746755449,False,True,True,0.85,True,False,False,0,True,False,True,False,True,False,True,False,False,0,0,False,0,15,24,24,,,,False,False,False,
295,2026-08-18T22:01:57.888900,shadow,analysis_full,silero,webrtc,False,6.268245488172397e-05,True,True,False,1,False,True,False,0,0.0,,,,,,,,,,,,,0.0011371507658342712,0.7171254449020573,0.2507594972216082,0.03211505699694357,,,,,,,,,,,,,,False,False,temporal_v1,False,0.00010692608162298471,0.11064718162839249,3.40242776152336,0.9256312535343287,66.66566414493812,1413.8167076862385,0.000815479748869617,0.0002851513543057685,3.6519661658885654e-05,0.0,0.0,0.06773264494030469,0.06346181859527693,0.009412258646723131,0.012909916353854122,0.28677054893348985,61.16874542346135,0.00573931379323002,1.1253662407688012,-0.0006765320605407064,1300.0,0.016305299320741654,True,6.858822962385602e-05,0.06773264494030469,False,True,True,0.85,True,False,False,0,True,False,True,False,True,False,True,False,False,0,0,False,0,15,24,24,,,,False,False,False,
296,2026-08-18T22:01:57.905989,shadow,analysis_full,silero,webrtc,False,6.392769864760339e-05,True,True,False,1,False,True,False,0,0.0,,,,,,,,,,,,,0.0008890327875337953,0.6415715166686968,0.2687782812974297,0.08965020090905565,,,,,,,,,,,,,,False,False,temporal_v1,False,9.420085137763374e-05,0.12108559498956159,3.89292392365981,0.868190177594708,65.16515028404017,1651.3209905906501,0.0005703781138662563,0.0002389527046503965,7.970196801714253e-05,0.0,0.0,0.07689528230957245,0.06642056783102991,0.01924265379246321,0.011221172985700786,0.3064007199962303,82.36323502625714,0.00585746689069049,1.2973309549515022,-0.0007758488156510562,1966.6666666666667,0.021692868647423792,True,6.632886652369052e-05,0.07689528230957245,False,True,True,0.85,True,False,False,0,True,False,True,False,True,False,True,False,False,0,0,False,0,15,24,24,,,,False,False,False,
297,2026-08-18T22:01:57.922894,shadow,analysis_full,silero,webrtc,False,6.94253176334314e-05,True,True,False,1,False,True,False,0,0.0,,,,,,,,,,,,,0.0017123501579593547,0.8642511510815946,0.10693028882965071,0.028818559504762014,,,,,,,,,,,,,,False,False,temporal_v1,False,0.00012744396704524326,0.10647181628392484,2.4086571376076433,0.9373402304055009,68.36647299738065,1550.1432111699894,0.0014799005950711225,0.0001831020969680918,4.9347464920140296e-05,0.0,0.0,0.08348038567019446,0.07300456146438929,0.019363715792522582,0.01128121593829336,0.4106236032631957,82.47081269038169,0.009619572686442075,0.9952711526153539,-0.0005947337000217148,866.6666666666667,0.018530619457379962,True,6.787709207856096e-05,0.08348038567019446,False,True,True,0.85,False,False,False,0,True,False,True,False,True,False,True,False,False,0,0,False,0,15,24,24,,,,False,False,False,
298,2026-08-18T22:01:57.934170,shadow,analysis_full,silero,webrtc,False,6.0533762734849006e-05,True,True,False,1,False,True,False,0,0.0,,,,,,,,,,,,,0.0007917262232530998,0.8175090684372148,0.14816628674030421,0.03432464355941806,,,,,,,,,,,,,,False,False,temporal_v1,False,8.989645003367102e-05,0.10438413361169102,3.136865578260498,0.9319926779026242,65.01221267036014,1531.020542949751,0.0006472433672289559,0.0001173071346143369,2.71757204098069e-05,0.0,0.0,0.07416616857018393,0.06407470935608289,0.019100729272662126,0.01137547618022988,0.39360396349344234,80.85523523368016,0.011838045702316361,0.9184415233019861,-0.0005535870848562428,1066.6666666666667,0.024937930933712927,True,6.780566036468372e-05,0.07416616857018393,False,True,True,0.85,True,False,False,0,True,False,True,False,True,False,True,False,False,0,0,False,0,15,24,24,,,,False,False,False,
299,2026-08-18T22:01:57.944809,shadow,analysis_full,silero,webrtc,False,5.773213706561364e-05,True,True,False,1,False,True,False,0,0.0,,,,,,,,,,,,,0.0006984807850397911,0.7451967285241463,0.2251208991782255,0.02968237086594958,,,,,,,,,,,,,,False,False,temporal_v1,False,8.540538240395846e-05,0.13987473903966596,3.244325859045036,0.9271722469871992,64.4773929685975,1473.1791447668793,0.0005205055959486298,0.00015724262238687062,2.0732565704290687e-05,0.0,0.0,0.07160442966502437,0.06216646751984078,0.019012471635829583,0.014373206244725266,0.38343607305067806,79.84567780655179,0.0038167735108966226,1.1668782787263223,-0.0007040396600775401,1133.3333333333335,0.01585566554215688,True,6.780566036468372e-05,0.07160442966502437,False,True,True,0.85,True,False,False,0,True,False,True,False,True,False,True,False,False,0,0,False,0,15,24,24,,,,False,False,False,
300,2026-08-18T22:01:57.953549,shadow,analysis_full,silero,webrtc,False,5.530672206077725e-05,True,True,False,1,False,True,False,0,0.0,,,,,,,,,,,,,0.0007449212440009285,0.8050054811590658,0.16056554854010774,0.034428968958402584,,,,,,,,,,,,,,False,False,temporal_v1,False,8.781375496801763e-05,0.10647181628392484,2.986455731945333,0.9282492253533391,64.76094702619181,1521.850506296886,0.0005996656844525773,0.00011960868816218853,2.5646870386162603e-05,0.0,0.0,0.07161536377289553,0.06171470046356911,0.018829445497245745,0.011510687893185989,0.36785647163679724,80.21323421148048,0.008811665325251088,1.000266452354539,-0.0006019726304939084,1066.6666666666667,0.022482050322682648,True,6.505685087176971e-05,0.07161536377289553,False,True,True,0.85,True,False,False,0,True,False,True,False,True,False,True,False,False,0,0,False,0,15,24,24,,,,False,False,False,
301,2026-08-18T22:01:57.961954,shadow,analysis_full,silero,webrtc,False,6.706052226945758e-05,True,True,False,1,False,True,False,0,0.0,,,,,,,,,,,,,0.0018548811674526575,0.8059611630807078,0.156799141438417,0.03723969494175719,,,,,,,,,,,,,,False,False,temporal_v1,False,0.00013273827904826502,0.10438413361169102,3.1875807871164703,0.9299410567866961,68.70794219329012,1483.7221193791233,0.001494962183096645,0.00029084377452686527,6.90752088291474e-05,0.0,0.0,0.06518883637016076,0.056324901125387836,0.018394279299662558,0.01180233321511697,0.35991055782760234,79.3545398116007,0.010916650261734278,1.2120585234815249,-0.0007219358388268959,1133.3333333333335,0.015543908092115602,True,6.505685087176971e-05,0.06518883637016076,False,True,True,0.85,True,False,False,0,True,False,True,False,True,False,True,False,False,0,0,False,0,15,24,24,,,,False,False,False,
302,2026-08-18T22:01:57.969640,shadow,analysis_full,silero,webrtc,False,6.456153641920537e-05,True,True,False,1,False,True,False,0,0.0,,,,,,,,,,,,,0.001135887576745094,0.8751605464056643,0.09886489579868965,0.025974556915277305,,,,,,,,,,,,,,False,False,temporal_v1,False,0.00010567520548270649,0.10855949895615867,2.3347213544778094,0.9419989912301381,66.6295588226964,1433.1229574933725,0.0009940839923196425,0.00011229940691392983,2.9504176511521864e-05,0.0,0.0,0.07006914077119837,0.06138962397573045,0.018212851539762875,0.011298587998108399,0.4400866792756025,69.60814161913319,0.012695335061298278,1.1673553924891773,-0.0006980832017374803,833.3333333333334,0.010230059881196303,True,6.424461753340438e-05,0.07006914077119837,False,True,True,0.85,False,False,False,0,True,False,True,False,True,False,True,False,False,0,0,False,0,15,24,24,,,,False,False,False,
303,2026-08-18T22:01:57.976760,shadow,analysis_full,silero,webrtc,False,6.664715328952298e-05,True,True,False,1,False,True,False,0,0.0,,,,,,,,,,,,,0.0010110761742694926,0.6258068441765853,0.32651605175260134,0.04767710308176833,,,,,,,,,,,,,,False,False,temporal_v1,False,0.00010099429914083308,0.11482254697286012,3.6445646979836046,0.8992562149615909,65.99404277098635,1529.2693078952186,0.0006327383898417263,0.0003301326004435998,4.820518298416655e-05,0.0,0.0,0.08302917853627197,0.07399853877158916,0.018492575611615273,0.011117767812688391,0.4597695094132452,69.3095284708505,0.010730006588296585,1.4240652044257844,-0.0008543271283071261,1400.0,0.011742519382288048,True,6.424461753340438e-05,0.08302917853627197,False,True,True,0.85,True,False,False,0,True,False,True,False,True,False,True,False,False,0,0,False,0,15,24,24,,,,False,False,False,
304,2026-08-18T22:01:57.982628,shadow,analysis_full,silero,webrtc,False,6.664715328952298e-05,True,True,False,1,False,True,False,0,0.0,,,,,,,,,,,,,0.0008603978614478151,0.7461797938132106,0.22733713442687764,0.026483070597658812,,,,,,,,,,,,,,False,False,temporal_v1,False,9.353602702612683e-05,0.12317327766179541,3.255700993867864,0.9262774863104536,65.37692212680774,1421.1647078526435,0.0006420114988524581,0.00019560038428856,2.2785977306797155e-05,0.0,0.0,0.08103417699466828,0.07042662729484718,0.01802638299488168,0.01069415321491916,0.46075120929502567,68.4111182604748,0.006175110787562139,1.7129715837670827,-0.0010474604986528714,1200.0,0.004756518022723514,True,6.424461753340438e-05,0.08103417699466828,False,True,True,0.85,True,False,False,0,True,False,True,False,True,False,True,False,False,0,0,False,0,15,24,24,,,,False,False,False,
305,2026-08-18T22:01:57.988674,shadow,analysis_full,silero,webrtc,False,6.509641389129683e-05,True,True,False,1,False,True,False,0,0.0,,,,,,,,,,,,,0.0007976609669462738,0.836040234862018,0.13615817725513227,0.027801586629184347,,,,,,,,,,,,,,False,False,temporal_v1,False,9.057770171272854e-05,0.10855949895615867,3.0782341521818353,0.9304428607949105,65.0799993213963,1429.1075813483674,0.0006668766621460271,0.00010860806332697093,2.2176240473275782e-05,0.0,0.0,0.08194770847787954,0.07006688477179278,0.018227823727515434,0.010777377452309231,0.45315148255160537,66.59525028025293,0.012548260317457514,1.2890856458950672,-0.0007728529431232733,1000.0000000000001,0.010603897526399876,True,6.48289751552511e-05,0.08194770847787954,False,True,True,0.85,True,False,False,0,True,False,True,False,True,False,True,False,False,0,0,False,0,15,24,24,,,,False,False,False,
306,2026-08-18T22:01:57.994977,shadow,analysis_full,silero,webrtc,False,5.9600042732199654e-05,True,True,False,1,False,True,False,0,0.0,,,,,,,,,,,,,0.000754116465519229,0.8148061404139547,0.14885780955916564,0.03633604870082459,,,,,,,,,,,,,,False,False,temporal_v1,False,9.141954986028695e-05,0.12943632567849686,3.3424597796014943,0.9214477450810974,65.12873010644932,1631.3537522349948,0.0006144587266923361,0.00011225612520969249,2.740161261720041e-05,0.0,0.0,0.0689167641517078,0.06486034736857302,0.006288942072019149,0.011603084118238204,0.38365858357256805,62.258026183231294,0.006798500082055598,0.81818879203253,-0.0004926387137836458,1200.0,0.041552086891320436,True,6.48289751552511e-05,0.0689167641517078,False,True,True,0.85,True,False,False,0,True,False,True,False,True,False,True,False,False,0,0,False,0,15,24,24,,,,False,False,False,
307,2026-08-18T22:01:58.004869,shadow,analysis_full,silero,webrtc,False,5.915385554544628e-05,True,True,False,1,False,True,False,0,0.0,,,,,,,,,,,,,0.0010742592708726621,0.8329181882414036,0.14021968229056356,0.02686212853715873,,,,,,,,,,,,,,False,False,temporal_v1,False,0.00010633848684825249,0.1127348643006263,3.295175822601269,0.9403647375843168,66.68156886230611,1370.8099369605745,0.000894770085596789,0.00015063229365945715,2.8856890616415868e-05,0.0,0.0,0.06629543269175527,0.06215446556213662,0.006440741977415046,0.011312081155861431,0.319521291161013,70.6126051443484,0.004832678657303767,1.173768919530223,-0.0007062601358365469,1000.0000000000001,0.015070820471287692,True,6.254764957702719e-05,0.06629543269175527,False,True,True,0.85,True,False,False,0,True,False,True,False,True,False,True,False,False,0,0,False,0,15,24,24,,,,False,False,False,
308,2026-08-18T22:01:58.014177,shadow,analysis_full,silero,webrtc,False,6.28671987215057e-05,True,True,False,1,False,True,False,0,0.0,,,,,,,,,,,,,0.0016295605321926321,0.6940122968565758,0.26540771119887213,0.040579991330889506,,,,,,,,,,,,,,False,False,temporal_v1,False,0.0001246723058452668,0.11482254697286012,3.678107282735278,0.9116578440153995,68.04195185030557,1479.6435486846387,0.0011309350478138328,0.0004324979311092625,6.61275522695367e-05,0.0,0.0,0.07141135450222978,0.0665390537708029,0.006860108733454258,0.010728739171214693,0.3563299623902752,68.73663673064479,0.00758709831286281,1.3342015324868792,-0.0007997709820213084,1400.0,0.015651515213929545,True,6.371436757035553e-05,0.07141135450222978,False,True,True,0.85,True,False,False,0,True,False,True,False,True,False,True,False,False,0,0,False,0,15,24,24,,,,False,False,False,
309,2026-08-18T22:01:58.023222,shadow,analysis_full,silero,webrtc,False,6.251304876059294e-05,True,True,False,1,False,True,False,0,0.0,,,,,,,,,,,,,0.0010261475553499971,0.8312705049609637,0.13987307788755024,0.028856416176967374,,,,,,,,,,,,,,False,False,temporal_v1,False,0.00010671756782173047,0.08350730688935282,3.042181641562515,0.9402696505139165,66.71528421953977,1371.9113074367528,0.0008530061965002505,0.0001435304169335894,2.9610940916157183e-05,0.0,0.0,0.07210958221482622,0.066772499443333,0.00690805123227007,0.011623725183361215,0.3592324315943231,75.7073694045221,0.008566784242047243,1.5147158075817848,-0.0009171134133468744,966.6666666666667,0.00617639093597923,True,6.371436757035553e-05,0.07210958221482622,False,True,True,0.85,True,False,False,0,True,False,True,False,True,False,True,False,False,0,0,False,0,15,24,24,,,,False,False,False,
310,2026-08-18T22:01:58.041210,shadow,analysis_full,silero,webrtc,False,6.0848953580716625e-05,True,True,False,1,False,True,False,0,0.0,,,,,,,,,,,,,0.0011214048014249964,0.7965322913098749,0.1645487965831347,0.03891891121525165,,,,,,,,,,,,,,False,False,temporal_v1,False,0.00010783893885281225,0.12108559498956159,3.5013452766111977,0.9256482038196858,66.74672855854689,1419.0763681501735,0.0008932351359649477,0.0001845258105570323,4.364385390301634e-05,0.0,0.0,0.07193927679279617,0.06666681678288039,0.0071146061980436265,0.011921746584775978,0.36402182693610474,74.5574285535927,0.01022053022020055,1.4668525537623904,-0.0008815191421752617,1133.3333333333335,0.009326718351637103,True,6.371436757035553e-05,0.07193927679279617,False,True,True,0.85,True,False,False,0,True,False,True,False,True,False,True,False,False,0,0,False,0,15,24,24,,,,False,False,False,
311,2026-08-18T22:01:58.057551,shadow,analysis_full,silero,webrtc,False,6.233535532373935e-05,True,True,False,1,False,True,False,0,0.0,,,,,,,,,,,,,0.002189205880626973,0.7709881125031902,0.18089076041672184,0.04812112662330145,,,,,,,,,,,,,,False,False,temporal_v1,False,0.00014975638015429055,0.10855949895615867,3.6349861653974367,0.9188600610191664,69.75924876651406,1510.0378279614688,0.001687851709785474,0.0003960071164553723,0.00010534705338612673,0.0,0.0,0.07172727226311544,0.06620199222193879,0.008308813264003782,0.011715229934528767,0.38235335278720844,75.90922001014603,0.00483143519079487,1.1919423096273074,-0.0007156803300096194,1266.6666666666667,0.02394650654439705,True,6.269012374104932e-05,0.07172727226311544,False,True,True,0.85,True,False,False,0,True,False,True,False,True,False,True,False,False,0,0,False,0,15,24,24,,,,False,False,False,
312,2026-08-18T22:01:58.076800,shadow,analysis_full,silero,webrtc,False,6.008333366480656e-05,True,True,False,1,False,True,False,0,0.0,,,,,,,,,,,,,0.0011220672366237265,0.8197586897557907,0.14106138749958064,0.03917992185341664,,,,,,,,,,,,,,False,False,temporal_v1,False,0.00010953106751300867,0.10855949895615867,3.4556193865758726,0.9248290609058509,66.89055686134114,1554.1213854931043,0.0009198243677125667,0.00015828036126596312,4.396250664519677e-05,0.0,0.0,0.06627901146007883,0.06191954820523432,0.007843777268696329,0.011715229934528767,0.21723578133938634,80.25176551428291,0.002535658472583478,0.9794171996350722,-0.0005876670024998657,1000.0000000000001,0.03331476195824484,True,6.242420204216614e-05,0.06627901146007883,False,True,True,0.85,True,False,False,0,True,False,True,False,True,False,True,False,False,0,0,False,0,15,24,24,,,,False,False,False,
313,2026-08-18T22:01:58.086321,shadow,analysis_full,silero,webrtc,False,5.7828288845485076e-05,True,True,False,1,False,True,False,0,0.0,,,,,,,,,,,,,0.0008724556678006012,0.8474224918366288,0.10656776870516732,0.04600973831201387,,,,,,,,,,,,,,False,False,temporal_v1,False,9.495330559013117e-05,0.10855949895615867,3.1177339857578215,0.9282493344293832,65.53321823487119,1558.0710741886637,0.0007393385560245755,9.297565381168677e-05,4.014145696433897e-05,0.0,0.0,0.046035258102899344,0.0453271351595609,0.007609748669499531,0.011743099048371801,0.21365256126032234,82.74608544227212,0.007460175299136198,1.0316100029380975,-0.0006181220481995553,966.6666666666667,0.022654828705573043,True,6.159215445222799e-05,0.046035258102899344,False,True,False,0.85,True,False,False,0,True,False,True,False,True,False,True,False,False,0,0,False,0,15,24,24,,,,False,False,False,
314,2026-08-18T22:01:58.092858,shadow,analysis_full,silero,webrtc,False,5.9589357988443226e-05,True,True,False,1,False,True,False,0,0.0,,,,,,,,,,,,,0.00104820441493157,0.7984541017767169,0.15752421053467494,0.04402168673459576,,,,,,,,,,,,,,False,False,temporal_v1,False,0.00010495213448675617,0.1127348643006263,3.3461536757334542,0.9224212321792643,66.47310053587985,1519.970104122954,0.0008369431146025758,0.0001651175729410564,4.6143726387937805e-05,0.0,0.0,0.04257964108325036,0.04030006731546542,0.007246262749584822,0.011143220162908156,0.21179225794611775,81.67612513940199,0.00820248992558818,1.0806429211968436,-0.0006385857542414102,1166.6666666666667,0.02078653148797691,True,6.046614362276159e-05,0.04257964108325036,False,True,False,0.85,True,False,False,0,True,False,True,False,True,False,True,False,False,0,0,False,0,15,24,24,,,,False,False,False,
315,2026-08-18T22:01:58.104215,shadow,analysis_full,silero,webrtc,False,7.062411168590188e-05,True,True,False,1,False,True,False,0,0.0,,,,,,,,,,,,,0.000519146268617792,0.7368163329708225,0.2023834428270038,0.06080022227593428,,,,,,,,,,,,,,False,False,temporal_v1,False,7.694315572102341e-05,0.12317327766179541,3.618451667133088,0.9006728017705796,63.28281606067323,1585.5421527748485,0.0003825154499184471,0.00010506660917366126,3.156420852568364e-05,0.0,0.0,0.04547142799162008,0.04156982875845077,0.009240649161379228,0.011691022964509395,0.20456059844959226,84.51744267786071,0.007245549893736086,1.374277559064633,-0.000830960396599728,1500.0,0.014568311078593842,True,6.046614362276159e-05,0.04547142799162008,False,True,False,0.85,True,False,False,0,True,False,True,False,True,False,True,False,False,0,0,False,0,15,24,24,,,,False,False,False,
316,2026-08-18T22:01:58.114615,shadow,analysis_full,silero,webrtc,False,6.599560583708808e-05,True,True,False,1,False,True,False,0,0.0,,,,,,,,,,,,,0.0006163822985684418,0.7405013726543958,0.13146060358429187,0.12803802213894272,,,,,,,,,,,,,,False,False,temporal_v1,False,8.127040598339451e-05,0.1419624217118998,3.3781005703586913,0.8608235323727249,63.652471558135986,1835.4456390509458,0.0004564319381698028,8.102998900848057e-05,7.892037039015856e-05,0.0,0.0,0.047537215371543706,0.042550308124523234,0.027518341154767662,0.0139171885699365,0.2037798897042591,127.48123850588202,0.00815897028006079,1.0540586157982559,-0.0006214140695556623,2200.0,0.029163700085564206,True,6.159215445222799e-05,0.047537215371543706,False,True,False,0.85,True,False,False,0,True,False,True,False,True,False,True,False,False,0,0,False,0,15,24,24,,,,False,False,False,
317,2026-08-18T22:01:58.122694,shadow,analysis_full,silero,webrtc,False,6.619421037612483e-05,True,True,False,1,False,True,False,0,0.0,,,,,,,,,,,,,0.0003603765641390801,0.6289095745145418,0.21556169183682797,0.15552873087375507,,,,,,,,,,,,,,False,False,temporal_v1,False,6.760317370096097e-05,0.1524008350730689,3.8462739902585135,0.8509594684171634,61.643333774578934,1811.4554221178626,0.00022664427161772134,7.768338186416325e-05,5.604890965719552e-05,0.0,0.0,0.06423856486673467,0.04447738369630579,0.04059841300777411,0.01812921322786178,0.23782028427457655,143.3103016338958,0.00685572582472404,0.970116288258235,-0.000579450449046031,2400.0,0.048422299751340006,True,6.242420204216614e-05,0.06423856486673467,False,True,True,0.85,True,False,False,0,True,False,True,False,True,False,True,False,False,0,0,False,0,15,24,24,,,,False,False,False,
318,2026-08-18T22:01:58.133780,shadow,analysis_full,silero,webrtc,False,6.579038017662242e-05,True,True,False,1,False,True,False,0,0.0,,,,,,,,,,,,,0.0006465167417063607,0.7570493277190877,0.16466439500975222,0.07828627572440965,,,,,,,,,,,,,,False,False,temporal_v1,False,8.416884043923846e-05,0.13778705636743216,3.488233552596495,0.8984362309596323,64.19421294925141,1585.2983615239789,0.0004894450646679354,0.00010645828813675412,5.061338790167108e-05,0.0,0.0,0.0597558593939928,0.03130441859414997,0.040088321765784404,0.01907004133055405,0.22713999631080603,140.5305229075045,0.004640515936435309,1.1558842258363478,-0.0006913834247133832,1633.3333333333335,0.021256942142768045,True,6.242420204216614e-05,0.0597558593939928,False,True,True,0.85,True,False,False,0,True,False,True,False,True,False,True,False,False,0,0,False,0,15,24,24,,,,False,False,False,
319,2026-08-18T22:01:58.148505,shadow,analysis_full,silero,webrtc,False,6.712129834340885e-05,True,True,False,1,False,True,False,0,0.0,,,,,,,,,,,,,0.000495329658559886,0.7397543020681655,0.19421336837035447,0.06603232754262255,,,,,,,,,,,,,,False,False,temporal_v1,False,7.640455998498633e-05,0.1315240083507307,3.5378375539563964,0.9061996283657631,63.235989943114916,1527.4242497868463,0.00036642224586163117,9.619964144265303e-05,3.270777025560178e-05,0.0,0.0,0.05704198827031161,0.03196958260951527,0.038072537309082784,0.01491049798385728,0.18433347918499338,124.92372545915582,0.005146578031777559,1.665203084923485,-0.0010100859206784564,1466.6666666666667,0.006345596045071336,True,6.406286775018089e-05,0.05704198827031161,False,True,True,0.85,True,False,False,0,True,False,True,False,True,False,True,False,False,0,0,False,0,15,24,24,,,,False,False,False,
320,2026-08-18T22:01:58.159018,shadow,analysis_full,silero,webrtc,False,6.712129834340885e-05,True,True,False,1,False,True,False,0,0.0,,,,,,,,,,,,,0.00045476479827732914,0.6920433496374461,0.23958474648623412,0.0683719016773809,,,,,,,,,,,,,,False,False,temporal_v1,False,7.265247202348986e-05,0.1315240083507307,3.473174898781631,0.9004250046439148,62.67454639853109,1582.8530164606282,0.0003147169542970403,0.0001089547089061373,3.109313407415151e-05,0.0,0.0,0.059569965781594805,0.0388419533063588,0.036627814655447344,0.014990666447612728,0.18439161876264817,111.35629987593634,0.009709283190343091,1.2344897957735208,-0.0007388157597778673,1600.0,0.01915421907394559,True,6.589299300685525e-05,0.059569965781594805,False,True,True,0.85,True,False,False,0,True,False,True,False,True,False,True,False,False,0,0,False,0,15,24,24,,,,False,False,False,
321,2026-08-18T22:01:58.170689,shadow,analysis_full,silero,webrtc,False,6.318754458334297e-05,True,True,False,1,False,True,False,0,0.0,,,,,,,,,,,,,0.0006452152792332603,0.6958399610190872,0.2299677289596132,0.07419230847142927,,,,,,,,,,,,,,False,False,temporal_v1,False,8.443474432058971e-05,0.12943632567849686,3.785220740769326,0.8907191431179534,64.18886413263182,1620.0216904626068,0.00044896657475059133,0.00014837869245531556,4.787001102735342e-05,0.0,0.0,0.061555094641722645,0.042415533736642634,0.03564767932769538,0.013873275762702421,0.20099331911657312,106.56251189165413,0.005611583786904805,1.3165373311618107,-0.000784916602927566,1666.6666666666667,0.021047098127952815,True,6.589299300685525e-05,0.061555094641722645,False,True,True,0.85,True,False,False,0,True,False,True,False,True,False,True,False,False,0,0,False,0,15,24,24,,,,False,False,False,
322,2026-08-18T22:01:58.184869,shadow,analysis_full,silero,webrtc,False,7.132931204978377e-05,True,True,False,1,False,True,False,0,0.0,,,,,,,,,,,,,0.00047161696582758426,0.6052341640967541,0.32615477663141146,0.06861105715146956,,,,,,,,,,,,,,False,False,temporal_v1,False,7.424538048595389e-05,0.14822546972860126,3.9088894317746936,0.8703592783837529,62.75849094461164,1643.0278960806597,0.0002854387000865054,0.00015382012614507975,3.235813859599905e-05,0.0,0.0,0.0689310181196184,0.059194200679893484,0.03364092034239515,0.013479706436207039,0.23332725705890603,104.5502556304789,0.004134330554177809,1.618075428308866,-0.00097609330334211,1866.6666666666667,0.010125447529156463,True,6.609490810660645e-05,0.0689310181196184,False,True,True,0.85,True,False,False,0,True,False,True,False,True,False,True,False,False,0,0,False,0,15,24,24,,,,False,False,False,
323,2026-08-18T22:01:58.194940,shadow,analysis_full,silero,webrtc,False,7.147454016376287e-05,True,True,False,1,False,True,False,0,0.0,,,,,,,,,,,,,0.0003294473181914329,0.6736395925797015,0.24936129610085264,0.07699910828405926,,,,,,,,,,,,,,False,False,temporal_v1,False,6.286390690028623e-05,0.1336116910229645,3.6974429627043595,0.8831515288871871,60.97872878870635,1597.8777680092899,0.00022192875720295215,8.215141026116572e-05,2.536714972731507e-05,0.0,0.0,0.05645196493196093,0.05255378800071692,0.031839276063528744,0.011048950832901248,0.1859266617636116,102.59293276977593,0.006235043459921505,1.3506990106650871,-0.0008115102420413305,1833.3333333333335,0.015067649458058545,True,6.665775435976684e-05,0.05645196493196093,False,True,True,0.85,True,False,False,0,True,False,True,False,True,False,True,False,False,0,0,False,0,15,24,24,,,,False,False,False,
324,2026-08-18T22:01:58.211251,shadow,analysis_full,silero,webrtc,False,6.903619942022488e-05,True,True,False,1,False,True,False,0,0.0,,,,,,,,,,,,,0.0003409062183699229,0.5821378125727863,0.22354337831180582,0.19431880618204989,,,,,,,,,,,,,,False,False,temporal_v1,False,6.408776448546053e-05,0.19728601252609604,3.921198948146256,0.8183813157800887,60.86948932109113,1800.2001442793946,0.00019845440025432755,7.620732774191477e-05,6.624448937368063e-05,0.0,0.0,0.058600025152487786,0.04946641240850582,0.043617809342037746,0.020046374293380603,0.18497973525069447,106.65927014804697,0.00511893183393264,1.1548740681434968,-0.0006925860516126658,2700.0,0.03324508045105556,True,6.712129834340885e-05,0.058600025152487786,False,True,True,0.85,True,False,False,0,True,False,True,False,True,False,True,False,False,0,0,False,0,15,24,24,,,,False,False,False,
325,2026-08-18T22:01:58.219715,shadow,analysis_full,silero,webrtc,False,6.452792877098545e-05,True,True,False,1,False,True,False,0,0.0,,,,,,,,,,,,,0.0003299231628492641,0.7443052893511417,0.19238622981800987,0.0633084777998397,,,,,,,,,,,,,,False,False,temporal_v1,False,6.639569628642637e-05,0.12108559498956159,3.3783938767835133,0.9154764504861481,61.759321259405205,1508.5009729944886,0.00024556355518816537,6.347267343020322e-05,2.0886933230895535e-05,0.0,0.0,0.05929866911088628,0.0498650640134017,0.04341498268787001,0.020258322325222386,0.204112761920149,114.19685335915374,0.008442883583973023,1.752309427529506,-0.0010704761012334464,1233.3333333333335,0.004276241304491238,True,6.665775435976684e-05,0.05929866911088628,False,True,True,0.85,True,False,False,0,True,False,True,False,True,False,True,False,False,0,0,False,0,15,24,24,,,,False,False,False,
326,2026-08-18T22:01:58.229416,shadow,analysis_full,silero,webrtc,False,7.199340325314552e-05,True,True,False,1,False,True,False,0,0.0,,,,,,,,,,,,,0.0011554035399037946,0.7261881652094581,0.21636916863599015,0.0574426652890533,,,,,,,,,,,,,,False,False,temporal_v1,False,0.00010914463604811448,0.14613778705636743,3.652366968357164,0.9051508854897182,66.76389154653614,1500.0213185549517,0.0008390403767192494,0.0002499937033680641,6.636945881648101e-05,0.0,0.0,0.058125595414073,0.04108574312164131,0.04359325398271149,0.020286271524284333,0.18435010939866417,103.95857761782592,0.004993248705017958,1.7962754026486842,-0.001072253029213575,1533.3333333333335,0.005326578802223961,True,6.712129834340885e-05,0.058125595414073,False,True,True,0.85,True,False,False,0,True,False,True,False,True,False,True,False,False,0,0,False,0,15,24,24,,,,False,False,False,
327,2026-08-18T22:01:58.238780,shadow,analysis_full,silero,webrtc,False,6.875133112771437e-05,True,True,False,1,False,True,False,0,0.0,,,,,,,,,,,,,0.001526383806344826,0.7552399774020703,0.20095759380312755,0.04380242813965903,,,,,,,,,,,,,,False,False,temporal_v1,False,0.00012205529934112813,0.10647181628392484,3.5701429192659577,0.9098270708856651,67.83626776528874,1507.0156830205487,0.0011527860714107524,0.00030673841694311526,6.685931699095847e-05,0.0,0.0,0.05839622835725379,0.041657277664663185,0.03957868903514143,0.022674434815520828,0.1762152202183717,85.72976412731147,0.002338416311800438,1.8713799621818212,-0.0011359500594850212,1400.0,0.005427017688045077,True,6.793631473556161e-05,0.05839622835725379,False,True,True,0.85,True,False,False,0,True,False,True,False,True,False,True,False,False,0,0,False,0,15,24,24,,,,False,False,False,
328,2026-08-18T22:01:58.244862,shadow,analysis_full,silero,webrtc,False,7.086657569743693e-05,True,True,True,1,False,True,False,0,0.0,,,,,,,,,,,,,0.008057750877161944,0.11311462738885089,0.6364315320853012,0.2504538404017437,,,,,,,,,,,,,,False,False,temporal_v1,False,0.00026889240715522405,0.16910229645093947,4.28648849203025,0.6481762121175005,73.46543799918587,2332.297497892272,0.0009114494880623598,0.0051282067359138565,0.002018094652185728,0.0,0.0,0.1816966227007323,0.12725559155864447,0.06484555127251884,0.024476910824943517,0.25291331829392055,239.3377943958115,0.011156913812444408,0.8549256550642602,-0.0005030566990884684,2800.0,0.08081268602953734,True,6.889376527396962e-05,0.1816966227007323,False,True,True,0.85,True,False,False,0,True,True,True,True,True,False,True,False,False,1,0,False,0,15,24,24,,,,False,False,False,
329,2026-08-18T22:01:58.254579,shadow,analysis_full,silero,webrtc,False,0.0019466782687231898,True,True,True,1,False,True,False,0,0.0,,,,,,,,,,,,,0.12828687782992107,0.7324039831098367,0.19479392800690154,0.0728020888754667,,,,,,,,,,,,,,False,False,temporal_v1,False,0.0010666698046734612,0.13778705636743216,3.345142418052062,0.8753503207237441,86.79599757329885,1862.9696810354346,0.0939578203033592,0.02498950484423182,0.009339552681330052,0.0,0.0,0.18127664381347547,0.1272207217210799,0.06456018162399642,0.02429460822682162,0.27270924921822076,241.6393783582744,0.010292704712203046,0.892425655747751,-0.0005365844362737429,1866.6666666666667,0.04121910318222098,True,6.99513875588309e-05,0.18127664381347547,False,True,True,0.85,True,False,False,0,True,True,True,True,True,True,True,False,False,2,0,False,0,15,24,24,,,,False,False,False,
330,2026-08-18T22:01:58.262765,shadow,analysis_full,silero,webrtc,False,0.0008987404871731997,True,True,True,1,False,True,False,0,0.0,,,,,,,,,,,,,0.03856117443568168,0.47325403491848206,0.3629299114802973,0.1638160535752877,,,,,,,,,,,,,,False,False,temporal_v1,False,0.0005855727807009227,0.19206680584551147,3.8178199339648655,0.7996397914867179,81.18588461788788,1983.7390793825045,0.018249231392881777,0.013995003624518255,0.006316939417281645,0.0,0.0,0.18585662379964818,0.12953956907843872,0.06663951609318387,0.02815064169265441,0.2632460242242204,252.63304151495154,0.00806512688403347,1.057654205952212,-0.0006251380984774609,2600.0,0.03675790071341107,True,7.109794387361035e-05,0.18585662379964818,False,True,True,0.85,True,False,False,0,True,True,True,True,True,True,True,False,False,3,0,False,0,15,24,24,,,,False,False,False,
331,2026-08-18T22:01:58.275508,shadow,analysis_full,silero,webrtc,False,0.0012753225164487958,True,True,True,1,False,True,False,0,0.0,,,,,,,,,,,,,0.02027937712512181,0.4818190815779033,0.34712548293277945,0.17105543544000604,,,,,,,,,,,,,,False,False,temporal_v1,False,0.0004299610959129642,0.21294363256784968,3.960448253388616,0.7983786076933653,78.48520141201962,1936.3936509346854,0.009770990861398132,0.007039488578133869,0.003468897684589809,0.0,0.0,0.18707386579495675,0.12948521705041277,0.06824892210801561,0.03328675651006351,0.2716173201640531,255.96990653398578,0.004098569633833581,1.026156803977123,-0.0006017579937839365,2566.666666666667,0.03904539966664602,True,7.140192610677332e-05,0.18707386579495675,False,True,True,0.85,True,False,False,0,True,True,True,True,True,True,True,False,False,4,0,False,0,15,24,24,,,,False,False,False,
332,2026-08-18T22:01:58.284644,shadow,analysis_full,silero,webrtc,False,0.0007406298536807299,True,True,True,1,False,True,False,0,0.0,,,,,,,,,,,,,0.011599015621059345,0.34211282550096517,0.5519122032386495,0.10597497117417101,,,,,,,,,,,,,,False,False,temporal_v1,False,0.00032502208539586167,0.19832985386221294,3.8002815206148193,0.7806784046373823,75.93988423378805,1935.360360402461,0.003968172007150445,0.006401638266818377,0.0012292053460905234,0.0,0.0,0.20089614353506216,0.1508636557855967,0.06653933656709417,0.03537390243817691,0.26733783451929566,256.8105808627598,0.0044851888534363825,1.5928010940675152,-0.0009674236869549201,2333.3333333333335,0.011689935453189597,True,7.173397170845419e-05,0.20089614353506216,False,True,True,0.85,True,False,False,0,True,True,True,True,True,True,True,False,False,5,0,False,0,15,24,24,,,,False,False,False,
333,2026-08-18T22:01:58.291834,shadow,analysis_full,silero,webrtc,False,0.0011068327585235238,True,True,True,1,False,True,False,0,0.0,,,,,,,,,,,,,0.007798874985337802,0.5378182542419183,0.42604271777013725,0.03613902785972088,,,,,,,,,,,,,,False,False,temporal_v1,False,0.0002656809697732575,0.08977035490605428,3.64011816054373,0.8675624258664417,74.62588438938505,1597.273535152667,0.004194377329665343,0.0033226538943028562,0.0002818437603696031,0.0,0.0,0.19748005657434997,0.15217975703657652,0.07020772817717921,0.04084942069839944,0.2688629122000172,256.8573584280181,0.005597461665120325,2.1048525248533063,-0.0012913472165997856,1900.0000000000002,0.0023218766775174897,True,0.0004063116284669377,0.19748005657434997,False,True,True,0.85,True,False,False,0,True,True,True,True,True,False,True,False,False,6,0,False,0,15,24,24,,,,False,False,False,
