frame,timestamp,processing_mode,detector_profile,speech_detector_implementation,comparison_speech_detector_implementation,is_speech,speech_probability,speech_gate_open,comparison_speech_evaluated,comparison_speech_is_speech,comparison_speech_aggressiveness,is_whisper,whisper_processed,trigger,raw_score,whisper_probability,stage1_silero_threshold,stage1_silero_low_pass,stage1_enter_count,stage1_exit_count,stage1_candidate,zcr_threshold,zcr_pass,centroid_threshold,centroid_pass,group_a_pass,entropy_threshold,group_b_pass,total_band_energy,low_proportion,mid_proportion,high_proportion,low_proportion_threshold,group_c_pass,silero_rolling_median,high_silero_threshold,high_silero_raw,high_silero_count,high_silero_normal_evidence,silero_penalty,group_count,effective_group_score,grouped_v1_raw_is_whisper,stage2_is_whisper,stage2_consecutive_count,legacy_is_whisper,grouped_v1_is_whisper,whisper_classifier_implementation,final_trigger,rms,zcr,entropy,voicing,hnr,spectral_centroid,band_energy_low,band_energy_mid,band_energy_high,temporal_score,formant_score,low_proportion_std,mid_proportion_std,high_proportion_std,zcr_std,entropy_std,spectral_centroid_std,spectral_flux,cepstral_peak_prominence,spectral_slope,spectral_rolloff,spectral_flatness,temporal_v1_window_full,temporal_v1_silero_median,temporal_v1_low_proportion_std,temporal_v1_silero_min_pass,temporal_v1_silero_max_pass,temporal_v1_low_proportion_std_pass,temporal_v1_low_proportion_max,temporal_v1_low_proportion_max_pass,temporal_v1_raw_is_whisper,temporal_v1_is_whisper,temporal_v1_qualifying_run,webrtc_mode_0_evaluated,webrtc_mode_0_is_speech,webrtc_mode_1_evaluated,webrtc_mode_1_is_speech,webrtc_mode_2_evaluated,webrtc_mode_2_is_speech,webrtc_mode_3_evaluated,webrtc_mode_3_is_speech,webrtc_assist_open,webrtc_assist_enter_count,webrtc_assist_exit_count,temporal_candidate,temporal_qualifying_run,assisted_confirmation_requirement,fallback_confirmation_requirement,confirmation_requirement,threshold_crossing_route,trigger_route,trigger_suppression_reason,actuation_enabled,actuation_requested,actuation_started,actuation_suppression_reason
0,2026-08-18T22:00:46.918325,shadow,analysis_full,silero,webrtc,False,0.0,True,True,True,1,False,True,False,0,0.0,,,,,,,,,,,,,72.32949513363671,0.2226828138693161,0.48263010659513655,0.2946870795355336,,,,,,,,,,,,,,True,False,temporal_v1,False,0.02560464992092836,0.1837160751565762,4.743173331472689,0.6565208905178647,113.15816770837768,2210.16424042347,16.106535502105228,34.9083919463195,21.314567685210992,0.0,0.0,,,,,,,,1.934388556498195,-0.0011629885716083511,3233.3333333333335,0.010573449091049689,False,,,,,,0.85,True,False,False,0,True,True,True,True,True,True,True,True,False,1,0,False,0,15,24,24,,,,False,False,False,
1,2026-08-18T22:00:47.189613,shadow,analysis_full,silero,webrtc,False,0.009145868942141533,True,True,True,1,False,True,False,0,0.0,,,,,,,,,,,,,0.015968054681060384,0.3667561026893398,0.5884761980910453,0.0447676991569899,,,,,,,,,,,,,,False,False,temporal_v1,False,0.0003755335080413354,0.20876826722338204,3.886215759266943,0.8141170056354894,77.38686168762668,1683.521161651182,0.005856381502355975,0.009396820109620334,0.0007148530680840756,0.0,0.0,,,,,,,0.005315519063134944,1.376695832938507,-0.0008131973370437576,2200.0,0.01339380453278983,False,,,,,,0.85,True,False,False,0,True,True,True,True,True,True,True,True,False,2,0,False,0,15,24,24,,,,False,False,False,
2,2026-08-18T22:00:47.237812,shadow,analysis_full,silero,webrtc,False,0.008199356496334076,True,True,True,1,False,True,False,0,0.0,,,,,,,,,,,,,0.010478446672898182,0.44893924315653916,0.48324684832665077,0.06781390842137618,,,,,,,,,,,,,,False,False,temporal_v1,False,0.0003122500676956295,0.22755741127348644,4.063392899361572,0.818934122211944,75.79566754255352,1753.214543504407,0.004704185918787066,0.005063676330036926,0.0007105844230741912,0.0,0.0,,,,,,,0.0038271375755785627,1.3555062419915491,-0.0008039797254002846,2233.3333333333335,0.020080497955404206,False,,,,,,0.85,True,False,False,0,True,True,True,True,True,True,True,True,False,3,0,False,0,15,24,24,,,,False,False,False,
3,2026-08-18T22:00:47.242912,shadow,analysis_full,silero,webrtc,False,0.00350776594132185,True,True,True,1,False,True,False,0,0.0,,,,,,,,,,,,,0.006404831879857435,0.5122345280203752,0.42452095720363026,0.06324451461986245,,,,,,,,,,,,,,False,False,temporal_v1,False,0.00024318714939038593,0.21294363256784968,4.0544454585991705,0.8496421395351232,73.75484067654021,1627.6928376216138,0.0032807760350286254,0.0027189853603654048,0.00040507048346340467,0.0,0.0,,,,,,,0.002608916798643165,1.3941847715727935,-0.000827323830500428,2100.0,0.016677997868244695,False,,,,,,0.85,True,False,False,0,True,True,True,True,True,True,True,False,False,4,0,False,0,15,24,24,,,,False,False,False,
4,2026-08-18T22:00:47.248696,shadow,analysis_full,silero,webrtc,False,0.0022786040790379047,True,True,True,1,False,True,False,0,0.0,,,,,,,,,,,,,0.007733231325305707,0.6597406721705047,0.2726384997967187,0.06762082790346462,,,,,,,,,,,,,,False,False,temporal_v1,False,0.0002706039177771163,0.1837160751565762,3.8723665134980036,0.8838781354187315,74.86842323686486,1553.822062212478,0.00510192723260719,0.0021083765871123387,0.0005229275045861788,0.0,0.0,,,,,,,0.002402439778984844,1.9520470509712913,-0.0011790986880659362,2000.0000000000002,0.004701916982831716,False,,,,,,0.85,True,False,False,0,True,True,True,True,True,False,True,False,False,5,0,False,0,15,24,24,,,,False,False,False,
5,2026-08-18T22:00:47.253746,shadow,analysis_full,silero,webrtc,False,0.002568015828728676,True,True,False,1,False,True,False,0,0.0,,,,,,,,,,,,,0.0060074849101038105,0.6950678045642725,0.24538156488495844,0.05955063038430987,,,,,,,,,,,,,,False,False,temporal_v1,False,0.00023784983828701854,0.17954070981210857,3.8742200239669127,0.9008237375056912,73.81244314508831,1497.6755238267406,0.004175609347418852,0.001474126048264047,0.000357749513420911,0.0,0.0,,,,,,,0.0013979637318322726,1.6208635475298923,-0.0009626783145140653,1766.6666666666667,0.009036589246935012,False,,,,,,0.85,True,False,False,0,True,False,True,False,True,False,True,False,False,0,0,False,0,15,24,24,,,,False,False,False,
6,2026-08-18T22:00:47.259298,shadow,analysis_full,silero,webrtc,False,0.002695480128750205,True,True,False,1,False,True,False,0,0.0,,,,,,,,,,,,,0.00872068417820179,0.7375177306887725,0.21834356767050384,0.0441387015260537,,,,,,,,,,,,,,False,False,temporal_v1,False,0.0002848737278740357,0.17118997912317327,3.81285873493148,0.9108891884077629,75.45123844326315,1496.7809561881372,0.006431659205160867,0.0019041052959962944,0.00038491967604462773,0.0,0.0,,,,,,,0.0011767415871005223,1.418634522257227,-0.0008441002733908619,1533.3333333333335,0.014921108504361884,False,,,,,,0.85,True,False,False,0,True,False,True,False,True,False,True,False,False,0,0,False,0,15,24,24,,,,False,False,False,
7,2026-08-18T22:00:47.265185,shadow,analysis_full,silero,webrtc,False,0.002576101804152131,True,True,False,1,False,True,False,0,0.0,,,,,,,,,,,,,0.00117822700831736,0.6863214488696585,0.24634031625317632,0.06733823402843228,,,,,,,,,,,,,,False,False,temporal_v1,False,0.00010848759617970228,0.1837160751565762,3.8869989917162906,0.877821231678094,66.57361118936687,1681.6502284827384,0.0008086424674457337,0.0002902448138469323,7.933972602469401e-05,0.0,0.0,,,,,,,0.0023212235520775775,1.1028282621686776,-0.0006505888132161723,1933.3333333333335,0.033619612012536715,False,,,,,,0.85,True,False,False,0,True,False,True,False,True,False,True,False,False,0,0,False,0,15,24,24,,,,False,False,False,
8,2026-08-18T22:00:47.270224,shadow,analysis_full,silero,webrtc,False,0.002402952639386058,True,True,False,1,False,True,False,0,0.0,,,,,,,,,,,,,0.0048641850270687076,0.71722155912091,0.2260137683825121,0.056764672290993495,,,,,,,,,,,,,,False,False,temporal_v1,False,0.00021463278141141946,0.14613778705636743,3.906871553903473,0.9007336346567466,72.90198913913572,1531.8407703932257,0.0034886983689668043,0.0010993727880775903,0.0002761138690243125,0.0,0.0,,,,,,,0.0021764962120063218,1.8542031842805011,-0.0011264119721118887,1633.3333333333335,0.006850270100693213,False,,,,,,0.85,True,False,False,0,True,False,True,False,True,False,True,False,False,0,0,False,0,15,24,24,,,,False,False,False,
9,2026-08-18T22:00:47.277811,shadow,analysis_full,silero,webrtc,False,0.002275970298796892,True,True,False,1,True,True,False,1,0.0,,,,,,,,,,,,,0.003252058095560295,0.656286808095636,0.23791154632201827,0.10580164527484821,,,,,,,,,,,,,,False,False,temporal_v1,False,0.00017916012217445682,0.17954070981210857,4.225756238766235,0.8001174262495117,70.77659052632687,2305.457835042996,0.0021342828272768385,0.0007737021702437876,0.00034407309703966875,0.0,0.0,0.16563119086205508,0.13044528934147206,0.07104223668070411,0.022023815378506006,0.26478860662828285,274.90174774130026,0.0023798919614867924,0.5230369310519791,-0.0003137834340986416,2433.3333333333335,0.21527732836060398,True,0.0025720588164404035,0.16563119086205508,True,True,True,0.85,True,True,True,1,True,False,True,False,True,False,True,False,False,0,0,True,1,15,24,24,,,,False,False,False,
10,2026-08-18T22:00:47.286849,shadow,analysis_full,silero,webrtc,False,0.00939106848090887,True,True,False,1,True,True,False,1,0.0,,,,,,,,,,,,,0.09227736842997954,0.2792727316914804,0.6886707395792879,0.03205652871839468,,,,,,,,,,,,,,False,False,temporal_v1,False,0.000899257413787676,0.14613778705636743,2.909807798292545,0.8791372420523923,85.33038781334652,1671.3444781929502,0.025770552754741563,0.06354872356310444,0.0029580921111335254,0.0,0.0,0.15423308740732053,0.16312309828968435,0.018836496198169028,0.025336762335873737,0.3347931949124539,224.51425647725944,0.012141339330431163,0.9742386446252902,-0.0005727732194408923,1333.3333333333335,0.016041704091720527,True,0.002635790966451168,0.15423308740732053,True,True,True,0.85,True,True,True,2,True,True,True,False,True,False,True,False,False,1,0,True,2,15,24,24,,,,False,False,False,
11,2026-08-18T22:00:47.293934,shadow,analysis_full,silero,webrtc,False,0.004222194664180279,True,True,False,1,True,True,False,1,0.0,,,,,,,,,,,,,0.030632879384069747,0.2400057269961384,0.7141413256438472,0.045852947327369706,,,,,,,,,,,,,,False,False,temporal_v1,False,0.0005197679171325918,0.17118997912317327,2.879468609316074,0.8793793027806737,80.55934005278968,1660.6971616936023,0.00735206648655868,0.02187620509162765,0.0014046078048834195,0.0,0.0,0.17474689435478202,0.18355767176620083,0.018746091979566844,0.024131480571363575,0.4425728990390054,224.5859116948347,0.006807296915467503,1.0363523226164335,-0.0006095927791788849,1300.0,0.012657393446602994,True,0.002635790966451168,0.17474689435478202,True,True,True,0.85,True,True,True,3,True,True,True,False,True,False,True,False,False,2,0,True,3,15,24,24,,,,False,False,False,
12,2026-08-18T22:00:47.301718,shadow,analysis_full,silero,webrtc,False,0.0029623722657561302,True,True,False,1,True,True,False,1,0.0,,,,,,,,,,,,,0.013745932227324398,0.3633488396909351,0.5634871714552627,0.07316398878105344,,,,,,,,,,,,,,False,False,temporal_v1,False,0.0003521350856869218,0.16701461377870563,3.688310076022592,0.8590314120694175,77.05677230516766,1623.1803381507248,0.004994568525268551,0.007745656469790764,0.0010057072312650833,0.0,0.0,0.18207898753086668,0.18973262204426364,0.019006933440206313,0.018395315884685334,0.4300224781819284,223.61797404622325,0.007867438832092712,1.7104422680671116,-0.0010283066270363268,2033.3333333333335,0.006333385784576882,True,0.002635790966451168,0.18207898753086668,True,True,True,0.85,True,True,True,4,True,True,True,False,True,False,True,False,False,3,0,True,4,15,24,24,,,,False,False,False,
13,2026-08-18T22:00:47.308835,shadow,analysis_full,silero,webrtc,False,0.001842397265136242,True,True,False,1,True,True,False,1,0.0,,,,,,,,,,,,,0.0057899252998757,0.38455060787396317,0.5368308909053192,0.0786185010480039,,,,,,,,,,,,,,False,False,temporal_v1,False,0.0002272973389084281,0.18580375782881003,3.7905136714699195,0.8460315132985634,73.13842951142236,1657.3119294400508,0.002226519293612039,0.0031082107570075197,0.000455195248256142,0.0,0.0,0.18895640074258663,0.19506305392309875,0.019691015902213612,0.013925015570482086,0.416011206050542,223.29995384037576,0.0048058290624508355,1.1887773082308761,-0.000704024413890731,2133.3333333333335,0.017901594867015702,True,0.0025720588164404035,0.18895640074258663,True,True,True,0.85,True,True,True,5,True,True,True,False,True,False,True,False,False,4,0,True,5,15,24,24,,,,False,False,False,
14,2026-08-18T22:00:47.315587,shadow,analysis_full,silero,webrtc,False,0.0016522541409358382,True,True,False,1,True,True,False,1,0.0,,,,,,,,,,,,,0.0032661629047489467,0.38196862848072877,0.5448241432549827,0.07320722795811886,,,,,,,,,,,,,,False,False,temporal_v1,False,0.00017246341398728345,0.2045929018789144,3.768499834834863,0.8456631669593906,70.67505044718644,1667.4309001645688,0.0012475717651215883,0.0017794844063110506,0.00023910673231630782,0.0,0.0,0.19001043493432468,0.19508343928856686,0.019889853508073457,0.016868941063061183,0.412478081399211,220.06979426997518,0.0036201762934144756,1.2576991336493621,-0.0007470721980884788,2133.3333333333335,0.01628126703043399,True,0.0025720588164404035,0.19001043493432468,True,True,True,0.85,True,True,True,6,True,True,True,False,True,False,True,False,False,5,0,True,6,15,24,24,,,,False,False,False,
15,2026-08-18T22:00:47.322169,shadow,analysis_full,silero,webrtc,False,0.0015844557201489806,True,True,False,1,False,True,False,0,0.0,,,,,,,,,,,,,0.0020839870650047167,0.5444613449205676,0.3559036742710637,0.0996349803285192,,,,,,,,,,,,,,False,False,temporal_v1,False,0.00014034639563921853,0.14822546972860126,3.8473552883686746,0.8689547893658913,68.92534264449482,1619.4332791913455,0.0011346504002095344,0.0007416986535685487,0.0002076380102266334,0.0,0.0,0.1808205776402853,0.18774600607542738,0.022524557022866664,0.018300298121762947,0.41125311711999646,212.93478092642945,0.005173357859556544,1.285760586049243,-0.0007560097871276494,2100.0,0.016810119822455758,True,0.0024895272217690945,0.1808205776402853,False,True,True,0.85,True,False,False,0,True,False,True,False,True,False,True,False,False,0,0,False,0,15,24,24,,,,False,False,False,
16,2026-08-18T22:00:47.327294,shadow,analysis_full,silero,webrtc,False,0.0015844557201489806,True,True,False,1,False,True,False,0,0.0,,,,,,,,,,,,,0.001091352046912133,0.4136305503150686,0.49642149852837725,0.08994795024025944,,,,,,,,,,,,,,False,False,temporal_v1,False,0.00010339397528395465,0.162839248434238,3.740182666519036,0.8543459675452741,65.99658725521716,1626.3854206780452,0.00045141654775174213,0.0005417706185501329,9.816487961025782e-05,0.0,0.0,0.16337981747499383,0.17394268748634564,0.02192582043129079,0.01843318584938966,0.4093310446762125,204.4635824035879,0.005917891156681975,1.5188331299905928,-0.0009147082594296341,1966.6666666666667,0.010722849823652854,True,0.002339461469091475,0.16337981747499383,False,True,True,0.85,True,False,False,0,True,False,True,False,True,False,True,False,False,0,0,False,0,15,24,24,,,,False,False,False,
17,2026-08-18T22:00:47.361961,shadow,analysis_full,silero,webrtc,False,0.001172904041595757,True,True,False,1,False,True,False,0,0.0,,,,,,,,,,,,,0.0008319225293454545,0.5004690052988676,0.43163806180151826,0.06789293169757907,,,,,,,,,,,,,,False,False,temporal_v1,False,9.250638285382401e-05,0.1732776617954071,3.4787714933794405,0.878064696809857,65.03638896084888,1656.4254937495548,0.00041635144074723767,0.0003590894281356887,5.648165946252817e-05,0.0,0.0,0.14710025022344012,0.15933932446791882,0.021914051241717854,0.01788718911347973,0.4054309429327265,204.8847559820888,0.004891151214561037,1.260057191042969,-0.0007539002636651281,1633.3333333333335,0.017982299516495787,True,0.002059183781966567,0.14710025022344012,False,True,True,0.85,True,False,False,0,True,False,True,False,True,False,True,False,False,0,0,False,0,15,24,24,,,,False,False,False,
18,2026-08-18T22:00:47.368037,shadow,analysis_full,silero,webrtc,False,0.0011828256538137794,True,True,True,1,False,True,False,0,0.0,,,,,,,,,,,,,0.07403413358206289,0.5060291636790825,0.4657176298116029,0.02825320649580726,,,,,,,,,,,,,,False,False,temporal_v1,False,0.0008036384239355741,0.15657620041753653,3.6154591876566693,0.8932078210284429,84.42125063340677,1462.2809521693687,0.037463430700236756,0.034479001216993925,0.0020917016638322015,0.0,0.0,0.11952535419665142,0.13566085941062372,0.02533654545610729,0.016826256099882995,0.39434083055124897,211.6123776677516,0.012991299113979863,1.2049355837358466,-0.0007133772086810564,1433.3333333333335,0.010557116180196714,True,0.00174732570303604,0.11952535419665142,False,True,True,0.85,True,False,False,0,True,True,True,True,True,True,True,False,False,1,0,False,0,15,24,24,,,,False,False,False,
19,2026-08-18T22:00:47.375169,shadow,analysis_full,silero,webrtc,False,0.010896082036197186,True,True,True,1,False,True,False,0,0.0,,,,,,,,,,,,,0.5834823720700971,0.37356406069199477,0.6036451622352825,0.02279077707100881,,,,,,,,,,,,,,False,False,temporal_v1,False,0.0022596548883678878,0.1544885177453027,3.144546704300217,0.8792547476525777,93.33870320782977,1642.013093463568,0.21796804425270283,0.35221631114968127,0.013298016666713002,0.0,0.0,0.09227901741572582,0.10493541766522442,0.02566086947266872,0.017011731764061264,0.35241024233756546,58.2443193070282,0.007176248844223662,0.744742938365015,-0.00042656405390838057,1500.0,0.01968578031166985,True,0.00174732570303604,0.09227901741572582,False,True,True,0.85,True,False,False,0,True,True,True,True,True,True,True,False,False,2,0,False,0,15,24,24,,,,False,False,False,
20,2026-08-18T22:00:47.383196,shadow,analysis_full,silero,webrtc,False,0.014576091431081295,True,True,True,1,False,True,False,0,0.0,,,,,,,,,,,,,0.6687870944162362,0.4109554462660787,0.5745685608724355,0.014475992859990643,,,,,,,,,,,,,,False,False,temporal_v1,False,0.002411034179640891,0.1419624217118998,2.543185369769231,0.8862864206986698,93.9365605823621,1497.0522017953838,0.27484169884281845,0.38426403836879447,0.009681357203623323,0.0,0.0,0.08324634648584264,0.09377297138698668,0.028081386901127235,0.017561370225313646,0.42256411670750316,68.10396155022933,0.00882577255530668,1.2055309023489564,-0.0007050727464833851,1500.0,0.004237819534583567,True,0.00174732570303604,0.08324634648584264,False,True,True,0.85,True,False,False,0,True,True,True,True,True,True,True,False,False,3,0,False,0,15,24,24,,,,False,False,False,
21,2026-08-18T22:00:47.389729,shadow,analysis_full,silero,webrtc,False,0.00759044149890542,True,True,True,1,False,True,False,0,0.0,,,,,,,,,,,,,1.1062066638799717,0.22993373115598648,0.7569323860561731,0.013133882786936502,,,,,,,,,,,,,,False,True,temporal_v1,False,0.00310220025830714,0.16075156576200417,1.989147982987179,0.8670933379555397,96.03122675226669,1539.8375534481188,0.2543542256555381,0.837323649561906,0.014528788661527613,0.0,0.0,0.08535423008668307,0.10268914575181705,0.031200261776879533,0.01756757368385088,0.5928119172341778,68.96993242558227,0.006173540807880733,1.1220556908089447,-0.0006586328999594069,1433.3333333333335,0.003291386552131904,True,0.00174732570303604,0.08535423008668307,False,True,True,0.85,True,False,False,0,True,True,True,True,True,True,True,False,False,4,0,False,0,15,24,24,,,,False,False,False,
22,2026-08-18T22:00:47.395012,shadow,analysis_full,silero,webrtc,False,0.005870286840945482,True,True,True,1,False,True,False,0,0.0,,,,,,,,,,,,,0.6168092760287921,0.2689918691332524,0.6823756379720591,0.04863249289306721,,,,,,,,,,,,,,False,True,temporal_v1,False,0.0023158463327093014,0.16910229645093947,3.2487826595346045,0.8473670812374111,93.39180534341068,1549.0256797845395,0.165916680057713,0.42089562323723095,0.02999697273284816,0.0,0.0,0.0947830441024832,0.11199174355694456,0.030723856975417102,0.01759608142438871,0.5830993091844401,69.96528237282209,0.021004204828132807,1.3966334611601077,-0.0008188798895683206,1533.3333333333335,0.0030115521923490553,True,0.00174732570303604,0.0947830441024832,False,True,True,0.85,True,False,False,0,True,True,True,True,True,True,True,False,False,5,0,False,0,15,24,24,,,,False,False,False,
23,2026-08-18T22:00:47.401779,shadow,analysis_full,silero,webrtc,False,0.004593357909470797,True,True,True,1,True,True,False,1,0.0,,,,,,,,,,,,,0.8040983275566119,0.15012562167573132,0.8288879114800294,0.02098646684299558,,,,,,,,,,,,,,False,True,temporal_v1,False,0.0026437145623619436,0.17536534446764093,2.8447338354069416,0.8498121778450406,94.55464147108265,1554.3003137868052,0.12071576131285221,0.6665073833529847,0.016875182889775034,0.0,0.0,0.12133575387084511,0.14052904126257454,0.03090615272511506,0.016660963426078312,0.5752169808746421,67.07318969578166,0.009846839989290486,1.173029782042722,-0.0006800107271321522,1500.0,0.004078985987582848,True,0.0031228060252033174,0.12133575387084511,True,True,True,0.85,True,True,True,1,True,True,True,True,True,True,True,False,False,6,0,True,1,15,24,24,,,,False,False,False,
24,2026-08-18T22:00:47.407883,shadow,analysis_full,silero,webrtc,False,0.006198715418577194,True,True,True,1,True,True,False,1,0.0,,,,,,,,,,,,,0.2435121193915974,0.1253083981025062,0.8220709260450917,0.05262067584829548,,,,,,,,,,,,,,False,True,temporal_v1,False,0.0014590754792295074,0.18789144050104384,3.057391846153425,0.8353303995608085,89.31592032818997,1547.9069758123196,0.030514113599507307,0.2001842334914534,0.012813772299636674,0.0,0.0,0.1429965536025997,0.15825131045277763,0.029818064336620796,0.013019174803898845,0.5465076988612315,61.06096749144392,0.004025290156013015,1.4728321728263603,-0.0008635457404760159,1500.0,0.0026256915886782796,True,0.005231822375208139,0.1429965536025997,True,True,True,0.85,True,True,True,2,True,True,True,True,True,True,True,False,False,7,0,True,2,15,24,24,,,,False,False,False,
25,2026-08-18T22:00:47.414128,shadow,analysis_full,silero,webrtc,False,0.008359793573617935,True,True,True,1,True,True,False,1,0.0,,,,,,,,,,,,,0.12338940262118936,0.22559103633870867,0.7152201383657137,0.05918882528747309,,,,,,,,,,,,,,False,True,temporal_v1,False,0.0010494424907798606,0.17954070981210857,3.0843228742698092,0.8440323735973401,86.49651934680874,1576.788729266534,0.027835543210528283,0.08825058561558982,0.0073032737940712505,0.0,0.0,0.1317085484219537,0.13780836802644406,0.02451861295484206,0.012842218370964262,0.49476786017629426,58.8722883375918,0.0055957838040124695,1.2530889681180486,-0.0007387339768295528,1566.6666666666667,0.008268861720642449,True,0.006034501129761338,0.1317085484219537,True,True,True,0.85,True,True,True,3,True,True,True,True,True,True,True,False,False,8,0,True,3,15,24,24,,,,False,False,False,
26,2026-08-18T22:00:47.419142,shadow,analysis_full,silero,webrtc,False,0.008641661144793034,True,True,True,1,True,True,False,1,0.0,,,,,,,,,,,,,0.07763363676421893,0.3265862974735945,0.6135140780856054,0.05989962442791896,,,,,,,,,,,,,,False,True,temporal_v1,False,0.0008418230808229434,0.17118997912317327,3.4233556913907295,0.8541007624583783,84.6310918093547,1714.7319339021576,0.02535408199023619,0.04762932908783254,0.004650225685150196,0.0,0.0,0.12809001042313095,0.13005942779592258,0.019824841451698456,0.012869340298473857,0.4600628120676875,72.45329960119449,0.006234366139093098,0.9504532110052336,-0.0005462598355390616,1600.0,0.02593810782817921,True,0.006894578458741307,0.12809001042313095,True,True,True,0.85,True,True,True,4,True,True,True,True,True,True,True,False,False,9,0,True,4,15,24,24,,,,False,False,False,
27,2026-08-18T22:00:47.425290,shadow,analysis_full,silero,webrtc,False,0.008301163092255592,True,True,True,1,True,True,False,1,0.0,,,,,,,,,,,,,0.08823869452759171,0.17204912066644604,0.7638780017023031,0.06407287761991792,,,,,,,,,,,,,,False,True,temporal_v1,False,0.0008890902529108399,0.1941544885177453,3.072692648796255,0.8408131698237371,85.03821499975798,1649.3692255288483,0.015181389802227298,0.0674035976485567,0.005653707075807706,0.0,0.0,0.11712796705693969,0.11124893386973463,0.019289914922149123,0.015198559267809017,0.4371553740512332,71.67767955099254,0.007102369159134735,1.0370867855032315,-0.0006004234641651741,1533.3333333333335,0.014550554801869885,True,0.007945802295580506,0.11712796705693969,True,True,True,0.85,True,True,True,5,True,True,True,True,True,True,True,False,True,0,0,True,5,15,24,15,,,,False,False,False,
28,2026-08-18T22:00:47.432014,shadow,analysis_full,silero,webrtc,False,0.007278279401361942,True,True,True,1,True,True,False,1,0.0,,,,,,,,,,,,,0.04059114544347834,0.3728929740064082,0.5972608800881719,0.029846145880784155,,,,,,,,,,,,,,False,True,temporal_v1,False,0.0006022719066747147,0.16701461377870563,3.5266682758070154,0.8698307989983849,81.79582428525651,1537.187231263349,0.015136152942745302,0.02424350325135886,0.0012114892483741815,0.0,0.0,0.09626405987175483,0.09069529850142359,0.01921184001510031,0.014651011323192277,0.42535499480422473,63.07940340688904,0.008132317680888838,1.1958308162110733,-0.0007031389418274295,1566.6666666666667,0.01342109583520544,True,0.007945802295580506,0.09626405987175483,True,True,True,0.85,True,True,True,6,True,True,True,True,True,True,True,False,True,0,0,True,6,15,24,15,,,,False,False,False,
29,2026-08-18T22:00:47.439152,shadow,analysis_full,silero,webrtc,False,0.011248324997723103,True,True,True,1,True,True,False,1,0.0,,,,,,,,,,,,,0.06853794622271016,0.3195307045850331,0.5902748713516323,0.09019442404874414,,,,,,,,,,,,,,False,True,temporal_v1,False,0.0008020765356913473,0.15657620041753653,3.750547877449677,0.8588807476286783,84.23452781994601,1559.8287503985373,0.021899978247353683,0.04045622738931533,0.006181740585041142,0.0,0.0,0.09144834539701761,0.0921316881731055,0.0237769306261859,0.014439763228217606,0.4819618465914815,59.84223863662853,0.005013885501606384,1.2514381615536574,-0.0007408141890545462,1800.0000000000002,0.01691364175213227,True,0.007945802295580506,0.09144834539701761,True,True,True,0.85,True,True,True,7,True,True,True,True,True,True,True,False,True,0,0,True,7,15,24,15,,,,False,False,False,
30,2026-08-18T22:00:47.445208,shadow,analysis_full,silero,webrtc,False,0.016872480511665344,True,True,True,1,True,True,False,1,0.0,,,,,,,,,,,,,0.41063263485361146,0.13459477697556307,0.8399579009225071,0.025447322099494626,,,,,,,,,,,,,,False,True,temporal_v1,False,0.0019116436986033791,0.16910229645093947,3.1174679312208884,0.8556495726054779,91.76739297602545,1542.4198135133229,0.05526900790700966,0.3449141260219178,0.010449500923684013,0.0,0.0,0.0830891212941692,0.0919862282305495,0.02255057403536092,0.010985655212461688,0.4508762067769608,55.50515977518525,0.008905899778442947,0.971045248673643,-0.0005776103800391145,1500.0,0.010499643877577066,True,0.007945802295580506,0.0830891212941692,True,True,True,0.85,True,True,True,8,True,True,True,True,True,True,True,False,True,0,0,True,8,15,24,15,,,,False,False,False,
31,2026-08-18T22:00:47.452317,shadow,analysis_full,silero,webrtc,False,0.01217834185808897,True,True,True,1,True,True,False,1,0.0,,,,,,,,,,,,,0.9965282843854708,0.09634691647547673,0.8923308672619273,0.011322216261592584,,,,,,,,,,,,,,False,True,temporal_v1,False,0.0029608912334526277,0.18162839248434237,2.6725254690419624,0.8528901742000468,95.5545759040591,1468.8011524294598,0.09601242738113708,0.8892329482567277,0.011282908746606136,0.0,0.0,0.09262866993356872,0.10527792893449396,0.022822752410450273,0.010415423535086782,0.3031835074895977,63.7568741952311,0.005542744558340951,1.3055764218587307,-0.0007673082605632103,1500.0,0.002578221457810425,True,0.008330478332936764,0.09262866993356872,True,True,True,0.85,True,True,True,9,True,True,True,True,True,True,True,False,True,0,0,True,9,15,24,15,,,,False,False,False,
32,2026-08-18T22:00:47.456831,shadow,analysis_full,silero,webrtc,False,0.01217834185808897,True,True,True,1,True,True,False,1,0.0,,,,,,,,,,,,,0.8147032399022953,0.18103971813742525,0.7992891120263691,0.019671169834978196,,,,,,,,,,,,,,False,True,temporal_v1,False,0.0026645579391086837,0.17536534446764093,3.1234276094260087,0.8532743808694234,94.6404693712833,1642.016219948779,0.1474936449175587,0.6511834291865116,0.016026165797225038,0.0,0.0,0.09165393355021477,0.10532340387659336,0.024132941886788776,0.010218988100643355,0.30266524492236707,66.72659749878986,0.008002983117686603,0.9356480880426048,-0.0005471787483704597,1500.0,0.015169217649148308,True,0.008500727359205484,0.09165393355021477,True,True,True,0.85,True,True,True,10,True,True,True,True,True,True,True,False,True,0,0,True,10,15,24,15,,,,False,False,False,
33,2026-08-18T22:00:47.463873,shadow,analysis_full,silero,webrtc,False,0.008836982771754265,True,True,True,1,True,True,False,1,0.0,,,,,,,,,,,,,0.7523149006798779,0.1131626978239986,0.865618289758423,0.02121901241624916,,,,,,,,,,,,,,False,True,temporal_v1,False,0.002559034528458387,0.17954070981210857,3.0046782368236835,0.8408480152564564,94.2258144753964,1619.8134198756518,0.08513398377412855,0.6512175376862939,0.015963379218455583,0.0,0.0,0.09470500859038689,0.10872611895568067,0.024111507768131087,0.010278524947884069,0.28911881685682406,67.16171071451922,0.005840514117946146,1.1994146184715573,-0.0007028907493052152,1533.3333333333335,0.007323087530751842,True,0.00873932195827365,0.09470500859038689,True,True,True,0.85,True,True,True,11,True,True,True,True,True,True,True,False,True,0,0,True,11,15,24,15,,,,False,False,False,
34,2026-08-18T22:00:47.470778,shadow,analysis_full,silero,webrtc,False,0.008742780424654484,True,True,True,1,True,True,False,1,0.0,,,,,,,,,,,,,0.3981804020757783,0.16753691085875272,0.8185791447576256,0.013883944381110456,,,,,,,,,,,,,,False,True,temporal_v1,False,0.0018614862165123917,0.162839248434238,3.2656668724143096,0.8450891737706945,91.48273759079366,1547.9358072760824,0.06670991452827199,0.3259421729904381,0.005528314556068305,0.0,0.0,0.09188054724036274,0.10849928220964851,0.025388502237156843,0.010176248523552351,0.28679038061783807,67.16008085724101,0.005615140129845318,1.783665348634197,-0.0010528301707183041,1566.6666666666667,0.0017978136076694153,True,0.008789881598204374,0.09188054724036274,True,True,True,0.85,True,True,True,12,True,True,True,True,True,True,True,False,True,0,0,True,12,15,24,15,,,,False,False,False,
35,2026-08-18T22:00:47.478392,shadow,analysis_full,silero,webrtc,False,0.007372494786977768,True,True,True,1,True,True,False,1,0.0,,,,,,,,,,,,,0.235190404442183,0.21920910353019418,0.7676295044090815,0.013161392056472382,,,,,,,,,,,,,,False,True,temporal_v1,False,0.001437918365883007,0.162839248434238,3.316683083848362,0.8625482135373287,89.32803377367745,1581.1356388918036,0.05155587771667473,0.1805390936037244,0.003095433120783874,0.0,0.0,0.09179864598004325,0.10797692369319248,0.025568805606531818,0.010446760754235326,0.2855521075258175,67.11382314727419,0.004548781829882157,0.9964149081182531,-0.0005853154584899875,1500.0,0.014740574201513491,True,0.008789881598204374,0.09179864598004325,True,True,True,0.85,True,True,True,13,True,True,True,True,True,True,True,False,True,0,0,True,13,15,24,15,,,,False,False,False,
36,2026-08-18T22:00:47.487593,shadow,analysis_full,silero,webrtc,False,0.008409437723457813,True,True,True,1,True,True,False,1,0.0,,,,,,,,,,,,,0.1515795985597148,0.10751689787457999,0.8792007342615595,0.01328236785726338,,,,,,,,,,,,,,False,True,temporal_v1,False,0.001153044228825053,0.18162839248434237,3.0360902559252985,0.8445390214281014,87.3176224308458,1657.6050476581038,0.01629736821821469,0.1332688943527737,0.0020133359877264425,0.0,0.0,0.08747023042759108,0.10248286460502326,0.02481941604482102,0.010825797212913714,0.2825917938390202,57.713677328254015,0.006933621008046939,0.9192738710626691,-0.0005282812260896553,1500.0,0.008874602046277635,True,0.008789881598204374,0.08747023042759108,True,True,True,0.85,True,True,True,14,True,True,True,True,True,True,True,False,True,0,0,True,14,15,24,15,,,,False,False,False,
37,2026-08-18T22:00:47.495131,shadow,analysis_full,silero,webrtc,False,0.010220143012702465,True,True,True,1,True,True,True,1,0.0,,,,,,,,,,,,,0.07605048536306226,0.08582235799847293,0.9053293110547845,0.00884833093359343,,,,,,,,,,,,,,False,True,temporal_v1,True,0.0008155297028015856,0.18789144050104384,2.780398559955835,0.8447283165251583,84.30720639646238,1512.7304479870293,0.006526831980786355,0.06885073351912313,0.0006729198621527781,0.0,0.0,0.09274678188691479,0.10866344169584825,0.02272596561907424,0.009711652066482676,0.3071250140251049,55.965890288302454,0.006218150543002731,1.362355133837472,-0.0007926217766600399,1500.0,0.002683547944538996,True,0.009528562892228365,0.09274678188691479,True,True,True,0.85,True,True,True,15,True,True,True,True,True,True,True,False,True,0,0,True,15,15,24,15,webrtc_assisted,webrtc_assisted,,False,False,False,
38,2026-08-18T22:00:47.502927,shadow,analysis_full,silero,webrtc,False,0.010603354312479496,True,True,True,1,True,True,False,1,0.0,,,,,,,,,,,,,0.02566417826011779,0.10279739249673533,0.875908646549851,0.02129396091444888,,,,,,,,,,,,,,False,True,temporal_v1,False,0.0004777192280545466,0.17954070981210857,3.156923405649175,0.836464428069001,79.60665749413376,1744.9921039018002,0.0026382106057115107,0.022479475644633883,0.0005464920087723969,0.0,0.0,0.0688115227665127,0.08800769989017244,0.022676613270662727,0.009738541786797996,0.28190746060693733,76.0380107300269,0.006644813418768787,0.8943225348510611,-0.0005224616033438257,1533.3333333333335,0.02029983722159823,True,0.01041174866259098,0.0688115227665127,True,True,True,0.85,True,True,True,16,True,True,True,True,True,True,True,False,True,0,0,True,16,15,24,15,,,,False,False,False,
39,2026-08-18T22:00:47.509045,shadow,analysis_full,silero,webrtc,False,0.013905445113778114,True,True,True,1,False,True,False,0,0.0,,,,,,,,,,,,,0.02342854659118265,0.1062019813242338,0.879194495657337,0.014603522975746288,,,,,,,,,,,,,,False,True,temporal_v1,False,0.0004533467831114665,0.17954070981210857,2.5803321729059596,0.84689834681727,79.20343258538891,1749.3567110625677,0.002488158067530721,0.02059824920421925,0.0003421393184326782,0.0,0.0,0.0414158292770034,0.042266957555513275,0.005021409421181925,0.00797975568000684,0.23603839760444295,89.20271221186931,0.009170499473047159,0.8234997783209317,-0.00048330228283699847,1533.3333333333335,0.020023350587001967,True,0.01041174866259098,0.0414158292770034,True,True,False,0.85,True,False,False,0,True,True,True,True,True,True,True,False,True,0,0,False,0,15,24,15,,,,False,False,False,
40,2026-08-18T22:00:47.514688,shadow,analysis_full,silero,webrtc,False,0.014357367530465126,True,True,True,1,False,True,False,0,0.0,,,,,,,,,,,,,0.011817476664953749,0.09549884583920022,0.8898779918243889,0.014623162251790384,,,,,,,,,,,,,,False,True,temporal_v1,False,0.00032335067303285544,0.17954070981210857,2.8114294292411777,0.8394069263359794,76.209204726032,1728.4593524618404,0.001128555382234764,0.010516112403040618,0.00017280887867836538,0.0,0.0,0.04275550830034868,0.04344554529887557,0.003987355943401022,0.007687662897503952,0.23934337377914267,93.17229740436152,0.00898065888702767,0.9192405680262148,-0.0005404901064428954,1533.3333333333335,0.018676187924395564,True,0.01041174866259098,0.04275550830034868,True,True,False,0.85,True,False,False,0,True,True,True,True,True,True,True,False,True,0,0,False,0,15,24,15,,,,False,False,False,
41,2026-08-18T22:00:47.520337,shadow,analysis_full,silero,webrtc,False,0.01295805536210537,True,True,True,1,False,True,False,0,0.0,,,,,,,,,,,,,0.006987124918286254,0.19077187958086278,0.7926662675023197,0.016561852773697136,,,,,,,,,,,,,,False,True,temporal_v1,False,0.0002507165530791588,0.17745302713987474,2.940214951933263,0.8564653565557012,74.05879618740492,1647.1479130423404,0.001332946953527751,0.005538458229550416,0.00011571973420808758,0.0,0.0,0.045187426700139526,0.04564139929509796,0.0037836147933413217,0.007538818407209931,0.21806069563453226,77.21460479809446,0.007678209953488591,0.8362213665386913,-0.0004899916878923137,1533.3333333333335,0.018960890529027812,True,0.01041174866259098,0.045187426700139526,True,True,False,0.85,True,False,False,0,True,True,True,True,True,False,True,False,True,0,0,False,0,15,24,15,,,,False,False,False,
42,2026-08-18T22:00:47.525376,shadow,analysis_full,silero,webrtc,False,0.012924566864967346,True,True,True,1,True,True,False,1,0.0,,,,,,,,,,,,,0.0029079507453886578,0.3257531938729042,0.6321931809095097,0.042053624873701394,,,,,,,,,,,,,,False,True,temporal_v1,False,0.0001648784871339474,0.15866388308977036,3.8157246753219765,0.8530056296741145,70.3075741218249,1665.2748343983785,0.0009472742429354477,0.0018383866316554354,0.00012228986979777496,0.0,0.0,0.07212898627871508,0.07874958729381985,0.00878144410792958,0.009280213265508503,0.327956656775385,77.49613417281871,0.006516822032963816,1.0768571375536984,-0.0006378217014055533,1566.6666666666667,0.029533450463514396,True,0.01041174866259098,0.07212898627871508,True,True,True,0.85,True,True,True,1,True,True,True,True,True,False,True,False,True,0,0,True,1,15,24,15,,,,False,False,False,
43,2026-08-18T22:00:47.531668,shadow,analysis_full,silero,webrtc,False,0.011466527357697487,True,True,False,1,True,True,False,1,0.0,,,,,,,,,,,,,0.0022471778561462463,0.40568245904774,0.563161659209978,0.03115588129727937,,,,,,,,,,,,,,False,True,temporal_v1,False,0.00014551575788130476,0.17536534446764093,3.717252767485949,0.8656091594120003,69.23896039484436,1662.9919970104763,0.0009116406385990377,0.0012655244100072413,7.001280653996718e-05,0.0,0.0,0.10327184194866047,0.11098464318583733,0.009617226103511508,0.009157291106246891,0.3792477221683265,77.14983949783714,0.003933218004715777,0.970540018783151,-0.0005708874804590302,1566.6666666666667,0.03223269801486646,True,0.011034940835088491,0.10327184194866047,True,True,True,0.85,True,True,True,2,True,True,True,False,True,False,True,False,True,0,0,True,2,15,24,15,,,,False,False,False,
44,2026-08-18T22:00:47.537220,shadow,analysis_full,silero,webrtc,False,0.00859196949750185,True,True,False,1,True,True,False,1,0.0,,,,,,,,,,,,,0.004885195865875704,0.5861829735968467,0.35462441186954025,0.05919261432891287,,,,,,,,,,,,,,False,True,temporal_v1,False,0.0002159303446616262,0.15866388308977036,3.9781951048507023,0.8859698814739237,72.88383166207167,1557.5413601456335,0.0028636186392620422,0.0017324097108036807,0.0002891675148099801,0.0,0.0,0.15918070024320996,0.17320850605607255,0.015210902408048016,0.009756427094403273,0.45512035755438707,75.92615138494696,0.004122410154765774,1.463649381056846,-0.0008604799713790492,1566.6666666666667,0.013957427374007436,True,0.011034940835088491,0.15918070024320996,True,True,True,0.85,True,True,True,3,True,True,True,False,True,False,True,False,True,0,0,True,3,15,24,15,,,,False,False,False,
45,2026-08-18T22:00:47.543315,shadow,analysis_full,silero,webrtc,False,0.006422723643481731,True,True,False,1,True,True,False,1,0.0,,,,,,,,,,,,,0.006894624900536403,0.7144583973164301,0.2336949049553726,0.051846697583156645,,,,,,,,,,,,,,False,True,temporal_v1,False,0.00025585644084106883,0.1336116910229645,3.9241119794907156,0.9072437444658434,74.48766100112353,1491.3369050150404,0.00492592265653519,0.0016112387108337999,0.0003574635321674123,0.0,0.0,0.21698541620732198,0.23281152202903452,0.016918736035246188,0.015426265721846487,0.5028900802810288,87.97900143199624,0.0020330927178924497,1.6679037070531872,-0.0010029254206640253,1466.6666666666667,0.010124783519901882,True,0.011034940835088491,0.21698541620732198,True,True,True,0.85,True,True,True,4,True,False,True,False,True,False,True,False,True,0,1,True,4,15,24,15,,,,False,False,False,
46,2026-08-18T22:00:47.551771,shadow,analysis_full,silero,webrtc,False,0.004796416498720646,True,True,False,1,True,True,False,1,0.0,,,,,,,,,,,,,0.005526107739873554,0.7025658550107542,0.2364796405643843,0.06095450424390229,,,,,,,,,,,,,,False,True,temporal_v1,False,0.0002304136835182633,0.1315240083507307,3.8359322550507735,0.9015986458199937,73.53507454905557,1547.5523906393623,0.0038824546091458093,0.0013068119720453602,0.0003368411576823838,0.0,0.0,0.24365322922724844,0.2615709115624331,0.018886237371704515,0.01895542290240696,0.5219261165979077,92.09359445865228,0.0013752793370447663,1.3818317562582723,-0.000828622204393347,1600.0,0.018274274638609287,True,0.011034940835088491,0.24365322922724844,True,True,True,0.85,True,True,True,5,True,False,True,False,True,False,True,False,True,0,2,True,5,15,24,15,,,,False,False,False,
47,2026-08-18T22:00:47.559542,shadow,analysis_full,silero,webrtc,False,0.003569109831005335,True,True,False,1,True,True,False,1,0.0,,,,,,,,,,,,,0.008678727393716923,0.7370971510155923,0.2202348135911888,0.04266803527799464,,,,,,,,,,,,,,False,True,temporal_v1,False,0.0002899897621123987,0.1315240083507307,3.751066440262808,0.9197955203212321,75.64993794056042,1460.527935677517,0.00639706523634972,0.00191135790976399,0.00037030424660321215,0.0,0.0,0.2559900075174892,0.27166326991245004,0.0173857937359363,0.02001237408184191,0.49582176304073355,99.79254319042543,0.0012333506172141034,1.436822296346864,-0.0008595950625115113,1433.3333333333335,0.01431296011961473,True,0.011034940835088491,0.2559900075174892,True,True,True,0.85,True,True,True,6,True,False,True,False,True,False,True,False,True,0,3,True,6,15,24,15,,,,False,False,False,
48,2026-08-18T22:00:47.565596,shadow,analysis_full,silero,webrtc,False,0.003569109831005335,True,True,False,1,True,True,False,1,0.0,,,,,,,,,,,,,0.005843202187359672,0.7135177618756511,0.23277824819394927,0.0537039897592606,,,,,,,,,,,,,,False,True,temporal_v1,False,0.00023506493463759827,0.162839248434238,3.866012904191273,0.9075128989332318,73.74037265047258,1493.7968209129137,0.004169228546911782,0.0013601703690166369,0.00031380327043125294,0.0,0.0,0.25139698026499663,0.2672004714693879,0.017457061723748363,0.019030003408303922,0.4993694310068176,98.15910186459094,0.0008861363242074133,1.8194880531687625,-0.001082801647097279,1466.6666666666667,0.00601755681236472,True,0.010029248427599669,0.25139698026499663,True,True,True,0.85,True,True,True,7,True,False,True,False,True,False,True,False,True,0,4,True,7,15,24,15,,,,False,False,False,
49,2026-08-18T22:00:47.573680,shadow,analysis_full,silero,webrtc,False,0.0028641121461987495,True,True,False,1,True,True,False,1,0.0,,,,,,,,,,,,,0.010823272818231986,0.7506526752465003,0.20209051084913648,0.04725681381196972,,,,,,,,,,,,,,False,True,temporal_v1,False,0.0003167591077466809,0.09394572025052192,3.773180720403505,0.9162254931510788,76.40846236965618,1480.910430276496,0.008124518695928569,0.002187280732896075,0.0005114733884073418,0.0,0.0,0.23508487954874882,0.24855632826455698,0.015591884897993156,0.025840080913178794,0.3908577650333686,90.13027676961777,0.0008028464788964673,1.562146248421942,-0.0009297025384438453,1400.0,0.01090624996460346,True,0.007507346570491791,0.23508487954874882,True,True,True,0.85,True,True,True,8,True,False,True,False,True,False,True,False,True,0,5,True,8,15,24,15,,,,False,False,False,
50,2026-08-18T22:00:47.582194,shadow,analysis_full,silero,webrtc,False,0.0023571844212710857,True,True,False,1,True,True,False,1,0.0,,,,,,,,,,,,,0.012426718085599923,0.7656444157692925,0.18581787915647105,0.04853770499376467,,,,,,,,,,,,,,False,True,temporal_v1,False,0.00034300201282930453,0.1127348643006263,3.727337413265209,0.9157495777322496,77.10397350201978,1527.327554099338,0.009514447308578854,0.0023091063995415396,0.0006031643764795291,0.0,0.0,0.19619034659858586,0.20603609492153838,0.012685357553776512,0.026055082691979453,0.27613479440982375,74.38446176670817,0.00110470655665306,1.2428790061107824,-0.0007389021179204343,1333.3333333333335,0.024676716127135838,True,0.005609570071101189,0.19619034659858586,True,True,True,0.85,True,True,True,9,True,False,True,False,True,False,True,False,True,0,6,True,9,15,24,15,,,,False,False,False,
51,2026-08-18T22:00:47.589243,shadow,analysis_full,silero,webrtc,False,0.002106953179463744,True,True,False,1,True,True,False,1,0.0,,,,,,,,,,,,,0.012296173546189225,0.7357814194781604,0.2076871673647092,0.05653141307580412,,,,,,,,,,,,,,False,True,temporal_v1,False,0.00033947580598714573,0.1524008350730689,3.854642135741698,0.9086329118007644,76.97961004361335,1497.375316687997,0.009047296025964914,0.0025537574532329115,0.0006951200659913982,0.0,0.0,0.1476172445226592,0.15250419735998857,0.008615345854783628,0.02378859212232838,0.080841053357146,68.88368317369311,0.0010346265352755713,1.7543688475451107,-0.0010526925927870877,1500.0,0.00746924037031765,True,0.00418276316486299,0.1476172445226592,True,True,True,0.85,True,True,True,10,True,False,True,False,True,False,True,False,True,0,7,True,10,15,24,15,,,,False,False,False,
52,2026-08-18T22:00:47.598390,shadow,analysis_full,silero,webrtc,False,0.0018939899746328592,True,True,False,1,True,True,False,1,0.0,,,,,,,,,,,,,0.010090599141133133,0.7030546115698174,0.24072870090981605,0.05621668742126435,,,,,,,,,,,,,,False,True,temporal_v1,False,0.0003103331270074666,0.18162839248434237,3.9503575058302274,0.9025806616365021,76.16351985207936,1527.1841610367312,0.0070942422596760885,0.0024290968226466847,0.0005672600578103599,0.0,0.0,0.1029952881211453,0.10760819875997271,0.008455532185788952,0.02634205533797047,0.08907571418622753,54.3956236037835,0.0007980661455803841,1.5168885961674643,-0.0009064330842313843,1600.0,0.014119247305517705,True,0.003569109831005335,0.1029952881211453,True,True,True,0.85,True,True,True,11,True,False,True,False,True,False,True,False,True,0,8,True,11,15,24,15,,,,False,False,False,
53,2026-08-18T22:00:47.605545,shadow,analysis_full,silero,webrtc,False,0.001723037101328373,True,True,False,1,False,True,False,0,0.0,,,,,,,,,,,,,0.010461020187863757,0.7151522693439845,0.23004071317883468,0.05480701738158786,,,,,,,,,,,,,,False,True,temporal_v1,False,0.0003134419025786548,0.12943632567849686,3.8662156682283433,0.9058914395479166,76.26688512241402,1514.3431151743487,0.007481222327004,0.0024064605445943657,0.0005733373152653904,0.0,0.0,0.046457205778278214,0.04340364909159756,0.0053747842657092424,0.02429707483248955,0.07962348312046476,28.893333873056942,0.0009252794716429562,1.5583993993662413,-0.0009202574828533869,1466.6666666666667,0.011319702763621459,True,0.003216610988602042,0.046457205778278214,True,True,False,0.85,True,False,False,0,True,False,True,False,True,False,True,False,True,0,9,False,0,15,24,15,,,,False,False,False,
54,2026-08-18T22:00:47.613294,shadow,analysis_full,silero,webrtc,False,0.0014193097595125437,True,True,False,1,False,True,False,0,0.0,,,,,,,,,,,,,0.005722979493496146,0.7052053605860518,0.2353073763212889,0.059487262917925054,,,,,,,,,,,,,,False,True,temporal_v1,False,0.0002358086099877046,0.18580375782881003,3.9034223080967605,0.9011408481835973,73.73766730617704,1529.4154809943495,0.00403587581733753,0.001346659289355117,0.0003404443858034988,0.0,0.0,0.020699159906312155,0.017222803980229743,0.005408413746769564,0.027645837757406016,0.0704729765705355,25.246951231505815,0.0014490778671787145,1.6006056564925646,-0.0009651304305948597,1633.3333333333335,0.012313720531122015,True,0.0026106482837349176,0.020699159906312155,True,True,False,0.85,True,False,False,0,True,False,True,False,True,False,True,False,False,0,0,False,0,15,24,24,,,,False,False,False,
55,2026-08-18T22:00:47.621848,shadow,analysis_full,silero,webrtc,False,0.0013420640025287867,True,True,False,1,False,True,False,0,0.0,,,,,,,,,,,,,0.009332683375440399,0.7000955144077339,0.24390835374493458,0.055996131740181164,,,,,,,,,,,,,,False,False,temporal_v1,False,0.00029767115973039856,0.17118997912317327,3.913037013568266,0.9030041825314636,75.79976832770788,1525.6672210156887,0.006533769768533452,0.002276319438126387,0.0005225941677805592,0.0,0.0,0.0218020552798866,0.018135865287374937,0.005447624561548101,0.028840261276541337,0.0693018884288889,25.22090291181082,0.0008393287726851156,1.4971577125294964,-0.0008924924896790741,1600.0,0.014560466317065144,True,0.002232068800367415,0.0218020552798866,False,True,False,0.85,True,False,False,0,True,False,True,False,True,False,True,False,False,0,0,False,0,15,24,24,,,,False,False,False,
56,2026-08-18T22:00:47.630127,shadow,analysis_full,silero,webrtc,False,0.0011197840794920921,True,True,False,1,False,True,False,0,0.0,,,,,,,,,,,,,0.00301060620773947,0.6781184376643185,0.27133502812378946,0.05054653387973323,,,,,,,,,,,,,,False,False,temporal_v1,False,0.0001703067519840309,0.15657620041753653,3.8314451099001694,0.9013407589749739,70.83858057061717,1556.756046310257,0.002041547578014788,0.0008168829200466442,0.0001521757086780383,0.0,0.0,0.025068506763747084,0.022993071642017072,0.004914271177378964,0.028621817272006456,0.06936794759799675,26.68495222065344,0.0014755500301227228,1.336667259519432,-0.0007952793733195467,1600.0,0.020599178218603062,True,0.0020004715770483017,0.025068506763747084,False,True,False,0.85,True,False,False,0,True,False,True,False,True,False,True,False,False,0,0,False,0,15,24,24,,,,False,False,False,
57,2026-08-18T22:00:47.637220,shadow,analysis_full,silero,webrtc,False,0.0011060527758672833,True,True,False,1,False,True,False,0,0.0,,,,,,,,,,,,,0.0015321779334278298,0.7224242428293253,0.23324859424541491,0.044327162272594006,,,,,,,,,,,,,,False,False,temporal_v1,False,0.00012419652329980215,0.10438413361169102,3.6881309088571905,0.9137727717734101,68.01672639312241,1490.2566715967669,0.0011068824834364003,0.00035737834910588623,6.791709988554315e-05,0.0,0.0,0.02447245704710485,0.022941970508408713,0.004594602173157436,0.031207190071052337,0.07958658163868697,22.12622456536808,0.00416707837409221,1.2901742569953916,-0.0007736212616051656,1466.6666666666667,0.01807681260845048,True,0.001808513537980616,0.02447245704710485,False,True,False,0.85,True,False,False,0,True,False,True,False,True,False,True,False,False,0,0,False,0,15,24,24,,,,False,False,False,
58,2026-08-18T22:00:47.646669,shadow,analysis_full,silero,webrtc,False,0.0010829927632585168,True,True,False,1,False,True,False,0,0.0,,,,,,,,,,,,,0.0006188640059424878,0.6470872235829079,0.29325462564438326,0.05965814915684483,,,,,,,,,,,,,,False,False,temporal_v1,False,8.257695612695996e-05,0.13569937369519833,3.86471569640733,0.8901661058398469,63.96032081316556,1666.0217097386178,0.0004004589913807207,0.00018148473238744763,3.692028117431944e-05,0.0,0.0,0.03268701349052046,0.030161803953447263,0.00504457370780936,0.030722291672897126,0.07954084726685097,49.52526964743101,0.0029262075802028386,0.971865102974568,-0.000582750002719884,1666.6666666666667,0.04695563401401146,True,0.0015711734304204583,0.03268701349052046,False,True,False,0.85,True,False,False,0,True,False,True,False,True,False,True,False,False,0,0,False,0,15,24,24,,,,False,False,False,
59,2026-08-18T22:00:47.656887,shadow,analysis_full,silero,webrtc,False,0.000980389304459095,True,True,False,1,False,True,False,0,0.0,,,,,,,,,,,,,0.00048228323701411213,0.7977599571371086,0.1470872314643984,0.05515280932502258,,,,,,,,,,,,,,False,False,temporal_v1,False,7.306347871694295e-05,0.10855949895615867,3.32943598717444,0.9117178359448321,62.78913110387764,1559.4128344627861,0.00038474625448832407,7.093770611409402e-05,2.6599275411694e-05,0.0,0.0,0.04036451268523612,0.03920208237701799,0.004632268932519042,0.028662142034228674,0.17243704552365569,47.03938374428072,0.005493090471375238,1.4867660371916849,-0.0008975815245344432,1433.3333333333335,0.008228404878276146,True,0.0013806868810206652,0.04036451268523612,False,True,False,0.85,True,False,False,0,True,False,True,False,True,False,True,False,False,0,0,False,0,15,24,24,,,,False,False,False,
60,2026-08-18T22:00:47.668517,shadow,analysis_full,silero,webrtc,False,0.0009845902677625418,True,True,False,1,False,True,False,0,0.0,,,,,,,,,,,,,0.0006621998544258153,0.6950027676950971,0.24247042211313688,0.06252680868164799,,,,,,,,,,,,,,False,False,temporal_v1,False,8.81210944870943e-05,0.10647181628392484,3.8028100126851134,0.8937799283577492,64.63243440102345,1596.8202726265715,0.000460230731593232,0.00016056387822588523,4.140524360669811e-05,0.0,0.0,0.03730426716090507,0.0365811283845803,0.004840989131377679,0.02939409754788817,0.17104953064187217,49.798383811322985,0.007384704036322975,1.536718877255011,-0.0009293551499566461,1600.0,0.013235091920271403,True,0.0012309240410104394,0.03730426716090507,False,True,False,0.85,True,False,False,0,True,False,True,False,True,False,True,False,False,0,0,False,0,15,24,24,,,,False,False,False,
61,2026-08-18T22:00:47.678726,shadow,analysis_full,silero,webrtc,False,0.003121736692264676,True,True,False,1,False,True,False,0,0.0,,,,,,,,,,,,,0.01954230229395217,0.95642655033605,0.030806708419471886,0.012766741193307238,,,,,,,,,,,,,,False,False,temporal_v1,False,0.000421482452024124,0.08350730688935282,2.6302746027297697,0.963697251931598,79.12751464711272,1259.6524946032134,0.018690776768628948,0.0006020340086149611,0.0002494915157082617,0.0,0.0,0.08314027958446173,0.07143357895098856,0.013675060236588776,0.03412642854068963,0.3884552828595819,99.4649509508375,0.013569727088232448,0.9480853345835162,-0.0005720514870299719,633.3333333333334,0.011149058931556467,True,0.0012309240410104394,0.08314027958446173,False,True,True,0.85,False,False,False,0,True,False,True,False,True,False,True,False,False,0,0,False,0,15,24,24,,,,False,False,False,
62,2026-08-18T22:00:47.688622,shadow,analysis_full,silero,webrtc,False,0.011162572540342808,True,True,False,1,False,True,False,0,0.0,,,,,,,,,,,,,0.10835882600352,0.9648837227001348,0.02958842939454541,0.005527847896091133,,,,,,,,,,,,,,False,False,temporal_v1,False,0.0009787786017775608,0.08768267223382047,2.645003994370028,0.9681398434063392,86.48524199481935,1045.4007494661375,0.10455366742169254,0.0032061674724809825,0.0005989911083464632,0.0,0.0,0.10753952069333618,0.0900294721334862,0.019153843832843756,0.033282664523389786,0.4828500710197792,174.17636532418481,0.009667158848490983,1.1103348788494796,-0.0006766879039276164,666.6666666666667,0.003940889531373208,True,0.0012309240410104394,0.10753952069333618,False,True,True,0.85,False,False,False,0,True,False,True,False,True,False,True,False,False,0,0,False,0,15,24,24,,,,False,False,False,
63,2026-08-18T22:00:47.699213,shadow,analysis_full,silero,webrtc,False,0.012532822787761688,True,True,False,1,False,True,False,0,0.0,,,,,,,,,,,,,0.14818891898231834,0.9381993227759536,0.05805415500876395,0.003746522208534302,,,,,,,,,,,,,,False,False,temporal_v1,False,0.0011515915242606251,0.07724425887265135,2.338266945872157,0.9657407304998057,87.88825927050715,1078.8281962860258,0.13903074343211172,0.008602982473180672,0.0005551930760259461,0.0,0.0,0.11883272876506452,0.09791008540720379,0.022636047188282327,0.03642452895383498,0.5880891624709358,209.58679946891266,0.015646126392093687,1.127058610154192,-0.000681087395890846,600.0,0.003333056417884696,True,0.0012309240410104394,0.11883272876506452,False,True,True,0.85,False,False,False,0,True,False,True,False,True,False,True,False,False,0,0,False,0,15,24,24,,,,False,False,False,
64,2026-08-18T22:00:47.705786,shadow,analysis_full,silero,webrtc,False,0.012532822787761688,True,True,True,1,False,True,False,0,0.0,,,,,,,,,,,,,0.16968458010643622,0.9580091505970894,0.031824243261970045,0.01016660613504724,,,,,,,,,,,,,,False,False,temporal_v1,False,0.0012281650577588594,0.05845511482254697,2.1253500456404764,0.9704251013769143,88.46889664573212,1321.8133522171893,0.16255938045719073,0.005400083355112469,0.0017251162931330095,0.0,0.0,0.12674823295763094,0.10488683841716284,0.02342427898101132,0.03396961875764769,0.6704194797065435,209.0739334216429,0.014896792763007701,0.8515257524099,-0.0005104895739725376,566.6666666666667,0.010376830758038504,True,0.0012309240410104394,0.12674823295763094,False,True,True,0.85,False,False,False,0,True,True,True,True,True,False,True,False,False,1,0,False,0,15,24,24,,,,False,False,False,
65,2026-08-18T22:00:47.711859,shadow,analysis_full,silero,webrtc,False,0.01527960691601038,True,True,True,1,False,True,False,0,0.0,,,,,,,,,,,,,0.2304470124261439,0.9685576135337243,0.027485359063646686,0.003957027398289575,,,,,,,,,,,,,,False,False,temporal_v1,False,0.0014390305506610222,0.05636743215031315,1.8222754382187227,0.9784629920244757,89.88174717252775,1252.4903068550561,0.22320120840144245,0.006333918881677215,0.0009118851420242296,0.0,0.0,0.12990773197732583,0.10726169763398014,0.024181379047327086,0.030196437313464077,0.7428084429905858,210.02888533525996,0.013700892968439264,0.7097421598743843,-0.0004300217226826341,466.6666666666667,0.008225328224593133,True,0.002120760385878384,0.12990773197732583,False,True,True,0.85,False,False,False,0,True,True,True,True,True,False,True,False,False,2,0,False,0,15,24,24,,,,False,False,False,
66,2026-08-18T22:00:47.723541,shadow,analysis_full,silero,webrtc,False,0.03267785906791687,True,True,True,1,False,True,False,0,0.0,,,,,,,,,,,,,0.5042908829683155,0.9816275069069246,0.013356958746919327,0.0050155343441731105,,,,,,,,,,,,,,False,False,temporal_v1,False,0.002142558240148211,0.04592901878914405,1.767776116935646,0.9811394922090003,93.35150055286596,1185.7978539374978,0.4950258022040792,0.006735792520255312,0.002529288242980969,0.0,0.0,0.12564417575157347,0.10265824857166052,0.024327808429699803,0.026575142615398017,0.7714219733683896,208.77472506026348,0.003274887608708605,0.7573686429877754,-0.0004665959814317635,466.6666666666667,0.006982418079179053,True,0.007142154616303742,0.12564417575157347,True,True,True,0.85,False,False,False,0,True,True,True,True,True,True,True,False,False,3,0,False,0,15,24,24,,,,False,False,False,
67,2026-08-18T22:00:47.734156,shadow,analysis_full,silero,webrtc,False,0.036959871649742126,True,True,True,1,False,True,False,0,0.0,,,,,,,,,,,,,0.31962682578352125,0.9636939545747745,0.03056083757114231,0.005745207850954633,,,,,,,,,,,,,,False,False,temporal_v1,False,0.001687534463546035,0.06263048016701461,2.0686458226223507,0.9769975926581916,91.25948437317643,957.5941878776603,0.3080224397275041,0.009768063506149994,0.001836322548867195,0.0,0.0,0.1193408016520753,0.09627575957906055,0.024219604412648057,0.026706023203252414,0.7375157808339416,231.76961789788916,0.021238712187174304,1.5290134094626047,-0.0009157956128755157,433.33333333333337,0.0005315907452694715,True,0.011847697664052248,0.1193408016520753,True,True,True,0.85,False,False,False,0,True,True,True,True,True,True,True,False,False,4,0,False,0,15,24,24,,,,False,False,False,
68,2026-08-18T22:00:47.744923,shadow,analysis_full,silero,webrtc,False,0.038576677441596985,True,True,True,1,False,True,False,0,0.0,,,,,,,,,,,,,0.2660524612177134,0.9470148092824475,0.043156317099097716,0.009828873614696159,,,,,,,,,,,,,,False,False,temporal_v1,False,0.0015362876072421605,0.06263048016701461,2.3133029038426183,0.9689984928051113,90.40791833445977,1237.0095371661778,0.25195562081921863,0.011481844381307038,0.0026149960161877565,0.0,0.0,0.08910409791316301,0.06895050906894443,0.02095252682151013,0.02031498681819471,0.6167430556484416,195.50624449416196,0.01678904957716808,0.821034757841643,-0.0004905761769078985,500.00000000000006,0.006460081364544836,True,0.012532822787761688,0.08910409791316301,True,True,True,0.85,False,False,False,0,True,True,True,True,True,True,True,False,False,5,0,False,0,15,24,24,,,,False,False,False,
69,2026-08-18T22:00:47.751785,shadow,analysis_full,silero,webrtc,False,0.0770794227719307,True,True,True,1,False,True,False,0,0.0,,,,,,,,,,,,,0.0377764083755537,0.9255229039563125,0.06874032709442972,0.005736768922786302,,,,,,,,,,,,,,False,False,temporal_v1,False,0.0005786189933584333,0.07515657620041753,2.5105700307421404,0.965513635054301,81.8993682377853,1201.0794218316573,0.034962931180782024,0.0025967626681883153,0.00021671452558336062,0.0,0.0,0.07974176088076106,0.0634605221385098,0.016914297933005567,0.016987375253810735,0.549829458437875,166.0338233467033,0.016796231145886728,1.0915815508976787,-0.0006570274319605127,600.0,0.006847262456461308,True,0.013906214851886034,0.07974176088076106,True,True,True,0.85,False,False,False,0,True,True,True,True,True,True,True,False,False,6,0,False,0,15,24,24,,,,False,False,False,
70,2026-08-18T22:00:47.758398,shadow,analysis_full,silero,webrtc,False,0.09032024443149567,True,True,True,1,False,True,False,0,0.0,,,,,,,,,,,,,0.028051729543922505,0.9462575359444905,0.047975678195749785,0.005766785824111363,,,,,,,,,,,,,,False,False,temporal_v1,False,0.0005007776603561666,0.07515657620041753,2.5384645353614217,0.9658414250431068,80.64163580739474,1213.0471901549806,0.026544160477213374,0.001345800749433433,0.00016176831627569822,0.0,0.0,0.015390087815973476,0.015513912752919258,0.002856973004761636,0.012588570715391512,0.3034308008837872,106.82882882345162,0.01607863021340542,0.8612794778708619,-0.0005197696826549147,600.0,0.00894545680125258,True,0.023978732991963625,0.015390087815973476,True,True,False,0.85,False,False,False,0,True,True,True,True,True,False,True,False,False,7,0,False,0,15,24,24,,,,False,False,False,
71,2026-08-18T22:00:47.763959,shadow,analysis_full,silero,webrtc,False,0.11540800333023071,True,True,True,1,False,True,False,0,0.0,,,,,,,,,,,,,0.17655997229637452,0.9905616753823626,0.007360954361550475,0.0020773702504231022,,,,,,,,,,,,,,False,False,temporal_v1,False,0.001243600140736737,0.08350730688935282,2.089083419760826,0.9759812274655469,88.60226293254327,1045.0005318455042,0.17489354196336027,0.001299649898150229,0.00036678043386401555,0.0,0.0,0.018743817556494638,0.018016980280193277,0.0023968584505225142,0.012588570715391514,0.2829900181946369,109.25508668525393,0.016219088420760086,0.7309183254021034,-0.0004468354311453808,600.0,0.004153865634373468,True,0.0348188653588295,0.018743817556494638,True,True,False,0.85,False,False,False,0,True,True,True,True,True,False,True,False,False,8,0,False,0,15,24,24,,,,False,False,False,
72,2026-08-18T22:00:47.769576,shadow,analysis_full,silero,webrtc,False,0.09961814433336258,True,True,False,1,False,True,False,0,0.0,,,,,,,,,,,,,0.06604664124995886,0.9812280606809197,0.014853568934082448,0.003918370369856953,,,,,,,,,,,,,,False,False,temporal_v1,False,0.0007666167568148299,0.081419624217119,2.4564750346288733,0.9741397491725763,84.38739778642349,1010.9558087109139,0.06480681770818557,0.0009810283386708773,0.0002587952021024108,0.0,0.0,0.01991130858022346,0.01903911195839997,0.002460037443235427,0.011744954638025221,0.25947597427755187,113.09402381459469,0.009348434258720338,1.0500694834994275,-0.0006334364830269256,633.3333333333334,0.0036435107811440743,True,0.037768274545669556,0.01991130858022346,True,True,False,0.85,False,False,False,0,True,False,True,False,True,False,True,False,False,0,0,False,0,15,24,24,,,,False,False,False,
73,2026-08-18T22:00:47.775147,shadow,analysis_full,silero,webrtc,False,0.11885134875774384,True,True,False,1,True,True,False,1,0.0,,,,,,,,,,,,,0.018188795349452655,0.6864656449419433,0.1468858575761385,0.16664849742693946,,,,,,,,,,,,,,False,True,temporal_v1,False,0.00042176512911829163,0.2359081419624217,3.893039339347198,0.7968109932235377,78.30848279460022,1933.4343147447285,0.012485983130279035,0.0026716768031812333,0.0030311354149923893,0.0,0.0,0.08485708655195873,0.038652996056508813,0.04831286500376516,0.05197826773453229,0.5717881183508942,257.4787764184401,0.020992556968656026,1.1555442703052312,-0.0006928981480874258,3300.0000000000005,0.034106276324786154,True,0.05782805010676384,0.08485708655195873,True,True,True,0.85,True,True,True,1,True,False,True,False,True,False,True,False,False,0,0,True,1,15,24,24,,,,False,False,False,
74,2026-08-18T22:00:47.780617,shadow,analysis_full,silero,webrtc,False,0.1722516119480133,True,True,False,1,True,True,False,1,0.0,,,,,,,,,,,,,0.012274885500914984,0.6031423164037811,0.15272874795338415,0.24412893556136758,,,,,,,,,,,,,,False,True,temporal_v1,False,0.0003446205845063203,0.24634655532359082,3.8290765861725458,0.716204181320612,76.07917963509226,2066.405308971015,0.0074035028746130506,0.001874727893825894,0.0029966547314760395,0.0,0.0,0.12997653347969065,0.050339895965838655,0.08192803033141992,0.07021227868957666,0.713259462205138,359.1636440742319,0.004325594202830743,1.3240421088932275,-0.0008034059344416972,3733.3333333333335,0.019955665485861845,True,0.08369983360171318,0.12997653347969065,True,True,True,0.85,True,True,True,2,True,False,True,False,True,False,True,False,False,0,0,True,2,15,24,24,,,,False,False,False,
75,2026-08-18T22:00:47.786200,shadow,analysis_full,silero,webrtc,False,0.2102620005607605,True,True,False,1,True,True,False,1,0.0,,,,,,,,,,,,,0.021006853444000533,0.7660017375684414,0.17872145213756976,0.055276810246385484,,,,,,,,,,,,,,False,True,temporal_v1,False,0.0004392715899580191,0.11899791231732777,3.5746719714164787,0.9104128175200121,79.24186204434515,1556.2335106175613,0.016091286238950005,0.0037543753523528837,0.0011611918516976469,0.0,0.0,0.13336091738407121,0.06124528733905515,0.08077794116864447,0.06859205246587684,0.7331250846806981,365.7747723753396,0.0050865073216012245,1.5870672812115996,-0.0009577493967805465,1333.3333333333335,0.010533240672522896,True,0.09496919438242912,0.13336091738407121,True,True,True,0.85,True,True,True,3,True,False,True,False,True,False,True,False,False,0,0,True,3,15,24,24,,,,False,False,False,
76,2026-08-18T22:00:47.792774,shadow,analysis_full,silero,webrtc,False,0.1859700083732605,True,True,False,1,True,True,False,1,0.0,,,,,,,,,,,,,0.015784883535387227,0.7227245736388045,0.21142466365590734,0.06585076264193643,,,,,,,,,,,,,,False,True,temporal_v1,False,0.00038364466627763966,0.11899791231732777,3.834754141772784,0.9049025853978115,78.0323610061923,1651.1316848842007,0.011408123223050919,0.003337313692316914,0.0010394466190193946,0.0,0.0,0.13605748071715323,0.0708571249227355,0.0794090044461803,0.06532278682790632,0.7313765607136822,372.6489777757931,0.0030458612910971438,0.9215439597744485,-0.0005463572850351164,1533.3333333333335,0.05221997965676972,True,0.10751307383179665,0.13605748071715323,True,True,True,0.85,True,True,True,4,True,False,True,False,True,False,True,False,False,0,0,True,4,15,24,24,,,,False,False,False,
77,2026-08-18T22:00:47.799845,shadow,analysis_full,silero,webrtc,False,0.30871808528900146,True,True,False,1,False,True,False,0,0.0,,,,,,,,,,,,,0.12362496760548693,0.9486927754820101,0.04341699514889073,0.007890229361010158,,,,,,,,,,,,,,False,False,temporal_v1,False,0.0010761336355162236,0.07724425887265135,2.8012034663756076,0.9727662926918954,87.33062980640453,1073.0633529435845,0.11728211363652298,0.0053674246188092,0.0009754293491547426,0.0,0.0,0.13490947817221105,0.06987242888962251,0.07927440312547297,0.06426570914322512,0.6781023618608975,360.75787982171175,0.009946259860506013,1.4558607409816766,-0.0008829458347362484,566.6666666666667,0.0035755611427619907,True,0.11712967604398727,0.13490947817221105,True,True,True,0.85,False,False,False,0,True,False,True,False,True,False,True,False,False,0,0,False,0,15,24,24,,,,False,False,False,
78,2026-08-18T22:00:47.805948,shadow,analysis_full,silero,webrtc,False,0.2500058710575104,True,True,False,1,False,True,False,0,0.0,,,,,,,,,,,,,0.04107591431804971,0.90051291342621,0.08131533386594998,0.018171752683494885,,,,,,,,,,,,,,False,True,temporal_v1,False,0.0006172212655776671,0.05636743215031315,2.619045972967148,0.9621376918554626,82.4464956542532,1323.8666358512721,0.03698939127419232,0.0033401016866213672,0.0007464213562360257,0.0,0.0,0.1323226776351466,0.06814730280412856,0.07881920260269258,0.06482582465264365,0.6536205224528318,357.79296029757694,0.012325298051135213,1.169265866906521,-0.0007021223007801517,700.0,0.012742005315136475,True,0.14555148035287857,0.1323226776351466,True,True,True,0.85,False,False,False,0,True,False,True,False,True,False,True,False,False,0,0,False,0,15,24,24,,,,False,False,False,
79,2026-08-18T22:00:47.813167,shadow,analysis_full,silero,webrtc,False,0.24880436062812805,True,True,False,1,False,True,False,0,0.0,,,,,,,,,,,,,0.0375828848225082,0.8950060833191019,0.08441063304781915,0.020583283606471037,,,,,,,,,,,,,,False,False,temporal_v1,False,0.0005760999150860156,0.05010438413361169,2.3368039628603334,0.9584627927902484,81.82941985605936,1375.2656156288317,0.03363691054482598,0.003172395099631191,0.0007735791770510221,0.0,0.0,0.13082251170728038,0.06769625359753016,0.07796451270341373,0.06684367404978851,0.6689209990494117,351.50829191938175,0.0031019656820141413,1.431755609082158,-0.000861464784902443,766.6666666666667,0.007395372707737004,True,0.1791108101606369,0.13082251170728038,True,True,True,0.85,False,False,False,0,True,False,True,False,True,False,True,False,False,0,0,False,0,15,24,24,,,,False,False,False,
80,2026-08-18T22:00:47.818149,shadow,analysis_full,silero,webrtc,False,0.24880436062812805,True,True,False,1,False,True,False,0,0.0,,,,,,,,,,,,,0.17500233269778273,0.9810987924329286,0.017047771126204342,0.0018534364351527194,,,,,,,,,,,,,,False,False,temporal_v1,False,0.0012441798370262174,0.054279749478079335,2.1554097539625876,0.9778821935382285,88.61431585592945,947.4750716861377,0.17169457728274026,0.0029833997143836667,0.0003243556996587886,0.0,0.0,0.13392507055338665,0.07050925038071147,0.07824022011330824,0.0683460246325697,0.704137763758516,375.705899392759,0.03332678364394332,1.0043686764135378,-0.000617520671785919,666.6666666666667,0.0032624838679728824,True,0.1981160044670105,0.13392507055338665,True,True,True,0.85,False,False,False,0,True,False,True,False,True,False,True,False,False,0,0,False,0,15,24,24,,,,False,False,False,
81,2026-08-18T22:00:47.826412,shadow,analysis_full,silero,webrtc,False,0.34397444128990173,True,True,False,1,False,True,False,0,0.0,,,,,,,,,,,,,0.15318164564162343,0.9493873695557331,0.044312725310966604,0.006299905126771937,,,,,,,,,,,,,,False,False,temporal_v1,False,0.001164887168334995,0.07515657620041753,2.2510833304679716,0.9665408768654348,87.99168741636728,1317.318083688179,0.1454287196199193,0.006787896185999083,0.0009650298347050256,0.0,0.0,0.13004141057510937,0.06674957353073173,0.07794465495884711,0.06874279708774106,0.685556766328206,358.591725902932,0.006893491822784208,0.6770364200691208,-0.00041453602023244996,666.6666666666667,0.011677413754515378,True,0.22953318059444427,0.13004141057510937,True,True,True,0.85,False,False,False,0,True,False,True,False,True,False,True,False,False,0,0,False,0,15,24,24,,,,False,False,False,
82,2026-08-18T22:00:47.834032,shadow,analysis_full,silero,webrtc,False,0.3459407091140747,True,True,True,1,False,True,False,0,0.0,,,,,,,,,,,,,0.21452489061500934,0.9563202825229434,0.042436797213907446,0.0012429202584876575,,,,,,,,,,,,,,False,False,temporal_v1,False,0.0013760365330407005,0.07724425887265135,2.0797616835428823,0.9772527547100665,89.48667470993291,929.7529034946306,0.20515450400114926,0.009103749280364828,0.00026663733249524386,0.0,0.0,0.12759363515988706,0.06378075444212972,0.07813782932607338,0.06893653367670009,0.722384302848447,368.66537550797176,0.01045524803630005,1.006590005479316,-0.0006180465324574156,666.6666666666667,0.002488697153778596,True,0.24880436062812805,0.12759363515988706,True,True,True,0.85,False,False,False,0,True,True,True,True,True,False,True,False,False,1,0,False,0,15,24,24,,,,False,False,False,
83,2026-08-18T22:00:47.842158,shadow,analysis_full,silero,webrtc,False,0.3104307949542999,True,True,True,1,False,True,False,0,0.0,,,,,,,,,,,,,0.26526541350792704,0.9604264786428297,0.03719133183682819,0.0023821895165722943,,,,,,,,,,,,,,False,False,temporal_v1,False,0.001549199879911808,0.05845511482254697,2.09903170036254,0.9762102904814309,90.51275556275019,1110.4988210557508,0.25476792700115247,0.009865574018606762,0.0006319124871677985,0.0,0.0,0.12071172226235376,0.0642514273064438,0.07064472812251972,0.05617418354288587,0.6845775620279247,334.5605206329562,0.0237163402974519,0.7890554248509445,-0.00048510968133335454,700.0,0.006781431248713064,True,0.2494051158428192,0.12071172226235376,True,True,True,0.85,False,False,False,0,True,True,True,True,True,False,True,False,False,2,0,False,0,15,24,24,,,,False,False,False,
84,2026-08-18T22:00:47.850632,shadow,analysis_full,silero,webrtc,False,0.21641434729099274,True,True,True,1,False,True,False,0,0.0,,,,,,,,,,,,,0.31710078451078666,0.9826525110810432,0.01692614627198973,0.00042134264381366666,,,,,,,,,,,,,,False,False,temporal_v1,False,0.0017075279148357425,0.05636743215031315,1.9892829142400201,0.9810850146229438,91.3797063177718,740.4405421360719,0.3115998821652933,0.00536729426159227,0.00013360808290116265,0.0,0.0,0.0860549347193227,0.06375983712644916,0.022404229429759163,0.024278232584729238,0.6157930857227382,276.09862249365716,0.006151079666703365,1.4396100393963616,-0.0008830006855469716,633.3333333333334,0.0004980879708849015,True,0.2494051158428192,0.0860549347193227,True,True,True,0.85,False,False,False,0,True,True,True,True,True,False,True,False,False,3,0,False,0,15,24,24,,,,False,False,False,
85,2026-08-18T22:00:47.858953,shadow,analysis_full,silero,webrtc,False,0.19088058173656464,True,True,True,1,False,True,False,0,0.0,,,,,,,,,,,,,0.3104294619617931,0.9870220880273095,0.012337755269230628,0.0006401567002385819,,,,,,,,,,,,,,False,False,temporal_v1,False,0.0016625166158186053,0.04801670146137787,1.5665848007659233,0.9841978005033593,91.16145348494662,847.4415378054233,0.3064007357307233,0.0038300027300435416,0.00019872350002629984,0.0,0.0,0.07483967708056355,0.05594010435536226,0.019059074206488506,0.020214978600267566,0.5833294164300465,267.02276209218024,0.006776496521771112,0.9999634634228335,-0.000613610125318046,533.3333333333334,0.0016468067805240692,True,0.2494051158428192,0.07483967708056355,True,True,True,0.85,False,False,False,0,True,True,True,True,True,False,True,False,False,4,0,False,0,15,24,24,,,,False,False,False,
86,2026-08-18T22:00:47.867054,shadow,analysis_full,silero,webrtc,False,0.26013052463531494,True,True,True,1,False,True,False,0,0.0,,,,,,,,,,,,,0.032848708195048364,0.930313101056054,0.05968194194113513,0.010004956972368384,,,,,,,,,,,,,,False,True,temporal_v1,False,0.0005479825315107611,0.10855949895615867,2.747196459852667,0.9674112617357131,81.43405043540506,1071.864904843881,0.030559583586620857,0.001960474695338166,0.0003286499120893436,0.0,0.0,0.030672844940656415,0.024046714515237842,0.006959034872215963,0.017617122713811925,0.3589423267060415,203.25873169985022,0.021512551252934355,1.8748858334433829,-0.0011478293222836453,733.3333333333334,0.0009557841339401942,True,0.25506819784641266,0.030672844940656415,True,True,False,0.85,False,False,False,0,True,True,True,True,True,False,True,False,False,5,0,False,0,15,24,24,,,,False,False,False,
87,2026-08-18T22:00:47.874175,shadow,analysis_full,silero,webrtc,False,0.3483608663082123,True,True,True,1,True,True,False,1,0.0,,,,,,,,,,,,,0.013215414879190765,0.7933337860701984,0.14242516340841435,0.06424105044571782,,,,,,,,,,,,,,False,True,temporal_v1,False,0.0003570430263623564,0.11691022964509394,3.105845646997791,0.9197883887618921,77.4738890421781,1579.5908725517345,0.010484235120596845,0.001882207623678735,0.0008489721339151839,0.0,0.0,0.055920457335095056,0.038088875438353695,0.018569413933215328,0.02323244717034414,0.41217745234769654,253.65538558597135,0.010777866391896596,0.9276225693221779,-0.0005565728370795714,1000.0000000000001,0.027066832932829174,True,0.25506819784641266,0.055920457335095056,True,True,True,0.85,True,True,True,1,True,True,True,True,True,False,True,False,False,6,0,True,1,15,24,24,,,,False,False,False,
88,2026-08-18T22:00:47.882821,shadow,analysis_full,silero,webrtc,False,0.42584359645843506,True,True,True,1,True,True,False,1,0.0,,,,,,,,,,,,,0.012595955553453159,0.8380803753461186,0.114845058070775,0.047074566503715706,,,,,,,,,,,,,,False,True,temporal_v1,False,0.0003492161119824433,0.1022964509394572,3.0092210922898044,0.9345118325238353,77.34921841043572,1484.3832486861666,0.01055642315808105,0.0014465832469932288,0.0005929491473788779,0.0,0.0,0.06237896543457756,0.041670171074804946,0.02126749755642415,0.024556686350785156,0.4570318619846306,270.30548626651455,0.006251698423742686,0.990315650484924,-0.0005857175878835054,966.6666666666667,0.018225433891596192,True,0.28528065979480743,0.06237896543457756,True,True,True,0.85,True,True,True,2,True,True,True,True,True,False,True,False,False,7,0,True,2,15,24,24,,,,False,False,False,
89,2026-08-18T22:00:47.889444,shadow,analysis_full,silero,webrtc,False,0.431709349155426,True,True,False,1,True,True,False,1,0.0,,,,,,,,,,,,,0.008224640301660093,0.8356876029944651,0.13361797795735234,0.030694418926596793,,,,,,,,,,,,,,False,True,temporal_v1,False,0.0002748230824664616,0.11064718162839249,3.1380574050686336,0.9334021306025763,75.2411319617144,1388.8571102993117,0.006873229939185997,0.00109895980653437,0.0002524505549397263,0.0,0.0,0.06776210029979901,0.04714336632107165,0.021721854639152483,0.025191851496971035,0.5168215841584772,271.5144707996376,0.005812475796908713,1.7174073875905906,-0.001033452558177976,1033.3333333333335,0.0034025241791781472,True,0.32720261812210083,0.06776210029979901,True,True,True,0.85,True,True,True,3,True,False,True,False,True,False,True,False,False,0,0,True,3,15,24,24,,,,False,False,False,
90,2026-08-18T22:00:47.898325,shadow,analysis_full,silero,webrtc,False,0.4146217703819275,True,True,False,1,False,True,False,0,0.0,,,,,,,,,,,,,0.31591157742785103,0.9976508195489475,0.0017973048998566523,0.000551875548030432,,,,,,,,,,,,,,False,False,temporal_v1,False,0.0016644922406134964,0.07515657620041753,2.3061828024910467,0.9810316430228009,91.15783797162521,869.2878381005252,0.31516944412589637,0.0005677894260325209,0.00017434387492215353,0.0,0.0,0.06938213014896775,0.048793322330791165,0.021812847986636474,0.02373080932522821,0.511222398608915,278.0439823109076,0.03441297908828037,0.6842435770962833,-0.0004311363390739416,566.6666666666667,0.0024621340957365636,True,0.3449575752019882,0.06938213014896775,True,True,True,0.85,False,False,False,0,True,True,True,False,True,False,True,False,False,1,0,False,0,15,24,24,,,,False,False,False,
91,2026-08-18T22:00:47.906761,shadow,analysis_full,silero,webrtc,True,0.7226325869560242,True,True,True,1,False,True,False,0,0.0,,,,,,,,,,,,,0.6718073840272241,0.9987347150470964,0.0011667463564645328,9.853859495045607e-05,,,,,,,,,,,,,,False,False,temporal_v1,False,0.002422013326785346,0.06889352818371608,2.012349212033126,0.9795745185580358,94.41019355063888,697.3498674573775,0.6709573562529649,0.0007838288175597329,6.619895569938412e-05,0.0,0.0,0.07275033166266291,0.0518508150962814,0.022175052374459287,0.024007443025411357,0.5243886798275722,298.60280827178366,0.01504698793109561,0.8683000577516462,-0.0005387875181229234,666.6666666666667,0.0004689491444880234,True,0.3471507877111435,0.07275033166266291,True,True,True,0.85,False,False,False,0,True,True,True,True,True,True,True,False,False,2,0,False,0,15,24,24,,,,False,False,False,
92,2026-08-18T22:00:47.913145,shadow,analysis_full,silero,webrtc,True,0.7182932496070862,True,True,True,1,False,True,False,0,0.0,,,,,,,,,,,,,0.7703424226508275,0.9975212009425128,0.001157649647541252,0.0013211494086478037,,,,,,,,,,,,,,False,False,temporal_v1,False,0.002594328933695932,0.06263048016701461,1.9246574468672901,0.9785177363635126,95.0025636993185,1114.9088434848552,0.7684328985796183,0.0008917866340678047,0.0010177374361414573,0.0,0.0,0.07535627885903876,0.054367662141006974,0.022169951619730434,0.024702676692653122,0.5359558887862308,294.92960938784853,0.017067353478846005,0.5249528876121434,-0.0003292120405572952,566.6666666666667,0.004402719864431784,True,0.3814913183450699,0.07535627885903876,True,True,True,0.85,False,False,False,0,True,True,True,True,True,True,True,False,False,3,0,False,0,15,24,24,,,,False,False,False,
93,2026-08-18T22:00:47.919939,shadow,analysis_full,silero,webrtc,True,0.7698498964309692,True,True,True,1,False,True,False,0,0.0,,,,,,,,,,,,,0.43270486005412984,0.9972997772065747,0.0022552486169346883,0.0004449741741795143,,,,,,,,,,,,,,False,False,temporal_v1,False,0.001944901006992921,0.06471816283924843,2.219922873997629,0.979903359342858,92.50566966553393,714.0789366152953,0.4315364605281858,0.0009758570371779941,0.00019254248776604872,0.0,0.0,0.07752111200415132,0.05630242657226126,0.02229396936460966,0.02420271690386545,0.5305966276747227,315.49689269615203,0.006568159731547393,1.136367409210052,-0.0006869109609485873,633.3333333333334,0.00041172038024094677,True,0.4202326834201813,0.07752111200415132,True,True,True,0.85,False,False,False,0,True,True,True,True,True,True,True,False,False,4,0,False,0,15,24,24,,,,False,False,False,
94,2026-08-18T22:00:47.925000,shadow,analysis_full,silero,webrtc,True,0.7764814496040344,True,True,True,1,False,True,False,0,0.0,,,,,,,,,,,,,0.3414620734300881,0.9807208302430808,0.017102413998453306,0.002176755755537325,,,,,,,,,,,,,,False,False,temporal_v1,False,0.0017558576147866922,0.060542797494780795,2.4408639979847666,0.9795563450985508,91.61470560716653,1061.3382217637825,0.3348789681508798,0.00583982574457163,0.000743279533636653,0.0,0.0,0.07740651940656407,0.0562925276994447,0.022180785351465802,0.023799582463465554,0.5124620420255337,298.1376105867884,0.015823270049940562,0.784800514010901,-0.00048684464843428023,566.6666666666667,0.008468336327843842,True,0.42877647280693054,0.07740651940656407,True,True,True,0.85,False,False,False,0,True,True,True,True,True,True,True,False,False,5,0,False,0,15,24,24,,,,False,False,False,
95,2026-08-18T22:00:47.932151,shadow,analysis_full,silero,webrtc,True,0.7487974166870117,True,True,True,1,False,True,False,0,0.0,,,,,,,,,,,,,0.48778806970556043,0.997555770090353,0.0022467638797077096,0.00019746602788936715,,,,,,,,,,,,,,False,False,temporal_v1,False,0.0020694779193771115,0.05845511482254697,1.8409410709056424,0.9848660693537711,93.06693741462281,634.0786248319425,0.4865958035160171,0.0010959446159667997,9.632157257657876e-05,0.0,0.0,0.07816656283497644,0.05701995932207857,0.022211268461302093,0.022485999671419094,0.47018873117898147,320.9847723497968,0.013144898875031105,1.969840754258585,-0.001209555682036035,466.6666666666667,5.033763141938916e-05,True,0.5750012993812561,0.07816656283497644,True,False,True,0.85,False,False,False,0,True,True,True,True,True,True,True,False,False,6,0,False,0,15,24,24,,,,False,False,False,
96,2026-08-18T22:00:47.936672,shadow,analysis_full,silero,webrtc,True,0.7487974166870117,True,True,True,1,False,True,False,0,0.0,,,,,,,,,,,,,0.856095548369337,0.9934419250240967,0.005902238568757337,0.0006558364059778748,,,,,,,,,,,,,,False,False,temporal_v1,False,0.0027680405077970716,0.05636743215031315,1.931171503220854,0.9850221556804396,95.59389001369786,795.2096306657365,0.8504812095765938,0.005052880164126963,0.0005614586276162038,0.0,0.0,0.07992604850046954,0.0581544913124738,0.022623425901696057,0.02197131042492337,0.48631945228026846,330.681480661941,0.008123771588669972,1.00211989687276,-0.0006186893594071379,466.6666666666667,0.0017333357101945897,True,0.7204629182815552,0.07992604850046954,True,False,True,0.85,False,False,False,0,True,True,True,True,True,True,True,False,False,7,0,False,0,15,24,24,,,,False,False,False,
97,2026-08-18T22:00:47.941714,shadow,analysis_full,silero,webrtc,True,0.8342226147651672,True,True,True,1,False,True,False,0,0.0,,,,,,,,,,,,,0.16827179897133263,0.9746779049572939,0.02041311458973711,0.0049089804470261855,,,,,,,,,,,,,,False,False,temporal_v1,False,0.0012508926563276675,0.05845511482254697,2.0167663988259275,0.976766214380343,88.65619255135933,1137.9950857776598,0.1640108044847734,0.00343495151462302,0.0008260429709361929,0.0,0.0,0.06260647356165791,0.04772100693482253,0.015534257332631793,0.018204784431391768,0.4335537028111027,280.5470261469858,0.009726222188402824,0.8824436738825204,-0.0005414763823212915,466.6666666666667,0.007181374698096481,True,0.7357150018215179,0.06260647356165791,True,False,True,0.85,False,False,False,0,True,True,True,True,True,True,True,False,False,8,0,False,0,15,24,24,,,,False,False,False,
98,2026-08-18T22:00:47.948482,shadow,analysis_full,silero,webrtc,True,0.8103374242782593,True,True,True,1,False,True,False,0,0.0,,,,,,,,,,,,,0.10840464382717259,0.9809909757855982,0.015175381247556166,0.0038336429576208146,,,,,,,,,,,,,,False,False,temporal_v1,False,0.0009950196715267736,0.05845511482254697,1.772071307922971,0.981238455011997,86.68665286624255,1026.1588452102262,0.10634397732770827,0.0016450817990828802,0.0004155846993814329,0.0,0.0,0.04733347916029039,0.038484650218052883,0.008871038588953686,0.01539940175858875,0.38246472169677426,228.63328228571123,0.01427756136101548,0.9971284184170326,-0.0006104866870860049,500.00000000000006,0.003942383616574694,True,0.7487974166870117,0.04733347916029039,True,False,False,0.85,False,False,False,0,True,True,True,True,True,True,True,False,False,9,0,False,0,15,24,24,,,,False,False,False,
99,2026-08-18T22:00:47.954540,shadow,analysis_full,silero,webrtc,True,0.7966190576553345,True,True,True,1,False,True,False,0,0.0,,,,,,,,,,,,,0.0697994005752417,0.9249301938772169,0.06314366979061256,0.011926136317843838,,,,,,,,,,,,,,False,False,temporal_v1,False,0.0008124827153168276,0.04801670146137787,2.454459959871143,0.9695133062497764,84.87231463228085,1230.7056426361894,0.06455957310657183,0.004407390301505754,0.0008324371661641201,0.0,0.0,0.021519249979472493,0.018105575085374182,0.003468307208321203,0.006989840936443927,0.23379059875709454,201.12422891269952,0.01888747156214061,1.1832474056010023,-0.0007051995922025276,633.3333333333334,0.007891163599881772,True,0.7593236565589905,0.021519249979472493,True,False,False,0.85,False,False,False,0,True,True,True,True,True,False,True,False,True,0,0,False,0,15,24,15,,,,False,False,False,
100,2026-08-18T22:00:47.960064,shadow,analysis_full,silero,webrtc,True,0.7971525192260742,True,True,True,1,False,True,False,0,0.0,,,,,,,,,,,,,0.016298575682335996,0.628171774471258,0.2105399427528859,0.16128828271450102,,,,,,,,,,,,,,False,True,temporal_v1,False,0.0003912997423160034,0.1941544885177453,3.893524342098431,0.8314306206626365,77.8378142738683,1781.3262184812597,0.010238305207727097,0.003431501191112599,0.0026287692824962993,0.0,0.0,0.1084744684665127,0.06148353157389702,0.04765578682278875,0.040696427326968536,0.5911366635476092,323.39510172903897,0.015168988284164821,1.1650390772264754,-0.0006903651969968297,2633.3333333333335,0.032086318680996415,True,0.7731656730175018,0.1084744684665127,True,False,True,0.85,True,False,False,0,True,True,True,True,True,False,True,False,True,0,0,False,0,15,24,15,,,,False,False,False,
101,2026-08-18T22:00:47.967503,shadow,analysis_full,silero,webrtc,True,0.8010263442993164,True,True,True,1,False,True,False,0,0.0,,,,,,,,,,,,,0.023275068819079304,0.6931267735105011,0.13056256935379665,0.17631065709273785,,,,,,,,,,,,,,False,True,temporal_v1,False,0.00047550554089766757,0.20250521920668058,3.5721980551960826,0.8331924212179087,79.54879237634314,1921.719996839315,0.016132573353803307,0.0030388527869054317,0.004103642677370566,0.0,0.0,0.13051814320023217,0.06663140035141878,0.066412346899735,0.05613654095451627,0.7029042282281669,400.8252672850766,0.004643561821213329,1.0225640897579575,-0.0006134653816822269,2633.3333333333335,0.046374619958451685,True,0.7865502536296844,0.13051814320023217,True,False,True,0.85,True,False,False,0,True,True,True,True,True,False,True,False,True,0,0,False,0,15,24,15,,,,False,False,False,
102,2026-08-18T22:00:47.974193,shadow,analysis_full,silero,webrtc,True,0.7502275109291077,True,True,True,1,False,True,False,0,0.0,,,,,,,,,,,,,0.02468058375415308,0.54131948279743,0.11140955022308346,0.3472709669389688,,,,,,,,,,,,,,False,True,temporal_v1,False,0.00047968081054247154,0.2839248434237996,3.787639284271151,0.683343503984103,78.76499616788378,2086.522809602995,0.013360080832936798,0.0027496527352933353,0.008570850184922945,0.0,0.0,0.1685370719853546,0.06727707918086413,0.11296586782196417,0.08065591180913166,0.7917360239435299,490.3138686243526,0.006246527227608781,1.3165776658310824,-0.0007931181915768057,3666.666666666667,0.018023880039556208,True,0.7865502536296844,0.1685370719853546,True,False,True,0.85,True,False,False,0,True,True,True,True,True,False,True,False,True,0,0,False,0,15,24,15,,,,False,False,False,
103,2026-08-18T22:00:47.981603,shadow,analysis_full,silero,webrtc,True,0.6562828421592712,True,True,True,1,False,True,False,0,0.0,,,,,,,,,,,,,0.0219014943064023,0.524741729925027,0.178362492422361,0.29689577760695307,,,,,,,,,,,,,,False,True,temporal_v1,False,0.00045150744136483105,0.3048016701461378,4.142335924149595,0.7392497765275285,78.57838771168231,1926.5345039016258,0.011492628010284672,0.003906405112264063,0.006502461182853567,0.0,0.0,0.19127748519002602,0.0732013151055436,0.12842660692714272,0.09791765880084535,0.9033447305649768,495.4234161756184,0.004394129923428095,1.2698734504027678,-0.0007497694467462703,3500.0000000000005,0.0258011613790972,True,0.7865502536296844,0.19127748519002602,True,False,True,0.85,True,False,False,0,True,True,True,True,True,False,True,False,True,0,0,False,0,15,24,15,,,,False,False,False,
104,2026-08-18T22:00:47.987654,shadow,analysis_full,silero,webrtc,True,0.58542799949646,True,True,True,1,False,True,False,0,0.0,,,,,,,,,,,,,0.021710791475106447,0.6811987958577762,0.19624123266276505,0.12255997143339878,,,,,,,,,,,,,,False,True,temporal_v1,False,0.0004493952674352193,0.22755741127348644,3.9977999331849516,0.8675315497334637,79.23149824638044,1662.425575712823,0.014789365009961785,0.00426055248115914,0.002660873982985524,0.0,0.0,0.18780597867303772,0.07845285434637077,0.12421462077070825,0.09845034260782161,0.9627955211112189,491.9740123275846,0.0022129795412837838,1.3010983942413274,-0.0007671593582911463,2000.0000000000002,0.023493048803603242,True,0.7734232842922211,0.18780597867303772,True,False,True,0.85,True,False,False,0,True,True,True,True,True,False,True,False,True,0,0,False,0,15,24,15,,,,False,False,False,
105,2026-08-18T22:00:47.995191,shadow,analysis_full,silero,webrtc,True,0.5063900947570801,True,True,True,1,False,True,False,0,0.0,,,,,,,,,,,,,0.020852234353393336,0.7200459960015109,0.2246512859770735,0.0553027179734592,,,,,,,,,,,,,,False,True,temporal_v1,False,0.0004384656315715395,0.11482254697286012,3.90235238919727,0.9047747191927459,79.19883729883219,1531.0720179982425,0.015014567853846025,0.004684481262985123,0.001153185235562189,0.0,0.0,0.17579890581721946,0.08094457946269706,0.1202661167766766,0.09462892378788904,0.9251664479549007,416.4263344450521,0.000869864128378808,1.5413927810004908,-0.000927670079313787,1500.0,0.013855512187304199,True,0.7734232842922211,0.17579890581721946,True,False,True,0.85,True,False,False,0,True,True,True,True,True,False,True,False,True,0,0,False,0,15,24,15,,,,False,False,False,
106,2026-08-18T22:00:48.001843,shadow,analysis_full,silero,webrtc,False,0.4086366593837738,True,True,False,1,False,True,False,0,0.0,,,,,,,,,,,,,0.029398399189225235,0.749004100173074,0.20197997757313402,0.049015922219776555,,,,,,,,,,,,,,False,True,temporal_v1,False,0.0005209380439380762,0.12943632567849686,3.824858973021134,0.9115172484847419,80.73472031042243,1499.3834352860122,0.022019521531254475,0.005937888008925754,0.0014409896480450063,0.0,0.0,0.15867133761370472,0.0755564417965559,0.11635525418815884,0.0894154756606771,0.8474583966342265,342.6013301605863,0.0007578758510799958,2.008743996837778,-0.0012248218630736215,1400.0,0.004551326035160284,True,0.7734232842922211,0.15867133761370472,True,False,True,0.85,True,False,False,0,True,False,True,False,True,False,True,False,True,0,1,False,0,15,24,15,,,,False,False,False,
107,2026-08-18T22:00:48.008957,shadow,analysis_full,silero,webrtc,False,0.3237757980823517,True,True,False,1,False,True,False,0,0.0,,,,,,,,,,,,,0.025121026005727333,0.740355833662844,0.19944563903370974,0.060198527263638946,,,,,,,,,,,,,,False,True,temporal_v1,False,0.0004807515038972572,0.13778705636743216,3.8238651692531214,0.9073339490026644,80.01453479734762,1525.373895398331,0.018598498150936244,0.005010279084894729,0.0015122487688963599,0.0,0.0,0.13858389246649777,0.06694535718783336,0.11184180373177499,0.08315819509263223,0.7315383667195744,310.8163959893734,0.0004338755660503642,1.5716925731253362,-0.0009415149971172739,1466.6666666666667,0.012434817083065283,True,0.7032551765441895,0.13858389246649777,True,False,True,0.85,True,False,False,0,True,False,True,False,True,False,True,False,True,0,2,False,0,15,24,15,,,,False,False,False,
108,2026-08-18T22:00:48.015481,shadow,analysis_full,silero,webrtc,False,0.2539231777191162,True,True,False,1,False,True,False,0,0.0,,,,,,,,,,,,,0.03341028463595157,0.756765265914819,0.1912874607005747,0.051947273354675395,,,,,,,,,,,,,,False,True,temporal_v1,False,0.0005608202649907191,0.13778705636743216,3.7854187608365133,0.915750244184476,81.39776470951176,1480.0396863149617,0.02528374293681568,0.0063909685092946,0.0017355731888412877,0.0,0.0,0.10933434085844752,0.04912465671967337,0.10732047423604289,0.07556171249725487,0.4441795164110198,247.62993729131037,0.00019816221004583117,1.5548962194683342,-0.0009277496880605162,1366.6666666666667,0.011877969440507846,True,0.6208554208278656,0.10933434085844752,True,False,True,0.85,True,False,False,0,True,False,True,False,True,False,True,False,True,0,3,False,0,15,24,15,,,,False,False,False,
109,2026-08-18T22:00:48.021508,shadow,analysis_full,silero,webrtc,False,0.2033110111951828,True,True,False,1,False,True,False,0,0.0,,,,,,,,,,,,,0.031179320583824124,0.7220224966837253,0.21139317680177075,0.06658432648243137,,,,,,,,,,,,,,False,True,temporal_v1,False,0.0005402240459007424,0.21085594989561587,3.9059850872851176,0.9032409970269785,81.0120300388975,1544.17875775743,0.022512170892834964,0.006591095628735423,0.002076054061253738,0.0,0.0,0.07979797259920018,0.03464621422239471,0.102274414432008,0.06213057275544941,0.14134150163516931,207.28542382632227,0.00033958512159461995,1.3286730400618039,-0.0007905115246431591,1633.3333333333335,0.021793862297035994,True,0.54590904712677,0.07979797259920018,True,False,True,0.85,True,False,False,0,True,False,True,False,True,False,True,False,True,0,4,False,0,15,24,15,,,,False,False,False,
110,2026-08-18T22:00:48.027153,shadow,analysis_full,silero,webrtc,False,0.23332160711288452,True,True,False,1,True,True,False,1,0.0,,,,,,,,,,,,,0.04412490857539197,0.6284515981647314,0.20511914253423963,0.1664292592783661,,,,,,,,,,,,,,False,True,temporal_v1,False,0.0006503625973429169,0.34029227557411273,4.142700643366343,0.81760897771333,82.19622969667783,1842.5830896757354,0.027730369313077746,0.009050863411386117,0.00734367584992811,0.0,0.0,0.07978135722002555,0.03429215936541829,0.10239932218241411,0.07600111207686482,0.16448955019958025,210.599312074884,0.0009781605543815479,1.1721508774178744,-0.0006963438454007725,2566.666666666667,0.039514196589197914,True,0.45751337707042694,0.07978135722002555,True,True,True,0.85,True,True,True,1,True,False,True,False,True,False,True,False,True,0,5,True,1,15,24,15,,,,False,False,False,
111,2026-08-18T22:00:48.034044,shadow,analysis_full,silero,webrtc,False,0.2548426389694214,True,True,True,1,True,True,False,1,0.0,,,,,,,,,,,,,0.049687407795888205,0.5610063350747194,0.1860177749965912,0.25297588990856357,,,,,,,,,,,,,,False,True,temporal_v1,False,0.0006885222762236649,0.38413361169102295,4.245725203589525,0.7369530767644231,82.24214698950858,1990.3172625963136,0.027874950546934285,0.009242741043539403,0.012569716204414516,0.0,0.0,0.08646204971203499,0.029128297183366864,0.1076235595256877,0.09225006496138463,0.1589799958610929,218.60978740271938,0.0010777907328537275,1.3142652182611758,-0.0007702066628233477,3533.3333333333335,0.027977306203066134,True,0.36620622873306274,0.08646204971203499,True,True,True,0.85,True,True,True,2,True,True,True,True,True,False,True,False,True,0,0,True,2,15,24,15,,,,False,False,False,
112,2026-08-18T22:00:48.039862,shadow,analysis_full,silero,webrtc,False,0.2548426389694214,True,True,True,1,True,True,False,1,0.0,,,,,,,,,,,,,0.039614776857178506,0.46766939249078004,0.20483124674527498,0.3274993607387019,,,,,,,,,,,,,,False,True,temporal_v1,False,0.0006031452337579432,0.3298538622129436,4.148031501212331,0.7153636561697878,80.96046499392443,1971.5653455032345,0.018526618626454484,0.00811434413319174,0.012973814096532282,0.0,0.0,0.09873569418795085,0.012429564060343231,0.1040468802966063,0.09602886437491781,0.1576020138274553,200.73910571963492,0.002081369115569429,1.5666728122249254,-0.0009401174293679417,3433.3333333333335,0.013585981215286447,True,0.28930921852588654,0.09873569418795085,True,True,True,0.85,True,True,True,3,True,True,True,True,True,False,True,False,True,0,0,True,3,15,24,15,,,,False,False,False,
113,2026-08-18T22:00:48.045441,shadow,analysis_full,silero,webrtc,False,0.21352608501911163,True,True,True,1,True,True,False,1,0.0,,,,,,,,,,,,,0.018563371251310908,0.6302978693611602,0.20614494348559084,0.1635571870993796,,,,,,,,,,,,,,False,True,temporal_v1,False,0.00041793127370377516,0.24425887265135698,4.064473889577817,0.8514273496198205,78.51634482611986,1648.8989582546278,0.011700453347861479,0.003826745117503529,0.0030361727849459027,0.0,0.0,0.08943685415077832,0.010203228820203386,0.09150732049394975,0.09309496483640733,0.15179421795730402,185.76173854554534,0.0019835521344085155,1.2526929697744347,-0.00074315687013041,2500.0,0.026082558030567735,True,0.2548426389694214,0.08943685415077832,True,True,True,0.85,True,True,True,4,True,True,True,True,True,False,True,False,True,0,0,True,4,15,24,15,,,,False,False,False,
114,2026-08-18T22:00:48.052135,shadow,analysis_full,silero,webrtc,False,0.16677546501159668,True,True,True,1,True,True,False,1,0.0,,,,,,,,,,,,,0.002267322840934683,0.5931357388045597,0.22590539433124043,0.1809588664231512,,,,,,,,,,,,,,False,True,temporal_v1,False,0.000149067227139813,0.2254697286012526,3.9943167381107756,0.8163675418637559,69.20447735731322,1849.04504461952,0.0013448302083662463,0.0005122004604575779,0.000410292171110859,0.0,0.0,0.09178025215711055,0.012038161890692624,0.09260054365407039,0.0930928580514495,0.15176642373417232,193.32528279773067,0.0025820642504966137,1.2744688175973322,-0.0007539733419615525,2633.3333333333335,0.025854251634388543,True,0.2543829083442688,0.09178025215711055,True,True,True,0.85,True,True,True,5,True,True,True,True,True,False,True,False,True,0,0,True,5,15,24,15,,,,False,False,False,
115,2026-08-18T22:00:48.056776,shadow,analysis_full,silero,webrtc,False,0.11485782265663147,True,True,True,1,True,True,False,1,0.0,,,,,,,,,,,,,0.013135685018933833,0.6391219125607087,0.23041783531968008,0.13046025204348274,,,,,,,,,,,,,,False,True,temporal_v1,False,0.0003441364017662471,0.18997912317327767,3.777261619361306,0.8506464448329198,76.8130097243214,1864.4256325016852,0.00839530413209604,0.0030266961075038844,0.0017136847783339082,0.0,0.0,0.08939012718767823,0.013030451041326363,0.0885916943030504,0.08666875756499226,0.1627216325468103,192.08590678773248,0.003987159494204957,0.7918479595362117,-0.0004595154170834332,2200.0,0.05459538349173539,True,0.24362239241600037,0.08939012718767823,True,True,True,0.85,True,True,True,6,True,True,True,True,True,False,True,False,True,0,0,True,6,15,24,15,,,,False,False,False,
116,2026-08-18T22:00:48.062842,shadow,analysis_full,silero,webrtc,False,0.19680102169513702,True,True,False,1,False,True,False,0,0.0,,,,,,,,,,,,,0.039673629248176974,0.8866063014931959,0.09923984566335096,0.014153852818247593,,,,,,,,,,,,,,False,True,temporal_v1,False,0.0005941793651976326,0.08559498956158663,2.8657773298199554,0.9568254632606452,82.09150735826113,1234.2931106072388,0.03517488969453847,0.003937204843494089,0.0005615347091444198,0.0,0.0,0.11159218192960386,0.034750810471500235,0.09288084624861122,0.09269522651763278,0.370602943870777,234.52514917679517,0.010569898293900487,1.489324093500455,-0.0008884461594478034,700.0,0.003832832984266874,True,0.22342384606599808,0.11159218192960386,True,True,True,0.85,False,False,False,0,True,False,True,False,True,False,True,False,True,0,1,False,0,15,24,15,,,,False,False,False,
117,2026-08-18T22:00:48.069473,shadow,analysis_full,silero,webrtc,True,0.6756629347801208,True,True,False,1,False,True,False,0,0.0,,,,,,,,,,,,,0.03191655419743624,0.891581829062625,0.08938892300197744,0.01902924790406604,,,,,,,,,,,,,,False,True,temporal_v1,False,0.0005342949210320909,0.07515657620041753,2.849631307063408,0.9500806377430153,81.13514637909562,1307.513736568276,0.028456219768726605,0.002852986405643068,0.0006073480220665738,0.0,0.0,0.12986342273563953,0.04713241070743482,0.09720403492213488,0.10041406423712047,0.48249469506661397,258.20111271238386,0.010453126049164378,1.8246884234155025,-0.0011101827137105368,700.0,0.002716935345076346,True,0.22342384606599808,0.12986342273563953,True,True,True,0.85,False,False,False,0,True,False,True,False,True,False,True,False,True,0,2,False,0,15,24,15,,,,False,False,False,
118,2026-08-18T22:00:48.075608,shadow,analysis_full,silero,webrtc,True,0.5988832116127014,True,True,False,1,True,True,False,1,0.0,,,,,,,,,,,,,0.016103382334643465,0.7395482040923483,0.21899811546330672,0.04145368038224635,,,,,,,,,,,,,,False,True,temporal_v1,False,0.00039355887969296936,0.08350730688935282,3.7317756495154586,0.918655037197994,78.32093008892704,1449.6064487664273,0.011909227485398022,0.0035266103838720235,0.0006675444643734223,0.0,0.0,0.12891398368656487,0.048224062632231494,0.09817225237365997,0.10614157306953446,0.4826798036747741,260.62884252362704,0.007339328366110844,1.7512665288944589,-0.0010532270823678319,1433.3333333333335,0.006886375679865001,True,0.22342384606599808,0.12891398368656487,True,True,True,0.85,True,True,True,1,True,False,True,False,True,False,True,False,True,0,3,True,1,15,24,15,,,,False,False,False,
119,2026-08-18T22:00:48.082173,shadow,analysis_full,silero,webrtc,True,0.5869330763816833,True,True,False,1,True,True,False,1,0.0,,,,,,,,,,,,,0.016908652437240056,0.7782182026083585,0.17211885153988282,0.04966294579261756,,,,,,,,,,,,,,False,True,temporal_v1,False,0.00039555505546981794,0.10438413361169102,3.6976351708258783,0.916827532480759,78.35652190528295,1493.9396107834368,0.013158621108238396,0.0029102978385847993,0.0008397334894168638,0.0,0.0,0.13198830325775213,0.04773504521090036,0.09949639541827558,0.11142359649360953,0.48096483517289346,263.47907013342854,0.0025405256889809388,1.3921400622162101,-0.0008250394252869046,1266.6666666666667,0.014972032920565696,True,0.24408212304115295,0.13198830325775213,True,True,True,0.85,True,True,True,2,True,False,True,False,True,False,True,False,True,0,4,True,2,15,24,15,,,,False,False,False,
120,2026-08-18T22:00:48.089756,shadow,analysis_full,silero,webrtc,True,0.5243520140647888,True,True,True,1,True,True,False,1,0.0,,,,,,,,,,,,,0.017252632545776147,0.8459619141655715,0.12208180110212892,0.03195628467433754,,,,,,,,,,,,,,False,True,temporal_v1,False,0.00039773584057694136,0.05845511482254697,3.0913145808555917,0.9407526459184012,78.51595708592845,1488.3902200611803,0.014595070052820026,0.0021062324549415597,0.0005513300370145633,0.0,0.0,0.13917036645028952,0.050452432464033324,0.1033027178182997,0.10958663755821146,0.49860074733405474,261.05118607635023,0.0039100646757716994,1.0413867136180486,-0.0006256676194698839,1000.0000000000001,0.027635185425247753,True,0.2548426389694214,0.13917036645028952,True,True,True,0.85,True,True,True,3,True,True,True,True,True,False,True,False,True,0,0,True,3,15,24,15,,,,False,False,False,
121,2026-08-18T22:00:48.094799,shadow,analysis_full,silero,webrtc,False,0.43542414903640747,True,True,True,1,False,True,False,0,0.0,,,,,,,,,,,,,0.02018479435676425,0.9291072775293162,0.05068316853370497,0.020209553887436633,,,,,,,,,,,,,,False,False,temporal_v1,False,0.0004286202520978656,0.05845511482254697,2.471891004391912,0.9608206786756125,79.26107321532803,1421.411560613625,0.018753839332302336,0.0010230293342020594,0.00040792568925985395,0.0,0.0,0.14521179167754572,0.06252636972613336,0.09701395246961626,0.09018716654777108,0.5650086959774338,237.18439367018314,0.012116301103143597,0.9491981141625228,-0.0005712742945750092,600.0,0.018934482052980994,True,0.34513339400291443,0.14521179167754572,True,True,True,0.85,False,False,False,0,True,True,True,True,True,False,True,False,True,0,0,False,0,15,24,15,,,,False,False,False,
122,2026-08-18T22:00:48.101302,shadow,analysis_full,silero,webrtc,False,0.3995550572872162,True,True,True,1,False,True,False,0,0.0,,,,,,,,,,,,,0.008295411020831863,0.9296567062982403,0.05682852209498806,0.013514771486222994,,,,,,,,,,,,,,False,True,temporal_v1,False,0.0002894214708854805,0.0709812108559499,2.609445823675305,0.9652547840191508,75.84170843167455,1282.2085739527713,0.007711884487016673,0.000471415948484351,0.00011211058433083844,0.0,0.0,0.12296818763379591,0.06791604532797194,0.06217696308485759,0.06797675591199874,0.5686846393240926,209.91019515924748,0.006893321089614645,1.029355078384199,-0.0006226738004900326,566.6666666666667,0.012072366002855144,True,0.41748960316181183,0.12296818763379591,True,True,True,0.85,False,False,False,0,True,True,True,True,True,False,True,False,True,0,0,False,0,15,24,15,,,,False,False,False,
123,2026-08-18T22:00:48.106897,shadow,analysis_full,silero,webrtc,False,0.38336703181266785,True,True,True,1,True,True,False,1,0.0,,,,,,,,,,,,,0.003958462907207234,0.8334268971769813,0.12727858692526578,0.0392945156451295,,,,,,,,,,,,,,False,True,temporal_v1,False,0.0001912809638283183,0.07515657620041753,3.170093934265168,0.9311987692391572,72.02074193296907,1521.6245977420178,0.003299089458343898,0.0005038275652254163,0.00015554588263791947,0.0,0.0,0.11178564544579529,0.06513311010766604,0.053324093523213684,0.05458242254232621,0.5112677866517589,204.52656142815022,0.006104132258517592,1.0797109231827084,-0.0006443079990341241,1066.6666666666667,0.024038928051454533,True,0.41748960316181183,0.11178564544579529,True,True,True,0.85,True,True,True,1,True,True,True,True,True,False,True,False,True,0,0,True,1,15,24,15,,,,False,False,False,
124,2026-08-18T22:00:48.112948,shadow,analysis_full,silero,webrtc,False,0.3779922425746918,True,True,False,1,True,True,False,1,0.0,,,,,,,,,,,,,0.0018019711344319273,0.6071941176561931,0.21536895580561322,0.1774369259832458,,,,,,,,,,,,,,False,True,temporal_v1,False,0.0001330571710304944,0.19832985386221294,3.689575369212368,0.8321332995128606,68.24792397557631,1765.8424770299532,0.0010941462730133234,0.00038808864161446043,0.00031973621880414336,0.0,0.0,0.10914908628350935,0.06379497326755001,0.05248995985135237,0.0487772212731185,0.47214405178054003,191.05023451422016,0.008616908405470166,1.9753162395213282,-0.0012167067373497883,2566.666666666667,0.004305885122947105,True,0.41748960316181183,0.10914908628350935,True,True,True,0.85,True,True,True,2,True,False,True,False,True,False,True,False,True,0,1,True,2,15,24,15,,,,False,False,False,
125,2026-08-18T22:00:48.119070,shadow,analysis_full,silero,webrtc,False,0.3418733775615692,True,True,False,1,True,True,False,1,0.0,,,,,,,,,,,,,0.003170019856772614,0.7182824613076104,0.16381142052035702,0.11790611785657722,,,,,,,,,,,,,,False,True,temporal_v1,False,0.0001725510082809722,0.1837160751565762,3.77736466551031,0.8694824491602265,70.79984750329126,1702.3764311496982,0.0022769696651166317,0.0005192854558156606,0.00037376473484032185,0.0,0.0,0.09901076543764815,0.05693114285392521,0.05076112630642797,0.047644925445225896,0.47215675096219956,162.7858464947747,0.005293165821991592,1.082395485906166,-0.0006444835943595834,2166.666666666667,0.034358058511189456,True,0.41748960316181183,0.09901076543764815,True,True,True,0.85,True,True,True,3,True,False,True,False,True,False,True,False,True,0,2,True,3,15,24,15,,,,False,False,False,
126,2026-08-18T22:00:48.125163,shadow,analysis_full,silero,webrtc,False,0.31299513578414917,True,True,False,1,True,True,False,1,0.0,,,,,,,,,,,,,0.004809127955889048,0.674113590015093,0.24946760180712074,0.07641880796984842,,,,,,,,,,,,,,False,True,temporal_v1,False,0.0002096288609588134,0.15866388308977036,3.7878014528658563,0.8817795563109497,72.60019731021326,1608.7070671716865,0.003241898511186312,0.0011997216179392217,0.0003675078257635148,0.0,0.0,0.10423282681134728,0.06557924049206272,0.04948299473385822,0.05048955984938504,0.4885184140920701,147.346971018066,0.004115298513853316,1.4120427483711202,-0.000835433264909651,1900.0000000000002,0.014012245598793579,True,0.41748960316181183,0.10423282681134728,True,True,True,0.85,True,True,True,4,True,False,True,False,True,False,True,False,True,0,3,True,4,15,24,15,,,,False,False,False,
127,2026-08-18T22:00:48.131665,shadow,analysis_full,silero,webrtc,False,0.25998973846435547,True,True,False,1,True,True,False,1,0.0,,,,,,,,,,,,,0.010763647865883475,0.7428469997101887,0.20330874389401063,0.053844256302895216,,,,,,,,,,,,,,False,True,temporal_v1,False,0.00032037447887318753,0.11064718162839249,3.797050833561291,0.9147837654706137,76.50117693283501,1491.3373142515927,0.007995743523108516,0.0021883437273302175,0.000579560614444741,0.0,0.0,0.0998689013966853,0.06453741427101074,0.047765138518544546,0.0493841766362042,0.48624740409725054,132.37299360249182,0.0030144788982445526,1.4278012358581673,-0.00085296226391154,1333.3333333333335,0.015497705079429632,True,0.391461044549942,0.0998689013966853,True,True,True,0.85,True,True,True,5,True,False,True,False,True,False,True,False,True,0,4,True,5,15,24,15,,,,False,False,False,
128,2026-08-18T22:00:48.136784,shadow,analysis_full,silero,webrtc,False,0.25998973846435547,True,True,False,1,False,True,False,0,0.0,,,,,,,,,,,,,0.03311173778032747,0.8615484392522864,0.1151673048814168,0.023284255836096137,,,,,,,,,,,,,,False,True,temporal_v1,False,0.000559622186739884,0.07724425887265135,3.2040987549244044,0.9488195272407534,81.53302249081028,1354.5064955933988,0.0285273660055721,0.003813389600100501,0.0007709821736548749,0.0,0.0,0.10163831645195213,0.062197619061585774,0.04885181593576124,0.0497574102906889,0.4739455287516567,140.4416222370228,0.003446720916265668,1.2667929606434698,-0.0007548765598132008,866.6666666666667,0.013428515996915353,True,0.3806796371936798,0.10163831645195213,True,True,True,0.85,False,False,False,0,True,False,True,False,True,False,True,False,True,0,5,False,0,15,24,15,,,,False,False,False,
129,2026-08-18T22:00:48.142920,shadow,analysis_full,silero,webrtc,False,0.3490831255912781,True,True,True,1,False,True,False,0,0.0,,,,,,,,,,,,,0.07791715440460709,0.9809020840963097,0.01251058187423383,0.006587334016622331,,,,,,,,,,,,,,False,False,temporal_v1,False,0.0008289423515005454,0.06263048016701461,1.711341680363813,0.9747753965341488,85.06997312551748,1314.69232245824,0.07642909914233305,0.000974788939586156,0.0005132663216878828,0.0,0.0,0.11604955920668672,0.07334139664907197,0.05143530350837124,0.051732844016866494,0.6584166957818876,152.6435438415149,0.02826604194405473,0.8352368749132892,-0.0005066260456581722,533.3333333333334,0.008897613660456544,True,0.3635376840829849,0.11604955920668672,True,True,True,0.85,False,False,False,0,True,True,True,True,True,False,True,False,True,0,0,False,0,15,24,15,,,,False,False,False,
130,2026-08-18T22:00:48.149334,shadow,analysis_full,silero,webrtc,True,0.6947807669639587,True,True,True,1,False,True,False,0,0.0,,,,,,,,,,,,,0.1247663728255879,0.9080434887420824,0.07604826009784277,0.01590825115205977,,,,,,,,,,,,,,False,True,temporal_v1,False,0.00105742019322617,0.07306889352818371,2.8069625356320294,0.9596877461817093,87.11878669116672,1301.1083449517398,0.11329329245824218,0.00948826557210473,0.0019848147942409773,0.0,0.0,0.11929911072584153,0.07521818965776939,0.0524031029585694,0.05057882542122069,0.6656173033071807,163.42718295580897,0.013731878542714704,1.1598607305455617,-0.0006987037552279321,700.0,0.013558221771382313,True,0.3635376840829849,0.11929911072584153,True,True,True,0.85,False,False,False,0,True,True,True,True,True,False,True,False,True,0,0,False,0,15,24,15,,,,False,False,False,
131,2026-08-18T22:00:48.155386,shadow,analysis_full,silero,webrtc,True,0.6808049082756042,True,True,True,1,False,True,False,0,0.0,,,,,,,,,,,,,0.054557006249208916,0.9005956819913035,0.0825733814540686,0.016830936536298587,,,,,,,,,,,,,,False,False,temporal_v1,False,0.0006943376981014611,0.05219206680584551,2.505039231644587,0.9592353975965406,83.45833442998662,1347.1893575078439,0.049133804250410106,0.004504956488007933,0.0009182455097908807,0.0,0.0,0.1169392638450271,0.07254137433780378,0.05263309979632848,0.05120954102484921,0.6625437025574624,167.39249264404137,0.003975141576985859,1.2829115873990526,-0.0007716000779011357,733.3333333333334,0.010226084575803318,True,0.3635376840829849,0.1169392638450271,True,True,True,0.85,False,False,False,0,True,True,True,True,True,False,True,False,True,0,0,False,0,15,24,15,,,,False,False,False,
132,2026-08-18T22:00:48.161958,shadow,analysis_full,silero,webrtc,True,0.6280775666236877,True,True,True,1,False,True,False,0,0.0,,,,,,,,,,,,,0.040879354142685065,0.9118002954779592,0.07208291899877863,0.01611678549879996,,,,,,,,,,,,,,False,False,temporal_v1,False,0.0006035138884203868,0.05219206680584551,2.4194082432835495,0.9629363675720286,82.25485935946108,1344.6255777101796,0.03727380718624838,0.002946703173389553,0.0006588437820471347,0.0,0.0,0.11530991886697826,0.07112830169085796,0.05243787284391748,0.05278989553125725,0.6790306144530732,161.36787745595794,0.0026304747015083287,1.1189092098756195,-0.0006652911655577854,633.3333333333334,0.012259075848580502,True,0.3635376840829849,0.11530991886697826,True,True,True,0.85,False,False,False,0,True,True,True,True,True,False,True,False,True,0,0,False,0,15,24,15,,,,False,False,False,
133,2026-08-18T22:00:48.168080,shadow,analysis_full,silero,webrtc,True,0.5924427509307861,True,True,True,1,False,True,False,0,0.0,,,,,,,,,,,,,0.017404489633354798,0.914547919577493,0.07144352029446414,0.014008560070586464,,,,,,,,,,,,,,False,True,temporal_v1,False,0.00040732628885935317,0.060542797494780795,2.85560277664242,0.9645961065075709,78.83313460822774,1282.4872344395667,0.015917239785492674,0.0012434380083353742,0.00024381183852675007,0.0,0.0,0.11918825702246719,0.07341579563894271,0.053698025625314456,0.05377191375568794,0.6817254505027962,170.19421118608287,0.007586459620791311,1.0116932039894915,-0.0006034890743993819,666.6666666666667,0.01555381358663833,True,0.3635376840829849,0.11918825702246719,True,True,True,0.85,False,False,False,0,True,True,True,True,True,False,True,False,True,0,0,False,0,15,24,15,,,,False,False,False,
134,2026-08-18T22:00:48.175176,shadow,analysis_full,silero,webrtc,True,0.5505847334861755,True,True,True,1,True,True,False,1,0.0,,,,,,,,,,,,,0.007960043223686413,0.7796531229358112,0.17879680594054087,0.0415500709980205,,,,,,,,,,,,,,False,True,temporal_v1,False,0.00027175416388301884,0.09394572025052192,3.66002831027358,0.9205979741038264,75.08210098639682,1471.083720117618,0.006206072558051154,0.001423230303543777,0.00033074036109148245,0.0,0.0,0.09733457503306663,0.0696984720726352,0.03364220659191784,0.0433620284913174,0.6790292365907625,135.06270370453962,0.004660416668016596,1.425437806957189,-0.0008566461055559849,1266.6666666666667,0.014764810821567767,True,0.4498339295387268,0.09733457503306663,True,True,True,0.85,True,True,True,1,True,True,True,True,True,False,True,False,True,0,0,True,1,15,24,15,,,,False,False,False,
135,2026-08-18T22:00:48.182783,shadow,analysis_full,silero,webrtc,True,0.5255295038223267,True,True,False,1,False,True,False,0,0.0,,,,,,,,,,,,,0.0025672026664505417,0.8782393638304296,0.09590480947199381,0.025855826308047676,,,,,,,,,,,,,,False,True,temporal_v1,False,0.0001634670524769273,0.08559498956158663,3.1122900852209066,0.952335418189488,70.70800864303804,1427.4981934679702,0.002254618436607306,0.00024620708260193367,6.637714624130206e-05,0.0,0.0,0.0889235103261774,0.06864486099655231,0.02068417735801262,0.030925902609004102,0.6359780331637958,98.07095914603497,0.0035845062317976166,0.9225789840320474,-0.0005497314620474797,766.6666666666667,0.025307354713291763,True,0.5380571186542511,0.0889235103261774,True,False,True,0.85,False,False,False,0,True,False,True,False,True,False,True,False,True,0,1,False,0,15,24,15,,,,False,False,False,
136,2026-08-18T22:00:48.191332,shadow,analysis_full,silero,webrtc,False,0.4985359311103821,True,True,False,1,False,True,False,0,0.0,,,,,,,,,,,,,0.0035522622676069423,0.8703434709707805,0.10336044532968999,0.026296083418018833,,,,,,,,,,,,,,False,True,temporal_v1,False,0.00018343611415043749,0.05845511482254697,2.7673847136691148,0.9490214334385146,71.72814785483807,1372.900577118232,0.0030916882717875616,0.000367163409907708,9.341058491167289e-05,0.0,0.0,0.06530613071225741,0.0522051854160577,0.01337890796510856,0.018362115596906908,0.5783931079515668,67.16942575038506,0.008167777411555006,1.9330542529743528,-0.0011888620360737342,833.3333333333334,0.0027763393796436625,True,0.5380571186542511,0.06530613071225741,True,False,True,0.85,False,False,False,0,True,False,True,False,True,False,True,False,True,0,2,False,0,15,24,15,,,,False,False,False,
137,2026-08-18T22:00:48.199173,shadow,analysis_full,silero,webrtc,False,0.423385888338089,True,True,False,1,False,True,False,0,0.0,,,,,,,,,,,,,0.0028507795534951064,0.9526280630303666,0.03154609308457474,0.015825843534277406,,,,,,,,,,,,,,False,False,temporal_v1,False,0.00016133679989319288,0.0709812108559499,2.4167171896101225,0.9657278371585107,70.6501829621151,1289.2476330552142,0.0027157326041726167,8.993095715815903e-05,4.5115991164330756e-05,0.0,0.0,0.05183807206452698,0.043245174626722636,0.009075769878903538,0.013317059234920301,0.5039172850091469,57.56019890483946,0.01685903823925394,1.0919731359131746,-0.0006469959912049273,500.00000000000006,0.007280018968136309,True,0.5380571186542511,0.05183807206452698,True,False,True,0.85,False,False,False,0,True,False,True,False,True,False,True,False,True,0,3,False,0,15,24,15,,,,False,False,False,
138,2026-08-18T22:00:48.206837,shadow,analysis_full,silero,webrtc,False,0.355324387550354,True,True,False,1,False,True,False,0,0.0,,,,,,,,,,,,,0.001570735168659932,0.9490571935466063,0.035146302115326995,0.01579650370142219,,,,,,,,,,,,,,False,False,temporal_v1,False,0.0001243687388826652,0.1127348643006263,2.894060979562479,0.9579350850347021,68.2319645261552,1308.746393050888,0.0014907175109733503,5.520553278089107e-05,2.481212390569062e-05,0.0,0.0,0.05269151155043087,0.04412181055426287,0.0091014436537786,0.018747343900328724,0.48391235707597346,58.86661590376614,0.011652748333811054,0.8790089453918472,-0.00054004515761806,733.3333333333334,0.016095300082123107,True,0.5380571186542511,0.05269151155043087,True,False,True,0.85,False,False,False,0,True,False,True,False,True,False,True,False,True,0,4,False,0,15,24,15,,,,False,False,False,
139,2026-08-18T22:00:48.214178,shadow,analysis_full,silero,webrtc,False,0.294807493686676,True,True,False,1,False,True,False,0,0.0,,,,,,,,,,,,,0.0019017974964621867,0.8977482264340991,0.08652038725015619,0.01573138578992623,,,,,,,,,,,,,,False,False,temporal_v1,False,0.0001339319353149537,0.08977035490605428,2.7526498575782834,0.9535065957917552,68.8989539455985,1284.757776779288,0.001707335329485738,0.00016454425586528594,2.991791011116252e-05,0.0,0.0,0.04614573413221171,0.03874023214354469,0.00817236932771075,0.019121395473971427,0.35037257027027635,61.09917989544354,0.009690949978501711,1.272335162871441,-0.0007601072718382606,633.3333333333334,0.00507766144152342,True,0.5380571186542511,0.04614573413221171,True,False,False,0.85,False,False,False,0,True,False,True,False,True,False,True,False,True,0,5,False,0,15,24,15,,,,False,False,False,
140,2026-08-18T22:00:48.222419,shadow,analysis_full,silero,webrtc,False,0.23661954700946808,True,True,False,1,False,True,False,0,0.0,,,,,,,,,,,,,0.002381365626893228,0.575078076982499,0.3811397230262877,0.043782199571286116,,,,,,,,,,,,,,False,True,temporal_v1,False,0.00015040972154708142,0.16910229645093947,3.4556826768346696,0.8835164372720691,69.62883530140479,1611.1562834136269,0.0013694711653059809,0.000907633035458407,0.00010426142512884018,0.0,0.0,0.10640979868589338,0.09712367505829095,0.010569657324037836,0.03405227391779379,0.3988391724850737,98.94090776478569,0.010554440066296144,1.0710076687643277,-0.0006326639236726691,1700.0000000000002,0.023334379532668634,True,0.5120327174663544,0.10640979868589338,True,False,True,0.85,True,False,False,0,True,False,True,False,True,False,True,False,True,0,6,False,0,15,24,15,,,,False,False,False,
141,2026-08-18T22:00:48.228051,shadow,analysis_full,silero,webrtc,False,0.2503680884838104,True,True,False,1,True,True,False,1,0.0,,,,,,,,,,,,,0.004045694526660764,0.7949574312651263,0.17626757187855754,0.02877499660913979,,,,,,,,,,,,,,False,True,temporal_v1,False,0.0001963456920360286,0.09603340292275574,2.2359206766862836,0.9344831469485935,72.26924497474214,1491.7040143191164,0.003216154928597622,0.0007131247507768631,0.0001164148462862789,0.0,0.0,0.10738917298177666,0.0981680595982613,0.01045905229262268,0.032385335164367965,0.4312561629129465,104.37858432075392,0.014707760966822766,1.2062529453767818,-0.0007162198150809887,1600.0,0.008194515461969643,True,0.46096090972423553,0.10738917298177666,True,True,True,0.85,True,True,True,1,True,False,True,False,True,False,True,False,True,0,7,True,1,15,24,15,,,,False,False,False,
142,2026-08-18T22:00:48.234077,shadow,analysis_full,silero,webrtc,False,0.23116667568683624,True,True,False,1,True,True,False,1,0.0,,,,,,,,,,,,,0.006603851594704275,0.719148456495399,0.24513020524130108,0.035721338111872974,,,,,,,,,,,,,,False,True,temporal_v1,False,0.0002506906034306347,0.11899791231732777,3.5917442869977347,0.9152432194851661,74.34581217217172,1463.0583603907075,0.004749149681256259,0.0016188034967929525,0.00023589841565506295,0.0,0.0,0.11217954305696658,0.10277253677666667,0.010564427250063714,0.030976596227125525,0.45506086318251293,105.45094324000382,0.015751089477494432,1.3992150161124648,-0.0008336220932629894,1533.3333333333335,0.01183571537130634,True,0.3893551379442215,0.11217954305696658,True,True,True,0.85,True,True,True,2,True,False,True,False,True,False,True,False,True,0,8,True,2,15,24,15,,,,False,False,False,
143,2026-08-18T22:00:48.239610,shadow,analysis_full,silero,webrtc,False,0.2519891858100891,True,True,True,1,True,True,False,1,0.0,,,,,,,,,,,,,0.0033697263042422906,0.7998844914438282,0.1680406901335851,0.0320748181258267,,,,,,,,,,,,,,False,True,temporal_v1,False,0.00018998614459327047,0.10020876826722339,3.0829704688942816,0.9376957108268558,71.99025364669215,1386.6436399695183,0.0026953918111737355,0.0005662511337261697,0.00010808335834238563,0.0,0.0,0.10909007218639911,0.10033623020433488,0.009820705881401316,0.02868646161608435,0.4542462207068518,98.1979136460986,0.008559765775910236,1.650410824301291,-0.0009952652115416529,1233.3333333333335,0.004314329308679532,True,0.325065940618515,0.10909007218639911,True,True,True,0.85,True,True,True,3,True,True,True,True,True,False,True,False,True,0,0,True,3,15,24,15,,,,False,False,False,
144,2026-08-18T22:00:48.244426,shadow,analysis_full,silero,webrtc,False,0.2519891858100891,True,True,True,1,True,True,False,1,0.0,,,,,,,,,,,,,0.0009408742768909236,0.7506333419965877,0.21838808261940512,0.030978574321165953,,,,,,,,,,,,,,False,True,temporal_v1,False,0.00010492725824124689,0.12630480167014613,2.910930246398172,0.9273705962307749,66.49381651128412,1743.7789351383342,0.0007062516028612568,0.00020547572931612807,2.914694371353875e-05,0.0,0.0,0.11054557092076477,0.10215177189705076,0.008840439211308998,0.02967613564891336,0.3968627530700578,140.10657068374195,0.010321985941160267,0.6626284793415622,-0.0004003704454638142,1566.6666666666667,0.049278007913161635,True,0.27339833974838257,0.11054557092076477,True,True,True,0.85,True,True,True,4,True,True,True,True,True,False,True,False,True,0,0,True,4,15,24,15,,,,False,False,False,
145,2026-08-18T22:00:48.250306,shadow,analysis_full,silero,webrtc,False,0.28355672955513,True,True,True,1,False,True,False,0,0.0,,,,,,,,,,,,,0.003995046842800016,0.9175578769190702,0.06804961557191748,0.014392507258702388,,,,,,,,,,,,,,False,False,temporal_v1,False,0.00020288825444714648,0.07306889352818371,2.497121768023162,0.9692395740766293,72.71952391682319,1266.237408670291,0.003665686699271817,0.00027186140184434375,5.749874068385529e-05,0.0,0.0,0.11325675913066141,0.10406378695927826,0.009633031148971405,0.03062584940738115,0.41006239092484786,149.35652544368588,0.007949585697259266,1.0676969507226104,-0.0006436358166050129,500.00000000000006,0.009548258541071554,True,0.26777295768260956,0.11325675913066141,True,True,True,0.85,False,False,False,0,True,True,True,True,True,False,True,False,True,0,0,False,0,15,24,15,,,,False,False,False,
146,2026-08-18T22:00:48.255360,shadow,analysis_full,silero,webrtc,False,0.2738913297653198,True,True,True,1,False,True,False,0,0.0,,,,,,,,,,,,,0.0019977288523977633,0.8840095147848571,0.08988389752987626,0.026106587184698146,,,,,,,,,,,,,,False,True,temporal_v1,False,0.00013861619460031358,0.081419624217119,2.749946732945597,0.9492903380076113,69.1949193585394,1520.486126749707,0.0017660113134798563,0.00017956365546139785,5.215388245650918e-05,0.0,0.0,0.11390395733886086,0.10476157712649055,0.009632493344347261,0.02806069959459094,0.4104915884957259,151.07499675188447,0.0061878526077846245,0.8742757308737447,-0.0005261910937686805,733.3333333333334,0.02664221850028207,True,0.26294025778770447,0.11390395733886086,True,True,True,0.85,False,False,False,0,True,True,True,True,True,False,True,False,True,0,0,False,0,15,24,15,,,,False,False,False,
147,2026-08-18T22:00:48.262080,shadow,analysis_full,silero,webrtc,False,0.24993862211704254,True,True,False,1,True,True,False,1,0.0,,,,,,,,,,,,,0.0012406207971726176,0.8122472686465293,0.12282963338483628,0.06492309716258635,,,,,,,,,,,,,,False,True,temporal_v1,False,0.00011353344630393241,0.11899791231732777,2.936541486175646,0.9190784337418574,67.20219536172637,1639.2901414450273,0.0010076908539295385,0.00015238499768631595,8.054494455676317e-05,0.0,0.0,0.10553819909521127,0.09778622478470525,0.014513078748923509,0.026060309577394386,0.38322901285078564,153.4167479822498,0.007285609712126025,0.9939446552951255,-0.0005987095017724705,1233.3333333333335,0.02340628809373292,True,0.2519891858100891,0.10553819909521127,True,True,True,0.85,True,True,True,1,True,False,True,False,True,False,True,False,True,0,1,True,1,15,24,15,,,,False,False,False,
148,2026-08-18T22:00:48.267931,shadow,analysis_full,silero,webrtc,False,0.22272245585918427,True,True,False,1,False,True,False,0,0.0,,,,,,,,,,,,,0.01001899645722605,0.9629229990882605,0.023946021390508603,0.013130979421420464,,,,,,,,,,,,,,False,True,temporal_v1,False,0.00030291000359371293,0.12108559498956159,2.8940262166803583,0.9644755774974267,76.23869934305549,1305.2004547908186,0.009647522116446764,0.0002399151034761649,0.0001315592363031198,0.0,0.0,0.10742976150880355,0.09925315056367225,0.014808186156743806,0.026309978945059414,0.3832291644422914,153.79633924687138,0.011471337825131146,0.6895087292895257,-0.0004176537168747678,733.3333333333334,0.01567973109029651,True,0.25117863714694977,0.10742976150880355,True,True,True,0.85,False,False,False,0,True,False,True,False,True,False,True,False,True,0,2,False,0,15,24,15,,,,False,False,False,
149,2026-08-18T22:00:48.274294,shadow,analysis_full,silero,webrtc,False,0.34050944447517395,True,True,True,1,False,True,False,0,0.0,,,,,,,,,,,,,0.022762076864553536,0.9805203993491426,0.014109512493404463,0.005370088113520335,,,,,,,,,,,,,,False,False,temporal_v1,False,0.0004509033184562592,0.06263048016701461,2.634182894686299,0.9745769105369704,79.76528947675469,1098.3668524955997,0.022318680697247913,0.0003211618078962508,0.00012223435840937516,0.0,0.0,0.11656285839912463,0.10657650719628757,0.01611448461241835,0.029420960173327033,0.3897097646749544,183.66123941195067,0.0039306369756406286,0.800363340780906,-0.0004936055614563275,633.3333333333334,0.0078557671915789,True,0.25117863714694977,0.11656285839912463,True,True,True,0.85,False,False,False,0,True,True,True,True,True,False,True,False,True,0,0,False,0,15,24,15,,,,False,False,False,
150,2026-08-18T22:00:48.280604,shadow,analysis_full,silero,webrtc,False,0.4123140275478363,True,True,True,1,False,True,False,0,0.0,,,,,,,,,,,,,0.0186004942903891,0.9544991011351703,0.03622730672038106,0.009273592090686603,,,,,,,,,,,,,,False,False,temporal_v1,False,0.0004060566996635841,0.060542797494780795,2.4688034027613917,0.9703755576532833,78.83167429733373,1141.254185203055,0.017754155080846264,0.0006738458118086226,0.00017249339673421367,0.0,0.0,0.08933472275253317,0.07857782190507033,0.016384655377543265,0.023942225356657257,0.3600463003917828,196.72887987575433,0.006333938069819883,1.5023106825497659,-0.000911870525961369,633.3333333333334,0.002818206765122668,True,0.2519891858100891,0.08933472275253317,True,True,True,0.85,False,False,False,0,True,True,True,True,True,False,True,False,True,0,0,False,0,15,24,15,,,,False,False,False,
151,2026-08-18T22:00:48.287188,shadow,analysis_full,silero,webrtc,False,0.4784591495990753,True,True,True,1,True,True,False,1,0.0,,,,,,,,,,,,,0.01647452613121569,0.6191928602021205,0.13733048844203183,0.24347665129514803,,,,,,,,,,,,,,False,True,temporal_v1,False,0.00039360101281026613,0.3048016701461378,3.9622203225381676,0.7396468172045267,77.3817152424593,2049.7260979694424,0.010200908955662018,0.002262454720450868,0.004011162454102807,0.0,0.0,0.11386170138330177,0.07644495435679215,0.06732846663539725,0.06708327377163191,0.45057046526644096,276.29077809484374,0.014033854712553896,1.04028635981695,-0.0006166475298814557,3533.3333333333335,0.04320027264571937,True,0.26294025778770447,0.11386170138330177,True,True,True,0.85,True,True,True,1,True,True,True,True,True,False,True,False,True,0,0,True,1,15,24,15,,,,False,False,False,
152,2026-08-18T22:00:48.293871,shadow,analysis_full,silero,webrtc,True,0.5315901637077332,True,True,True,1,True,True,False,1,0.0,,,,,,,,,,,,,0.025378302284151902,0.46538047526596843,0.14252989729030982,0.392089627404318,,,,,,,,,,,,,,False,True,temporal_v1,False,0.0004903882811333392,0.3695198329853862,4.221254498698098,0.6579821841850906,78.79403582339336,2109.4573822685866,0.011810566378442024,0.0036171668179626054,0.009950569086747272,0.0,0.0,0.15778815680708724,0.06377680375864482,0.12296451344213159,0.10128429652900546,0.5626716909220378,337.86875197849605,0.0024142193606011613,1.1730780383906174,-0.0007015837345878344,3600.0000000000005,0.03933641433771926,True,0.2787240296602249,0.15778815680708724,True,True,True,0.85,True,True,True,2,True,True,True,True,True,False,True,False,True,0,0,True,2,15,24,15,,,,False,False,False,
153,2026-08-18T22:00:48.301239,shadow,analysis_full,silero,webrtc,False,0.4770660996437073,True,True,True,1,True,True,False,1,0.0,,,,,,,,,,,,,0.025145405469831853,0.5283894843838626,0.1675786324204363,0.3040318831559325,,,,,,,,,,,,,,False,True,temporal_v1,False,0.0004842376436971807,0.3298538622129436,4.043172290520465,0.7332638069909365,79.15379635825914,1887.1105272017435,0.01328656783082761,0.00421383266029178,0.0076450049777124635,0.0,0.0,0.17981825459767434,0.06372918741568162,0.13782944792106747,0.1144199146837384,0.6392471993852885,350.3487803914801,0.00262425957893527,1.3397985246818889,-0.0007962632501256593,3500.0000000000005,0.02112535647392478,True,0.312033087015152,0.17981825459767434,True,True,True,0.85,True,True,True,3,True,True,True,True,True,False,True,False,True,0,0,True,3,15,24,15,,,,False,False,False,
154,2026-08-18T22:00:48.308874,shadow,analysis_full,silero,webrtc,False,0.4530247151851654,True,True,True,1,True,True,False,1,0.0,,,,,,,,,,,,,0.017533075109079598,0.699111746995333,0.2089141580586468,0.09197409488898518,,,,,,,,,,,,,,False,True,temporal_v1,False,0.00040529160055837604,0.21920668058455114,3.9734458573017166,0.8836614156600456,78.4091663558887,1588.4576460236146,0.012257578769709026,0.0036629076245923813,0.0016125887137781912,0.0,0.0,0.1815316977630941,0.062041295516172344,0.13551089806447686,0.11468657730407976,0.6806627437419117,345.98610385740244,0.00267639504161173,1.364162706510734,-0.0008121253149691201,1833.3333333333335,0.01937682323809405,True,0.3764117360115051,0.1815316977630941,True,True,True,0.85,True,True,True,4,True,True,True,True,True,False,True,False,True,0,0,True,4,15,24,15,,,,False,False,False,
155,2026-08-18T22:00:48.316973,shadow,analysis_full,silero,webrtc,True,0.5623653531074524,True,True,True,1,False,True,False,0,0.0,,,,,,,,,,,,,0.08007144064281847,0.9466883391209433,0.041314851919440516,0.011996808947127213,,,,,,,,,,,,,,False,False,temporal_v1,False,0.0008505764693346903,0.06680584551148225,2.1903063545358665,0.9720531894763833,85.28218553283723,1182.4224508769676,0.07580269915317102,0.0033081397131343162,0.0009606017755131302,0.0,0.0,0.183895813328619,0.06395609358143653,0.13569315651209643,0.11525237446179593,0.7191946510494373,353.93831995278623,0.016610410035918594,1.6133749692655641,-0.0009743665310269342,466.6666666666667,0.002214882317342247,True,0.43266937136650085,0.183895813328619,True,True,True,0.85,False,False,False,0,True,True,True,True,True,False,True,False,True,0,0,False,0,15,24,15,,,,False,False,False,
156,2026-08-18T22:00:48.324537,shadow,analysis_full,silero,webrtc,True,0.7309630513191223,True,True,True,1,False,True,False,0,0.0,,,,,,,,,,,,,0.06824894748930543,0.9640339376978772,0.03033148184557786,0.005634580441892655,,,,,,,,,,,,,,False,False,temporal_v1,False,0.0007744415292527807,0.06889352818371608,2.031386307906556,0.9771106831885067,84.48901194703522,1114.0776413514384,0.06579430159185076,0.0020700917117516646,0.00038455418470299926,0.0,0.0,0.18966791191678933,0.06716984630313985,0.13718375807454058,0.11630940902072093,0.7933792852067104,377.7741978752538,0.019742702778275605,1.1188612959722541,-0.0006632042478311146,500.00000000000006,0.003714898453092859,True,0.46504540741443634,0.18966791191678933,True,True,True,0.85,False,False,False,0,True,True,True,True,True,False,True,False,True,0,0,False,0,15,24,15,,,,False,False,False,
157,2026-08-18T22:00:48.333026,shadow,analysis_full,silero,webrtc,True,0.6862772107124329,True,True,True,1,False,True,False,0,0.0,,,,,,,,,,,,,0.016653533061428426,0.9144807239984918,0.07338186782027589,0.01213740812118497,,,,,,,,,,,,,,False,True,temporal_v1,False,0.0003964469459681315,0.08977035490605428,2.7613105973753473,0.9643527104920098,78.5954413843661,1158.9898866292838,0.015229334971147887,0.0012220673618543354,0.0002021307274262038,0.0,0.0,0.19313726797066158,0.06657334163169196,0.13996525301038568,0.11796589443208615,0.7994924288023075,388.84863100811134,0.020168352793302147,1.7943898297579262,-0.0010962365066925146,666.6666666666667,0.0015728530766204007,True,0.4777626246213913,0.19313726797066158,True,True,True,0.85,False,False,False,0,True,True,True,True,True,False,True,False,True,0,0,False,0,15,24,15,,,,False,False,False,
158,2026-08-18T22:00:48.341339,shadow,analysis_full,silero,webrtc,True,0.6420891284942627,True,True,True,1,False,True,False,0,0.0,,,,,,,,,,,,,0.007046796600759714,0.8788892216300471,0.10633295586142949,0.014777822366614847,,,,,,,,,,,,,,False,True,temporal_v1,False,0.00025285431411570166,0.08350730688935282,2.9365573247183345,0.9543532615440757,74.60317003671595,1215.281120417934,0.006193353579426967,0.000749306711913054,0.00010413630841969238,0.0,0.0,0.1877725794497848,0.06320282027627822,0.13985338401368658,0.12002287225565281,0.7984019546202148,393.41822925420587,0.009295093722475816,1.4862608618642639,-0.0008922999832347431,800.0,0.0038798109210518546,True,0.5050246566534042,0.1877725794497848,True,False,True,0.85,False,False,False,0,True,True,True,True,True,False,True,False,True,0,0,False,0,15,24,15,,,,False,False,False,
159,2026-08-18T22:00:48.348726,shadow,analysis_full,silero,webrtc,True,0.6139163970947266,True,True,True,1,False,True,False,0,0.0,,,,,,,,,,,,,0.005911541719784426,0.8809943376797129,0.10729175496778735,0.011713907183338932,,,,,,,,,,,,,,False,True,temporal_v1,False,0.00023924925468894807,0.081419624217119,3.1453097575985707,0.9537997008946615,74.11171450913008,1318.6135869877749,0.0052080347820874714,0.0006342596856809628,6.924725101599057e-05,0.0,0.0,0.18016539432570325,0.057039848573441215,0.1393951661680505,0.11853479084993655,0.7817058079112021,378.7553475932413,0.01167890742884239,0.8825440368650681,-0.0005358865656372812,833.3333333333334,0.02029456388191688,True,0.5469777584075928,0.18016539432570325,True,False,True,0.85,False,False,False,0,True,True,True,True,True,False,True,False,True,0,0,False,0,15,24,15,,,,False,False,False,
160,2026-08-18T22:00:48.355375,shadow,analysis_full,silero,webrtc,True,0.6139163970947266,True,True,True,1,False,True,False,0,0.0,,,,,,,,,,,,,0.006975227651231046,0.8773190810791148,0.10001428855402324,0.02266663022349732,,,,,,,,,,,,,,False,False,temporal_v1,False,0.00025008899823839004,0.08350730688935282,3.2741892201646614,0.9413223671106699,74.44649621346078,1456.655706634413,0.006119500313295654,0.0006976224310402237,0.00015810490589516786,0.0,0.0,0.17430390480686195,0.05235265457648414,0.13848510579587353,0.11664916422631912,0.7456215359583761,362.2965258654236,0.005989387259295383,0.8959015792708543,-0.0005329992917573796,933.3333333333334,0.027050033020484327,True,0.5881408751010895,0.17430390480686195,True,False,True,0.85,False,False,False,0,True,True,True,True,True,False,True,False,True,0,0,False,0,15,24,15,,,,False,False,False,
161,2026-08-18T22:00:48.363435,shadow,analysis_full,silero,webrtc,True,0.5877686142921448,True,True,True,1,False,True,False,0,0.0,,,,,,,,,,,,,0.014100005923170119,0.9432512296386101,0.048253918002064335,0.00849485228840363,,,,,,,,,,,,,,False,False,temporal_v1,False,0.0003546126643416799,0.08768267223382047,2.513437772877236,0.9646392569543975,77.6194692778225,1314.1578551104983,0.013299847924941901,0.0006803805296452724,0.00011977746758294642,0.0,0.0,0.17197765489471756,0.05472454353643242,0.13388066085019515,0.10947283213189617,0.734590259168878,316.6553008075965,0.012808420478846155,0.798818525176776,-0.0004914645697114318,800.0,0.01541124414521397,True,0.6008425056934357,0.17197765489471756,True,False,True,0.85,False,False,False,0,True,True,True,True,True,False,True,False,True,0,0,False,0,15,24,15,,,,False,False,False,
162,2026-08-18T22:00:48.372083,shadow,analysis_full,silero,webrtc,True,0.5643244385719299,True,True,True,1,False,True,False,0,0.0,,,,,,,,,,,,,0.036682596827374334,0.8801304718856755,0.1046689833946768,0.015200544692386865,,,,,,,,,,,,,,False,False,temporal_v1,False,0.0005810136799639514,0.07306889352818371,3.0402334988959177,0.9568843937886113,81.89540860255873,1319.9027077739554,0.032285471255668954,0.003839530118198068,0.0005575954525073121,0.0,0.0,0.12838935824922504,0.053116730190820895,0.088049510070015,0.0822242241911264,0.6343858117495429,223.15164113687703,0.012615035265309852,1.0078442232319451,-0.0006098940185584298,833.3333333333334,0.02146393321806878,True,0.6008425056934357,0.12838935824922504,True,False,True,0.85,False,False,False,0,True,True,True,True,True,False,True,False,True,0,0,False,0,15,24,15,,,,False,False,False,
163,2026-08-18T22:00:48.380674,shadow,analysis_full,silero,webrtc,True,0.5947047472000122,True,True,True,1,False,True,False,0,0.0,,,,,,,,,,,,,0.019238291020697577,0.8991761520020112,0.07157156542825792,0.02925228251775134,,,,,,,,,,,,,,False,False,temporal_v1,False,0.00042363881800681923,0.06263048016701461,3.2261487995161207,0.9455725467078331,79.08971289562436,1464.0418035552589,0.01729861249108569,0.0013769146045157234,0.0005627639240961643,0.0,0.0,0.07006391566040564,0.04827485225433116,0.024082523113491548,0.04341627122792746,0.539056851599508,144.67066839079152,0.005375386562387771,0.9594269201046726,-0.0005747508527417379,833.3333333333334,0.028488376263923823,True,0.6043105721473694,0.07006391566040564,True,False,True,0.85,False,False,False,0,True,True,True,True,True,False,True,False,True,0,0,False,0,15,24,15,,,,False,False,False,
164,2026-08-18T22:00:48.387688,shadow,analysis_full,silero,webrtc,True,0.6339356303215027,True,True,True,1,False,True,False,0,0.0,,,,,,,,,,,,,0.010740724446448314,0.6994395131368332,0.25063588858393304,0.04992459818613016,,,,,,,,,,,,,,False,True,temporal_v1,False,0.0003284505982761619,0.07724425887265135,3.7365654618106623,0.9126441288661171,76.70925648370611,1503.477480869659,0.007512487077560691,0.0026920110156707453,0.0005362263522168774,0.0,0.0,0.06997537421928376,0.0590423382734895,0.01240419902319255,0.008780685112656825,0.4951910180407567,130.0087737887009,0.004708722199414912,1.5302573772955257,-0.0009232201899437661,1400.0,0.013843978363202208,True,0.6139163970947266,0.06997537421928376,True,False,True,0.85,True,False,False,0,True,True,True,True,True,False,True,False,True,0,0,False,0,15,24,15,,,,False,False,False,
165,2026-08-18T22:00:48.394206,shadow,analysis_full,silero,webrtc,True,0.598822295665741,True,True,True,1,False,True,False,0,0.0,,,,,,,,,,,,,0.012658264721608506,0.7822889728943782,0.170976860226551,0.04673416680007093,,,,,,,,,,,,,,False,True,temporal_v1,False,0.0003423394857475087,0.12317327766179541,3.6118403003247055,0.9210793880400274,77.11220925395298,1482.2278628645831,0.00990242090769226,0.002164270358017139,0.0005915734548991053,0.0,0.0,0.0735785874105438,0.06040638202173482,0.014815821430487031,0.015589273238074713,0.47897964999753884,132.87649788968366,0.0024233279550384683,1.315354983736982,-0.0007829334658532047,1300.0,0.017292333101487884,True,0.6139163970947266,0.0735785874105438,True,False,True,0.85,True,False,False,0,True,True,True,True,True,False,True,False,True,0,0,False,0,15,24,15,,,,False,False,False,
166,2026-08-18T22:00:48.401245,shadow,analysis_full,silero,webrtc,True,0.5691027641296387,True,True,False,1,False,True,False,0,0.0,,,,,,,,,,,,,0.017740182853040368,0.6831188608223692,0.26142738018022665,0.05545375894103506,,,,,,,,,,,,,,False,True,temporal_v1,False,0.00040982587926284607,0.13987473903966596,3.8423879567778756,0.908011057868952,78.62433395238884,1560.3994046268006,0.012118653501349464,0.004637769527188522,0.0009837598235023842,0.0,0.0,0.08570460947874776,0.0702999474360576,0.016830699478224794,0.022247293202099738,0.40463878200820064,126.0433757968109,0.003083109026540573,1.1145746601830335,-0.000659653949309549,1566.6666666666667,0.033108538232675684,True,0.6063693463802338,0.08570460947874776,True,False,True,0.85,True,False,False,0,True,False,True,False,True,False,True,False,True,0,1,False,0,15,24,15,,,,False,False,False,
167,2026-08-18T22:00:48.407315,shadow,analysis_full,silero,webrtc,True,0.5268607139587402,True,True,False,1,False,True,False,0,0.0,,,,,,,,,,,,,0.023450975263544865,0.7210209813947698,0.22652359464847907,0.052455423914109074,,,,,,,,,,,,,,False,True,temporal_v1,False,0.0004700342582255515,0.1022964509394572,3.85060651878256,0.9114445813407395,79.83747864868559,1499.650849445475,0.016908645199185588,0.005312199214710747,0.0012301308486485317,0.0,0.0,0.08934829322089201,0.07304350473305518,0.01768229673989433,0.022539239375809234,0.4159737885431825,106.37725063093487,0.0013231192626447907,1.3883880166603466,-0.0008324675626056591,1466.6666666666667,0.01928046693776652,True,0.5967635214328766,0.08934829322089201,True,False,True,0.85,True,False,False,0,True,False,True,False,True,False,True,False,True,0,2,False,0,15,24,15,,,,False,False,False,
168,2026-08-18T22:00:48.417192,shadow,analysis_full,silero,webrtc,False,0.48689505457878113,True,True,False,1,False,True,False,0,0.0,,,,,,,,,,,,,0.03584919521019947,0.8427704168319865,0.12841835067601212,0.028811232464106818,,,,,,,,,,,,,,False,False,temporal_v1,False,0.0005846306552722644,0.07933194154488518,3.0756154929307162,0.9426221435891108,81.88547258365273,1403.6313749607868,0.03021264119039106,0.004603694521956209,0.0010328594968522016,0.0,0.0,0.0877957182165215,0.07217668727271778,0.016905351924177824,0.022720280351420107,0.40518337660377507,83.93006888880667,0.004890007244977551,1.4977881961960229,-0.0008982450581152636,966.6666666666667,0.008973043207228084,True,0.5912366807460785,0.0877957182165215,True,False,True,0.85,True,False,False,0,True,False,True,False,True,False,True,False,True,0,3,False,0,15,24,15,,,,False,False,False,
169,2026-08-18T22:00:48.424321,shadow,analysis_full,silero,webrtc,True,0.6949131488800049,True,True,True,1,False,True,False,0,0.0,,,,,,,,,,,,,0.1250939295807022,0.969616762712841,0.02347194938287888,0.006911287896285891,,,,,,,,,,,,,,False,False,temporal_v1,False,0.0010566349457329445,0.06889352818371608,2.4291868470781246,0.9732480554301013,87.17385812136143,1082.340208225477,0.12129317103506858,0.0029361983832236573,0.0008645601614099467,0.0,0.0,0.09736107756447136,0.08066657033695145,0.0175333970090109,0.023545506772228282,0.4868414400290079,132.05904108144628,0.006259502038469059,1.5104016515535283,-0.0009129417032307036,600.0,0.00245054260467399,True,0.5912366807460785,0.09736107756447136,True,False,True,0.85,False,False,False,0,True,True,True,True,True,False,True,False,True,0,0,False,0,15,24,15,,,,False,False,False,
170,2026-08-18T22:00:48.429948,shadow,analysis_full,silero,webrtc,True,0.7188189029693604,True,True,True,1,False,True,False,0,0.0,,,,,,,,,,,,,0.06480332859846684,0.9186392781908991,0.06666442741862284,0.014696294375046912,,,,,,,,,,,,,,False,False,temporal_v1,False,0.0007644331755610079,0.06889352818371608,2.725434644804635,0.957565121471558,84.28815625069227,1286.5850261026133,0.05953088300806322,0.004320076795837659,0.0009523687935659649,0.0,0.0,0.10012707833043355,0.08285249277347345,0.01809316406632078,0.024329341878357034,0.512407528900349,135.68283166590433,0.012168529417370509,1.4700804140022206,-0.0008842372416568064,700.0,0.005654059224749685,True,0.5912366807460785,0.10012707833043355,True,False,True,0.85,False,False,False,0,True,True,True,True,True,False,True,False,True,0,0,False,0,15,24,15,,,,False,False,False,
171,2026-08-18T22:00:48.436542,shadow,analysis_full,silero,webrtc,True,0.6590777635574341,True,True,True,1,False,True,False,0,0.0,,,,,,,,,,,,,0.02761947964714955,0.8216552837417941,0.14543116570560993,0.03291355051638976,,,,,,,,,,,,,,False,False,temporal_v1,False,0.0004990600252425809,0.06471816283924843,3.4552586339601468,0.934490259319232,80.46858192986426,1410.9910934588083,0.02269369138627937,0.0040167331212673275,0.0009090551386028555,0.0,0.0,0.09326253815047303,0.07761066748961538,0.016496260867778733,0.025342782305625915,0.4605440990012883,133.24088722488057,0.008501244239970823,1.718430759695041,-0.0010407896045729202,1066.6666666666667,0.006443148375093463,True,0.5967635214328766,0.09326253815047303,True,False,True,0.85,True,False,False,0,True,True,True,True,True,False,True,False,True,0,0,False,0,15,24,15,,,,False,False,False,
172,2026-08-18T22:00:48.444630,shadow,analysis_full,silero,webrtc,True,0.6360012292861938,True,True,True,1,False,True,False,0,0.0,,,,,,,,,,,,,0.013295143756615993,0.7537036077098453,0.20315830913715724,0.04313808307778185,,,,,,,,,,,,,,False,True,temporal_v1,False,0.00035974267014924905,0.08977035490605428,3.7798113739337063,0.9230021842442226,77.55549492460506,1492.0213693317953,0.0100205978143825,0.0027010189253295377,0.0005735270159039534,0.0,0.0,0.09306539967209575,0.07811790682258024,0.015543576006855124,0.02498250572300892,0.4722335982298017,132.72722930162172,0.0018930029750535869,1.1498485561180627,-0.0006791516796536785,1333.3333333333335,0.02766294267166818,True,0.6163789629936218,0.09306539967209575,True,False,True,0.85,True,False,False,0,True,True,True,True,True,False,True,False,True,0,0,False,0,15,24,15,,,,False,False,False,
173,2026-08-18T22:00:48.454175,shadow,analysis_full,silero,webrtc,True,0.6159279942512512,True,True,True,1,False,True,False,0,0.0,,,,,,,,,,,,,0.018014876376646557,0.7943357717721765,0.16379447796658383,0.04186975020573007,,,,,,,,,,,,,,False,True,temporal_v1,False,0.0004118465684701665,0.06680584551148225,3.6249684963365962,0.9257131405916331,78.75071492902302,1444.6293206610821,0.014309860730023893,0.002950737271745366,0.000754278373877299,0.0,0.0,0.08810551492421259,0.07302214754057537,0.015454113537139737,0.02459215753257156,0.47495631775761515,132.18834967222597,0.0016523199595358188,1.4352717278441682,-0.0008638797782014774,1200.0,0.01516998479858476,True,0.624931812286377,0.08810551492421259,True,False,True,0.85,True,False,False,0,True,True,True,True,True,False,True,False,True,0,0,False,0,15,24,15,,,,False,False,False,
174,2026-08-18T22:00:48.464027,shadow,analysis_full,silero,webrtc,True,0.5603508353233337,True,True,True,1,False,True,False,0,0.0,,,,,,,,,,,,,0.009417813859924726,0.7376688424601178,0.2181862670295685,0.04414489040413187,,,,,,,,,,,,,,False,True,temporal_v1,False,0.0002984618071900364,0.07306889352818371,3.659326622649552,0.9210556450015391,75.90892067553077,1474.8927495178255,0.0069472278485555265,0.0020548376496763074,0.0004157483606928912,0.0,0.0,0.08447186892284776,0.06975003758264153,0.015074221763814441,0.024807433448873397,0.47023893257981575,130.5779361663144,0.0026505529766376744,1.3681727563987138,-0.0008179548424102623,1333.3333333333335,0.016210549086421635,True,0.6073751449584961,0.08447186892284776,True,False,True,0.85,True,False,False,0,True,True,True,True,True,False,True,False,True,0,0,False,0,15,24,15,,,,False,False,False,
175,2026-08-18T22:00:48.476297,shadow,analysis_full,silero,webrtc,True,0.514900267124176,True,True,True,1,False,True,False,0,0.0,,,,,,,,,,,,,0.006343878921881886,0.8413697552355279,0.13714278358083404,0.021487461026005687,,,,,,,,,,,,,,False,False,temporal_v1,False,0.00025744441059867475,0.08559498956158663,3.0180034710615424,0.9539959728836933,74.76025058628647,1317.9764457154424,0.005337547855747587,0.0008700172140466623,0.000136313851087636,0.0,0.0,0.08491785801915884,0.06999475375108238,0.01529695189097496,0.02181203822398159,0.477859046182178,131.25821210739358,0.004602014111642526,1.1090646844779395,-0.0006613434731883396,833.3333333333334,0.01305011831451304,True,0.592515379190445,0.08491785801915884,True,False,True,0.85,True,False,False,0,True,True,True,True,True,False,True,False,True,0,0,False,0,15,24,15,,,,False,False,False,
176,2026-08-18T22:00:48.484738,shadow,analysis_full,silero,webrtc,True,0.514900267124176,True,True,True,1,False,True,False,0,0.0,,,,,,,,,,,,,0.00768768236950426,0.8385220731476352,0.12136420848548428,0.0401137182368024,,,,,,,,,,,,,,False,False,temporal_v1,False,0.00026360548708388514,0.10020876826722339,3.1686089124876893,0.9307643002695272,74.86179599605424,1500.1877509660803,0.006446291358177236,0.0009330094858626968,0.0003083815244643273,0.0,0.0,0.07410162443239844,0.061248587972844944,0.013781591476526977,0.013172268521375664,0.44980465935417974,124.86413846047793,0.007852770143252157,1.206095717959615,-0.0007161436374504285,1100.0,0.01634343517003585,True,0.5881394147872925,0.07410162443239844,True,False,True,0.85,True,False,False,0,True,True,True,True,True,False,True,False,True,0,0,False,0,15,24,15,,,,False,False,False,
177,2026-08-18T22:00:48.493851,shadow,analysis_full,silero,webrtc,False,0.48362672328948975,True,True,True,1,False,True,False,0,0.0,,,,,,,,,,,,,0.008549845262186528,0.5426711462142954,0.23037189414836587,0.22695695952037767,,,,,,,,,,,,,,False,True,temporal_v1,False,0.000293638343997192,0.23173277661795408,4.116143894352457,0.7940910186458205,75.12240277389833,1926.080412391898,0.004639754328385625,0.0019696440477253423,0.0019404468850755608,0.0,0.0,0.109656744756871,0.06177934365298174,0.060179505379600616,0.04753548463426732,0.4889208546830728,202.97401243286362,0.006400800475398736,0.901416885776492,-0.0005275964454217823,3066.666666666667,0.06315956002623455,True,0.5881394147872925,0.109656744756871,True,False,True,0.85,True,False,False,0,True,True,True,True,True,False,True,False,True,0,0,False,0,15,24,15,,,,False,False,False,
178,2026-08-18T22:00:48.504712,shadow,analysis_full,silero,webrtc,False,0.48307350277900696,True,True,True,1,False,True,False,0,0.0,,,,,,,,,,,,,0.01785533633513103,0.608840304896478,0.18525080027558036,0.20590889477193597,,,,,,,,,,,,,,False,True,temporal_v1,False,0.00040889452499399693,0.31315240083507306,4.09099761883081,0.7850096598125329,77.9730896571641,1873.883850273614,0.010871048418310339,0.0033077153452726713,0.00367657257054802,0.0,0.0,0.1234253430128666,0.06270997562027156,0.07543277764935676,0.08090437038998152,0.5340441935529907,241.3521865320539,0.0021530807939230336,1.1606921020540457,-0.0006889782477230927,3400.0000000000005,0.03184115245899229,True,0.5881394147872925,0.1234253430128666,True,False,True,0.85,True,False,False,0,True,True,True,True,True,False,True,False,True,0,0,False,0,15,24,15,,,,False,False,False,
179,2026-08-18T22:00:48.518614,shadow,analysis_full,silero,webrtc,False,0.46697738766670227,True,True,True,1,False,True,False,0,0.0,,,,,,,,,,,,,0.009335484957789427,0.5668017097403882,0.17136921520255194,0.2618290749499415,,,,,,,,,,,,,,False,True,temporal_v1,False,0.0002915713983995096,0.2881002087682672,4.039319519998983,0.7684740760538711,74.9180985800207,1806.8102673888354,0.005291368835330723,0.0015998147307516029,0.0024443013907070998,0.0,0.0,0.12156816638419263,0.046624120351969035,0.09183430470835108,0.09376833171539388,0.4513553269371758,218.4732150693353,0.002352000214838963,1.567288186755713,-0.0009342103600528616,3366.666666666667,0.012202915981504294,True,0.5376255512237549,0.12156816638419263,True,False,True,0.85,True,False,False,0,True,True,True,True,True,False,True,False,True,0,0,False,0,15,24,15,,,,False,False,False,
180,2026-08-18T22:00:48.531623,shadow,analysis_full,silero,webrtc,False,0.425560861825943,True,True,True,1,False,True,False,0,0.0,,,,,,,,,,,,,0.0056690131344612465,0.7127234326773298,0.21070918082036105,0.07656738632591135,,,,,,,,,,,,,,False,True,temporal_v1,False,0.00023674837531103358,0.18789144050104384,3.865938377084638,0.9019529059609641,73.77679802684267,1505.613192030104,0.004040438501086089,0.0011945131136221966,0.00043406151875295993,0.0,0.0,0.10647865018992675,0.03505992027082152,0.08834778081541257,0.091746231064426,0.3586749867617447,200.89771495806716,0.002508630074523636,1.9961018817168172,-0.0012257917006265931,1533.3333333333335,0.00474317523957256,True,0.514900267124176,0.10647865018992675,True,False,True,0.85,True,False,False,0,True,True,True,True,True,False,True,False,True,0,0,False,0,15,24,15,,,,False,False,False,
181,2026-08-18T22:00:48.540211,shadow,analysis_full,silero,webrtc,False,0.3909775912761688,True,True,False,1,False,True,False,0,0.0,,,,,,,,,,,,,0.013049092459547487,0.9368567467111257,0.05151790871914081,0.011625344493099788,,,,,,,,,,,,,,False,True,temporal_v1,False,0.0003425779092577954,0.11482254697286012,2.6611898480459852,0.9660123067330786,77.32495090009539,1238.2886159591244,0.01222513030918434,0.0006722619541985961,0.00015170019516455035,0.0,0.0,0.1217873114381219,0.05145319722603447,0.0901642311484357,0.08824775660652084,0.4705110933384423,220.72574531994223,0.00915957308473884,1.0472162583241018,-0.0006211793677083111,600.0,0.009430117692060654,True,0.4992634952068329,0.1217873114381219,True,True,True,0.85,False,False,False,0,True,False,True,False,True,False,True,False,True,0,1,False,0,15,24,15,,,,False,False,False,
182,2026-08-18T22:00:48.547515,shadow,analysis_full,silero,webrtc,True,0.5492758750915527,True,True,False,1,False,True,False,0,0.0,,,,,,,,,,,,,0.023369518819756133,0.9684707505458334,0.0271764702720315,0.004352779139344358,,,,,,,,,,,,,,False,True,temporal_v1,False,0.0004594311524265899,0.081419624217119,2.704111703132795,0.9680538904393535,79.89931690895105,1290.6216350269583,0.022632695431264203,0.0006351010334767832,0.00010172235401514988,0.0,0.0,0.14091727417083932,0.06513471960371235,0.09319662283046366,0.0888992546628682,0.5360603764645815,234.58385238230997,0.009230100063458466,0.6524891332413681,-0.0004061372531842853,700.0,0.016160236359212758,True,0.4992634952068329,0.14091727417083932,True,True,True,0.85,False,False,False,0,True,False,True,False,True,False,True,False,True,0,2,False,0,15,24,15,,,,False,False,False,
183,2026-08-18T22:00:48.558816,shadow,analysis_full,silero,webrtc,True,0.6222028732299805,True,True,False,1,False,True,False,0,0.0,,,,,,,,,,,,,0.011746627295054874,0.8558417658620465,0.1373637979297411,0.0067944361230814505,,,,,,,,,,,,,,False,True,temporal_v1,False,0.00032698742552840043,0.09812108559498957,2.754706279996169,0.9560838791579125,76.87191866880518,1203.1717480683424,0.010053254247123078,0.001613561338113899,7.981170881789538e-05,0.0,0.0,0.14381990098461075,0.06512610214039628,0.09569965572874481,0.08627561765873518,0.576955147409886,254.52082114991956,0.006263623941876582,1.173870443338175,-0.0007012178147560826,800.0,0.006214894828863189,True,0.4992634952068329,0.14381990098461075,True,True,True,0.85,False,False,False,0,True,False,True,False,True,False,True,False,True,0,3,False,0,15,24,15,,,,False,False,False,
184,2026-08-18T22:00:48.570580,shadow,analysis_full,silero,webrtc,True,0.6200932264328003,True,True,False,1,True,True,False,1,0.0,,,,,,,,,,,,,0.011773019755973906,0.7877658403105932,0.1851320521702056,0.027102107434261252,,,,,,,,,,,,,,False,True,temporal_v1,False,0.0003257911653299941,0.0918580375782881,3.225486053105017,0.9310095359809148,76.72448943831853,1434.4902954092086,0.009274382801057999,0.002179563307663822,0.000319073646252085,0.0,0.0,0.14379328037937278,0.062311002975359006,0.09664776385029945,0.08460680144737558,0.5727087771140773,255.42468136428406,0.010619522848832254,1.4166773694086683,-0.0008426143914603926,1200.0,0.010108812942862946,True,0.4992634952068329,0.14379328037937278,True,True,True,0.85,True,True,True,1,True,False,True,False,True,False,True,False,True,0,4,True,1,15,24,15,,,,False,False,False,
185,2026-08-18T22:00:48.582863,shadow,analysis_full,silero,webrtc,True,0.6275607943534851,True,True,False,1,True,True,False,1,0.0,,,,,,,,,,,,,0.008672052049126846,0.7407824471456858,0.22511793137262007,0.03409962136638122,,,,,,,,,,,,,,False,True,temporal_v1,False,0.0002980766572050238,0.1022964509394572,3.6140129217771104,0.9242689739453602,75.91268026388033,1431.623540059857,0.006424103938726944,0.0019522344180551267,0.0002957136913447759,0.0,0.0,0.14167070043298322,0.06654293487761419,0.09584697285891661,0.08329016654156483,0.564507438832601,249.09060627208,0.006477629788303378,1.4011512443807732,-0.0008367993935769182,1400.0,0.013667399769864424,True,0.4992634952068329,0.14167070043298322,True,True,True,0.85,True,True,True,2,True,False,True,False,True,False,True,False,True,0,5,True,2,15,24,15,,,,False,False,False,
186,2026-08-18T22:00:48.593958,shadow,analysis_full,silero,webrtc,True,0.6120467185974121,True,True,False,1,False,True,False,0,0.0,,,,,,,,,,,,,0.0058035453684766565,0.7293529382839065,0.25103608876310485,0.019610972780680257,,,,,,,,,,,,,,False,True,temporal_v1,False,0.00023662174948655987,0.09812108559498957,3.4561509923089755,0.9345395238733952,73.92557562667233,1307.5222603433933,0.004232832866962406,0.0014568993302616121,0.00011381317025263869,0.0,0.0,0.13906777268844506,0.07128091784324597,0.09709340534679149,0.08344465290512437,0.5580499883245575,257.27779124745956,0.003552475954025193,1.3517226329866106,-0.000817734466154929,1400.0,0.009564659712741926,True,0.5164512991905212,0.13906777268844506,True,False,True,0.85,True,False,False,0,True,False,True,False,True,False,True,False,True,0,6,False,0,15,24,15,,,,False,False,False,
187,2026-08-18T22:00:48.606783,shadow,analysis_full,silero,webrtc,True,0.5323169827461243,True,True,False,1,False,True,False,0,0.0,,,,,,,,,,,,,0.0023069067784841136,0.7078616499717283,0.2605659242631931,0.03157242533159777,,,,,,,,,,,,,,False,True,temporal_v1,False,0.00016030444604839234,0.12108559498956159,3.1678290161230533,0.930481873985742,70.43068218210092,1364.9558693475065,0.001632970838548729,0.0006011012969247383,7.283464201064643e-05,0.0,0.0,0.12292616398552395,0.0744490711345432,0.08609731460672031,0.08058590326296505,0.5162811224226517,216.60029235052446,0.004502257703117971,1.4842822257125647,-0.0008922122956907427,1533.3333333333335,0.006243086379844549,True,0.5407964289188385,0.12292616398552395,True,False,True,0.85,True,False,False,0,True,False,True,False,True,False,True,False,True,0,7,False,0,15,24,15,,,,False,False,False,
188,2026-08-18T22:00:48.621944,shadow,analysis_full,silero,webrtc,True,0.5128653645515442,True,True,False,1,False,True,False,0,0.0,,,,,,,,,,,,,0.006940448126333272,0.11538319327934955,0.10934370451123346,0.7752731020653341,,,,,,,,,,,,,,False,True,temporal_v1,False,0.00025063647926204817,0.31315240083507306,3.6854094157439183,0.5301972094490174,71.97644117333388,2526.594122392401,0.0008008110676060114,0.0007588943091013293,0.005380742748625931,0.0,0.0,0.2282432343880367,0.07640457679449343,0.2286891860735329,0.08058590326296505,0.4710522592460435,375.7055942171143,0.01791842920834269,0.9651439611766837,-0.0005656739287054962,3566.666666666667,0.03038577003520295,True,0.5407964289188385,0.2282432343880367,True,False,True,0.85,True,False,False,0,True,False,True,False,True,False,True,False,True,0,8,False,0,15,24,15,,,,False,False,False,
189,2026-08-18T22:00:48.637393,shadow,analysis_full,silero,webrtc,False,0.4819818139076233,True,True,False,1,False,True,False,0,0.0,,,,,,,,,,,,,0.005404592357702176,0.08221612021040957,0.09054071925461615,0.8272431603499463,,,,,,,,,,,,,,False,True,temporal_v1,False,0.0002284476856279074,0.3778705636743215,3.8583341324930336,0.54091648699717,71.24347063333978,2842.2101057858863,0.00044434461496910293,0.0004893356793443567,0.004470912062388715,0.0,0.0,0.29549805182377387,0.07930496726025521,0.3107368674380531,0.0985111953621633,0.4457661112800976,546.7195038425028,0.005158487679716798,0.6686476505855607,-0.00039548380348905895,3700.0000000000005,0.06686976545490923,True,0.5407964289188385,0.29549805182377387,True,False,True,0.85,True,False,False,0,True,False,True,False,True,False,True,False,True,0,9,False,0,15,24,15,,,,False,False,False,
190,2026-08-18T22:00:48.651448,shadow,analysis_full,silero,webrtc,False,0.4689601957798004,True,True,False,1,False,True,False,0,0.0,,,,,,,,,,,,,0.0019781019688910736,0.5034175452687221,0.21248964239675194,0.2840928118289909,,,,,,,,,,,,,,False,True,temporal_v1,False,0.00014368874735641864,0.29018789144050106,4.267859152378169,0.7166523461093932,68.30430427737159,2028.9292482893236,0.0009958112374703703,0.0004203261799939752,0.0005619645504267282,0.0,0.0,0.29868175856510243,0.07943207177552322,0.3099698771968024,0.1060388675862563,0.5087174506501468,558.7058161183476,0.006563049879667768,1.7170725282854105,-0.0010622479529245016,3566.666666666667,0.014020328967557082,True,0.5407964289188385,0.29868175856510243,True,False,True,0.85,True,False,False,0,True,False,True,False,True,False,True,False,False,0,0,False,0,15,24,24,,,,False,False,False,
191,2026-08-18T22:00:48.665590,shadow,analysis_full,silero,webrtc,False,0.4191844165325165,True,True,False,1,False,True,False,0,0.0,,,,,,,,,,,,,0.004469774473162116,0.7155435816385982,0.18329186473028186,0.10116455340739482,,,,,,,,,,,,,,False,True,temporal_v1,False,0.000205873705521818,0.162839248434238,3.7399725028772077,0.8774648333702842,72.41818100200848,1615.8177830268844,0.0031983184356431994,0.0008192732981096975,0.00045218273840921894,0.0,0.0,0.2839066709632369,0.07172342576494511,0.3055986190505406,0.1045585182192312,0.4660269835719682,540.9450506745214,0.003758491628811675,1.745788139914247,-0.0010565441177920914,1833.3333333333335,0.006763140768972937,True,0.5407964289188385,0.2839066709632369,True,False,True,0.85,True,False,False,0,True,False,True,False,True,False,True,False,False,0,0,False,0,15,24,24,,,,False,False,False,
192,2026-08-18T22:00:48.675062,shadow,analysis_full,silero,webrtc,False,0.4191844165325165,True,True,False,1,False,True,False,0,0.0,,,,,,,,,,,,,0.01099030576292674,0.9409219567809555,0.046008405242106046,0.013069637885949233,,,,,,,,,,,,,,False,False,temporal_v1,False,0.0003235525571107085,0.09812108559498957,2.8254552985018497,0.9648891662468254,76.81907784135645,1111.3740973424435,0.010341020004074039,0.0005056464412753869,0.0001436393165773135,0.0,0.0,0.2806331564097373,0.0681542108473682,0.3050194483733124,0.10319574040561197,0.4477365172835431,557.0941682384746,0.010634985927765107,1.4566893092389335,-0.0008811477405572285,666.6666666666667,0.0025877725408372924,True,0.5225911736488342,0.2806331564097373,True,False,True,0.85,False,False,False,0,True,False,True,False,True,False,True,False,False,0,0,False,0,15,24,24,,,,False,False,False,
193,2026-08-18T22:00:48.685366,shadow,analysis_full,silero,webrtc,False,0.41442346572875977,True,True,False,1,False,True,False,0,0.0,,,,,,,,,,,,,0.004162580033960682,0.9042456979359249,0.08772660512843011,0.008027696695409077,,,,,,,,,,,,,,False,True,temporal_v1,False,0.0001955016490743184,0.10647181628392484,3.004442843982632,0.9595605182881357,72.34567753644305,1185.5878635048266,0.003763995088022923,0.000365169014954756,3.341592998300197e-05,0.0,0.0,0.2850775548657233,0.07205290140352187,0.30493669149596514,0.10259935555603454,0.4133733306033918,558.6430804197793,0.006398546156987031,0.9873168125253314,-0.0005967561934880652,766.6666666666667,0.009435088727753806,True,0.49742358922958374,0.2850775548657233,True,True,True,0.85,False,False,False,0,True,False,True,False,True,False,True,False,False,0,0,False,0,15,24,24,,,,False,False,False,
194,2026-08-18T22:00:48.697843,shadow,analysis_full,silero,webrtc,False,0.43247121572494507,True,True,False,1,True,True,False,1,0.0,,,,,,,,,,,,,0.002278155129818646,0.8391733879094481,0.1433104960583206,0.017516115593279688,,,,,,,,,,,,,,False,True,temporal_v1,False,0.00015321296981386377,0.10855949895615867,3.1142454774816253,0.9542543219354412,70.13060594354135,1200.362898297084,0.0019117671584732016,0.0003264835417521179,3.9904428593326495e-05,0.0,0.0,0.28845048056841815,0.07198396819411973,0.305531312285964,0.10134102847973081,0.4216084420585857,573.3598745409475,0.011587900946699273,1.385824372674326,-0.0008369267539393374,966.6666666666667,0.005122660396075406,True,0.47547100484371185,0.28845048056841815,True,True,True,0.85,True,True,True,1,True,False,True,False,True,False,True,False,False,0,0,True,1,15,24,24,,,,False,False,False,
195,2026-08-18T22:00:48.711859,shadow,analysis_full,silero,webrtc,False,0.43759897351264954,True,True,False,1,False,True,False,0,0.0,,,,,,,,,,,,,0.011429700552004669,0.9402938895189684,0.05048511288962469,0.009220997503915465,,,,,,,,,,,,,,False,False,temporal_v1,False,0.0003404867140275331,0.054279749478079335,2.1241106774600595,0.9777325105890001,77.32292655226637,1066.3844473470526,0.01074727758808157,0.0005770297226625614,0.00010539324026053625,0.0,0.0,0.30214365135147375,0.0753988235369435,0.3070604606769542,0.1058455114822547,0.5793340750177446,597.9459180826196,0.01961763999926118,1.725671384138385,-0.0010533384092761226,433.33333333333337,0.0014859724352272168,True,0.453279584646225,0.30214365135147375,True,True,True,0.85,False,False,False,0,True,False,True,False,True,False,True,False,False,0,0,False,0,15,24,24,,,,False,False,False,
196,2026-08-18T22:00:48.725830,shadow,analysis_full,silero,webrtc,True,0.5237182974815369,True,True,False,1,False,True,False,0,0.0,,,,,,,,,,,,,0.010008339069672178,0.8527578312465492,0.1294535268832357,0.017788641770298423,,,,,,,,,,,,,,False,False,temporal_v1,False,0.0003864946149408044,0.04801670146137787,2.5606598050569773,0.9692465955622558,78.39483519020004,1342.1343659933468,0.008534689519433753,0.0012956147908123453,0.00017803475842608014,0.0,0.0,0.3076900544983812,0.06633248732955328,0.30717313416180797,0.11036419478489505,0.6198383582015307,596.1959468424792,0.011750203452025867,0.859310395380857,-0.0005181380841578632,666.6666666666667,0.021251759968500532,True,0.453279584646225,0.3076900544983812,True,True,True,0.85,False,False,False,0,True,False,True,False,True,False,True,False,False,0,0,False,0,15,24,24,,,,False,False,False,
197,2026-08-18T22:00:48.738197,shadow,analysis_full,silero,webrtc,True,0.5498999953269958,True,True,False,1,False,True,False,0,0.0,,,,,,,,,,,,,0.022904568857026766,0.9377998586735443,0.0498210235499415,0.012379117732854827,,,,,,,,,,,,,,False,False,temporal_v1,False,0.0004828088502725816,0.05845511482254697,2.600612742592907,0.9688720425426971,80.3358327695253,1147.931206522876,0.021479901437098166,0.0011411290644271872,0.00028353835450141445,0.0,0.0,0.3187856805890969,0.054311045009520574,0.3083304105231374,0.11454987551955896,0.6486576099264492,609.2001951677819,0.009512473887967656,1.4443627938988213,-0.0008794293254968652,600.0,0.004616398333321821,True,0.453279584646225,0.3187856805890969,True,True,True,0.85,False,False,False,0,True,False,True,False,True,False,True,False,False,0,0,False,0,15,24,24,,,,False,False,False,
198,2026-08-18T22:00:48.744867,shadow,analysis_full,silero,webrtc,True,0.5725663304328918,True,True,False,1,False,True,False,0,0.0,,,,,,,,,,,,,0.0059698551478454326,0.867538593229056,0.10704632742443317,0.02541507917900251,,,,,,,,,,,,,,False,True,temporal_v1,False,0.0002385855525177147,0.08559498956158663,3.368160541432589,0.9444310969397548,74.04397768980898,1328.3480896831695,0.005179079736743065,0.0006390510688327,0.00015172434126966742,0.0,0.0,0.25908903198685934,0.05431923892510726,0.24573420095614218,0.1043724419339559,0.6305766333599474,529.0578579732555,0.010135350452099139,1.1445633955158911,-0.0006899136506837456,900.0000000000001,0.016679332134528855,True,0.453279584646225,0.25908903198685934,True,True,True,0.85,False,False,False,0,True,False,True,False,True,False,True,False,False,0,0,False,0,15,24,24,,,,False,False,False,
199,2026-08-18T22:00:48.758258,shadow,analysis_full,silero,webrtc,True,0.5429915189743042,True,True,False,1,True,True,False,1,0.0,,,,,,,,,,,,,0.0026461161327229602,0.8031788474621985,0.15920661305601336,0.03761453910387566,,,,,,,,,,,,,,False,True,temporal_v1,False,0.00016640549506474338,0.08977035490605428,3.424815487507605,0.9376511895143315,70.80080995877817,1365.8516242951482,0.002125304505731557,0.0004212791872436988,9.953243874770402e-05,0.0,0.0,0.12809615313536027,0.0557445405950373,0.08148774138288979,0.0678403719316506,0.5939804128232444,275.4758816365443,0.006013052705370648,1.4764642150234828,-0.0008952940124806601,1000.0000000000001,0.009102771478974534,True,0.453279584646225,0.12809615313536027,True,True,True,0.85,True,True,True,1,True,False,True,False,True,False,True,False,False,0,0,True,1,15,24,24,,,,False,False,False,
200,2026-08-18T22:00:48.772688,shadow,analysis_full,silero,webrtc,True,0.5495164394378662,True,True,False,1,False,True,False,0,0.0,,,,,,,,,,,,,0.002126567055329253,0.9495195452040683,0.03773370064076496,0.01274675368492546,,,,,,,,,,,,,,False,False,temporal_v1,False,0.00014873959039144922,0.07515657620041753,2.4976523078243713,0.9685312040693412,69.9258778419008,1158.7652819438513,0.002019216983222187,8.024324465830709e-05,2.7106826448759242e-05,0.0,0.0,0.07167967459705253,0.05014468247025155,0.026560694822471313,0.032006973800004175,0.4716387920507224,154.95383784500032,0.014211734926810632,1.6763658717335002,-0.001013188570602397,666.6666666666667,0.0016886136938704405,True,0.4806586354970932,0.07167967459705253,True,True,True,0.85,False,False,False,0,True,False,True,False,True,False,True,False,False,0,0,False,0,15,24,24,,,,False,False,False,
201,2026-08-18T22:00:48.782036,shadow,analysis_full,silero,webrtc,True,0.5145175457000732,True,True,True,1,False,True,False,0,0.0,,,,,,,,,,,,,0.008396052491277369,0.9591415407995392,0.03326268369639244,0.007595775384964741,,,,,,,,,,,,,,False,False,temporal_v1,False,0.00033202545121835116,0.05219206680584551,2.430979861187793,0.9824905358714725,77.12256671610463,1018.3544666038307,0.008053002723117585,0.00027927523831566684,6.377452884411653e-05,0.0,0.0,0.05201134209388965,0.044980914486719564,0.008795259437655426,0.022050515117345963,0.4044270587054766,112.66905279277964,0.011292953945218011,1.019746352126829,-0.0006262585681952354,533.3333333333334,0.006903919425031644,True,0.519117921590805,0.05201134209388965,True,False,True,0.85,False,False,False,0,True,True,True,True,True,False,True,False,False,1,0,False,0,15,24,24,,,,False,False,False,
202,2026-08-18T22:00:48.788194,shadow,analysis_full,silero,webrtc,True,0.5050943493843079,True,True,True,1,False,True,False,0,0.0,,,,,,,,,,,,,0.007768573229119852,0.9832099960841615,0.011788549624307913,0.005001454162806805,,,,,,,,,,,,,,False,False,temporal_v1,False,0.00034941324045776624,0.04175365344467641,1.8067682249488302,0.9868058211364116,77.5903866350387,1156.476289595371,0.007638138854182452,9.158021102154934e-05,3.8854162915850994e-05,0.0,0.0,0.05671700030302074,0.04890256431479964,0.009389648685057294,0.023270873496459243,0.5007739898891885,110.20670507048808,0.009885391643601249,0.6432796430165293,-0.00039351145926424933,366.6666666666667,0.007655764338764743,True,0.519117921590805,0.05671700030302074,True,False,True,0.85,False,False,False,0,True,True,True,True,True,False,True,False,False,2,0,False,0,15,24,24,,,,False,False,False,
203,2026-08-18T22:00:48.793831,shadow,analysis_full,silero,webrtc,True,0.5329521298408508,True,True,True,1,False,True,False,0,0.0,,,,,,,,,,,,,0.0041216288360578545,0.9550079936852677,0.034230337795000745,0.010761668277109034,,,,,,,,,,,,,,False,False,temporal_v1,False,0.0002842401568667105,0.037578288100208766,1.5628935849132626,0.986042090083162,75.77415595071773,987.6592472689795,0.003936188485438957,0.0001410847473238761,4.435560229502164e-05,0.0,0.0,0.058774264932841075,0.050762986269736236,0.009211135713041014,0.022227693785730546,0.5899821269269034,126.97980096815432,0.0036422277335414117,1.5586418557700228,-0.0009514304775972728,366.6666666666667,0.001032189536371319,True,0.5283352136611938,0.058774264932841075,True,False,True,0.85,False,False,False,0,True,True,True,True,True,False,True,False,False,3,0,False,0,15,24,24,,,,False,False,False,
204,2026-08-18T22:00:48.804994,shadow,analysis_full,silero,webrtc,True,0.5532810091972351,True,True,True,1,False,True,False,0,0.0,,,,,,,,,,,,,0.007439075801622013,0.8663234629019757,0.07246327908289031,0.06121325788070872,,,,,,,,,,,,,,False,False,temporal_v1,False,0.0002991703949696609,0.081419624217119,2.7452957921012,0.9419049541807797,76.02619218930106,1605.9095725157536,0.006444645909251473,0.000539059825931712,0.00045537006543882826,0.0,0.0,0.05606146267085192,0.045493732770607156,0.016534972515202497,0.018018285901731296,0.5644707802769966,181.1147523358952,0.019154034804806958,0.8063790038100936,-0.0004884739267692782,633.3333333333334,0.028950388563142956,True,0.5379718244075775,0.05606146267085192,True,False,True,0.85,False,False,False,0,True,True,True,True,True,False,True,False,False,4,0,False,0,15,24,24,,,,False,False,False,
205,2026-08-18T22:00:48.814551,shadow,analysis_full,silero,webrtc,True,0.5328131318092346,True,True,True,1,False,True,False,0,0.0,,,,,,,,,,,,,0.007470774828997852,0.8287245795926598,0.13126198656380444,0.04001343370968077,,,,,,,,,,,,,,False,False,temporal_v1,False,0.00026427263383124885,0.08559498956158663,3.4167415069074796,0.9341996365803007,74.90004438637789,1381.0788023107748,0.006191214729392669,0.0009806287452251245,0.0002989313533800572,0.0,0.0,0.06016783993206146,0.04863219396090237,0.017103228674788366,0.019024276826546168,0.6071884687273841,179.40659088112534,0.009627681661522102,1.6280827372866433,-0.0009849562219999455,1033.3333333333335,0.0064616942692552115,True,0.5379718244075775,0.06016783993206146,True,False,True,0.85,True,False,False,0,True,True,True,True,True,False,True,False,False,5,0,False,0,15,24,24,,,,False,False,False,
206,2026-08-18T22:00:48.824221,shadow,analysis_full,silero,webrtc,True,0.5153207778930664,True,True,True,1,False,True,False,0,0.0,,,,,,,,,,,,,0.022829478942789385,0.8317766584052304,0.14173928102407823,0.02648406052688839,,,,,,,,,,,,,,False,False,temporal_v1,False,0.00046048386937970357,0.08768267223382047,3.158001574408975,0.9393369389450648,79.78920844768692,1374.492676771265,0.018989027708165927,0.003235833931505301,0.0006046173021181581,0.0,0.0,0.062123834296340226,0.05008470920486983,0.017034384269636976,0.01908945802187245,0.6254107114494295,181.3341410840348,0.00549778590014799,1.633410285726578,-0.0009781609413256917,1033.3333333333335,0.005217711787271756,True,0.5379718244075775,0.062123834296340226,True,False,True,0.85,True,False,False,0,True,True,True,True,True,False,True,False,False,6,0,False,0,15,24,24,,,,False,False,False,
207,2026-08-18T22:00:48.833657,shadow,analysis_full,silero,webrtc,True,0.5048157572746277,True,True,True,1,False,True,False,0,0.0,,,,,,,,,,,,,0.021210205296442942,0.8242741285131657,0.14060184239113546,0.03512402904855181,,,,,,,,,,,,,,False,False,temporal_v1,False,0.0004449599724449715,0.09603340292275574,3.1009241257007645,0.9349343153639706,79.46947262420518,1480.9000935302709,0.01748302348631084,0.002982193942174097,0.0007449878669580093,0.0,0.0,0.0641925260196155,0.052356335790381084,0.016858805767337365,0.020207431070858053,0.635297084422961,189.4662738416761,0.00800361024156463,1.206549202507394,-0.0007177139167692402,1033.3333333333335,0.01748903886205917,True,0.5328826308250427,0.0641925260196155,True,False,True,0.85,True,False,False,0,True,True,True,True,True,False,True,False,False,7,0,False,0,15,24,24,,,,False,False,False,
208,2026-08-18T22:00:48.839318,shadow,analysis_full,silero,webrtc,True,0.5048157572746277,True,True,True,1,False,True,False,0,0.0,,,,,,,,,,,,,0.011455167162012671,0.7338952367132804,0.22559873802562225,0.04050602517380044,,,,,,,,,,,,,,False,True,temporal_v1,False,0.00035197769330784094,0.11064718162839249,3.356322563695336,0.9256522488323752,77.37683265032824,1435.7908985262297,0.008406892615955485,0.0025842712556226072,0.0004640032894345774,0.0,0.0,0.07902417339654924,0.06695515172943059,0.017388376293829146,0.022946472324407455,0.6341564002725241,194.5535258588076,0.005387396682594255,1.6365026600995514,-0.0009901161795308588,1433.3333333333335,0.006787480020377252,True,0.5240669548511505,0.07902417339654924,True,False,True,0.85,True,False,False,0,True,True,True,True,True,False,True,False,False,8,0,False,0,15,24,24,,,,False,False,False,
209,2026-08-18T22:00:48.849093,shadow,analysis_full,silero,webrtc,False,0.4999197721481323,True,True,True,1,False,True,False,0,0.0,,,,,,,,,,,,,0.013858379444003859,0.7350717982952812,0.22587150339231893,0.0390566982402412,,,,,,,,,,,,,,False,True,temporal_v1,False,0.0003615811740871143,0.11482254697286012,3.622012952493086,0.9177823963623858,77.57550902756883,1456.5012118478985,0.010186903899362276,0.0031302129995983605,0.0005412625440432203,0.0,0.0,0.08729395941118405,0.07542228928645682,0.017475718110782888,0.02555599886818768,0.6574701349438449,199.61830879645703,0.006548087318417861,1.4061331564168253,-0.0008401394037680318,1466.6666666666667,0.012546653340700946,True,0.5149191617965698,0.08729395941118405,True,False,True,0.85,True,False,False,0,True,True,True,True,True,False,True,False,False,9,0,False,0,15,24,24,,,,False,False,False,
210,2026-08-18T22:00:48.861319,shadow,analysis_full,silero,webrtc,False,0.4691443145275116,True,True,True,1,False,True,False,0,0.0,,,,,,,,,,,,,0.01591575694598453,0.6820222683979145,0.2693003151153658,0.048677416423889106,,,,,,,,,,,,,,False,True,temporal_v1,False,0.00038892806720677853,0.1022964509394572,3.8365329050115573,0.9092950506405978,78.17296739953352,1534.2250770208552,0.010854900655570232,0.004286118360853206,0.0007747379285610945,0.0,0.0,0.09812783295234197,0.0858964098886808,0.017693378784027804,0.02650288279341687,0.7216213344048977,203.73807786335712,0.0040360714590223,1.1677040780516288,-0.0006942468085707066,1366.6666666666667,0.027762255615528187,True,0.5098059475421906,0.09812783295234197,True,False,True,0.85,True,False,False,0,True,True,True,True,True,False,True,False,True,0,0,False,0,15,24,15,,,,False,False,False,
211,2026-08-18T22:00:48.869865,shadow,analysis_full,silero,webrtc,False,0.4455672800540924,True,True,False,1,False,True,False,0,0.0,,,,,,,,,,,,,0.008538479588152147,0.7212587256143387,0.23088119191310041,0.047860082355444075,,,,,,,,,,,,,,False,True,temporal_v1,False,0.0002970901123952297,0.10438413361169102,3.5884381802883922,0.9164675232425417,75.8467799148482,1466.1100719986787,0.006158452906434661,0.0019713743444382463,0.00040865233627923993,0.0,0.0,0.09513695278082566,0.08440626692297869,0.01633779301220734,0.025432910861269666,0.7293097111309707,174.55101716326115,0.002977267697395534,1.7868045343875205,-0.001075047199927021,1433.3333333333335,0.005632575070275224,True,0.5049550533294678,0.09513695278082566,True,False,True,0.85,True,False,False,0,True,False,True,False,True,False,True,False,True,0,1,False,0,15,24,15,,,,False,False,False,
212,2026-08-18T22:00:48.880177,shadow,analysis_full,silero,webrtc,False,0.39953237771987915,True,True,False,1,False,True,False,0,0.0,,,,,,,,,,,,,0.014055839822888157,0.7713619919857257,0.18868136911756142,0.03995663882556792,,,,,,,,,,,,,,False,True,temporal_v1,False,0.0003843540778427828,0.081419624217119,3.5134884457465914,0.9301343032930168,78.1675650630706,1423.6527716190658,0.0108421406048153,0.0026520751018796794,0.0005616241151931767,0.0,0.0,0.07753844925125515,0.07147326493489772,0.01280179306480954,0.020872650939373672,0.6165474952731437,156.60647625912685,0.0031223603316211444,1.3431211981194433,-0.0008067558911638499,1266.6666666666667,0.014295932133702494,True,0.5048157572746277,0.07753844925125515,True,False,True,0.85,True,False,False,0,True,False,True,False,True,False,True,False,True,0,2,False,0,15,24,15,,,,False,False,False,
213,2026-08-18T22:00:48.890265,shadow,analysis_full,silero,webrtc,False,0.38201701641082764,True,True,False,1,False,True,False,0,0.0,,,,,,,,,,,,,0.008267773686813962,0.786109927141971,0.17504921651755706,0.03884085621952038,,,,,,,,,,,,,,False,True,temporal_v1,False,0.0002930283814771227,0.08977035490605428,3.339710099925156,0.9384324841393153,75.82743606631054,1403.8974809802685,0.006499378970567629,0.0014472673062212583,0.00032112740902507503,0.0,0.0,0.056335038732817214,0.056393426912195614,0.008744048705159784,0.01147466061266079,0.29330985469941206,67.63129484100386,0.004910467530917088,1.18688681785564,-0.0007142253930113351,1066.6666666666667,0.017896945455746705,True,0.50236776471138,0.056335038732817214,True,False,True,0.85,True,False,False,0,True,False,True,False,True,False,True,False,True,0,3,False,0,15,24,15,,,,False,False,False,
214,2026-08-18T22:00:48.901476,shadow,analysis_full,silero,webrtc,False,0.38089606165885925,True,True,False,1,True,True,False,1,0.0,,,,,,,,,,,,,0.006360268853343297,0.8264031984632563,0.14843164421781574,0.025165157161701913,,,,,,,,,,,,,,False,True,temporal_v1,False,0.00025739934807272435,0.08559498956158663,2.978123114104359,0.9440879201536214,74.7134281875002,1400.9122958937019,0.005256146523489128,0.0009440651635691072,0.00016005716528506167,0.0,0.0,0.05111298839319198,0.04542628099935368,0.007297617082694648,0.01102525755867298,0.2488467811758735,47.121344247203574,0.004483842965491502,1.3602220539497434,-0.0008116751741518057,966.6666666666667,0.009343021745070425,True,0.48453204333782196,0.05111298839319198,True,True,True,0.85,True,True,True,1,True,False,True,False,True,False,True,False,True,0,4,True,1,15,24,15,,,,False,False,False,
215,2026-08-18T22:00:48.911974,shadow,analysis_full,silero,webrtc,False,0.37392160296440125,True,True,False,1,False,True,False,0,0.0,,,,,,,,,,,,,0.01051943358453914,0.804675029318959,0.16372806259172715,0.03159690799425174,,,,,,,,,,,,,,False,True,temporal_v1,False,0.0003320814688877267,0.06471816283924843,3.387472845089695,0.9432773440183525,76.94890987829667,1412.1817237213882,0.008464725528057873,0.001722326480358941,0.00033238157512232496,0.0,0.0,0.04900820065807199,0.04232819583160635,0.007518306907555463,0.014265152656247608,0.2486992329693855,44.354947448971735,0.007569751167882855,1.082934128486413,-0.0006430967042627113,1033.3333333333335,0.022811171428945818,True,0.457355797290802,0.04900820065807199,True,True,False,0.85,True,False,False,0,True,False,True,False,True,False,True,False,True,0,5,False,0,15,24,15,,,,False,False,False,
216,2026-08-18T22:00:48.922929,shadow,analysis_full,silero,webrtc,False,0.37745919823646545,True,True,False,1,False,True,False,0,0.0,,,,,,,,,,,,,0.0034764375139324007,0.7021593715309855,0.24859341626408485,0.04924721191727885,,,,,,,,,,,,,,False,True,temporal_v1,False,0.00018817487154724292,0.10438413361169102,3.5430603345667997,0.919127060610041,71.81756353828204,1492.9802956259214,0.0024410131799495163,0.0008642194780170776,0.00017120485496580697,0.0,0.0,0.04853941895958215,0.04203315481872149,0.007334610318957068,0.014435235000469752,0.23973973707648324,41.2965039111045,0.0025401213781147494,1.5412413527452118,-0.0009262470243326659,1300.0,0.009777978059159717,True,0.4225498288869858,0.04853941895958215,True,True,False,0.85,True,False,False,0,True,False,True,False,True,False,True,False,True,0,6,False,0,15,24,15,,,,False,False,False,
217,2026-08-18T22:00:48.935054,shadow,analysis_full,silero,webrtc,False,0.3502174913883209,True,True,False,1,False,True,False,0,0.0,,,,,,,,,,,,,0.004465631511238942,0.7907636394659951,0.16904410551502413,0.040192254795048184,,,,,,,,,,,,,,False,True,temporal_v1,False,0.00021093441430478714,0.09812108559498957,3.5248523134568086,0.9319487194801847,72.89540619156496,1415.8960987318799,0.0035312590263413377,0.0007548886843770924,0.00017948379952051165,0.0,0.0,0.044920062335562554,0.038628851584647086,0.007181095997082826,0.01445786195672717,0.21456033922327472,41.14936379141469,0.0028418506007444524,1.2438025102407018,-0.0007424862158082932,1233.3333333333335,0.01736157483197646,True,0.3907746970653534,0.044920062335562554,True,True,False,0.85,True,False,False,0,True,False,True,False,True,False,True,False,True,0,7,False,0,15,24,15,,,,False,False,False,
218,2026-08-18T22:00:48.946012,shadow,analysis_full,silero,webrtc,False,0.3222421705722809,True,True,False,1,True,True,False,1,0.0,,,,,,,,,,,,,0.003998258510819258,0.5902099009794675,0.2982020581638245,0.11158804060659913,,,,,,,,,,,,,,False,True,temporal_v1,False,0.00019490878720867003,0.18997912317327767,4.048491485193939,0.8638022425319328,71.86257770681829,1682.4400155921644,0.002359811759760947,0.0011922889169973306,0.00044615783306097993,0.0,0.0,0.06703049614334511,0.047672915923651284,0.022626047452915594,0.03184246507714007,0.27121280994391317,82.17628465039321,0.00301817308011015,1.1120732676317295,-0.0006483888537405448,2133.3333333333335,0.03296722728314296,True,0.38145653903484344,0.06703049614334511,True,True,True,0.85,True,True,True,1,True,False,True,False,True,False,True,False,True,0,8,True,1,15,24,15,,,,False,False,False,
219,2026-08-18T22:00:48.958453,shadow,analysis_full,silero,webrtc,False,0.28921958804130554,True,True,False,1,True,True,False,1,0.0,,,,,,,,,,,,,0.006106043165524421,0.6640593934410556,0.27832981254294953,0.0576107938522226,,,,,,,,,,,,,,False,True,temporal_v1,False,0.00023911938426336756,0.18789144050104384,3.91211237454438,0.8913222457039957,73.81347893487506,1527.8386442799847,0.00405477532082305,0.0016994938496395701,0.0003517739940618001,0.0,0.0,0.07093082581361754,0.051654978826994866,0.022641451835475272,0.04073335864187722,0.29324450025667287,83.87099867686503,0.002220026669483393,1.5833862900567646,-0.0009459744108157742,1833.3333333333335,0.010023370742262866,True,0.37917762994766235,0.07093082581361754,True,True,True,0.85,True,True,True,2,True,False,True,False,True,False,True,False,True,0,9,True,2,15,24,15,,,,False,False,False,
220,2026-08-18T22:00:48.971043,shadow,analysis_full,silero,webrtc,False,0.2753187119960785,True,True,False,1,True,True,False,1,0.0,,,,,,,,,,,,,0.0010956815975326991,0.5569349164553746,0.33904037956890126,0.10402470306305012,,,,,,,,,,,,,,False,True,temporal_v1,False,0.00010536868247534007,0.17118997912317327,4.1477692508316375,0.8374418373088046,66.0915476366745,1783.9144490989534,0.0006102233389835652,0.0003714803047141464,0.00011397795283498741,0.0,0.0,0.08796196011362209,0.06192831973562343,0.027999098284668202,0.044367063572394734,0.33387713974986727,124.70902088007514,0.0029421288006277148,1.2415918877189753,-0.0007436842276648997,2266.666666666667,0.032606541348265496,True,0.37569040060043335,0.08796196011362209,True,True,True,0.85,True,True,True,3,True,False,True,False,True,False,True,False,False,0,0,True,3,15,24,24,,,,False,False,False,
221,2026-08-18T22:00:48.979124,shadow,analysis_full,silero,webrtc,False,0.2717795670032501,True,True,False,1,True,True,False,1,0.0,,,,,,,,,,,,,0.0008801037711096563,0.6860508560207702,0.17701780807471812,0.13693133476828195,,,,,,,,,,,,,,False,True,temporal_v1,False,9.476147400917811e-05,0.17118997912317327,3.7972758067971655,0.8333984009549907,65.04625588578647,1983.279079203832,0.0006037959455568877,0.00015579404044012478,0.00012051378411264374,0.0,0.0,0.08859920817239762,0.06341988259077273,0.03711829219016768,0.04681439286973737,0.33909446930629067,189.7817283005495,0.003619449809830128,0.9055683270090735,-0.000537530459985049,2600.0,0.05793648633153626,True,0.3620695471763611,0.08859920817239762,True,True,True,0.85,True,True,True,4,True,False,True,False,True,False,True,False,False,0,0,True,4,15,24,24,,,,False,False,False,
222,2026-08-18T22:00:48.986638,shadow,analysis_full,silero,webrtc,False,0.20654693245887756,True,True,False,1,False,True,False,0,0.0,,,,,,,,,,,,,0.002390970465805866,0.882238756576478,0.06814282304185441,0.049618419963427356,,,,,,,,,,,,,,False,True,temporal_v1,False,0.000149290134864594,0.14613778705636743,2.920417915788576,0.9355936685873195,69.80920235663041,1542.549945555359,0.0021094068107636497,0.00016292747734970937,0.000118636176692507,0.0,0.0,0.10070943363561514,0.07779006378153121,0.03661482236814581,0.04485409420407652,0.39897882515968436,184.98848519108813,0.006062738939822344,1.1186911388151533,-0.0006746715896243417,666.6666666666667,0.015253627989164352,True,0.3362298309803009,0.10070943363561514,True,True,True,0.85,False,False,False,0,True,False,True,False,True,False,True,False,False,0,0,False,0,15,24,24,,,,False,False,False,
223,2026-08-18T22:00:48.994965,shadow,analysis_full,silero,webrtc,False,0.23439021408557892,True,True,False,1,True,True,False,1,0.0,,,,,,,,,,,,,0.003856341119722821,0.8484159333337945,0.11999411540240029,0.0315899510044921,,,,,,,,,,,,,,False,True,temporal_v1,False,0.00019204589409944697,0.08768267223382047,3.0970542952461515,0.9424253911591096,72.10816098816045,1381.6673560253973,0.0032717812503431274,0.00046273824135104177,0.00012182162702865212,0.0,0.0,0.10584859000183938,0.08167639137450364,0.037182801099876275,0.045049463872460796,0.4185342587196269,187.0284850936919,0.003911842795701871,1.6160813188032004,-0.0009808553229605586,966.6666666666667,0.006091487702407047,True,0.3057308793067932,0.10584859000183938,True,True,True,0.85,True,True,True,1,True,False,True,False,True,False,True,False,False,0,0,True,1,15,24,24,,,,False,False,False,
224,2026-08-18T22:00:49.001918,shadow,analysis_full,silero,webrtc,False,0.23439021408557892,True,True,False,1,True,True,False,1,0.0,,,,,,,,,,,,,0.009859949853962489,0.7790375362880263,0.17709443935546276,0.043868024255090406,,,,,,,,,,,,,,False,True,temporal_v1,False,0.0003012768298342504,0.11691022964509394,3.6142551749340237,0.9209271317184377,75.99077185950487,1468.8355837135691,0.007681271042154422,0.0017461422914604638,0.00043253651934760157,0.0,0.0,0.10267314765103931,0.08027030094887802,0.03563269259981272,0.042840245464067846,0.37504251713250497,182.213014510619,0.00291804150971718,1.7525643508278135,-0.0010573943870321996,1266.6666666666667,0.007205638779810552,True,0.282269150018692,0.10267314765103931,True,True,True,0.85,True,True,True,2,True,False,True,False,True,False,True,False,False,0,0,True,2,15,24,24,,,,False,False,False,
225,2026-08-18T22:00:49.009053,shadow,analysis_full,silero,webrtc,False,0.2371620386838913,True,True,False,1,True,True,False,1,0.0,,,,,,,,,,,,,0.010455624349653124,0.6956781455172042,0.22412828901369855,0.08019356537345486,,,,,,,,,,,,,,False,True,temporal_v1,False,0.000315018885884479,0.12734864300626306,3.9555935647524962,0.8937489404079444,76.25237913768946,1561.5736223406482,0.00727374935779121,0.0023434011960577193,0.0008384737948041943,0.0,0.0,0.09996521172125253,0.07928526553778913,0.033933589390442664,0.036369445473969114,0.3816273323231744,174.69971629772266,0.0014722741074186024,1.3698060676779649,-0.0008151018692656255,1700.0000000000002,0.01935917398494188,True,0.2735491394996643,0.09996521172125253,True,True,True,0.85,True,True,True,3,True,False,True,False,True,False,True,False,False,0,0,True,3,15,24,24,,,,False,False,False,
226,2026-08-18T22:00:49.017341,shadow,analysis_full,silero,webrtc,False,0.2297372817993164,True,True,False,1,True,True,False,1,0.0,,,,,,,,,,,,,0.011388110382430676,0.7517251230348619,0.19397173609880802,0.05430314077851919,,,,,,,,,,,,,,False,True,temporal_v1,False,0.0003251793446920562,0.12108559498956159,3.844484717069091,0.9095114485941903,76.60666580103553,1507.696815554183,0.008560728678367288,0.0022089715417649386,0.000618410161298449,0.0,0.0,0.10020832473803648,0.07831099854505025,0.033649848607672644,0.03505131545293547,0.3834092409019335,173.9864852609589,0.0007376540096951103,1.630073712970679,-0.000975020050726506,1400.0,0.010590026207415695,True,0.2544708028435707,0.10020832473803648,True,True,True,0.85,True,True,True,4,True,False,True,False,True,False,True,False,False,0,0,True,4,15,24,24,,,,False,False,False,
227,2026-08-18T22:00:49.023029,shadow,analysis_full,silero,webrtc,False,0.2397346794605255,True,True,False,1,True,True,False,1,0.0,,,,,,,,,,,,,0.010811974443095614,0.6984051130487244,0.25225784906229676,0.049337037796488785,,,,,,,,,,,,,,False,True,temporal_v1,False,0.0003224414000234874,0.13987473903966596,3.920733582487534,0.9061213711422166,76.51631829156818,1509.1751704962746,0.007551138233210112,0.0027274054171318235,0.0005334307917536791,0.0,0.0,0.09790620839704912,0.07852256807855168,0.03291667217851817,0.031955186956733564,0.38513671448617465,166.99998974118157,0.0009850528326858974,1.8504769720426255,-0.0011158120209612135,1500.0,0.006453948891345368,True,0.2384483590722084,0.09790620839704912,True,True,True,0.85,True,True,True,5,True,False,True,False,True,False,True,False,False,0,0,True,5,15,24,24,,,,False,False,False,
228,2026-08-18T22:00:49.029100,shadow,analysis_full,silero,webrtc,False,0.22071358561515808,True,True,False,1,True,True,False,1,0.0,,,,,,,,,,,,,0.015983538924205006,0.7340515683945043,0.2059680718189318,0.05998035972399971,,,,,,,,,,,,,,False,True,temporal_v1,False,0.00038735667654290514,0.17745302713987474,3.812652760047254,0.9080951575860463,78.13189452561066,1513.7202674642153,0.011732741815807291,0.003292098693061349,0.0009586984143363676,0.0,0.0,0.08859928395563264,0.07318722399303501,0.030226389257970523,0.030412169985809985,0.3716400652215566,165.8219634817987,0.001441785644815214,1.4103698921843844,-0.0008360157818783018,1633.3333333333335,0.01568727799004714,True,0.2357761263847351,0.08859928395563264,True,True,True,0.85,True,True,True,6,True,False,True,False,True,False,True,False,False,0,0,True,6,15,24,24,,,,False,False,False,
229,2026-08-18T22:00:49.038710,shadow,analysis_full,silero,webrtc,False,0.21060559153556824,True,True,False,1,True,True,False,1,0.0,,,,,,,,,,,,,0.01614943719224372,0.6447195009499475,0.2835243769633406,0.07175612202479029,,,,,,,,,,,,,,False,True,temporal_v1,False,0.00039464837617324977,0.1440501043841336,3.9295001895813604,0.8973568530548302,78.24314576638783,1608.1661886782208,0.010411857087205892,0.0045787591182395015,0.001158820985798327,0.0,0.0,0.09020663309738577,0.07373222983337101,0.030096501338429074,0.02681351876075544,0.37265722898613,165.1404826940622,0.00151714369687357,1.0208514347325015,-0.0006057818298263514,1666.6666666666667,0.04375969133502297,True,0.23439021408557892,0.09020663309738577,True,True,True,0.85,True,True,True,7,True,False,True,False,True,False,True,False,False,0,0,True,7,15,24,24,,,,False,False,False,
230,2026-08-18T22:00:49.046645,shadow,analysis_full,silero,webrtc,False,0.25739413499832153,True,True,False,1,True,True,False,1,0.0,,,,,,,,,,,,,0.025978094421331064,0.7636191477659173,0.19159179513704222,0.044789057058546695,,,,,,,,,,,,,,False,True,temporal_v1,False,0.0004932054129454378,0.11899791231732777,3.508393051263468,0.9175581921903692,80.28634709346431,1486.7321133205282,0.019837370322599357,0.0049771897444224,0.0011635343533093105,0.0,0.0,0.0701565097929611,0.05843114159156312,0.028225986783687675,0.02532988061853735,0.34484072306695723,153.16671408451822,0.00374412160916105,1.5733031604177143,-0.000943749671418929,1433.3333333333335,0.009746495584818974,True,0.23439021408557892,0.0701565097929611,True,True,True,0.85,True,True,True,8,True,False,True,False,True,False,True,False,False,0,0,True,8,15,24,24,,,,False,False,False,
231,2026-08-18T22:00:49.060191,shadow,analysis_full,silero,webrtc,False,0.3249460756778717,True,True,False,1,False,True,False,0,0.0,,,,,,,,,,,,,0.029750781810401354,0.8640482436085344,0.1125547101454313,0.023397046212421835,,,,,,,,,,,,,,False,True,temporal_v1,False,0.0005380478178103761,0.06889352818371608,3.0952230484213925,0.9476387707607061,81.1837025972643,1284.5825724072276,0.025706110769258023,0.003348590623269694,0.0006960804168736394,0.0,0.0,0.07452531669687888,0.06282860333711546,0.016147106130693725,0.02906006286648069,0.3757606125201319,87.95301314277312,0.003903346756537112,1.5794310661079043,-0.000967215060250433,833.3333333333334,0.006041456897173732,True,0.23439021408557892,0.07452531669687888,True,True,True,0.85,False,False,False,0,True,False,True,False,True,False,True,False,False,0,0,False,0,15,24,24,,,,False,False,False,
232,2026-08-18T22:00:49.073122,shadow,analysis_full,silero,webrtc,False,0.3954172730445862,True,True,False,1,True,True,False,1,0.0,,,,,,,,,,,,,0.024793369682703122,0.8464812471723322,0.13001474309075428,0.023504009696580286,,,,,,,,,,,,,,False,True,temporal_v1,False,0.000474037638168465,0.07724425887265135,2.848265875706171,0.9445303542342248,80.06607373184787,1344.7820786634566,0.02098712249061923,0.0032235035896507423,0.0005827436014331539,0.0,0.0,0.06956437177747242,0.05358762669652645,0.018130411735798203,0.03127694248277368,0.38863332816947466,95.06661066617026,0.006225057491749632,1.591506367564377,-0.000964393400087577,966.6666666666667,0.0055463035349806586,True,0.2357761263847351,0.06956437177747242,True,True,True,0.85,True,True,True,1,True,False,True,False,True,False,True,False,False,0,0,True,1,15,24,24,,,,False,False,False,
233,2026-08-18T22:00:49.078637,shadow,analysis_full,silero,webrtc,False,0.4129992723464966,True,True,False,1,True,True,False,1,0.0,,,,,,,,,,,,,0.010634248839671323,0.7147209590743729,0.23788854450271174,0.04739049632887945,,,,,,,,,,,,,,False,True,temporal_v1,False,0.0003313092684662225,0.11064718162839249,3.5986825923840864,0.919115961260176,76.81581421662491,1497.7983561575452,0.007600520529725425,0.002529765978349062,0.0005039623305968344,0.0,0.0,0.06444956667654124,0.049928714819680406,0.01727612280593479,0.029777117878372325,0.3563353780095372,90.97587904791972,0.005491503910955943,1.2918607254490821,-0.0007726736535565719,1500.0,0.018348124886680948,True,0.2384483590722084,0.06444956667654124,True,True,True,0.85,True,True,True,2,True,False,True,False,True,False,True,False,False,0,0,True,2,15,24,24,,,,False,False,False,
234,2026-08-18T22:00:49.091667,shadow,analysis_full,silero,webrtc,False,0.42301473021507263,True,True,False,1,True,True,False,1,0.0,,,,,,,,,,,,,0.0073277939975659396,0.7593104380274813,0.21015329935006832,0.030536262485983557,,,,,,,,,,,,,,False,True,temporal_v1,False,0.0003091548361074554,0.06471816283924843,3.0041979029113675,0.9466167563631627,76.3366394338733,1463.3037893702478,0.005564070470066942,0.0015399600855461088,0.00022376344095288828,0.0,0.0,0.06380627929457769,0.049333996031285604,0.018177341151061042,0.034157066121579725,0.40036235302372797,91.04857286798872,0.0032736967937501463,0.9225961619863221,-0.0005515683637971409,1133.3333333333335,0.028021969277769797,True,0.24856440722942352,0.06380627929457769,True,True,True,0.85,True,True,True,3,True,False,True,False,True,False,True,False,False,0,0,True,3,15,24,24,,,,False,False,False,
235,2026-08-18T22:00:49.104575,shadow,analysis_full,silero,webrtc,False,0.36569690704345703,True,True,False,1,True,True,False,1,0.0,,,,,,,,,,,,,0.009925696166888142,0.7828426446919581,0.1860170173415777,0.03114033786571562,,,,,,,,,,,,,,False,True,temporal_v1,False,0.00032972652819144877,0.060542797494780795,3.2972876836624567,0.9415187617123366,76.8783435908167,1431.888602006808,0.007770258237695544,0.0018463483960032628,0.0003090895321893352,0.0,0.0,0.062092917760491535,0.04911932006935375,0.015369602241796117,0.03746736121435557,0.38226363207660935,87.3465954180011,0.003855455037550362,1.064092644930383,-0.0006346896854588406,1166.6666666666667,0.024612315817248806,True,0.2911701053380966,0.062092917760491535,True,True,True,0.85,True,True,True,4,True,False,True,False,True,False,True,False,False,0,0,True,4,15,24,24,,,,False,False,False,
236,2026-08-18T22:00:49.115571,shadow,analysis_full,silero,webrtc,False,0.3658160865306854,True,True,True,1,True,True,False,1,0.0,,,,,,,,,,,,,0.007102088544420794,0.797816542850664,0.164410752494676,0.037772704513856385,,,,,,,,,,,,,,False,True,temporal_v1,False,0.0003062002278590891,0.05636743215031315,2.8363879890254333,0.950848749980571,76.27178420376944,1402.307621965203,0.005666163729529102,0.0011676597218720408,0.0002682650920196511,0.0,0.0,0.06330395869590805,0.050292397204610505,0.015015871384525098,0.04019859955488669,0.40657062842319114,87.88942067856603,0.0017150584968818694,1.093033300296636,-0.0006508104254141323,866.6666666666667,0.01648566860945923,True,0.34532149136066437,0.06330395869590805,True,True,True,0.85,True,True,True,5,True,True,True,True,True,False,True,False,False,1,0,True,5,15,24,24,,,,False,False,False,
237,2026-08-18T22:00:49.124165,shadow,analysis_full,silero,webrtc,False,0.36128106713294983,True,True,True,1,False,True,False,0,0.0,,,,,,,,,,,,,0.005741924030075698,0.9055182091324251,0.07366072133931477,0.020821069354102544,,,,,,,,,,,,,,False,False,temporal_v1,False,0.0002755974222830415,0.05845511482254697,2.3305610516480177,0.970149903451163,75.43063836783296,1202.0367508395973,0.0051994167646885825,0.0004229542659309212,0.00011955299845619408,0.0,0.0,0.07274391633972158,0.058667877970326174,0.01601843055372188,0.03992280328519796,0.47173978082124884,113.31557456356502,0.012148826079853032,1.4417774888307449,-0.0008732963580240648,433.33333333333337,0.004459756440102168,True,0.36348898708820343,0.07274391633972158,True,True,True,0.85,False,False,False,0,True,True,True,True,True,False,True,False,False,2,0,False,0,15,24,24,,,,False,False,False,
238,2026-08-18T22:00:49.134641,shadow,analysis_full,silero,webrtc,False,0.3280489146709442,True,True,True,1,False,True,False,0,0.0,,,,,,,,,,,,,0.005290858346508423,0.9246848237299655,0.060592160474443234,0.014723015606585942,,,,,,,,,,,,,,False,False,temporal_v1,False,0.00023465339230216743,0.06889352818371608,2.6520221156869215,0.9686864447483432,74.00772284230551,1195.0785515795556,0.004892376417521358,0.0003205845379791858,7.789739000787901e-05,0.0,0.0,0.08222199455684354,0.06765138198807197,0.015874879808739327,0.028928532984907922,0.45565715757762065,127.40011336341142,0.008706841057712803,1.1020001654315386,-0.0006644172236449093,533.3333333333334,0.0069752588483300735,True,0.36348898708820343,0.08222199455684354,True,True,True,0.85,False,False,False,0,True,True,True,True,True,False,True,False,False,3,0,False,0,15,24,24,,,,False,False,False,
239,2026-08-18T22:00:49.144913,shadow,analysis_full,silero,webrtc,False,0.2796815037727356,True,True,True,1,False,True,False,0,0.0,,,,,,,,,,,,,0.002851235005970837,0.9105404526486586,0.07338661240850436,0.016072934592111815,,,,,,,,,,,,,,False,True,temporal_v1,False,0.00017099791572007474,0.08559498956158663,2.664759037470012,0.9628317032845073,71.16131338792994,1270.098865642884,0.0025961648129443865,0.0002092424782687414,4.58277137577088e-05,0.0,0.0,0.06960291198939958,0.05976072624337971,0.010820532439129966,0.020718607129708726,0.37987738823194095,108.98912693054888,0.0047019318372835146,1.0616502894786513,-0.0006192811442179247,600.0,0.007698908474088121,True,0.36348898708820343,0.06960291198939958,True,True,True,0.85,False,False,False,0,True,True,True,True,True,False,True,False,False,4,0,False,0,15,24,24,,,,False,False,False,
240,2026-08-18T22:00:49.151950,shadow,analysis_full,silero,webrtc,False,0.2796815037727356,True,True,False,1,False,True,False,0,0.0,,,,,,,,,,,,,0.004211267619238431,0.8680944727756428,0.10458674030336476,0.02731878668353427,,,,,,,,,,,,,,False,True,temporal_v1,False,0.00019790782421652664,0.1127348643006263,2.734212696608939,0.944561744002914,72.38638544787983,1589.612322831747,0.0036557781436399217,0.00044044275284125893,0.00011504672175724991,0.0,0.0,0.06710773935399082,0.05852314636357203,0.009457080615746861,0.019499447897846543,0.342035824024219,124.43021750714777,0.005049089756606711,0.720245444148826,-0.00043032004185077164,700.0,0.027933570285093485,True,0.36348898708820343,0.06710773935399082,True,True,True,0.85,False,False,False,0,True,False,True,False,True,False,True,False,False,0,0,False,0,15,24,24,,,,False,False,False,
241,2026-08-18T22:00:49.163115,shadow,analysis_full,silero,webrtc,False,0.2705606520175934,True,True,False,1,True,True,False,1,0.0,,,,,,,,,,,,,0.0059175457053154,0.8267106445112733,0.13792726557238189,0.03536208974735575,,,,,,,,,,,,,,False,False,temporal_v1,False,0.00023565978155409018,0.08768267223382047,2.4186828867346652,0.9369064684276054,73.90098435221826,1497.5013870881894,0.004892098023966211,0.000816190898033745,0.00020925678231544276,0.0,0.0,0.06655797772065818,0.05802880145642987,0.009646685966266997,0.01958976231765428,0.3641433081802715,126.5085219077082,0.007247881492713509,1.049510402065305,-0.0006221528105721516,1466.6666666666667,0.011961661282182436,True,0.36348898708820343,0.06655797772065818,True,True,True,0.85,True,True,True,1,True,False,True,False,True,False,True,False,False,0,0,True,1,15,24,24,,,,False,False,False,
242,2026-08-18T22:00:49.170654,shadow,analysis_full,silero,webrtc,False,0.2803303003311157,True,True,False,1,True,True,False,1,0.0,,,,,,,,,,,,,0.003579870298526815,0.7104855275598208,0.20229837144924223,0.0872161007115973,,,,,,,,,,,,,,False,True,temporal_v1,False,0.00018567146689880962,0.17954070981210857,3.565716398131944,0.8617050158189964,71.41805091599684,1929.3800477236834,0.002543446037644557,0.0007242019313914873,0.0003122223284907706,0.0,0.0,0.07580303582814261,0.06102551438897677,0.01987925685651121,0.036113893221158606,0.42464923122723464,203.8157340143372,0.011898793078103112,0.6736240681667672,-0.00040106710747456865,2066.666666666667,0.06423177722687429,True,0.344664990901947,0.07580303582814261,True,True,True,0.85,True,True,True,2,True,False,True,False,True,False,True,False,False,0,0,True,2,15,24,24,,,,False,False,False,
243,2026-08-18T22:00:49.178962,shadow,analysis_full,silero,webrtc,False,0.2695952355861664,True,True,False,1,True,True,False,1,0.0,,,,,,,,,,,,,0.002113204552766355,0.7796701397770295,0.1871620200374215,0.03316783971233413,,,,,,,,,,,,,,False,True,temporal_v1,False,0.00014959848166758911,0.10647181628392484,2.8875577686160967,0.9269296568821342,69.7877450892444,1496.8989761375303,0.001647602489032799,0.00039551163284802683,7.009042988552918e-05,0.0,0.0,0.06897287150647609,0.05490220306912973,0.019433913332432065,0.03587899968090327,0.3576697946520262,203.79389300890395,0.00754778376149989,1.2375135496598482,-0.0007392188381668748,1733.3333333333335,0.010091643655906223,True,0.30418960750102997,0.06897287150647609,True,True,True,0.85,True,True,True,3,True,False,True,False,True,False,True,False,False,0,0,True,3,15,24,24,,,,False,False,False,
244,2026-08-18T22:00:49.188727,shadow,analysis_full,silero,webrtc,False,0.2690119743347168,True,True,False,1,True,True,False,1,0.0,,,,,,,,,,,,,0.0027179595592379943,0.8175871182885661,0.13940934164607255,0.043003539697438274,,,,,,,,,,,,,,False,True,temporal_v1,False,0.00016196927182231496,0.11691022964509394,3.424108107467829,0.9225456507990915,70.48697854144174,1455.828471955504,0.002222168723662253,0.00037890895277401833,0.00011688188180172292,0.0,0.0,0.06541414268619702,0.04972290235914966,0.019608484289378045,0.03589418090494953,0.3970628606020267,203.74939729046898,0.008056484607205034,1.6255149018128925,-0.0009826459958613594,1200.0,0.006778845619970626,True,0.28000590205192566,0.06541414268619702,True,True,True,0.85,True,True,True,4,True,False,True,False,True,False,True,False,False,0,0,True,4,15,24,24,,,,False,False,False,
245,2026-08-18T22:00:49.198384,shadow,analysis_full,silero,webrtc,False,0.25011664628982544,True,True,False,1,True,True,False,1,0.0,,,,,,,,,,,,,0.0029760513641330414,0.641340800850175,0.2394424947072698,0.11921670410653941,,,,,,,,,,,,,,False,True,temporal_v1,False,0.00016640615972627799,0.16075156576200417,3.7105194675021442,0.857405459655466,70.41313676130795,1734.3114055866447,0.0019086631652443405,0.0007125931630049888,0.0003547950348837118,0.0,0.0,0.0865067112130012,0.05741368187405655,0.03194786061522083,0.039182305593159626,0.45543530008022975,220.9691157756983,0.005623046836745121,1.4320090983733789,-0.0008564898953085437,2366.666666666667,0.017374040174311475,True,0.2796815037727356,0.0865067112130012,True,True,True,0.85,True,True,True,5,True,False,True,False,True,False,True,False,False,0,0,True,5,15,24,24,,,,False,False,False,
246,2026-08-18T22:00:49.207541,shadow,analysis_full,silero,webrtc,False,0.23164713382720947,True,True,False,1,True,True,False,1,0.0,,,,,,,,,,,,,0.004910358410367235,0.6227921100326329,0.325035225987649,0.05217266377606691,,,,,,,,,,,,,,False,True,temporal_v1,False,0.0002258032129976829,0.18997912317327767,3.875288410408063,0.8917690223820461,73.30800833269569,1728.4121764243903,0.0030581324754090956,0.0015960394555940673,0.00025618647836407214,0.0,0.0,0.10466863025463463,0.08035889981624769,0.0319832329462619,0.04343634394044854,0.5354222974227976,231.31558605132543,0.005156772038508835,0.7629871365958856,-0.0004575300213686922,1866.6666666666667,0.07063123669613493,True,0.2751210778951645,0.10466863025463463,True,True,True,0.85,True,True,True,6,True,False,True,False,True,False,True,False,False,0,0,True,6,15,24,24,,,,False,False,False,
247,2026-08-18T22:00:49.216967,shadow,analysis_full,silero,webrtc,False,0.29935693740844727,True,True,False,1,True,True,False,1,0.0,,,,,,,,,,,,,0.017629038418701632,0.7665183542992652,0.22213694534671147,0.011344700297298945,,,,,,,,,,,,,,False,True,temporal_v1,False,0.0004076818658143197,0.12526096033402923,2.961509561824093,0.9293637718849694,78.67826030149712,1337.346426478773,0.013512981516581696,0.003916060743730201,0.00019999615738973894,0.0,0.0,0.09890219869898,0.07775300047511227,0.032812492494946166,0.03886063018662542,0.48446381479890577,216.38594838160304,0.010377141233700869,1.11547743254362,-0.0006725509717006618,1633.3333333333335,0.008726324288745004,True,0.2751210778951645,0.09890219869898,True,True,True,0.85,True,True,True,7,True,False,True,False,True,False,True,False,False,0,0,True,7,15,24,24,,,,False,False,False,
248,2026-08-18T22:00:49.226073,shadow,analysis_full,silero,webrtc,False,0.3628203272819519,True,True,False,1,True,True,False,1,0.0,,,,,,,,,,,,,0.011311545152286086,0.7973391670506177,0.1962957913245938,0.006365041536383226,,,,,,,,,,,,,,False,True,temporal_v1,False,0.0003317857514319715,0.09603340292275574,2.5113241895106677,0.9460011592416085,76.9535889166775,1222.3017420131303,0.00901913798977924,0.00222040870677187,7.199845473497526e-05,0.0,0.0,0.08792293051674363,0.06895859757477886,0.03364251475923932,0.0357865592270833,0.4987940567005899,212.37168179903674,0.009096305045750906,1.5020604886305355,-0.0009050477556672001,1500.0,0.0025384386665229758,True,0.2751210778951645,0.08792293051674363,True,True,True,0.85,True,True,True,8,True,False,True,False,True,False,True,False,False,0,0,True,8,15,24,24,,,,False,False,False,
249,2026-08-18T22:00:49.236801,shadow,analysis_full,silero,webrtc,False,0.41745540499687195,True,True,False,1,True,True,False,1,0.0,,,,,,,,,,,,,0.002377721332493838,0.6283522432333416,0.33845369078349635,0.033194065562591336,,,,,,,,,,,,,,False,True,temporal_v1,False,0.0001566422422364095,0.13569937369519833,3.4219993148137138,0.9095731204297364,70.12303645662665,1460.3018098844343,0.0014940465330562733,0.0008047485606371924,7.89262378003725e-05,0.0,0.0,0.08483646423210113,0.07266397297004235,0.03264309538980233,0.033177737829342684,0.48807454328518834,196.5110938395754,0.0067229868682023445,1.4347294308422422,-0.0008668417944292522,1533.3333333333335,0.010543710795764234,True,0.2751210778951645,0.08483646423210113,True,True,True,0.85,True,True,True,9,True,False,True,False,True,False,True,False,False,0,0,True,9,15,24,24,,,,False,False,False,
250,2026-08-18T22:00:49.247425,shadow,analysis_full,silero,webrtc,False,0.469519704580307,True,True,False,1,True,True,False,1,0.0,,,,,,,,,,,,,0.005038137656651342,0.7346829718955793,0.21707430551282914,0.048242722393105474,,,,,,,,,,,,,,False,True,temporal_v1,False,0.00021582474421032307,0.11691022964509394,3.6261185137835352,0.9082777422247957,72.98713368511268,1525.5089363522764,0.0037014339464076372,0.0010936502328956223,0.00024305347634808163,0.0,0.0,0.07442029743246292,0.06374670926965034,0.032119592529204634,0.03296952659081366,0.4852298474259116,196.0023239666187,0.004619680724265253,1.6471545934608112,-0.0009895244282996966,1600.0,0.008873973464131135,True,0.27544547617435455,0.07442029743246292,True,True,True,0.85,True,True,True,10,True,False,True,False,True,False,True,False,False,0,0,True,10,15,24,24,,,,False,False,False,
251,2026-08-18T22:00:49.257523,shadow,analysis_full,silero,webrtc,False,0.4313197135925293,True,True,False,1,True,True,False,1,0.0,,,,,,,,,,,,,0.001332284051650829,0.6953591428235995,0.24606662972731408,0.05857422669849579,,,,,,,,,,,,,,False,True,temporal_v1,False,0.00011428912170911847,0.13569937369519833,3.5664436800094172,0.9035012723141782,67.19076771820808,1565.5613159240745,0.0009264158961534726,0.0003278306464291703,7.803750806818613e-05,0.0,0.0,0.06795209212536092,0.05770383086936596,0.0320384781878249,0.02955453839521854,0.4067062628982003,195.6321361511693,0.002520505348657903,1.1451412776282976,-0.0006798793244154605,1633.3333333333335,0.022271432227006407,True,0.2898436188697815,0.06795209212536092,True,True,True,0.85,True,True,True,11,True,False,True,False,True,False,True,False,False,0,0,True,11,15,24,24,,,,False,False,False,
252,2026-08-18T22:00:49.268125,shadow,analysis_full,silero,webrtc,False,0.4050391912460327,True,True,False,1,True,True,False,1,0.0,,,,,,,,,,,,,0.0026189024310995282,0.5762586547972026,0.31865331215444065,0.10508803266651731,,,,,,,,,,,,,,False,True,temporal_v1,False,0.00015651507790009705,0.16701461377870563,3.8239697231984358,0.8512758256549373,69.82853501651536,1740.1265225205723,0.0015091651919905376,0.0008345219338791815,0.0002752153042298088,0.0,0.0,0.0804901140594123,0.06222881814903399,0.03450966517083703,0.027916462717393606,0.4269579989563299,164.2210254884621,0.006444548436353683,1.1517657056916124,-0.0006788753080118592,2133.3333333333335,0.026308029714601274,True,0.3310886323451996,0.0804901140594123,True,True,True,0.85,True,True,True,12,True,False,True,False,True,False,True,False,False,0,0,True,12,15,24,24,,,,False,False,False,
253,2026-08-18T22:00:49.278683,shadow,analysis_full,silero,webrtc,False,0.3365739583969116,True,True,False,1,True,True,False,1,0.0,,,,,,,,,,,,,0.0034955398082424085,0.21410083034078134,0.6329695940488138,0.1529295753243261,,,,,,,,,,,,,,False,True,temporal_v1,False,0.00017879977318334053,0.22964509394572025,3.7338453730214627,0.7556078186220877,70.51068549554311,1945.4110399404597,0.0007483979754339552,0.0022125704134046656,0.0005345714184037878,0.0,0.0,0.1641115449900771,0.1295501132029194,0.04531852125828708,0.03794991376163508,0.40404482818299225,205.92135847026427,0.007959617035718165,1.6078754542978753,-0.0009644922617536547,2500.0,0.009100904422629303,True,0.34969714283943176,0.1641115449900771,True,True,True,0.85,True,True,True,13,True,False,True,False,True,False,True,False,False,0,0,True,13,15,24,24,,,,False,False,False,
254,2026-08-18T22:00:49.293137,shadow,analysis_full,silero,webrtc,False,0.313874751329422,True,True,False,1,True,True,False,1,0.0,,,,,,,,,,,,,0.004012679866042316,0.38543934276958286,0.4281829861297459,0.18637767085146104,,,,,,,,,,,,,,False,True,temporal_v1,False,0.00019427874292449245,0.24634655532359082,4.129327285763679,0.7688700589376075,71.32868285919943,1866.7983302017333,0.001546644690312088,0.0017181612474247076,0.0007478739273055195,0.0,0.0,0.17089990813673098,0.12542851454461598,0.05770658244826723,0.04646489434068828,0.44963589488966227,219.30768544574101,0.0050205197169382485,1.4832803151133862,-0.0008762679599210013,2633.3333333333335,0.014361876467794268,True,0.34969714283943176,0.17089990813673098,True,True,True,0.85,True,True,True,14,True,False,True,False,True,False,True,False,False,0,0,True,14,15,24,24,,,,False,False,False,
255,2026-08-18T22:00:49.304787,shadow,analysis_full,silero,webrtc,False,0.27258896827697754,True,True,False,1,True,True,False,1,0.0,,,,,,,,,,,,,0.002419131117444079,0.45915110368562695,0.40081858718617386,0.14003030871482755,,,,,,,,,,,,,,False,True,temporal_v1,False,0.00015018444217413087,0.21085594989561587,3.717507934055382,0.8167688155996684,69.27445633116324,1776.875922678461,0.0011107467225346928,0.0009696327167120457,0.0003387516771973401,0.0,0.0,0.17582481910241424,0.12486508788229805,0.05952575380512395,0.048878532364632646,0.44991189121014086,222.02469888334304,0.005832664260881226,1.4617779351411022,-0.0008648768627496981,2466.666666666667,0.010776475131394797,True,0.34969714283943176,0.17582481910241424,True,True,True,0.85,True,True,True,15,True,False,True,False,True,False,True,False,False,0,0,True,15,15,24,24,,,,False,False,False,
256,2026-08-18T22:00:49.310380,shadow,analysis_full,silero,webrtc,False,0.27258896827697754,True,True,False,1,False,True,False,0,0.0,,,,,,,,,,,,,0.023831059813922275,0.9381772018480931,0.05140786516484873,0.010414932945096107,,,,,,,,,,,,,,False,True,temporal_v1,False,0.00046616522991793614,0.12734864300626306,2.745636548798815,0.9635956995841274,80.00629349962878,1205.8957347825612,0.022357757013300138,0.0012251039096495614,0.000248198889972575,0.0,0.0,0.20508799568316552,0.15080463322004847,0.06267300750684512,0.049331194991687394,0.4906944564096782,249.41926280313822,0.014177681776091787,0.8934161141113145,-0.0005436475420169275,600.0,0.009041442139954932,True,0.34969714283943176,0.20508799568316552,True,True,True,0.85,False,False,False,0,True,False,True,False,True,False,True,False,False,0,0,False,0,15,24,24,,,,False,False,False,
257,2026-08-18T22:00:49.318932,shadow,analysis_full,silero,webrtc,False,0.44143566489219666,True,True,False,1,False,True,False,0,0.0,,,,,,,,,,,,,0.021705621275473527,0.8694338921384929,0.12430463729398475,0.006261470521451306,,,,,,,,,,,,,,False,True,temporal_v1,False,0.0004561889270363273,0.09812108559498957,2.7576432969994418,0.9515056579756724,79.76226388668528,1393.5685174152602,0.018871602786819028,0.0026981093798883354,0.00013590910776616378,0.0,0.0,0.21456850925032453,0.15883579175323967,0.0632076474357019,0.051801881791446056,0.5131952545606256,244.8243735329801,0.013801173505696708,0.7540143906442256,-0.00046130705863377675,700.0,0.01928195589286564,True,0.3839297592639923,0.21456850925032453,True,True,True,0.85,False,False,False,0,True,False,True,False,True,False,True,False,False,0,0,False,0,15,24,24,,,,False,False,False,
258,2026-08-18T22:00:49.326986,shadow,analysis_full,silero,webrtc,True,0.5211797952651978,True,True,False,1,False,True,False,0,0.0,,,,,,,,,,,,,0.011966475493466668,0.8551484657106357,0.12602499644268206,0.018826537763115478,,,,,,,,,,,,,,False,True,temporal_v1,False,0.00034324693332796354,0.08350730688935282,2.904706411999521,0.9468787863045219,77.25491419770809,1342.0466882586743,0.010233113158201943,0.001508075031495579,0.00022528730276914614,0.0,0.0,0.21972059827597157,0.16451861065441706,0.06195766607300508,0.05337327236864606,0.4550966124104951,229.9930890738612,0.009420639952152383,1.1700764300544388,-0.0007037815738893309,800.0,0.011561934071448225,True,0.41124729812145233,0.21972059827597157,True,True,True,0.85,False,False,False,0,True,False,True,False,True,False,True,False,False,0,0,False,0,15,24,24,,,,False,False,False,
259,2026-08-18T22:00:49.338861,shadow,analysis_full,silero,webrtc,True,0.5533245801925659,True,True,False,1,True,True,False,1,0.0,,,,,,,,,,,,,0.0097926953556536,0.8197286128059784,0.1564807568197989,0.02379063027210561,,,,,,,,,,,,,,False,True,temporal_v1,False,0.0003387773270997319,0.09812108559498957,2.723393711711211,0.9490936643532395,77.14952241871325,1287.3471813871383,0.008027352579521472,0.001532368380558405,0.00023297439457372054,0.0,0.0,0.22648526724754406,0.1680023967221691,0.0626674061670578,0.055872332739342945,0.5039171540751558,244.55248426400473,0.004843791792140519,1.1427673166827452,-0.0006886449436094836,733.3333333333334,0.008584809140677932,True,0.418179452419281,0.22648526724754406,True,True,True,0.85,True,True,True,1,True,False,True,False,True,False,True,False,False,0,0,True,1,15,24,24,,,,False,False,False,
260,2026-08-18T22:00:49.350121,shadow,analysis_full,silero,webrtc,True,0.5387345552444458,True,True,False,1,False,True,False,0,0.0,,,,,,,,,,,,,0.017200292925934134,0.918994730606016,0.06487051300319321,0.016134756332652246,,,,,,,,,,,,,,False,False,temporal_v1,False,0.0004161302719903914,0.06263048016701461,2.315905685003906,0.9617290850435122,79.00642733659767,1372.2102303105125,0.0158069785638134,0.0011157918259105425,0.0002775225352101894,0.0,0.0,0.23937322473492856,0.1786809489932185,0.06474685589598929,0.06132565628747432,0.5848649241059325,251.25507276268965,0.0068641988698366855,0.917895011320617,-0.0005553271015818399,566.6666666666667,0.014298766691362505,True,0.418179452419281,0.23937322473492856,True,True,True,0.85,False,False,False,0,True,False,True,False,True,False,True,False,False,0,0,False,0,15,24,24,,,,False,False,False,
261,2026-08-18T22:00:49.360602,shadow,analysis_full,silero,webrtc,True,0.5363009572029114,True,True,False,1,False,True,False,0,0.0,,,,,,,,,,,,,0.015441417364051241,0.9188630311313142,0.06587505097912473,0.015261917824800124,,,,,,,,,,,,,,False,False,temporal_v1,False,0.0004361470360804026,0.06889352818371608,2.145170200572043,0.9714249771580112,79.46053569746195,1192.5325738758838,0.014188547564095832,0.0010172041560468172,0.0002356656429085918,0.0,0.0,0.25057306407741153,0.1875373091511473,0.06690239180722844,0.06556819371121556,0.6569611312427366,272.8748116985488,0.004327875831214042,1.5012659880323267,-0.0009100837830201084,566.6666666666667,0.0030265764157510564,True,0.4232374280691147,0.25057306407741153,True,True,True,0.85,False,False,False,0,True,False,True,False,True,False,True,False,False,0,0,False,0,15,24,24,,,,False,False,False,
262,2026-08-18T22:00:49.371793,shadow,analysis_full,silero,webrtc,True,0.5456183552742004,True,True,True,1,True,True,False,1,0.0,,,,,,,,,,,,,0.05141716918491241,0.8275001617498595,0.1367112877252636,0.03578855050542816,,,,,,,,,,,,,,False,True,temporal_v1,False,0.0007197607392003447,0.05010438413361169,3.21612013135476,0.9418246524988221,83.69225078087106,1395.0884441760886,0.04254771581723491,0.007029307410457119,0.0018401459562203822,0.0,0.0,0.24994940537446256,0.1875547158832732,0.06623701362394688,0.06985755580370247,0.613842902481123,263.5378916261913,0.007828459826338015,1.5362566598832725,-0.0009214609822481677,1000.0000000000001,0.009048603258455676,True,0.4813077300786972,0.24994940537446256,True,True,True,0.85,True,True,True,1,True,True,True,True,True,False,True,False,False,1,0,True,1,15,24,24,,,,False,False,False,
263,2026-08-18T22:00:49.385010,shadow,analysis_full,silero,webrtc,True,0.5369631052017212,True,True,True,1,False,True,False,0,0.0,,,,,,,,,,,,,0.032492832990702984,0.8171406624690953,0.13991401501897507,0.04294532248115351,,,,,,,,,,,,,,False,True,temporal_v1,False,0.0005510014750786778,0.054279749478079335,3.39521737115642,0.9269042279421686,81.29634093287191,1547.0762620823484,0.026551215075520714,0.004546202723070266,0.0013954151911120033,0.0,0.0,0.18468763568865554,0.12732203220726832,0.05869128011142007,0.06377554499137109,0.5831461713318079,215.58671285724535,0.0011195060658392246,1.083709973798527,-0.0006447253993571629,1133.3333333333335,0.03191369035776705,True,0.5287403762340546,0.18468763568865554,True,False,True,0.85,True,False,False,0,True,True,True,True,True,False,True,False,False,2,0,False,0,15,24,24,,,,False,False,False,
264,2026-08-18T22:00:49.397435,shadow,analysis_full,silero,webrtc,True,0.5016471743583679,True,True,True,1,False,True,False,0,0.0,,,,,,,,,,,,,0.047738335936091225,0.7382431572077914,0.2108010094621709,0.050955833309090155,,,,,,,,,,,,,,False,True,temporal_v1,False,0.0006749010851744196,0.060542797494780795,3.822471696017612,0.9153305500778888,83.00839540901877,1481.8244289619763,0.03524249984130615,0.01006328940537226,0.0024325466884128127,0.0,0.0,0.13192343287498354,0.09599718614246118,0.03728527286948411,0.04591763001710737,0.5287121372608633,163.69644584231017,0.0015155217859673328,1.6359399791264355,-0.0009840584690924304,1366.6666666666667,0.0104557689900499,True,0.5287403762340546,0.13192343287498354,True,False,True,0.85,True,False,False,0,True,True,True,True,True,False,True,False,False,3,0,False,0,15,24,24,,,,False,False,False,
265,2026-08-18T22:00:49.408904,shadow,analysis_full,silero,webrtc,True,0.5077858567237854,True,True,True,1,False,True,False,0,0.0,,,,,,,,,,,,,0.0428481038523417,0.7322181382003707,0.21175267291038097,0.05602918886591005,,,,,,,,,,,,,,False,True,temporal_v1,False,0.0006320260250987388,0.1440501043841336,3.8843680528268028,0.9093158885424004,82.40834307243028,1505.5575766401512,0.031374158828177776,0.009073200519874947,0.0024007445032889815,0.0,0.0,0.0679187682959558,0.05349918087204645,0.016679486390152792,0.0302418688304498,0.5539333030533642,113.75875535459932,0.0004884904784094122,1.523369654553221,-0.0009145400831108995,1466.6666666666667,0.014351684974562219,True,0.5287403762340546,0.0679187682959558,True,False,True,0.85,True,False,False,0,True,True,True,True,True,False,True,False,False,4,0,False,0,15,24,24,,,,False,False,False,
266,2026-08-18T22:00:49.424044,shadow,analysis_full,silero,webrtc,False,0.4951964318752289,True,True,True,1,False,True,False,0,0.0,,,,,,,,,,,,,0.031121116971369062,0.7056449222034914,0.2209901791130281,0.073364898651348,,,,,,,,,,,,,,False,True,temporal_v1,False,0.0005472386479018893,0.2359081419624217,3.9543732859182006,0.8992028529175029,81.10503573187174,1532.2258113202795,0.02196045816414748,0.006877461213700348,0.0022831975925212376,0.0,0.0,0.07126257929844541,0.053151152927824095,0.020444390876008,0.05385088324142915,0.6156336902235564,107.99891768903561,0.00041033023887823933,1.5393846069964376,-0.0009167002454310575,1533.3333333333335,0.012642442591735066,True,0.5287403762340546,0.07126257929844541,True,False,True,0.85,True,False,False,0,True,True,True,True,True,False,True,False,False,5,0,False,0,15,24,24,,,,False,False,False,
267,2026-08-18T22:00:49.431858,shadow,analysis_full,silero,webrtc,False,0.43636712431907654,True,True,False,1,False,True,False,0,0.0,,,,,,,,,,,,,0.027395541954129583,0.6866885632718113,0.24440546537138919,0.0689059713202973,,,,,,,,,,,,,,False,True,temporal_v1,False,0.0005104080849698528,0.19832985386221294,3.978056265035453,0.8924139053878386,80.46477607848357,1559.6020305871157,0.018812205344533872,0.006695620180400458,0.0018877164281952546,0.0,0.0,0.07929613159218113,0.06006298324344991,0.020601767743067618,0.06207969364822343,0.6531268035834772,117.33260498244104,0.0004623011242415675,1.5462443953328935,-0.0009314237614643041,1700.0000000000002,0.014423139073284269,True,0.5287403762340546,0.07929613159218113,True,False,True,0.85,True,False,False,0,True,False,True,False,True,False,True,False,False,0,0,False,0,15,24,24,,,,False,False,False,
268,2026-08-18T22:00:49.439068,shadow,analysis_full,silero,webrtc,False,0.38804906606674194,True,True,False,1,False,True,False,0,0.0,,,,,,,,,,,,,0.011241838157459296,0.6135827323857417,0.2898956155298876,0.09652165199541723,,,,,,,,,,,,,,False,True,temporal_v1,False,0.00031950167117177,0.24425887265135698,4.058797770257067,0.8582522029425566,76.20054774543964,1656.7511560615294,0.0068977977736921665,0.0032589595923440398,0.0010850807904230887,0.0,0.0,0.09472481543000992,0.0705943105439802,0.025210955565027168,0.07394671044911214,0.6858907168817838,132.9524773269765,0.0011692410523677717,1.6240306289979025,-0.0009740540219135987,2266.666666666667,0.01132822507459247,True,0.5220434069633484,0.09472481543000992,True,False,True,0.85,True,False,False,0,True,False,True,False,True,False,True,False,False,0,0,False,0,15,24,24,,,,False,False,False,
269,2026-08-18T22:00:49.447897,shadow,analysis_full,silero,webrtc,False,0.3815200626850128,True,True,False,1,False,True,False,0,0.0,,,,,,,,,,,,,0.021186680055834593,0.8651866495222666,0.09495653133055176,0.03985681909998224,,,,,,,,,,,,,,False,False,temporal_v1,False,0.0004667860833518817,0.14822546972860126,2.756416613692525,0.9497623219493319,79.95281871353481,1367.2262197792218,0.01833043273200776,0.002011813648512234,0.000844433674314601,0.0,0.0,0.09766994594594208,0.07444384851570442,0.024106630736144167,0.07387594859485028,0.6829420149877616,124.9153254597123,0.008273669595494675,1.2103316428794657,-0.0007313579630901299,666.6666666666667,0.012644498229028613,True,0.5047165155410767,0.09766994594594208,True,False,True,0.85,False,False,False,0,True,False,True,False,True,False,True,False,False,0,0,False,0,15,24,24,,,,False,False,False,
270,2026-08-18T22:00:49.455071,shadow,analysis_full,silero,webrtc,True,0.6399006247520447,True,True,True,1,False,True,False,0,0.0,,,,,,,,,,,,,0.1118332621632866,0.9817335096461263,0.012262482619778518,0.006004007725153263,,,,,,,,,,,,,,False,False,temporal_v1,False,0.0009967620438793162,0.04384133611691023,1.2161961546899154,0.9841948311849011,86.71524913965426,1185.9403940045017,0.10979046095873869,0.0013713534335904364,0.0006714477699574628,0.0,0.0,0.10773834426694899,0.08292309802582268,0.025653937182645158,0.0756985791510154,0.8962614263957148,148.4407063489997,0.0350896459677858,0.7432594606788409,-0.0004508814901280714,400.0,0.00399266196235508,True,0.5047165155410767,0.10773834426694899,True,False,True,0.85,False,False,False,0,True,True,True,True,True,False,True,False,False,1,0,False,0,15,24,24,,,,False,False,False,
271,2026-08-18T22:00:49.461764,shadow,analysis_full,silero,webrtc,True,0.6722468137741089,True,True,True,1,False,True,False,0,0.0,,,,,,,,,,,,,0.05763704285979451,0.9861899217291793,0.006428217469381115,0.007381860784089637,,,,,,,,,,,,,,False,False,temporal_v1,False,0.0007379028264732111,0.04175365344467641,1.1095508020854852,0.9853919131840159,84.10422054855766,1216.457999275429,0.0568410707866021,0.00037050344579479913,0.00042546862639761073,0.0,0.0,0.11733914276522008,0.09135727546956174,0.026761849920933806,0.0781041680660802,1.0616679035769616,144.5358382373688,0.007295004664368081,0.6788746886479187,-0.0004221558893190126,300.0,0.005592807745888314,True,0.5047165155410767,0.11733914276522008,True,False,True,0.85,False,False,False,0,True,True,True,True,True,False,True,False,False,2,0,False,0,15,24,24,,,,False,False,False,
272,2026-08-18T22:00:49.468155,shadow,analysis_full,silero,webrtc,True,0.6722468137741089,True,True,True,1,False,True,False,0,0.0,,,,,,,,,,,,,0.01738786448857152,0.95040024666213,0.03679626386906108,0.012803489411297622,,,,,,,,,,,,,,False,False,temporal_v1,False,0.000396622438684424,0.04592901878914405,1.6908676564225495,0.9713296718133662,78.63053848187744,1428.176165052381,0.016525430698866063,0.0006398084498409545,0.00022262533886450338,0.0,0.0,0.12616092925960654,0.09821553058045224,0.028615529454224152,0.078498256550602,1.145878091085176,143.73704149513983,0.015279450419104798,0.8867187247435128,-0.0005335774503124339,433.33333333333337,0.014847154101632305,True,0.5047165155410767,0.12616092925960654,True,False,True,0.85,False,False,False,0,True,True,True,True,True,False,True,False,False,3,0,False,0,15,24,24,,,,False,False,False,
273,2026-08-18T22:00:49.474866,shadow,analysis_full,silero,webrtc,True,0.6814342737197876,True,True,True,1,False,True,False,0,0.0,,,,,,,,,,,,,0.0040689785227164986,0.763969251349393,0.18273910119753814,0.05329164720730702,,,,,,,,,,,,,,False,True,temporal_v1,False,0.00021436690360092362,0.0918580375782881,3.435770347091456,0.9255343521700781,73.00878996674788,1452.106405756053,0.003108574475756482,0.0007435614780332995,0.00021684256792671693,0.0,0.0,0.1267701211651353,0.09875321456352022,0.02869223224984686,0.07604124422598627,1.1473876775677714,139.97075346510968,0.016015721456681415,1.6098301688008587,-0.000971682487221422,1266.6666666666667,0.008170140489127096,True,0.5047165155410767,0.1267701211651353,True,False,True,0.85,True,False,False,0,True,True,True,True,True,False,True,False,False,4,0,False,0,15,24,24,,,,False,False,False,
274,2026-08-18T22:00:49.483190,shadow,analysis_full,silero,webrtc,True,0.6825560331344604,True,True,True,1,False,True,False,0,0.0,,,,,,,,,,,,,0.010342699244353559,0.760041685275169,0.1354677761260407,0.10449053850210364,,,,,,,,,,,,,,False,True,temporal_v1,False,0.00032642214844850673,0.15866388308977036,3.836456422457159,0.7907267029382657,76.03242242386621,2112.607819985189,0.007860882563972696,0.0014011024657730581,0.0010807142136078037,0.0,0.0,0.12583237580405793,0.0967651978103254,0.03359711045868773,0.07331185374810135,1.1484086993885598,246.690933922148,0.003986519406257154,0.7358720973125848,-0.0004479361304666996,3400.0000000000005,0.09405164505825987,True,0.573843240737915,0.12583237580405793,True,False,True,0.85,True,False,False,0,True,True,True,True,True,False,True,False,False,5,0,False,0,15,24,24,,,,False,False,False,
275,2026-08-18T22:00:49.491552,shadow,analysis_full,silero,webrtc,True,0.7301092147827148,True,True,True,1,False,True,False,0,0.0,,,,,,,,,,,,,0.013689590623096519,0.3984878623877048,0.07988047545869519,0.5216316620805518,,,,,,,,,,,,,,False,True,temporal_v1,False,0.0003748685451008881,0.3298538622129436,4.059176095417859,0.5265271758500412,75.48178633152165,2454.3252605401053,0.0054551357043604995,0.001093531007807845,0.007140923909928173,0.0,0.0,0.17517569086888318,0.09555277907495156,0.14500774513402784,0.0938484766953143,1.1630943153871345,377.6366345222945,0.003982206510662129,1.180274312422858,-0.0007111197065307612,3833.3333333333335,0.02821489013948467,True,0.6560737192630768,0.17517569086888318,True,False,True,0.85,True,False,False,0,True,True,True,True,True,False,True,False,False,6,0,False,0,15,24,24,,,,False,False,False,
276,2026-08-18T22:00:49.499756,shadow,analysis_full,silero,webrtc,True,0.6739628314971924,True,True,True,1,False,True,False,0,0.0,,,,,,,,,,,,,0.021634097077240576,0.12992509357934842,0.07197881442890672,0.7980960919455217,,,,,,,,,,,,,,False,True,temporal_v1,False,0.00045638977401074674,0.40292275574112735,3.700659125843084,0.5307078596943406,77.23529810603142,2718.83181772852,0.00281081208726519,0.0015571966588596527,0.017266088330115736,0.0,0.0,0.2608921876654544,0.09180634509518969,0.25429514158040845,0.11856879739997832,1.1448316797731848,504.052470859617,0.004315375526467317,1.2839114486994923,-0.0007919487717286015,3933.3333333333335,0.018401023457100416,True,0.6722468137741089,0.2608921876654544,True,False,True,0.85,True,False,False,0,True,True,True,True,True,False,True,False,False,7,0,False,0,15,24,24,,,,False,False,False,
277,2026-08-18T22:00:49.506978,shadow,analysis_full,silero,webrtc,True,0.573689877986908,True,True,True,1,False,True,False,0,0.0,,,,,,,,,,,,,0.008042152874633912,0.3291894099497318,0.10090417236599157,0.5699064175599318,,,,,,,,,,,,,,False,True,temporal_v1,False,0.000323597998126371,0.407098121085595,3.8514953388197997,0.6418154499306299,75.05196241664709,2804.4995673360436,0.002647391559526277,0.0008114867798557149,0.0045832745342519205,0.0,0.0,0.2854695679135728,0.08112692238482186,0.2775545017135783,0.13834910986650178,1.1344268851435408,595.65665227576,0.0066570810550987715,0.8356667400207832,-0.0005011747767786616,4033.3333333333335,0.05299612317421085,True,0.6722468137741089,0.2854695679135728,True,False,True,0.85,True,False,False,0,True,True,True,True,True,False,True,False,False,8,0,False,0,15,24,24,,,,False,False,False,
278,2026-08-18T22:00:49.513535,shadow,analysis_full,silero,webrtc,True,0.5299351811408997,True,True,True,1,False,True,False,0,0.0,,,,,,,,,,,,,0.005954600022183765,0.2161017136392552,0.08413086644234519,0.6997674197504621,,,,,,,,,,,,,,False,True,temporal_v1,False,0.0002491009551449609,0.407098121085595,3.763058216974893,0.672967860039632,72.95601060595877,2624.306824838333,0.0012867992688302588,0.0005009656591839281,0.004166835093169578,0.0,0.0,0.31752594056643985,0.051223787449408954,0.3078473257288432,0.15247017040335295,1.1092731047448763,635.3427897490815,0.005101759365975821,1.1875850820713354,-0.0007148889947600618,3933.3333333333335,0.022670986622857697,True,0.6722468137741089,0.31752594056643985,True,False,True,0.85,True,False,False,0,True,True,True,True,True,False,True,False,False,9,0,False,0,15,24,24,,,,False,False,False,
279,2026-08-18T22:00:49.520271,shadow,analysis_full,silero,webrtc,True,0.5466634631156921,True,True,True,1,False,True,False,0,0.0,,,,,,,,,,,,,0.00851097278798088,0.7739544131942884,0.09617618221875715,0.12986940446945908,,,,,,,,,,,,,,False,True,temporal_v1,False,0.0002931979481784615,0.162839248434238,3.3721710506727787,0.8835456329353613,75.57128077471327,1692.3630145658456,0.006587104949834299,0.0008185528697157328,0.0011053149674308488,0.0,0.0,0.31213572114502885,0.05125937355601502,0.3019141945883175,0.15196207610666823,1.1143429587051932,613.3186248254849,0.010096306954906771,1.1300228106620087,-0.0006805132842186133,1866.6666666666667,0.028358924543641716,True,0.6722468137741089,0.31213572114502885,True,False,True,0.85,True,False,False,0,True,True,True,True,True,False,True,False,True,0,0,False,0,15,24,15,,,,False,False,False,
280,2026-08-18T22:00:49.526302,shadow,analysis_full,silero,webrtc,True,0.5241590738296509,True,True,True,1,False,True,False,0,0.0,,,,,,,,,,,,,0.0029639856502925127,0.6707087628687299,0.2352048078796874,0.09408642891419919,,,,,,,,,,,,,,False,True,temporal_v1,False,0.00017266421059325185,0.17745302713987474,3.933065430667623,0.8727805588140778,70.82241364355771,1623.7258508275804,0.001987971148668359,0.0006971436754352007,0.00027887082518895294,0.0,0.0,0.29016059487052626,0.06364232458116498,0.29468919885354217,0.14241056613928366,0.9668962341964523,569.9559037699913,0.004385465684191353,1.8898045293151524,-0.001155130318050323,1766.6666666666667,0.006491519146005247,True,0.6722468137741089,0.29016059487052626,True,False,True,0.85,True,False,False,0,True,True,True,True,True,False,True,False,True,0,0,False,0,15,24,15,,,,False,False,False,
281,2026-08-18T22:00:49.536631,shadow,analysis_full,silero,webrtc,True,0.5061678886413574,True,True,False,1,False,True,False,0,0.0,,,,,,,,,,,,,0.006700660370664427,0.7584525704664344,0.1913555471319964,0.05019188225233001,,,,,,,,,,,,,,False,True,temporal_v1,False,0.0002508976141888298,0.1127348643006263,3.7189318710578196,0.9125814274505921,74.34036620662721,1522.6941910881692,0.005082133081953006,0.0012822085313741773,0.0003363187563372429,0.0,0.0,0.26678678781267406,0.05964485330196201,0.29070379519958855,0.13478736405638392,0.6461204752397628,533.4040764373195,0.0016375076939760494,1.28222820025548,-0.0007666071872797856,1333.3333333333335,0.021774457860564696,True,0.6229683458805084,0.26678678781267406,True,False,True,0.85,True,False,False,0,True,False,True,False,True,False,True,False,True,0,1,False,0,15,24,15,,,,False,False,False,
282,2026-08-18T22:00:49.549082,shadow,analysis_full,silero,webrtc,False,0.4873841404914856,True,True,False,1,False,True,False,0,0.0,,,,,,,,,,,,,0.007833274851431425,0.7236368587576558,0.21476933211477947,0.06159380899990405,,,,,,,,,,,,,,False,True,temporal_v1,False,0.0002735745395167584,0.11482254697286012,3.859017872476203,0.9036661836497859,75.06057849858905,1527.8816109867146,0.0056684464072751795,0.0016823472081134254,0.00048248123504281897,0.0,0.0,0.24245270430811186,0.058262437921735064,0.28615930891404523,0.1267415970755141,0.20093286587224582,522.6347723395337,0.0013728252641006986,1.5663369392063282,-0.0009416793423725757,1466.6666666666667,0.012144605012222684,True,0.5601766705513,0.24245270430811186,True,False,True,0.85,True,False,False,0,True,False,True,False,True,False,True,False,True,0,2,False,0,15,24,15,,,,False,False,False,
283,2026-08-18T22:00:49.556562,shadow,analysis_full,silero,webrtc,False,0.4262172281742096,True,True,False,1,False,True,False,0,0.0,,,,,,,,,,,,,0.012577417454566475,0.7137808079009127,0.23520213940686166,0.051017052612718126,,,,,,,,,,,,,,False,True,temporal_v1,False,0.0003445361135272945,0.11482254697286012,3.872321871120343,0.9101774453910287,77.11660177443,1526.860050681329,0.0089775191920275,0.002958235493527239,0.0006416627680117372,0.0,0.0,0.238509572377822,0.06401895603805081,0.2863627427659102,0.12428359127384396,0.17271444820829185,514.4523695866807,0.0005311703617089915,1.2911060053915966,-0.000764025029095125,1466.6666666666667,0.021976217190419596,True,0.5382993221282959,0.238509572377822,True,False,True,0.85,True,False,False,0,True,False,True,False,True,False,True,False,True,0,3,False,0,15,24,15,,,,False,False,False,
284,2026-08-18T22:00:49.563963,shadow,analysis_full,silero,webrtc,False,0.470787912607193,True,True,False,1,False,True,False,0,0.0,,,,,,,,,,,,,0.02093556502760232,0.7972646395944798,0.16107859280077036,0.041656767556984275,,,,,,,,,,,,,,False,True,temporal_v1,False,0.00043154391393348277,0.06680584551148225,3.4823973069135414,0.9249325765605876,79.15545078469754,1486.1035545103755,0.01669118570643816,0.003372271354135203,0.0008721079660289589,0.0,0.0,0.24206267365345144,0.06411831677992666,0.2914055919147871,0.13296096759653303,0.19568516446058976,541.7532307675876,0.0014817883015774299,1.4286371216967657,-0.0008527990203318887,1200.0,0.01383850480701494,True,0.5270471274852753,0.24206267365345144,True,False,True,0.85,True,False,False,0,True,False,True,False,True,False,True,False,True,0,4,False,0,15,24,15,,,,False,False,False,
285,2026-08-18T22:00:49.570606,shadow,analysis_full,silero,webrtc,True,0.5225520133972168,True,True,False,1,False,True,False,0,0.0,,,,,,,,,,,,,0.023454798192567634,0.8147726526747383,0.14656910351767272,0.03865824376495382,,,,,,,,,,,,,,False,False,temporal_v1,False,0.0004682974643136903,0.0709812108559499,3.141313403035708,0.9294669027020579,79.89001567674231,1538.9456099979425,0.019110328141308988,0.0034377487442725685,0.0009067213059860778,0.0,0.0,0.24795263142605106,0.060127299284085514,0.29098896868060964,0.13609449461293185,0.24376285334546505,534.2249750274472,0.003616016185159948,1.1591423375607437,-0.0006920547796865892,1200.0,0.022652854901858227,True,0.5233555436134338,0.24795263142605106,True,False,True,0.85,True,False,False,0,True,False,True,False,True,False,True,False,True,0,5,False,0,15,24,15,,,,False,False,False,
286,2026-08-18T22:00:49.576748,shadow,analysis_full,silero,webrtc,True,0.5441815257072449,True,True,False,1,False,True,False,0,0.0,,,,,,,,,,,,,0.031262782026740474,0.7887890285802508,0.17744789098945865,0.03376308039830356,,,,,,,,,,,,,,False,True,temporal_v1,False,0.0005392508971415183,0.07306889352818371,3.099663979941405,0.9325508849345147,81.13442262761046,1445.7980935266778,0.02465973946558874,0.005547514737108251,0.001055527823043478,0.0,0.0,0.19889230853804327,0.05377579691788618,0.23237917145464673,0.12318672301974798,0.29694404088374254,473.76931354939416,0.0018579618030758526,1.81820434970023,-0.001112417967466404,1266.6666666666667,0.00503048382065644,True,0.5233555436134338,0.19889230853804327,True,False,True,0.85,True,False,False,0,True,False,True,False,True,False,True,False,True,0,6,False,0,15,24,15,,,,False,False,False,
287,2026-08-18T22:00:49.585784,shadow,analysis_full,silero,webrtc,True,0.5329746603965759,True,True,False,1,False,True,False,0,0.0,,,,,,,,,,,,,0.03009582373977971,0.7659098399532736,0.1980234869548512,0.03606667305864819,,,,,,,,,,,,,,False,True,temporal_v1,False,0.0005445066072721736,0.07515657620041753,3.2856178570590204,0.9282050670107382,81.1990964304249,1487.616511709998,0.02305068754379661,0.005959679959729769,0.0010854562352533375,0.0,0.0,0.16716944903501488,0.05009643117040069,0.19417609568890698,0.096965837257019,0.2993153575121596,332.4526445856738,0.0014625582538532252,1.2384798680380351,-0.0007363778701087388,1366.6666666666667,0.01918242717495207,True,0.5233555436134338,0.16716944903501488,True,False,True,0.85,True,False,False,0,True,False,True,False,True,False,True,False,True,0,7,False,0,15,24,15,,,,False,False,False,
288,2026-08-18T22:00:49.590315,shadow,analysis_full,silero,webrtc,True,0.5329746603965759,True,True,False,1,False,True,False,0,0.0,,,,,,,,,,,,,0.035196043120757296,0.7818774227961098,0.1794570103487345,0.038665566826743346,,,,,,,,,,,,,,False,True,temporal_v1,False,0.0005901878348620633,0.08559498956158663,3.484748924080299,0.9272968187892757,81.89680186321914,1448.9389806038835,0.027518991487878466,0.006316176674556248,0.0013608749573225816,0.0,0.0,0.04165070354006174,0.04017702862042265,0.029447658826079397,0.03707914851511236,0.29129866162184037,72.57964670197849,0.003835307286448588,1.3692046701129716,-0.0008152531401015023,1333.3333333333335,0.013382569732005026,True,0.5233555436134338,0.04165070354006174,True,False,False,0.85,True,False,False,0,True,False,True,False,True,False,True,False,True,0,8,False,0,15,24,15,,,,False,False,False,
289,2026-08-18T22:00:49.596321,shadow,analysis_full,silero,webrtc,True,0.5103242993354797,True,True,True,1,False,True,False,0,0.0,,,,,,,,,,,,,0.033942967191765566,0.8144285565534948,0.14634320700051612,0.039228236416528055,,,,,,,,,,,,,,False,False,temporal_v1,False,0.0005909256114658691,0.05845511482254697,3.435879359345017,0.935663576333709,81.94572151788962,1409.5647100033707,0.02764412177513226,0.004967322673956276,0.001331522741677035,0.0,0.0,0.04476560146835984,0.031052521540882845,0.017195650387731007,0.03401385464202039,0.2885721037052584,57.3375365087701,0.002909348575066395,1.3594236754691749,-0.000819929814879266,1033.3333333333335,0.015876278337666836,True,0.5164381563663483,0.04476560146835984,True,False,False,0.85,True,False,False,0,True,True,True,True,True,False,True,False,True,0,0,False,0,15,24,15,,,,False,False,False,
290,2026-08-18T22:00:49.601694,shadow,analysis_full,silero,webrtc,False,0.47033482789993286,True,True,True,1,False,True,False,0,0.0,,,,,,,,,,,,,0.018783601561914297,0.7674611402913641,0.1823700395926174,0.0501688200627807,,,,,,,,,,,,,,False,True,temporal_v1,False,0.0004358281202794577,0.081419624217119,3.508219712806521,0.926361609601102,79.248145460227,1453.9239968144946,0.014415684273485394,0.0034255661605382603,0.0009423511268906449,0.0,0.0,0.03257767477021846,0.026878325741251752,0.008294914435097845,0.02007760363578146,0.2556956904372332,41.74116553531864,0.0013095657912382068,1.5937872057941354,-0.0009662342698121703,1266.6666666666667,0.009304274246856316,True,0.5082460939884186,0.03257767477021846,True,False,False,0.85,True,False,False,0,True,True,True,True,True,False,True,False,True,0,0,False,0,15,24,15,,,,False,False,False,
291,2026-08-18T22:00:49.607942,shadow,analysis_full,silero,webrtc,False,0.47218286991119385,True,True,True,1,False,True,False,0,0.0,,,,,,,,,,,,,0.02113306617816895,0.8221632251347663,0.13825285250104272,0.03958392231687189,,,,,,,,,,,,,,False,True,temporal_v1,False,0.0004577947436944242,0.04592901878914405,3.1306789415191383,0.9375525977421337,79.72972803165331,1436.651147671841,0.017374829846029834,0.0029217066812251666,0.0008365296499139524,0.0,0.0,0.03529695212918572,0.029837448643867205,0.008124706749072369,0.02096120734442294,0.2635340433523979,41.917637434746695,0.0030155185989990925,1.4875231452485536,-0.0008914612134410585,1033.3333333333335,0.010164796711469292,True,0.49885421991348267,0.03529695212918572,True,True,False,0.85,True,False,False,0,True,True,True,True,True,False,True,False,True,0,0,False,0,15,24,15,,,,False,False,False,
292,2026-08-18T22:00:49.614161,shadow,analysis_full,silero,webrtc,False,0.42956969141960144,True,True,True,1,False,True,False,0,0.0,,,,,,,,,,,,,0.0233608832009465,0.8516181751846529,0.11432714169230954,0.03405468308023114,,,,,,,,,,,,,,False,True,temporal_v1,False,0.0004687255769527457,0.054279749478079335,3.067330893900909,0.9397191581936502,79.94576349804598,1480.2713841663,0.01989455272229187,0.002670783003772104,0.0007955474738825288,0.0,0.0,0.03609292731942091,0.03253667046290696,0.00566367642756748,0.01821914340648971,0.24068139708792644,38.33080218928211,0.0008435859537108841,1.1447039330931648,-0.0006801868793704954,933.3333333333334,0.02209179350094218,True,0.4912535846233368,0.03609292731942091,True,True,False,0.85,False,False,False,0,True,True,True,True,True,False,True,False,True,0,0,False,0,15,24,15,,,,False,False,False,
293,2026-08-18T22:00:49.619857,shadow,analysis_full,silero,webrtc,False,0.38422083854675293,True,True,True,1,False,True,False,0,0.0,,,,,,,,,,,,,0.011860192338791173,0.8801267181189667,0.10493292270251807,0.014940359094199497,,,,,,,,,,,,,,False,False,temporal_v1,False,0.0003995825729233648,0.03966597077244259,2.3928713167230256,0.9720414549041306,78.69876662203306,1310.5926977444954,0.010438472159399987,0.001244524645923371,0.0001771955324678139,0.0,0.0,0.03460106050948437,0.028855639229650898,0.008472824361411167,0.01436714032073925,0.31718941059381467,57.29543870411343,0.013691235329350519,0.9116078327851423,-0.0005320635786756337,600.0,0.015465696224314974,True,0.4912535846233368,0.03460106050948437,True,True,False,0.85,False,False,False,0,True,True,True,True,True,False,True,False,True,0,0,False,0,15,24,15,,,,False,False,False,
294,2026-08-18T22:00:49.626163,shadow,analysis_full,silero,webrtc,False,0.40128254890441895,True,True,True,1,False,True,False,0,0.0,,,,,,,,,,,,,0.011894838972536636,0.88502301748066,0.0893402782635797,0.02563670417169013,,,,,,,,,,,,,,False,True,temporal_v1,False,0.0003303770275047922,0.04592901878914405,2.6749802601914694,0.9522475001091332,76.94473446231379,1403.5483919932947,0.010527206279920927,0.0010626882237068955,0.0003049444679088123,0.0,0.0,0.04116072206808079,0.03474033017088304,0.008884625621954672,0.01544885177453027,0.33785123334309997,57.42309245277709,0.009825258422892787,1.3373141556402084,-0.0008008656972368573,833.3333333333334,0.010465175619352975,True,0.4912535846233368,0.04116072206808079,True,True,False,0.85,False,False,False,0,True,True,True,True,True,False,True,False,True,0,0,False,0,15,24,15,,,,False,False,False,
295,2026-08-18T22:00:49.632716,shadow,analysis_full,silero,webrtc,False,0.39928439259529114,True,True,True,1,False,True,False,0,0.0,,,,,,,,,,,,,0.011074483107957098,0.9847435213312996,0.010970845611777162,0.004285632966625588,,,,,,,,,,,,,,False,False,temporal_v1,False,0.0003341699631855548,0.05845511482254697,1.9470652864208844,0.983778390169774,77.18606539238705,1160.7118155787957,0.010905525492653667,0.00012149644440763143,4.746116989579914e-05,0.0,0.0,0.0648939202826961,0.053782462976265856,0.012674681668406955,0.015261517229642642,0.48777268176625377,93.85031049245433,0.01622236753871384,0.6571587919182645,-0.00040946532277845655,466.6666666666667,0.008226446861092054,True,0.47125884890556335,0.0648939202826961,True,True,True,0.85,False,False,False,0,True,True,True,True,True,False,True,False,True,0,0,False,0,15,24,15,,,,False,False,False,
296,2026-08-18T22:00:49.640049,shadow,analysis_full,silero,webrtc,False,0.4056588411331177,True,True,True,1,False,True,False,0,0.0,,,,,,,,,,,,,0.001831870815610959,0.9468624616045428,0.03615591306349549,0.016981624786071695,,,,,,,,,,,,,,False,False,temporal_v1,False,0.00014100330808391225,0.09290187891440502,2.2521118733613905,0.9724660747957511,69.45553201846867,1222.9027515229193,0.001734529709810914,6.623296195278441e-05,3.110814284726043e-05,0.0,0.0,0.07087997978430986,0.058869648117551965,0.013374053630399075,0.017692725745747165,0.5349184553409463,106.79583692471331,0.01213004841387632,1.186015423954721,-0.0007216006163659749,500.00000000000006,0.005929187396608662,True,0.44995225965976715,0.07087997978430986,True,True,True,0.85,False,False,False,0,True,True,True,True,True,False,True,False,True,0,0,False,0,15,24,15,,,,False,False,False,
297,2026-08-18T22:00:49.649146,shadow,analysis_full,silero,webrtc,False,0.3546365797519684,True,True,True,1,True,True,False,1,0.0,,,,,,,,,,,,,0.005901512384098843,0.824290133107328,0.11606750101725098,0.05964236570597267,,,,,,,,,,,,,,False,True,temporal_v1,False,0.00023124114896434537,0.09603340292275574,3.217812671458495,0.9142573182234405,73.62644366462975,1591.3748529832794,0.0048645584286233804,0.0006849737946447118,0.0003519801598307499,0.0,0.0,0.0659440915668702,0.05283495384417977,0.016052306758416134,0.019994126167930844,0.5306275353726922,120.7350111937127,0.013894220286787447,1.2838538754764421,-0.0007720777832907753,1466.6666666666667,0.01553546981876002,True,0.41761426627635956,0.0659440915668702,True,True,True,0.85,True,True,True,1,True,True,True,True,True,False,True,False,True,0,0,True,1,15,24,15,,,,False,False,False,
298,2026-08-18T22:00:49.656702,shadow,analysis_full,silero,webrtc,False,0.357249915599823,True,True,True,1,False,True,False,0,0.0,,,,,,,,,,,,,0.02562161367711365,0.9739960467738321,0.020031514519533087,0.005972438667605274,,,,,,,,,,,,,,False,False,temporal_v1,False,0.0005031925718650023,0.06680584551148225,1.8776860756687335,0.9816539251392773,80.75405303185674,1137.5139961981497,0.024955350433475045,0.0005132397263869696,0.00015302351625163773,0.0,0.0,0.06948251264849163,0.05405978195046064,0.01767407766503668,0.018905058823575984,0.5741503904421743,140.53374257548498,0.022832269570877806,0.9481068102130867,-0.0005725096624543141,400.0,0.005168085198576058,True,0.4034706950187683,0.06948251264849163,True,True,True,0.85,False,False,False,0,True,True,True,True,True,False,True,False,True,0,0,False,0,15,24,15,,,,False,False,False,
299,2026-08-18T22:00:49.664316,shadow,analysis_full,silero,webrtc,False,0.45027071237564087,True,True,False,1,False,True,False,0,0.0,,,,,,,,,,,,,0.00820184624468597,0.9737198969265135,0.021803233370393464,0.0044768695811692755,,,,,,,,,,,,,,False,False,temporal_v1,False,0.0002852581084757897,0.05845511482254697,1.8357649598845744,0.9840101980617794,75.79801791554827,1019.6043162523209,0.007986300879982734,0.00017882676774097345,3.6718595962262073e-05,0.0,0.0,0.07196862233732867,0.05533011652883347,0.01871675846808592,0.018905058823575984,0.5837233131920457,172.12009481292313,0.013683071755513117,1.1614891718964275,-0.0007022870066347723,366.6666666666667,0.0021943324507770787,True,0.4034706950187683,0.07196862233732867,True,True,True,0.85,False,False,False,0,True,False,True,False,True,False,True,False,True,0,1,False,0,15,24,15,,,,False,False,False,
300,2026-08-18T22:00:49.672681,shadow,analysis_full,silero,webrtc,False,0.3768036663532257,True,True,False,1,False,True,False,0,0.0,,,,,,,,,,,,,0.003693699581092045,0.9300593699272612,0.062153415083420316,0.00778721471858718,,,,,,,,,,,,,,False,False,temporal_v1,False,0.00018319802445971366,0.05636743215031315,2.239641785775171,0.9637178923599719,71.78335714226694,1364.8695271069755,0.003435359905091056,0.0002295760432570696,2.8763631743919275e-05,0.0,0.0,0.059510210132863624,0.04453249111397246,0.01742137760852521,0.018070518615359528,0.50270973782723,167.2848832228652,0.02087089505131718,0.9394594103551343,-0.0005685901288565613,566.6666666666667,0.011191744352848608,True,0.40028347074985504,0.059510210132863624,True,True,True,0.85,False,False,False,0,True,False,True,False,True,False,True,False,True,0,2,False,0,15,24,15,,,,False,False,False,
301,2026-08-18T22:00:49.681238,shadow,analysis_full,silero,webrtc,False,0.357719361782074,True,True,False,1,False,True,False,0,0.0,,,,,,,,,,,,,0.006677754162384178,0.9204325178209639,0.07175817308785427,0.007809308941430667,,,,,,,,,,,,,,False,False,temporal_v1,False,0.0002613982216499958,0.060542797494780795,2.503205641378412,0.9723931710749685,74.97691359613681,1350.8008619699026,0.0061464220770726915,0.00047918343902250324,5.214864528898262e-05,0.0,0.0,0.0523268281301391,0.038627155588709855,0.0166855554571436,0.017329338158440562,0.4521466359356324,162.85298740184192,0.01376036989620869,0.7383682832234191,-0.0004522007668503743,600.0,0.021537111918316282,True,0.39175261557102203,0.0523268281301391,True,True,True,0.85,False,False,False,0,True,False,True,False,True,False,True,False,True,0,3,False,0,15,24,15,,,,False,False,False,
302,2026-08-18T22:00:49.689316,shadow,analysis_full,silero,webrtc,False,0.4413580000400543,True,True,False,1,False,True,False,0,0.0,,,,,,,,,,,,,0.018072468787736766,0.8926547269629802,0.08501724618670298,0.022328026794984173,,,,,,,,,,,,,,False,True,temporal_v1,False,0.0004055146882786766,0.06263048016701461,2.9089235960499007,0.9515742331138921,78.7352413545478,1392.9597964161715,0.016132474691264144,0.0015364715281285222,0.0004035225673441016,0.0,0.0,0.048500848709100416,0.03575999547122241,0.015921770138060853,0.017091288231215543,0.43078969202280054,155.3477135649363,0.010828145024195815,1.1525980878634803,-0.0006791866360252507,800.0,0.01437873767809928,True,0.39175261557102203,0.048500848709100416,True,True,False,0.85,False,False,False,0,True,False,True,False,True,False,True,False,True,0,4,False,0,15,24,15,,,,False,False,False,
303,2026-08-18T22:00:49.697046,shadow,analysis_full,silero,webrtc,False,0.4918554127216339,True,True,False,1,False,True,False,0,0.0,,,,,,,,,,,,,0.010925130331013812,0.9397302519200278,0.04762350667365478,0.01264624131478538,,,,,,,,,,,,,,False,False,temporal_v1,False,0.0003264828554628549,0.07306889352818371,2.6857087507693564,0.9673521242977872,76.90921141366564,1162.100883288465,0.010266675478222746,0.0005202930172295845,0.00013816183456148175,0.0,0.0,0.04671778323026278,0.03286716898888946,0.015966059171378704,0.01521324888899303,0.4401797688806117,160.21488093976734,0.011560408615523888,1.3994050960753281,-0.0008399836782037986,666.6666666666667,0.0037599596293958508,True,0.40028347074985504,0.04671778323026278,True,True,False,0.85,False,False,False,0,True,False,True,False,True,False,True,False,True,0,5,False,0,15,24,15,,,,False,False,False,
304,2026-08-18T22:00:49.703924,shadow,analysis_full,silero,webrtc,False,0.4918554127216339,True,True,False,1,True,True,False,1,0.0,,,,,,,,,,,,,0.00525631072842737,0.7739120849948844,0.1826570862028501,0.04343082861201778,,,,,,,,,,,,,,False,True,temporal_v1,False,0.00022104212815983825,0.13569937369519833,3.5030688274274477,0.9204902584575727,73.25721143079667,1527.26347838092,0.004067922395218205,0.0009601024018313239,0.00022828593037783944,0.0,0.0,0.06503721252115978,0.04984470682437713,0.01774864521082769,0.024005854458588292,0.5464877853969032,173.45734998204037,0.009922336920313364,1.1628999189842648,-0.0006891375621810404,1333.3333333333335,0.021441361938235235,True,0.4024716168642044,0.06503721252115978,True,True,True,0.85,True,True,True,1,True,False,True,False,True,False,True,False,True,0,6,True,1,15,24,15,,,,False,False,False,
305,2026-08-18T22:00:49.711604,shadow,analysis_full,silero,webrtc,True,0.5493906736373901,True,True,False,1,False,True,False,0,0.0,,,,,,,,,,,,,0.01589485768269804,0.8844993700475327,0.0912180161920734,0.024282613697480526,,,,,,,,,,,,,,False,True,temporal_v1,False,0.000379206670590071,0.08350730688935282,3.14485719223688,0.94678156725305,78.1267870781492,1342.1655199896006,0.0140589916073416,0.001449897385471052,0.000385968688885387,0.0,0.0,0.06129286982171825,0.04679871527537759,0.017146733055430463,0.023331897086317766,0.5440654526664178,168.07598006730623,0.0048453272720251255,1.4506437049351633,-0.0008718135078877648,766.6666666666667,0.008284445975103532,True,0.423508420586586,0.06129286982171825,True,True,True,0.85,False,False,False,0,True,False,True,False,True,False,True,False,True,0,7,False,0,15,24,15,,,,False,False,False,
306,2026-08-18T22:00:49.721362,shadow,analysis_full,silero,webrtc,True,0.5816327929496765,True,True,False,1,False,True,False,0,0.0,,,,,,,,,,,,,0.06665272750568227,0.9682957481354287,0.030290941568935928,0.0014133102806321092,,,,,,,,,,,,,,False,False,temporal_v1,False,0.0007713686194445281,0.0918580375782881,2.2165057227140625,0.9700355070530732,84.42288985942506,948.9144675212667,0.06453955264538148,0.00201897387428483,9.420098501595132e-05,0.0,0.0,0.06303377459315475,0.04729650752924243,0.01808010868347646,0.023269937023954527,0.5465518302151762,199.6042245803403,0.022555409202471642,1.3697130644150874,-0.000820365339006876,666.6666666666667,0.0008783001112632895,True,0.4458143562078476,0.06303377459315475,True,True,True,0.85,False,False,False,0,True,False,True,False,True,False,True,False,True,0,8,False,0,15,24,15,,,,False,False,False,
307,2026-08-18T22:00:49.731650,shadow,analysis_full,silero,webrtc,True,0.6194543242454529,True,True,False,1,False,True,False,0,0.0,,,,,,,,,,,,,0.06693023922698026,0.9528258822694629,0.04483004864308798,0.0023440690725080493,,,,,,,,,,,,,,False,False,temporal_v1,False,0.000779483314461731,0.07515657620041753,2.378967327489852,0.9684692445676527,84.50639384438259,983.326272704813,0.06377286424195368,0.0030004858802390403,0.00015688910378752947,0.0,0.0,0.05748179127519756,0.04558640454434589,0.012505184840419884,0.022527634171551084,0.5105221355159939,188.96448233598488,0.0174796584340008,1.6491460848593718,-0.0010003419144817517,633.3333333333334,0.0007622947124338822,True,0.4710630625486374,0.05748179127519756,True,True,True,0.85,False,False,False,0,True,False,True,False,True,False,True,False,True,0,9,False,0,15,24,15,,,,False,False,False,
308,2026-08-18T22:00:49.742891,shadow,analysis_full,silero,webrtc,True,0.5653214454650879,True,True,True,1,False,True,False,0,0.0,,,,,,,,,,,,,0.05454344906597916,0.924384199031316,0.07245399440806524,0.0031618065422847857,,,,,,,,,,,,,,False,False,temporal_v1,False,0.0007153005989235616,0.06889352818371608,2.421585810209603,0.9670524509791416,83.75250634738707,1012.1833365965019,0.05041910247726052,0.0039518907536230455,0.0001724558340955899,0.0,0.0,0.05477184564380061,0.04296787120888285,0.01269570856142702,0.022447200574839645,0.4651454388129199,198.14861426167187,0.010069700552845973,1.7698733897489682,-0.0010880181123323989,633.3333333333334,0.0007670269855561517,True,0.4918554127216339,0.05477184564380061,True,True,True,0.85,False,False,False,0,True,True,True,True,True,False,True,False,True,0,0,False,0,15,24,15,,,,False,False,False,
309,2026-08-18T22:00:49.754021,shadow,analysis_full,silero,webrtc,True,0.5881911516189575,True,True,True,1,False,True,False,0,0.0,,,,,,,,,,,,,0.028395315567976857,0.9227231530266449,0.06988850971775626,0.007388337220381918,,,,,,,,,,,,,,False,False,temporal_v1,False,0.0005184236659350691,0.08977035490605428,2.5743303004936817,0.9679228691322793,80.95280307872146,1187.0292191272483,0.02620101511207018,0.0019845062880113062,0.00020979416689537352,0.0,0.0,0.051437672190787626,0.03976674830913901,0.0125299467944746,0.02187190121705018,0.39364377973481646,188.13891500770384,0.005932623973271149,0.9843214748707684,-0.0005942063094196914,566.6666666666667,0.008541858568393181,True,0.520623043179512,0.051437672190787626,True,False,True,0.85,False,False,False,0,True,True,True,True,True,False,True,False,True,0,0,False,0,15,24,15,,,,False,False,False,
310,2026-08-18T22:00:49.763746,shadow,analysis_full,silero,webrtc,True,0.6047348380088806,True,True,True,1,False,True,False,0,0.0,,,,,,,,,,,,,0.005063551058053298,0.7886849537504966,0.1791076286774106,0.03220741737460285,,,,,,,,,,,,,,False,True,temporal_v1,False,0.00021890549554237821,0.11482254697286012,2.721209613164512,0.924512746975601,73.18995119251268,1538.2928285583291,0.003993546532034043,0.0009069206226949196,0.00016308390232433443,0.0,0.0,0.062484983345562746,0.04993485939075929,0.01356264923077998,0.022639568620836673,0.3681907175831362,207.07346737575108,0.013004429786956711,1.088199935970202,-0.0006434365569462151,1566.6666666666667,0.014114762533417447,True,0.557356059551239,0.062484983345562746,True,False,True,0.85,True,False,False,0,True,True,True,True,True,False,True,False,True,0,0,False,0,15,24,15,,,,False,False,False,
311,2026-08-18T22:00:49.773386,shadow,analysis_full,silero,webrtc,True,0.6451511383056641,True,True,True,1,False,True,False,0,0.0,,,,,,,,,,,,,0.004796182110548489,0.7923408326697119,0.13031792872594042,0.0773412383958484,,,,,,,,,,,,,,False,True,temporal_v1,False,0.00021089111241441775,0.16701461377870563,3.160765057607281,0.8987144513674598,72.73603293332263,1684.5772618942035,0.003800210927107566,0.0006250285184390884,0.00037094266400183407,0.0,0.0,0.06910851304228219,0.05116577060035374,0.022568115932646383,0.03161236907825904,0.3844875324272189,244.95289670133712,0.005654267842491513,0.9734527325996973,-0.0005769668395173857,1766.6666666666667,0.023562792869149942,True,0.5734771192073822,0.06910851304228219,True,False,True,0.85,True,False,False,0,True,True,True,True,True,False,True,False,True,0,0,False,0,15,24,15,,,,False,False,False,
312,2026-08-18T22:00:49.783780,shadow,analysis_full,silero,webrtc,True,0.6038818955421448,True,True,True,1,False,True,False,0,0.0,,,,,,,,,,,,,0.0031449473508708935,0.7670779432916022,0.19666179660868077,0.03626025978174667,,,,,,,,,,,,,,False,True,temporal_v1,False,0.00018313073412625904,0.11899791231732777,3.1738363993935472,0.9287683782139354,71.62009850676979,1458.3177801048594,0.0024124197456664178,0.0006184909962619811,0.0001140366079424946,0.0,0.0,0.07731756715801853,0.0596145335492222,0.022932075931475924,0.030106092452376377,0.4017747154423432,248.77827710493025,0.008776148777115442,1.2389877702792391,-0.0007354160717489207,1400.0,0.013084780775097535,True,0.584911972284317,0.07731756715801853,True,False,True,0.85,True,False,False,0,True,True,True,True,True,False,True,False,True,0,0,False,0,15,24,15,,,,False,False,False,
313,2026-08-18T22:00:49.794010,shadow,analysis_full,silero,webrtc,True,0.5673760175704956,True,True,False,1,False,True,False,0,0.0,,,,,,,,,,,,,0.008868924945806418,0.8850022312299259,0.09511682696757634,0.01988094168974456,,,,,,,,,,,,,,False,False,temporal_v1,False,0.0002844197747644489,0.09603340292275574,2.883502454732216,0.9513333590098279,75.62566993032722,1316.0083400817857,0.00784901836564943,0.0008435839994586904,0.0001763225796982983,0.0,0.0,0.07416315558181814,0.056715080198577496,0.022673634161673593,0.028662142034228677,0.400622677623014,245.47389049835215,0.01073782151275898,1.5970662686611115,-0.0009556363581853931,733.3333333333334,0.004376618220234576,True,0.584911972284317,0.07416315558181814,True,False,True,0.85,False,False,False,0,True,False,True,False,True,False,True,False,True,0,1,False,0,15,24,15,,,,False,False,False,
314,2026-08-18T22:00:49.804950,shadow,analysis_full,silero,webrtc,True,0.5304916501045227,True,True,False,1,False,True,False,0,0.0,,,,,,,,,,,,,0.0074187075958941145,0.8429265646614128,0.13879992651285208,0.018273508690940715,,,,,,,,,,,,,,False,False,temporal_v1,False,0.0002702063977163616,0.07724425887265135,3.4055433458928377,0.9458959306656072,75.14948428071685,1378.744301393393,0.0062534257080345546,0.0010297160691304407,0.000135565817729119,0.0,0.0,0.06825037463805203,0.05240098400566372,0.021844175688533148,0.027577173909432113,0.3846940750858687,235.55538949351254,0.007691380326822318,0.87251261643502,-0.0005251490724391798,933.3333333333334,0.02529094656356559,True,0.584911972284317,0.06825037463805203,True,False,True,0.85,True,False,False,0,True,False,True,False,True,False,True,False,True,0,2,False,0,15,24,15,,,,False,False,False,
315,2026-08-18T22:00:49.816072,shadow,analysis_full,silero,webrtc,True,0.5166463851928711,True,True,False,1,False,True,False,0,0.0,,,,,,,,,,,,,0.008606881580283299,0.7919722893800889,0.16918913432653693,0.038838576177187965,,,,,,,,,,,,,,False,True,temporal_v1,False,0.000285522977488909,0.10020876826722339,3.4037496549550537,0.9311589047027071,75.5667355998909,1408.1031108166492,0.006816411709560282,0.0014561908438191476,0.00033427902590386883,0.0,0.0,0.07220480193680014,0.05549908141195026,0.02240844951149896,0.027131040797716725,0.4140749380826589,237.9749838099428,0.0055202658942352135,1.4256286061242527,-0.0008438581454699544,1233.3333333333335,0.008700006473576254,True,0.584911972284317,0.07220480193680014,True,False,True,0.85,True,False,False,0,True,False,True,False,True,False,True,False,True,0,3,False,0,15,24,15,,,,False,False,False,
316,2026-08-18T22:00:49.827775,shadow,analysis_full,silero,webrtc,True,0.5028597116470337,True,True,False,1,False,True,False,0,0.0,,,,,,,,,,,,,0.008661310171633572,0.7123633904201639,0.24912091972081843,0.03851568974356179,,,,,,,,,,,,,,False,True,temporal_v1,False,0.00028739443684534425,0.09812108559498957,3.4486988370426808,0.921956285943619,75.57888932524718,1432.5566072401714,0.006170000279345543,0.0021577135559446353,0.00033359633534339457,0.0,0.0,0.07583434361860314,0.061520128536720925,0.021460948904401353,0.027007869108636708,0.39488062716950495,211.04833817643774,0.005613921701789666,1.282790308790982,-0.0007739573979555777,1333.3333333333335,0.016701813993998844,True,0.5777835845947266,0.07583434361860314,True,False,True,0.85,True,False,False,0,True,False,True,False,True,False,True,False,True,0,4,False,0,15,24,15,,,,False,False,False,
317,2026-08-18T22:00:49.840530,shadow,analysis_full,silero,webrtc,True,0.53590989112854,True,True,False,1,False,True,False,0,0.0,,,,,,,,,,,,,0.015964516725703735,0.8278926922998662,0.1402290458936271,0.031878261743868014,,,,,,,,,,,,,,False,False,temporal_v1,False,0.000391461982000874,0.08559498956158663,3.1945692479052314,0.9485186359549611,78.41292374928973,1276.4373139306044,0.013216906733309108,0.0022386889485982867,0.0005089210427963424,0.0,0.0,0.065476982918016,0.05377731925561756,0.019772456211433545,0.02619272275531501,0.34853217740742076,177.11497390962631,0.0067518111310919116,1.2039511847015634,-0.0007213197879066327,1000.0000000000001,0.010487082700783627,True,0.5663487315177917,0.065476982918016,True,False,True,0.85,True,False,False,0,True,False,True,False,True,False,True,False,True,0,5,False,0,15,24,15,,,,False,False,False,
318,2026-08-18T22:00:49.848703,shadow,analysis_full,silero,webrtc,True,0.5842947959899902,True,True,False,1,False,True,False,0,0.0,,,,,,,,,,,,,0.038503064234145415,0.9204155254502936,0.060317418878495774,0.019267055645238767,,,,,,,,,,,,,,False,False,temporal_v1,False,0.0005984355289401964,0.08768267223382047,2.79083759031391,0.9584178884969662,82.1604871954259,1173.4904436988463,0.03543881809851736,0.002322405453516578,0.0007418406811114823,0.0,0.0,0.06488600953173378,0.05548996700728062,0.01807319461231331,0.02438570647256591,0.2969275256709353,148.9726167644581,0.00603591848879184,1.421468300314924,-0.0008562304744383894,800.0,0.0038540694033768405,True,0.5758354067802429,0.06488600953173378,True,False,True,0.85,False,False,False,0,True,False,True,False,True,False,True,False,True,0,6,False,0,15,24,15,,,,False,False,False,
319,2026-08-18T22:00:49.855764,shadow,analysis_full,silero,webrtc,True,0.5878452658653259,True,True,False,1,False,True,False,0,0.0,,,,,,,,,,,,,0.04268623549889882,0.9453110340810682,0.03842006935863819,0.01626889653686693,,,,,,,,,,,,,,False,False,temporal_v1,False,0.0006175909403468032,0.07515657620041753,2.680719383350842,0.9555491858283524,82.42195250171507,1493.446172247903,0.04035176942049205,0.0016400081285268563,0.0006944579488799212,0.0,0.0,0.06853431891001723,0.06022967494918051,0.01703089840506187,0.025576455944801988,0.28020794045170677,135.97404717066468,0.0040929448218326465,0.720415906059107,-0.00043949196267754935,700.0,0.025598078975886004,True,0.5758354067802429,0.06853431891001723,True,False,True,0.85,False,False,False,0,True,False,True,False,True,False,True,False,True,0,7,False,0,15,24,15,,,,False,False,False,
320,2026-08-18T22:00:49.860291,shadow,analysis_full,silero,webrtc,True,0.5878452658653259,True,True,True,1,False,True,False,0,0.0,,,,,,,,,,,,,0.03209983213099018,0.9422534457877088,0.047728221733391446,0.010018332447746903,,,,,,,,,,,,,,False,False,temporal_v1,False,0.0005383711699752508,0.08977035490605428,2.682833252022897,0.962230290725116,81.25653742867445,1157.7154451399733,0.030246177434632506,0.0015320679055525425,0.00032158678980512756,0.0,0.0,0.07503602131500768,0.06439200642442752,0.018366220285543612,0.025432910861269666,0.28539715539987365,149.04996112000225,0.005968200088937376,1.1117058405647433,-0.0006561996185766275,733.3333333333334,0.005831837574321992,True,0.5758354067802429,0.07503602131500768,True,False,True,0.85,False,False,False,0,True,True,True,True,True,False,True,False,True,0,0,False,0,15,24,15,,,,False,False,False,
321,2026-08-18T22:00:49.872568,shadow,analysis_full,silero,webrtc,True,0.5891960263252258,True,True,True,1,False,True,False,0,0.0,,,,,,,,,,,,,0.03339549495505477,0.9386666368713033,0.03976241078144861,0.021570952317304094,,,,,,,,,,,,,,False,False,temporal_v1,False,0.0005470537595596078,0.07515657620041753,2.7112932094219846,0.952231840386496,81.35064681166116,1412.3566242608592,0.03134723693611383,0.0013278853886526825,0.0007203726292882559,0.0,0.0,0.07798730702086572,0.06940348036503331,0.00982335134120612,0.012938580736823526,0.30430032784364225,110.41124022893665,0.008761482401533684,0.9446525489155632,-0.0005630352688110725,800.0,0.016270988289242116,True,0.5758354067802429,0.07798730702086572,True,False,True,0.85,False,False,False,0,True,True,True,True,True,False,True,False,True,0,0,False,0,15,24,15,,,,False,False,False,
322,2026-08-18T22:00:49.883788,shadow,analysis_full,silero,webrtc,True,0.5435024499893188,True,True,True,1,False,True,False,0,0.0,,,,,,,,,,,,,0.015489183026633206,0.9161848781550371,0.06772370763473284,0.016091414145668802,,,,,,,,,,,,,,False,False,temporal_v1,False,0.0003775690150929592,0.081419624217119,2.9733469013943523,0.9575260181181197,78.13782921927016,1214.074514897518,0.014190955263977014,0.0010489849027965736,0.0002492428588596187,0.0,0.0,0.07341527566407777,0.0653650775514427,0.009380775654314956,0.00891858428530014,0.30125050867197284,110.92091018493494,0.010089428547358463,1.3306002493443998,-0.000804289370041346,800.0,0.007379875015788524,True,0.5554392337799072,0.07341527566407777,True,False,True,0.85,False,False,False,0,True,True,True,True,True,False,True,False,True,0,0,False,0,15,24,15,,,,False,False,False,
323,2026-08-18T22:00:49.889835,shadow,analysis_full,silero,webrtc,True,0.5241448879241943,True,True,True,1,False,True,False,0,0.0,,,,,,,,,,,,,0.04333420235661699,0.9429001628516723,0.04454688614751594,0.012552950977735306,,,,,,,,,,,,,,False,False,temporal_v1,False,0.0006237125904417115,0.07515657620041753,2.699575097581613,0.9634010953880228,82.5436440764359,1229.3611047048444,0.04085982645910148,0.0019304037786736338,0.0005439721178418748,0.0,0.0,0.07641071735074963,0.06781649573902006,0.009873786306441524,0.008918584285300141,0.3142069568343787,114.70561307902092,0.012345271185401187,1.2295904868807934,-0.0007354714332216887,666.6666666666667,0.006293627302781325,True,0.5397061705589294,0.07641071735074963,True,False,True,0.85,False,False,False,0,True,True,True,True,True,False,True,False,True,0,0,False,0,15,24,15,,,,False,False,False,
324,2026-08-18T22:00:49.899966,shadow,analysis_full,silero,webrtc,True,0.515804648399353,True,True,False,1,False,True,False,0,0.0,,,,,,,,,,,,,0.048426865847808004,0.9545715516448054,0.04036935298322892,0.0050590953513160045,,,,,,,,,,,,,,False,False,temporal_v1,False,0.0006573001400556008,0.06889352818371608,2.6687481869771807,0.9725897083717417,83.04156346204998,1117.2293647688791,0.046226908473636925,0.0019549612412816347,0.00024499613188944927,0.0,0.0,0.07858293470519194,0.06854951073535052,0.01113202195975091,0.009900547558563155,0.2961307264986954,126.94860224460857,0.009676709414208604,0.997700371063815,-0.000598007280610243,633.3333333333334,0.00811641001092897,True,0.5397061705589294,0.07858293470519194,True,False,True,0.85,False,False,False,0,True,False,True,False,True,False,True,False,True,0,1,False,0,15,24,15,,,,False,False,False,
325,2026-08-18T22:00:49.907096,shadow,analysis_full,silero,webrtc,False,0.46725594997406006,True,True,True,1,False,True,False,0,0.0,,,,,,,,,,,,,0.010584688416624766,0.8648775041902335,0.11282451903974232,0.022297976675548024,,,,,,,,,,,,,,False,False,temporal_v1,False,0.00032966425922240176,0.05219206680584551,2.9695301602654154,0.9572877606793933,76.9486350011813,1340.9866076845483,0.009154458900401702,0.0011942123797912209,0.00023601713543184238,0.0,0.0,0.07235458792676513,0.06394800083441553,0.009463257733383152,0.012130136990675534,0.25124504848717116,122.29414318249451,0.009070095859759765,1.0938788810040723,-0.0006564218194721351,766.6666666666667,0.016648883772643893,True,0.5397061705589294,0.07235458792676513,True,False,True,0.85,False,False,False,0,True,True,True,True,True,False,True,False,True,0,0,False,0,15,24,15,,,,False,False,False,
326,2026-08-18T22:00:49.912676,shadow,analysis_full,silero,webrtc,True,0.5083852410316467,True,True,True,1,False,True,False,0,0.0,,,,,,,,,,,,,0.012658214531798898,0.8939450698264844,0.08981600961100399,0.01623892048351151,,,,,,,,,,,,,,False,False,temporal_v1,False,0.0003577812941849439,0.060542797494780795,2.953110670749146,0.9607902411969185,77.68166888893705,1267.1096018357237,0.011315748473507584,0.0011369103180462001,0.00020555573924511215,0.0,0.0,0.038908927286782226,0.03340327415541532,0.00698823347569459,0.011396529489733763,0.17047116737176324,111.93337136425615,0.0026716695846839677,1.2756505822364244,-0.0007653517826058119,833.3333333333334,0.008960254068457511,True,0.5397061705589294,0.038908927286782226,True,False,False,0.85,False,False,False,0,True,True,True,True,True,False,True,False,True,0,0,False,0,15,24,15,,,,False,False,False,
327,2026-08-18T22:00:49.917719,shadow,analysis_full,silero,webrtc,False,0.4962657392024994,True,True,True,1,False,True,False,0,0.0,,,,,,,,,,,,,0.08552495440710335,0.9934421359430982,0.0048194934604486855,0.001738370584760772,,,,,,,,,,,,,,False,False,temporal_v1,False,0.0008792934900864469,0.06263048016701461,2.3562526780795885,0.9765664556297022,85.59052553881321,983.9366989691271,0.08496409338262884,0.00041218695847020656,0.00014867406500431463,0.0,0.0,0.03326046771838898,0.028541220290432157,0.006454187523913329,0.011375476180229879,0.1777557148947378,140.5293659960396,0.018604635126866945,0.731115428717214,-0.0004616693644392739,633.3333333333334,0.004463026934757367,True,0.5338236689567566,0.03326046771838898,True,False,False,0.85,False,False,False,0,True,True,True,True,True,False,True,False,True,0,0,False,0,15,24,15,,,,False,False,False,
328,2026-08-18T22:00:49.923786,shadow,analysis_full,silero,webrtc,True,0.539106547832489,True,True,True,1,False,True,False,0,0.0,,,,,,,,,,,,,0.04917984186750806,0.9760625236910367,0.015280797075310415,0.008656679213319453,,,,,,,,,,,,,,False,False,temporal_v1,False,0.000660665535789367,0.08350730688935282,2.292779698842416,0.9682630106590197,83.06650016003316,1139.9133403647095,0.048002600567926025,0.0007515071837732459,0.00042573411480879473,0.0,0.0,0.03555692414014286,0.030756217056118532,0.006391081725265036,0.01089002200897284,0.22297478005113738,142.4419104708297,0.02122980427598296,0.9126841538658388,-0.0005567890157831048,666.6666666666667,0.006089173091823353,True,0.5316257178783417,0.03555692414014286,True,False,False,0.85,False,False,False,0,True,True,True,True,True,False,True,False,True,0,0,False,0,15,24,15,,,,False,False,False,
329,2026-08-18T22:00:49.930231,shadow,analysis_full,silero,webrtc,True,0.5192276835441589,True,True,False,1,False,True,False,0,0.0,,,,,,,,,,,,,0.055780391240170514,0.9715972012817532,0.019941280333068422,0.008461518367250925,,,,,,,,,,,,,,False,False,temporal_v1,False,0.0007066237507803761,0.08768267223382047,2.3958695273484407,0.9649892972609677,83.63731889232213,1260.1856119411643,0.05419607201535089,0.0011123324188084744,0.00047198680501114545,0.0,0.0,0.03702854276721103,0.03193666716847273,0.006426870144517163,0.011811561720096564,0.2409386487940477,114.70909891298881,0.005764694843005721,0.7670140782931252,-0.0004672016155772031,700.0,0.010139254104972004,True,0.5216862857341766,0.03702854276721103,True,False,False,0.85,False,False,False,0,True,False,True,False,True,False,True,False,True,0,1,False,0,15,24,15,,,,False,False,False,
330,2026-08-18T22:00:49.935895,shadow,analysis_full,silero,webrtc,False,0.4619418978691101,True,True,False,1,False,True,False,0,0.0,,,,,,,,,,,,,0.03419429484776006,0.9540958218482787,0.03598397964289726,0.009920198479579534,,,,,,,,,,,,,,False,False,temporal_v1,False,0.0005516221463727764,0.08559498956158663,2.4794266741965254,0.9644365299541019,81.47832362542268,1020.7338439622813,0.03262463384529599,0.0012304468097050247,0.0003392141917590436,0.0,0.0,0.03728772420958314,0.03215063267498151,0.006430372658675227,0.011298587998108399,0.24752095908584124,127.83579509647805,0.0075179605279192315,1.7378326729086881,-0.00105039028040735,700.0,0.00068022094545891,True,0.517516165971756,0.03728772420958314,True,False,False,0.85,False,False,False,0,True,False,True,False,True,False,True,False,True,0,2,False,0,15,24,15,,,,False,False,False,
331,2026-08-18T22:00:49.956848,shadow,analysis_full,silero,webrtc,False,0.4800107181072235,True,True,False,1,False,True,False,0,0.0,,,,,,,,,,,,,0.006626241583539882,0.8797517589659541,0.09166766859685152,0.028580572286279186,,,,,,,,,,,,,,False,False,temporal_v1,False,0.0002448044491803211,0.0709812108559499,3.0890973685376597,0.9446741567386092,74.27330828117674,1330.804101665989,0.00582944768845256,0.0006074121175226106,0.00018938177656471067,0.0,0.0,0.041544512655846626,0.03463948997710137,0.0076698592587227474,0.0112985879981084,0.2806149269835109,115.99095473000223,0.01761994301700966,1.8775465074834667,-0.0011485200091815907,800.0,0.002615203215107309,True,0.5120949447154999,0.041544512655846626,True,False,False,0.85,False,False,False,0,True,False,True,False,True,False,True,False,True,0,3,False,0,15,24,15,,,,False,False,False,
332,2026-08-18T22:00:49.966464,shadow,analysis_full,silero,webrtc,True,0.5036801099777222,True,True,False,1,False,True,False,0,0.0,,,,,,,,,,,,,0.024523882480475854,0.9598717012930365,0.0367218977983809,0.0034064008678061876,,,,,,,,,,,,,,False,False,temporal_v1,False,0.00047113707703018773,0.060542797494780795,2.047011789878432,0.9787501773476284,80.1670231552434,1016.0098185965393,0.023539780798844848,0.0009005635060675381,8.35381745634699e-05,0.0,0.0,0.04166013846319054,0.03450718018754727,0.008084776510865132,0.01145184814355113,0.32103916645951064,126.68100416455982,0.018015251681339165,1.052928989773898,-0.0006354547747574532,500.00000000000006,0.0030171700574248774,True,0.5060326755046844,0.04166013846319054,True,False,False,0.85,False,False,False,0,True,False,True,False,True,False,True,False,True,0,4,False,0,15,24,15,,,,False,False,False,
333,2026-08-18T22:00:49.972832,shadow,analysis_full,silero,webrtc,False,0.4441125690937042,True,True,False,1,True,True,False,1,0.0,,,,,,,,,,,,,0.003984505514344403,0.8221249052113241,0.1398471953924299,0.03802789914527364,,,,,,,,,,,,,,False,True,temporal_v1,False,0.00019699206852825745,0.05636743215031315,3.3449340387491993,0.9365424315388761,72.30811796320793,1363.7277494627972,0.0032757612182943907,0.0005572219212067361,0.00015152237384327564,0.0,0.0,0.05437694814877154,0.04381214260260183,0.011320841133382237,0.012101358451932725,0.3924661538977306,138.74924521860018,0.017747811201716944,2.380421993006374,-0.0014648632780790987,1066.6666666666667,0.0009148374106241868,True,0.4999729245901108,0.05437694814877154,True,True,True,0.85,True,True,True,1,True,False,True,False,True,False,True,False,True,0,5,True,1,15,24,15,,,,False,False,False,
