frame,timestamp,processing_mode,detector_profile,speech_detector_implementation,comparison_speech_detector_implementation,is_speech,speech_probability,speech_gate_open,comparison_speech_evaluated,comparison_speech_is_speech,comparison_speech_aggressiveness,is_whisper,whisper_processed,trigger,raw_score,whisper_probability,stage1_silero_threshold,stage1_silero_low_pass,stage1_enter_count,stage1_exit_count,stage1_candidate,zcr_threshold,zcr_pass,centroid_threshold,centroid_pass,group_a_pass,entropy_threshold,group_b_pass,total_band_energy,low_proportion,mid_proportion,high_proportion,low_proportion_threshold,group_c_pass,silero_rolling_median,high_silero_threshold,high_silero_raw,high_silero_count,high_silero_normal_evidence,silero_penalty,group_count,effective_group_score,grouped_v1_raw_is_whisper,stage2_is_whisper,stage2_consecutive_count,legacy_is_whisper,grouped_v1_is_whisper,whisper_classifier_implementation,final_trigger,rms,zcr,entropy,voicing,hnr,spectral_centroid,band_energy_low,band_energy_mid,band_energy_high,temporal_score,formant_score,low_proportion_std,mid_proportion_std,high_proportion_std,zcr_std,entropy_std,spectral_centroid_std,spectral_flux,cepstral_peak_prominence,spectral_slope,spectral_rolloff,spectral_flatness,temporal_v1_window_full,temporal_v1_silero_median,temporal_v1_low_proportion_std,temporal_v1_silero_min_pass,temporal_v1_silero_max_pass,temporal_v1_low_proportion_std_pass,temporal_v1_low_proportion_max,temporal_v1_low_proportion_max_pass,temporal_v1_raw_is_whisper,temporal_v1_is_whisper,temporal_v1_qualifying_run,webrtc_mode_0_evaluated,webrtc_mode_0_is_speech,webrtc_mode_1_evaluated,webrtc_mode_1_is_speech,webrtc_mode_2_evaluated,webrtc_mode_2_is_speech,webrtc_mode_3_evaluated,webrtc_mode_3_is_speech,webrtc_assist_open,webrtc_assist_enter_count,webrtc_assist_exit_count,temporal_candidate,temporal_qualifying_run,assisted_confirmation_requirement,fallback_confirmation_requirement,confirmation_requirement,threshold_crossing_route,trigger_route,trigger_suppression_reason,actuation_enabled,actuation_requested,actuation_started,actuation_suppression_reason
0,2026-08-18T22:00:15.566015,shadow,analysis_full,silero,webrtc,False,0.0,True,True,True,1,False,True,False,0,0.0,,,,,,,,,,,,,50.77939459795024,0.23473870301803368,0.4529245317968193,0.31233676518512726,,,,,,,,,,,,,,True,False,temporal_v1,False,0.021447259150717633,0.24425887265135698,4.733079157118986,0.6601807237520488,111.64332802741184,2221.136122809872,11.919889227963784,22.999233523202545,15.860271846782904,0.0,0.0,,,,,,,,1.468049737160161,-0.0008695447388880957,3233.3333333333335,0.031073308595909236,False,,,,,,0.85,True,False,False,0,True,True,True,True,True,True,True,True,False,1,0,False,0,15,24,24,,,,False,False,False,
1,2026-08-18T22:00:15.843296,shadow,analysis_full,silero,webrtc,False,0.009682819247245789,True,True,True,1,False,True,False,0,0.0,,,,,,,,,,,,,0.31078533174910766,0.1312308488092404,0.7776248435884402,0.09114430759910173,,,,,,,,,,,,,,False,False,temporal_v1,False,0.0016681859376242588,0.2546972860125261,3.0097645502049297,0.7911470482013666,90.24403588315212,2008.4144419210684,0.04078462288289677,0.24167439499098134,0.02832631387422955,0.0,0.0,,,,,,,0.014046233227410743,1.1151940713959954,-0.0006479496727175091,2433.3333333333335,0.011170856820740921,False,,,,,,0.85,True,False,False,0,True,True,True,True,True,True,True,True,False,2,0,False,0,15,24,24,,,,False,False,False,
2,2026-08-18T22:00:15.955443,shadow,analysis_full,silero,webrtc,False,0.015015911310911179,True,True,True,1,False,True,False,0,0.0,,,,,,,,,,,,,0.25535849516139764,0.21480020489663762,0.5526701617169267,0.23252963338251945,,,,,,,,,,,,,,False,False,temporal_v1,False,0.0015080503661187457,0.24634655532359082,2.9418980051952768,0.7116262351730414,88.90769122512137,1897.0087816629339,0.05485105708276526,0.1411290208166407,0.05937841726099166,0.0,0.0,,,,,,,0.01178288498211376,1.207994541345276,-0.0007043686386851431,2500.0,0.008042518186755915,False,,,,,,0.85,True,False,False,0,True,True,True,True,True,True,True,True,False,3,0,False,0,15,24,24,,,,False,False,False,
3,2026-08-18T22:00:15.968129,shadow,analysis_full,silero,webrtc,False,0.010436740703880787,True,True,True,1,False,True,False,0,0.0,,,,,,,,,,,,,0.38804785413398424,0.14056468248579423,0.6276845544480517,0.23175076306357717,,,,,,,,,,,,,,False,True,temporal_v1,False,0.0018574512373704221,0.2630480167014614,2.55381402215379,0.7980503442357127,91.21543630590389,1832.940067065114,0.05454582340563729,0.24357164442661247,0.08993038630073454,0.0,0.0,,,,,,,0.013096889558241984,1.3506019482166547,-0.0008122132000260022,2500.0,0.0033909930700484064,False,,,,,,0.85,True,False,False,0,True,True,True,True,True,False,True,False,False,4,0,False,0,15,24,24,,,,False,False,False,
4,2026-08-18T22:00:15.979750,shadow,analysis_full,silero,webrtc,False,0.01096449326723814,True,True,False,1,False,True,False,0,0.0,,,,,,,,,,,,,0.3447334052696285,0.08109177259475173,0.7146520446081771,0.20425618279417038,,,,,,,,,,,,,,False,True,temporal_v1,False,0.0017439692031978914,0.27348643006263046,2.4951129422297273,0.8181033076340778,90.77537597209039,2007.2228534261585,0.027955042905939097,0.24636443292067933,0.07041392944201005,0.0,0.0,,,,,,,0.0056645996758397975,0.9657907963411254,-0.0005597083579056466,2500.0,0.006313455766725817,False,,,,,,0.85,True,False,False,0,True,False,True,False,True,False,True,False,False,0,0,False,0,15,24,24,,,,False,False,False,
5,2026-08-18T22:00:15.991195,shadow,analysis_full,silero,webrtc,False,0.010760019533336163,True,True,False,1,False,True,False,0,0.0,,,,,,,,,,,,,0.4823194615628546,0.06790283982160164,0.7425681132677682,0.1895290469085569,,,,,,,,,,,,,,False,True,temporal_v1,False,0.0020570650550520353,0.2839248434237996,2.3879432584187756,0.8616391146575133,92.43485260578218,1990.7845744383123,0.032750861141343665,0.35815505256505475,0.09141354785545618,0.0,0.0,,,,,,,0.007082176650176472,1.5827864542637562,-0.0009297423547768107,2500.0,0.0011728084958731488,False,,,,,,0.85,True,False,False,0,True,False,True,False,True,False,True,False,False,0,0,False,0,15,24,24,,,,False,False,False,
6,2026-08-18T22:00:16.001164,shadow,analysis_full,silero,webrtc,False,0.009430764243006706,True,True,False,1,False,True,False,0,0.0,,,,,,,,,,,,,0.3505399064244115,0.04220370919820935,0.807622140227556,0.1501741505713821,,,,,,,,,,,,,,False,True,temporal_v1,False,0.0017584300127786205,0.2818371607515658,2.6696522332779975,0.8725731655341641,91.12671924853734,2123.834536888651,0.014794084273103381,0.28310378946165043,0.05264203268865776,0.0,0.0,,,,,,,0.010038685933434184,0.8728299564475476,-0.0005020422095217987,2466.666666666667,0.005392685848644519,False,,,,,,0.85,True,False,False,0,True,False,True,False,True,False,True,False,False,0,0,False,0,15,24,24,,,,False,False,False,
7,2026-08-18T22:00:16.011131,shadow,analysis_full,silero,webrtc,False,0.008606250397861004,True,True,False,1,False,True,False,0,0.0,,,,,,,,,,,,,0.29820523978359653,0.025122017693917885,0.8479035288204789,0.12697445348224984,,,,,,,,,,,,,,False,True,temporal_v1,False,0.0016249297325851711,0.2776617954070981,2.6171634822937158,0.8529363740105503,90.34191307362327,2103.8399715950763,0.0074915173102625375,0.25284927512526856,0.037864447347065434,0.0,0.0,,,,,,,0.006669945250414981,1.4356451057176949,-0.0008446440289264867,2466.666666666667,0.0016324721117670037,False,,,,,,0.85,True,False,False,0,True,False,True,False,True,False,True,False,False,0,0,False,0,15,24,24,,,,False,False,False,
8,2026-08-18T22:00:16.018186,shadow,analysis_full,silero,webrtc,False,0.006942878011614084,True,True,False,1,False,True,False,0,0.0,,,,,,,,,,,,,0.2553489949878075,0.0769426383627291,0.7422845525384033,0.18077280909495141,,,,,,,,,,,,,,False,True,temporal_v1,False,0.0015072639076397858,0.27348643006263046,3.015840436769741,0.8267615381490737,89.55341355858296,2222.855514126502,0.0196472253776332,0.18954161448565568,0.04616015512351863,0.0,0.0,,,,,,,0.015960903135218193,0.7249548434054971,-0.0004211071645160491,2533.3333333333335,0.013392802676578261,False,,,,,,0.85,True,False,False,0,True,False,True,False,True,False,True,False,False,0,0,False,0,15,24,24,,,,False,False,False,
9,2026-08-18T22:00:16.032280,shadow,analysis_full,silero,webrtc,False,0.0059114499017596245,True,True,False,1,True,True,False,1,0.0,,,,,,,,,,,,,0.24234622561241306,0.12719473508677687,0.672234903909298,0.20057036099979872,,,,,,,,,,,,,,False,True,temporal_v1,False,0.001473467527068745,0.22755741127348644,3.2526785642314344,0.7787484564092115,89.09699265090723,1989.159798548024,0.03082516396605114,0.16291359168734154,0.04860746995802036,0.0,0.0,0.06599244717674983,0.11474702399255324,0.05848856798779772,0.017832281005480267,0.6438163831311964,121.55188072326372,0.005986975293861719,1.1581214961965618,-0.0006762357449491595,2566.666666666667,0.00657282819036752,True,0.009556791745126247,0.06599244717674983,True,True,True,0.85,True,True,True,1,True,False,True,False,True,False,True,False,False,0,0,True,1,15,24,24,,,,False,False,False,
10,2026-08-18T22:00:16.045268,shadow,analysis_full,silero,webrtc,False,0.00761762261390686,True,True,False,1,True,True,False,1,0.0,,,,,,,,,,,,,0.28254153739299737,0.14459112582268685,0.745523960616726,0.10988491355704787,,,,,,,,,,,,,,False,True,temporal_v1,False,0.001580529056615957,0.24634655532359082,2.906040600140538,0.7125412369375139,89.32093145634295,1953.529524888036,0.04085299898332626,0.2106414859959662,0.031047052412704924,0.0,0.0,0.05397005325227618,0.08231149232980739,0.047301119210327876,0.017627015806105796,0.2642739454438269,107.28656845326536,0.007420376794712956,1.4374287635887373,-0.0008476092949534404,2433.3333333333335,0.005225319309952605,True,0.009556791745126247,0.05397005325227618,True,True,True,0.85,True,True,True,2,True,False,True,False,True,False,True,False,False,0,0,True,2,15,24,24,,,,False,False,False,
11,2026-08-18T22:00:16.058922,shadow,analysis_full,silero,webrtc,False,0.00863820593804121,True,True,False,1,True,True,False,1,0.0,,,,,,,,,,,,,0.17840608287660584,0.27805698535825457,0.6211472852986739,0.10079572933746618,,,,,,,,,,,,,,False,True,temporal_v1,False,0.0012685786300446042,0.18580375782881003,3.2602791436092704,0.7405589289671239,87.5777641811795,1745.7466977918334,0.04960705757424394,0.11081645405957395,0.017982571241787922,0.0,0.0,0.0749561501700563,0.08527453144532655,0.04571838521331174,0.02915589185819806,0.29453475046040056,134.00985342839272,0.008598087975363954,1.3913432107935493,-0.0008189138642720233,2433.3333333333335,0.004689940291104403,True,0.009034485090523958,0.0749561501700563,True,True,True,0.85,True,True,True,3,True,False,True,False,True,False,True,False,False,0,0,True,3,15,24,24,,,,False,False,False,
12,2026-08-18T22:00:16.069696,shadow,analysis_full,silero,webrtc,False,0.006697661243379116,True,True,False,1,True,True,False,1,0.0,,,,,,,,,,,,,0.14431520713343984,0.21156887744413092,0.5940276091531715,0.1944035133957682,,,,,,,,,,,,,,False,True,temporal_v1,False,0.0011296709166914113,0.2588726513569937,3.3411540846529664,0.697286061283735,86.30864010980855,2046.2360663968725,0.030532606371339102,0.085727217457922,0.028055383303178735,0.0,0.0,0.07455199023291434,0.0783938648134411,0.04201145077034915,0.028984976019722088,0.3341048452629851,131.47694735030743,0.00628713749780838,0.8833312681252572,-0.0005090566248433637,2533.3333333333335,0.022528799632256617,True,0.008622228167951107,0.07455199023291434,True,True,True,0.85,True,True,True,4,True,False,True,False,True,False,True,False,False,0,0,True,4,15,24,24,,,,False,False,False,
13,2026-08-18T22:00:16.082168,shadow,analysis_full,silero,webrtc,False,0.0054001398384571075,True,True,False,1,True,True,False,1,0.0,,,,,,,,,,,,,0.09707945941145482,0.17902537062593782,0.6547201353722855,0.16625449399147596,,,,,,,,,,,,,,False,True,temporal_v1,False,0.0009254863933577244,0.2609603340292276,3.0085166677239803,0.7018043706091153,84.60332750819147,1936.5028511632613,0.017379686201301387,0.06355987680773599,0.01613989640141745,0.0,0.0,0.07650475642071347,0.07588036946176813,0.03644021161696928,0.028949617924285118,0.3214056067020331,121.4815701759487,0.009515735789444608,1.3193400832465743,-0.0007768050021319716,2533.3333333333335,0.005100015388076924,True,0.008111936505883932,0.07650475642071347,True,True,True,0.85,True,True,True,5,True,False,True,False,True,False,True,False,False,0,0,True,5,15,24,24,,,,False,False,False,
14,2026-08-18T22:00:16.094588,shadow,analysis_full,silero,webrtc,False,0.00466401781886816,True,True,False,1,True,True,False,1,0.0,,,,,,,,,,,,,0.13833502331541453,0.09656021635735275,0.7563103857037884,0.1471293979316301,,,,,,,,,,,,,,False,True,temporal_v1,False,0.0011011650371924155,0.2818371607515658,2.6899323989033253,0.8050453340992599,86.7097084342381,2033.4806531494862,0.013357659781135863,0.10462421484002372,0.02035314869325495,0.0,0.0,0.07578731162823073,0.07692343079691484,0.03380740042168361,0.02952798179585029,0.301859656671598,121.63423837673196,0.008772016574605138,1.1315595459418273,-0.0006483455782360344,2466.666666666667,0.004279961846683113,True,0.007280250312760472,0.07578731162823073,True,True,True,0.85,True,True,True,6,True,False,True,False,True,False,True,False,False,0,0,True,6,15,24,24,,,,False,False,False,
15,2026-08-18T22:00:16.105440,shadow,analysis_full,silero,webrtc,False,0.0051898774690926075,True,True,False,1,True,True,False,1,0.0,,,,,,,,,,,,,0.07142746737795191,0.1751692078830858,0.6073810097989997,0.2174497823039142,,,,,,,,,,,,,,False,True,temporal_v1,False,0.0008003629684250909,0.27348643006263046,3.4799722603837244,0.703020229018503,83.34741357971124,2006.4015000603356,0.012511892881690788,0.043383687263405545,0.015531887231855578,0.0,0.0,0.07453942610757759,0.08312338339539821,0.03737257074973388,0.02876157010320588,0.28870732064239213,121.4185425032528,0.008467757788579897,0.9786920512211353,-0.0005704158551676926,2533.3333333333335,0.013423378397911937,True,0.0068202696274966,0.07453942610757759,True,True,True,0.85,True,True,True,7,True,False,True,False,True,False,True,False,False,0,0,True,7,15,24,24,,,,False,False,False,
16,2026-08-18T22:00:16.115421,shadow,analysis_full,silero,webrtc,False,0.0051898774690926075,True,True,False,1,True,True,False,1,0.0,,,,,,,,,,,,,0.1731244972124871,0.0938680172577119,0.8351406236232716,0.07099135911324027,,,,,,,,,,,,,,False,True,temporal_v1,False,0.0012349692527279057,0.2588726513569937,2.69849364416459,0.8243745997414934,87.80940998925414,2005.6330855575507,0.016250853292074437,0.14458330056650182,0.012290343352910835,0.0,0.0,0.06950434376738548,0.08684996720736292,0.04591030081807071,0.027561364934325625,0.2852754705344667,115.99317727588641,0.011954769221743608,1.0741248624051016,-0.0006254221948825781,2433.3333333333335,0.007674701740467491,True,0.00630455557256937,0.06950434376738548,True,True,True,0.85,True,True,True,8,True,False,True,False,True,False,True,False,False,0,0,True,8,15,24,24,,,,False,False,False,
17,2026-08-18T22:00:16.127329,shadow,analysis_full,silero,webrtc,False,0.0043946183286607265,True,True,False,1,True,True,False,1,0.0,,,,,,,,,,,,,0.15833739892815052,0.24816482416941957,0.6611880044503952,0.09064717137386953,,,,,,,,,,,,,,False,True,temporal_v1,False,0.001201969844055005,0.25260960334029225,3.0505309962038645,0.7189137650023217,86.98032192986011,1774.1972351994666,0.03929377276444772,0.10469078882716998,0.014352837335532805,0.0,0.0,0.06440117525651685,0.07378147567401301,0.04903957819027545,0.026457620186717882,0.250523803035912,129.12871137861038,0.005483421965086824,1.377776335667774,-0.0008177668821790237,2400.0,0.007176742176025829,True,0.005655794870108366,0.06440117525651685,True,True,True,0.85,True,True,True,9,True,False,True,False,True,False,True,False,False,0,0,True,9,15,24,24,,,,False,False,False,
18,2026-08-18T22:00:16.139916,shadow,analysis_full,silero,webrtc,False,0.003652672516182065,True,True,False,1,True,True,False,1,0.0,,,,,,,,,,,,,0.12771750210932167,0.27324084035285173,0.6839615168052623,0.04279764283405618,,,,,,,,,,,,,,False,True,temporal_v1,False,0.0010813003892943417,0.22964509394572025,3.484782909059292,0.7381766270369998,86.17534889692121,1880.4636477897138,0.03489763760411817,0.08735385646527094,0.005466008038932566,0.0,0.0,0.06505701674548196,0.07161184414928301,0.056664097188355786,0.026161920998447663,0.27828405244091725,100.02047921768863,0.004274782535223216,0.9327953884290028,-0.0005460470321158392,2366.666666666667,0.031918887540814934,True,0.0052950086537748575,0.06505701674548196,True,True,True,0.85,True,True,True,10,True,False,True,False,True,False,True,False,False,0,0,True,10,15,24,24,,,,False,False,False,
19,2026-08-18T22:00:16.156223,shadow,analysis_full,silero,webrtc,False,0.0028255977667868137,True,True,False,1,True,True,False,1,0.0,,,,,,,,,,,,,0.07511480256477594,0.282847017838088,0.6371932433344863,0.0799597388141126,,,,,,,,,,,,,,False,True,temporal_v1,False,0.0008353887717263028,0.26931106471816285,3.598790775893293,0.7404515990948467,83.94486269434552,1870.8745110518573,0.02124599790094364,0.04786264466867918,0.00600615999415312,0.0,0.0,0.0684370353509709,0.07290651806193518,0.0540042048292185,0.025961238508074844,0.3124083247620205,100.16272736232992,0.003392888310353026,1.0919560602315088,-0.0006504789015143398,2366.666666666667,0.026567851613656303,True,0.0051898774690926075,0.0684370353509709,True,True,True,0.85,True,True,True,11,True,False,True,False,True,False,True,False,False,0,0,True,11,15,24,24,,,,False,False,False,
20,2026-08-18T22:00:16.169561,shadow,analysis_full,silero,webrtc,False,0.002183440374210477,True,True,False,1,True,True,False,1,0.0,,,,,,,,,,,,,0.05024584733208501,0.4642339081647542,0.435009545582712,0.10075654623263167,,,,,,,,,,,,,,False,True,temporal_v1,False,0.0006852886122513962,0.2359081419624217,3.8934401882646936,0.8041577987211168,82.57967141229939,1696.5326750882152,0.02332582607602341,0.02185742321534862,0.005062598039712976,0.0,0.0,0.10220049671144399,0.09951235122356893,0.054278255759965845,0.026365208831562157,0.3698687406146248,120.52466345567609,0.003085075655549013,1.4472608956528166,-0.0008497049141759685,2366.666666666667,0.01307138266489143,True,0.004926947643980384,0.10220049671144399,True,True,True,0.85,True,True,True,12,True,False,True,False,True,False,True,False,False,0,0,True,12,15,24,24,,,,False,False,False,
21,2026-08-18T22:00:16.181779,shadow,analysis_full,silero,webrtc,False,0.002444423735141754,True,True,False,1,True,True,False,1,0.0,,,,,,,,,,,,,0.04296251776242737,0.4476760405343176,0.519342719978999,0.03298123946340738,,,,,,,,,,,,,,False,True,temporal_v1,False,0.0006334730236082367,0.24425887265135698,3.913020984643434,0.8169348953790975,81.9635590143696,1639.4673716405555,0.019233289843268775,0.022312270831885087,0.00141695708627351,0.0,0.0,0.1210590546161006,0.10674552553929222,0.06029641511548232,0.015607435233040227,0.4200170825687635,137.16122857952303,0.0018030793107745267,1.3758432989754072,-0.0008042124256438296,2300.0,0.014958385920482695,True,0.004529318073764443,0.1210590546161006,True,True,True,0.85,True,True,True,13,True,False,True,False,True,False,True,False,False,0,0,True,13,15,24,24,,,,False,False,False,
22,2026-08-18T22:00:16.197151,shadow,analysis_full,silero,webrtc,False,0.0020940955728292465,True,True,False,1,True,True,False,1,0.0,,,,,,,,,,,,,0.03195886023386719,0.5527319486482066,0.3769365430546022,0.07033150826590083,,,,,,,,,,,,,,False,True,temporal_v1,False,0.0005411911153152254,0.23173277661795408,3.8927829768322035,0.8358149685206946,80.69108210661679,1653.9982556432496,0.017664683093641092,0.012046462296519095,0.0022477148427069993,0.0,0.0,0.15065514974854843,0.13252900830872308,0.0550845252493924,0.017245825827192807,0.4545228852373032,142.5598505596617,0.0020497920322032088,1.2101322928472882,-0.00071525503160249,2333.3333333333335,0.025305491937118382,True,0.004023645422421396,0.15065514974854843,True,True,True,0.85,True,True,True,14,True,False,True,False,True,False,True,False,False,0,0,True,14,15,24,24,,,,False,False,False,
23,2026-08-18T22:00:16.213792,shadow,analysis_full,silero,webrtc,False,0.001998680643737316,True,True,False,1,True,True,False,1,0.0,,,,,,,,,,,,,0.026522337217956483,0.5321806626221122,0.43043129106327616,0.03738804627690768,,,,,,,,,,,,,,False,True,temporal_v1,False,0.000492623768643735,0.22964509394572025,3.8315844482893096,0.8371454551182002,79.87820421024098,1663.527426939586,0.014114674994939187,0.011416043850740588,0.0009916183712767078,0.0,0.0,0.16338370131763805,0.14278220292281926,0.0535820748854121,0.01847215793588614,0.4559459307127048,149.31080620806895,0.002794053367939913,1.2599386113147812,-0.0007408641142964683,2200.0,0.02244197743393973,True,0.0032391351414844394,0.16338370131763805,True,True,True,0.85,True,True,True,15,True,False,True,False,True,False,True,False,False,0,0,True,15,15,24,24,,,,False,False,False,
24,2026-08-18T22:00:16.228994,shadow,analysis_full,silero,webrtc,False,0.0013803356559947133,True,True,False,1,True,True,False,1,0.0,,,,,,,,,,,,,0.014235895445633804,0.6134657530390375,0.3195014319047499,0.06703281498596766,,,,,,,,,,,,,,False,True,temporal_v1,False,0.000365236325569196,0.19624217118997914,3.8920708247588576,0.8602014697748128,77.3824536074157,1610.370765042997,0.008733234319740745,0.004548388979326308,0.0009542721455667504,0.0,0.0,0.16729179039038639,0.15298531736070548,0.05017897848574308,0.02163548460631584,0.3929457034314472,143.347514107691,0.0029670387795795923,1.9337943128362818,-0.0011698820784769924,2300.0,0.005694176989678413,True,0.002635010750964284,0.16729179039038639,True,True,True,0.85,True,True,True,16,True,False,True,False,True,False,True,False,False,0,0,True,16,15,24,24,,,,False,False,False,
25,2026-08-18T22:00:16.242352,shadow,analysis_full,silero,webrtc,False,0.0012517381692305207,True,True,False,1,False,True,False,0,0.0,,,,,,,,,,,,,0.014892741177623315,0.6748653201432327,0.2627261316903978,0.06240854809922258,,,,,,,,,,,,,,False,True,temporal_v1,False,0.0003719832941906009,0.24425887265135698,3.905243167793358,0.8824473523749375,77.65340324970852,1563.910904644261,0.010050594542647064,0.003912712279863274,0.0009294343541129774,0.0,0.0,0.17649952311609837,0.17372955389680575,0.021243901455786328,0.01902427682654616,0.40339110539222417,134.71152266950017,0.0012320414642433164,1.6393194897566203,-0.0009787842082297038,2200.0,0.010332717805088898,True,0.0023139320546761155,0.17649952311609837,False,True,True,0.85,True,False,False,0,True,False,True,False,True,False,True,False,False,0,0,False,0,15,24,24,,,,False,False,False,
26,2026-08-18T22:00:16.258454,shadow,analysis_full,silero,webrtc,False,0.0009365049190819263,True,True,False,1,False,True,False,0,0.0,,,,,,,,,,,,,0.0064611494833259515,0.6300246394044763,0.3245591962885134,0.045416164152239015,,,,,,,,,,,,,,False,False,temporal_v1,False,0.0002490904756713242,0.19832985386221294,3.8743132807183107,0.8768948987996344,74.10362231381377,1563.0952340643862,0.004070683373370851,0.0020970254834082143,0.00029344062554688573,0.0,0.0,0.14910272254172596,0.14515344188796997,0.02195981975771576,0.02131175351142426,0.267155808214724,109.08317155174194,0.0016188091020645306,1.6733007685852452,-0.0010069853146816611,2166.666666666667,0.009297472328183934,True,0.0021387679735198617,0.14910272254172596,False,True,True,0.85,True,False,False,0,True,False,True,False,True,False,True,False,False,0,0,False,0,15,24,24,,,,False,False,False,
27,2026-08-18T22:00:16.270602,shadow,analysis_full,silero,webrtc,False,0.0007713932427577674,True,True,False,1,False,True,False,0,0.0,,,,,,,,,,,,,0.006500608753438056,0.6377640606694499,0.31329650443368856,0.04893943474302965,,,,,,,,,,,,,,False,False,temporal_v1,False,0.00024932505024413443,0.2359081419624217,3.802559739824144,0.8712252600470954,74.08379588097236,1543.9854558515676,0.004145854635416025,0.0020366179991431806,0.00031813611787884905,0.0,0.0,0.13585188256404107,0.13534241767528016,0.020197465810354125,0.020357850009256943,0.13973382087495734,113.43701115781599,0.0014326007877473836,1.6498301670781004,-0.000992804066957586,2333.3333333333335,0.00906472966338533,True,0.0020463881082832813,0.13585188256404107,False,True,True,0.85,True,False,False,0,True,False,True,False,True,False,True,False,False,0,0,False,0,15,24,24,,,,False,False,False,
28,2026-08-18T22:00:16.280634,shadow,analysis_full,silero,webrtc,False,0.0007729841163381934,True,True,False,1,False,True,False,0,0.0,,,,,,,,,,,,,0.0023076402528656222,0.6677963854505856,0.2846701315424574,0.04753348257361388,,,,,,,,,,,,,,False,False,temporal_v1,False,0.0001498812479310678,0.18162839248434237,3.719923857247471,0.8959584919684217,69.65737496911363,1531.365015332349,0.0015410338197839378,0.0006569162543359264,0.00010969017774575799,0.0,0.0,0.11709916708086021,0.1113969876307755,0.01986952779325218,0.025298028325179307,0.0962343288088481,95.10814991590433,0.002806864003105934,1.1559580551336937,-0.0006921154501834184,2066.666666666667,0.024158034339983852,True,0.0016895081498660147,0.11709916708086021,False,True,True,0.85,True,False,False,0,True,False,True,False,True,False,True,False,False,0,0,False,0,15,24,24,,,,False,False,False,
29,2026-08-18T22:00:16.290725,shadow,analysis_full,silero,webrtc,False,0.0007586353458464146,True,True,False,1,False,True,False,0,0.0,,,,,,,,,,,,,0.001759508487348974,0.49283344658478906,0.40573334988000864,0.10143320296686172,,,,,,,,,,,,,,False,False,temporal_v1,False,0.00013100896784380307,0.1837160751565762,3.9913220067487547,0.8401883520908392,68.14687913694878,1794.3256136999705,0.0008671446321153836,0.000713891272714406,0.0001784725815191843,0.0,0.0,0.08028662842272856,0.07618943473366549,0.022915795150791608,0.023880936294288134,0.06921451859592044,77.08464262197242,0.003561435613735956,1.0623353372088584,-0.0006244999870278962,2300.0,0.03735981768378025,True,0.001316036912612617,0.08028662842272856,False,True,True,0.85,True,False,False,0,True,False,True,False,True,False,True,False,False,0,0,False,0,15,24,24,,,,False,False,False,
30,2026-08-18T22:00:16.300523,shadow,analysis_full,silero,webrtc,False,0.0007604840211570263,True,True,False,1,False,True,False,0,0.0,,,,,,,,,,,,,0.0010695046220447638,0.5361172362510871,0.3758870050976671,0.08799575771623351,,,,,,,,,,,,,,False,False,temporal_v1,False,0.00010612681241784924,0.18580375782881003,4.032362459768232,0.8499270608618303,66.22424435581502,1725.1004994672885,0.0005733798621284023,0.00040201288931851866,9.411186959784293e-05,0.0,0.0,0.07328653270875898,0.07292360907263419,0.0209619023333456,0.02486797264331865,0.08446115426421653,80.11339052844241,0.004519958152453342,1.1287530526486758,-0.0006700217124018648,2200.0,0.03226289991532111,True,0.0010941215441562235,0.07328653270875898,False,True,True,0.85,True,False,False,0,True,False,True,False,True,False,True,False,False,0,0,False,0,15,24,24,,,,False,False,False,
31,2026-08-18T22:00:16.313155,shadow,analysis_full,silero,webrtc,False,0.004195522982627153,True,True,False,1,False,True,False,0,0.0,,,,,,,,,,,,,0.009443156344327061,0.2108185653467563,0.7316334715271855,0.057547963020161325,,,,,,,,,,,,,,False,False,temporal_v1,False,0.0002915452207772513,0.17118997912317327,3.9737634435878864,0.7879617443735515,75.0252922913304,2056.5864810515754,0.001990792672856151,0.006908929258373974,0.0005434344120969355,0.0,0.0,0.12891676338968774,0.12682176100572642,0.018980215240830548,0.02538402363853138,0.08831687256604484,151.51717720641872,0.007112684559394505,0.7214632749109933,-0.00042614041795610325,2066.666666666667,0.09153051396489373,True,0.0010941215441562235,0.12891676338968774,False,True,True,0.85,True,False,False,0,True,False,True,False,True,False,True,False,False,0,0,False,0,15,24,24,,,,False,False,False,
32,2026-08-18T22:00:16.322787,shadow,analysis_full,silero,webrtc,False,0.004195522982627153,True,True,True,1,False,True,False,0,0.0,,,,,,,,,,,,,0.07742353469724599,0.46106857356135117,0.5171836250636187,0.02174780136211424,,,,,,,,,,,,,,False,False,temporal_v1,False,0.0008264108417795668,0.17954070981210857,3.3900360048707694,0.8510144946017855,84.454574430123,1665.3191845236684,0.035697558702936984,0.04004218433996054,0.0016837916533484652,0.0,0.0,0.13196490750722445,0.13302964817527424,0.022306581010098848,0.024885492705125092,0.17443648408725917,151.43097475565054,0.008832797874727913,0.9632221394203979,-0.0005709354756557224,2166.666666666667,0.020620296762729938,True,0.0010941215441562235,0.13196490750722445,False,True,True,0.85,True,False,False,0,True,True,True,True,True,True,True,False,False,1,0,False,0,15,24,24,,,,False,False,False,
33,2026-08-18T22:00:16.332730,shadow,analysis_full,silero,webrtc,False,0.0049751028418540955,True,True,True,1,False,True,False,0,0.0,,,,,,,,,,,,,0.15642900651352454,0.40734917428814515,0.5808591444035003,0.01179168130196183,,,,,,,,,,,,,,False,False,temporal_v1,False,0.0011739892982433218,0.162839248434238,3.4354270025367075,0.8633640028899581,87.56955804018367,1441.1603115443172,0.0637212266379991,0.09086321888333543,0.0018445609911899926,0.0,0.0,0.1384000089802936,0.14405702455997568,0.02570522394068704,0.025164154819597245,0.21289422178516593,166.57626841910513,0.01233305060332292,1.594406413169492,-0.0009502896543598311,1733.3333333333335,0.0033573086703565023,True,0.0010941215441562235,0.1384000089802936,False,True,True,0.85,True,False,False,0,True,True,True,True,True,True,True,False,False,2,0,False,0,15,24,24,,,,False,False,False,
34,2026-08-18T22:00:16.342811,shadow,analysis_full,silero,webrtc,False,0.0033318838104605675,True,True,True,1,False,True,False,0,0.0,,,,,,,,,,,,,0.2538002944835222,0.36503485343721725,0.6251066015200754,0.009858545038767394,,,,,,,,,,,,,,False,False,temporal_v1,False,0.0014923633054875149,0.15031315240083507,3.1746403562625973,0.8816953530359506,89.74589789724078,1454.8193514986642,0.09264595329911511,0.1586522395493889,0.002502101634018231,0.0,0.0,0.1439499511782592,0.1533899209127456,0.02862651996692257,0.02831947508587232,0.28050113833513246,176.47469883143788,0.008597515944907416,1.1003176943827413,-0.000656268161915647,1700.0000000000002,0.009791683639251961,True,0.0010941215441562235,0.1439499511782592,False,True,True,0.85,True,False,False,0,True,True,True,True,True,True,True,False,False,3,0,False,0,15,24,24,,,,False,False,False,
35,2026-08-18T22:00:16.352226,shadow,analysis_full,silero,webrtc,False,0.006478529889136553,True,True,True,1,False,True,False,0,0.0,,,,,,,,,,,,,0.20504485650246465,0.3618958923663472,0.62667654284431,0.011427564784465877,,,,,,,,,,,,,,False,False,temporal_v1,False,0.0013540625558757153,0.1336116910229645,3.476702869853609,0.8965464381491159,88.9735770863261,1540.399291119174,0.07420489131908906,0.12849680180097217,0.002343163381403424,0.0,0.0,0.13825814047955245,0.14962770949214935,0.030355249411963523,0.026245085811804132,0.2831710522695729,177.5457586557583,0.00845980435838129,0.8204627102302542,-0.00048407949416814585,1400.0,0.022673569950907618,True,0.002134194364771247,0.13825814047955245,False,True,True,0.85,True,False,False,0,True,True,True,True,True,True,True,False,False,4,0,False,0,15,24,24,,,,False,False,False,
36,2026-08-18T22:00:16.364051,shadow,analysis_full,silero,webrtc,False,0.007780425250530243,True,True,True,1,True,True,False,1,0.0,,,,,,,,,,,,,0.17998604833785992,0.6133713506207525,0.37308265021343623,0.013545999160255291,,,,,,,,,,,,,,False,False,temporal_v1,False,0.0012577974607752452,0.1336116910229645,3.4873045754245373,0.9050697335622456,88.37353934244383,1366.7590762955817,0.11039828556188519,0.06714967191533242,0.0024380908596423187,0.0,0.0,0.1364948155676846,0.1452784332288979,0.03172035929573104,0.028396321735029144,0.28138127567197035,194.11958435140915,0.00693705510712917,1.3617176519111278,-0.0008091573251417136,1533.3333333333335,0.007643835448373571,True,0.0037637033965438604,0.1364948155676846,True,True,True,0.85,True,True,True,1,True,True,True,True,True,True,True,False,False,5,0,True,1,15,24,24,,,,False,False,False,
37,2026-08-18T22:00:16.375680,shadow,analysis_full,silero,webrtc,False,0.006426351610571146,True,True,True,1,True,True,False,1,0.0,,,,,,,,,,,,,0.13043565247192132,0.40693679256551735,0.5826513629008463,0.010411844525969818,,,,,,,,,,,,,,False,True,temporal_v1,False,0.001072679203816651,0.13778705636743216,3.3336858658648127,0.9028412813309353,86.97815675681127,1465.6667641877577,0.05307906605311415,0.07599851068362609,0.0013580757341810756,0.0,0.0,0.1262171278173169,0.13590868650896362,0.03286336886452447,0.020373900457212286,0.2906980703490424,198.24110853901414,0.007903995971387722,0.9388047293136537,-0.0005644784555708939,1266.6666666666667,0.01967845049482302,True,0.004195522982627153,0.1262171278173169,True,True,True,0.85,True,True,True,2,True,True,True,True,True,True,True,False,False,6,0,True,2,15,24,24,,,,False,False,False,
38,2026-08-18T22:00:16.386208,shadow,analysis_full,silero,webrtc,False,0.006166046019643545,True,True,True,1,True,True,False,1,0.0,,,,,,,,,,,,,0.0729004062733712,0.5009058906185677,0.4791574049719114,0.01993670439580359,,,,,,,,,,,,,,False,True,temporal_v1,False,0.0008057009357845576,0.15657620041753653,3.7315236798353197,0.8752030292110672,84.35536026771231,1487.7277756042552,0.03651624293081842,0.034930769491346596,0.0014533938502061872,0.0,0.0,0.10604416497119884,0.11444272913717074,0.03304880270799124,0.019319808436341172,0.2911909651810754,200.26518531295454,0.006093085001227098,1.2864189179744445,-0.000766894645785302,2233.3333333333335,0.013185370256461522,True,0.004585312912240624,0.10604416497119884,True,True,True,0.85,True,True,True,3,True,True,True,True,True,True,True,False,False,7,0,True,3,15,24,24,,,,False,False,False,
39,2026-08-18T22:00:16.396102,shadow,analysis_full,silero,webrtc,False,0.006137286312878132,True,True,True,1,True,True,False,1,0.0,,,,,,,,,,,,,0.032704842556490664,0.5831605902954641,0.37158791732989294,0.045251492344066536,,,,,,,,,,,,,,False,True,temporal_v1,False,0.0005375624022369771,0.12108559498956159,3.519636889433574,0.8880229404939654,80.89520855364256,1597.6722338226984,0.01907217529076331,0.012152724332168418,0.0014799429325589386,0.0,0.0,0.11407463201188728,0.1185297953834494,0.024999937048596817,0.02056552877832944,0.26106007968192463,189.56612752818697,0.005008946482040326,1.2490682922430891,-0.0007371441995712995,1733.3333333333335,0.01682328331020437,True,0.005556194577366114,0.11407463201188728,True,True,True,0.85,True,True,True,4,True,True,True,True,True,True,True,False,False,8,0,True,4,15,24,24,,,,False,False,False,
40,2026-08-18T22:00:16.405048,shadow,analysis_full,silero,webrtc,False,0.0077045150101184845,True,True,True,1,True,True,False,1,0.0,,,,,,,,,,,,,0.020450976028551508,0.6487768109941879,0.3141968759530121,0.03702631300390256,,,,,,,,,,,,,,False,True,temporal_v1,False,0.0004303095585924756,0.14613778705636743,3.7481581014342016,0.8945895948030446,78.98581566328997,1505.1803530415077,0.01326811900952223,0.0064256327783608225,0.0007572242396684561,0.0,0.0,0.12734163404412754,0.12747015758803312,0.016028605478217606,0.01749796932592924,0.21981139756404802,184.15041892602045,0.007078781332529446,1.368320624228329,-0.0008087568707148352,1600.0,0.01307595006164084,True,0.0061516661662608385,0.12734163404412754,True,True,True,0.85,True,True,True,5,True,True,True,True,True,True,True,False,False,9,0,True,5,15,24,24,,,,False,False,False,
41,2026-08-18T22:00:16.413855,shadow,analysis_full,silero,webrtc,False,0.010429414920508862,True,True,True,1,True,True,False,1,0.0,,,,,,,,,,,,,0.016652773162099354,0.48198886381852335,0.4890218231634846,0.02898931295794199,,,,,,,,,,,,,,False,True,temporal_v1,False,0.00038701534320446853,0.13987473903966596,3.546342897819751,0.8943586783522541,78.05806620030866,1495.7904650302155,0.008026451215827866,0.008143569492457772,0.00048275245281371537,0.0,0.0,0.09767498682307803,0.10624260673616066,0.011741909264908042,0.016035794880727785,0.16301943699123003,79.42976491580966,0.0061725965384969265,1.3533915273413817,-0.000796341303081345,1533.3333333333335,0.0108945586043772,True,0.006296198815107346,0.09767498682307803,True,True,True,0.85,True,True,True,6,True,True,True,True,True,True,True,False,True,0,0,True,6,15,24,15,,,,False,False,False,
42,2026-08-18T22:00:16.424978,shadow,analysis_full,silero,webrtc,False,0.011822369880974293,True,True,True,1,True,True,False,1,0.0,,,,,,,,,,,,,0.00714564412312501,0.35715271457010117,0.6070278049182404,0.03581948037171291,,,,,,,,,,,,,,False,True,temporal_v1,False,0.0002542269702859275,0.17118997912317327,3.460995762519843,0.8809841088431887,74.30394627753967,1509.3534137296324,0.0025520861959259875,0.0043376046667874995,0.000255953259411522,0.0,0.0,0.10473341891593661,0.11133494455176965,0.01256191373259808,0.014409548164290102,0.16028122877879708,58.35640035209672,0.009310339738393339,1.3148623668512531,-0.0007739055585566011,1333.3333333333335,0.010010291479184665,True,0.006452440749853849,0.10473341891593661,True,True,True,0.85,True,True,True,7,True,True,True,True,True,False,True,False,True,0,0,True,7,15,24,15,,,,False,False,False,
43,2026-08-18T22:00:16.433864,shadow,analysis_full,silero,webrtc,False,0.01332151796668768,True,True,True,1,True,True,False,1,0.0,,,,,,,,,,,,,0.003413707691822172,0.4832156775090526,0.4738721301663349,0.04291219203167594,,,,,,,,,,,,,,False,True,temporal_v1,False,0.0001762780231661517,0.1544885177453027,3.787049695409436,0.879641279054841,71.04247198205681,1663.353997070652,0.001649557075121715,0.0016176609356889748,0.00014648968001148226,0.0,0.0,0.10245079150823155,0.10863281766465241,0.01337540619336169,0.01358759089375614,0.181323810184537,76.39389322017972,0.006268894500851065,0.957279124358032,-0.0005668668852581388,1533.3333333333335,0.03440213848131372,True,0.007091522449627519,0.10245079150823155,True,True,True,0.85,True,True,True,8,True,True,True,True,True,False,True,False,True,0,0,True,8,15,24,15,,,,False,False,False,
44,2026-08-18T22:00:16.443832,shadow,analysis_full,silero,webrtc,False,0.01149002369493246,True,True,False,1,True,True,False,1,0.0,,,,,,,,,,,,,0.0025963892571118923,0.5344919382024774,0.42035973288842576,0.04514832852394648,,,,,,,,,,,,,,False,True,temporal_v1,False,0.0001548761094406586,0.162839248434238,3.545011894166044,0.8875073674779439,69.91362654794128,1591.1909498857883,0.001387749126361826,0.0010914174945939332,0.00011722263515613305,0.0,0.0,0.09579132887908123,0.10106938993612506,0.013433589194481276,0.014607812680196994,0.13839296457810824,77.72370490654943,0.0037293366761760806,1.371704192161058,-0.000824676645035567,1333.3333333333335,0.012938114083158286,True,0.007742470130324364,0.09579132887908123,True,True,True,0.85,True,True,True,9,True,False,True,False,True,False,True,False,True,0,1,True,9,15,24,15,,,,False,False,False,
45,2026-08-18T22:00:16.453510,shadow,analysis_full,silero,webrtc,False,0.007451825309544802,True,True,False,1,True,True,False,1,0.0,,,,,,,,,,,,,0.0013700507248770631,0.40228698155562864,0.5196528399449845,0.07806017776948695,,,,,,,,,,,,,,False,True,temporal_v1,False,0.00011428213222823897,0.17745302713987474,3.754295135249365,0.8621025930867239,66.98687711511218,1597.7523168062844,0.0005511535706888948,0.0007119507500510504,0.00010694640313711801,0.0,0.0,0.09071866308795984,0.08929066312776913,0.018580850374320227,0.01673925785837252,0.14581187083938923,80.89820267214846,0.005014266785966863,1.4861338795735115,-0.0008758676170027455,1866.6666666666667,0.00853743330428427,True,0.007742470130324364,0.09071866308795984,True,True,True,0.85,True,True,True,10,True,False,True,False,True,False,True,False,True,0,2,True,10,15,24,15,,,,False,False,False,
46,2026-08-18T22:00:16.465385,shadow,analysis_full,silero,webrtc,False,0.004967863671481609,True,True,False,1,True,True,False,1,0.0,,,,,,,,,,,,,0.001099019739351656,0.5843561077123222,0.3458755014682254,0.0697683899095506,,,,,,,,,,,,,,False,True,temporal_v1,False,0.00010552952265105248,0.15031315240083507,3.8787426933282494,0.8744394588993942,66.2930486694751,1602.9158178804842,0.0006422188971865445,0.00038012400347173236,7.6676837693379e-05,0.0,0.0,0.08749215122598149,0.09235287917072055,0.01950665149933119,0.015818243623811786,0.1640177583927693,62.817837321870556,0.0062129414442507,1.331728230734635,-0.0008033594579803217,1866.6666666666667,0.0180037561373233,True,0.007578170159831643,0.08749215122598149,True,True,True,0.85,True,True,True,11,True,False,True,False,True,False,True,False,True,0,3,True,11,15,24,15,,,,False,False,False,
47,2026-08-18T22:00:16.475152,shadow,analysis_full,silero,webrtc,False,0.0034284305293112993,True,True,False,1,True,True,False,1,0.0,,,,,,,,,,,,,0.0022929932458030087,0.655519454861853,0.2720945373706873,0.0723860073313485,,,,,,,,,,,,,,False,True,temporal_v1,False,0.00015136460020943537,0.13987473903966596,3.7959688837327326,0.8932753852881278,69.7339931826333,1532.1114189790653,0.0015031016824906993,0.0006239109364108802,0.0001659806259014292,0.0,0.0,0.0931271235418333,0.09804207475181978,0.018518255036488157,0.015645088931269473,0.13670701898480694,56.57435262091819,0.004232137405231066,1.5785698702720885,-0.000957769510167002,1633.3333333333335,0.009796686195811326,True,0.007578170159831643,0.0931271235418333,True,True,True,0.85,True,True,True,12,True,False,True,False,True,False,True,False,True,0,4,True,12,15,24,15,,,,False,False,False,
48,2026-08-18T22:00:16.482234,shadow,analysis_full,silero,webrtc,False,0.0034284305293112993,True,True,False,1,True,True,False,1,0.0,,,,,,,,,,,,,0.0016138629554582613,0.7521734588702855,0.1879729834503372,0.05985355705974605,,,,,,,,,,,,,,False,True,temporal_v1,False,0.00012630142251038664,0.1336116910229645,3.6695524993323168,0.9074778119253916,68.14276463038499,1505.7003667304214,0.001213904881349662,0.000303362634617468,9.659543849113145e-05,0.0,0.0,0.11504441538166323,0.11974459494170385,0.016310778840581745,0.01646624554213862,0.13548375999977905,54.55307480063946,0.003327108386002163,1.6374180819650423,-0.0009911374417444021,1400.0,0.007819206842395903,True,0.007578170159831643,0.11504441538166323,True,True,True,0.85,True,True,True,13,True,False,True,False,True,False,True,False,True,0,5,True,13,15,24,15,,,,False,False,False,
49,2026-08-18T22:00:16.491105,shadow,analysis_full,silero,webrtc,False,0.002419447060674429,True,True,False,1,True,True,False,1,0.0,,,,,,,,,,,,,0.0015713573142716718,0.6892852506128248,0.23743491004049158,0.07327983871029127,,,,,,,,,,,,,,False,True,temporal_v1,False,0.00012508776255005716,0.15657620041753653,3.824950323084506,0.8968211198817119,68.00199467734787,1541.328542743304,0.0010831134201700445,0.00037309508255556285,0.00011514881054606458,0.0,0.0,0.12242749231461672,0.12932622922955975,0.017366540077297647,0.01347162071390537,0.13239562615095102,53.276499320469064,0.0029259473600102208,1.3166573615485777,-0.0007750763029864076,1600.0,0.015587102334466685,True,0.007578170159831643,0.12242749231461672,True,True,True,0.85,True,True,True,14,True,False,True,False,True,False,True,False,True,0,6,True,14,15,24,15,,,,False,False,False,
50,2026-08-18T22:00:16.498718,shadow,analysis_full,silero,webrtc,False,0.0019242193084210157,True,True,False,1,True,True,True,1,0.0,,,,,,,,,,,,,0.00301754668001832,0.6806270537191157,0.24651173056056752,0.07286121538892179,,,,,,,,,,,,,,False,True,temporal_v1,True,0.00017038092191101986,0.17745302713987474,3.8914150135094214,0.8964181093040364,70.81873154940949,1579.2409670594589,0.0020538239062807685,0.0007438606541386112,0.00021986211859894068,0.0,0.0,0.12510856259704,0.13460963854899663,0.017122925317252246,0.01500955279166488,0.14395734034075994,51.009625588018025,0.0023986806117666523,1.2772873596127947,-0.0007597602985369169,1566.6666666666667,0.023312591322881958,True,0.0062098444905132055,0.12510856259704,True,True,True,0.85,True,True,True,15,True,False,True,False,True,False,True,False,True,0,7,True,15,15,24,15,webrtc_assisted,webrtc_assisted,,False,False,False,
51,2026-08-18T22:00:16.507391,shadow,analysis_full,silero,webrtc,False,0.0016163067193701863,True,True,False,1,True,True,False,1,0.0,,,,,,,,,,,,,0.0028188398654867986,0.7250212808454753,0.21417217590665089,0.06080654289311782,,,,,,,,,,,,,,False,True,temporal_v1,False,0.0001658713676715065,0.17954070981210857,3.8844840635925206,0.903760190711677,70.61258280955322,1547.035798808505,0.002043718889773526,0.0006037170675237187,0.0001714039071895535,0.0,0.0,0.1306659325106113,0.13756698343784562,0.014152147319807469,0.01536398287513495,0.13992511026227014,46.486952038857105,0.0009056596740034164,1.2736777680368552,-0.0007564999211966136,1400.0,0.023345302889318176,True,0.004198147100396454,0.1306659325106113,True,True,True,0.85,True,True,True,16,True,False,True,False,True,False,True,False,True,0,8,True,16,15,24,15,,,,False,False,False,
52,2026-08-18T22:00:16.515286,shadow,analysis_full,silero,webrtc,False,0.0015965740894898772,True,True,False,1,True,True,False,1,0.0,,,,,,,,,,,,,0.0020581345216525325,0.6756986721824674,0.2588712763182962,0.0654300510133597,,,,,,,,,,,,,,False,True,temporal_v1,False,0.00014286551648581947,0.17536534446764093,3.956516579530017,0.8959592234985203,69.22042560770174,1563.5161096861104,0.0013906787634535137,0.0005327919104549372,0.00013466384674408187,0.0,0.0,0.1077034653361428,0.11004798981864285,0.011381635718321013,0.015706257097122367,0.11450265476906725,42.433705569608414,0.0012131695429361245,1.348452763268979,-0.0008101553662463609,1600.0,0.023284971825143445,True,0.0034284305293112993,0.1077034653361428,True,True,True,0.85,True,True,True,17,True,False,True,False,True,False,True,False,True,0,9,True,17,15,24,15,,,,False,False,False,
53,2026-08-18T22:00:16.524068,shadow,analysis_full,silero,webrtc,False,0.0012830090709030628,True,True,False,1,True,True,False,1,0.0,,,,,,,,,,,,,0.003107211329740257,0.6681148522838162,0.2586363854932116,0.07324876190114032,,,,,,,,,,,,,,False,True,temporal_v1,False,0.0001744931226737273,0.1440501043841336,3.776516274470695,0.8860656151213998,70.98249612553018,1669.1324023555703,0.002075974038584012,0.0008036379072875759,0.00022759938286866973,0.0,0.0,0.09840087669604332,0.09775678593321331,0.00917146463766847,0.016418532560360556,0.11465424157573634,43.68891588230997,0.0032013265809884726,1.0711490028459545,-0.0006380455082618127,1866.6666666666667,0.03641207105994302,True,0.002923938794992864,0.09840087669604332,True,True,True,0.85,True,True,True,18,True,False,True,False,True,False,True,False,False,0,0,True,18,15,24,24,,,,False,False,False,
54,2026-08-18T22:00:16.532301,shadow,analysis_full,silero,webrtc,False,0.0016131304437294602,True,True,False,1,False,True,False,0,0.0,,,,,,,,,,,,,0.004058426568532469,0.5986671942801602,0.3049076810038686,0.09642512446957018,,,,,,,,,,,,,,False,True,temporal_v1,False,0.00019337553701653115,0.19624217118997914,4.061395300943677,0.8495798051030516,71.72008131456037,1674.1680777064632,0.0024296468469753914,0.0012374454335357232,0.0003913342870213539,0.0,0.0,0.09349230161018023,0.08881526258098374,0.009787364914882359,0.019771357938282802,0.10508467073152818,53.20151540194609,0.002371468011727122,1.6144930326554112,-0.0009612031938504809,2100.0,0.011726453740598974,True,0.0021718331845477223,0.09349230161018023,False,True,True,0.85,True,False,False,0,True,False,True,False,True,False,True,False,False,0,0,False,0,15,24,24,,,,False,False,False,
55,2026-08-18T22:00:16.541289,shadow,analysis_full,silero,webrtc,False,0.0010933767771348357,True,True,False,1,False,True,False,0,0.0,,,,,,,,,,,,,0.004610678360972246,0.6367777961572423,0.29690559445308107,0.06631660917278862,,,,,,,,,,,,,,False,False,temporal_v1,False,0.00020916178548640473,0.18162839248434237,3.9899547347202313,0.8819383080363522,72.58097984130957,1544.9742891216874,0.002935977605489793,0.0013689361995964221,0.00030576455488603,0.0,0.0,0.048911535227609555,0.04339038789093576,0.009719504338147129,0.02011230622818596,0.1075140582406103,53.919664845065164,0.0021821327826072384,1.6138609386504799,-0.000976281741297969,1833.3333333333335,0.011881893136557457,True,0.001770263013895601,0.048911535227609555,False,True,False,0.85,True,False,False,0,True,False,True,False,True,False,True,False,False,0,0,False,0,15,24,24,,,,False,False,False,
56,2026-08-18T22:00:16.550539,shadow,analysis_full,silero,webrtc,False,0.000979964854195714,True,True,False,1,False,True,False,0,0.0,,,,,,,,,,,,,0.0023456485794568073,0.6296404094933351,0.30893864098841406,0.06142094909192956,,,,,,,,,,,,,,False,False,temporal_v1,False,0.00014886351100331456,0.21294363256784968,3.9390805399422946,0.8772630374178418,69.50393885225856,1570.7508179194422,0.001476915132096644,0.00072466148437379,0.00014407196198637344,0.0,0.0,0.04279963281646798,0.0372611735508339,0.010141937254614498,0.02434724953710309,0.10934733581021246,53.17305036961004,0.002074492884106,1.631452061160559,-0.000987176516044733,1733.3333333333335,0.00900016375571951,True,0.0016147185815498233,0.04279963281646798,False,True,False,0.85,True,False,False,0,True,False,True,False,True,False,True,False,False,0,0,False,0,15,24,24,,,,False,False,False,
57,2026-08-18T22:00:16.559911,shadow,analysis_full,silero,webrtc,False,0.0008295643492601812,True,True,False,1,False,True,False,0,0.0,,,,,,,,,,,,,0.002533924811429423,0.6906359558514615,0.24442862502763793,0.06493541872625579,,,,,,,,,,,,,,False,False,temporal_v1,False,0.0001548052244933988,0.1837160751565762,3.829760700910284,0.8935272733621393,69.93912211079316,1547.0175161999694,0.001750019584197294,0.0006193637575811106,0.0001645414686510183,0.0,0.0,0.04281352450649778,0.03718682957087829,0.010227500554856125,0.0224501128330189,0.10723137253300054,52.21188789997992,0.0027497871060208415,1.4094132890875717,-0.0008370949475208125,1633.3333333333335,0.013378127275854175,True,0.0016048522666096687,0.04281352450649778,False,True,False,0.85,True,False,False,0,True,False,True,False,True,False,True,False,False,0,0,False,0,15,24,24,,,,False,False,False,
58,2026-08-18T22:00:16.569639,shadow,analysis_full,silero,webrtc,False,0.0007985526463016868,True,True,False,1,False,True,False,0,0.0,,,,,,,,,,,,,0.002947596117903283,0.652734915678864,0.2891630321633296,0.05810205181854687,,,,,,,,,,,,,,False,False,temporal_v1,False,0.00016733004944125893,0.15866388308977036,3.5679049523210162,0.8885327111212549,70.61765721861495,1571.7020029552516,0.0019239989034749462,0.0008523358310457724,0.00017126138238256414,0.0,0.0,0.03437205727640185,0.03049829891545218,0.010403953369801688,0.01890938100079207,0.12944030439549994,47.04021067611769,0.004301294343071656,1.2955685178228444,-0.0007737910617778626,1666.6666666666667,0.016412569481904078,True,0.00143979158019647,0.03437205727640185,False,True,False,0.85,True,False,False,0,True,False,True,False,True,False,True,False,False,0,0,False,0,15,24,24,,,,False,False,False,
59,2026-08-18T22:00:16.579553,shadow,analysis_full,silero,webrtc,False,0.0007099288050085306,True,True,False,1,False,True,False,0,0.0,,,,,,,,,,,,,0.0024656367697918,0.49784664467183537,0.4378522475477626,0.06430110737482732,,,,,,,,,,,,,,False,False,temporal_v1,False,0.0001524801206666187,0.17118997912317327,3.684210773601698,0.8604870614614015,69.63843672450102,1607.7211833284812,0.0012275089928203502,0.001079584601289745,0.00015854317468170492,0.0,0.0,0.05949193547470532,0.058312247850945964,0.010407684941317405,0.01783839025263798,0.14095175541881869,45.65332839488139,0.004199982564766236,1.5666057197769754,-0.0009310766152495891,1666.6666666666667,0.008885335402268532,True,0.0011881929240189493,0.05949193547470532,False,True,True,0.85,True,False,False,0,True,False,True,False,True,False,True,False,False,0,0,False,0,15,24,24,,,,False,False,False,
60,2026-08-18T22:00:16.588616,shadow,analysis_full,silero,webrtc,False,0.0007493821904063225,True,True,False,1,False,True,False,0,0.0,,,,,,,,,,,,,0.003928527428738738,0.713808024551283,0.240686977619918,0.04550499757425045,,,,,,,,,,,,,,False,False,temporal_v1,False,0.00019485246970964485,0.16075156576200417,3.8119058084343775,0.9127282315588042,72.09892439721497,1446.9909368099973,0.00280421440330353,0.0009455453933200748,0.00017876763111513265,0.0,0.0,0.06221720606179698,0.058731752556090734,0.012295563986190043,0.01858506661248941,0.1410920319790464,62.269331952555504,0.004842798021086589,1.5446771117738214,-0.0009330718410684932,1533.3333333333335,0.011192808030661597,True,0.0010366708156652749,0.06221720606179698,False,True,True,0.85,True,False,False,0,True,False,True,False,True,False,True,False,False,0,0,False,0,15,24,24,,,,False,False,False,
61,2026-08-18T22:00:16.598568,shadow,analysis_full,silero,webrtc,False,0.0006949562230147421,True,True,False,1,False,True,False,0,0.0,,,,,,,,,,,,,0.002944522151942923,0.6159474545697062,0.3334615678588973,0.05059097723178272,,,,,,,,,,,,,,False,False,temporal_v1,False,0.00016930528426406435,0.1440501043841336,3.924953037141166,0.9005085280417819,70.78123892022217,1494.3078466372108,0.0018136709244133571,0.0009818849733821413,0.00014896625314742427,0.0,0.0,0.05728030609025631,0.0550402395944307,0.013056305433470446,0.020893521508470656,0.1425905495344879,66.44710497078675,0.001619963200675236,1.6123103716592844,-0.0009803277105953718,1533.3333333333335,0.011836696879290311,True,0.0009047646017279476,0.05728030609025631,False,True,True,0.85,True,False,False,0,True,False,True,False,True,False,True,False,False,0,0,False,0,15,24,24,,,,False,False,False,
62,2026-08-18T22:00:16.609518,shadow,analysis_full,silero,webrtc,False,0.0007286274922080338,True,True,False,1,False,True,False,0,0.0,,,,,,,,,,,,,0.0063512131888815515,0.8523736094311171,0.12148117930487884,0.026145211106553785,,,,,,,,,,,,,,False,False,temporal_v1,False,0.0002596712122632059,0.06889352818371608,3.2074058112437447,0.9457842122600886,74.79859195033973,1374.551229690588,0.005413606510073483,0.0007715528682020311,0.00016605380960603682,0.0,0.0,0.08615585387194383,0.07606942804580422,0.017408595458751026,0.03746270789534308,0.23560725030763793,88.52812149621064,0.006205694910683896,1.2257108036235318,-0.000734156375629407,833.3333333333334,0.014009721502480641,True,0.000814058497780934,0.08615585387194383,False,True,True,0.85,False,False,False,0,True,False,True,False,True,False,True,False,False,0,0,False,0,15,24,24,,,,False,False,False,
63,2026-08-18T22:00:16.616538,shadow,analysis_full,silero,webrtc,False,0.0006375709199346602,True,True,False,1,False,True,False,0,0.0,,,,,,,,,,,,,0.00427731673137339,0.7499645706048196,0.1983803069597127,0.05165512220167633,,,,,,,,,,,,,,False,False,temporal_v1,False,0.00020644693515886557,0.09603340292275574,3.740591893220922,0.9146205006971344,72.62272286371447,1488.2081428090348,0.003207836005785255,0.0008485354061337682,0.00022094531845436727,0.0,0.0,0.09071795443300565,0.08009199722846833,0.017053632609553095,0.04225378958814477,0.23589614410880097,80.48121441087412,0.0033994003621242957,1.3617132979302555,-0.0008121333759110586,1333.3333333333335,0.016475167834112594,True,0.0007739674183540046,0.09071795443300565,False,True,True,0.85,True,False,False,0,True,False,True,False,True,False,True,False,False,0,0,False,0,15,24,24,,,,False,False,False,
64,2026-08-18T22:00:16.621324,shadow,analysis_full,silero,webrtc,False,0.0006375709199346602,True,True,False,1,False,True,False,0,0.0,,,,,,,,,,,,,0.0047844514870385305,0.7408631746035667,0.20623777504940446,0.05289905013801843,,,,,,,,,,,,,,False,False,temporal_v1,False,0.00020968477802002104,0.08350730688935282,3.7734351727485067,0.9058242407966217,72.71926533197416,1532.2773936263536,0.003544623917424121,0.0009867346295186412,0.00025309293909576806,0.0,0.0,0.09053213523368103,0.08217336866177098,0.011468776883433325,0.04531762355311945,0.2160024417201696,65.23680111029233,0.002956843865250615,1.6699486235795216,-0.001003289572699699,1500.0,0.009404586665654564,True,0.0007390048413071781,0.09053213523368103,False,True,True,0.85,True,False,False,0,True,False,True,False,True,False,True,False,False,0,0,False,0,15,24,24,,,,False,False,False,
65,2026-08-18T22:00:16.626976,shadow,analysis_full,silero,webrtc,False,0.00058910803636536,True,True,False,1,False,True,False,0,0.0,,,,,,,,,,,,,0.0037022734941117292,0.7582987056702545,0.1922701498671853,0.049431144192455895,,,,,,,,,,,,,,False,False,temporal_v1,False,0.000189314169287111,0.12317327766179541,3.7696486859118643,0.917688427095272,71.86506148268973,1479.3278074151992,0.0028074291986222148,0.00071183667956217,0.0001830076149273444,0.0,0.0,0.09231367851952445,0.08442610905373119,0.010781059001269636,0.04411683988934377,0.2007904217181313,65.47954355382952,0.0018785762114823736,1.273733330318683,-0.0007559143410522596,1300.0,0.019928193398547123,True,0.0007192781486082822,0.09231367851952445,False,True,True,0.85,True,False,False,0,True,False,True,False,True,False,True,False,False,0,0,False,0,15,24,24,,,,False,False,False,
66,2026-08-18T22:00:16.631507,shadow,analysis_full,silero,webrtc,False,0.0005233552656136453,True,True,False,1,False,True,False,0,0.0,,,,,,,,,,,,,0.0036937021419929813,0.7167691370300785,0.22668910114651963,0.056541761552670725,,,,,,,,,,,,,,False,False,temporal_v1,False,0.000186094999795793,0.11691022964509394,3.850042073335838,0.9038841091346809,71.64589254013227,1528.936476693568,0.002647531696762462,0.0008373220184713632,0.00020884842575915626,0.0,0.0,0.09027485182907703,0.08298796381284329,0.010472203949272297,0.037160751565762005,0.19291463319475116,62.83016333305304,0.0016456618290027264,1.466298960256031,-0.0008767746682403171,1533.3333333333335,0.015678027964213713,True,0.0007024425140116364,0.09027485182907703,False,True,True,0.85,True,False,False,0,True,False,True,False,True,False,True,False,False,0,0,False,0,15,24,24,,,,False,False,False,
67,2026-08-18T22:00:16.639127,shadow,analysis_full,silero,webrtc,False,0.0004989763256162405,True,True,False,1,False,True,False,0,0.0,,,,,,,,,,,,,0.0029126092366095688,0.718055929471536,0.2231731505919112,0.05877091959321809,,,,,,,,,,,,,,False,False,temporal_v1,False,0.00016781606044293488,0.15657620041753653,3.886982896659379,0.9049868220891667,70.72342968687849,1543.5282255159734,0.0020914163325810647,0.0006500161797772588,0.0001711767232512453,0.0,0.0,0.09039780431914762,0.08335090751961077,0.009856583944200279,0.034049713981395814,0.19700974281118952,62.616860774710126,0.0010649305636596482,1.1947070421211796,-0.000710772547600504,1566.6666666666667,0.027483714144586873,True,0.0006662635714747012,0.09039780431914762,False,True,True,0.85,True,False,False,0,True,False,True,False,True,False,True,False,False,0,0,False,0,15,24,24,,,,False,False,False,
68,2026-08-18T22:00:16.645340,shadow,analysis_full,silero,webrtc,False,0.00046023656614124775,True,True,False,1,False,True,False,0,0.0,,,,,,,,,,,,,0.004065451013724845,0.7437951120996467,0.21216504154032417,0.04403984611405405,,,,,,,,,,,,,,False,False,temporal_v1,False,0.0001949821380418578,0.12317327766179541,3.7414926782989495,0.9175613595505332,72.12781050500874,1472.8256035385566,0.0030238625924890934,0.0008625465832070848,0.00017904183702866723,0.0,0.0,0.08959297178966671,0.08264823809188883,0.009802245236082864,0.03247940455464619,0.19022385114246254,59.29938758347346,0.0014251948918850724,1.3097036956686687,-0.0007814648326590365,1366.6666666666667,0.018055713373653363,True,0.0006375709199346602,0.08959297178966671,False,True,True,0.85,True,False,False,0,True,False,True,False,True,False,True,False,False,0,0,False,0,15,24,24,,,,False,False,False,
69,2026-08-18T22:00:16.653554,shadow,analysis_full,silero,webrtc,False,0.0005275161238387227,True,True,False,1,False,True,False,0,0.0,,,,,,,,,,,,,0.010539707668018865,0.28546628328826146,0.6775229334407119,0.03701078317614722,,,,,,,,,,,,,,False,False,temporal_v1,False,0.00030611870030093,0.1732776617954071,3.1456403638949584,0.8745175233789896,75.9064777166073,1521.2254492575403,0.003008731174934135,0.007140893656843707,0.0003900828352410225,0.0,0.0,0.14536378855662027,0.14669980697142798,0.009219044414444367,0.03278459538838205,0.2611496061104788,47.66633025322999,0.011770172289402586,1.6255355562241216,-0.000978428851778664,1366.6666666666667,0.0039475214958345755,True,0.0006133394781500101,0.14536378855662027,False,True,True,0.85,True,False,False,0,True,False,True,False,True,False,True,False,False,0,0,False,0,15,24,24,,,,False,False,False,
70,2026-08-18T22:00:16.660869,shadow,analysis_full,silero,webrtc,False,0.008444716222584248,True,True,True,1,False,True,False,0,0.0,,,,,,,,,,,,,0.5603715413400171,0.4860464743787646,0.5060725758273125,0.007880949792138405,,,,,,,,,,,,,,False,False,temporal_v1,False,0.002214260393315019,0.13569937369519833,3.0828333273927093,0.9141088424221935,93.3310090842572,1441.1040808745804,0.27236661201050943,0.28358866934626376,0.004416259982243886,0.0,0.0,0.15714223297444174,0.16329176801537512,0.015019666466440295,0.030827799951587246,0.31235270080868127,48.20515997420908,0.009297949019930035,0.8031899069705914,-0.0004776796911461811,1300.0,0.01455436810698612,True,0.0006133394781500101,0.15714223297444174,False,True,True,0.85,True,False,False,0,True,True,True,True,True,True,True,False,False,1,0,False,0,15,24,24,,,,False,False,False,
71,2026-08-18T22:00:16.668028,shadow,analysis_full,silero,webrtc,False,0.006855980958789587,True,True,True,1,False,True,False,0,0.0,,,,,,,,,,,,,0.3988270501669623,0.8323143990024342,0.16520701768888466,0.0024785833061738696,,,,,,,,,,,,,,False,False,temporal_v1,False,0.001867764728069901,0.0918580375782881,2.630068727325176,0.952048483435317,92.02893938844339,1272.962964578905,0.3319494965656289,0.06588902753173903,0.0009885260685944012,0.0,0.0,0.16342660082699478,0.16655622283096502,0.019122156801891756,0.03109175647788136,0.4092679597343611,80.23404417356946,0.016008203833684766,0.8512220469942746,-0.0005107382765230298,1066.6666666666667,0.010656346304831893,True,0.0006133394781500101,0.16342660082699478,False,True,True,0.85,True,False,False,0,True,True,True,True,True,True,True,False,False,2,0,False,0,15,24,24,,,,False,False,False,
72,2026-08-18T22:00:16.675623,shadow,analysis_full,silero,webrtc,False,0.010843655094504356,True,True,True,1,False,True,False,0,0.0,,,,,,,,,,,,,0.15508436141934637,0.9182625287308644,0.08006501610965502,0.001672455153032454,,,,,,,,,,,,,,False,False,temporal_v1,False,0.0011742748725268217,0.0709812108559499,2.434522300295686,0.9705272544190705,88.07871551343632,1056.6357585019614,0.1424081578835403,0.01241683189539553,0.00025937163941053336,0.0,0.0,0.17105511811821345,0.17073299206985817,0.021930289328007557,0.030774028846751997,0.5136471362425438,146.0010057477099,0.023456505367536296,0.8923771658432038,-0.0005507140447545776,766.6666666666667,0.006641777076969094,True,0.0006133394781500101,0.17105511811821345,False,True,True,0.85,False,False,False,0,True,True,True,True,True,True,True,False,False,3,0,False,0,15,24,24,,,,False,False,False,
73,2026-08-18T22:00:16.681657,shadow,analysis_full,silero,webrtc,False,0.017267877236008644,True,True,True,1,False,True,False,0,0.0,,,,,,,,,,,,,0.06332591940780635,0.9481518732800973,0.051351883483028396,0.0004962432210830244,,,,,,,,,,,,,,False,False,temporal_v1,False,0.0007510354544894107,0.060542797494780795,2.5993313852831132,0.9757784645166626,84.21580695582746,855.6263178554798,0.06004258911369607,0.0032519052348853185,3.142505822497384e-05,0.0,0.0,0.18701389484102907,0.1821137505137032,0.0236377761764867,0.03478608104524604,0.551884627950386,224.5771673279968,0.011065568960199331,1.2029477620062883,-0.0007373344862665358,733.3333333333334,0.0015610744102819366,True,0.0006133394781500101,0.18701389484102907,False,True,True,0.85,False,False,False,0,True,True,True,True,True,True,True,False,False,4,0,False,0,15,24,24,,,,False,False,False,
74,2026-08-18T22:00:16.690964,shadow,analysis_full,silero,webrtc,False,0.01818997785449028,True,True,True,1,False,True,False,0,0.0,,,,,,,,,,,,,0.1376821876374696,0.9764055881861923,0.020930206418593177,0.002664205387951501,,,,,,,,,,,,,,False,False,temporal_v1,False,0.0011178485062368162,0.05845511482254697,2.2859435211175034,0.9757364252057555,87.67452490142574,1164.656880215478,0.13443365740292518,0.002881716607415716,0.00036681362612869605,0.0,0.0,0.20296576752967585,0.19500988656652982,0.02381326157500795,0.03764549777214572,0.6002572279275151,225.16518136796486,0.013392782881955743,0.6870730272508666,-0.0004240297268182461,666.6666666666667,0.009438406659669949,True,0.0037225444975774735,0.20296576752967585,True,True,True,0.85,False,False,False,0,True,True,True,True,True,False,True,False,False,5,0,False,0,15,24,24,,,,False,False,False,
75,2026-08-18T22:00:16.697720,shadow,analysis_full,silero,webrtc,False,0.021019741892814636,True,True,True,1,True,True,False,1,0.0,,,,,,,,,,,,,0.10443037024295548,0.8099689405817468,0.18807895857627058,0.001952100832406747,,,,,,,,,,,,,,False,True,temporal_v1,False,0.0009855582198884981,0.10438413361169102,2.7229193548300317,0.9605279973136974,86.51128994419246,1175.0659357085501,0.08458535635024624,0.019641155279029425,0.0002038586126798182,0.0,0.0,0.20406241349027826,0.1951069224712371,0.023417819244167252,0.037462707895343075,0.572413388863067,223.98281117091324,0.014759838336976451,0.7365932550948949,-0.00045432131785320707,1000.0000000000001,0.009169085609585933,True,0.007650348590686917,0.20406241349027826,True,True,True,0.85,True,True,True,1,True,True,True,True,True,True,True,False,False,6,0,True,1,15,24,24,,,,False,False,False,
76,2026-08-18T22:00:16.707171,shadow,analysis_full,silero,webrtc,False,0.0151336919516325,True,True,True,1,True,True,False,1,0.0,,,,,,,,,,,,,0.06201363890052097,0.8460147962016943,0.14907493491211118,0.004910268870069073,,,,,,,,,,,,,,False,True,temporal_v1,False,0.0007547692100459267,0.08768267223382047,2.6193833488401186,0.9592452038462176,84.18508387199819,1177.3687611466783,0.05246445607614971,0.00924467918275833,0.0003045036406129326,0.0,0.0,0.20604195667052766,0.1968243523406695,0.020613702235230964,0.03788381940531608,0.5138960382029181,213.12894486392233,0.007428070124940125,1.0667640837162404,-0.0006359357690565219,933.3333333333334,0.007055648309778381,True,0.009644185658544302,0.20604195667052766,True,True,True,0.85,True,True,True,2,True,True,True,True,True,True,True,False,False,7,0,True,2,15,24,24,,,,False,False,False,
77,2026-08-18T22:00:16.713731,shadow,analysis_full,silero,webrtc,False,0.014697534963488579,True,True,True,1,False,True,False,0,0.0,,,,,,,,,,,,,0.05654868641370965,0.9533308224883804,0.03826814337488438,0.008401034119051297,,,,,,,,,,,,,,False,False,temporal_v1,False,0.0007558181276657104,0.054279749478079335,1.9921996428446849,0.9772454793813299,84.27686209062101,1006.1937191503876,0.05390960572941932,0.002164013239341217,0.0004750674439491073,0.0,0.0,0.21360858027665267,0.20487045026138034,0.014976080073094634,0.03670998687320796,0.4677976586635574,204.47513890486775,0.00890770167907806,1.7011432953336862,-0.0010369350050692442,566.6666666666667,0.0011524917493069514,True,0.012770595028996468,0.21360858027665267,True,True,True,0.85,False,False,False,0,True,True,True,True,True,True,True,False,False,8,0,False,0,15,24,24,,,,False,False,False,
78,2026-08-18T22:00:16.720256,shadow,analysis_full,silero,webrtc,False,0.027583451941609383,True,True,True,1,True,True,False,1,0.0,,,,,,,,,,,,,0.22692441674182187,0.3162047213209885,0.6475554724136571,0.03623980626094775,,,,,,,,,,,,,,False,True,temporal_v1,False,0.0014355276593231753,0.16075156576200417,3.7667679151809197,0.854734285006911,89.27407960593212,1484.9748146967886,0.07175457195677563,0.14694614788544405,0.008223696898602192,0.0,0.0,0.2552993089746994,0.2435556242063497,0.013358563453456406,0.040971802973622594,0.4733163554066576,206.03733025971698,0.028170557005127304,1.2974595690877804,-0.0007679414770833693,1733.3333333333335,0.008311202342644996,True,0.01491561345756054,0.2552993089746994,True,True,True,0.85,True,True,True,1,True,True,True,True,True,True,True,False,False,9,0,True,1,15,24,24,,,,False,False,False,
79,2026-08-18T22:00:16.726294,shadow,analysis_full,silero,webrtc,False,0.018403783440589905,True,True,True,1,True,True,False,1,0.0,,,,,,,,,,,,,0.18373976271612,0.678025808746316,0.2951895485445051,0.026784642703736337,,,,,,,,,,,,,,False,True,temporal_v1,False,0.0012929405203023804,0.13778705636743216,3.13310193907733,0.9094593623468595,88.6340429635633,1433.3174617461514,0.12458030121445347,0.05423805760584595,0.00492140389482057,0.0,0.0,0.20875637501313157,0.19992165920110336,0.011548926783112496,0.03564316956731919,0.47222358379840906,194.35322300061665,0.007876944478405591,1.0942096594326463,-0.0006510344987986813,1733.3333333333335,0.012413887384415139,True,0.016200784593820572,0.20875637501313157,True,True,True,0.85,True,True,True,2,True,True,True,True,True,True,True,False,True,0,0,True,2,15,24,15,,,,False,False,False,
80,2026-08-18T22:00:16.732836,shadow,analysis_full,silero,webrtc,False,0.018403783440589905,True,True,True,1,True,True,False,1,0.0,,,,,,,,,,,,,0.11053188160256117,0.7206279900631803,0.25642285199504217,0.022949157932730332,,,,,,,,,,,,,,False,True,temporal_v1,False,0.0010223587859230785,0.1022964509394572,3.3584710000097266,0.9281955061185154,86.68059769206991,1250.8458960200871,0.07965236767715507,0.028342900316907064,0.0025366136074990264,0.0,0.0,0.18683165699653903,0.17607869568537116,0.012222562729099717,0.03327546140466146,0.4994650366478969,179.2065912377739,0.011682175126885854,1.2386622631195705,-0.0007451014557976022,1533.3333333333335,0.007372230903978776,True,0.017728927545249462,0.18683165699653903,True,True,True,0.85,True,True,True,3,True,True,True,True,True,True,True,False,True,0,0,True,3,15,24,15,,,,False,False,False,
81,2026-08-18T22:00:16.740475,shadow,analysis_full,silero,webrtc,False,0.01322648674249649,True,True,True,1,True,True,False,1,0.0,,,,,,,,,,,,,0.08269451920641695,0.7316470575907489,0.25693861561727055,0.011414326779887771,,,,,,,,,,,,,,False,True,temporal_v1,False,0.000949837478450581,0.07306889352818371,2.833124289741861,0.9442187319211177,86.11604737979236,1181.6011734167619,0.06050320165625663,0.02124741528403256,0.0009439022651277487,0.0,0.0,0.1875263316156454,0.17697621775182154,0.011899902604730596,0.03380756990396185,0.498128672543159,176.9447931133328,0.008212049186182587,1.982098421090204,-0.001194302783705169,1433.3333333333335,0.001053491381362442,True,0.017728927545249462,0.1875263316156454,True,True,True,0.85,True,True,True,4,True,True,True,True,True,True,True,False,True,0,0,True,4,15,24,15,,,,False,False,False,
82,2026-08-18T22:00:16.748643,shadow,analysis_full,silero,webrtc,False,0.013853221200406551,True,True,True,1,False,True,False,0,0.0,,,,,,,,,,,,,0.08247167786727434,0.8806679342150378,0.11099985061184699,0.00833221516098979,,,,,,,,,,,,,,False,False,temporal_v1,False,0.0009775037595791487,0.05845511482254697,2.6943343312990686,0.9663894487430517,86.4656628509308,1232.485266318021,0.07263016217862055,0.00915434392297582,0.0006871717646779694,0.0,0.0,0.18527792323521447,0.17514180176751354,0.011496899202096185,0.03474596446157252,0.4863510540324859,172.6327185157272,0.007413679760127053,0.8567529160730274,-0.000522508789486782,600.0,0.013627205975322153,True,0.017728927545249462,0.18527792323521447,True,True,True,0.85,False,False,False,0,True,True,True,True,True,True,True,False,True,0,0,False,0,15,24,15,,,,False,False,False,
83,2026-08-18T22:00:16.757693,shadow,analysis_full,silero,webrtc,False,0.016721943393349648,True,True,True,1,False,True,False,0,0.0,,,,,,,,,,,,,0.21082493430999844,0.9083399700607312,0.08803112575330255,0.0036289041812230167,,,,,,,,,,,,,,False,False,temporal_v1,False,0.0014112152702620067,0.05636743215031315,2.513104854079041,0.9715452118239107,89.68138760442373,1052.501579825511,0.1915007145191996,0.01855915630417522,0.0007650634856236211,0.0,0.0,0.18215453681286403,0.17232065735269958,0.01120690872249081,0.035117776456474785,0.49058812463444496,140.99574717636062,0.0060902616044237615,1.195948585914196,-0.0007137118406707848,666.6666666666667,0.003839213619911491,True,0.017455960623919964,0.18215453681286403,True,True,True,0.85,False,False,False,0,True,True,True,True,True,True,True,False,True,0,0,False,0,15,24,15,,,,False,False,False,
84,2026-08-18T22:00:16.766120,shadow,analysis_full,silero,webrtc,False,0.01538261491805315,True,True,True,1,True,True,False,1,0.0,,,,,,,,,,,,,0.30342905009102866,0.8384501289779382,0.1591747639980979,0.0023751070206682705,,,,,,,,,,,,,,False,False,temporal_v1,False,0.001700027829662606,0.06889352818371608,2.6501438553535714,0.9668208979813335,91.27805023163361,1032.3590971313697,0.2544101261844763,0.048298247438406515,0.0007206764671459064,0.0,0.0,0.171850721112759,0.16223748280513606,0.011233173689634552,0.0343301626205094,0.4644976027521701,151.03292573202035,0.0035003221125184903,0.9851732014750865,-0.0006001964104208515,933.3333333333334,0.0048013856371421325,True,0.0160522791557014,0.171850721112759,True,True,True,0.85,True,True,True,1,True,True,True,True,True,True,True,False,True,0,0,True,1,15,24,15,,,,False,False,False,
85,2026-08-18T22:00:16.773244,shadow,analysis_full,silero,webrtc,False,0.016123194247484207,True,True,True,1,True,True,False,1,0.0,,,,,,,,,,,,,0.2490402954895919,0.838806663825083,0.15630397753174652,0.004889358639155042,,,,,,,,,,,,,,False,True,temporal_v1,False,0.0015169102622592666,0.10020876826722339,2.795585268561615,0.9623331394677445,90.26755894566503,978.734707772314,0.20889665941763744,0.03892598875070469,0.0012176473202497606,0.0,0.0,0.17276481896404336,0.16312021181269634,0.010983966727246103,0.034182576462431086,0.4633583244562004,165.42080290438918,0.007427539113527228,1.7716944405207184,-0.0010806674699261043,1000.0000000000001,0.0007972394053424311,True,0.01575290458276868,0.17276481896404336,True,True,True,0.85,True,True,True,2,True,True,True,True,True,True,True,False,True,0,0,True,2,15,24,15,,,,False,False,False,
86,2026-08-18T22:00:16.781831,shadow,analysis_full,silero,webrtc,False,0.012227353639900684,True,True,True,1,True,True,False,1,0.0,,,,,,,,,,,,,0.4188633922333187,0.838158441383933,0.16079416878935293,0.0010473898243267877,,,,,,,,,,,,,,False,True,temporal_v1,False,0.0019589159093337458,0.081419624217119,2.6817929172494646,0.9634123637211994,92.49254565533823,917.4377338870452,0.3510738879870654,0.06735079099044519,0.00043871325480817806,0.0,0.0,0.172440429055261,0.1626781495961935,0.011324072264415322,0.03427616386720759,0.4608171166334265,183.68328620581647,0.005911801446059958,1.062711641672585,-0.0006575093323803181,1033.3333333333335,0.002538797401814856,True,0.01575290458276868,0.172440429055261,True,True,True,0.85,True,True,True,3,True,True,True,True,True,True,True,False,True,0,0,True,3,15,24,15,,,,False,False,False,
87,2026-08-18T22:00:16.791071,shadow,analysis_full,silero,webrtc,False,0.00968132819980383,True,True,True,1,True,True,False,1,0.0,,,,,,,,,,,,,0.37388060061187545,0.7548529703559081,0.24310297253027166,0.0020440571111456167,,,,,,,,,,,,,,False,True,temporal_v1,False,0.001848658375813513,0.08350730688935282,2.608421822094204,0.9613390941424542,91.98119670942928,979.4596809907396,0.28222488193032513,0.09089148538015022,0.0007642333004000983,0.0,0.0,0.16130901921437565,0.1513920511636826,0.011714010330361532,0.03235301983767935,0.3765791585815331,186.03883190892697,0.00969777523528984,0.9627034217035575,-0.0005960065093883695,1033.3333333333335,0.0037143677184169805,True,0.01575290458276868,0.16130901921437565,True,True,True,0.85,True,True,True,4,True,True,True,True,True,True,True,False,True,0,0,True,4,15,24,15,,,,False,False,False,
88,2026-08-18T22:00:16.800779,shadow,analysis_full,silero,webrtc,False,0.006654687225818634,True,True,True,1,False,True,False,0,0.0,,,,,,,,,,,,,0.40802802201871374,0.923241761452104,0.0740304606604923,0.0027277778849528513,,,,,,,,,,,,,,False,False,temporal_v1,False,0.0019227271584574164,0.08768267223382047,2.475868402274321,0.9679799666856992,92.35263668306283,1131.474543545114,0.3767085097703752,0.030206502432434876,0.0011130098149037023,0.0,0.0,0.08030505869490719,0.07404283627526208,0.008696569615978674,0.022946472324407455,0.26250229864183117,149.94469482148125,0.009101642757469696,0.7287356380622796,-0.000453268501719197,900.0000000000001,0.007072902265891033,True,0.01461791805922985,0.08030505869490719,True,True,True,0.85,False,False,False,0,True,True,True,True,True,True,True,False,True,0,0,False,0,15,24,15,,,,False,False,False,
89,2026-08-18T22:00:16.810761,shadow,analysis_full,silero,webrtc,False,0.006060063373297453,True,True,True,1,False,True,False,0,0.0,,,,,,,,,,,,,0.47518175027331117,0.9472496400987269,0.04907325944190675,0.003677100457261968,,,,,,,,,,,,,,False,False,temporal_v1,False,0.002059825174354566,0.0918580375782881,2.5146009404420155,0.9659033576747714,92.9420177963743,1001.6669291540165,0.4501157419278771,0.02331871731322154,0.0017472910312125347,0.0,0.0,0.0761386449786176,0.07258644617232722,0.006303592235488307,0.015205726709503252,0.24282552199349905,110.08734048639847,0.0032545092743183125,1.9643994298312613,-0.0012002551342878654,900.0000000000001,0.0006082125221223252,True,0.013539853971451521,0.0761386449786176,True,True,True,0.85,False,False,False,0,True,True,True,True,True,True,True,False,True,0,0,False,0,15,24,15,,,,False,False,False,
90,2026-08-18T22:00:16.819261,shadow,analysis_full,silero,webrtc,False,0.004685310181230307,True,True,True,1,False,True,False,0,0.0,,,,,,,,,,,,,0.35690469233670646,0.9604195203926489,0.03550975908642148,0.004070720518127701,,,,,,,,,,,,,,False,True,temporal_v1,False,0.0017916103183031524,0.081419624217119,2.6494982027337457,0.9640215088136858,91.72149658203139,1106.636184991578,0.34277823343990554,0.012673599641689827,0.0014528592541110856,0.0,0.0,0.07302967028799938,0.07212090180759247,0.002996846054343885,0.013375840066506346,0.11230862430671838,94.57205081127161,0.004574766819360954,1.0393454526078787,-0.000617275670371273,900.0000000000001,0.0065278879629099016,True,0.012726920191198587,0.07302967028799938,True,True,True,0.85,False,False,False,0,True,True,True,True,True,True,True,False,True,0,0,False,0,15,24,15,,,,False,False,False,
91,2026-08-18T22:00:16.829968,shadow,analysis_full,silero,webrtc,False,0.004883704707026482,True,True,True,1,False,True,False,0,0.0,,,,,,,,,,,,,0.24891368662482316,0.9746783465721753,0.023344388167671325,0.0019772652561358176,,,,,,,,,,,,,,False,True,temporal_v1,False,0.001480002013215753,0.08768267223382047,2.6462804697292053,0.9649007758481383,90.06441297047022,1182.6153662899019,0.24261078051866725,0.00581073772081597,0.0004921683843399416,0.0,0.0,0.06560661453049615,0.06588334310887577,0.0019484488049963907,0.013523285795993026,0.09273581222293618,94.70131764095065,0.005783672436208877,0.68183670921087,-0.00042748487344878016,900.0000000000001,0.010625190531632928,True,0.010954340919852257,0.06560661453049615,True,True,True,0.85,False,False,False,0,True,True,True,True,True,True,True,False,True,0,0,False,0,15,24,15,,,,False,False,False,
92,2026-08-18T22:00:16.836530,shadow,analysis_full,silero,webrtc,False,0.0038347342051565647,True,True,True,1,False,True,False,0,0.0,,,,,,,,,,,,,0.30634230867758355,0.9689460180908918,0.029376189529917242,0.001677792375926763,,,,,,,,,,,,,,False,False,temporal_v1,False,0.0016551367452703183,0.07724425887265135,2.7137063808084254,0.967377564155561,91.04812827430435,995.1065402538591,0.29682916016591543,0.008999169720745106,0.0005139787899230528,0.0,0.0,0.07002048732061956,0.07017482452008847,0.001148925092055898,0.011603084118238209,0.09439399936634679,76.96640672369051,0.008158316540109487,0.8831543957307353,-0.0005362249991041526,900.0000000000001,0.004025444657705642,True,0.008168007712811232,0.07002048732061956,True,True,True,0.85,False,False,False,0,True,True,True,True,True,True,True,False,True,0,0,False,0,15,24,15,,,,False,False,False,
93,2026-08-18T22:00:16.847880,shadow,analysis_full,silero,webrtc,False,0.004975910298526287,True,True,True,1,False,True,False,0,0.0,,,,,,,,,,,,,0.15799563731603147,0.9120193540010358,0.0856839724562908,0.0022966735363440767,,,,,,,,,,,,,,False,False,temporal_v1,False,0.001181324663312534,0.08872651356993737,2.39642991599319,0.9679303053284373,88.11954258798009,907.1531831443089,0.14409507907994898,0.01353769383600095,0.0003628643990815462,0.0,0.0,0.07009759130583954,0.07022464053024521,0.0011233800610351509,0.008086233990340006,0.11288997490034706,86.01040304652926,0.019391730697448938,1.4920739744906604,-0.0009091550380800883,900.0000000000001,0.0007246528333699003,True,0.0063573752995580435,0.07009759130583954,True,True,True,0.85,False,False,False,0,True,True,True,True,True,True,True,False,True,0,0,False,0,15,24,15,,,,False,False,False,
94,2026-08-18T22:00:16.857576,shadow,analysis_full,silero,webrtc,False,0.005251084454357624,True,True,True,1,False,True,False,0,0.0,,,,,,,,,,,,,0.030248884364905703,0.9356123602733398,0.05854786832864085,0.00583977136496032,,,,,,,,,,,,,,False,False,temporal_v1,False,0.0005186833769461324,0.07933194154488518,2.8808607159694133,0.9610950945519778,80.92645851668516,1218.666650010096,0.02830123009628475,0.0017710076988847819,0.00017664656873617228,0.0,0.0,0.06819938744036831,0.068446317933866,0.0014602138473533617,0.006469290368411763,0.1387013715380747,104.21428448780603,0.0109974136685252,0.8632826792521232,-0.000525864020949924,900.0000000000001,0.011640745215985748,True,0.0056555739138275385,0.06819938744036831,True,True,True,0.85,False,False,False,0,True,True,True,True,True,True,True,False,True,0,0,False,0,15,24,15,,,,False,False,False,
95,2026-08-18T22:00:16.868365,shadow,analysis_full,silero,webrtc,False,0.007060307543724775,True,True,True,1,True,True,False,1,0.0,,,,,,,,,,,,,0.050159801582076356,0.5512906413008082,0.41375722672803544,0.03495213195122009,,,,,,,,,,,,,,False,True,temporal_v1,False,0.0006717466696849195,0.1315240083507307,3.676800229650106,0.8563124703546282,82.6784667484045,1585.9349501889028,0.027652629181704167,0.020753980395828438,0.0017531920035437512,0.0,0.0,0.12617564166464845,0.11825034347949415,0.009730486713629876,0.014821444282545318,0.3423430615286428,190.71628608161072,0.011966705399966563,1.061385006903623,-0.0006251168820705399,2133.3333333333335,0.016566309025422176,True,0.0056555739138275385,0.12617564166464845,True,True,True,0.85,True,True,True,1,True,True,True,True,True,True,True,False,True,0,0,True,1,15,24,15,,,,False,False,False,
96,2026-08-18T22:00:16.878068,shadow,analysis_full,silero,webrtc,False,0.007060307543724775,True,True,True,1,True,True,False,1,0.0,,,,,,,,,,,,,0.3879305962664895,0.8334589368356797,0.1629517378008205,0.003589325360922041,,,,,,,,,,,,,,False,False,temporal_v1,False,0.001849338601853449,0.08559498956158663,1.8831971014512878,0.9502825619101273,91.93476371116171,1220.375597021287,0.32332422233029967,0.06321396480773296,0.00139240912745692,0.0,0.0,0.12632678090052035,0.11833140547531738,0.009629655404158093,0.014658818157909436,0.4259179110565302,182.79133305997613,0.021216586582315077,1.886577090768938,-0.0011413535705247604,1500.0,0.0006430581445800072,True,0.0056555739138275385,0.12632678090052035,True,True,True,0.85,True,True,True,2,True,True,True,True,True,True,True,False,True,0,0,True,2,15,24,15,,,,False,False,False,
97,2026-08-18T22:00:16.889006,shadow,analysis_full,silero,webrtc,False,0.012867271900177002,True,True,True,1,False,True,False,0,0.0,,,,,,,,,,,,,0.2229034698305642,0.8601942614135287,0.13596746424628958,0.0038382743356953695,,,,,,,,,,,,,,False,True,temporal_v1,False,0.0014017852287972572,0.08350730688935282,2.7479740976035907,0.9580217054917946,89.56228535829047,1145.3493763507577,0.19174028559741496,0.030307619564561128,0.0008555646675881016,0.0,0.0,0.12000450584218678,0.11110735796271104,0.00956546204688767,0.014658818157909436,0.42679033519790743,175.49440367067797,0.031915352621397164,1.446903240221483,-0.0008659748120092028,866.6666666666667,0.0030965307661708066,True,0.0056555739138275385,0.12000450584218678,True,True,True,0.85,False,False,False,0,True,True,True,True,True,True,True,False,True,0,0,False,0,15,24,15,,,,False,False,False,
98,2026-08-18T22:00:16.899617,shadow,analysis_full,silero,webrtc,False,0.023584911599755287,True,True,True,1,True,True,False,1,0.0,,,,,,,,,,,,,0.03327365583732902,0.7539644995177464,0.1778931714681158,0.06814232898408414,,,,,,,,,,,,,,False,True,temporal_v1,False,0.0005425183161641263,0.14613778705636743,3.40220624982093,0.8917959041190212,80.99350019653582,1646.4661290198092,0.02508715527051751,0.005919156163241043,0.0022673444025704654,0.0,0.0,0.1254721086116987,0.11240332123627582,0.020681493675895984,0.022397877489509114,0.47490991825188683,229.8072605698499,0.007778371640897962,1.1783203219286322,-0.0007011697835465304,1866.6666666666667,0.019044960702749043,True,0.0056555739138275385,0.1254721086116987,True,True,True,0.85,True,True,True,1,True,True,True,True,True,True,True,False,True,0,0,True,1,15,24,15,,,,False,False,False,
99,2026-08-18T22:00:16.912705,shadow,analysis_full,silero,webrtc,False,0.06792736053466797,True,True,True,1,True,True,False,1,0.0,,,,,,,,,,,,,0.016007674036092538,0.4766260431688162,0.21902257960798788,0.30435137716072597,,,,,,,,,,,,,,False,True,temporal_v1,False,0.00038329645432360764,0.2797494780793319,3.9377768613058146,0.7041537139358987,76.93600775234628,2115.759477536705,0.00762967433615898,0.0035060420609087984,0.00487195763802476,0.0,0.0,0.1684801153244776,0.11365729358203656,0.0894604700025066,0.05957774148739476,0.5835206704030026,346.5618647034713,0.0061095028933065365,1.2468034632469427,-0.0007513218848786638,3433.3333333333335,0.026349642105338186,True,0.0061556959990412,0.1684801153244776,True,True,True,0.85,True,True,True,2,True,True,True,True,True,True,True,False,True,0,0,True,2,15,24,15,,,,False,False,False,
100,2026-08-18T22:00:16.926206,shadow,analysis_full,silero,webrtc,False,0.1421099752187729,True,True,True,1,True,True,False,1,0.0,,,,,,,,,,,,,0.004967901544318331,0.7702401337883658,0.2105421497363267,0.019217716274015167,,,,,,,,,,,,,,False,True,temporal_v1,False,0.00021253692047490082,0.12943632567849686,2.9910678906974564,0.9307177596239984,72.95688911683021,1459.0487593032794,0.0038264771501431804,0.0010459526708191987,9.547172235595147e-05,0.0,0.0,0.162490624587219,0.11054529722209482,0.08891383097727804,0.05867920438266841,0.5782125723569271,341.73007432740695,0.012745192501173121,1.0258679455993114,-0.0006123384753661243,1600.0,0.017225881043157917,True,0.007060307543724775,0.162490624587219,True,True,True,0.85,True,True,True,3,True,True,True,True,True,False,True,False,True,0,0,True,3,15,24,15,,,,False,False,False,
101,2026-08-18T22:00:16.939518,shadow,analysis_full,silero,webrtc,False,0.12610509991645813,True,True,True,1,True,True,False,1,0.0,,,,,,,,,,,,,0.008961811365382025,0.5721707495028632,0.3329910827042484,0.09483816768130375,,,,,,,,,,,,,,False,True,temporal_v1,False,0.0002860738259817355,0.11691022964509394,3.83032692868903,0.8582980631834134,75.22816206842552,1838.653073697581,0.00512768632583391,0.002984203269549799,0.0008499217689983143,0.0,0.0,0.16498650126533498,0.11357836112748972,0.08882777379196778,0.057772728170456825,0.6275990275721489,365.8697340394665,0.01020738588973773,0.8375061824472683,-0.0004994275337785471,1866.6666666666667,0.07110778261938412,True,0.009963789721950889,0.16498650126533498,True,True,True,0.85,True,True,True,4,True,True,True,True,True,False,True,False,True,0,0,True,4,15,24,15,,,,False,False,False,
102,2026-08-18T22:00:16.952189,shadow,analysis_full,silero,webrtc,False,0.12229365110397339,True,True,True,1,True,True,False,1,0.0,,,,,,,,,,,,,0.39493449458520863,0.7900028220418043,0.19878351880605247,0.011213659149611258,,,,,,,,,,,,,,False,True,temporal_v1,False,0.0018866558302986468,0.13778705636743216,3.0267537126759074,0.9465018134941579,92.0897174578419,1378.5254206479494,0.3119993652439685,0.07850646853153764,0.0044286608087025225,0.0,0.0,0.15082461709780903,0.10143474597895763,0.0883120005980588,0.055927397869814446,0.6179753405234749,339.15577677386085,0.010039847915130693,0.8790780512409196,-0.0005306201892866546,1233.3333333333335,0.020066703332811114,True,0.018226091749966145,0.15082461709780903,True,True,True,0.85,True,True,True,5,True,True,True,True,True,True,True,False,True,0,0,True,5,15,24,15,,,,False,False,False,
103,2026-08-18T22:00:16.966479,shadow,analysis_full,silero,webrtc,False,0.39635124802589417,True,True,True,1,True,True,False,1,0.0,,,,,,,,,,,,,0.779243590481377,0.7576025266764814,0.23861701027023244,0.0037804630520028313,,,,,,,,,,,,,,False,False,temporal_v1,False,0.0026072674056944827,0.07515657620041753,2.4684297187425175,0.9492999038211599,94.91420679356958,1156.758388545521,0.5903569130451446,0.18594077583290755,0.002945901602324871,0.0,0.0,0.1405460343439781,0.09438876285734947,0.08822481809106061,0.057014762844098864,0.610372844790344,305.7038986713649,0.00981671705017751,1.2197723723046392,-0.0007313686991546309,1233.3333333333335,0.0031766987872668363,True,0.04575613606721163,0.1405460343439781,True,True,True,0.85,True,True,True,6,True,True,True,True,True,True,True,False,True,0,0,True,6,15,24,15,,,,False,False,False,
104,2026-08-18T22:00:16.973050,shadow,analysis_full,silero,webrtc,False,0.3598554730415344,True,True,True,1,False,True,False,0,0.0,,,,,,,,,,,,,0.09351885673987488,0.8731637899853193,0.12486073831623007,0.001975471687757596,,,,,,,,,,,,,,False,False,temporal_v1,False,0.0009065395162368255,0.08977035490605428,2.1863203999576837,0.9604347214247382,85.78418588864862,1084.0728223031995,0.08165727938608328,0.011676833499030526,0.00018474385376108146,0.0,0.0,0.13242954677490817,0.08503690171015518,0.08844737503888826,0.05623156904036155,0.6665301019976665,319.41708121578097,0.008736368923355288,1.1271730018244743,-0.000678948001508144,966.6666666666667,0.0031465446536424555,True,0.09511050581932068,0.13242954677490817,True,True,True,0.85,False,False,False,0,True,True,True,True,True,True,True,False,True,0,0,False,0,15,24,15,,,,False,False,False,
105,2026-08-18T22:00:16.979283,shadow,analysis_full,silero,webrtc,False,0.48103490471839905,True,True,True,1,True,True,False,1,0.0,,,,,,,,,,,,,0.025975935499381996,0.7300421607342689,0.2658052310730785,0.0041526081541554015,,,,,,,,,,,,,,False,True,temporal_v1,False,0.00047899903323525957,0.10647181628392484,2.990576473804753,0.9423383095297316,80.14684437575497,1319.6233375181291,0.018963528079062833,0.0069045395377526145,0.00010786788156654843,0.0,0.0,0.1193459607961467,0.05927505504027525,0.08960624888992073,0.056556167442963184,0.6291476396664968,319.166833322622,0.021986942098620704,0.8219266435334256,-0.0004960782142474873,1300.0,0.014063551790571671,True,0.12419937551021576,0.1193459607961467,True,True,True,0.85,True,True,True,1,True,True,True,True,True,True,True,False,True,0,0,True,1,15,24,15,,,,False,False,False,
106,2026-08-18T22:00:16.985060,shadow,analysis_full,silero,webrtc,True,0.5068789720535278,True,True,True,1,False,True,False,0,0.0,,,,,,,,,,,,,0.16824027249062223,0.8933540834978093,0.08817172425183799,0.018474192244408678,,,,,,,,,,,,,,False,True,temporal_v1,False,0.0012393999570323047,0.06263048016701461,3.3068044889832096,0.9349630472766385,88.38399005751998,1768.7718844116152,0.15029813443828152,0.014834034914097228,0.003108103137243456,0.0,0.0,0.1251597051623581,0.06835031770192697,0.08891884941995462,0.058543029624502876,0.5248726992520033,324.39728633459447,0.009271976623851975,0.5502164828917333,-0.00034173120162349704,900.0000000000001,0.07564975400375389,True,0.1341075375676155,0.1251597051623581,True,True,True,0.85,False,False,False,0,True,True,True,True,True,False,True,False,True,0,0,False,0,15,24,15,,,,False,False,False,
107,2026-08-18T22:00:16.990819,shadow,analysis_full,silero,webrtc,True,0.6888225078582764,True,True,True,1,False,True,False,0,0.0,,,,,,,,,,,,,1.7881581412807614,0.9901279645195649,0.008923340975637475,0.0009486945042384143,,,,,,,,,,,,,,False,False,temporal_v1,False,0.003971895551613769,0.06680584551148225,2.0125836445902827,0.9730686702597632,98.6780622389397,1002.6829772139375,1.7705053806654087,0.015956344813010365,0.0016964158013422364,0.0,0.0,0.14179852514472413,0.08793584375717028,0.08908267895102352,0.05986227570367721,0.6117963526892312,341.95996880503174,0.02190040019395407,0.7569757182138392,-0.00047073975402337165,633.3333333333334,0.0032667510602161897,True,0.25098272413015366,0.14179852514472413,True,True,True,0.85,False,False,False,0,True,True,True,True,True,True,True,False,True,0,0,False,0,15,24,15,,,,False,False,False,
108,2026-08-18T22:00:16.995903,shadow,analysis_full,silero,webrtc,True,0.7390270233154297,True,True,True,1,False,True,False,0,0.0,,,,,,,,,,,,,2.250550130340573,0.9869125888675992,0.012836457768342531,0.00025095336361385305,,,,,,,,,,,,,,False,False,temporal_v1,False,0.004446759574665974,0.07306889352818371,2.409986536766374,0.9685816354253373,99.63909927955856,840.5364782118718,2.221096255510728,0.028889091703654543,0.0005647831251905623,0.0,0.0,0.1570842993786605,0.1023268575132585,0.09022750996631158,0.06081036547823593,0.6213835555656586,384.8167591188073,0.012016439467954205,1.0653028372176774,-0.0006467087503855316,866.6666666666667,0.0007880164105476793,True,0.3781033605337143,0.1570842993786605,True,True,True,0.85,False,False,False,0,True,True,True,True,True,True,True,False,True,0,0,False,0,15,24,15,,,,False,False,False,
109,2026-08-18T22:00:17.001432,shadow,analysis_full,silero,webrtc,True,0.7069649696350098,True,True,True,1,False,True,False,0,0.0,,,,,,,,,,,,,0.9113860590832829,0.9038190681630409,0.09581428642929292,0.0003666454065689074,,,,,,,,,,,,,,False,False,temporal_v1,False,0.0028352152651215518,0.07724425887265135,2.7510711687893004,0.9653751481189973,95.71521864575651,983.0003152132657,0.8237280986574389,0.08732380491267014,0.0003341555121738245,0.0,0.0,0.12180414317768476,0.10310372616809427,0.027309148788656465,0.025819832707708237,0.5199683151474428,317.18201417792557,0.01337054872717507,0.8373963986658787,-0.000514480923717286,933.3333333333334,0.0038120685244330092,True,0.4386930763721466,0.12180414317768476,True,True,True,0.85,False,False,False,0,True,True,True,True,True,True,True,False,True,0,0,False,0,15,24,15,,,,False,False,False,
110,2026-08-18T22:00:17.007338,shadow,analysis_full,silero,webrtc,True,0.6321572661399841,True,True,True,1,True,True,False,1,0.0,,,,,,,,,,,,,1.7158979683953213,0.7917010136653052,0.2076312349418874,0.0006677513922245016,,,,,,,,,,,,,,False,True,temporal_v1,False,0.003890106166585306,0.07933194154488518,2.6565061904788627,0.9607191654488714,98.44191592425355,1031.4099006801293,1.3584781609248138,0.35627401421219623,0.0011457932573111698,0.0,0.0,0.12097593878981293,0.1029582307330102,0.027623307258839214,0.023081878849411697,0.5171862198103843,319.4063777254184,0.011181758996202253,0.8227137332034625,-0.000511689985360289,1033.3333333333335,0.0037799857339869225,True,0.49395693838596344,0.12097593878981293,True,True,True,0.85,True,True,True,1,True,True,True,True,True,True,True,False,True,0,0,True,1,15,24,15,,,,False,False,False,
111,2026-08-18T22:00:17.018117,shadow,analysis_full,silero,webrtc,True,0.556989848613739,True,True,True,1,False,True,False,0,0.0,,,,,,,,,,,,,1.2457820789488712,0.799213169819412,0.1995284556265507,0.0012583745532343332,,,,,,,,,,,,,,False,False,temporal_v1,False,0.0033354342444352086,0.06889352818371608,2.5250650702056756,0.9621052959716185,97.112004750078,1042.939238273099,0.9956454442209444,0.2485689742599019,0.0015676604670246245,0.0,0.0,0.08727716714475271,0.0867046280053643,0.005656347899129176,0.02162440214356772,0.37740091729301967,252.58222598854516,0.014367369153264935,0.9224498625193656,-0.000550612358295739,1133.3333333333335,0.00359878715425235,True,0.5319344103336334,0.08727716714475271,True,False,True,0.85,True,False,False,0,True,True,True,True,True,True,True,False,True,0,0,False,0,15,24,15,,,,False,False,False,
112,2026-08-18T22:00:17.027205,shadow,analysis_full,silero,webrtc,True,0.556989848613739,True,True,True,1,False,True,False,0,0.0,,,,,,,,,,,,,0.49952385046911457,0.834926221688193,0.16114720564151744,0.00392657266828761,,,,,,,,,,,,,,False,True,temporal_v1,False,0.002122875896626634,0.08350730688935282,2.7101093907891407,0.9640993128093521,93.19585557168529,1043.0160098443178,0.41706556111531573,0.08049687265438901,0.0019614166984098123,0.0,0.0,0.08512084162644876,0.08505021174861603,0.0051681984878553236,0.012074316276343425,0.355731853646089,243.55931222649974,0.00948577347257583,1.2311139056551992,-0.0007346383399464682,1066.6666666666667,0.002963717852795985,True,0.556989848613739,0.08512084162644876,True,False,True,0.85,True,False,False,0,True,True,True,True,True,True,True,False,True,0,0,False,0,15,24,15,,,,False,False,False,
113,2026-08-18T22:00:17.039255,shadow,analysis_full,silero,webrtc,True,0.7054928541183472,True,True,True,1,False,True,False,0,0.0,,,,,,,,,,,,,0.10717936175429721,0.8947919522135971,0.10425679075268021,0.0009512570243924881,,,,,,,,,,,,,,False,False,temporal_v1,False,0.0009735617489000411,0.08350730688935282,2.397814836933675,0.9684756212505085,86.4402047849349,1011.7464083617399,0.09590323034113495,0.01117417629142358,0.0001019551207386788,0.0,0.0,0.07897630541129955,0.0788492341752964,0.005226599246578732,0.012117554789921879,0.3589940753780892,245.6802602835252,0.010289730622602694,0.8508851189882168,-0.0005307915165468577,700.0,0.004497740297933374,True,0.5945735573768616,0.07897630541129955,True,False,True,0.85,False,False,False,0,True,True,True,True,True,True,True,False,True,0,0,False,0,15,24,15,,,,False,False,False,
114,2026-08-18T22:00:17.047301,shadow,analysis_full,silero,webrtc,True,0.7076612114906311,True,True,True,1,False,True,False,0,0.0,,,,,,,,,,,,,0.05683693998614776,0.9091986204310247,0.08906983399082924,0.001731545560551765,,,,,,,,,,,,,,False,False,temporal_v1,False,0.0007070326522154461,0.081419624217119,2.932515856797425,0.9540607015444507,83.59266319361991,992.4396424199895,0.05167606742492649,0.005062456809112905,9.841575110836124e-05,0.0,0.0,0.07986443427172593,0.07966850423393526,0.005233276032823503,0.011633095378501069,0.34357772012298016,248.2752357902156,0.022622738574949838,1.3782602691706383,-0.0008366913058548905,966.6666666666667,0.001692816527010881,True,0.6604898869991302,0.07986443427172593,True,False,True,0.85,False,False,False,0,True,True,True,True,True,True,True,False,True,0,0,False,0,15,24,15,,,,False,False,False,
115,2026-08-18T22:00:17.052602,shadow,analysis_full,silero,webrtc,True,0.7895842790603638,True,True,True,1,False,True,False,0,0.0,,,,,,,,,,,,,0.13574580356465654,0.8724273192084002,0.12416009671917284,0.0034125840650602204,,,,,,,,,,,,,,False,False,temporal_v1,False,0.001090317681035678,0.09812108559498957,2.4385413794332367,0.942079810516079,87.30548997393684,1191.6346459632275,0.11842834749770341,0.016854212099809595,0.0004632439661435418,0.0,0.0,0.06418950713402985,0.06415808490721187,0.005225539034708337,0.009722865154233838,0.3316650279344336,239.97001630011894,0.013226751673588054,0.9895559900821401,-0.0005913984511645238,966.6666666666667,0.004479000749817211,True,0.6971576809883118,0.06418950713402985,True,False,True,0.85,False,False,False,0,True,True,True,True,True,True,True,False,True,0,0,False,0,15,24,15,,,,False,False,False,
116,2026-08-18T22:00:17.065959,shadow,analysis_full,silero,webrtc,True,0.8744236826896667,True,True,True,1,False,True,False,0,0.0,,,,,,,,,,,,,1.3261010582064203,0.9859791911849295,0.012401120445185302,0.0016196883691310309,,,,,,,,,,,,,,False,False,temporal_v1,False,0.003433817200428591,0.05636743215031315,2.0572423248703133,0.9750626730398783,97.42115704508302,887.6760266384808,1.3075080487998454,0.016445138945305502,0.002147870460269291,0.0,0.0,0.07069766554590555,0.07036287037510214,0.0011752898075827597,0.010799596790294418,0.278231369494913,89.36881317401141,0.043139261534943456,1.0785379698786337,-0.0006673160049184352,700.0,0.0018129502639824158,True,0.7062289118766785,0.07069766554590555,True,False,True,0.85,False,False,False,0,True,True,True,True,True,True,True,False,True,0,0,False,0,15,24,15,,,,False,False,False,
117,2026-08-18T22:00:17.080320,shadow,analysis_full,silero,webrtc,True,0.9495646357536316,True,True,True,1,False,True,False,0,0.0,,,,,,,,,,,,,2.01370983401201,0.9728062785289234,0.022648130971890952,0.004545590498688946,,,,,,,,,,,,,,False,False,temporal_v1,False,0.004201773092736077,0.07306889352818371,2.2694908151784343,0.9706364654353244,99.1557883519973,1075.933082892195,1.9589495696623196,0.045606764060088796,0.009153500288601487,0.0,0.0,0.06857276516843855,0.0686553474637338,0.0014626870489022536,0.010373493318417408,0.24262414441376895,92.02889652397576,0.015502514922022448,1.1851110192700163,-0.0007165678939338244,700.0,0.0034017785898503594,True,0.7073130905628204,0.06857276516843855,True,False,True,0.85,False,False,False,0,True,True,True,True,True,True,True,False,True,0,0,False,0,15,24,15,,,,False,False,False,
118,2026-08-18T22:00:17.094969,shadow,analysis_full,silero,webrtc,True,0.9454265236854553,True,True,True,1,False,True,False,0,0.0,,,,,,,,,,,,,1.4481068505181598,0.9881569145542953,0.009921464560520992,0.0019216208844930966,,,,,,,,,,,,,,False,False,temporal_v1,False,0.003562041111903944,0.06471816283924843,1.9675497946123444,0.9748471951378964,97.74006166047259,1048.2540540346006,1.4309567973529629,0.014367340797263593,0.0027827123669332187,0.0,0.0,0.0687400402165057,0.06904243030496025,0.001359648042538653,0.011009433714768443,0.29285099526651853,72.87676190536692,0.019758367455602183,0.7753018921400883,-0.0004655542244957602,666.6666666666667,0.0035320964872566944,True,0.7073130905628204,0.0687400402165057,True,False,True,0.85,False,False,False,0,True,True,True,True,True,True,True,False,True,0,0,False,0,15,24,15,,,,False,False,False,
119,2026-08-18T22:00:17.109980,shadow,analysis_full,silero,webrtc,True,0.943461537361145,True,True,True,1,False,True,False,0,0.0,,,,,,,,,,,,,0.6909283809922547,0.986654387657604,0.012435102619284651,0.0009105097216640638,,,,,,,,,,,,,,False,False,temporal_v1,False,0.0024814262011558113,0.07724425887265135,2.735416541523596,0.9727119165680874,94.59023463146002,958.2801380220134,0.6817075186631728,0.00859176532021489,0.0006290970078670601,0.0,0.0,0.07405301121865522,0.0742069233831152,0.00130124188774529,0.011009433714768443,0.2913856516677845,74.8489678745572,0.03306218377927767,0.7817808415123532,-0.0004710198712341203,766.6666666666667,0.003504374298818372,True,0.7486227452754974,0.07405301121865522,True,False,True,0.85,False,False,False,0,True,True,True,True,True,True,True,False,True,0,0,False,0,15,24,15,,,,False,False,False,
120,2026-08-18T22:00:17.124617,shadow,analysis_full,silero,webrtc,True,0.9180325865745544,True,True,True,1,False,True,False,0,0.0,,,,,,,,,,,,,0.27911044373858895,0.9387016789654506,0.058178662417540446,0.003119658613426085,,,,,,,,,,,,,,False,False,temporal_v1,False,0.0015683614519740358,0.06889352818371608,2.248646515236072,0.9732096732552912,90.6057982174539,1094.985810808429,0.2620014421542054,0.01623827228347728,0.0008707292999062657,0.0,0.0,0.06433705841985672,0.0642649290861356,0.0012387984333531413,0.011195897852018308,0.2908330599843352,77.49363264118519,0.010329311018099516,0.8265412397537254,-0.000511001714630367,666.6666666666667,0.006276208737181935,True,0.8320039808750153,0.06433705841985672,True,False,True,0.85,False,False,False,0,True,True,True,True,True,True,True,False,True,0,0,False,0,15,24,15,,,,False,False,False,
121,2026-08-18T22:00:17.139451,shadow,analysis_full,silero,webrtc,True,0.9290876388549805,True,True,True,1,False,True,False,0,0.0,,,,,,,,,,,,,0.16347130293697396,0.9432388656565767,0.03810338247633142,0.0186577518609746,,,,,,,,,,,,,,False,False,temporal_v1,False,0.0012332162367967886,0.08977035490605428,2.6373585205936876,0.964230860357065,88.47639286874559,1166.9122569905849,0.15419248634967392,0.006228809579711758,0.0030500070065882685,0.0,0.0,0.05075693080535143,0.050951347323000724,0.005001805029823625,0.011691022964509397,0.29646809865467094,87.13796530856368,0.018655820171877485,1.4713166767764934,-0.0008956603913776744,666.6666666666667,0.0036174827927549958,True,0.8962281346321106,0.05075693080535143,True,False,True,0.85,False,False,False,0,True,True,True,True,True,True,True,False,True,0,0,False,0,15,24,15,,,,False,False,False,
122,2026-08-18T22:00:17.152539,shadow,analysis_full,silero,webrtc,True,0.9619448184967041,True,True,True,1,False,True,False,0,0.0,,,,,,,,,,,,,0.08990022249587692,0.5768806251551659,0.04846101845089554,0.37465835638281497,,,,,,,,,,,,,,False,True,temporal_v1,False,0.0008921705807657828,0.2651356993736952,3.4968519204865762,0.683079828496364,84.16711202972235,2076.8589633104993,0.05186169655500999,0.0043566563411123055,0.03368186959875462,0.0,0.0,0.11668140544221374,0.03914257913973159,0.11128095455873532,0.05760226345197723,0.431491599800198,320.8518627559174,0.01563428321054775,0.9700776108814628,-0.0005799870190504815,3400.0000000000005,0.023605744424509315,True,0.9235601127147675,0.11668140544221374,True,False,True,0.85,True,False,False,0,True,True,True,True,True,False,True,False,True,0,0,False,0,15,24,15,,,,False,False,False,
123,2026-08-18T22:00:17.166211,shadow,analysis_full,silero,webrtc,True,0.9739187955856323,True,True,True,1,False,True,False,0,0.0,,,,,,,,,,,,,0.036792633269089776,0.4499330607900811,0.12333440774260601,0.4267325314401335,,,,,,,,,,,,,,False,True,temporal_v1,False,0.0005717999942031724,0.27348643006263046,3.852322940258165,0.618788825063879,79.86653545082676,2253.9873697939356,0.01655422210128853,0.0045377976335340894,0.015700613533267155,0.0,0.0,0.18028120616444476,0.04200504181887688,0.15898460818871096,0.07809161146225327,0.5844525905137572,455.3728190775706,0.008392438211809662,1.2378767106387003,-0.0007440624626990169,3500.0000000000005,0.023868886011846294,True,0.9362745881080627,0.18028120616444476,True,False,True,0.85,True,False,False,0,True,True,True,True,True,True,True,False,True,0,0,False,0,15,24,15,,,,False,False,False,
124,2026-08-18T22:00:17.179339,shadow,analysis_full,silero,webrtc,True,0.9336912631988525,True,True,True,1,False,True,False,0,0.0,,,,,,,,,,,,,0.018031409703905394,0.6414277359061707,0.20251716870117764,0.156055095337193,,,,,,,,,,,,,,False,True,temporal_v1,False,0.0004007220329520844,0.18162839248434237,3.5662408748063954,0.8130884170555857,77.94907247650514,1886.9741129153356,0.011565846301572593,0.00365167004092586,0.002813893360406943,0.0,0.0,0.1909136988485992,0.06100316228931394,0.15776132284697847,0.0795776877207612,0.6417273884653311,478.4182617371387,0.006655409425943889,1.2962652884521968,-0.0007728896340932434,2566.666666666667,0.013300612540606667,True,0.9385764002799988,0.1909136988485992,True,False,True,0.85,True,False,False,0,True,True,True,True,True,True,True,False,True,0,0,False,0,15,24,15,,,,False,False,False,
125,2026-08-18T22:00:17.191741,shadow,analysis_full,silero,webrtc,True,0.9469970464706421,True,True,True,1,False,True,False,0,0.0,,,,,,,,,,,,,0.027468161362729764,0.9271995589617387,0.028241141985448956,0.04455929901640663,,,,,,,,,,,,,,False,False,temporal_v1,False,0.000503638401801578,0.12526096033402923,2.961407580984683,0.9377585497088485,80.56281729347072,1797.7138358323236,0.025468467101012908,0.0007757322451240744,0.001223962015592783,0.0,0.0,0.19266872469872917,0.05846927205071946,0.15573388802195093,0.07908129837539452,0.6373833561992213,490.9504674096875,0.011835097727870784,0.5132674702917411,-0.0003192447052503405,666.6666666666667,0.055271623895404055,True,0.9444440305233002,0.19266872469872917,True,False,True,0.85,False,False,False,0,True,True,True,True,True,True,True,False,True,0,0,False,0,15,24,15,,,,False,False,False,
126,2026-08-18T22:00:17.198666,shadow,analysis_full,silero,webrtc,True,0.9901948571205139,True,True,True,1,False,True,False,0,0.0,,,,,,,,,,,,,0.22879152435157268,0.9741065606781737,0.021050465805081547,0.004842973512373992,,,,,,,,,,,,,,False,False,temporal_v1,False,0.0014683984436169805,0.04801670146137787,1.9649983552052888,0.9823850721261511,90.07396687066085,953.1651544925478,0.2228673248984271,0.004816168159855263,0.0011080312922903356,0.0,0.0,0.19180693221215608,0.057884527989074994,0.15552634563885606,0.07986880207373467,0.6483390859813855,484.13196080143587,0.014845594938072132,1.1724156989462535,-0.0007141100184679023,466.6666666666667,0.0024623398585002917,True,0.9462117850780487,0.19180693221215608,True,False,True,0.85,False,False,False,0,True,True,True,True,True,True,True,False,True,0,0,False,0,15,24,15,,,,False,False,False,
127,2026-08-18T22:00:17.204518,shadow,analysis_full,silero,webrtc,True,0.9904122948646545,True,True,True,1,False,True,False,0,0.0,,,,,,,,,,,,,0.42200300067877167,0.9529390286562808,0.040186843111562946,0.00687412822978671,,,,,,,,,,,,,,False,False,temporal_v1,False,0.001956758386202389,0.06680584551148225,2.0500664647599693,0.9747287706884963,92.53550802551442,1041.8762970354571,0.4021431295568645,0.016958968380886588,0.0029009027400206445,0.0,0.0,0.19051868272527575,0.057092887252341545,0.15537954058355002,0.08031041454312585,0.6683134225600207,486.73269708512373,0.011728465614600957,1.178502537265441,-0.0006982423933249616,466.6666666666667,0.0015624070185050142,True,0.9462117850780487,0.19051868272527575,True,False,True,0.85,False,False,False,0,True,True,True,True,True,True,True,False,True,0,0,False,0,15,24,15,,,,False,False,False,
128,2026-08-18T22:00:17.208851,shadow,analysis_full,silero,webrtc,True,0.9904122948646545,True,True,True,1,False,True,False,0,0.0,,,,,,,,,,,,,0.44706808728658776,0.9364926139435236,0.04722656603685405,0.016280820017385594,,,,,,,,,,,,,,False,False,temporal_v1,False,0.001994449945244874,0.11064718162839249,2.3787489444408783,0.9670980488972045,92.6670616519008,1291.1285624816887,0.41867596167374793,0.021113490547210068,0.007278635064629768,0.0,0.0,0.1870434685735227,0.054993821717662913,0.15449493427221841,0.07794748449463529,0.6306102573514523,473.05003699338926,0.0047506115653476845,0.8925281144391474,-0.0005362217800385997,566.6666666666667,0.010751306662506786,True,0.9544709324836731,0.1870434685735227,True,False,True,0.85,False,False,False,0,True,True,True,True,True,True,True,False,True,0,0,False,0,15,24,15,,,,False,False,False,
129,2026-08-18T22:00:17.215249,shadow,analysis_full,silero,webrtc,True,0.9893653392791748,True,True,True,1,False,True,False,0,0.0,,,,,,,,,,,,,0.038420404077454895,0.6793480241807177,0.13074335334889176,0.18990862244436277,,,,,,,,,,,,,,False,True,temporal_v1,False,0.0006092079661391573,0.1544885177453027,3.0669457346170934,0.8184516097828181,81.6309223354402,2060.3151062629963,0.02610082559824377,0.005023212466105887,0.007296366012105237,0.0,0.0,0.18446111573669863,0.05578419638293771,0.15211441325498257,0.07607333470177857,0.6356058487369487,473.5175094684071,0.013546088153415965,0.9165486397200266,-0.0005524114072278928,2700.0,0.029111011971365962,True,0.9679318070411682,0.18446111573669863,True,False,True,0.85,True,False,False,0,True,True,True,True,True,True,True,False,True,0,0,False,0,15,24,15,,,,False,False,False,
130,2026-08-18T22:00:17.220790,shadow,analysis_full,silero,webrtc,True,0.9930510520935059,True,True,True,1,False,True,False,0,0.0,,,,,,,,,,,,,0.032595210179615315,0.32362508486117086,0.12089553665834615,0.5554793784498038,,,,,,,,,,,,,,False,True,temporal_v1,False,0.0005724607741641104,0.3444676409185804,3.9671867036343986,0.5405590298800053,79.29072007819371,2747.654031562813,0.010548627660445706,0.003940615427156181,0.018105967091013433,0.0,0.0,0.2264100833965881,0.05718290734407437,0.19293874805331898,0.0937564783843163,0.6874660068615683,561.7326291918257,0.007838064113012546,0.7714741640732589,-0.0004663291287734925,3766.666666666667,0.0689322370280982,True,0.9816420674324036,0.2264100833965881,True,False,True,0.85,True,False,False,0,True,True,True,True,True,True,True,False,True,0,0,False,0,15,24,15,,,,False,False,False,
131,2026-08-18T22:00:17.226048,shadow,analysis_full,silero,webrtc,True,0.9947152733802795,True,True,True,1,False,True,False,0,0.0,,,,,,,,,,,,,0.04144949363159959,0.33991452349261686,0.0884146942568249,0.5716707822264325,,,,,,,,,,,,,,False,True,temporal_v1,False,0.000649602894964112,0.36116910229645094,4.025485724989338,0.5515380792773179,80.4787968841817,2707.0317004796157,0.014089284876795432,0.0036647443065380885,0.02369546444726607,0.0,0.0,0.24404998974449288,0.055455892814067924,0.21672658935685213,0.10622284534259806,0.7395663763573297,596.9065237530452,0.0033550641852728145,0.7215190091559379,-0.00043339515988173106,3766.666666666667,0.08068426023768853,True,0.9897800981998444,0.24404998974449288,True,False,True,0.85,True,False,False,0,True,True,True,True,True,True,True,False,True,0,0,False,0,15,24,15,,,,False,False,False,
132,2026-08-18T22:00:17.232972,shadow,analysis_full,silero,webrtc,True,0.9955898523330688,True,True,True,1,False,True,False,0,0.0,,,,,,,,,,,,,0.029417803560587475,0.24415301818707622,0.1170711875935198,0.638775794185411,,,,,,,,,,,,,,False,True,temporal_v1,False,0.0005265295650547077,0.35908141962421714,3.764239805527322,0.48008229540368225,78.04764359247089,2678.935881552086,0.007182445527751949,0.003443977199230851,0.018791380832604676,0.0,0.0,0.276403043266847,0.0547371810189376,0.24625474103051676,0.11589177626275118,0.7568683138087113,642.2038504787714,0.0035027988789138706,0.790442062954032,-0.00047016109539504654,3633.3333333333335,0.06223043182291941,True,0.9903035759925842,0.276403043266847,True,False,True,0.85,True,False,False,0,True,True,True,True,True,True,True,False,True,0,0,False,0,15,24,15,,,,False,False,False,
133,2026-08-18T22:00:17.239547,shadow,analysis_full,silero,webrtc,True,0.9940025210380554,True,True,True,1,False,True,False,0,0.0,,,,,,,,,,,,,0.01599410671205178,0.48808042729911494,0.34825393899530743,0.16366563364305464,,,,,,,,,,,,,,False,True,temporal_v1,False,0.00038202708631469086,0.19832985386221294,3.5914803973452596,0.7952757245356633,77.43406401169386,1903.6788708830202,0.007806410438285875,0.0055700106631833175,0.0026176856095825878,0.0,0.0,0.27391011674441484,0.09465795258893712,0.24115603163776508,0.11345628600475244,0.7367790636621859,633.7218088249809,0.006910990931888212,0.9882767611925604,-0.0005942260956250862,2600.0,0.03407520067326191,True,0.9904122948646545,0.27391011674441484,True,False,True,0.85,True,False,False,0,True,True,True,True,True,True,True,False,True,0,0,False,0,15,24,15,,,,False,False,False,
134,2026-08-18T22:00:17.246987,shadow,analysis_full,silero,webrtc,True,0.9971430897712708,True,True,True,1,False,True,False,0,0.0,,,,,,,,,,,,,0.10538365793788455,0.9519580968675131,0.037235216677604877,0.0108066864453928,,,,,,,,,,,,,,False,False,temporal_v1,False,0.0009774871956276852,0.1022964509394572,2.2998177856472597,0.9702202498703225,86.48319578592564,1251.73762905649,0.10032082645148557,0.003923983337595726,0.0011388481478032484,0.0,0.0,0.2883187954276015,0.09223833224379586,0.24968542594760199,0.11683639183347978,0.7600176690741592,663.6606496155052,0.019069676969816863,0.8541059269991277,-0.0005202139600038851,533.3333333333334,0.00956311351375768,True,0.9917316734790802,0.2883187954276015,True,False,True,0.85,False,False,False,0,True,True,True,True,True,True,True,False,True,0,0,False,0,15,24,15,,,,False,False,False,
135,2026-08-18T22:00:17.253508,shadow,analysis_full,silero,webrtc,True,0.9985058307647705,True,True,True,1,False,True,False,0,0.0,,,,,,,,,,,,,0.08745938043538733,0.988027122401377,0.010668746962914814,0.0013041306242741317,,,,,,,,,,,,,,False,False,temporal_v1,False,0.0009023295833477902,0.05219206680584551,1.8967768543036758,0.9853226663787821,85.8538128644208,973.4304820642259,0.08641223997858304,0.0009330819993984498,0.00011405845640583044,0.0,0.0,0.29401762068456644,0.09370500326805181,0.2530443122558245,0.12261452829559828,0.830272356411519,713.5225459740251,0.014215541726518566,0.8405973473858868,-0.0005231135084415659,500.00000000000006,0.003908087940327895,True,0.9935267865657806,0.29401762068456644,True,False,True,0.85,False,False,False,0,True,True,True,True,True,True,True,False,True,0,0,False,0,15,24,15,,,,False,False,False,
136,2026-08-18T22:00:17.260280,shadow,analysis_full,silero,webrtc,True,0.997698962688446,True,True,True,1,False,True,False,0,0.0,,,,,,,,,,,,,0.10642533739652496,0.9651156590253124,0.02996592498581202,0.004918415979479264,,,,,,,,,,,,,,False,False,temporal_v1,False,0.0009870928030144169,0.06680584551148225,1.995872444423855,0.9778901560701121,86.60196820181577,1157.791671341666,0.10271275963843841,0.0031891336770140015,0.0005234440800725405,0.0,0.0,0.29315340968175774,0.0930259533476006,0.25303801893370703,0.12071067144219388,0.8268379292821111,692.6949548419486,0.0037650980110841034,0.86294692194853,-0.0005290441679327034,500.00000000000006,0.006518684747258001,True,0.9943588972091675,0.29315340968175774,True,False,True,0.85,False,False,False,0,True,True,True,True,True,True,True,False,True,0,0,False,0,15,24,15,,,,False,False,False,
137,2026-08-18T22:00:17.267460,shadow,analysis_full,silero,webrtc,True,0.9961887001991272,True,True,True,1,False,True,False,0,0.0,,,,,,,,,,,,,0.08687164912349811,0.957631023654918,0.02832018956198776,0.014048786771582944,,,,,,,,,,,,,,False,False,temporal_v1,False,0.0009009836073235541,0.06263048016701461,1.9491350018253333,0.968829966781104,85.76770196258123,1148.5993918846702,0.08319098627672636,0.0024602215707399543,0.0012204412750317954,0.0,0.0,0.29358217310712054,0.0938162837396741,0.2524536309587929,0.12111366746788926,0.8377402560931902,681.9585240243619,0.011614330576720101,1.2130017373299609,-0.0007360293762647543,500.00000000000006,0.0025337302071266783,True,0.9951525628566742,0.29358217310712054,True,False,True,0.85,False,False,False,0,True,True,True,True,True,True,True,False,True,0,0,False,0,15,24,15,,,,False,False,False,
138,2026-08-18T22:00:17.275794,shadow,analysis_full,silero,webrtc,True,0.9940252900123596,True,True,True,1,False,True,False,0,0.0,,,,,,,,,,,,,0.09839069097377076,0.9684254059025991,0.028896399097490345,0.00267819498974684,,,,,,,,,,,,,,False,False,temporal_v1,False,0.0009538843441306652,0.04801670146137787,1.6703314574145247,0.9821741730025574,86.32288691188668,1070.555755820854,0.09528404484331114,0.0028431366738559207,0.0002635094556036825,0.0,0.0,0.29643361729543405,0.09492153631829263,0.25356398730125396,0.12611677026739523,0.9054928019433991,701.101421357228,0.00782936768944384,0.8659151907792708,-0.00053212057934625,500.00000000000006,0.004643740382990451,True,0.9951525628566742,0.29643361729543405,True,False,True,0.85,False,False,False,0,True,True,True,True,True,True,True,False,True,0,0,False,0,15,24,15,,,,False,False,False,
139,2026-08-18T22:00:17.284678,shadow,analysis_full,silero,webrtc,True,0.9919969439506531,True,True,True,1,False,True,False,0,0.0,,,,,,,,,,,,,0.06309154653275541,0.9750992246418553,0.023632369711926733,0.001268405630367888,,,,,,,,,,,,,,False,False,temporal_v1,False,0.0007803878401380716,0.05219206680584551,1.5672359219958898,0.9852829005265971,84.59034727192221,872.8386321022531,0.06152051810554533,0.001491002753359305,8.002567285076457e-05,0.0,0.0,0.3083470046298368,0.09621080969285187,0.2616415332468358,0.13139951691845783,0.9742112102066663,741.280894919739,0.005197558054768644,1.1226640607595504,-0.0006924753085536684,400.0,0.0018144094229303848,True,0.9951525628566742,0.3083470046298368,True,False,True,0.85,False,False,False,0,True,True,True,True,True,True,True,False,True,0,0,False,0,15,24,15,,,,False,False,False,
140,2026-08-18T22:00:17.294988,shadow,analysis_full,silero,webrtc,True,0.9909995198249817,True,True,True,1,False,True,False,0,0.0,,,,,,,,,,,,,0.03805981999080891,0.9759732180157942,0.020750967096595893,0.003275814861335566,,,,,,,,,,,,,,False,False,temporal_v1,False,0.0006288380648792627,0.05219206680584551,1.9057403697859645,0.9831276352074855,82.70241090941175,1150.9593168427728,0.037145364993531625,0.0007897780723316383,0.00012467692394564829,0.0,0.0,0.28572143069391676,0.09698884317707139,0.2371702019745051,0.12019487375111901,0.8932346677825206,654.838963051507,0.007560298841063601,0.7268550994921813,-0.00044990590744492775,466.6666666666667,0.008089689630047225,True,0.9951525628566742,0.28572143069391676,True,False,True,0.85,False,False,False,0,True,True,True,True,True,True,True,False,True,0,0,False,0,15,24,15,,,,False,False,False,
141,2026-08-18T22:00:17.303797,shadow,analysis_full,silero,webrtc,True,0.9804683923721313,True,True,True,1,False,True,False,0,0.0,,,,,,,,,,,,,0.007550660156445586,0.9681133835930229,0.025368364304662806,0.006518251969875455,,,,,,,,,,,,,,False,False,temporal_v1,False,0.0002772301008745984,0.05010438413361169,2.1312845807822294,0.9786139919471677,75.52308306861416,1194.4894897473241,0.007309895152417561,0.0001915478975894139,4.921710543861156e-05,0.0,0.0,0.24734255456133314,0.09784809865137604,0.19064050703249824,0.09547354278019485,0.7281646450070832,516.742625720876,0.004143161384300958,0.8016445135967675,-0.0004825197195029638,500.00000000000006,0.008313445653605523,True,0.9948075711727142,0.24734255456133314,True,False,True,0.85,False,False,False,0,True,True,True,True,True,False,True,False,True,0,0,False,0,15,24,15,,,,False,False,False,
142,2026-08-18T22:00:17.312575,shadow,analysis_full,silero,webrtc,True,0.9891089200973511,True,True,True,1,False,True,False,0,0.0,,,,,,,,,,,,,0.00826111692052927,0.24681194380235694,0.42755095757615125,0.32563709850044276,,,,,,,,,,,,,,False,True,temporal_v1,False,0.00028264341657118224,0.24217118997912318,4.132248606607976,0.5643431275490368,73.30592496051958,2444.8369868767954,0.00203894232513437,0.003532048450020835,0.002690126144374064,0.0,0.0,0.24669357860798632,0.14614460781810948,0.1023227418977965,0.06625687808122678,0.8073796311809707,457.4719572537358,0.032726832694477466,0.8554536516291728,-0.0004980920123497595,3633.3333333333335,0.06191026855037037,True,0.9940139055252075,0.24669357860798632,True,False,True,0.85,True,False,False,0,True,True,True,True,True,False,True,False,True,0,0,False,0,15,24,15,,,,False,False,False,
143,2026-08-18T22:00:17.324984,shadow,analysis_full,silero,webrtc,True,0.9878761768341064,True,True,True,1,False,True,False,0,0.0,,,,,,,,,,,,,0.022948803424290943,0.18044885145316597,0.3326202809805332,0.48693086752272563,,,,,,,,,,,,,,False,True,temporal_v1,False,0.0004567140763829756,0.302713987473904,3.327404951705154,0.4812539746306517,76.81735082634314,2405.5680469056274,0.004141085220137783,0.0076332374431546755,0.011174480759998485,0.0,0.0,0.30257528932063393,0.1435199205003781,0.16432651853807786,0.08704009500322595,0.7685489242934875,539.3063622384025,0.007522069056976951,1.6554928809119485,-0.0010104282928524806,3466.666666666667,0.004636089253189475,True,0.9930111169815063,0.30257528932063393,True,False,True,0.85,True,False,False,0,True,True,True,True,True,False,True,False,True,0,0,False,0,15,24,15,,,,False,False,False,
144,2026-08-18T22:00:17.330002,shadow,analysis_full,silero,webrtc,True,0.9878761768341064,True,True,True,1,False,True,False,0,0.0,,,,,,,,,,,,,0.022695169722237618,0.9123298958247181,0.0753134510914757,0.01235665303974393,,,,,,,,,,,,,,False,False,temporal_v1,False,0.00046799649278056975,0.08977035490605428,2.4348035029080686,0.9648432174778142,80.04637747113836,1347.5973204499765,0.020705481828413343,0.0017092515548884832,0.0002804363379357919,0.0,0.0,0.3010474023769309,0.14239774022326845,0.1642564838832896,0.08713318229370022,0.769829596545694,538.021392307904,0.02440746206114229,0.8546897449977942,-0.0005170864869852072,500.00000000000006,0.013939666440892305,True,0.9914982318878174,0.3010474023769309,True,False,True,0.85,False,False,False,0,True,True,True,True,True,False,True,False,True,0,0,False,0,15,24,15,,,,False,False,False,
145,2026-08-18T22:00:17.335049,shadow,analysis_full,silero,webrtc,True,0.9861097931861877,True,True,True,1,False,True,False,0,0.0,,,,,,,,,,,,,0.0761484312075749,0.9774747583062687,0.01937027873421897,0.00315496294637997,,,,,,,,,,,,,,False,False,temporal_v1,False,0.0008531978600058246,0.037578288100208766,1.6039758096401961,0.9854701374136653,85.36570466876206,924.9165924156472,0.07443316939002581,0.0014750163376642245,0.00024024547888486299,0.0,0.0,0.30045274747317546,0.14187293549664126,0.16416208025050932,0.08807175826126859,0.7899555698642037,541.8407089929854,0.010394297200946413,1.8927548392716211,-0.0011667233562821274,400.0,0.000620375037699876,True,0.9900542199611664,0.30045274747317546,True,False,True,0.85,False,False,False,0,True,True,True,True,True,False,True,False,True,0,0,False,0,15,24,15,,,,False,False,False,
146,2026-08-18T22:00:17.342325,shadow,analysis_full,silero,webrtc,True,0.9948257803916931,True,True,True,1,False,True,False,0,0.0,,,,,,,,,,,,,0.14320555006112895,0.9764433082680348,0.02269366752472075,0.0008630242002613252,,,,,,,,,,,,,,False,False,temporal_v1,False,0.0011538793126913605,0.03966597077244259,1.7563884514503254,0.9857455786342907,87.99460007264167,1090.310223684697,0.13983210106403243,0.0032498591407820136,0.00012358985531448898,0.0,0.0,0.301045857274307,0.1422542280089348,0.16436695573259,0.0894727308856392,0.8015034234143319,544.8758722652436,0.005221399590063207,0.6708791473769592,-0.0004108130923009132,400.0,0.005700259105370527,True,0.9900542199611664,0.301045857274307,True,False,True,0.85,False,False,False,0,True,True,True,True,True,True,True,False,True,0,0,False,0,15,24,15,,,,False,False,False,
147,2026-08-18T22:00:17.348400,shadow,analysis_full,silero,webrtc,True,0.9960538148880005,True,True,True,1,False,True,False,0,0.0,,,,,,,,,,,,,0.2179954221966954,0.926825473543148,0.06706941502651838,0.006105111425746341,,,,,,,,,,,,,,False,False,temporal_v1,False,0.001412506734120563,0.06889352818371608,2.2373158013165693,0.9679619441782004,89.67267116849023,1107.8535656028068,0.2020437104076907,0.014620825445191261,0.0013308863428134427,0.0,0.0,0.29971373091819775,0.14075650121565325,0.1647299837355812,0.08924666396320213,0.7954024185970532,546.6289124551753,0.007057539057273782,1.5186031556586628,-0.0009210622065667418,533.3333333333334,0.0023081491953725283,True,0.9900542199611664,0.29971373091819775,True,False,True,0.85,False,False,False,0,True,True,True,True,True,True,True,False,True,0,0,False,0,15,24,15,,,,False,False,False,
148,2026-08-18T22:00:17.355273,shadow,analysis_full,silero,webrtc,True,0.9966320395469666,True,True,True,1,False,True,False,0,0.0,,,,,,,,,,,,,0.14306571201611232,0.9335342931410999,0.04921669537536057,0.017249011476549787,,,,,,,,,,,,,,False,False,temporal_v1,False,0.0011590681983711516,0.05636743215031315,2.127075431456673,0.9628046994744358,87.93050577962786,1210.608643431189,0.13355674833968958,0.007041221566956061,0.002467742108466688,0.0,0.0,0.2980568777250573,0.13979628774253072,0.1640595295176141,0.08880998161621304,0.772043909727907,540.7709287740231,0.008919277476270863,1.1144467411931969,-0.0006733615205974649,500.00000000000006,0.004472782812669291,True,0.9900542199611664,0.2980568777250573,True,False,True,0.85,False,False,False,0,True,True,True,True,True,True,True,False,True,0,0,False,0,15,24,15,,,,False,False,False,
149,2026-08-18T22:00:17.363379,shadow,analysis_full,silero,webrtc,True,0.9949967861175537,True,True,True,1,False,True,False,0,0.0,,,,,,,,,,,,,0.14787708728783494,0.9638209769930007,0.025602921827277362,0.010576101172959476,,,,,,,,,,,,,,False,False,temporal_v1,False,0.001164549203739541,0.04801670146137787,1.7963783886549787,0.9764410493681345,88.03324311924526,1200.924855652429,0.14252703874464032,0.003786085505875909,0.001563963036318702,0.0,0.0,0.2974405256096438,0.13968088006648863,0.16360002967008505,0.0890393600378506,0.7524438478310894,518.8164823359168,0.006807693401121865,0.9467872369485573,-0.0005720580195284782,500.00000000000006,0.00596004485803785,True,0.9900542199611664,0.2974405256096438,True,False,True,0.85,False,False,False,0,True,True,True,True,True,True,True,False,True,0,0,False,0,15,24,15,,,,False,False,False,
150,2026-08-18T22:00:17.373054,shadow,analysis_full,silero,webrtc,True,0.9905281066894531,True,True,True,1,False,True,False,0,0.0,,,,,,,,,,,,,0.12589730516189615,0.9556489765017632,0.02768668244442202,0.016664341045871663,,,,,,,,,,,,,,False,False,temporal_v1,False,0.0010686739244725248,0.05219206680584551,1.8992895586824334,0.9704645319840397,87.25997752132682,1337.4313607039114,0.12031363082229621,0.003485678708625912,0.0020979956299740166,0.0,0.0,0.29634076604215354,0.13926971741514674,0.1629607303604742,0.0890393600378506,0.7528230489154742,512.5632082293188,0.004194354676055477,0.8492886400538034,-0.0004993659695333328,500.00000000000006,0.009067888786451308,True,0.9898185133934021,0.29634076604215354,True,False,True,0.85,False,False,False,0,True,True,True,True,True,True,True,False,True,0,0,False,0,15,24,15,,,,False,False,False,
151,2026-08-18T22:00:17.381178,shadow,analysis_full,silero,webrtc,True,0.9854353666305542,True,True,True,1,False,True,False,0,0.0,,,,,,,,,,,,,0.07124731822221173,0.9480203729641035,0.0315980997985909,0.02038152722326996,,,,,,,,,,,,,,False,False,temporal_v1,False,0.000850332057650303,0.06680584551148225,2.3069977502952494,0.9678399464413772,85.26085786930383,1381.5972333731288,0.06754390919371332,0.00225127987156741,0.0014521291559309864,0.0,0.0,0.2952884391378495,0.13891554187538677,0.1623141923414989,0.08826454707844428,0.7496827714198891,507.14043401138025,0.015270685428104435,0.7798948677354581,-0.0004676017599112052,500.00000000000006,0.012280093554022615,True,0.9898185133934021,0.2952884391378495,True,False,True,0.85,False,False,False,0,True,True,True,True,True,True,True,False,True,0,0,False,0,15,24,15,,,,False,False,False,
152,2026-08-18T22:00:17.388547,shadow,analysis_full,silero,webrtc,True,0.9850596189498901,True,True,True,1,False,True,False,0,0.0,,,,,,,,,,,,,0.009216767400260038,0.9571086953460719,0.033748604305766615,0.00914270023966348,,,,,,,,,,,,,,False,False,temporal_v1,False,0.0003106352532625326,0.06680584551148225,2.481931845353594,0.9735973959002534,76.50057442870269,1079.2804256480003,0.008821448221771092,0.0003110530359696653,8.426614151928e-05,0.0,0.0,0.2317611631670156,0.08987050865911896,0.14298601833258465,0.07474399629007901,0.47213467327777703,389.86738181992524,0.01571991744370882,1.2271988363050275,-0.0007389764891982964,600.0,0.003876188488728403,True,0.9892021417617798,0.2317611631670156,True,False,True,0.85,False,False,False,0,True,True,True,True,True,False,True,False,True,0,0,False,0,15,24,15,,,,False,False,False,
153,2026-08-18T22:00:17.393605,shadow,analysis_full,silero,webrtc,True,0.9910680651664734,True,True,True,1,False,True,False,0,0.0,,,,,,,,,,,,,0.27203214807150833,0.9345739751649499,0.0602492630124035,0.005176761818970751,,,,,,,,,,,,,,False,False,temporal_v1,False,0.0015468746958483175,0.06889352818371608,1.8826442105572319,0.9668149619322376,90.45769976472482,1099.0768196334463,0.2542341659958498,0.016389736436989398,0.001408245637669182,0.0,0.0,0.020436369794859473,0.01911199966730999,0.006163214040021716,0.015061729841693326,0.2901436783775073,137.7889519501367,0.03593653126081235,1.9896033024291715,-0.0012076446081061092,533.3333333333334,0.00024604383303479283,True,0.9907980859279633,0.020436369794859473,True,False,False,0.85,False,False,False,0,True,True,True,True,True,True,True,False,True,0,0,False,0,15,24,15,,,,False,False,False,
154,2026-08-18T22:00:17.400679,shadow,analysis_full,silero,webrtc,True,0.9938819408416748,True,True,True,1,False,True,False,0,0.0,,,,,,,,,,,,,0.46979184102220595,0.9230129171351408,0.07248790261376942,0.004499180248961212,,,,,,,,,,,,,,False,False,temporal_v1,False,0.0020223636004952964,0.060542797494780795,1.7066193957110578,0.9640789319219186,92.7743361267305,1128.0845052612835,0.4336239376281946,0.03405422522076111,0.002113678172250235,0.0,0.0,0.018720807311083863,0.018620962743523383,0.006332519176895038,0.011259947023099624,0.2761427187645017,125.99602364856344,0.006756427257726198,1.3762907247533798,-0.000818630596447813,566.6666666666667,0.000876128966262357,True,0.9924750030040741,0.018720807311083863,True,False,False,0.85,False,False,False,0,True,True,True,True,True,True,True,False,True,0,0,False,0,15,24,15,,,,False,False,False,
155,2026-08-18T22:00:17.407308,shadow,analysis_full,silero,webrtc,True,0.9917963743209839,True,True,True,1,False,True,False,0,0.0,,,,,,,,,,,,,0.2651835679664542,0.9529060257649419,0.042901736556633936,0.00419223767465331,,,,,,,,,,,,,,False,False,temporal_v1,False,0.00152386719926496,0.07515657620041753,2.273838622707919,0.9728592010501101,90.35457300747976,1010.7551251667128,0.2526950198490812,0.011376835572045049,0.0011117125443279561,0.0,0.0,0.016372325414041412,0.017172951084294858,0.006237463825919493,0.010540213412412807,0.25745070766245653,112.11968642013125,0.01491800330986532,1.2552925516026678,-0.0007526335387092876,566.6666666666667,0.0017020750192355948,True,0.9928391575813293,0.016372325414041412,True,False,False,0.85,False,False,False,0,True,True,True,True,True,True,True,False,True,0,0,False,0,15,24,15,,,,False,False,False,
156,2026-08-18T22:00:17.413864,shadow,analysis_full,silero,webrtc,True,0.9817865490913391,True,True,True,1,False,True,False,0,0.0,,,,,,,,,,,,,0.02441659822993534,0.9184296411753443,0.0690192740255411,0.012551084758159064,,,,,,,,,,,,,,False,False,temporal_v1,False,0.00046604424720531816,0.0918580375782881,2.023300270244307,0.9493102145423304,79.93976707334585,1608.7756385061514,0.02242492755104206,0.0016852158840034489,0.000306454793889835,0.0,0.0,0.015216163087612995,0.017230768777800127,0.0055719017490235175,0.011853920306119741,0.23913850633489514,170.4724724449753,0.022848914199560352,0.7177000119259775,-0.000423019197133988,600.0,0.021478114558477923,True,0.9914322197437286,0.015216163087612995,True,False,False,0.85,False,False,False,0,True,True,True,True,True,True,True,False,True,0,0,False,0,15,24,15,,,,False,False,False,
157,2026-08-18T22:00:17.421472,shadow,analysis_full,silero,webrtc,True,0.9882463812828064,True,True,True,1,False,True,False,0,0.0,,,,,,,,,,,,,0.02246523143754658,0.7988950047558216,0.056780957616926316,0.1443240375827389,,,,,,,,,,,,,,False,True,temporal_v1,False,0.00046352427972651294,0.1837160751565762,2.953557171447861,0.798794916532909,79.14360367854874,2131.8486740818544,0.01794736117613941,0.001275597354109773,0.0032422729062974,0.0,0.0,0.04557512118103447,0.016343219732493565,0.04030763451983845,0.03746736121435557,0.35611529606046904,318.1094920632907,0.008193989872729417,0.8329500439468258,-0.0005002244251464993,3466.666666666667,0.030507294847531136,True,0.9907980859279633,0.04557512118103447,True,False,False,0.85,True,False,False,0,True,True,True,True,True,False,True,False,True,0,0,False,0,15,24,15,,,,False,False,False,
158,2026-08-18T22:00:17.429063,shadow,analysis_full,silero,webrtc,True,0.9903942942619324,True,True,True,1,False,True,False,0,0.0,,,,,,,,,,,,,0.02190632506328789,0.4158262749913513,0.05276851620252501,0.5314052087604749,,,,,,,,,,,,,,False,True,temporal_v1,False,0.00046293144806166284,0.2964509394572025,3.6649120309099263,0.6413998908451444,78.18077224834768,2550.8745688130166,0.00910922554981668,0.0011559642690398867,0.011641135243431324,0.0,0.0,0.16027358398636876,0.016427451567477123,0.15707854660445844,0.07482646127548322,0.5780134984138879,483.5808978855184,0.009039423808093828,1.1411023444186603,-0.0006782602313633617,3933.3333333333335,0.014921805215196381,True,0.9904612004756927,0.16027358398636876,True,False,True,0.85,True,False,False,0,True,True,True,True,True,False,True,False,True,0,0,False,0,15,24,15,,,,False,False,False,
159,2026-08-18T22:00:17.437996,shadow,analysis_full,silero,webrtc,True,0.9803568720817566,True,True,True,1,False,True,False,0,0.0,,,,,,,,,,,,,0.00793212882967462,0.7132511980644707,0.21052210566064128,0.07622669614881843,,,,,,,,,,,,,,False,True,temporal_v1,False,0.0002679002622311986,0.13569937369519833,3.341045873823362,0.8947062083975575,74.83277477709808,1643.6863273899085,0.005657600390967151,0.0016698884635945794,0.00060463997411289,0.0,0.0,0.16425146170426438,0.05045350809115182,0.15557626197272462,0.07321905239000552,0.6273588579598557,478.7316668867063,0.009028389486422098,1.1666521506687604,-0.0006927815662066314,1500.0,0.017314538745375738,True,0.9893203377723694,0.16425146170426438,True,False,True,0.85,True,False,False,0,True,True,True,True,True,False,True,False,True,0,0,False,0,15,24,15,,,,False,False,False,
160,2026-08-18T22:00:17.445087,shadow,analysis_full,silero,webrtc,True,0.9803568720817566,True,True,True,1,False,True,False,0,0.0,,,,,,,,,,,,,0.12788673044184878,0.9696168290721715,0.02598152333713531,0.004401647582873662,,,,,,,,,,,,,,False,False,temporal_v1,False,0.0010813120814442314,0.06680584551148225,2.53704675653473,0.9685397881862225,87.35246111147288,1403.956564012821,0.12400112605143296,0.0033226920714848267,0.0005629123179309793,0.0,0.0,0.16518566075490762,0.050584661077154223,0.15613732556049692,0.07219308105750886,0.5995881003566587,476.9249091556632,0.009474956589984708,0.5683966168788196,-0.0003598828566910866,600.0,0.022579412259141982,True,0.9868408739566803,0.16518566075490762,True,False,True,0.85,False,False,False,0,True,True,True,True,True,False,True,False,True,0,0,False,0,15,24,15,,,,False,False,False,
161,2026-08-18T22:00:17.452644,shadow,analysis_full,silero,webrtc,True,0.994440495967865,True,True,True,1,False,True,False,0,0.0,,,,,,,,,,,,,0.24203155260287687,0.9085031315624527,0.08468564496428363,0.006811223469131977,,,,,,,,,,,,,,False,False,temporal_v1,False,0.0014738954345551994,0.0709812108559499,2.8207513804201865,0.9517724813697857,89.96980113521742,1641.0378351423233,0.21988642347663612,0.020496598133881567,0.0016485309913591656,0.0,0.0,0.16333142971546832,0.049511380113791956,0.15671817048933967,0.07194634288152589,0.601384567098134,476.62844872483527,0.00492933843479579,0.5486901896641875,-0.0003333899442708901,966.6666666666667,0.04062890423561931,True,0.9893203377723694,0.16333142971546832,True,False,True,0.85,False,False,False,0,True,True,True,True,True,False,True,False,True,0,0,False,0,15,24,15,,,,False,False,False,
162,2026-08-18T22:00:17.461683,shadow,analysis_full,silero,webrtc,True,0.9977278113365173,True,True,True,1,False,True,False,0,0.0,,,,,,,,,,,,,0.3024805756318914,0.7795555722163465,0.2188725651209529,0.0015718626593945702,,,,,,,,,,,,,,False,True,temporal_v1,False,0.001637492025172949,0.09812108559498957,2.928661215768082,0.9486304696068715,90.86997894073275,1157.082284030627,0.235800418221049,0.06620469948781448,0.00047545792202794524,0.0,0.0,0.16025900922648703,0.06449569380391176,0.1570759089867663,0.07059331566043281,0.6098230449674752,469.7980182472927,0.0038939461398176016,0.8832848665706537,-0.0005382416557564145,1100.0,0.006886752716961114,True,0.9907311797142029,0.16025900922648703,True,False,True,0.85,True,False,False,0,True,True,True,True,True,True,True,False,True,0,0,False,0,15,24,15,,,,False,False,False,
163,2026-08-18T22:00:17.469268,shadow,analysis_full,silero,webrtc,True,0.9966367483139038,True,True,True,1,False,True,False,0,0.0,,,,,,,,,,,,,0.288523052979627,0.753305508930371,0.24419899375817425,0.0024954973079887362,,,,,,,,,,,,,,False,True,temporal_v1,False,0.0016016105349625275,0.09812108559498957,3.075113147172719,0.9359191261008861,90.61902861417082,1183.6963552496786,0.2173460052629623,0.07045703921366131,0.0007200085020033506,0.0,0.0,0.15780311795011356,0.07830468910613458,0.15720412951969143,0.06922297392725563,0.5706316977071467,462.53052316813034,0.009680317604978866,1.1456251843317051,-0.0006842470863417916,1266.6666666666667,0.004729745699191796,True,0.9910953342914581,0.15780311795011356,True,False,True,0.85,True,False,False,0,True,True,True,True,True,True,True,False,True,0,0,False,0,15,24,15,,,,False,False,False,
164,2026-08-18T22:00:17.476435,shadow,analysis_full,silero,webrtc,True,0.9948462247848511,True,True,True,1,False,True,False,0,0.0,,,,,,,,,,,,,0.3225063259102381,0.8206328316469773,0.17695097771815535,0.0024161906317666554,,,,,,,,,,,,,,False,False,temporal_v1,False,0.001691121396965086,0.1022964509394572,2.663670678654335,0.9381840357806385,91.10205203622955,1261.2552912276306,0.2646592794557816,0.05706780969010669,0.000779236763349801,0.0,0.0,0.15362067057230888,0.07984693067084742,0.15730385355397336,0.06686583945000267,0.4601028790122232,452.1065111882193,0.007148695491245068,1.0226715322777744,-0.0006105889038988414,1333.3333333333335,0.006357542442419661,True,0.9910953342914581,0.15362067057230888,True,False,True,0.85,True,False,False,0,True,True,True,True,True,True,True,False,True,0,0,False,0,15,24,15,,,,False,False,False,
165,2026-08-18T22:00:17.483344,shadow,analysis_full,silero,webrtc,True,0.9940930008888245,True,True,True,1,False,True,False,0,0.0,,,,,,,,,,,,,0.2626328508774943,0.7947060939636237,0.20120997400819274,0.004083932024376057,,,,,,,,,,,,,,False,True,temporal_v1,False,0.0015358488058146644,0.09603340292275574,2.6462264151216677,0.9323197805966051,90.23804235597636,1289.255127647181,0.20871592706738432,0.05284434909875818,0.0010725747103517802,0.0,0.0,0.1452984953081112,0.07902429898187321,0.15730898261688314,0.06568872876912363,0.4276546311112751,425.2377274259891,0.002264560148979006,1.171558452971051,-0.0006928357156513993,1533.3333333333335,0.005008853800423678,True,0.9922436475753784,0.1452984953081112,True,False,True,0.85,True,False,False,0,True,True,True,True,True,True,True,False,True,0,0,False,0,15,24,15,,,,False,False,False,
166,2026-08-18T22:00:17.491405,shadow,analysis_full,silero,webrtc,True,0.9916137456893921,True,True,True,1,False,True,False,0,0.0,,,,,,,,,,,,,0.18338551587723834,0.7366103619729085,0.2574039709212547,0.0059856671003837665,,,,,,,,,,,,,,False,True,temporal_v1,False,0.0012922324345020914,0.08559498956158663,2.8364473692705037,0.9204677766085841,88.6816316789795,1362.1951879612764,0.1350836712309211,0.04720415999624395,0.0010976846490732904,0.0,0.0,0.13898742855263319,0.08358722626970114,0.15759683027957117,0.06602129351693997,0.324718951552354,430.3866297131346,0.005506226778274161,0.9314144541840176,-0.0005436260722504344,1633.3333333333335,0.008821825605642352,True,0.9928533732891083,0.13898742855263319,True,False,True,0.85,True,False,False,0,True,True,True,True,True,True,True,False,True,0,0,False,0,15,24,15,,,,False,False,False,
167,2026-08-18T22:00:17.500442,shadow,analysis_full,silero,webrtc,True,0.9876989126205444,True,True,True,1,False,True,False,0,0.0,,,,,,,,,,,,,0.16543521283880594,0.7213944845359838,0.2718737919998447,0.006731723458126692,,,,,,,,,,,,,,False,True,temporal_v1,False,0.0012298459726530076,0.10855949895615867,2.948268572510163,0.9224987535457563,88.26090853598399,1209.0797554954281,0.11934405008995118,0.04497749864478756,0.001113664103067172,0.0,0.0,0.13926987732159096,0.08375052373652773,0.1572091227593235,0.06293073469920192,0.3247117297912891,395.96762354418007,0.004706389419805253,1.606575517051028,-0.0009618580076129762,1633.3333333333335,0.0017633659055017318,True,0.9928533732891083,0.13926987732159096,True,False,True,0.85,True,False,False,0,True,True,True,True,True,True,True,False,True,0,0,False,0,15,24,15,,,,False,False,False,
168,2026-08-18T22:00:17.508262,shadow,analysis_full,silero,webrtc,True,0.9850134253501892,True,True,True,1,False,True,False,0,0.0,,,,,,,,,,,,,0.13457079494003218,0.7701688177684389,0.2239724895254869,0.005858692698642949,,,,,,,,,,,,,,False,True,temporal_v1,False,0.001107565889097719,0.09812108559498957,2.91417107173203,0.9390907050903097,87.42813806921109,1294.188590231134,0.10364223004512362,0.030140155960142804,0.000788408933765744,0.0,0.0,0.0788055678934969,0.07406592280361472,0.021595826237766378,0.018366862169455343,0.2196625325397156,165.26648194093048,0.010711869238181933,1.0071290023654977,-0.0005981771333283079,1533.3333333333335,0.009801095262691243,True,0.9928533732891083,0.0788055678934969,True,False,True,0.85,True,False,False,0,True,True,True,True,True,True,True,False,True,0,0,False,0,15,24,15,,,,False,False,False,
169,2026-08-18T22:00:17.515889,shadow,analysis_full,silero,webrtc,True,0.9801830053329468,True,True,True,1,False,True,False,0,0.0,,,,,,,,,,,,,0.11153675094949536,0.8725295854870786,0.126076123146307,0.0013942913576486648,,,,,,,,,,,,,,False,False,temporal_v1,False,0.0010040199244033799,0.06471816283924843,2.779223066024789,0.9665921172114843,86.69966667450892,1079.9862952380877,0.09731911507253871,0.014062121148047552,0.00015551472790909288,0.0,0.0,0.0763733666110502,0.07620648931371941,0.002002056746856579,0.015089194989221424,0.15446335052574975,148.94905898802574,0.007701800592823187,0.8765758812317527,-0.0005384495976713935,800.0,0.0073156837250034495,True,0.9928533732891083,0.0763733666110502,True,False,True,0.85,False,False,False,0,True,True,True,True,True,True,True,False,True,0,0,False,0,15,24,15,,,,False,False,False,
170,2026-08-18T22:00:17.524931,shadow,analysis_full,silero,webrtc,True,0.980693519115448,True,True,True,1,False,True,False,0,0.0,,,,,,,,,,,,,0.05220183843493379,0.9421688590418987,0.05397914911681176,0.00385199182213305,,,,,,,,,,,,,,False,False,temporal_v1,False,0.0007186264871269419,0.054279749478079335,2.360855737307688,0.973045350765936,83.82002503971812,1338.4436058167323,0.04918294655813111,0.0028178108210510063,0.0002010810547516757,0.0,0.0,0.07098802281898602,0.07069697027197958,0.0020026269060598855,0.01724077062385184,0.19090812797079232,145.10353894268206,0.007642978816133084,0.6469259547300764,-0.0003959023390420554,633.3333333333334,0.01791150410321364,True,0.9928533732891083,0.07098802281898602,True,False,True,0.85,False,False,False,0,True,True,True,True,True,True,True,False,True,0,0,False,0,15,24,15,,,,False,False,False,
171,2026-08-18T22:00:17.532470,shadow,analysis_full,silero,webrtc,True,0.9804496765136719,True,True,True,1,False,True,False,0,0.0,,,,,,,,,,,,,0.03788347691667878,0.9186057616510781,0.0738101072760064,0.007584131046518814,,,,,,,,,,,,,,False,False,temporal_v1,False,0.0006659373879960166,0.0709812108559499,2.3837932723040622,0.9745643257831815,83.16399059302633,1180.5291550258316,0.03479998016703675,0.002796183495208173,0.00028731325343386236,0.0,0.0,0.07244031355844054,0.07231118394730718,0.0021166662701009474,0.017240770623851844,0.22712060807778406,83.89493230083765,0.011258233457955312,0.9784931022647116,-0.0005889055273569187,600.0,0.008154273583492312,True,0.9896563291549683,0.07244031355844054,True,False,True,0.85,False,False,False,0,True,True,True,True,True,True,True,False,True,0,0,False,0,15,24,15,,,,False,False,False,
172,2026-08-18T22:00:17.540891,shadow,analysis_full,silero,webrtc,True,0.9702263474464417,True,True,True,1,False,True,False,0,0.0,,,,,,,,,,,,,0.0110905358091471,0.7320734049812407,0.22547572853932926,0.04245086638926309,,,,,,,,,,,,,,False,True,temporal_v1,False,0.000402613057203217,0.1127348643006263,2.906407981818187,0.9330882383468551,78.58663668082502,1356.9039015706255,0.008119086312868697,0.002500646641458962,0.0004708028538194414,0.0,0.0,0.07582092785566469,0.07264835062938395,0.011550445331259335,0.018627230921665437,0.22549810459133043,86.5747407647665,0.010925295785657922,1.1737746259016104,-0.0007034759599719579,1266.6666666666667,0.008963597441466237,True,0.9863561689853668,0.07582092785566469,True,False,True,0.85,True,False,False,0,True,True,True,True,True,True,True,False,True,0,0,False,0,15,24,15,,,,False,False,False,
173,2026-08-18T22:00:17.548254,shadow,analysis_full,silero,webrtc,True,0.9569763541221619,True,True,True,1,False,True,False,0,0.0,,,,,,,,,,,,,0.00834764232675959,0.6517143336412361,0.23268911500311273,0.11559655123585681,,,,,,,,,,,,,,False,True,temporal_v1,False,0.0002958175115442968,0.15031315240083507,3.4232879603890454,0.8693540866846249,75.57877853926486,1574.6451784581625,0.005440278156459504,0.0019424055053762139,0.000964958663923872,0.0,0.0,0.08804999984408929,0.07179534063918988,0.03396634544037863,0.02618856247276279,0.29034501274201896,125.02957441366684,0.007880582640092552,1.664716620653434,-0.0010041592250136294,2300.0,0.004828865476607629,True,0.9828534722328186,0.08804999984408929,True,False,True,0.85,True,False,False,0,True,True,True,True,True,True,True,False,True,0,0,False,0,15,24,15,,,,False,False,False,
174,2026-08-18T22:00:17.557331,shadow,analysis_full,silero,webrtc,True,0.9403762817382812,True,True,True,1,False,True,False,0,0.0,,,,,,,,,,,,,0.013576419536156683,0.7068304442879292,0.11877704888656426,0.17439250675184947,,,,,,,,,,,,,,False,True,temporal_v1,False,0.0004104956181167581,0.13778705636743216,3.0427477525691833,0.8855192871614342,78.52982919765819,1885.2755838709181,0.009596226652580949,0.0016125670469505885,0.0023676258356251454,0.0,0.0,0.09142817900282295,0.07446588056355405,0.05678605341140231,0.02924917184676981,0.29654829955518935,215.663956509393,0.007312165228365774,0.6535480315034824,-0.0003802496720058529,2266.666666666667,0.041625422164473486,True,0.9805715978145599,0.09142817900282295,True,False,True,0.85,True,False,False,0,True,True,True,True,True,True,True,False,True,0,0,False,0,15,24,15,,,,False,False,False,
175,2026-08-18T22:00:17.566980,shadow,analysis_full,silero,webrtc,True,0.9730592966079712,True,True,True,1,False,True,False,0,0.0,,,,,,,,,,,,,0.1269584007060339,0.9341973573337939,0.04965949119537308,0.01614315146295627,,,,,,,,,,,,,,False,False,temporal_v1,False,0.0010999116441647995,0.07933194154488518,2.00768833918655,0.9645297495782865,87.48345064055657,1326.3165646285509,0.11860420243090175,0.0063046895820399376,0.0020495086920921993,0.0,0.0,0.1019314453832483,0.0832148787715191,0.056203690631784625,0.02978077685503651,0.38387232929065507,214.78371633881912,0.018889321135096327,0.8672241388282329,-0.0005254665391718874,533.3333333333334,0.008673942334437317,True,0.9803163409233093,0.1019314453832483,True,False,True,0.85,False,False,False,0,True,True,True,True,True,True,True,False,True,0,0,False,0,15,24,15,,,,False,False,False,
176,2026-08-18T22:00:17.574882,shadow,analysis_full,silero,webrtc,True,0.9730592966079712,True,True,True,1,False,True,False,0,0.0,,,,,,,,,,,,,0.19660072239819296,0.8244484999185371,0.1541393565266777,0.021412143549698674,,,,,,,,,,,,,,False,False,temporal_v1,False,0.0013621585904899933,0.1127348643006263,2.568577142354294,0.9241102594250575,89.15648367311275,1753.4328096634938,0.16208717066409092,0.030303908843137457,0.004209642889964567,0.0,0.0,0.09997445520070537,0.07708694503271957,0.05551128032098886,0.029923127961868756,0.3869570525814468,244.9911155925591,0.009850429496991674,0.5987950187018434,-0.0003609586607399315,1933.3333333333335,0.03155939870916629,True,0.976621150970459,0.09997445520070537,True,False,True,0.85,True,False,False,0,True,True,True,True,True,True,True,False,True,0,0,False,0,15,24,15,,,,False,False,False,
177,2026-08-18T22:00:17.584073,shadow,analysis_full,silero,webrtc,True,0.9914313554763794,True,True,True,1,False,True,False,0,0.0,,,,,,,,,,,,,0.2625168099431767,0.8107447558663998,0.18330092360108224,0.0059543205287087885,,,,,,,,,,,,,,False,False,temporal_v1,False,0.0015483686226566951,0.08768267223382047,2.5607357907782475,0.9349976844089183,90.32081015159497,1257.4610092790087,0.2128341269882069,0.048119573723394066,0.0015631092305758007,0.0,0.0,0.09579272297424625,0.06740522033526644,0.05555769914651876,0.029908559029722285,0.3828920202322941,241.63005075989406,0.00583927148948137,1.1705463939977192,-0.0007023310197964365,1833.3333333333335,0.004126504477761627,True,0.976621150970459,0.09579272297424625,True,False,True,0.85,True,False,False,0,True,True,True,True,True,True,True,False,True,0,0,False,0,15,24,15,,,,False,False,False,
178,2026-08-18T22:00:17.593711,shadow,analysis_full,silero,webrtc,True,0.991569459438324,True,True,True,1,False,True,False,0,0.0,,,,,,,,,,,,,0.2262195625343943,0.8446991524719465,0.14737672992108883,0.007924117602544255,,,,,,,,,,,,,,False,False,temporal_v1,False,0.0014435019786185135,0.08768267223382047,2.455952987403086,0.9448286408927552,89.7566456214393,1352.0594198365486,0.19108747274537735,0.03333949937049829,0.0017925904175186548,0.0,0.0,0.09480412676424409,0.06204235836776084,0.055436090057238846,0.030028541331295004,0.38130616669111767,239.59800822900397,0.002365965534199058,0.9071992763858487,-0.0005479735168613998,800.0,0.009522304203933343,True,0.976621150970459,0.09480412676424409,True,False,True,0.85,True,False,False,0,True,True,True,True,True,True,True,False,True,0,0,False,0,15,24,15,,,,False,False,False,
179,2026-08-18T22:00:17.602768,shadow,analysis_full,silero,webrtc,True,0.9825438857078552,True,True,True,1,False,True,False,0,0.0,,,,,,,,,,,,,0.2585929399620371,0.8803582917172516,0.11570230872734423,0.003939399551537211,,,,,,,,,,,,,,False,False,temporal_v1,False,0.0015469868224614002,0.07933194154488518,2.339934925219439,0.9591139868687125,90.42371232870023,1171.3350583817005,0.22765443887512077,0.029919800174199207,0.001018700911717138,0.0,0.0,0.0952346284081218,0.06229466769436762,0.05526535706434656,0.02881002087682672,0.3889917172132053,228.29743279876232,0.004079219841330908,0.9988827556949547,-0.0005999380782151039,566.6666666666667,0.004657107023530142,True,0.9767544865608215,0.0952346284081218,True,False,True,0.85,False,False,False,0,True,True,True,True,True,True,True,False,True,0,0,False,0,15,24,15,,,,False,False,False,
180,2026-08-18T22:00:17.612303,shadow,analysis_full,silero,webrtc,True,0.9896816611289978,True,True,True,1,False,True,False,0,0.0,,,,,,,,,,,,,0.24386223079734107,0.879251802543203,0.11592866460414733,0.00481953284854903,,,,,,,,,,,,,,False,False,temporal_v1,False,0.0015065902689569244,0.08350730688935282,2.546020876216368,0.9615862627441217,90.2048836275228,1107.7858354138932,0.21441630600076872,0.02827062276372412,0.0011753020318482302,0.0,0.0,0.08914194819089663,0.05671065651787848,0.05520293050603628,0.02560285547683656,0.38125971915057344,246.27974917620043,0.003747489312023738,1.2314056954879606,-0.0007402698171804068,566.6666666666667,0.00312669743652721,True,0.9767544865608215,0.08914194819089663,True,False,True,0.85,False,False,False,0,True,True,True,True,True,True,True,False,True,0,0,False,0,15,24,15,,,,False,False,False,
181,2026-08-18T22:00:17.623252,shadow,analysis_full,silero,webrtc,True,0.9920353293418884,True,True,True,1,False,True,False,0,0.0,,,,,,,,,,,,,0.33826956040666856,0.9093325986692247,0.08624379844233736,0.0044236028854816945,,,,,,,,,,,,,,False,False,temporal_v1,False,0.0017560772444096635,0.07724425887265135,2.392469044235346,0.9659757079913743,91.55599548306654,1258.3335788129552,0.3075995384152922,0.029173651786890784,0.0014963702034855634,0.0,0.0,0.088136154331106,0.055328318397628515,0.05539644838155406,0.02494846305513818,0.38072272583443495,240.4925704552924,0.005565308890498859,0.7568112320447367,-0.0004623438247839028,600.0,0.011108892543224476,True,0.9778015911579132,0.088136154331106,True,False,True,0.85,False,False,False,0,True,True,True,True,True,True,True,False,True,0,0,False,0,15,24,15,,,,False,False,False,
182,2026-08-18T22:00:17.632818,shadow,analysis_full,silero,webrtc,True,0.9868156313896179,True,True,True,1,False,True,False,0,0.0,,,,,,,,,,,,,0.10679569397450511,0.8985673126406375,0.09428102329811913,0.007151664051879679,,,,,,,,,,,,,,False,False,temporal_v1,False,0.0009880812255477513,0.09394572025052192,2.556465501332648,0.9633136357164512,86.54618450935735,1111.0070901397694,0.09596311973626298,0.010068807311749117,0.0007637669254930115,0.0,0.0,0.08615505377659324,0.04944064057168003,0.05622747120730695,0.024687675155063853,0.3690970276300766,256.14870243624136,0.01603384121317357,1.0850686489018408,-0.0006489962490456887,566.6666666666667,0.0044851457313311235,True,0.9846797585487366,0.08615505377659324,True,False,True,0.85,False,False,False,0,True,True,True,True,True,True,True,False,True,0,0,False,0,15,24,15,,,,False,False,False,
183,2026-08-18T22:00:17.644505,shadow,analysis_full,silero,webrtc,True,0.9900307655334473,True,True,True,1,False,True,False,0,0.0,,,,,,,,,,,,,0.02237595569466421,0.5400175148872874,0.2156962234285328,0.24428626163948894,,,,,,,,,,,,,,False,True,temporal_v1,False,0.00045869196506334115,0.12734864300626306,3.794981167265515,0.7985631537927181,79.0507017392941,1788.4701190951957,0.012083407987460614,0.004826409138943243,0.005466138567260354,0.0,0.0,0.11232995215364157,0.04605129683608827,0.08183001620890126,0.02051991359114653,0.45897454083046035,279.394160008393,0.018698257095734142,1.6870079584297308,-0.0010161089195894891,2733.3333333333335,0.006278374787788705,True,0.9882486462593079,0.11232995215364157,True,False,True,0.85,True,False,False,0,True,True,True,True,True,True,True,False,True,0,0,False,0,15,24,15,,,,False,False,False,
184,2026-08-18T22:00:17.655154,shadow,analysis_full,silero,webrtc,True,0.9845486879348755,True,True,True,1,False,True,False,0,0.0,,,,,,,,,,,,,0.009105005911591857,0.8821939559820967,0.1068457509568165,0.010960292951257012,,,,,,,,,,,,,,False,False,temporal_v1,False,0.00028976106700217316,0.08559498956158663,2.417449329511747,0.9578909358101313,75.81893503507229,1417.80565904493,0.008032381184387597,0.0009728311940902856,9.979353211397366e-05,0.0,0.0,0.10638042415189046,0.04643065949877385,0.07073107259335315,0.015392324502018176,0.4402258733742253,229.0536704632732,0.013893195719576343,0.7767213612138725,-0.00046690877050450155,666.6666666666667,0.015571235246238003,True,0.9882486462593079,0.10638042415189046,True,False,True,0.85,False,False,False,0,True,True,True,True,True,True,True,False,True,0,0,False,0,15,24,15,,,,False,False,False,
185,2026-08-18T22:00:17.665254,shadow,analysis_full,silero,webrtc,True,0.9735340476036072,True,True,True,1,False,True,False,0,0.0,,,,,,,,,,,,,0.01696396866514109,0.8138774825975736,0.09550980734315484,0.09061271000032305,,,,,,,,,,,,,,False,False,temporal_v1,False,0.00038926392395942084,0.1022964509394572,2.761440444998982,0.9045655748746639,78.1577565802653,1735.336540474207,0.013806592112049152,0.0016202253789829413,0.0015371511731089968,0.0,0.0,0.10179450703314678,0.04045427812618814,0.07249400786555882,0.015125257358396626,0.4013268699669544,255.39175584915324,0.010495112972470497,1.079866902429229,-0.0006438107640308393,1600.0,0.02117188946402939,True,0.9882486462593079,0.10179450703314678,True,False,True,0.85,True,False,False,0,True,True,True,True,True,True,True,False,True,0,0,False,0,15,24,15,,,,False,False,False,
186,2026-08-18T22:00:17.676008,shadow,analysis_full,silero,webrtc,True,0.9690629243850708,True,True,True,1,False,True,False,0,0.0,,,,,,,,,,,,,0.007613553908177525,0.5581966855223671,0.23102312755503474,0.2107801867912534,,,,,,,,,,,,,,False,True,temporal_v1,False,0.00026688326424796274,0.18997912317327767,3.645113936378397,0.8061646633102809,74.34679124136346,2032.5720991244134,0.004249860556590559,0.0017589070356760295,0.001604786314910936,0.0,0.0,0.13019191437256575,0.05016603347964742,0.08816572112471642,0.032546430513411405,0.5001178066196695,303.6960190997918,0.007853985391639447,0.7199531804087076,-0.0004266691347563065,2566.666666666667,0.0664490205157117,True,0.9882486462593079,0.13019191437256575,True,False,True,0.85,True,False,False,0,True,True,True,True,True,True,True,False,True,0,0,False,0,15,24,15,,,,False,False,False,
187,2026-08-18T22:00:17.687433,shadow,analysis_full,silero,webrtc,True,0.9965013265609741,True,True,True,1,False,True,False,0,0.0,,,,,,,,,,,,,0.38986295393449893,0.9214866118230611,0.07449653605176763,0.004016852122606341,,,,,,,,,,,,,,False,False,temporal_v1,False,0.0018733369044123174,0.07515657620041753,2.6160293348015844,0.9627774623014547,92.10342519417159,1162.2393108162057,0.35925349249643157,0.029043439603030026,0.0015660218340373703,0.0,0.0,0.13510539917809491,0.05120754070178102,0.08828431403993134,0.033285283452813,0.49832972916899476,310.16773533039594,0.01712422238156886,1.006542113778539,-0.0006018206703036859,600.0,0.005493750631090096,True,0.9882486462593079,0.13510539917809491,True,False,True,0.85,False,False,False,0,True,True,True,True,True,True,True,False,True,0,0,False,0,15,24,15,,,,False,False,False,
188,2026-08-18T22:00:17.694599,shadow,analysis_full,silero,webrtc,True,0.9989215135574341,True,True,True,1,False,True,False,0,0.0,,,,,,,,,,,,,0.36391243778593013,0.8842570233903198,0.11199554298850695,0.0037474336184254446,,,,,,,,,,,,,,False,False,temporal_v1,False,0.0018084715100392524,0.10020876826722339,2.544557480732483,0.9500509443816881,91.73869108380674,1223.6433320932363,0.3217921290113015,0.040756571070106495,0.0013637377035221527,0.0,0.0,0.13655288488500197,0.05098979194020284,0.08853397667432122,0.03302500197625919,0.4937433420555527,315.07328149778846,0.006594160124192646,1.0756120999545353,-0.0006493557969678834,700.0,0.006081446929623073,True,0.9882486462593079,0.13655288488500197,True,False,True,0.85,False,False,False,0,True,True,True,True,True,True,True,False,True,0,0,False,0,15,24,15,,,,False,False,False,
189,2026-08-18T22:00:17.700782,shadow,analysis_full,silero,webrtc,True,0.9991680383682251,True,True,True,1,False,True,False,0,0.0,,,,,,,,,,,,,0.21067247651895718,0.9364439061001395,0.06005928137675039,0.003496812518363381,,,,,,,,,,,,,,False,False,temporal_v1,False,0.0013807373398272219,0.08768267223382047,2.372327967313981,0.9654665207080869,89.46425324238193,1117.525860849666,0.1972829568192022,0.012652837545588888,0.0007366821531661049,0.0,0.0,0.14015438625543508,0.05458523774696024,0.08856133410468858,0.03255714186157483,0.4910663082825147,319.37719887361527,0.00848572774946493,1.0520527625885359,-0.000636327591959873,566.6666666666667,0.004528843258170591,True,0.9898562133312225,0.14015438625543508,True,False,True,0.85,False,False,False,0,True,True,True,True,True,True,True,False,True,0,0,False,0,15,24,15,,,,False,False,False,
190,2026-08-18T22:00:17.707385,shadow,analysis_full,silero,webrtc,True,0.9978992938995361,True,True,True,1,False,True,False,0,0.0,,,,,,,,,,,,,0.033758214572369855,0.38075469823596875,0.12118243048384969,0.49806287125055926,,,,,,,,,,,,,,False,True,temporal_v1,False,0.0005741731774101304,0.35281837160751567,4.064093086828133,0.5135430733896494,79.09466284795431,2510.7333655162156,0.012853598802487766,0.004090902490675091,0.016813713278207,0.0,0.0,0.19062099329520885,0.05457642914735558,0.15636676052307574,0.08108947570743162,0.6181951715692818,445.4476983436755,0.027598660496234915,0.8205566087710376,-0.0004841067690612506,3833.3333333333335,0.06192041193208508,True,0.9910330474376678,0.19062099329520885,True,False,True,0.85,True,False,False,0,True,True,True,True,True,True,True,False,True,0,0,False,0,15,24,15,,,,False,False,False,
191,2026-08-18T22:00:17.712965,shadow,analysis_full,silero,webrtc,True,0.997664213180542,True,True,True,1,False,True,False,0,0.0,,,,,,,,,,,,,0.031909463451833334,0.41925813721858585,0.10297151130675052,0.477770351443325,,,,,,,,,,,,,,False,True,temporal_v1,False,0.0005486102472297101,0.302713987473904,4.055955609854671,0.5516975266897999,79.00830220639814,2596.741803299505,0.013378302206460189,0.0032857656766227985,0.015245395567750347,0.0,0.0,0.2110486938938195,0.05377480232087367,0.18663734275800276,0.09384383247844776,0.6759222425424883,534.2098751367432,0.005048696768619523,1.0077999121908776,-0.000616020588558971,3700.0000000000005,0.04141876322634674,True,0.9932660460472107,0.2110486938938195,True,False,True,0.85,True,False,False,0,True,True,True,True,True,True,True,False,True,0,0,False,0,15,24,15,,,,False,False,False,
192,2026-08-18T22:00:17.717041,shadow,analysis_full,silero,webrtc,True,0.997664213180542,True,True,True,1,False,True,False,0,0.0,,,,,,,,,,,,,0.011760442582051396,0.5010310552083983,0.09786155460403208,0.4011073901025387,,,,,,,,,,,,,,False,True,temporal_v1,False,0.00033880758741797456,0.2546972860125261,4.032993658490438,0.6172841744236158,75.28561710764478,2517.8323360620716,0.005892346956602992,0.0011508951939110067,0.004717200430537397,0.0,0.0,0.21176876818392654,0.05360465212062562,0.19273163159750045,0.096297177909767,0.705436957424123,553.4742165198809,0.0033989498017193208,1.1846734828191665,-0.0007373187008367371,3600.0000000000005,0.03446382699421997,True,0.9970827698707581,0.21176876818392654,True,False,True,0.85,True,False,False,0,True,True,True,True,True,True,True,False,True,0,0,False,0,15,24,15,,,,False,False,False,
193,2026-08-18T22:00:17.723830,shadow,analysis_full,silero,webrtc,True,0.9977832436561584,True,True,True,1,False,True,False,0,0.0,,,,,,,,,,,,,0.0040862397543269015,0.8079357425547802,0.1048355817310475,0.08722867546944832,,,,,,,,,,,,,,False,False,temporal_v1,False,0.00019456702596870208,0.13778705636743216,3.3958514128978154,0.8723924410904754,71.88977219926609,1887.491228217411,0.003301419150168968,0.00042838332173739335,0.0003564372814205395,0.0,0.0,0.20881672604519805,0.043553331683035754,0.1944252004074271,0.09590828738208837,0.6833139853575259,553.8808969001657,0.0069833056148621295,0.9410401119867005,-0.0005679109012185326,1633.3333333333335,0.03553603364442385,True,0.997664213180542,0.20881672604519805,True,False,True,0.85,True,False,False,0,True,True,True,True,True,True,True,False,True,0,0,False,0,15,24,15,,,,False,False,False,
194,2026-08-18T22:00:17.729910,shadow,analysis_full,silero,webrtc,True,0.9863198399543762,True,True,True,1,False,True,False,0,0.0,,,,,,,,,,,,,0.007812719250719174,0.7231961878135583,0.21956168126097897,0.0572421307974661,,,,,,,,,,,,,,False,True,temporal_v1,False,0.00026844592059389226,0.16075156576200417,3.380828009922755,0.8847389338287245,74.80210276568641,1757.1373481819578,0.005650128778577707,0.0017153737739079176,0.0004472166972335483,0.0,0.0,0.20105035257381332,0.05435014579299549,0.19089409008235572,0.09194932833171202,0.6336269475599843,538.3666870734229,0.007443161948089205,0.9253274786017176,-0.0005518440039455619,1800.0000000000002,0.034360363413300135,True,0.997664213180542,0.20105035257381332,True,False,True,0.85,True,False,False,0,True,True,True,True,True,False,True,False,True,0,0,False,0,15,24,15,,,,False,False,False,
195,2026-08-18T22:00:17.735521,shadow,analysis_full,silero,webrtc,True,0.9988283514976501,True,True,True,1,False,True,False,0,0.0,,,,,,,,,,,,,0.21227383831944616,0.9336871286527031,0.061109502024657446,0.00520336931792849,,,,,,,,,,,,,,False,False,temporal_v1,False,0.0013708778842231515,0.08559498956158663,2.4044465230837884,0.9650904294095166,89.4002481780455,1119.981727816266,0.19819735058857182,0.012971948552564002,0.001104539177310319,0.0,0.0,0.21111656986847727,0.05694164338945942,0.19667784220200263,0.09342024229007309,0.671171859417197,581.8399080325316,0.021902790703358054,1.337941270459935,-0.0008073793502062467,533.3333333333334,0.0021824041933034936,True,0.9977237284183502,0.21111656986847727,True,False,True,0.85,False,False,False,0,True,True,True,True,True,True,True,False,True,0,0,False,0,15,24,15,,,,False,False,False,
196,2026-08-18T22:00:17.741650,shadow,analysis_full,silero,webrtc,True,0.9997788071632385,True,True,True,1,False,True,False,0,0.0,,,,,,,,,,,,,0.15901577452776852,0.9011976039968684,0.09343793352272649,0.005364462474116342,,,,,,,,,,,,,,False,False,temporal_v1,False,0.0011913156043410792,0.06471816283924843,2.2094032565470343,0.9537923300291342,88.12916903863935,1192.3269090248014,0.14330463500213125,0.014858105369390499,0.0008530341552467596,0.0,0.0,0.21207659585668268,0.04301145679364325,0.20249517407772494,0.09878092886250382,0.7231057302597046,601.4565396988954,0.010206114916165862,1.4415607159671617,-0.0008614671764608155,500.00000000000006,0.0011401485760837821,True,0.9978412687778473,0.21207659585668268,True,False,True,0.85,False,False,False,0,True,True,True,True,True,True,True,False,True,0,0,False,0,15,24,15,,,,False,False,False,
197,2026-08-18T22:00:17.750765,shadow,analysis_full,silero,webrtc,True,0.9994463324546814,True,True,True,1,False,True,False,0,0.0,,,,,,,,,,,,,0.10066869722898829,0.9781102532457362,0.0204460803112194,0.0014436664331107696,,,,,,,,,,,,,,False,False,temporal_v1,False,0.0009714635537986561,0.04175365344467641,1.8585056804577462,0.9833912103865757,86.48730083813491,851.1402530969057,0.09846508494056408,0.0020582802683697245,0.00014533201905448154,0.0,0.0,0.21750829218481857,0.049396065315935815,0.20268755536228067,0.10217473906334035,0.8056117765876253,635.9659635152336,0.017348811570389998,1.4904534607788302,-0.0009138880901233131,500.00000000000006,0.000966082794601936,True,0.9983638226985931,0.21750829218481857,True,False,True,0.85,False,False,False,0,True,True,True,True,True,True,True,False,True,0,0,False,0,15,24,15,,,,False,False,False,
198,2026-08-18T22:00:17.760260,shadow,analysis_full,silero,webrtc,True,0.9989004135131836,True,True,True,1,False,True,False,0,0.0,,,,,,,,,,,,,0.14270957444680424,0.9114050516033387,0.07689384915276629,0.01170109923688787,,,,,,,,,,,,,,False,False,temporal_v1,False,0.001135213565660676,0.0709812108559499,2.047615375596192,0.9556002159763465,87.71805321797295,1567.3312114657738,0.13006622706298013,0.010973488490168035,0.0016698588926560938,0.0,0.0,0.21937110464095955,0.049619145151277425,0.20211091189811597,0.10420882983201193,0.8483347206360217,619.5883201202648,0.011229058678234415,0.6970392828189319,-0.0004176718819623349,833.3333333333334,0.01681620783583712,True,0.9983638226985931,0.21937110464095955,True,False,True,0.85,False,False,False,0,True,True,True,True,True,True,True,False,True,0,0,False,0,15,24,15,,,,False,False,False,
199,2026-08-18T22:00:17.768812,shadow,analysis_full,silero,webrtc,True,0.9993558526039124,True,True,True,1,False,True,False,0,0.0,,,,,,,,,,,,,0.14690328368083455,0.7435428521945046,0.21467420711834487,0.0417829406803434,,,,,,,,,,,,,,False,True,temporal_v1,False,0.0012071177229924096,0.09812108559498957,3.2964117947755347,0.9070367043704127,88.02498712636925,1348.078653203852,0.10922888654478614,0.03153634594726445,0.006138051187783968,0.0,0.0,0.2103632096014388,0.05922210936812421,0.19955377010946418,0.10357010359286066,0.8269284275171208,601.0575438490271,0.013219438002520486,1.3794095843339726,-0.0008281386739695707,2000.0000000000002,0.006240648395461277,True,0.9983638226985931,0.2103632096014388,True,False,True,0.85,True,False,False,0,True,True,True,True,True,True,True,False,True,0,0,False,0,15,24,15,,,,False,False,False,
200,2026-08-18T22:00:17.779197,shadow,analysis_full,silero,webrtc,True,0.9990310668945312,True,True,True,1,False,True,False,0,0.0,,,,,,,,,,,,,0.18668907492206696,0.7599864660898554,0.22275507029237757,0.017258463612410554,,,,,,,,,,,,,,False,True,temporal_v1,False,0.0013364684015845852,0.10020876826722339,3.1670718902510786,0.9130072306276212,88.93855088498832,1313.4995641781452,0.1418811703076059,0.04158593800708397,0.00322196660637708,0.0,0.0,0.17523214024029965,0.06809256491649615,0.16731090417654268,0.08109485035619793,0.7607308822818853,551.8130682623894,0.005121299114629969,1.795372412965694,-0.0010737160494678957,1900.0000000000002,0.0012880029498891445,True,0.9988643825054169,0.17523214024029965,True,False,True,0.85,True,False,False,0,True,True,True,True,True,True,True,False,True,0,0,False,0,15,24,15,,,,False,False,False,
201,2026-08-18T22:00:17.788561,shadow,analysis_full,silero,webrtc,True,0.9986340403556824,True,True,True,1,False,True,False,0,0.0,,,,,,,,,,,,,0.1754010643720298,0.8106138666876788,0.16994714962920524,0.019438983677414742,,,,,,,,,,,,,,False,False,temporal_v1,False,0.0012832657986496668,0.09394572025052192,3.1387160670460674,0.9304147073836585,88.66668450603578,1323.9199795297059,0.14218253501174552,0.029808910931955205,0.00340961842732906,0.0,0.0,0.13114609891144804,0.06922953859956005,0.11507748978430642,0.057964312957322864,0.6767197679105995,447.6915318926656,0.005134408320808431,1.3005044335231208,-0.0007810177051261706,1533.3333333333335,0.008227415680848098,True,0.9988643825054169,0.13114609891144804,True,False,True,0.85,True,False,False,0,True,True,True,True,True,True,True,False,True,0,0,False,0,15,24,15,,,,False,False,False,
202,2026-08-18T22:00:17.799197,shadow,analysis_full,silero,webrtc,True,0.9974594712257385,True,True,True,1,False,True,False,0,0.0,,,,,,,,,,,,,0.11954005922739658,0.8695884191487948,0.12615890204035912,0.00425267880248069,,,,,,,,,,,,,,False,False,temporal_v1,False,0.0010433424935295962,0.09603340292275574,2.6999304243245383,0.9579365136724673,86.99505318051337,1107.7513448181815,0.10395065112850509,0.015081042621967853,0.0005083654759236356,0.0,0.0,0.08286000177699278,0.06850814750659776,0.02687764184796086,0.032573871291722366,0.5603545796479747,298.18166836381886,0.009458132958272124,1.3805270487002348,-0.0008175913038947493,633.3333333333334,0.0022253746858704807,True,0.9988643825054169,0.08286000177699278,True,False,True,0.85,False,False,False,0,True,True,True,True,True,True,True,False,True,0,0,False,0,15,24,15,,,,False,False,False,
203,2026-08-18T22:00:17.813735,shadow,analysis_full,silero,webrtc,True,0.9949009418487549,True,True,True,1,False,True,False,0,0.0,,,,,,,,,,,,,0.027233253815709825,0.8740499350646933,0.10535025754381598,0.020599807354770946,,,,,,,,,,,,,,False,False,temporal_v1,False,0.0004971144973575898,0.08977035490605428,2.930594847797601,0.945366757264288,80.48466247184547,1333.0633158618461,0.023803223729221484,0.0028690303032411395,0.0005609997822472032,0.0,0.0,0.08236066773691146,0.06848867592252099,0.017144392755411273,0.029284168259037957,0.5237373657535815,237.9703178462766,0.012915616250180836,1.4124851717942823,-0.0008502122456828633,866.6666666666667,0.006869788938188791,True,0.9988643825054169,0.08236066773691146,True,False,True,0.85,False,False,False,0,True,True,True,True,True,True,True,False,True,0,0,False,0,15,24,15,,,,False,False,False,
204,2026-08-18T22:00:17.823710,shadow,analysis_full,silero,webrtc,True,0.991489827632904,True,True,True,1,False,True,False,0,0.0,,,,,,,,,,,,,0.018305864687610092,0.8278867049214432,0.15191786915221833,0.02019542587171113,,,,,,,,,,,,,,False,False,temporal_v1,False,0.00041893748972000823,0.081419624217119,3.147443484651934,0.9445311882029889,78.98753866201594,1411.7424557915758,0.015155181996963325,0.002780987956330564,0.00036969473331620404,0.0,0.0,0.07143806849884327,0.062488664408509496,0.01139605005367492,0.017446832915053178,0.49804345423434027,187.60487657536547,0.012238176750432149,0.9848106627156277,-0.0005816011737446243,1033.3333333333335,0.020696130971349872,True,0.9988643825054169,0.07143806849884327,True,False,True,0.85,True,False,False,0,True,True,True,True,True,True,True,False,True,0,0,False,0,15,24,15,,,,False,False,False,
205,2026-08-18T22:00:17.834776,shadow,analysis_full,silero,webrtc,True,0.9741197824478149,True,True,True,1,False,True,False,0,0.0,,,,,,,,,,,,,0.023915376204560506,0.7858586389422297,0.16834388180242557,0.04579747921353071,,,,,,,,,,,,,,False,True,temporal_v1,False,0.00046845722515111285,0.07515657620041753,3.535222909133302,0.9208382591633171,79.85259600056523,1495.7233619686783,0.018794104993907306,0.004026007265041075,0.0010952639446121268,0.0,0.0,0.07015231595222819,0.059876427743336236,0.014173294634483649,0.01752783361048214,0.5463915046901523,193.9433094624937,0.004350312290249151,1.3654353452887196,-0.0008164573786667352,1300.0,0.017129287843341473,True,0.998767226934433,0.07015231595222819,True,False,True,0.85,True,False,False,0,True,True,True,True,True,False,True,False,True,0,0,False,0,15,24,15,,,,False,False,False,
206,2026-08-18T22:00:17.845256,shadow,analysis_full,silero,webrtc,True,0.9580597281455994,True,True,True,1,False,True,False,0,0.0,,,,,,,,,,,,,0.022768808430156048,0.880774564243449,0.06613944858220976,0.053085987130421466,,,,,,,,,,,,,,False,False,temporal_v1,False,0.0004608558961997124,0.08350730688935282,3.119026319551978,0.9259649055442214,79.73399956476554,1705.9041477323376,0.020054187323413263,0.00150591643444449,0.0012087046712982957,0.0,0.0,0.06880654604210631,0.06228266777722214,0.01666636853487564,0.016643951088095823,0.5147858097481942,225.5263600336556,0.004024505392464553,0.7328740525795082,-0.0004411162857450321,800.0,0.04742434800215049,True,0.9980467557907104,0.06880654604210631,True,False,True,0.85,False,False,False,0,True,True,True,True,True,False,True,False,True,0,0,False,0,15,24,15,,,,False,False,False,
207,2026-08-18T22:00:17.856416,shadow,analysis_full,silero,webrtc,True,0.9882063269615173,True,True,True,1,False,True,False,0,0.0,,,,,,,,,,,,,0.047238298544017544,0.9025602334845957,0.036857547771356775,0.0605822187228783,,,,,,,,,,,,,,False,False,temporal_v1,False,0.0007428594228652849,0.07306889352818371,2.4166163179430455,0.9542750588579654,84.02373704194859,1334.9880997158916,0.04263540976330351,0.0017410878452237398,0.0028618009344902945,0.0,0.0,0.05678364138203064,0.05946726914413199,0.018193317894755076,0.010314504657232257,0.42124602118206966,155.12066866310414,0.010439695639567604,1.3512615642920345,-0.0008182147483197732,466.6666666666667,0.004780640266103753,True,0.9961802065372467,0.05678364138203064,True,False,True,0.85,False,False,False,0,True,True,True,True,True,True,True,False,True,0,0,False,0,15,24,15,,,,False,False,False,
208,2026-08-18T22:00:17.865012,shadow,analysis_full,silero,webrtc,True,0.9882063269615173,True,True,True,1,False,True,False,0,0.0,,,,,,,,,,,,,0.170157719035142,0.9352558411195252,0.032097262573442434,0.03264689630115542,,,,,,,,,,,,,,False,False,temporal_v1,False,0.0012999951255745744,0.054279749478079335,1.922680278589655,0.9653065548407057,88.93816653572108,1274.7188823267581,0.1591410006391916,0.005461596986768997,0.0055551214081814215,0.0,0.0,0.06026843299441725,0.0650210164371404,0.01720603076583429,0.013505548216814923,0.44877335913766603,147.09298655878135,0.009753140425399645,1.22570146207642,-0.000747074036912043,366.6666666666667,0.002915726414883657,True,0.9931953847408295,0.06026843299441725,True,False,True,0.85,False,False,False,0,True,True,True,True,True,True,True,False,True,0,0,False,0,15,24,15,,,,False,False,False,
209,2026-08-18T22:00:17.875818,shadow,analysis_full,silero,webrtc,True,0.9970064759254456,True,True,True,1,False,True,False,0,0.0,,,,,,,,,,,,,0.31953652849088005,0.9183911878340251,0.06560502517053814,0.016003786992307405,,,,,,,,,,,,,,False,False,temporal_v1,False,0.0017224230282006608,0.05636743215031315,1.8658807512227185,0.9641963914422571,91.37925542562618,1329.422314012875,0.2934595319571001,0.02096320199455056,0.00511379453822941,0.0,0.0,0.05518372046660278,0.060712828147809234,0.01741182499067024,0.015032764949807674,0.5318379144979039,147.41296551216777,0.012757652779608292,0.987439848132357,-0.0005939157466565187,533.3333333333334,0.010203550241307943,True,0.9931953847408295,0.05518372046660278,True,False,True,0.85,False,False,False,0,True,True,True,True,True,True,True,False,True,0,0,False,0,15,24,15,,,,False,False,False,
210,2026-08-18T22:00:17.888469,shadow,analysis_full,silero,webrtc,True,0.997380793094635,True,True,True,1,False,True,False,0,0.0,,,,,,,,,,,,,0.3458589746023142,0.9630347194195845,0.028210997846093138,0.008754282731431027,,,,,,,,,,,,,,False,False,temporal_v1,False,0.0017971714896303065,0.05010438413361169,1.659139438334464,0.9759120735394764,91.80160165545514,1284.6123565939606,0.33307420056488485,0.009757026787557866,0.003027747248871481,0.0,0.0,0.05325949817154238,0.053674086391307566,0.01815564539812288,0.015911648444502068,0.6124390207655074,148.63409567910827,0.024591997287630257,0.8458448717449204,-0.0005047031651064483,366.6666666666667,0.007433073666158205,True,0.9931953847408295,0.05325949817154238,True,False,True,0.85,False,False,False,0,True,True,True,True,True,True,True,False,True,0,0,False,0,15,24,15,,,,False,False,False,
211,2026-08-18T22:00:17.899665,shadow,analysis_full,silero,webrtc,True,0.9970393776893616,True,True,True,1,False,True,False,0,0.0,,,,,,,,,,,,,0.25295154521127383,0.9801779075614337,0.00830840204964541,0.011513690384967468,,,,,,,,,,,,,,False,False,temporal_v1,False,0.0016144892730461894,0.05010438413361169,1.6278917399233037,0.981161552579203,90.89290458717656,1189.7148564937258,0.2479375162996178,0.002101623136694321,0.002912405773961707,0.0,0.0,0.0563883445837463,0.05302361533462825,0.01868328869979922,0.01622493463693148,0.6564185788279742,157.11927321822128,0.005234364035191812,0.7180380574988346,-0.00044388857924870735,400.0,0.006092302037038165,True,0.9931953847408295,0.0563883445837463,True,False,True,0.85,False,False,False,0,True,True,True,True,True,True,True,False,True,0,0,False,0,15,24,15,,,,False,False,False,
212,2026-08-18T22:00:17.907077,shadow,analysis_full,silero,webrtc,True,0.9980071187019348,True,True,True,1,False,True,False,0,0.0,,,,,,,,,,,,,0.15031240456018,0.9109434516819008,0.04363530874763683,0.04542123956380937,,,,,,,,,,,,,,False,False,temporal_v1,False,0.0011983997935395886,0.09394572025052192,2.286575201161025,0.9452435984402296,88.14160362236893,1461.5103673937217,0.13692610064065666,0.006558928181583149,0.006827375736940168,0.0,0.0,0.05597911804890466,0.05142377502118655,0.017648821447591088,0.01591164844450207,0.6550646901794877,137.98177949577575,0.012212622377932887,1.440816556828969,-0.000867878985713211,466.6666666666667,0.00454397731627341,True,0.9931953847408295,0.05597911804890466,True,False,True,0.85,False,False,False,0,True,True,True,True,True,True,True,False,True,0,0,False,0,15,24,15,,,,False,False,False,
213,2026-08-18T22:00:17.913601,shadow,analysis_full,silero,webrtc,True,0.9969136714935303,True,True,True,1,False,True,False,0,0.0,,,,,,,,,,,,,0.05807236946084483,0.838801798597515,0.0692688296748185,0.09192937171044657,,,,,,,,,,,,,,False,False,temporal_v1,False,0.0007815649984157157,0.14613778705636743,2.6607097696260427,0.9107595668263659,84.2614192872248,1642.637593117877,0.04871120795257605,0.004022605068996392,0.00533855643827239,0.0,0.0,0.05842574282669237,0.050111289989067095,0.02478831947566292,0.02744647754412492,0.6401436152962805,156.92563739961005,0.010101874734459029,0.7882769374113364,-0.0004857687941304688,566.6666666666667,0.017044606814224192,True,0.9942017495632172,0.05842574282669237,True,False,True,0.85,True,False,False,0,True,True,True,True,True,True,True,False,True,0,0,False,0,15,24,15,,,,False,False,False,
214,2026-08-18T22:00:17.918623,shadow,analysis_full,silero,webrtc,True,0.9967727065086365,True,True,True,1,False,True,False,0,0.0,,,,,,,,,,,,,0.168954931137648,0.869720396545104,0.10931363844322332,0.02096596500575381,,,,,,,,,,,,,,False,False,temporal_v1,False,0.0013612968960239123,0.05219206680584551,2.57287967979948,0.9578592403768436,89.30645092682815,1354.2592669606984,0.14694354970728596,0.01846907825558055,0.003542303173781473,0.0,0.0,0.05490752953839741,0.04417304402429504,0.02473214511875864,0.02830023081892366,0.5969721199281521,157.91966947198088,0.017271921217419054,0.8496855751132564,-0.000515095969403324,733.3333333333334,0.016248470171975463,True,0.9968431890010834,0.05490752953839741,True,False,True,0.85,False,False,False,0,True,True,True,True,True,True,True,False,True,0,0,False,0,15,24,15,,,,False,False,False,
215,2026-08-18T22:00:17.924672,shadow,analysis_full,silero,webrtc,True,0.9979910850524902,True,True,True,1,False,True,False,0,0.0,,,,,,,,,,,,,0.1549472035203076,0.9276795024401843,0.05904565949873962,0.013274838054622156,,,,,,,,,,,,,,False,False,temporal_v1,False,0.0013607364196065834,0.06889352818371608,2.350782390262432,0.9680010041288519,89.34894284426223,1181.7239734388575,0.14374134466621694,0.009148959819341992,0.0020568990337486636,0.0,0.0,0.04035555202784186,0.02680998041625225,0.02570046120758397,0.028325630489973896,0.4536722736596524,168.1140569635857,0.0059596217025268405,0.964240718377177,-0.0005779667292273842,533.3333333333334,0.00548858296034502,True,0.9969600737094879,0.04035555202784186,True,False,False,0.85,False,False,False,0,True,True,True,True,True,True,True,False,True,0,0,False,0,15,24,15,,,,False,False,False,
216,2026-08-18T22:00:17.930228,shadow,analysis_full,silero,webrtc,True,0.9968760013580322,True,True,True,1,False,True,False,0,0.0,,,,,,,,,,,,,0.15931333832030342,0.9628958848086611,0.032907035201459316,0.004197079983602499,,,,,,,,,,,,,,False,False,temporal_v1,False,0.001274935477385139,0.05010438413361169,1.927929065612376,0.9781513657514154,88.82791333513303,1046.539698757056,0.15340215786375014,0.005242529632168222,0.0006686508233850384,0.0,0.0,0.04135955795325666,0.026892080445978406,0.026511687545314258,0.028837994346538238,0.35504821834670575,154.5275208667721,0.017495301885627392,1.3041268167073523,-0.0007897353311592812,466.6666666666667,0.0029146723863363055,True,0.9969600737094879,0.04135955795325666,True,False,False,0.85,False,False,False,0,True,True,True,True,True,True,True,False,True,0,0,False,0,15,24,15,,,,False,False,False,
217,2026-08-18T22:00:17.935754,shadow,analysis_full,silero,webrtc,True,0.9961112141609192,True,True,True,1,False,True,False,0,0.0,,,,,,,,,,,,,0.11027287540582938,0.9542933513042797,0.043545252113326105,0.0021613965733257765,,,,,,,,,,,,,,False,False,temporal_v1,False,0.0010940632391487422,0.05636743215031315,2.031315249238448,0.9769657657736514,87.4926768253094,989.392067730168,0.1052326718289882,0.004801860160808238,0.0002383434150329399,0.0,0.0,0.04196724754683817,0.026675899624250057,0.025668880225031523,0.02906681116855451,0.3424396922600767,181.38845961712624,0.002657026712913742,1.2549626940521759,-0.0007615123623268533,500.00000000000006,0.002298534010880837,True,0.9969600737094879,0.04196724754683817,True,False,False,0.85,False,False,False,0,True,True,True,True,True,True,True,False,True,0,0,False,0,15,24,15,,,,False,False,False,
218,2026-08-18T22:00:17.941756,shadow,analysis_full,silero,webrtc,True,0.997212827205658,True,True,True,1,False,True,False,0,0.0,,,,,,,,,,,,,0.23155162192120002,0.9197134611244469,0.07925611053286347,0.0010304283383709477,,,,,,,,,,,,,,False,False,temporal_v1,False,0.001525746845326731,0.060542797494780795,2.564459560799322,0.9726415694567987,90.36371377609356,832.1881229569134,0.2129611436261262,0.01835188094105044,0.00023859735302336004,0.0,0.0,0.04188783085091612,0.027395432079902624,0.026429563490990533,0.02883421573381135,0.3643947029011916,224.92614780694177,0.009855003196576229,1.926651517152489,-0.0011810996712915429,833.3333333333334,0.0002891107198680855,True,0.9970229268074036,0.04188783085091612,True,False,False,0.85,False,False,False,0,True,True,True,True,True,True,True,False,True,0,0,False,0,15,24,15,,,,False,False,False,
219,2026-08-18T22:00:17.947812,shadow,analysis_full,silero,webrtc,True,0.9980266690254211,True,True,True,1,False,True,False,0,0.0,,,,,,,,,,,,,0.3014324709957711,0.8950792873195588,0.10166056374950828,0.003260148927615424,,,,,,,,,,,,,,False,False,temporal_v1,False,0.0016541762843934815,0.06889352818371608,2.6600371415785107,0.9600271957528062,91.01001447761331,1342.6891371814716,0.26980596131386836,0.030643794933837395,0.0009827147470653306,0.0,0.0,0.04280520798301851,0.030852012092611965,0.026966839865691504,0.028551684337835087,0.3790285251057432,225.53986829695833,0.017166410395274286,0.6648233526963426,-0.000394821231092825,800.0,0.013699143189020291,True,0.9971261024475098,0.04280520798301851,True,False,False,0.85,False,False,False,0,True,True,True,True,True,True,True,False,True,0,0,False,0,15,24,15,,,,False,False,False,
220,2026-08-18T22:00:17.953827,shadow,analysis_full,silero,webrtc,True,0.9966843724250793,True,True,True,1,False,True,False,0,0.0,,,,,,,,,,,,,0.3374358367700182,0.7853835703379912,0.2111020455157613,0.0035143841432838615,,,,,,,,,,,,,,False,True,temporal_v1,False,0.0017203497343588126,0.09812108559498957,2.781232842052419,0.9349532005455021,91.23601970169275,1191.4663153633267,0.26501656224242454,0.07123339537247339,0.0011858791541202733,0.0,0.0,0.05677164619991063,0.05376220160622022,0.027234715050034317,0.028883299141457826,0.3576772507559979,225.11946854649676,0.014752440403488854,1.3247312040146286,-0.0007854053407671064,1433.3333333333335,0.002619214075417715,True,0.9969765245914459,0.05677164619991063,True,False,True,0.85,True,False,False,0,True,True,True,True,True,True,True,False,True,0,0,False,0,15,24,15,,,,False,False,False,
221,2026-08-18T22:00:17.959368,shadow,analysis_full,silero,webrtc,True,0.9974543452262878,True,True,True,1,False,True,False,0,0.0,,,,,,,,,,,,,0.1397961330597931,0.8828687298416246,0.11522390631466928,0.0019073638365529196,,,,,,,,,,,,,,False,False,temporal_v1,False,0.001121367398690069,0.10020876826722339,2.5303885699117545,0.9565734769859604,87.6155960254874,1056.660516787253,0.12342163443127027,0.01610785653883464,0.00026664208868818943,0.0,0.0,0.051007839087674256,0.04975827884407297,0.027673357342158904,0.028555500336614217,0.2674904851917322,230.57206696203878,0.008542722511996056,1.2684167971607148,-0.0007641481125977405,700.0,0.0027693355780775662,True,0.9970632493495941,0.051007839087674256,True,False,True,0.85,False,False,False,0,True,True,True,True,True,True,True,False,True,0,0,False,0,15,24,15,,,,False,False,False,
222,2026-08-18T22:00:17.965909,shadow,analysis_full,silero,webrtc,True,0.9945477843284607,True,True,True,1,False,True,False,0,0.0,,,,,,,,,,,,,0.020074139820724795,0.5796169790914099,0.3834550374727834,0.03692798338599142,,,,,,,,,,,,,,False,True,temporal_v1,False,0.0004289114907354272,0.1440501043841336,3.7784372389989014,0.869310490871881,78.83284173809412,1649.5706424883006,0.011635312280747082,0.00769753003718992,0.000741297501787794,0.0,0.0,0.10680771366722529,0.09977918699254876,0.026963481107919768,0.034434109145034246,0.476536857028182,256.5342255056868,0.018450535672605642,0.8939603870485922,-0.0005301202902662243,2233.3333333333335,0.03832626712315546,True,0.9968948364257812,0.10680771366722529,True,False,True,0.85,True,False,False,0,True,True,True,True,True,True,True,False,True,0,0,False,0,15,24,15,,,,False,False,False,
223,2026-08-18T22:00:17.971932,shadow,analysis_full,silero,webrtc,True,0.99346524477005,True,True,True,1,False,True,False,0,0.0,,,,,,,,,,,,,0.025168301376822404,0.27414049232076915,0.6407209934120521,0.08513851422744635,,,,,,,,,,,,,,False,True,temporal_v1,False,0.00047733753019180223,0.20041753653444677,3.916961245789437,0.8241792166444447,79.53547670045316,1786.395143013315,0.006899650530319585,0.01612585906065157,0.002142791784851252,0.0,0.0,0.2065888511355339,0.1830119440640388,0.02511290695301563,0.04603754496393158,0.6228477086116286,282.0828505457216,0.006166605521467225,1.231893759301395,-0.0007247007581506139,2133.3333333333335,0.023435930070233677,True,0.9968243539333344,0.2065888511355339,True,False,True,0.85,True,False,False,0,True,True,True,True,True,True,True,False,True,0,0,False,0,15,24,15,,,,False,False,False,
224,2026-08-18T22:00:17.977985,shadow,analysis_full,silero,webrtc,True,0.99346524477005,True,True,True,1,False,True,False,0,0.0,,,,,,,,,,,,,0.015445187032311904,0.38713236340883184,0.5390249158938575,0.07384272063256553,,,,,,,,,,,,,,False,True,temporal_v1,False,0.00036996320001465806,0.17536534446764093,3.773264250787371,0.8416459710427082,77.4003759093923,1729.7776570830686,0.005979331759110349,0.008325340641056823,0.0011405146311447318,0.0,0.0,0.2395953597978234,0.21033632439969355,0.03035984612861157,0.05053744650066891,0.6959573714451868,317.19289784683735,0.005451140023488938,1.25550500484314,-0.0007446927469674156,2166.666666666667,0.0182645329441869,True,0.9967801868915558,0.2395953597978234,True,False,True,0.85,True,False,False,0,True,True,True,True,True,True,True,False,True,0,0,False,0,15,24,15,,,,False,False,False,
225,2026-08-18T22:00:17.985025,shadow,analysis_full,silero,webrtc,True,0.9813569784164429,True,True,True,1,False,True,False,0,0.0,,,,,,,,,,,,,0.014638566609283808,0.47759336464923763,0.4923882578377449,0.030018377444704876,,,,,,,,,,,,,,False,True,temporal_v1,False,0.00036063425189848474,0.15866388308977036,3.684316121960241,0.8871117117009547,77.40512011994869,1626.444832382632,0.006991282280569835,0.007207858309987039,0.00043942601772693497,0.0,0.0,0.24548533396462993,0.21711960607703903,0.03026505724353256,0.0517648485795892,0.7184700864522051,331.07884117245527,0.00747557543271264,0.9571446630855768,-0.0005514084446388641,1566.6666666666667,0.027735148484104376,True,0.9963977932929993,0.24548533396462993,True,False,True,0.85,True,False,False,0,True,True,True,True,True,True,True,False,True,0,0,False,0,15,24,15,,,,False,False,False,
226,2026-08-18T22:00:17.993554,shadow,analysis_full,silero,webrtc,True,0.9443601965904236,True,True,True,1,False,True,False,0,0.0,,,,,,,,,,,,,0.06098482338262901,0.9575345864739031,0.03524383630318839,0.007221577206510968,,,,,,,,,,,,,,False,False,temporal_v1,False,0.0007508958394053835,0.0918580375782881,2.95288073441809,0.9617850517211117,40.394741836530216,1512.5517471771466,0.05839507763886969,0.0021493391322762326,0.0004404066104830908,0.0,0.0,0.24494177481930435,0.21687195438580778,0.030078186683916434,0.048225469728601256,0.6310238373279837,321.2391654703513,0.01339423195367644,0.5576841565508875,-0.00035503274858392957,700.0,0.04138468465872746,True,0.9953294992446899,0.24494177481930435,True,False,True,0.85,False,False,False,0,True,True,True,True,True,False,True,False,True,0,0,False,0,15,24,15,,,,False,False,False,
227,2026-08-18T22:00:18.001591,shadow,analysis_full,silero,webrtc,True,0.9741662740707397,True,True,True,1,False,True,False,0,0.0,,,,,,,,,,,,,0.29403828346818606,0.9880206443026394,0.010617035099176553,0.0013623205947831988,,,,,,,,,,,,,,False,False,temporal_v1,False,0.0016126771815043915,0.07306889352818371,2.5955824946465014,0.9746008759289804,90.85458534739405,1126.5847306708533,0.2905158942818793,0.003121814776083356,0.00040057440922341005,0.0,0.0,0.2484707469814379,0.22041763202504,0.03013843385747056,0.04640529295282593,0.556712764389434,307.24293892415716,0.011036780996409435,0.6255799854702271,-0.0003879125847144961,633.3333333333334,0.008094398780339096,True,0.9940065145492554,0.2484707469814379,True,False,True,0.85,False,False,False,0,True,True,True,True,True,True,True,False,True,0,0,False,0,15,24,15,,,,False,False,False,
228,2026-08-18T22:00:18.010149,shadow,analysis_full,silero,webrtc,True,0.9978546500205994,True,True,True,1,False,True,False,0,0.0,,,,,,,,,,,,,0.5686646627227953,0.9912952450202328,0.007586912370959996,0.0011178426070486483,,,,,,,,,,,,,,False,False,temporal_v1,False,0.002240867985867112,0.060542797494780795,2.093314132560594,0.9774897476834646,93.72561927870463,907.2993722533167,0.5637145761681414,0.004314408964539369,0.0006356775891144898,0.0,0.0,0.2552132326288847,0.22726510746346126,0.030131659844618134,0.04640529295282593,0.6185540536679325,294.2702762032487,0.012228070112292572,0.9736001524086313,-0.0005881163287451027,600.0,0.002100037931544128,True,0.9940065145492554,0.2552132326288847,True,False,True,0.85,False,False,False,0,True,True,True,True,True,True,True,False,True,0,0,False,0,15,24,15,,,,False,False,False,
229,2026-08-18T22:00:18.018214,shadow,analysis_full,silero,webrtc,True,0.9985835552215576,True,True,True,1,False,True,False,0,0.0,,,,,,,,,,,,,0.49290510603253657,0.9093256869531575,0.08998825134917399,0.0006860616956397671,,,,,,,,,,,,,,False,False,temporal_v1,False,0.0021002187760870033,0.0709812108559499,2.1435471786688183,0.9728492409602918,93.14124578727646,814.1078521142197,0.44821127414575523,0.044355668572947156,0.00033816331283418124,0.0,0.0,0.2562139577447009,0.22807153872331115,0.03032181467546425,0.04619207265581015,0.6705610175425609,342.13095181772945,0.008374710152816683,1.3714517296155027,-0.0008384665421658799,733.3333333333334,0.0007058434879015917,True,0.9940065145492554,0.2562139577447009,True,False,True,0.85,False,False,False,0,True,True,True,True,True,True,True,False,True,0,0,False,0,15,24,15,,,,False,False,False,
230,2026-08-18T22:00:18.026214,shadow,analysis_full,silero,webrtc,True,0.9991337656974792,True,True,True,1,False,True,False,0,0.0,,,,,,,,,,,,,0.24273141201412893,0.9543915224560345,0.043325557391188804,0.002282920148656899,,,,,,,,,,,,,,False,False,temporal_v1,False,0.0014834790962500591,0.07515657620041753,2.413457925002461,0.9738059301861397,90.12539191241541,913.3435993472192,0.2316608018600675,0.010516473721862438,0.0005541364311989943,0.0,0.0,0.2651700323642619,0.23651708477450586,0.030407847257756686,0.0476380641697387,0.6926435371170474,363.70618045666305,0.02084924429109515,1.5461496908640937,-0.0009319206940763929,566.6666666666667,0.0008153363990339073,True,0.9940065145492554,0.2651700323642619,True,False,True,0.85,False,False,False,0,True,True,True,True,True,True,True,False,True,0,0,False,0,15,24,15,,,,False,False,False,
231,2026-08-18T22:00:18.033735,shadow,analysis_full,silero,webrtc,True,0.9989110231399536,True,True,True,1,False,True,False,0,0.0,,,,,,,,,,,,,0.16722085251155683,0.948861089870194,0.04211454882717583,0.00902436129664996,,,,,,,,,,,,,,False,False,temporal_v1,False,0.001235837624892403,0.060542797494780795,2.260567457076916,0.9727339646877106,88.53325409237667,1158.5686511607,0.15866936036313878,0.007042430758019928,0.0015090613893981046,0.0,0.0,0.2694257052322873,0.24121319555180076,0.029961261618897325,0.050284991122587386,0.7148521702179885,357.78072772646743,0.013867918402164163,0.9475386046286602,-0.0005725510814731729,500.00000000000006,0.005977476474010656,True,0.9940065145492554,0.2694257052322873,True,False,True,0.85,False,False,False,0,True,True,True,True,True,True,True,False,True,0,0,False,0,15,24,15,,,,False,False,False,
232,2026-08-18T22:00:18.042895,shadow,analysis_full,silero,webrtc,True,0.9985779523849487,True,True,True,1,False,True,False,0,0.0,,,,,,,,,,,,,0.15800238923452742,0.9532114144247215,0.03343119186519323,0.013357393703756128,,,,,,,,,,,,,,False,False,temporal_v1,False,0.0011985795426602862,0.06263048016701461,2.0366192078151086,0.9724679045529552,88.26608720928762,1262.296951008492,0.15060968092472926,0.005282208189658427,0.0021105001191397015,0.0,0.0,0.269556471426039,0.24157602028550834,0.02983836662996268,0.050873104394453326,0.7066704124769586,340.8363310729398,0.005073186361875639,0.8840480058645749,-0.0005328424072746897,400.0,0.007844874175294853,True,0.9956599473953247,0.269556471426039,True,False,True,0.85,False,False,False,0,True,True,True,True,True,True,True,False,True,0,0,False,0,15,24,15,,,,False,False,False,
233,2026-08-18T22:00:18.050506,shadow,analysis_full,silero,webrtc,True,0.9975088834762573,True,True,True,1,False,True,False,0,0.0,,,,,,,,,,,,,0.06082234324869951,0.9539518383235822,0.028062175107152768,0.01798598655282382,,,,,,,,,,,,,,False,False,temporal_v1,False,0.0007577416156601186,0.06471816283924843,2.137781340581643,0.9693237671310623,84.26412836645268,1283.6115040625705,0.05802158615324482,0.0017068072466723567,0.0010939498477823442,0.0,0.0,0.2119232552444914,0.19322248213259957,0.021298819146773867,0.03999206689085154,0.6182343244044928,297.27929089733567,0.006585216758895211,0.9297506639182254,-0.000566851784688869,433.33333333333337,0.00848897227751561,True,0.9976817667484283,0.2119232552444914,True,False,True,0.85,False,False,False,0,True,True,True,True,True,True,True,False,True,0,0,False,0,15,24,15,,,,False,False,False,
234,2026-08-18T22:00:18.059144,shadow,analysis_full,silero,webrtc,True,0.9975799322128296,True,True,True,1,False,True,False,0,0.0,,,,,,,,,,,,,0.02137087657055574,0.5276119961692257,0.0875130251878664,0.3848749785961154,,,,,,,,,,,,,,False,True,temporal_v1,False,0.00045929339507610616,0.2609603340292276,3.7883625910883523,0.6092961869615522,77.88829853709262,2424.2778792444583,0.01127553084727705,0.0018702300596058282,0.008225115662672864,0.0,0.0,0.18336571171272337,0.13763493977460353,0.11303898760110143,0.061083540093038256,0.6210873416535151,448.0217111784858,0.020866347992081185,0.8147819153223783,-0.0004931435385269951,3633.3333333333335,0.05854030524825695,True,0.9977172911167145,0.18336571171272337,True,False,True,0.85,True,False,False,0,True,True,True,True,True,True,True,False,True,0,0,False,0,15,24,15,,,,False,False,False,
235,2026-08-18T22:00:18.065184,shadow,analysis_full,silero,webrtc,True,0.9969026446342468,True,True,True,1,False,True,False,0,0.0,,,,,,,,,,,,,0.018608196333804127,0.18828115682381283,0.061109500414077096,0.7506093427083704,,,,,,,,,,,,,,False,True,temporal_v1,False,0.0004270297018887435,0.3945720250521921,3.6095918487141843,0.6174242032286728,77.3108096563037,2845.208635303229,0.0035035727321332736,0.0011371375815658312,0.013967486019105024,0.0,0.0,0.252271045557421,0.026809821882305383,0.23894116164557222,0.10773251737668094,0.6084456676853669,642.8615285200947,0.006479116945273271,0.7964301470018725,-0.0004801356063115906,3733.3333333333335,0.04637624485581972,True,0.9977172911167145,0.252271045557421,True,False,True,0.85,True,False,False,0,True,True,True,True,True,True,True,False,True,0,0,False,0,15,24,15,,,,False,False,False,
236,2026-08-18T22:00:18.073540,shadow,analysis_full,silero,webrtc,True,0.9948455095291138,True,True,True,1,False,True,False,0,0.0,,,,,,,,,,,,,0.015271314546179424,0.2546583426229505,0.05580482943561901,0.6895368278759482,,,,,,,,,,,,,,False,True,temporal_v1,False,0.0003897960020961311,0.37995824634655534,3.710306841080004,0.6211080367530397,76.53940250133127,2884.984249503213,0.0038889676520038074,0.0008522131035072303,0.010530133789668385,0.0,0.0,0.3019844163431642,0.026855574098906477,0.2894119587311206,0.13178884427629753,0.6890678861894378,779.0270177816063,0.0063246237959178105,0.7128176031817326,-0.000431249517066305,3866.666666666667,0.06127382772472505,True,0.9977172911167145,0.3019844163431642,True,False,True,0.85,True,False,False,0,True,True,True,True,True,True,True,False,True,0,0,False,0,15,24,15,,,,False,False,False,
237,2026-08-18T22:00:18.080596,shadow,analysis_full,silero,webrtc,True,0.9802191853523254,True,True,True,1,False,True,False,0,0.0,,,,,,,,,,,,,0.01261838688161469,0.15540514580911602,0.09664250115341129,0.7479523529582233,,,,,,,,,,,,,,False,True,temporal_v1,False,0.00036201169484070426,0.4091858037578288,4.131413915369325,0.5531218787204876,75.38983772522197,2849.836917410022,0.0019609622532131676,0.0012194724687606376,0.009437952158640885,0.0,0.0,0.3417241635799787,0.027915192010880288,0.32587332068854846,0.14947705881318515,0.8133315637582217,850.9236699651854,0.004759892436471574,1.0559312440343875,-0.0006486280813458956,3833.3333333333335,0.03808874312429693,True,0.9977172911167145,0.3417241635799787,True,False,True,0.85,True,False,False,0,True,True,True,True,True,False,True,False,True,0,0,False,0,15,24,15,,,,False,False,False,
238,2026-08-18T22:00:18.089849,shadow,analysis_full,silero,webrtc,True,0.9914062023162842,True,True,True,1,False,True,False,0,0.0,,,,,,,,,,,,,0.009910402238209859,0.5517016023354976,0.10762632266718859,0.3406720748964098,,,,,,,,,,,,,,False,True,temporal_v1,False,0.0003157389801926126,0.29436325678496866,3.8724086697494537,0.6715737907888336,75.0324365882312,2347.8952656196525,0.00546758479460968,0.0010666201490512023,0.0033761972935489764,0.0,0.0,0.32729771585229667,0.027206221781600638,0.3144374279711601,0.146608398219283,0.8266554450864826,820.0971930235128,0.005297389783880972,0.6854634170786611,-0.000416110197834751,3666.666666666667,0.08404024415207192,True,0.9975444078445435,0.32729771585229667,True,False,True,0.85,True,False,False,0,True,True,True,True,True,False,True,False,True,0,0,False,0,15,24,15,,,,False,False,False,
239,2026-08-18T22:00:18.097429,shadow,analysis_full,silero,webrtc,True,0.9964039325714111,True,True,True,1,False,True,False,0,0.0,,,,,,,,,,,,,0.04381696196753053,0.8143012701733043,0.1402022329684536,0.045496496835419856,,,,,,,,,,,,,,False,False,temporal_v1,False,0.0006338820526047772,0.08350730688935282,2.850402605413404,0.9349542157630822,82.5543396010211,1378.2797102540342,0.03568020778529548,0.006143235909741587,0.001993518271493465,0.0,0.0,0.32064469036557647,0.03496371302205649,0.3104958762058662,0.14548751835692014,0.7783177427802788,762.3091735906436,0.012046876719651834,1.379556545599882,-0.000831723419457742,1533.3333333333335,0.00536638720636164,True,0.9972057640552521,0.32064469036557647,True,False,True,0.85,True,False,False,0,True,True,True,True,True,False,True,False,True,0,0,False,0,15,24,15,,,,False,False,False,
240,2026-08-18T22:00:18.104733,shadow,analysis_full,silero,webrtc,True,0.9964039325714111,True,True,True,1,False,True,False,0,0.0,,,,,,,,,,,,,0.022159153889432036,0.6817702704191905,0.2958788787430885,0.022350850792592934,,,,,,,,,,,,,,False,True,temporal_v1,False,0.0004695248401412903,0.09812108559498957,3.7200004944263814,0.9100201926695967,79.81866626784979,1760.1796236170223,0.015107452339458536,0.006556425606700699,0.0004952759422728008,0.0,0.0,0.3030309813712042,0.07507767344595456,0.3086232354094897,0.14353178966812077,0.7648235437208488,687.4959893620659,0.008478733572544635,0.6429364254012433,-0.0003931227069760513,1566.6666666666667,0.08057534196382725,True,0.996653288602829,0.3030309813712042,True,False,True,0.85,True,False,False,0,True,True,True,True,True,False,True,False,True,0,0,False,0,15,24,15,,,,False,False,False,
241,2026-08-18T22:00:18.112204,shadow,analysis_full,silero,webrtc,True,0.9934275150299072,True,True,True,1,False,True,False,0,0.0,,,,,,,,,,,,,0.05955268903604832,0.8982153491309162,0.09886023439060652,0.0029244164616855166,,,,,,,,,,,,,,False,False,temporal_v1,False,0.0007596572267727077,0.06889352818371608,2.1149256469889126,0.9733033754899467,84.30321316528796,1120.2468433993151,0.053491139374199026,0.005887392796694641,0.0001741568641546583,0.0,0.0,0.29758208548136905,0.07299378069102129,0.3092075424696035,0.1426765777472474,0.7839453741426964,692.3738165434953,0.016357067711561504,0.9802809373601262,-0.0006024045893628324,500.00000000000006,0.007143033756764426,True,0.9964039325714111,0.29758208548136905,True,False,True,0.85,False,False,False,0,True,True,True,True,True,False,True,False,True,0,0,False,0,15,24,15,,,,False,False,False,
242,2026-08-18T22:00:18.121063,shadow,analysis_full,silero,webrtc,True,0.9940939545631409,True,True,True,1,False,True,False,0,0.0,,,,,,,,,,,,,0.059257335595510836,0.9561611715173631,0.03139518221931697,0.01244364624644435,,,,,,,,,,,,,,False,False,temporal_v1,False,0.0007434673275877603,0.0709812108559499,1.9965046530538277,0.9716262169635155,84.10909315047641,1301.5337110863668,0.056659563424001184,0.0018603948488522804,0.0007373773216573716,0.0,0.0,0.29793538019872756,0.07318320147239166,0.3092928244901632,0.1418235843260569,0.7899533290420259,688.1918214804195,0.005330438344635029,0.8501109661418065,-0.0005181462628229341,533.3333333333334,0.011093573732496668,True,0.9956247210502625,0.29793538019872756,True,False,True,0.85,False,False,False,0,True,True,True,True,True,True,True,False,True,0,0,False,0,15,24,15,,,,False,False,False,
243,2026-08-18T22:00:18.128620,shadow,analysis_full,silero,webrtc,True,0.9922732710838318,True,True,True,1,False,True,False,0,0.0,,,,,,,,,,,,,0.0695952718405225,0.940751790381615,0.05233634114234899,0.006911868461667118,,,,,,,,,,,,,,False,False,temporal_v1,False,0.0007958272513782812,0.060542797494780795,1.8040187869442623,0.9734800361016911,84.70946479660557,1257.145749909953,0.06547187658606674,0.0036423618889400997,0.00048103336451565715,0.0,0.0,0.296381510175148,0.07112006387223165,0.3103240051459817,0.1422635881956019,0.8393460939152669,691.062044455228,0.0037263559386951977,0.9805248004908028,-0.0005953765419385554,500.00000000000006,0.008941922474998514,True,0.9944697320461273,0.296381510175148,True,False,True,0.85,False,False,False,0,True,True,True,True,True,True,True,False,True,0,0,False,0,15,24,15,,,,False,False,False,
244,2026-08-18T22:00:18.138762,shadow,analysis_full,silero,webrtc,True,0.9916035532951355,True,True,True,1,False,True,False,0,0.0,,,,,,,,,,,,,0.06069609791078021,0.9639092050237275,0.028082082536778446,0.008008712423018588,,,,,,,,,,,,,,False,False,temporal_v1,False,0.0007391192005651151,0.04801670146137787,1.3565633005295006,0.9756295515705945,84.07605456538968,1525.4537993474587,0.05850552748522248,0.0017044728311909156,0.0004860975933668181,0.0,0.0,0.3145300910734219,0.07454462229966623,0.32049127693086893,0.14912894695438145,0.9648934882574353,690.6914983392276,0.0025320703635377433,0.5989705468061967,-0.00036843800268160045,400.0,0.01712775940556762,True,0.993760734796524,0.3145300910734219,True,False,True,0.85,False,False,False,0,True,True,True,True,True,True,True,False,True,0,0,False,0,15,24,15,,,,False,False,False,
245,2026-08-18T22:00:18.148395,shadow,analysis_full,silero,webrtc,True,0.9939512014389038,True,True,True,1,False,True,False,0,0.0,,,,,,,,,,,,,0.11342489905922522,0.9286839205856153,0.061898628171279904,0.009417451234288415,,,,,,,,,,,,,,False,False,temporal_v1,False,0.0010090044676344583,0.08559498956158663,2.6445647519005027,0.9660345998826304,86.7404953884465,1153.1491671984797,0.10533587995034895,0.007020845652231937,0.0010681734556443395,0.0,0.0,0.2851310661908123,0.07450721349579359,0.2825407439111901,0.13505612759304506,0.9386617376212228,651.17107319351,0.017943600819479762,1.2152847357593501,-0.0007331637102038794,666.6666666666667,0.005551476628238592,True,0.9936893582344055,0.2851310661908123,True,False,True,0.85,False,False,False,0,True,True,True,True,True,True,True,False,True,0,0,False,0,15,24,15,,,,False,False,False,
246,2026-08-18T22:00:18.158930,shadow,analysis_full,silero,webrtc,True,0.9939320087432861,True,True,True,1,False,True,False,0,0.0,,,,,,,,,,,,,0.08912383629606668,0.923888847156268,0.07139591445190202,0.004715238380609644,,,,,,,,,,,,,,False,False,temporal_v1,False,0.0008974795237192091,0.04801670146137787,1.8581517211799135,0.9693724213658792,85.73682034164223,1551.1004170397991,0.082340518369717,0.006363077791819297,0.00042024013353038445,0.0,0.0,0.24505610510242634,0.07379121649435708,0.231134480902354,0.11639855970287391,0.927401078963682,532.4172734463298,0.014072198096027944,0.6070232018276913,-0.0003724801771514818,466.6666666666667,0.025009903707005662,True,0.9936797618865967,0.24505610510242634,True,False,True,0.85,False,False,False,0,True,True,True,True,True,True,True,False,True,0,0,False,0,15,24,15,,,,False,False,False,
247,2026-08-18T22:00:18.167390,shadow,analysis_full,silero,webrtc,True,0.9943432807922363,True,True,True,1,False,True,False,0,0.0,,,,,,,,,,,,,0.11111657504488744,0.9394831209675825,0.058263789097339765,0.0022530899260782356,,,,,,,,,,,,,,False,False,temporal_v1,False,0.0010260238109737042,0.06263048016701461,2.2217019169083567,0.9758975883989928,86.92941024448572,1027.6326039871087,0.10439214671439943,0.006474072693634049,0.00025035563585395213,0.0,0.0,0.13116561079692807,0.07477594112886396,0.09914540779883199,0.06913634693306163,0.7853145240551966,368.4255205143689,0.0050632358754821105,0.8794383289987099,-0.0005449809181106396,633.3333333333334,0.0051439116903068795,True,0.993941605091095,0.13116561079692807,True,False,True,0.85,False,False,False,0,True,True,True,True,True,True,True,False,True,0,0,False,0,15,24,15,,,,False,False,False,
248,2026-08-18T22:00:18.177485,shadow,analysis_full,silero,webrtc,True,0.9971281886100769,True,True,True,1,False,True,False,0,0.0,,,,,,,,,,,,,0.641147367077981,0.7516900225760347,0.2448759483709653,0.003434029051440507,,,,,,,,,,,,,,False,True,temporal_v1,False,0.002388055467554628,0.0918580375782881,3.0139083821928367,0.9538951370313159,94.17188017267124,1030.8656183311075,0.4819440788334127,0.157001569558768,0.002201718684800378,0.0,0.0,0.09207232070969948,0.0874331179348958,0.012574718520989717,0.0166544222757237,0.6616495238506365,230.86608341729135,0.022156075693678112,1.0646589499803436,-0.0006519061100799493,1100.0,0.004248157631928191,True,0.9940225780010223,0.09207232070969948,True,False,True,0.85,True,False,False,0,True,True,True,True,True,True,True,False,True,0,0,False,0,15,24,15,,,,False,False,False,
249,2026-08-18T22:00:18.187199,shadow,analysis_full,silero,webrtc,True,0.9981133937835693,True,True,True,1,False,True,False,0,0.0,,,,,,,,,,,,,0.4490171542443368,0.7020996227335409,0.2869601412135449,0.010940236050687287,,,,,,,,,,,,,,False,True,temporal_v1,False,0.0019914816714422124,0.1127348643006263,3.319301725284247,0.9343435645372788,92.50458953556,1175.8964512238126,0.315254774595837,0.12885002598925896,0.0049123536582409075,0.0,0.0,0.10527142426779283,0.10256112912980021,0.005716657758795819,0.020557049895768134,0.7097454020917592,232.90413956597484,0.007278491784974171,1.2449161231632362,-0.0007469029908070431,1233.3333333333335,0.005096682593450167,True,0.9940225780010223,0.10527142426779283,True,False,True,0.85,True,False,False,0,True,True,True,True,True,True,True,False,True,0,0,False,0,15,24,15,,,,False,False,False,
250,2026-08-18T22:00:18.196307,shadow,analysis_full,silero,webrtc,True,0.9955089092254639,True,True,True,1,False,True,False,0,0.0,,,,,,,,,,,,,0.236236555657745,0.7953924662295835,0.19677097499416643,0.007836558772016982,,,,,,,,,,,,,,False,True,temporal_v1,False,0.001446074737834635,0.11899791231732777,2.835795174765253,0.9175510183919486,89.645218936449,1285.978909693037,0.18790077661819607,0.04648449738603815,0.0018512816525107795,0.0,0.0,0.08942531864039215,0.08930823965306461,0.0033118494384395485,0.0236526246985696,0.5844226395841212,172.97627226642368,0.009815617787964219,1.4159438166816039,-0.0008436846158092556,1766.6666666666667,0.0031394117537320585,True,0.9940225780010223,0.08942531864039215,True,False,True,0.85,True,False,False,0,True,True,True,True,True,True,True,False,True,0,0,False,0,15,24,15,,,,False,False,False,
251,2026-08-18T22:00:18.207454,shadow,analysis_full,silero,webrtc,True,0.9942256808280945,True,True,True,1,False,True,False,0,0.0,,,,,,,,,,,,,0.19559790698624882,0.8548603140246157,0.13975625752084586,0.005383428449425887,,,,,,,,,,,,,,False,False,temporal_v1,False,0.0013233446691109008,0.07724425887265135,2.693898585098766,0.9385348621390901,88.97236869194987,1251.7134866417582,0.16720888818882224,0.027336031459308647,0.0010529873371179304,0.0,0.0,0.08948938713792873,0.0894994236214701,0.00309240931359118,0.02350474813367444,0.5902308217267563,168.08133583323257,0.004576279569909266,1.2021091552189327,-0.0007208016794278903,900.0000000000001,0.005239387855900679,True,0.9941598176956177,0.08948938713792873,True,False,True,0.85,False,False,False,0,True,True,True,True,True,True,True,False,True,0,0,False,0,15,24,15,,,,False,False,False,
252,2026-08-18T22:00:18.218126,shadow,analysis_full,silero,webrtc,True,0.9791725873947144,True,True,True,1,False,True,False,0,0.0,,,,,,,,,,,,,0.023311476520855218,0.8912287471873945,0.10552555751844747,0.003245695251260746,,,,,,,,,,,,,,False,False,temporal_v1,False,0.0004591513846180488,0.09603340292275574,2.8798046724424515,0.9568654451150216,79.84347537827992,1127.7587543595841,0.02077585801477016,0.002459956556441445,7.566194864361615e-05,0.0,0.0,0.08569013439585808,0.08504686234289807,0.0027222073532386843,0.023989281707262174,0.5931491442173068,171.42998894807172,0.0057911962949361954,1.212338888673369,-0.000736982396102055,800.0,0.006014941551166334,True,0.9940884411334991,0.08569013439585808,True,False,True,0.85,False,False,False,0,True,True,True,True,True,True,True,False,True,0,0,False,0,15,24,15,,,,False,False,False,
253,2026-08-18T22:00:18.225836,shadow,analysis_full,silero,webrtc,True,0.9863380789756775,True,True,True,1,False,True,False,0,0.0,,,,,,,,,,,,,0.05159857559160138,0.37902316027866406,0.6062160527672978,0.014760786934657759,,,,,,,,,,,,,,False,True,temporal_v1,False,0.0006730394655114937,0.10020876826722339,3.423438279187918,0.8994745824601038,82.90839193720825,1398.158596943662,0.019557055186606293,0.03127988482355563,0.0007616355804394604,0.0,0.0,0.1664411066030226,0.16382865584138243,0.0037482558736168094,0.02369404869696946,0.6119587065371337,178.04194736907868,0.01714856921896223,1.2932524974958177,-0.0007672568814622326,1366.6666666666667,0.008082193852701047,True,0.9940884411334991,0.1664411066030226,True,False,True,0.85,True,False,False,0,True,True,True,True,True,True,True,False,True,0,0,False,0,15,24,15,,,,False,False,False,
254,2026-08-18T22:00:18.232772,shadow,analysis_full,silero,webrtc,True,0.9508785605430603,True,True,True,1,False,True,False,0,0.0,,,,,,,,,,,,,0.032183110585273254,0.47732730309567195,0.5001954565244334,0.022477240348822466,,,,,,,,,,,,,,False,True,temporal_v1,False,0.0005343786665663881,0.12734864300626306,3.627170974717463,0.9045824534817576,80.92364960822628,1408.7722759026328,0.015361877380898255,0.01609784569157708,0.0007233875117979194,0.0,0.0,0.1852776410427549,0.18043816191200338,0.0059841596916380725,0.023553835077660776,0.5124536731977062,162.97494599877191,0.005931796468440224,1.1744909976019235,-0.0006842486697979514,1400.0,0.01291984144546946,True,0.9940884411334991,0.1852776410427549,True,False,True,0.85,True,False,False,0,True,True,True,True,True,True,True,False,True,0,0,False,0,15,24,15,,,,False,False,False,
255,2026-08-18T22:00:18.239215,shadow,analysis_full,silero,webrtc,True,0.9915466904640198,True,True,True,1,False,True,False,0,0.0,,,,,,,,,,,,,0.1081214682037637,0.8988420116568059,0.09845185505928025,0.002706133274665005,,,,,,,,,,,,,,False,False,temporal_v1,False,0.0010346340638853538,0.07933194154488518,2.557605113331338,0.9747489174328741,86.99604361352704,969.6284105259678,0.09718411798355833,0.010644759116393522,0.00029259110281183926,0.0,0.0,0.1828312095981631,0.1773973683691002,0.0062097092137412,0.023799582463465557,0.5166169827712718,181.1636781903923,0.02015306888001126,1.0661630587434043,-0.0006578478513061468,566.6666666666667,0.0048251166843432235,True,0.9940788447856903,0.1828312095981631,True,False,True,0.85,False,False,False,0,True,True,True,True,True,True,True,False,True,0,0,False,0,15,24,15,,,,False,False,False,
256,2026-08-18T22:00:18.245185,shadow,analysis_full,silero,webrtc,True,0.9915466904640198,True,True,True,1,False,True,False,0,0.0,,,,,,,,,,,,,0.03548798969377243,0.8872213054507448,0.10803886401799961,0.004739830503076967,,,,,,,,,,,,,,False,False,temporal_v1,False,0.0005783885317389787,0.08350730688935282,2.7248088851492587,0.9690540845050081,81.91148143744472,1073.2706619480612,0.03148570054393136,0.0038340820927976514,0.0001682070560434236,0.0,0.0,0.1798791903230708,0.17441949647079913,0.006208501634364671,0.019275767549707088,0.40468877085353727,148.29068061484446,0.011577304225713209,1.0862003834780407,-0.0006610353872686914,666.6666666666667,0.005824616035207159,True,0.9928861856460571,0.1798791903230708,True,False,True,0.85,False,False,False,0,True,True,True,True,True,False,True,False,True,0,0,False,0,15,24,15,,,,False,False,False,
257,2026-08-18T22:00:18.251273,shadow,analysis_full,silero,webrtc,True,0.9743087291717529,True,True,False,1,False,True,False,0,0.0,,,,,,,,,,,,,0.024029086063745878,0.3495707975855625,0.6117470276079597,0.03868217476486169,,,,,,,,,,,,,,False,True,temporal_v1,False,0.0004638395540683025,0.14822546972860126,3.502299994696972,0.8700341006959746,79.51965283141081,1619.733992056311,0.00839986678055577,0.01469972197563239,0.0009294973065577204,0.0,0.0,0.20550176368785933,0.19617269913078159,0.010850401555447567,0.021839994706675612,0.3605877501703458,189.98747957131692,0.01906726629972267,1.1199577315752725,-0.0006634363931711598,1866.6666666666667,0.01657915538553549,True,0.9915466904640198,0.20550176368785933,True,False,True,0.85,True,False,False,0,True,True,True,False,True,False,True,False,True,0,0,False,0,15,24,15,,,,False,False,False,
258,2026-08-18T22:00:18.257520,shadow,analysis_full,silero,webrtc,True,0.9323064088821411,True,True,True,1,False,True,False,0,0.0,,,,,,,,,,,,,0.02233506144913391,0.16253180680326976,0.7645317135839887,0.07293647956796905,,,,,,,,,,,,,,False,True,temporal_v1,False,0.0004495944718794244,0.20041753653444677,3.7120288133875783,0.7899148683350087,78.82879970460296,1821.275352389761,0.0036301578923897907,0.017075862802710035,0.0016290407530340886,0.0,0.0,0.2592870094912945,0.24106620829668246,0.02101111520967066,0.03583037653933184,0.40958301600830105,245.32131891467654,0.00977694599323569,1.2781976105351651,-0.0007515021166473958,2266.666666666667,0.016730341789566696,True,0.9889423847198486,0.2592870094912945,True,False,True,0.85,True,False,False,0,True,True,True,True,True,False,True,False,True,0,0,False,0,15,24,15,,,,False,False,False,
259,2026-08-18T22:00:18.263078,shadow,analysis_full,silero,webrtc,True,0.8996579647064209,True,True,True,1,False,True,False,0,0.0,,,,,,,,,,,,,0.014993359394051227,0.20391540420050502,0.7536476284770338,0.042436967255764874,,,,,,,,,,,,,,False,True,temporal_v1,False,0.00036328122449721977,0.1524008350730689,3.625437025327123,0.8431423579393098,77.24861990150043,1665.7209612665695,0.003057376941161395,0.011299709750230563,0.0006362727016592666,0.0,0.0,0.288721775641623,0.26943318420395684,0.021998701755663763,0.03757886800758761,0.43350817988551943,261.3872883054389,0.006424304234065858,1.406369557242642,-0.0008247370553807941,2033.3333333333335,0.00936552611076655,True,0.9827553331851959,0.288721775641623,True,False,True,0.85,True,False,False,0,True,True,True,True,True,False,True,False,True,0,0,False,0,15,24,15,,,,False,False,False,
260,2026-08-18T22:00:18.269122,shadow,analysis_full,silero,webrtc,True,0.8312283754348755,True,True,True,1,False,True,False,0,0.0,,,,,,,,,,,,,0.07747245184815148,0.9209909467560121,0.07562606434266878,0.003382988888411206,,,,,,,,,,,,,,False,False,temporal_v1,False,0.0008402415842287312,0.10020876826722339,2.800594993417098,0.9710276402913289,85.17031530020225,940.6845324282599,0.07135142677513859,0.005858936628252612,0.00026208844376026866,0.0,0.0,0.29989935954898067,0.28028592638641,0.02231404195912854,0.03796828477264048,0.43624626170733605,290.3750585647376,0.02441340848744708,1.7562962745384152,-0.001066297616374123,633.3333333333334,0.0010400766379077408,True,0.9767406582832336,0.29989935954898067,True,False,True,0.85,False,False,False,0,True,True,True,True,True,False,True,False,True,0,0,False,0,15,24,15,,,,False,False,False,
261,2026-08-18T22:00:18.275721,shadow,analysis_full,silero,webrtc,True,0.9872281551361084,True,True,True,1,False,True,False,0,0.0,,,,,,,,,,,,,0.47369386114705153,0.9004229858091108,0.09882129340242739,0.0007557207863506956,,,,,,,,,,,,,,False,False,temporal_v1,False,0.002039063265908759,0.06263048016701461,1.8117435210009525,0.9713810094855919,92.87833734878143,881.7129187263658,0.4265248408134745,0.04681104003534148,0.000357980297235547,0.0,0.0,0.30401585098208,0.2839862599173615,0.022679665792360627,0.039692881762361916,0.5845081541131625,319.780595184839,0.024479975090733148,1.8252537602355976,-0.0011163469999310143,800.0,0.0002700296189580263,True,0.9767406582832336,0.30401585098208,True,False,True,0.85,False,False,False,0,True,True,True,True,True,True,True,False,True,0,0,False,0,15,24,15,,,,False,False,False,
262,2026-08-18T22:00:18.281734,shadow,analysis_full,silero,webrtc,True,0.9980348944664001,True,True,True,1,False,True,False,0,0.0,,,,,,,,,,,,,0.5338689986177245,0.8976169990081079,0.10183528155299984,0.000547719437019275,,,,,,,,,,,,,,False,False,temporal_v1,False,0.0021633038463978603,0.07515657620041753,1.9462536928412724,0.9683802629139935,93.37869480448896,901.8063717387163,0.47920988840270556,0.05436669978665406,0.0002924104273649442,0.0,0.0,0.3046183156175494,0.2843348397003039,0.022899636413992945,0.04115912848648956,0.6744946313412742,337.959529197524,0.0020631491380766463,1.452405112246513,-0.0008811116719835437,900.0000000000001,0.0006255089952024176,True,0.9803234040737152,0.3046183156175494,True,False,True,0.85,False,False,False,0,True,True,True,True,True,True,True,False,True,0,0,False,0,15,24,15,,,,False,False,False,
263,2026-08-18T22:00:18.289338,shadow,analysis_full,silero,webrtc,True,0.998119056224823,True,True,True,1,False,True,False,0,0.0,,,,,,,,,,,,,0.3997167718509133,0.9213647936402368,0.07830814510882257,0.0003270612484389892,,,,,,,,,,,,,,False,False,temporal_v1,False,0.0018739850709260251,0.07724425887265135,2.4928419936570374,0.9674977820881872,92.12758274206747,908.228150748683,0.36828496101095837,0.03130107897253145,0.00013073186642356232,0.0,0.0,0.3073356556892502,0.28493828174975105,0.02364860568867882,0.04242672532964838,0.6701300832937372,350.8179928844212,0.010653640219860644,1.0713966376311124,-0.000655298902334617,966.6666666666667,0.0016366171836794817,True,0.9807684421539307,0.3073356556892502,True,False,True,0.85,False,False,False,0,True,True,True,True,True,True,True,False,True,0,0,False,0,15,24,15,,,,False,False,False,
264,2026-08-18T22:00:18.296571,shadow,analysis_full,silero,webrtc,True,0.9982357025146484,True,True,True,1,False,True,False,0,0.0,,,,,,,,,,,,,0.38214869420601744,0.9433055105942536,0.056104393895547826,0.0005900955075817401,,,,,,,,,,,,,,False,False,temporal_v1,False,0.0018326455706856766,0.07515657620041753,2.172304157827074,0.9701970664955627,91.94589170233725,880.2143139924983,0.3604829691109346,0.021440220866403657,0.00022550422767919902,0.0,0.0,0.31110858269352604,0.2878481788563711,0.024222062499774856,0.043253338945930406,0.6497597167963387,358.0007874100166,0.0041125011960515675,1.1801827468752046,-0.0007188987981373294,900.0000000000001,0.0010718728996019992,True,0.9893874228000641,0.31110858269352604,True,False,True,0.85,False,False,False,0,True,True,True,True,True,True,True,False,True,0,0,False,0,15,24,15,,,,False,False,False,
265,2026-08-18T22:00:18.301585,shadow,analysis_full,silero,webrtc,True,0.9985036849975586,True,True,True,1,False,True,False,0,0.0,,,,,,,,,,,,,0.27077485712837335,0.9260213115201174,0.06998847288086213,0.003990215595327591,,,,,,,,,,,,,,False,False,temporal_v1,False,0.0015534456860953757,0.07933194154488518,2.708986074315999,0.9603851781547328,90.46560788049186,1090.6093904411518,0.2507432883246887,0.018951118744948477,0.0010804500577362357,0.0,0.0,0.3128726284753514,0.2897117125932568,0.024150779562307517,0.043253338945930406,0.6472184048940395,353.1641089511632,0.006162615499890958,1.116165285795281,-0.0006746193653910146,966.6666666666667,0.004938451989621138,True,0.9893874228000641,0.3128726284753514,True,False,True,0.85,False,False,False,0,True,True,True,True,True,True,True,False,True,0,0,False,0,15,24,15,,,,False,False,False,
266,2026-08-18T22:00:18.310498,shadow,analysis_full,silero,webrtc,True,0.9980494976043701,True,True,True,1,False,True,False,0,0.0,,,,,,,,,,,,,0.24840083766181134,0.8902926632075482,0.10740803939720377,0.0022992973912222786,,,,,,,,,,,,,,False,False,temporal_v1,False,0.001486914613247391,0.08559498956158663,2.3609494163149893,0.96687287456829,90.1144810113348,1057.7275882843185,0.22114944330491987,0.02668024695787825,0.0005711473980132316,0.0,0.0,0.31304663620058576,0.28974744403746416,0.024283777711831163,0.04315195138000424,0.6577390427499856,353.6569046727101,0.005457340465294978,1.0265032627125708,-0.0006209770649186015,933.3333333333334,0.00459391553615556,True,0.9926315248012543,0.31304663620058576,True,False,True,0.85,False,False,False,0,True,True,True,True,True,True,True,False,True,0,0,False,0,15,24,15,,,,False,False,False,
267,2026-08-18T22:00:18.318767,shadow,analysis_full,silero,webrtc,True,0.996105968952179,True,True,True,1,False,True,False,0,0.0,,,,,,,,,,,,,0.15440964325136977,0.8682279287698829,0.13013125257883928,0.0016408186448015815,,,,,,,,,,,,,,False,False,temporal_v1,False,0.0011740475596567442,0.06471816283924843,2.327504948862838,0.9685597121437096,88.0687752345475,1046.7661945010873,0.1340627647422333,0.020093520286552466,0.0002533582215840082,0.0,0.0,0.2909544914922105,0.26848616907083894,0.023442668715101308,0.042171189979123176,0.6094761915683748,322.271360654518,0.0037627975941992332,0.9114154512700365,-0.0005573004053847807,800.0,0.004568689917514251,True,0.9970704317092896,0.2909544914922105,True,False,True,0.85,False,False,False,0,True,True,True,True,True,True,True,False,True,0,0,False,0,15,24,15,,,,False,False,False,
268,2026-08-18T22:00:18.326077,shadow,analysis_full,silero,webrtc,True,0.9933449029922485,True,True,True,1,False,True,False,0,0.0,,,,,,,,,,,,,0.08161016803433721,0.9652484451827873,0.03241296707230941,0.002338587732649935,,,,,,,,,,,,,,False,False,temporal_v1,False,0.0008733666208714238,0.05010438413361169,2.019343873405652,0.980625530416511,85.54825164012654,857.3393884405172,0.07877408780625,0.0026452276892626097,0.00019085253782460086,0.0,0.0,0.21487185463273356,0.20279366628004206,0.012259843005373043,0.02667336326293852,0.5014625794400144,228.4428975337191,0.014319383147547814,1.4923900392402887,-0.0009113142156669789,600.0,0.0010350192281752782,True,0.9970704317092896,0.21487185463273356,True,False,True,0.85,False,False,False,0,True,True,True,True,True,True,True,False,True,0,0,False,0,15,24,15,,,,False,False,False,
269,2026-08-18T22:00:18.333613,shadow,analysis_full,silero,webrtc,True,0.993713915348053,True,True,True,1,False,True,False,0,0.0,,,,,,,,,,,,,0.058556796161247794,0.9561697680711614,0.04102490547251544,0.002805326439245854,,,,,,,,,,,,,,False,False,temporal_v1,False,0.0007451481630236314,0.05219206680584551,1.906599755723384,0.9779710578090839,84.1572825580957,1254.62994762513,0.055990238204490575,0.0024022870272885455,0.00016427092846867857,0.0,0.0,0.028938493812075784,0.02926639295137044,0.0012298166657049767,0.014469915199301424,0.3244045646613197,120.66100113176616,0.0056635111353107535,0.6594710803550158,-0.00040512296279860533,600.0,0.011147329589381255,True,0.9970704317092896,0.028938493812075784,True,False,False,0.85,False,False,False,0,True,True,True,True,True,True,True,False,True,0,0,False,0,15,24,15,,,,False,False,False,
270,2026-08-18T22:00:18.343746,shadow,analysis_full,silero,webrtc,True,0.9936916828155518,True,True,True,1,False,True,False,0,0.0,,,,,,,,,,,,,0.05275853639925012,0.9756794344509593,0.01992100495402566,0.004399560576060851,,,,,,,,,,,,,,False,False,temporal_v1,False,0.000736767772892929,0.05010438413361169,1.7180621383171746,0.9827800810614795,84.07981430730433,1119.4199359782328,0.05147541895648071,0.0010510030649766048,0.00023211437679281226,0.0,0.0,0.03359699334234298,0.03428171463185681,0.0013833002921804177,0.012449312330585029,0.30417114172400744,126.32634745987465,0.0032952056828134744,0.8008454076199247,-0.00049476507305248,500.00000000000006,0.0069078443953629245,True,0.9970704317092896,0.03359699334234298,True,False,False,0.85,False,False,False,0,True,True,True,True,True,True,True,False,True,0,0,False,0,15,24,15,,,,False,False,False,
271,2026-08-18T22:00:18.352370,shadow,analysis_full,silero,webrtc,True,0.9887579679489136,True,True,True,1,False,True,False,0,0.0,,,,,,,,,,,,,0.04807412301394942,0.9547795892378824,0.036704725966030076,0.008515684775286225,,,,,,,,,,,,,,False,False,temporal_v1,False,0.0007280697526222676,0.04175365344467641,2.1435081809771805,0.9786759763951075,83.95844287647394,1089.2707110886358,0.04590019142423006,0.0017645475112842335,0.0004093840774351262,0.0,0.0,0.033669473696486034,0.034772274498487,0.0023343884421452026,0.014607812680196994,0.28322576497357577,122.1953484048527,0.007550816229479341,1.4630941566922167,-0.0008877485593093198,600.0,0.002862919520412373,True,0.9970704317092896,0.033669473696486034,True,False,False,0.85,False,False,False,0,True,True,True,True,True,True,True,False,True,0,0,False,0,15,24,15,,,,False,False,False,
272,2026-08-18T22:00:18.360928,shadow,analysis_full,silero,webrtc,True,0.9887579679489136,True,True,True,1,False,True,False,0,0.0,,,,,,,,,,,,,0.010649012198271563,0.9015346551667751,0.0778281781908125,0.02063716654850683,,,,,,,,,,,,,,False,False,temporal_v1,False,0.00032605736050142194,0.054279749478079335,2.9187070322336144,0.9575610287067773,76.85332220454805,1284.157723283219,0.009600453540035535,0.0008287932189232153,0.00021976543831281106,0.0,0.0,0.03331280599411259,0.0330993395700005,0.0057395046813368475,0.014518028100804766,0.34631800428020754,137.85775509783934,0.012098177558851793,1.2261085479691787,-0.0007399116188923539,666.6666666666667,0.01103662283058663,True,0.994909942150116,0.03331280599411259,True,False,False,0.85,False,False,False,0,True,True,True,True,True,True,True,False,True,0,0,False,0,15,24,15,,,,False,False,False,
273,2026-08-18T22:00:18.370061,shadow,analysis_full,silero,webrtc,True,0.9678061604499817,True,True,True,1,False,True,False,0,0.0,,,,,,,,,,,,,0.0020747064311390333,0.9083168390595582,0.07651486162810565,0.015168298830340092,,,,,,,,,,,,,,False,False,temporal_v1,False,0.00015486108678095236,0.07724425887265135,2.715329820617484,0.967821322579438,70.28878036320731,1278.7512624215103,0.0018844907875087437,0.00015874587549754405,3.1469767132745267e-05,0.0,0.0,0.03388634832309759,0.0330314491077231,0.0062947709865678846,0.014518028100804766,0.36606144882349473,142.1262183178484,0.012038112340749878,0.8572232321242508,-0.0005204938102828617,600.0,0.015238107863420067,True,0.9937027990818024,0.03388634832309759,True,False,False,0.85,False,False,False,0,True,True,True,True,True,True,True,False,True,0,0,False,0,15,24,15,,,,False,False,False,
274,2026-08-18T22:00:18.379642,shadow,analysis_full,silero,webrtc,True,0.9250858426094055,True,True,True,1,False,True,False,0,0.0,,,,,,,,,,,,,0.0023261599138076814,0.7520353463151821,0.21072763626282795,0.03723701699209696,,,,,,,,,,,,,,False,True,temporal_v1,False,0.00015305555248143677,0.11482254697286012,3.582467138172137,0.9184941937070441,69.9552636442429,1393.975609942514,0.0017493544763648539,0.0004901861802060363,8.661925623679142e-05,0.0,0.0,0.06238593216400575,0.054532552767998344,0.010913042349752163,0.02117634823880115,0.5265001988365304,147.62925638318129,0.009663457238024926,1.5290670837324154,-0.0009248196180504282,1500.0,0.007453844966523675,True,0.9935182929039001,0.06238593216400575,True,False,True,0.85,True,False,False,0,True,True,True,True,True,True,True,False,True,0,0,False,0,15,24,15,,,,False,False,False,
275,2026-08-18T22:00:18.390148,shadow,analysis_full,silero,webrtc,True,0.7952641248703003,True,True,True,1,False,True,False,0,0.0,,,,,,,,,,,,,0.002320964486196151,0.5038647115404894,0.4571150048403556,0.03902028318829956,,,,,,,,,,,,,,False,True,temporal_v1,False,0.000156456533520787,0.1524008350730689,3.8015359224235974,0.8817640094613894,69.97775640742888,1629.9131507470802,0.0011694521013329439,0.001060947692341847,9.056469152136e-05,0.0,0.0,0.13625145418546852,0.12516416601254476,0.013715231328792522,0.0333009927041176,0.6658652991577978,204.59685740740989,0.006812070787188679,0.8784626216353051,-0.0005193513672370979,1700.0000000000002,0.03847883490355331,True,0.991051435470581,0.13625145418546852,True,False,True,0.85,True,False,False,0,True,True,True,True,True,False,True,False,True,0,0,False,0,15,24,15,,,,False,False,False,
276,2026-08-18T22:00:18.401593,shadow,analysis_full,silero,webrtc,True,0.5127568244934082,True,True,True,1,False,True,False,0,0.0,,,,,,,,,,,,,0.004694999216518322,0.27278391293316606,0.688207913341386,0.039008173512455245,,,,,,,,,,,,,,False,True,temporal_v1,False,0.00020544039546725601,0.18580375782881003,3.635375134718257,0.8281452373549648,72.14851444546646,1679.365669203773,0.001280720257500017,0.003231135613939517,0.00018314334407878814,0.0,0.0,0.22379065022812134,0.21138014788597806,0.015094432767425359,0.04731446189394452,0.7358788044804021,242.4911241437857,0.006522086422371258,1.2542573044415979,-0.000739345280273306,1933.3333333333335,0.01384768286814473,True,0.9887579679489136,0.22379065022812134,True,False,True,0.85,True,False,False,0,True,True,True,True,True,False,True,False,True,0,0,False,0,15,24,15,,,,False,False,False,
277,2026-08-18T22:00:18.413237,shadow,analysis_full,silero,webrtc,False,0.33310168981552124,True,True,False,1,False,True,False,0,0.0,,,,,,,,,,,,,0.0060307037544574,0.3428357680409222,0.5793835816728317,0.07778065012042791,,,,,,,,,,,,,,False,True,temporal_v1,False,0.0002323425579960609,0.18997912317327767,3.790632045018665,0.8185522191920053,73.1891201570136,1715.6186825257944,0.002067540953486676,0.0034940907412653217,0.00046907205870540204,0.0,0.0,0.2614813204217724,0.24213547828935683,0.02268333107682032,0.05620637316559381,0.794958481128194,264.7469582959406,0.005868068327834227,1.2374675846880505,-0.0007316636972186911,2000.0000000000002,0.017664641368509135,True,0.9782820641994476,0.2614813204217724,True,False,True,0.85,True,False,False,0,True,False,True,False,True,False,True,False,True,0,1,False,0,15,24,15,,,,False,False,False,
278,2026-08-18T22:00:18.425137,shadow,analysis_full,silero,webrtc,False,0.24223445355892181,True,True,False,1,False,True,False,0,0.0,,,,,,,,,,,,,0.004769253140711847,0.20356667555076957,0.7235289976467932,0.07290432659276076,,,,,,,,,,,,,,False,True,temporal_v1,False,0.00020830123548233934,0.23068893528183715,3.9330238912222715,0.7938538087218362,72.08798649998255,1769.9653841912434,0.0009708610067147773,0.003450692944423063,0.0003476991885740065,0.0,0.0,0.2971584313265319,0.2746164347049117,0.025440649947591886,0.06637131976259708,0.8086448632473267,242.35029248107426,0.005873693482526839,1.2816919700414249,-0.0007542670739269787,2166.666666666667,0.01565506267946865,True,0.9464460015296936,0.2971584313265319,True,False,True,0.85,True,False,False,0,True,False,True,False,True,False,True,False,True,0,2,False,0,15,24,15,,,,False,False,False,
279,2026-08-18T22:00:18.433033,shadow,analysis_full,silero,webrtc,False,0.16661842167377472,True,True,False,1,False,True,False,0,0.0,,,,,,,,,,,,,0.00618915294423082,0.2264799221463991,0.6899552284314792,0.08356484926054863,,,,,,,,,,,,,,False,True,temporal_v1,False,0.00023655146084908716,0.22755741127348644,3.988205267144273,0.7840822381886172,73.16182880862819,1930.219948709872,0.0014017188769615528,0.0042702384334341375,0.0005171956328351293,0.0,0.0,0.3090384811271975,0.2843561765642327,0.027690108146625744,0.07051679397852538,0.7633030614321151,277.9632405744998,0.004909290313696103,0.88049124339078,-0.0005145444980621711,2200.0,0.04713063302609408,True,0.8601749837398529,0.3090384811271975,True,False,True,0.85,True,False,False,0,True,False,True,False,True,False,True,False,True,0,3,False,0,15,24,15,,,,False,False,False,
280,2026-08-18T22:00:18.439291,shadow,analysis_full,silero,webrtc,False,0.15434488654136658,True,True,False,1,False,True,False,0,0.0,,,,,,,,,,,,,0.0036096511537658483,0.19376649084690634,0.7165800368225856,0.08965347205347296,,,,,,,,,,,,,,False,True,temporal_v1,False,0.00018147562027867717,0.21294363256784968,3.8819741317888647,0.7639078776647447,70.69119674970041,1858.2499615355055,0.0006994294372466951,0.0025866039566822202,0.0003236177588369329,0.0,0.0,0.30403099849046333,0.2787715137616912,0.028581027539229337,0.06838754216774501,0.5940402184904409,267.9006381554974,0.005338368506644898,1.5367427698949656,-0.0009064385684458687,2333.3333333333335,0.00923675133825117,True,0.6540104746818542,0.30403099849046333,True,False,True,0.85,True,False,False,0,True,False,True,False,True,False,True,False,True,0,4,False,0,15,24,15,,,,False,False,False,
281,2026-08-18T22:00:18.445012,shadow,analysis_full,silero,webrtc,False,0.08494945615530014,True,True,False,1,True,True,False,1,0.0,,,,,,,,,,,,,0.004033391890929129,0.48567949987014536,0.4549895066959861,0.059330993185938256,,,,,,,,,,,,,,False,True,temporal_v1,False,0.00019437626183692086,0.19206680584551147,3.825592105714805,0.8550138260667703,71.79377470148653,1635.837114598134,0.0019589357563667593,0.001835150986765435,0.00023930514679693476,0.0,0.0,0.26834928949868575,0.24682339263605127,0.025385909008024198,0.05910843160401346,0.41434241734742855,216.51230890106518,0.005591555165460039,1.2935288618047807,-0.0007652291810482731,1833.3333333333335,0.018654067692659777,True,0.4229292571544647,0.26834928949868575,True,True,True,0.85,True,True,True,1,True,False,True,False,True,False,True,False,True,0,5,True,1,15,24,15,,,,False,False,False,
282,2026-08-18T22:00:18.450540,shadow,analysis_full,silero,webrtc,False,0.04831544682383537,True,True,False,1,True,True,False,1,0.0,,,,,,,,,,,,,0.0016671215033292183,0.6803873693210347,0.26956445111900595,0.05004817896012287,,,,,,,,,,,,,,False,True,temporal_v1,False,0.00012692402746784513,0.13569937369519833,3.717602954944996,0.896672712187198,68.13634084228607,1522.7500073921872,0.0011342884139886955,0.00044939669299363277,8.343639534688979e-05,0.0,0.0,0.24026700639094523,0.22200955548387363,0.023008648414678975,0.04803496521133763,0.3451093380630858,189.97192936094658,0.004214293868627297,1.2495628944017407,-0.0007412988776837161,1633.3333333333335,0.01742017624849468,True,0.2876680716872215,0.24026700639094523,True,True,True,0.85,True,True,True,2,True,False,True,False,True,False,True,False,True,0,6,True,2,15,24,15,,,,False,False,False,
283,2026-08-18T22:00:18.457104,shadow,analysis_full,silero,webrtc,False,0.037486471235752106,True,True,False,1,True,True,False,1,0.0,,,,,,,,,,,,,0.0011724510055529163,0.7686163717170834,0.18968856791010383,0.04169505951989861,,,,,,,,,,,,,,False,True,temporal_v1,False,0.0001084362672911738,0.12526096033402923,3.504378728666909,0.9112305282831494,66.73068761869494,1551.4649882253184,0.0009011650379041285,0.0002224005521880939,4.888541446069382e-05,0.0,0.0,0.21650419751712863,0.20287319621654798,0.019342439455847186,0.04007059312667103,0.1475391429807828,151.65585499128724,0.004505573744663993,0.9883958665780515,-0.0005934574730972969,1566.6666666666667,0.029103686812029936,True,0.20442643761634827,0.21650419751712863,True,True,True,0.85,True,True,True,3,True,False,True,False,True,False,True,False,True,0,7,True,3,15,24,15,,,,False,False,False,
284,2026-08-18T22:00:18.464721,shadow,analysis_full,silero,webrtc,False,0.06476975232362747,True,True,False,1,True,True,False,1,0.0,,,,,,,,,,,,,0.0035409206450811447,0.6813410088037082,0.264429497262481,0.05422949365139838,,,,,,,,,,,,,,False,True,temporal_v1,False,0.00018297068051905248,0.1315240083507307,3.545503915202652,0.9023259140240703,71.48692910996773,1605.5761851730836,0.002412574444413464,0.0009363238660251471,0.0001920223336425334,0.0,0.0,0.20725460788182157,0.19578546927448337,0.018057490607158572,0.03773583882870889,0.15247340474509505,124.10212390184914,0.008037408948089284,1.2241847332752664,-0.0007344329971575225,1566.6666666666667,0.01864262104248502,True,0.16048165410757065,0.20725460788182157,True,True,True,0.85,True,True,True,4,True,False,True,False,True,False,True,False,True,0,8,True,4,15,24,15,,,,False,False,False,
285,2026-08-18T22:00:18.470968,shadow,analysis_full,silero,webrtc,False,0.07077109813690186,True,True,False,1,True,True,False,1,0.0,,,,,,,,,,,,,0.0017877213620818805,0.3666710578736232,0.3102326181441384,0.32309632342286704,,,,,,,,,,,,,,False,True,temporal_v1,False,0.00013744848559423613,0.24843423799582465,4.2909061650041025,0.6121870957196365,67.21497190326792,2387.6694415558213,0.0006555056830178377,0.000554609478670867,0.0005776061993931756,0.0,0.0,0.206844092813638,0.20403848261596763,0.07972405633419402,0.04189030352776338,0.2205305943606423,240.80771996343734,0.0069990399694500735,0.8064154259489428,-0.00047812282477584657,3833.3333333333335,0.1014507704426595,True,0.11964717134833336,0.206844092813638,True,True,True,0.85,True,True,True,5,True,False,True,False,True,False,True,False,True,0,9,True,5,15,24,15,,,,False,False,False,
286,2026-08-18T22:00:18.476633,shadow,analysis_full,silero,webrtc,False,0.22919262945652008,True,True,False,1,True,True,False,1,0.0,,,,,,,,,,,,,0.007305655408556924,0.32712036374424464,0.13005513812263755,0.5428244979962374,,,,,,,,,,,,,,False,True,temporal_v1,False,0.000280397625888342,0.37160751565762007,3.945201902953601,0.6067886403076498,73.5498897084683,2528.630048995038,0.002389828654637249,0.0009501380232362648,0.003965688729683409,0.0,0.0,0.203534547592149,0.21770099411822172,0.15540318590773441,0.06914052326789409,0.21533840506003915,329.00079445780125,0.00511134756233297,0.8246280360721735,-0.000493667234651071,4000.0000000000005,0.06672035600905993,True,0.11964717134833336,0.203534547592149,True,True,True,0.85,True,True,True,6,True,False,True,False,True,False,True,False,False,0,0,True,6,15,24,24,,,,False,False,False,
287,2026-08-18T22:00:18.481701,shadow,analysis_full,silero,webrtc,False,0.3350588381290436,True,True,True,1,True,True,False,1,0.0,,,,,,,,,,,,,0.016372279174940878,0.11200487552090233,0.08473685840625463,0.8032582660117643,,,,,,,,,,,,,,False,True,temporal_v1,False,0.0003991699105925538,0.3924843423799583,3.199688177611259,0.5924188183732447,76.54173487488487,2737.2831370195972,0.0018337750909827144,0.0013873355022346364,0.013151168580723528,0.0,0.0,0.22391328312434933,0.2343440249707744,0.250123356093212,0.0883117531656209,0.28966665201327185,417.85477831751905,0.007461666807277363,0.9452703567249865,-0.0005657843248134488,3600.0000000000005,0.021683832254951983,True,0.11964717134833336,0.22391328312434933,True,True,True,0.85,True,True,True,7,True,True,True,True,True,False,True,False,False,1,0,True,7,15,24,24,,,,False,False,False,
288,2026-08-18T22:00:18.488071,shadow,analysis_full,silero,webrtc,False,0.3350588381290436,True,True,True,1,True,True,False,1,0.0,,,,,,,,,,,,,0.0038472482670939057,0.33041732011079866,0.39889508520716455,0.27068759442211066,,,,,,,,,,,,,,False,True,temporal_v1,False,0.0001912142067431997,0.20668058455114824,4.020179587146984,0.7186544393171834,70.89385759088123,2053.36141225266,0.0012711974622140825,0.0015346484253155397,0.0010414023785642833,0.0,0.0,0.21560622490234763,0.20571080218417542,0.2461255346182217,0.08850026415796049,0.2952996548102157,414.0892391464683,0.01147793483461879,1.1257599873246416,-0.0006668262627457517,3400.0000000000005,0.031650232940198565,True,0.11964717134833336,0.21560622490234763,True,True,True,0.85,True,True,True,8,True,True,True,True,True,False,True,False,False,2,0,True,8,15,24,24,,,,False,False,False,
289,2026-08-18T22:00:18.497723,shadow,analysis_full,silero,webrtc,False,0.3304753005504608,True,True,True,1,False,True,False,0,0.0,,,,,,,,,,,,,0.03088464364744945,0.900390191276074,0.0840919553609047,0.015517853330642857,,,,,,,,,,,,,,False,False,temporal_v1,False,0.000538723927686471,0.08768267223382047,2.396834146163419,0.9614040919232824,81.25692918731102,1158.747847636026,0.027808230201220394,0.002597150074938768,0.0004792633702902912,0.0,0.0,0.2482898060099445,0.18512314361857432,0.25102277704619197,0.09749634542516555,0.5026449813789875,482.5829317964098,0.020895675875386738,1.4704277033174709,-0.0008944999083476258,600.0,0.0026841155727369364,True,0.11964717134833336,0.2482898060099445,True,True,True,0.85,False,False,False,0,True,True,True,True,True,False,True,False,False,3,0,False,0,15,24,24,,,,False,False,False,
290,2026-08-18T22:00:18.507380,shadow,analysis_full,silero,webrtc,True,0.7242200374603271,True,True,True,1,False,True,False,0,0.0,,,,,,,,,,,,,0.04722944618046474,0.9466957659800771,0.04669194305747465,0.0066122909412750465,,,,,,,,,,,,,,False,False,temporal_v1,False,0.0006695617707722522,0.08350730688935282,2.3895092426059406,0.9693169269876214,83.18647586734858,1260.2823333249476,0.0447119167286299,0.002205234611694323,0.00031229483914052434,0.0,0.0,0.2624265576744228,0.132475025851612,0.2566739072440942,0.10463518869816361,0.6154199818649085,520.1282815416567,0.017019669686275326,0.7499297390817408,-0.00046398661119323567,600.0,0.014503424215167215,True,0.1570710428059101,0.2624265576744228,True,True,True,0.85,False,False,False,0,True,True,True,True,True,False,True,False,False,4,0,False,0,15,24,24,,,,False,False,False,
291,2026-08-18T22:00:18.516073,shadow,analysis_full,silero,webrtc,True,0.8822414875030518,True,True,False,1,False,True,False,0,0.0,,,,,,,,,,,,,0.06234440210713953,0.9571942167177445,0.03759863763013478,0.005207145636080685,,,,,,,,,,,,,,False,False,temporal_v1,False,0.000750327128734055,0.07515657620041753,1.8708152112422207,0.9727732081978885,84.19447751044002,1055.902700937498,0.05967570114167952,0.0023440645830937502,0.0003246363813662511,0.0,0.0,0.2861377016978123,0.1178605683160852,0.26047830697652746,0.11093042880581366,0.767410103499325,570.0573073793697,0.0067768480016991645,1.165308777245468,-0.0006953862023421854,533.3333333333334,0.0024099918150999027,True,0.27983396500349045,0.2861377016978123,True,True,True,0.85,False,False,False,0,True,True,True,False,True,False,True,False,False,5,0,False,0,15,24,24,,,,False,False,False,
292,2026-08-18T22:00:18.526083,shadow,analysis_full,silero,webrtc,True,0.8682737350463867,True,True,True,1,False,True,False,0,0.0,,,,,,,,,,,,,0.07977947673444405,0.9726725716479028,0.020295248665052418,0.007032179674510107,,,,,,,,,,,,,,False,False,temporal_v1,False,0.0008537306692334904,0.06680584551148225,1.6759926201303972,0.9718445530404257,85.31315098344658,1183.2315169330336,0.07759930880001573,0.001619144318693306,0.0005610236147350094,0.0,0.0,0.3063472677256775,0.12287324366634386,0.26344433174484483,0.11585811251454546,0.8880668702312741,594.3289167060624,0.0017224702033117034,0.9457407194003726,-0.0005754842008033834,533.3333333333334,0.005601922723031589,True,0.3327670693397522,0.3063472677256775,True,True,True,0.85,False,False,False,0,True,True,True,True,True,True,True,False,False,6,0,False,0,15,24,24,,,,False,False,False,
293,2026-08-18T22:00:18.536151,shadow,analysis_full,silero,webrtc,True,0.8810247778892517,True,True,True,1,False,True,False,0,0.0,,,,,,,,,,,,,0.06808021856610474,0.9700647210885419,0.024808951958173942,0.005126326938595381,,,,,,,,,,,,,,False,False,temporal_v1,False,0.0007856107932960593,0.081419624217119,1.9802992833312123,0.9744818116229359,84.60098295621981,1133.551961434728,0.06604221823497537,0.0016889988717084742,0.00034900145842088414,0.0,0.0,0.32067345102486267,0.12827994163040332,0.2659556098196745,0.11860242671858451,0.9324956289839305,621.0673746194974,0.003175077016510383,0.7693184288298323,-0.00047777164055751777,533.3333333333334,0.007582341821078393,True,0.3350588381290436,0.32067345102486267,True,True,True,0.85,False,False,False,0,True,True,True,True,True,True,True,False,False,7,0,False,0,15,24,24,,,,False,False,False,
294,2026-08-18T22:00:18.546856,shadow,analysis_full,silero,webrtc,True,0.8460238575935364,True,True,True,1,False,True,False,0,0.0,,,,,,,,,,,,,0.02518397554493016,0.9439037950344351,0.045137552078600304,0.0109586528472569,,,,,,,,,,,,,,False,False,temporal_v1,False,0.0004935831553111108,0.06471816283924843,2.583884083042709,0.9738701776521111,80.5513906802449,1064.7234924173852,0.023771250090913985,0.0011367430077054816,0.00027598244531069704,0.0,0.0,0.33217872244255536,0.12383264668933987,0.2686847461926557,0.12264918045419204,0.9136099996218253,650.6865901865434,0.015923397654080133,0.9410967101068722,-0.0005689931162673877,566.6666666666667,0.0054403687125178755,True,0.5296394377946854,0.33217872244255536,True,False,True,0.85,False,False,False,0,True,True,True,True,True,True,True,False,False,8,0,False,0,15,24,24,,,,False,False,False,
295,2026-08-18T22:00:18.557432,shadow,analysis_full,silero,webrtc,True,0.7808656692504883,True,True,True,1,False,True,False,0,0.0,,,,,,,,,,,,,0.017444513520402483,0.9555268698841397,0.036497902219923405,0.007975227838612216,,,,,,,,,,,,,,False,False,temporal_v1,False,0.0004509980486916403,0.0709812108559499,2.414167095203063,0.9801177875049647,79.79009752755677,919.2309965716738,0.01666870140080174,0.0006366881487417816,0.00013912396985896108,0.0,0.0,0.3230009664869656,0.10755494523994683,0.2707573827275246,0.12254341627926117,0.7780294012158531,634.5692586386012,0.008858311667501046,1.1636610920383088,-0.0007164406010917449,533.3333333333334,0.0027917678123775646,True,0.7525428533554077,0.3230009664869656,True,False,True,0.85,False,False,False,0,True,True,True,True,True,True,True,False,False,9,0,False,0,15,24,24,,,,False,False,False,
296,2026-08-18T22:00:18.568148,shadow,analysis_full,silero,webrtc,True,0.7083345651626587,True,True,True,1,False,True,False,0,0.0,,,,,,,,,,,,,0.013008567872483319,0.8685226015060319,0.10859103305861141,0.022886365358484102,,,,,,,,,,,,,,False,False,temporal_v1,False,0.0003894548263525188,0.05219206680584551,2.8335252408160922,0.9611877351178327,78.42534156615878,1278.2333744981713,0.011298235210476999,0.0014126138238860263,0.0002977188371202915,0.0,0.0,0.2929678465453687,0.10696430279593452,0.24210069446342625,0.10024442650190378,0.654265964210138,537.14772722141,0.006945857787459641,1.2731145835638278,-0.0007674474358461424,700.0,0.01000485922479669,True,0.7525428533554077,0.2929678465453687,True,False,True,0.85,False,False,False,0,True,True,True,True,True,True,True,False,True,0,0,False,0,15,24,15,,,,False,False,False,
297,2026-08-18T22:00:18.581466,shadow,analysis_full,silero,webrtc,True,0.7531505823135376,True,True,True,1,False,True,False,0,0.0,,,,,,,,,,,,,0.05469647044573076,0.9665919913718553,0.024868081188376828,0.008539927421485271,,,,,,,,,,,,,,False,False,temporal_v1,False,0.0007357715989444686,0.07306889352818371,2.330373785039977,0.9791143984303595,84.05201850566102,1029.1321540256765,0.052869170289150724,0.0013601962677620863,0.00046710388781795486,0.0,0.0,0.1862706547856443,0.10868216688972702,0.07838392138018868,0.04131344140920721,0.6170672504294106,298.26309994849635,0.014213394252566286,0.9328901872488495,-0.000566484804762624,533.3333333333334,0.004633066481908759,True,0.7670081257820129,0.1862706547856443,True,False,True,0.85,False,False,False,0,True,True,True,True,True,True,True,False,True,0,0,False,0,15,24,15,,,,False,False,False,
298,2026-08-18T22:00:18.590792,shadow,analysis_full,silero,webrtc,True,0.8626841902732849,True,True,True,1,False,True,False,0,0.0,,,,,,,,,,,,,0.13713191643348394,0.8396779462670986,0.1570641971751544,0.0032578565504547386,,,,,,,,,,,,,,False,False,temporal_v1,False,0.0011059057916695926,0.07515657620041753,2.468943608731088,0.9646151018960316,87.53146026478757,1118.287719142461,0.11514664595853917,0.021538514361715517,0.00044675611222923744,0.0,0.0,0.04404257347815947,0.04224175570930525,0.005580133323363709,0.009747488542737999,0.33175447739290254,103.02042551198302,0.02494324488603805,0.8210691430582748,-0.000483302209937227,1033.3333333333335,0.004910417985256612,True,0.8134447634220123,0.04404257347815947,True,False,False,0.85,True,False,False,0,True,True,True,True,True,True,True,False,True,0,0,False,0,15,24,15,,,,False,False,False,
299,2026-08-18T22:00:18.597327,shadow,analysis_full,silero,webrtc,True,0.775527834892273,True,True,True,1,False,True,False,0,0.0,,,,,,,,,,,,,0.019293597460138437,0.8727536630265671,0.12196924387641468,0.005277093045187502,,,,,,,,,,,,,,False,False,temporal_v1,False,0.0004121805925270413,0.081419624217119,2.9209756694608933,0.9600007488782055,78.91560562430409,1132.4100609294253,0.016838557856295892,0.002353225493869,0.00010181410897354381,0.0,0.0,0.046732120666846275,0.04590065045126904,0.0052787003734360545,0.008957594134832958,0.38147163986637594,102.333914954011,0.013082982402432703,1.0701073344471925,-0.0006480037313330052,933.3333333333334,0.007040261929027745,True,0.8134447634220123,0.046732120666846275,True,False,False,0.85,False,False,False,0,True,True,True,True,True,True,True,False,True,0,0,False,0,15,24,15,,,,False,False,False,
300,2026-08-18T22:00:18.603573,shadow,analysis_full,silero,webrtc,True,0.7581102252006531,True,True,True,1,False,True,False,0,0.0,,,,,,,,,,,,,0.01454110263476811,0.9208876624173074,0.0646379252946133,0.014474412219308706,,,,,,,,,,,,,,False,False,temporal_v1,False,0.00036267273761842947,0.07515657620041753,2.9954581811252874,0.9536694010402437,77.76812143628841,1293.8181924053035,0.013390722014301753,0.0009399067058074457,0.00021047391365890955,0.0,0.0,0.04641506038280567,0.04560314610259133,0.005549234896068433,0.00824832829442105,0.42864474642208356,107.38307045191954,0.011452287362336562,1.171332600635955,-0.0007036430430684459,800.0,0.01064990352818674,True,0.8134447634220123,0.04641506038280567,True,False,False,0.85,False,False,False,0,True,True,True,True,True,False,True,False,True,0,0,False,0,15,24,15,,,,False,False,False,
301,2026-08-18T22:00:18.609188,shadow,analysis_full,silero,webrtc,True,0.7639917731285095,True,True,True,1,False,True,False,0,0.0,,,,,,,,,,,,,0.09612219659866203,0.9448246651268932,0.048150101803459425,0.0070252330592438005,,,,,,,,,,,,,,False,False,temporal_v1,False,0.0009315791938248711,0.07515657620041753,2.3925802779377903,0.9579878796132487,86.00831304135428,1669.9136983942576,0.09081862221259225,0.004628293551797718,0.0006752808332720525,0.0,0.0,0.04574806365790051,0.0450959242075543,0.00544845086546285,0.00824832829442105,0.39017820622103533,193.6131086723391,0.01664518584353024,0.541653723895986,-0.0003376659496992181,766.6666666666667,0.04243998081606146,True,0.7781967520713806,0.04574806365790051,True,False,False,0.85,False,False,False,0,True,True,True,True,True,False,True,False,True,0,0,False,0,15,24,15,,,,False,False,False,
302,2026-08-18T22:00:18.614510,shadow,analysis_full,silero,webrtc,True,0.9453010559082031,True,True,True,1,False,True,False,0,0.0,,,,,,,,,,,,,0.8586330540221074,0.9925963517513613,0.00611099897985048,0.0012926492676236002,,,,,,,,,,,,,,False,False,temporal_v1,False,0.002747758758038528,0.06680584551148225,2.5722117226635843,0.9738786552513636,95.4800860750816,1077.6652483395708,0.8522760369154734,0.005247105717195001,0.0011099113884390924,0.0,0.0,0.04812912531665158,0.04668129739709762,0.005933159409025342,0.00824832829442105,0.28994387585711934,196.13353664114445,0.017951702921992323,0.6294978380883596,-0.0004024631894933835,733.3333333333334,0.007209851269318461,True,0.7781967520713806,0.04812912531665158,True,False,False,0.85,False,False,False,0,True,True,True,True,True,True,True,False,True,0,0,False,0,15,24,15,,,,False,False,False,
303,2026-08-18T22:00:18.620615,shadow,analysis_full,silero,webrtc,True,0.9599689245223999,True,True,True,1,False,True,False,0,0.0,,,,,,,,,,,,,1.3083248477067035,0.9907821658790142,0.008771719291740815,0.0004461148284805548,,,,,,,,,,,,,,False,False,temporal_v1,False,0.003378979906718063,0.06889352818371608,1.8980031080327422,0.9739480135559943,97.27770338598611,819.0331240682945,1.2962649262841792,0.011476258306492754,0.000583663115031524,0.0,0.0,0.050311660172545236,0.04824209756324097,0.006364074995301921,0.007587800352979644,0.3066616225839331,223.0937028134857,0.019118920426562255,1.1030334757639255,-0.000673287524277757,733.3333333333334,0.0007197668080666047,True,0.7781967520713806,0.050311660172545236,True,False,True,0.85,False,False,False,0,True,True,True,True,True,True,True,False,True,0,0,False,0,15,24,15,,,,False,False,False,
304,2026-08-18T22:00:18.625940,shadow,analysis_full,silero,webrtc,True,0.9599689245223999,True,True,True,1,False,True,False,0,0.0,,,,,,,,,,,,,0.6992569533976071,0.8319236026752628,0.16775221308474333,0.00032418423856380037,,,,,,,,,,,,,,False,False,temporal_v1,False,0.0024720228567199375,0.07306889352818371,2.705442893529453,0.966244472927593,94.52822889609466,812.4956870308426,0.5817283638662656,0.11730190144734383,0.0002266880829976461,0.0,0.0,0.057789507415736935,0.057117984855884395,0.0066963245954465254,0.007378119852639788,0.3105052799980036,243.52867017850005,0.03520981764143343,1.6344460235003075,-0.0009995441170781872,1033.3333333333335,0.0003826767959720273,True,0.7781967520713806,0.057789507415736935,True,False,True,0.85,True,False,False,0,True,True,True,True,True,True,True,False,True,0,0,False,0,15,24,15,,,,False,False,False,
305,2026-08-18T22:00:18.631481,shadow,analysis_full,silero,webrtc,True,0.9557645916938782,True,True,True,1,False,True,False,0,0.0,,,,,,,,,,,,,0.49954440533413613,0.8957255217056601,0.10343272033005661,0.0008417579622815327,,,,,,,,,,,,,,False,False,temporal_v1,False,0.002089711603667547,0.06889352818371608,2.212055734073781,0.9684682302753973,93.07867288402036,1050.8316342971766,0.4474546730830628,0.051669236769370144,0.00042049548070320245,0.0,0.0,0.05672338654323635,0.05619378115189413,0.006945722227509835,0.0074105383504379325,0.32512870978082614,236.03316260800986,0.014656335600494742,0.9183552443650604,-0.0005501783440297333,700.0,0.003457861926540193,True,0.8191060125827789,0.05672338654323635,True,False,True,0.85,False,False,False,0,True,True,True,True,True,True,True,False,True,0,0,False,0,15,24,15,,,,False,False,False,
306,2026-08-18T22:00:18.641633,shadow,analysis_full,silero,webrtc,True,0.9655895829200745,True,True,True,1,False,True,False,0,0.0,,,,,,,,,,,,,0.32173874749035486,0.8917348239786109,0.1075406854476692,0.0007244905706118085,,,,,,,,,,,,,,False,False,temporal_v1,False,0.001686371209377094,0.07724425887265135,2.459257772646863,0.9684234370280727,91.21524673008301,970.9659363657623,0.28690564536041036,0.03460000544018732,0.00023309668875721575,0.0,0.0,0.055337184557185594,0.056143322114156805,0.0044198112768433365,0.004154436063075657,0.3095431295898843,234.4945076575626,0.007552984342957528,1.1039742064449036,-0.0006667359289574375,733.3333333333334,0.002407709623832198,True,0.903992623090744,0.055337184557185594,True,False,True,0.85,False,False,False,0,True,True,True,True,True,True,True,False,True,0,0,False,0,15,24,15,,,,False,False,False,
307,2026-08-18T22:00:18.650304,shadow,analysis_full,silero,webrtc,True,0.959462583065033,True,True,True,1,False,True,False,0,0.0,,,,,,,,,,,,,0.05087599509155996,0.9044966999095077,0.09251730920487101,0.0029859908659657344,,,,,,,,,,,,,,False,False,temporal_v1,False,0.0006672851364319833,0.08768267223382047,2.4132209802424005,0.9661163302051905,83.14384502322112,1163.5727721837977,0.0460171696649283,0.004706910168991353,0.00015191525664031558,0.0,0.0,0.052587047431661905,0.05295366854042157,0.004184827749360272,0.005937980231034611,0.3061014993040016,234.04545901440528,0.010249236853943472,0.9098884744550539,-0.0005494450491883516,733.3333333333334,0.006692601417609397,True,0.9505328238010406,0.052587047431661905,True,False,True,0.85,False,False,False,0,True,True,True,True,True,True,True,False,True,0,0,False,0,15,24,15,,,,False,False,False,
308,2026-08-18T22:00:18.658321,shadow,analysis_full,silero,webrtc,True,0.912141740322113,True,True,True,1,False,True,False,0,0.0,,,,,,,,,,,,,0.016537885057907816,0.8741838259944053,0.11828996797164604,0.007526205973481455,,,,,,,,,,,,,,False,False,temporal_v1,False,0.00038625134979866795,0.0918580375782881,2.7097765122488617,0.9546214701067072,78.32357462956577,1278.5774332621763,0.014457151633777561,0.0019562658938186792,0.0001244675293115755,0.0,0.0,0.04896248853732503,0.04901251376073332,0.0043364649612424476,0.007814182577124386,0.311830941874277,239.42949334637945,0.011136904672625663,0.9856132336372145,-0.00059191274833957,900.0000000000001,0.01259536709736505,True,0.9505328238010406,0.04896248853732503,True,False,False,0.85,False,False,False,0,True,True,True,True,True,True,True,False,True,0,0,False,0,15,24,15,,,,False,False,False,
309,2026-08-18T22:00:18.664363,shadow,analysis_full,silero,webrtc,True,0.9007202982902527,True,True,True,1,False,True,False,0,0.0,,,,,,,,,,,,,0.03928711776403291,0.94407562152681,0.04706303760380698,0.00886134084392934,,,,,,,,,,,,,,False,False,temporal_v1,False,0.0005870479105867776,0.08559498956158663,2.921493537861336,0.9549350256613243,81.97737780262939,1200.5351564614914,0.03709001012107635,0.001848971100673874,0.0003481365412826868,0.0,0.0,0.047910791583443274,0.048344033326840646,0.004561886736705685,0.0081633464701533,0.31189625345351263,240.45553203565746,0.013653341550311218,1.0187775786848303,-0.0006173888089877087,866.6666666666667,0.008201151941787438,True,0.9505328238010406,0.047910791583443274,True,False,False,0.85,False,False,False,0,True,True,True,True,True,False,True,False,True,0,0,False,0,15,24,15,,,,False,False,False,
310,2026-08-18T22:00:18.685942,shadow,analysis_full,silero,webrtc,True,0.8620313405990601,True,True,True,1,False,True,False,0,0.0,,,,,,,,,,,,,0.17620671144240502,0.9938573287197354,0.0054008057251271014,0.0007418655494622679,,,,,,,,,,,,,,False,False,temporal_v1,False,0.0012597474779714043,0.06680584551148225,2.31381188804092,0.9779412840100842,88.72307647449489,903.7461170515984,0.1751243315366379,0.0009516582159639601,0.00013072168880315908,0.0,0.0,0.0529188760319577,0.05284529363641894,0.003201839770599225,0.008720917985054458,0.27452138205913357,242.94975981990444,0.013487071770089122,0.8136011822968146,-0.000502685989190903,600.0,0.002921243133312347,True,0.9505328238010406,0.0529188760319577,True,False,True,0.85,False,False,False,0,True,True,True,True,True,True,True,False,True,0,0,False,0,15,24,15,,,,False,False,False,
311,2026-08-18T22:00:18.695457,shadow,analysis_full,silero,webrtc,True,0.9786237478256226,True,True,True,1,False,True,False,0,0.0,,,,,,,,,,,,,0.7035930769986094,0.9931034929046811,0.005646125251730346,0.0012503818421673273,,,,,,,,,,,,,,False,False,temporal_v1,False,0.00248048521351335,0.06263048016701461,1.5455704679379059,0.9771235951430117,94.6065464976597,992.9917974109038,0.6987407423508712,0.003972574638984502,0.0008797600077536993,0.0,0.0,0.05646143865294491,0.05608239491334612,0.0029484010143931184,0.009632794985435766,0.3889922642172403,149.64721517102885,0.025037772161611335,0.8939925853932121,-0.0005427926987755635,600.0,0.0023561926158181127,True,0.9576135873794556,0.05646143865294491,True,False,True,0.85,False,False,False,0,True,True,True,True,True,True,True,False,True,0,0,False,0,15,24,15,,,,False,False,False,
312,2026-08-18T22:00:18.704659,shadow,analysis_full,silero,webrtc,True,0.9837052822113037,True,True,True,1,False,True,False,0,0.0,,,,,,,,,,,,,0.575851306905928,0.9966709070154379,0.0031024834857791557,0.0002266094970463424,,,,,,,,,,,,,,False,False,temporal_v1,False,0.002269645741871467,0.060542797494780795,2.186521769370842,0.9792903648751143,93.84445692708597,768.1391566539879,0.5739342443599565,0.001786569169939986,0.0001304933750314313,0.0,0.0,0.05691556668229925,0.056411319668249645,0.00300876353400678,0.010320840997334678,0.3866485321511392,166.9820061100117,0.056958426318574465,0.9337894684291774,-0.0005749582596179939,666.6666666666667,0.0011050943463574265,True,0.9597157537937164,0.05691556668229925,True,False,True,0.85,False,False,False,0,True,True,True,True,True,True,True,False,True,0,0,False,0,15,24,15,,,,False,False,False,
313,2026-08-18T22:00:18.713264,shadow,analysis_full,silero,webrtc,True,0.981812596321106,True,True,True,1,False,True,False,0,0.0,,,,,,,,,,,,,0.22078208130542534,0.9904966901495404,0.006605585440310837,0.0028977244056193163,,,,,,,,,,,,,,False,False,temporal_v1,False,0.0014331566517328622,0.0709812108559499,2.356145543441025,0.9785930357247313,89.84679199949645,989.7799163700292,0.21868392077735052,0.001458394901752641,0.0006397656253221592,0.0,0.0,0.05688596675862216,0.056634187380310654,0.0029392251464394367,0.010229645093945722,0.3580605642233321,156.3986952457436,0.028172217307917465,0.9479883828689595,-0.0005755744389134169,633.3333333333334,0.004136726743259466,True,0.9597157537937164,0.05688596675862216,True,False,True,0.85,False,False,False,0,True,True,True,True,True,True,True,False,True,0,0,False,0,15,24,15,,,,False,False,False,
314,2026-08-18T22:00:18.723574,shadow,analysis_full,silero,webrtc,True,0.9716925024986267,True,True,True,1,False,True,False,0,0.0,,,,,,,,,,,,,0.048205965804241635,0.847291394275712,0.1297471618018572,0.022961443901686564,,,,,,,,,,,,,,False,False,temporal_v1,False,0.0006657118300929463,0.06889352818371608,3.249084895678124,0.9443235717034154,83.02423079920783,1386.9606427076749,0.04084449997868319,0.006254587245017734,0.001106878579540715,0.0,0.0,0.05432149368259068,0.05061612944392317,0.006654562515586768,0.010365086920506396,0.4358189344744701,176.36926693732644,0.017621428889478742,1.209722578281883,-0.0007230395022533453,966.6666666666667,0.01619622686096122,True,0.9625260829925537,0.05432149368259068,True,False,True,0.85,True,False,False,0,True,True,True,True,True,True,True,False,True,0,0,False,0,15,24,15,,,,False,False,False,
315,2026-08-18T22:00:18.732676,shadow,analysis_full,silero,webrtc,True,0.9449096322059631,True,True,True,1,False,True,False,0,0.0,,,,,,,,,,,,,0.018493166762600467,0.9138270710186214,0.0659409623982439,0.02023196652906081,,,,,,,,,,,,,,False,False,temporal_v1,False,0.00041655422862164285,0.06680584551148225,2.6449547331392282,0.9552037333743431,78.98589572080101,1358.1175360353222,0.016899556416526105,0.0012194572141170914,0.0003741531309572725,0.0,0.0,0.053336451596007174,0.048757890103512266,0.007897878194325704,0.010488398068543191,0.43284541609714394,195.930621802897,0.013614101112661032,1.1637107959984547,-0.0006990645942162194,666.6666666666667,0.01074328667439708,True,0.9625260829925537,0.053336451596007174,True,False,True,0.85,False,False,False,0,True,True,True,True,True,True,True,False,True,0,0,False,0,15,24,15,,,,False,False,False,
316,2026-08-18T22:00:18.742311,shadow,analysis_full,silero,webrtc,True,0.9510038495063782,True,True,True,1,False,True,False,0,0.0,,,,,,,,,,,,,0.07496934766677331,0.42187032760760057,0.5541556561796974,0.02397401619936305,,,,,,,,,,,,,,False,True,temporal_v1,False,0.0008123369994179479,0.1419624217118998,3.6707316906488736,0.8502748541917692,84.30147230586506,1677.5393942216506,0.03162734326070976,0.04154468804964463,0.001797316355418904,0.0,0.0,0.16363864364738467,0.15728234642609373,0.0090876208048386,0.02302610831305089,0.5607348378209979,254.7496297668691,0.014314604020768265,0.9491071660515374,-0.0005489560078461479,1900.0000000000002,0.02691848093956176,True,0.9552332162857056,0.16363864364738467,True,False,True,0.85,True,False,False,0,True,True,True,True,True,True,True,False,True,0,0,False,0,15,24,15,,,,False,False,False,
317,2026-08-18T22:00:18.751889,shadow,analysis_full,silero,webrtc,True,0.971883237361908,True,True,True,1,False,True,False,0,0.0,,,,,,,,,,,,,0.12946456486815067,0.8451109658712082,0.1487465373690551,0.00614249675201252,,,,,,,,,,,,,,False,False,temporal_v1,False,0.0010720439073858153,0.11482254697286012,2.762264236538807,0.9347363920761682,87.12460997481939,1301.6678952044886,0.1094119234618185,0.019257405736128833,0.0007952356692033296,0.0,0.0,0.16400890659202866,0.15781675055536246,0.008920777849711476,0.025222109913217466,0.5588117811446507,257.6452142281742,0.013796260413853876,1.2113966025144605,-0.0007178187826930628,1066.6666666666667,0.004332377534992891,True,0.9613481760025024,0.16400890659202866,True,False,True,0.85,True,False,False,0,True,True,True,True,True,True,True,False,True,0,0,False,0,15,24,15,,,,False,False,False,
318,2026-08-18T22:00:18.762924,shadow,analysis_full,silero,webrtc,True,0.9890250563621521,True,True,True,1,False,True,False,0,0.0,,,,,,,,,,,,,0.15764940264413252,0.9133787473964954,0.0810197595276423,0.005601493069519095,,,,,,,,,,,,,,False,False,temporal_v1,False,0.0012140156607271468,0.08559498956158663,2.435158694460294,0.9572965868509898,88.30894322755054,1134.597973416188,0.1439936139149035,0.012772716691904074,0.0008830720363249337,0.0,0.0,0.16424229082531613,0.15798083179521533,0.00898144329377405,0.025073929330823204,0.5612555872408788,256.0767728915357,0.012634188322604694,1.5310691874416378,-0.0009239145910616129,666.6666666666667,0.0015294484425184794,True,0.9717878699302673,0.16424229082531613,True,False,True,0.85,False,False,False,0,True,True,True,True,True,True,True,False,True,0,0,False,0,15,24,15,,,,False,False,False,
319,2026-08-18T22:00:18.774571,shadow,analysis_full,silero,webrtc,True,0.9834762811660767,True,True,True,1,False,True,False,0,0.0,,,,,,,,,,,,,0.06624594443581004,0.9131545390597027,0.07696755713908252,0.009877903786119418,,,,,,,,,,,,,,False,False,temporal_v1,False,0.0008600343338350998,0.07306889352818371,2.7369029437941017,0.9637328197577498,85.34111839796418,1137.44730263284,0.060492784855856796,0.0050987885135956946,0.0006543710653575446,0.0,0.0,0.1634081753144392,0.15714150074299651,0.008981781260751043,0.025198770909721717,0.553644340719811,256.0585890841483,0.017806314796205456,1.26607647930364,-0.0007537790599916842,666.6666666666667,0.004188053574851545,True,0.9752534925937653,0.1634081753144392,True,False,True,0.85,False,False,False,0,True,True,True,True,True,True,True,False,True,0,0,False,0,15,24,15,,,,False,False,False,
320,2026-08-18T22:00:18.783126,shadow,analysis_full,silero,webrtc,True,0.9834762811660767,True,True,True,1,False,True,False,0,0.0,,,,,,,,,,,,,0.03308901651519629,0.9123056794168695,0.07783262579597171,0.009861694756937461,,,,,,,,,,,,,,False,False,temporal_v1,False,0.0006514328012958328,0.05636743215031315,2.6078179858493904,0.9706006034665586,82.95450695978282,1212.383121355627,0.030187297693132165,0.0025754050403840006,0.0003263137806801283,0.0,0.0,0.1596579233957255,0.15389346702588375,0.008507810058755984,0.02597802126146519,0.5459438407054407,240.84537137299895,0.009917423597406407,0.9355059635157286,-0.0005641665364674065,633.3333333333334,0.011204724422602078,True,0.9802181720733643,0.1596579233957255,True,False,True,0.85,False,False,False,0,True,True,True,True,True,True,True,False,True,0,0,False,0,15,24,15,,,,False,False,False,
321,2026-08-18T22:00:18.795688,shadow,analysis_full,silero,webrtc,True,0.9824979901313782,True,True,True,1,False,True,False,0,0.0,,,,,,,,,,,,,0.04062794270914775,0.871672115434318,0.10625635722193322,0.022071527319135302,,,,,,,,,,,,,,False,False,temporal_v1,False,0.0006561473822631007,0.04801670146137787,2.9256507563693304,0.957606921193123,82.958846797609,1261.7535824992615,0.03541424476702709,0.00431697719369544,0.0008967207474252184,0.0,0.0,0.15473423785892537,0.14964714199777857,0.008585117518064374,0.027300791617095164,0.4159863024100211,231.51090989900604,0.007172436319523967,1.5673332565384177,-0.0009499541582704325,800.0,0.005266631358114045,True,0.9821552932262421,0.15473423785892537,True,False,True,0.85,False,False,False,0,True,True,True,True,True,True,True,False,True,0,0,False,0,15,24,15,,,,False,False,False,
322,2026-08-18T22:00:18.805325,shadow,analysis_full,silero,webrtc,True,0.9738091230392456,True,True,True,1,False,True,False,0,0.0,,,,,,,,,,,,,0.035108336654675165,0.9529774111235082,0.036498189518750786,0.010524399329257967,,,,,,,,,,,,,,False,False,temporal_v1,False,0.0006596064349951156,0.07724425887265135,2.0943703342202586,0.9789019351317251,83.09950936581956,1209.0414384390824,0.033457451774024906,0.001281390724910439,0.0003694941547398262,0.0,0.0,0.15146849958413264,0.14724204803856453,0.0076294153727121386,0.026641481272070805,0.4293397211840172,176.06029187517385,0.01562828234401248,0.7904139553655674,-0.00048371177832297313,500.00000000000006,0.009555667271644754,True,0.9778108596801758,0.15146849958413264,True,False,True,0.85,False,False,False,0,True,True,True,True,True,True,True,False,True,0,0,False,0,15,24,15,,,,False,False,False,
323,2026-08-18T22:00:18.811607,shadow,analysis_full,silero,webrtc,True,0.9549205303192139,True,True,True,1,False,True,False,0,0.0,,,,,,,,,,,,,0.015316835795572505,0.9022690741884832,0.061739881556614154,0.03599104418961487,,,,,,,,,,,,,,False,False,temporal_v1,False,0.00039476191136963637,0.06889352818371608,2.4603621199310366,0.9559674010437692,78.51992399019841,1274.8909148042617,0.013819907252768224,0.0009456596278407544,0.0005512689139635249,0.0,0.0,0.1459759638950186,0.14356547351950544,0.009336289395769672,0.026722338204592903,0.42087542718526655,150.03175710549007,0.01355724027346244,1.5832533967510871,-0.0009633782020834322,500.00000000000006,0.002862094227986521,True,0.9728461802005768,0.1459759638950186,True,False,True,0.85,False,False,False,0,True,True,True,True,True,True,True,False,True,0,0,False,0,15,24,15,,,,False,False,False,
324,2026-08-18T22:00:18.818179,shadow,analysis_full,silero,webrtc,True,0.9173990488052368,True,True,True,1,False,True,False,0,0.0,,,,,,,,,,,,,0.02501416125925878,0.9190135690232223,0.055768038217158894,0.02521839271964149,,,,,,,,,,,,,,False,False,temporal_v1,False,0.0005095702239425409,0.09603340292275574,2.3664751440374263,0.962850913899994,80.77984428941062,1310.0737717627267,0.022988353614993833,0.0013949907010765191,0.0006308169421884299,0.0,0.0,0.1474513691616402,0.14548165106671734,0.00951001327781531,0.02681758209235839,0.40085869317456085,147.0857703819043,0.007143353204723894,0.8861315035100888,-0.0005350204959786352,433.33333333333337,0.008326956012441362,True,0.9728461802005768,0.1474513691616402,True,False,True,0.85,False,False,False,0,True,True,True,True,True,True,True,False,True,0,0,False,0,15,24,15,,,,False,False,False,
325,2026-08-18T22:00:18.826239,shadow,analysis_full,silero,webrtc,True,0.8701507449150085,True,True,True,1,False,True,False,0,0.0,,,,,,,,,,,,,0.05453352271835375,0.9306246994221218,0.047022647754409855,0.022352652805131108,,,,,,,,,,,,,,False,False,temporal_v1,False,0.0007329799881038314,0.07724425887265135,2.0498374300345845,0.9655503699991222,83.95818142862964,1296.0882903620984,0.05075024318819741,0.0025643106295922557,0.001218968899564091,0.0,0.0,0.1481880487055782,0.14637700931347325,0.009604026738052973,0.02637099402862318,0.4422660810329837,145.28440147766088,0.015035452374397913,1.0028257383247785,-0.0006022830867259254,500.00000000000006,0.007390352134142227,True,0.9728461802005768,0.1481880487055782,True,False,True,0.85,False,False,False,0,True,True,True,True,True,True,True,False,True,0,0,False,0,15,24,15,,,,False,False,False,
326,2026-08-18T22:00:18.831760,shadow,analysis_full,silero,webrtc,True,0.8932512402534485,True,True,True,1,False,True,False,0,0.0,,,,,,,,,,,,,0.1291507883186859,0.9340668383814367,0.054198162903584236,0.011734998707236242,,,,,,,,,,,,,,False,False,temporal_v1,False,0.0011312916447060112,0.06680584551148225,2.4401451388110553,0.9608014866716206,87.71137252882377,1505.7708556482269,0.12063546851930512,0.006999735464422462,0.0015155843339583206,0.0,0.0,0.02948900235323929,0.031153845547936956,0.009436270450530315,0.018204784431391768,0.2665732852206773,100.79283770354981,0.021221497952663235,0.6382609604303999,-0.0003881068961577417,566.6666666666667,0.021750710662978283,True,0.9728461802005768,0.02948900235323929,True,False,False,0.85,False,False,False,0,True,True,True,True,True,True,True,False,True,0,0,False,0,15,24,15,,,,False,False,False,
327,2026-08-18T22:00:18.838293,shadow,analysis_full,silero,webrtc,True,0.9289177060127258,True,True,True,1,False,True,False,0,0.0,,,,,,,,,,,,,0.13728049912579293,0.8802165798337739,0.10204277235496494,0.017740647803976828,,,,,,,,,,,,,,False,False,temporal_v1,False,0.0011752186816347617,0.07515657620041753,2.8846273982139,0.9433130034895002,87.96238636154223,1704.995401933341,0.12083657141837884,0.01400848272106925,0.002435444985344841,0.0,0.0,0.02299420947983284,0.02177925222818759,0.008855991324367068,0.0129722224491908,0.28128866955076987,166.75822127481837,0.01135317628713884,0.568301786177161,-0.00034764836182102403,766.6666666666667,0.04651987866275524,True,0.9643648266792297,0.02299420947983284,True,False,False,0.85,False,False,False,0,True,True,True,True,True,True,True,False,True,0,0,False,0,15,24,15,,,,False,False,False,
328,2026-08-18T22:00:18.843905,shadow,analysis_full,silero,webrtc,True,0.9543731808662415,True,True,True,1,False,True,False,0,0.0,,,,,,,,,,,,,0.18735121537231464,0.8823992493262097,0.114518521438008,0.0030822292304446513,,,,,,,,,,,,,,False,False,temporal_v1,False,0.0013061861076436151,0.07515657620041753,2.489639255014562,0.9552065303193706,88.93511846125634,1213.9375631001205,0.1653185718048835,0.02145518417405127,0.0005774593923798795,0.0,0.0,0.024750028169045996,0.02548722604352787,0.00920826080234062,0.012273017500375002,0.2805039403989633,160.2360790428905,0.008524236992130367,0.9741748087369754,-0.0005903330391344538,700.0,0.0067459421482953565,True,0.9546468555927277,0.024750028169045996,True,False,False,0.85,False,False,False,0,True,True,True,True,True,True,True,False,True,0,0,False,0,15,24,15,,,,False,False,False,
329,2026-08-18T22:00:18.850556,shadow,analysis_full,silero,webrtc,True,0.9374910593032837,True,True,True,1,False,True,False,0,0.0,,,,,,,,,,,,,0.2102380241914726,0.8987926455884463,0.09649921674819294,0.00470813765860428,,,,,,,,,,,,,,False,False,temporal_v1,False,0.001377286763448282,0.08559498956158663,2.0370930368761067,0.959665080217973,89.416460351378,1362.117835894465,0.18896038996634143,0.020287804665164746,0.0009898295589664298,0.0,0.0,0.024933775137494906,0.026425740228772664,0.009716052165211524,0.012997396589789878,0.3006368133309184,149.48735677926635,0.006501834510532019,0.7699964378831674,-0.0004607443029690621,500.00000000000006,0.010051398220593059,True,0.9459321200847626,0.024933775137494906,True,False,False,0.85,False,False,False,0,True,True,True,True,True,True,True,False,True,0,0,False,0,15,24,15,,,,False,False,False,
330,2026-08-18T22:00:18.857866,shadow,analysis_full,silero,webrtc,True,0.9356598854064941,True,True,True,1,False,True,False,0,0.0,,,,,,,,,,,,,0.10364594568847088,0.9304806961385228,0.06627661854339979,0.0032426853084291337,,,,,,,,,,,,,,False,False,temporal_v1,False,0.001049299548235007,0.05219206680584551,2.6790204448528105,0.972766478040074,87.11064844627607,962.9490679946443,0.0964405516961439,0.006869302805964718,0.00033609118536224845,0.0,0.0,0.02579723431783687,0.026539422227153563,0.01033951402810848,0.013568331364736466,0.3054361094794132,184.5758598450643,0.01621929576069852,1.5262339389685846,-0.000929272784724934,600.0,0.0017822986023987295,True,0.9365754723548889,0.02579723431783687,True,False,False,0.85,False,False,False,0,True,True,True,True,True,True,True,False,True,0,0,False,0,15,24,15,,,,False,False,False,
331,2026-08-18T22:00:18.862926,shadow,analysis_full,silero,webrtc,True,0.9113853573799133,True,True,True,1,False,True,False,0,0.0,,,,,,,,,,,,,0.09789924942095786,0.9787481919993556,0.018144872829707132,0.0031069351607226326,,,,,,,,,,,,,,False,False,temporal_v1,False,0.0010909602508955003,0.037578288100208766,2.0121037755116222,0.9863033678344615,87.50888742327189,938.3158005245765,0.09581871336885646,0.00177636943086706,0.0003041666202343288,0.0,0.0,0.029515957890369073,0.02891509302411785,0.010722941419780153,0.015635335568561823,0.2831373211043335,215.90447402303158,0.019031866815174135,1.0251212788694415,-0.0006294751049548374,366.6666666666667,0.003850883828299608,True,0.93228879570961,0.029515957890369073,True,False,False,0.85,False,False,False,0,True,True,True,True,True,True,True,False,True,0,0,False,0,15,24,15,,,,False,False,False,
332,2026-08-18T22:00:18.868578,shadow,analysis_full,silero,webrtc,True,0.9197989702224731,True,True,True,1,False,True,False,0,0.0,,,,,,,,,,,,,0.03289784869862231,0.957779309501985,0.03898288559863969,0.003237804868978319,,,,,,,,,,,,,,False,False,temporal_v1,False,0.000837944473718247,0.03966597077244259,1.804919680958962,0.9883399795881785,85.2227981384094,936.6742760875202,0.03150887881066725,0.0012824530722597512,0.00010651681469531138,0.0,0.0,0.030066874502643812,0.028676470400015645,0.011157515786960883,0.0180569466105793,0.32028844504079157,238.8258587535872,0.011454578217252535,0.8411617156355774,-0.0005231362335032631,366.6666666666667,0.004414156629993182,True,0.9243583381175995,0.030066874502643812,True,False,False,0.85,False,False,False,0,True,True,True,True,True,True,True,False,True,0,0,False,0,15,24,15,,,,False,False,False,
333,2026-08-18T22:00:18.874630,shadow,analysis_full,silero,webrtc,True,0.7677377462387085,True,True,True,1,False,True,False,0,0.0,,,,,,,,,,,,,0.038050885452088054,0.9581810482537795,0.03557861653502385,0.0062403351849160595,,,,,,,,,,,,,,False,False,temporal_v1,False,0.0006309331441282544,0.05636743215031315,2.3458444765329043,0.9803074327133314,82.7194006022284,999.9474005198044,0.03645963730946622,0.0013537978623179585,0.0002374502793038757,0.0,0.0,0.031160932351837582,0.0300618065376972,0.008221730507833555,0.018344305011451918,0.31718396323728404,250.0089901330072,0.015577759893389465,2.4484226975404506,-0.0015093108537107363,433.33333333333337,0.0001686686993460792,True,0.918599009513855,0.031160932351837582,True,False,False,0.85,False,False,False,0,True,True,True,True,True,True,True,False,True,0,0,False,0,15,24,15,,,,False,False,False,
