frame,timestamp,processing_mode,detector_profile,speech_detector_implementation,comparison_speech_detector_implementation,is_speech,speech_probability,speech_gate_open,comparison_speech_evaluated,comparison_speech_is_speech,comparison_speech_aggressiveness,is_whisper,whisper_processed,trigger,raw_score,whisper_probability,stage1_silero_threshold,stage1_silero_low_pass,stage1_enter_count,stage1_exit_count,stage1_candidate,zcr_threshold,zcr_pass,centroid_threshold,centroid_pass,group_a_pass,entropy_threshold,group_b_pass,total_band_energy,low_proportion,mid_proportion,high_proportion,low_proportion_threshold,group_c_pass,silero_rolling_median,high_silero_threshold,high_silero_raw,high_silero_count,high_silero_normal_evidence,silero_penalty,group_count,effective_group_score,grouped_v1_raw_is_whisper,stage2_is_whisper,stage2_consecutive_count,legacy_is_whisper,grouped_v1_is_whisper,whisper_classifier_implementation,final_trigger,rms,zcr,entropy,voicing,hnr,spectral_centroid,band_energy_low,band_energy_mid,band_energy_high,temporal_score,formant_score,low_proportion_std,mid_proportion_std,high_proportion_std,zcr_std,entropy_std,spectral_centroid_std,spectral_flux,cepstral_peak_prominence,spectral_slope,spectral_rolloff,spectral_flatness,temporal_v1_window_full,temporal_v1_silero_median,temporal_v1_low_proportion_std,temporal_v1_silero_min_pass,temporal_v1_silero_max_pass,temporal_v1_low_proportion_std_pass,temporal_v1_raw_is_whisper,temporal_v1_is_whisper,temporal_v1_qualifying_run,webrtc_mode_0_evaluated,webrtc_mode_0_is_speech,webrtc_mode_1_evaluated,webrtc_mode_1_is_speech,webrtc_mode_2_evaluated,webrtc_mode_2_is_speech,webrtc_mode_3_evaluated,webrtc_mode_3_is_speech,webrtc_assist_open,webrtc_assist_enter_count,webrtc_assist_exit_count,temporal_candidate,temporal_qualifying_run,assisted_confirmation_requirement,fallback_confirmation_requirement,confirmation_requirement,threshold_crossing_route,trigger_route,trigger_suppression_reason,actuation_enabled,actuation_requested,actuation_started,actuation_suppression_reason
0,2026-08-11T01:53:27.014168,shadow,analysis_full,silero,webrtc,False,0.0,True,True,True,1,False,True,False,0,0.0,,,,,,,,,,,,,22.406410910726468,0.7345440653075558,0.2127668147416291,0.05268911995077049,,,,,,,,,,,,,,True,False,temporal_v1,False,0.014467896954414083,0.1022964509394572,3.8974564739597204,0.9108040433707408,109.61972371330965,1496.0353689652095,16.458496159316592,4.767340679267355,1.1805740721415194,0.0,0.0,,,,,,,,1.9138710932908742,-0.0011510703612435543,1433.3333333333335,0.005629760730604636,False,,,,,,False,False,0,True,True,True,True,True,True,True,True,False,1,0,False,0,15,24,24,,,,False,False,False,
1,2026-08-11T01:53:27.277725,shadow,analysis_full,silero,webrtc,False,0.02802910842001438,True,True,True,1,False,True,False,0,0.0,,,,,,,,,,,,,0.22003756422900203,0.7388632348013209,0.20924063467065954,0.051896130523474845,,,,,,,,,,,,,,False,False,temporal_v1,False,0.001436695523182236,0.1419624217118998,3.8928273947393883,0.9117496074653105,89.56132728021129,1489.6251954752008,0.16257766648404384,0.046040799590662394,0.01141909815329577,0.0,0.0,,,,,,,2.6300976584020773e-05,2.0180296811496943,-0.0012261589333646865,1400.0,0.004685326018961563,False,,,,,,False,False,0,True,True,True,True,True,True,True,True,False,2,0,False,0,15,24,24,,,,False,False,False,
2,2026-08-11T01:53:27.366757,shadow,analysis_full,silero,webrtc,False,0.004440362099558115,True,True,True,1,False,True,False,0,0.0,,,,,,,,,,,,,0.154082950733895,0.7270682394464238,0.22043704814537068,0.05249471240171562,,,,,,,,,,,,,,False,False,temporal_v1,False,0.001206014753371597,0.12317327766179541,3.8935097149017257,0.911814743850324,88.04051276003192,1496.2250235251913,0.11202881971880309,0.03396559082930839,0.008088540184783534,0.0,0.0,,,,,,,5.3961019865209765e-05,1.5619794411719548,-0.0009301541119411125,1433.3333333333335,0.012108204791394466,False,,,,,,False,False,0,True,True,True,True,True,True,True,True,False,3,0,False,0,15,24,24,,,,False,False,False,
3,2026-08-11T01:53:27.375470,shadow,analysis_full,silero,webrtc,False,0.003402683651074767,True,True,True,1,False,True,False,0,0.0,,,,,,,,,,,,,0.14049161136810107,0.7282698513579379,0.21844355623399522,0.053286592400949,,,,,,,,,,,,,,False,False,temporal_v1,False,0.0011500676152263855,0.12317327766179541,3.918576520837588,0.9094676541253062,87.61644254705547,1501.693815350966,0.10231580492808413,0.030689487208292388,0.007486319230724534,0.0,0.0,,,,,,,9.512087155273359e-05,1.6959056274119495,-0.0010245516099836771,1466.6666666666667,0.01005447543131456,False,,,,,,False,False,0,True,True,True,True,True,False,True,False,False,4,0,False,0,15,24,24,,,,False,False,False,
4,2026-08-11T01:53:27.384328,shadow,analysis_full,silero,webrtc,False,0.0023958622477948666,True,True,True,1,False,True,False,0,0.0,,,,,,,,,,,,,0.1229894502714762,0.7321109681189006,0.21472106949379405,0.05316796237917444,,,,,,,,,,,,,,False,False,temporal_v1,False,0.0010721132067738196,0.12317327766179541,3.9044932199293494,0.9101454229627234,87.00953088441261,1499.9846425410094,0.09004192550666183,0.02640842629874517,0.0065390984650691925,0.0,0.0,,,,,,,0.00012544121546441905,1.6839066104338347,-0.001010930296617961,1433.3333333333335,0.009714276896427622,False,,,,,,False,False,0,True,True,True,True,True,False,True,False,False,5,0,False,0,15,24,24,,,,False,False,False,
5,2026-08-11T01:53:27.394158,shadow,analysis_full,silero,webrtc,False,0.0026137996464967728,True,True,True,1,False,True,False,0,0.0,,,,,,,,,,,,,0.1285953144151553,0.7447265404631105,0.2041274169778391,0.05114604255127416,,,,,,,,,,,,,,False,False,temporal_v1,False,0.001095733053168595,0.11482254697286012,3.853868295452741,0.9138000959050921,87.21635904708162,1484.4560273417003,0.09576834362416456,0.026249829367018727,0.0065771414229720115,0.0,0.0,,,,,,,0.00012062872547103539,1.8460105472005288,-0.0011074757367739933,1400.0,0.006313539135198527,False,,,,,,False,False,0,True,True,True,True,True,False,True,False,False,6,0,False,0,15,24,24,,,,False,False,False,
6,2026-08-11T01:53:27.402000,shadow,analysis_full,silero,webrtc,False,0.002787092700600624,True,True,False,1,False,True,False,0,0.0,,,,,,,,,,,,,0.11244772934043543,0.7469022996084566,0.2017855537699955,0.05131214661265485,,,,,,,,,,,,,,False,False,temporal_v1,False,0.0010255129637655202,0.10438413361169102,3.8580050771027214,0.9129386440896663,86.6364803632938,1489.4414981370476,0.08398746763012054,0.022690327335138333,0.0057699343741765535,0.0,0.0,,,,,,,7.241454876730844e-05,2.162490131021267,-0.0013338673109348836,1400.0,0.0034390329233429653,False,,,,,,False,False,0,True,False,True,False,True,False,True,False,False,0,0,False,0,15,24,24,,,,False,False,False,
7,2026-08-11T01:53:27.412780,shadow,analysis_full,silero,webrtc,False,0.003133055754005909,True,True,False,1,False,True,False,0,0.0,,,,,,,,,,,,,0.0991390449030998,0.7234413916277121,0.22275780584550098,0.05380080251669993,,,,,,,,,,,,,,False,False,temporal_v1,False,0.000963006984518697,0.12317327766179541,3.9226937281142953,0.9089359553496398,86.07063165758339,1504.7394796657136,0.07172128860934077,0.022083996116233108,0.005333760176525919,0.0,0.0,,,,,,,0.00012274952702973757,1.607446116464713,-0.0009635798069989236,1466.6666666666667,0.011812102897004888,False,,,,,,False,False,0,True,False,True,False,True,False,True,False,False,0,0,False,0,15,24,24,,,,False,False,False,
8,2026-08-11T01:53:27.420082,shadow,analysis_full,silero,webrtc,False,0.0033988484647125006,True,True,False,1,False,True,False,0,0.0,,,,,,,,,,,,,0.08071451028496086,0.7218666014175475,0.22141840069566268,0.05671499787440044,,,,,,,,,,,,,,False,False,temporal_v1,False,0.0008672475576070208,0.15657620041753653,3.926210185060945,0.9076075844496226,85.15346883520326,1512.188738205635,0.05826510922448638,0.01787167778022965,0.0045777232792448275,0.0,0.0,,,,,,,0.00011441520315469556,1.4951651684515457,-0.0008884234797547256,1500.0,0.014475541537667712,False,,,,,,False,False,0,True,False,True,False,True,False,True,False,False,0,0,False,0,15,24,24,,,,False,False,False,
9,2026-08-11T01:53:27.436794,shadow,analysis_full,silero,webrtc,False,0.004743029363453388,True,True,False,1,False,True,False,0,0.0,,,,,,,,,,,,,0.09904329955622636,0.707956502737015,0.24265586803197717,0.04938762922091111,,,,,,,,,,,,,,False,False,temporal_v1,False,0.0009661927909716056,0.19206680584551147,3.935518145045968,0.9050075119172467,86.08054919885335,1502.3606741453393,0.07011834797336057,0.024033437826567246,0.004891513755298537,0.0,0.0,0.010998119821731394,0.010977378264134564,0.0018377810133926086,0.025573047568461585,0.026114255508630852,7.849320371723665,0.00024413932188957493,1.67336622973805,-0.0010057430009650019,1600.0,0.010303673307273878,True,0.0032659521093592048,0.010998119821731394,True,True,False,False,False,0,True,False,True,False,True,False,True,False,False,0,0,False,0,15,24,24,,,,False,False,False,
10,2026-08-11T01:53:27.447441,shadow,analysis_full,silero,webrtc,False,0.004271228797733784,True,True,False,1,False,True,False,0,0.0,,,,,,,,,,,,,0.08878188526494159,0.7062444485099562,0.23731394352024077,0.05644160795853954,,,,,,,,,,,,,,False,False,temporal_v1,False,0.0009116992662893009,0.18789144050104384,3.943076360693139,0.901667033844585,85.5597008345026,1517.8457664181078,0.06270171359661288,0.021069179305384843,0.005010992361943871,0.0,0.0,0.01306032195052855,0.012440211868600174,0.0021724233612986604,0.028825145042326857,0.029037405043512043,9.862648559363585,0.0003605732508092669,1.6521713137439915,-0.0009871784258145037,1600.0,0.010314167689074876,True,0.003400766057893634,0.01306032195052855,True,True,False,False,False,0,True,False,True,False,True,False,True,False,False,0,0,False,0,15,24,24,,,,False,False,False,
11,2026-08-11T01:53:27.459427,shadow,analysis_full,silero,webrtc,False,0.004301051609218121,True,True,False,1,False,True,False,0,0.0,,,,,,,,,,,,,0.07032432971615013,0.7265221624455996,0.21836810495618703,0.05510973258399351,,,,,,,,,,,,,,False,False,temporal_v1,False,0.0008117191904194082,0.20876826722338204,3.9072966946270653,0.9065891892655947,84.57303435751582,1518.1293117953173,0.05109218409791474,0.015356590612429773,0.0038755550048056218,0.0,0.0,0.012523459055515315,0.011996313686111548,0.0022275499721991325,0.035659673440995694,0.028760058726388316,10.586357054142665,0.00033773581412687196,1.525746160096967,-0.0009063573875937122,1500.0,0.013752773912295721,True,0.003400766057893634,0.012523459055515315,True,True,False,False,False,0,True,False,True,False,True,False,True,False,False,0,0,False,0,15,24,24,,,,False,False,False,
12,2026-08-11T01:53:27.467886,shadow,analysis_full,silero,webrtc,False,0.003991497214883566,True,True,False,1,False,True,False,0,0.0,,,,,,,,,,,,,0.06361742306218601,0.7275079229989531,0.22034533323091554,0.052146743754412445,,,,,,,,,,,,,,False,False,temporal_v1,False,0.0007685134506126788,0.16910229645093947,3.898406947833025,0.909887368711021,84.11293595456547,1495.5176930870248,0.04628217931851664,0.014017802283929508,0.0033174414587398625,0.0,0.0,0.012526110178690108,0.011996166208430893,0.002242311402300424,0.03541684586346263,0.028578799002607354,10.631692854130694,0.00020041014688102076,1.6976615796506591,-0.0010221851025298532,1466.6666666666667,0.009266794363969773,True,0.003400766057893634,0.012526110178690108,True,True,False,False,False,0,True,False,True,False,True,False,True,False,False,0,0,False,0,15,24,24,,,,False,False,False,
13,2026-08-11T01:53:27.478763,shadow,analysis_full,silero,webrtc,False,0.003462566062808037,True,True,False,1,False,True,False,0,0.0,,,,,,,,,,,,,0.05868435827560796,0.7249391088017726,0.22266337789088722,0.05239751329029988,,,,,,,,,,,,,,False,False,temporal_v1,False,0.0007410125793429701,0.18580375782881003,3.917014459287614,0.9092235989782379,83.79269413292853,1501.8356988120624,0.042542586388923165,0.01306685744300591,0.0030749144426788877,0.0,0.0,0.012520361390723758,0.012001398288033663,0.00225673409910491,0.035600958241824146,0.02851828818591378,10.630520933669414,0.00010804199275064177,1.5546366643264893,-0.0009311556852300618,1466.6666666666667,0.012939978716071958,True,0.0034307072637602687,0.012520361390723758,True,True,False,False,False,0,True,False,True,False,True,False,True,False,False,0,0,False,0,15,24,24,,,,False,False,False,
14,2026-08-11T01:53:27.490022,shadow,analysis_full,silero,webrtc,False,0.003147621639072895,True,True,False,1,False,True,False,0,0.0,,,,,,,,,,,,,0.05680709281464897,0.7214442248284236,0.22697547370213586,0.05158030145183705,,,,,,,,,,,,,,False,False,temporal_v1,False,0.0007292522137414092,0.17745302713987474,3.9270914842857505,0.9072611126429795,83.64410608539146,1504.574269909319,0.04098314904042074,0.012893816801246148,0.0029301269719820802,0.0,0.0,0.012427225603659851,0.011962520332131051,0.0023060745951352943,0.03420488240352434,0.029145645287614895,10.604585804555484,0.00018873251165533404,1.7082761630429313,-0.0010302503958615292,1533.3333333333335,0.009275147508151133,True,0.0034307072637602687,0.012427225603659851,True,True,False,False,False,0,True,False,True,False,True,False,True,False,False,0,0,False,0,15,24,24,,,,False,False,False,
15,2026-08-11T01:53:27.502678,shadow,analysis_full,silero,webrtc,False,0.0028030467219650745,True,True,False,1,False,True,False,0,0.0,,,,,,,,,,,,,0.051674069373552164,0.7293981679533972,0.21717284181922944,0.05342899020802131,,,,,,,,,,,,,,False,False,temporal_v1,False,0.0006973583408481217,0.16910229645093947,3.897398892439992,0.9094109298803448,83.26516947309456,1502.5562739701222,0.0376909715317657,0.011222204494218332,0.0027608933465681326,0.0,0.0,0.010750936839156715,0.010592534905881766,0.0022223491966442393,0.030379907747108557,0.023253823299489145,8.626619702772947,0.00015613837538670555,1.685898543208694,-0.0010163033105903513,1466.6666666666667,0.009814575172406503,True,0.0034307072637602687,0.010750936839156715,True,True,False,False,False,0,True,False,True,False,True,False,True,False,False,0,0,False,0,15,24,24,,,,False,False,False,
16,2026-08-11T01:53:27.509831,shadow,analysis_full,silero,webrtc,False,0.0028030467219650745,True,True,False,1,False,True,False,0,0.0,,,,,,,,,,,,,0.042994718684048666,0.7391712770713278,0.20898371799857773,0.05184500490683595,,,,,,,,,,,,,,False,False,temporal_v1,False,0.0006338051189554418,0.1336116910229645,3.8784435228849476,0.9119732651596176,82.44549124735721,1489.3551084087158,0.03178046111701073,0.008985196164895407,0.002229061401142534,0.0,0.0,0.009217709059331126,0.009279778632291265,0.0021816927940373973,0.02512515471119897,0.01877299345135833,8.642144270356765,0.00016256999276784877,1.70884923110344,-0.0010202754473847247,1400.0,0.008731078117599997,True,0.0034307072637602687,0.009217709059331126,True,True,False,False,False,0,True,False,True,False,True,False,True,False,False,0,0,False,0,15,24,24,,,,False,False,False,
17,2026-08-11T01:53:27.515911,shadow,analysis_full,silero,webrtc,False,0.002407100750133395,True,True,False,1,False,True,False,0,0.0,,,,,,,,,,,,,0.035092548670519044,0.7299436381473393,0.21818832507570785,0.051868036748456824,,,,,,,,,,,,,,False,False,temporal_v1,False,0.0005728820686620725,0.1524008350730689,3.9073999166780227,0.9109258619169787,81.56025595398377,1487.0998864475055,0.025615582648421245,0.007656784417058309,0.0018201816040394915,0.0,0.0,0.009462633317020774,0.0094342890938186,0.002212855475539649,0.020793151729417512,0.01873250374441753,10.163329932624224,0.00015611139211736336,2.0706176503647455,-0.0012763874271127823,1400.0,0.0044456008141829755,True,0.0034307072637602687,0.009462633317020774,True,True,False,False,False,0,True,False,True,False,True,False,True,False,False,0,0,False,0,15,24,24,,,,False,False,False,
18,2026-08-11T01:53:27.526829,shadow,analysis_full,silero,webrtc,False,0.0024523758329451084,True,True,False,1,False,True,False,0,0.0,,,,,,,,,,,,,0.040765379748752294,0.7461397779490354,0.2018131449366589,0.05204707708977511,,,,,,,,,,,,,,False,False,temporal_v1,False,0.0006188665341681159,0.11064718162839249,3.8397614644569327,0.9143326586543508,82.24899524865172,1486.9162216686427,0.030416671393742142,0.008226989491632886,0.0021217188623772676,0.0,0.0,0.011603516703658669,0.011463079359097085,0.0018642590039832704,0.027850031140964165,0.028437548578468613,10.727136742273114,0.00011895255983959064,1.6523181218084533,-0.0009908048130706413,1400.0,0.009881549935682344,True,0.003305093850940466,0.011603516703658669,True,True,False,False,False,0,True,False,True,False,True,False,True,False,False,0,0,False,0,15,24,24,,,,False,False,False,
19,2026-08-11T01:53:27.538292,shadow,analysis_full,silero,webrtc,False,0.002217251341789961,True,True,False,1,False,True,False,0,0.0,,,,,,,,,,,,,0.035246561702308596,0.731712235062392,0.2157048249809377,0.052582939928298635,,,,,,,,,,,,,,False,False,temporal_v1,False,0.0005755177934261695,0.11899791231732777,3.8684340719978945,0.9119239409454071,81.60500813519664,1502.9459969567324,0.02579034044146073,0.0076028534231762975,0.0018533678366715641,0.0,0.0,0.010002628873242284,0.009080732963846207,0.0015248976828936807,0.03023970697262017,0.028392804889390628,10.738071273274002,9.910849560652285e-05,1.4828810493733091,-0.0008841678730038352,1466.6666666666667,0.014680509971757408,True,0.002975334180518985,0.010002628873242284,True,True,False,False,False,0,True,False,True,False,True,False,True,False,False,0,0,False,0,15,24,24,,,,False,False,False,
20,2026-08-11T01:53:27.546412,shadow,analysis_full,silero,webrtc,False,0.0019746075849980116,True,True,False,1,False,True,False,0,0.0,,,,,,,,,,,,,0.026684935124521976,0.7322143559096341,0.21593963670058858,0.051846007352303124,,,,,,,,,,,,,,False,False,temporal_v1,False,0.0004997975897213961,0.10020876826722339,3.8807479204552515,0.9094303395495066,80.3635431563648,1515.5548940068043,0.01953909258469223,0.005762335196168051,0.0013835073426616982,0.0,0.0,0.006795864860295604,0.006650665402053126,0.0010060221894235076,0.033785001645438566,0.024479962285848242,10.388094050817317,0.0002859211974904025,1.4224010837472034,-0.0008456335556614687,1433.3333333333335,0.017677440787470113,True,0.0028030467219650745,0.006795864860295604,True,True,False,False,False,0,True,False,True,False,True,False,True,False,False,0,0,False,0,15,24,24,,,,False,False,False,
21,2026-08-11T01:53:27.557695,shadow,analysis_full,silero,webrtc,False,0.0019047672394663095,True,True,False,1,False,True,False,0,0.0,,,,,,,,,,,,,0.035657990621600764,0.7274396620107618,0.21819620846589385,0.05436412949530019,,,,,,,,,,,,,,False,False,temporal_v1,False,0.0005789565839309872,0.11899791231732777,3.8886676016113872,0.9102851148079092,81.64910785602021,1509.636792078447,0.025939036645760173,0.007780438355145689,0.0019385156196949035,0.0,0.0,0.006742131687648353,0.006646333994488923,0.0008189914905001301,0.029299047670728738,0.02396357995398323,9.18546079205698,0.00026062071142717757,1.488401188710327,-0.0008837065072602691,1466.6666666666667,0.014425957341110126,True,0.0026277112774550915,0.006742131687648353,True,True,False,False,False,0,True,False,True,False,True,False,True,False,False,0,0,False,0,15,24,24,,,,False,False,False,
22,2026-08-11T01:53:27.571618,shadow,analysis_full,silero,webrtc,False,0.001756509649567306,True,True,False,1,False,True,False,0,0.0,,,,,,,,,,,,,0.02821121749810713,0.7373324765907967,0.21173833761175556,0.05092918576200081,,,,,,,,,,,,,,False,False,temporal_v1,False,0.000514154997273991,0.11064718162839249,3.8376758493900023,0.9131195420977967,80.62805284248725,1494.8011969511545,0.02080104686552095,0.005973396295052873,0.0014367743365333058,0.0,0.0,0.006877448532029171,0.0066626443427755585,0.0009318999475474745,0.029465183740087435,0.028428388233165583,9.219749547755093,0.00029708339126977956,1.575544599611789,-0.0009468513999544527,1400.0,0.012028697247714756,True,0.002429738291539252,0.006877448532029171,False,True,False,False,False,0,True,False,True,False,True,False,True,False,False,0,0,False,0,15,24,24,,,,False,False,False,
23,2026-08-11T01:53:27.584501,shadow,analysis_full,silero,webrtc,False,0.0015421712305396795,True,True,False,1,False,True,False,0,0.0,,,,,,,,,,,,,0.033885391911928686,0.724753665727742,0.22243094256031015,0.05281539168243668,,,,,,,,,,,,,,False,False,temporal_v1,False,0.0005646243882267687,0.09394572025052192,3.8767032740171827,0.9122052666867744,81.43985054819314,1491.869302200029,0.024558562002791495,0.007537159661995808,0.0017896702461413854,0.0,0.0,0.006896614305412604,0.006638805041941449,0.0009451081402471109,0.027303186178324536,0.026275019641361974,9.452130935913637,0.00030658737783690145,1.5425815930715305,-0.0009232494536667379,1400.0,0.013095343017727535,True,0.002312176045961678,0.006896614305412604,False,True,False,False,False,0,True,False,True,False,True,False,True,False,False,0,0,False,0,15,24,24,,,,False,False,False,
24,2026-08-11T01:53:27.595812,shadow,analysis_full,silero,webrtc,False,0.001489212503656745,True,True,False,1,False,True,False,0,0.0,,,,,,,,,,,,,0.027180126569703294,0.7402013041726904,0.20787526518058658,0.051923430609931466,,,,,,,,,,,,,,False,False,temporal_v1,False,0.0005044751984989203,0.10020876826722339,3.8472763398592713,0.9116434410014362,80.45532439002956,1500.6745587851615,0.020118765134473172,0.0056500760183189795,0.0014112854159111436,0.0,0.0,0.006308543176268221,0.005821457676351279,0.000923216450554213,0.02297304832707192,0.02270913678456666,9.27351446814678,0.00022349622162170734,1.6439989841691571,-0.000983771290384319,1433.3333333333335,0.010351150828353167,True,0.0020959294633939862,0.006308543176268221,False,True,False,False,False,0,True,False,True,False,True,False,True,False,False,0,0,False,0,15,24,24,,,,False,False,False,
25,2026-08-11T01:53:27.606856,shadow,analysis_full,silero,webrtc,False,0.001431508339010179,True,True,False,1,False,True,False,0,0.0,,,,,,,,,,,,,0.025578660714111703,0.7436981631551973,0.20443148589992627,0.05187035090578125,,,,,,,,,,,,,,False,False,temporal_v1,False,0.00048767605956564846,0.09394572025052192,3.8565571849901863,0.9119419404617236,80.1613819098643,1498.260507176259,0.01902280298905488,0.005229083617115925,0.0013267741069408953,0.0,0.0,0.0067472137157778885,0.006317932217457677,0.0008598263469799519,0.017641845042440915,0.021457200192526064,9.157811863537955,0.0001731682655035518,1.654724393002107,-0.0009817711874692185,1400.0,0.009373474278515561,True,0.0019396874122321606,0.0067472137157778885,False,True,False,False,False,0,True,False,True,False,True,False,True,False,False,0,0,False,0,15,24,24,,,,False,False,False,
26,2026-08-11T01:53:27.616786,shadow,analysis_full,silero,webrtc,False,0.0015264679677784443,True,True,False,1,False,True,False,0,0.0,,,,,,,,,,,,,0.020930723846476096,0.7372761437602625,0.20830497962689382,0.05441887656506695,,,,,,,,,,,,,,False,False,temporal_v1,False,0.00044388551968860734,0.11899791231732777,3.869522701103564,0.9113488621443127,79.33753938062749,1498.2057960256093,0.015431723363640865,0.004359974004416344,0.001139026477418886,0.0,0.0,0.00666077329138529,0.00635917875255028,0.0010714846586073632,0.01647021538481505,0.021195240518514298,8.724893752220819,0.0002486808525711599,1.6577002750521381,-0.000999828560250453,1433.3333333333335,0.01027889783869321,True,0.0018306384445168078,0.00666077329138529,False,True,False,False,False,0,True,False,True,False,True,False,True,False,False,0,0,False,0,15,24,24,,,,False,False,False,
27,2026-08-11T01:53:27.630113,shadow,analysis_full,silero,webrtc,False,0.0013922043144702911,True,True,False,1,False,True,False,0,0.0,,,,,,,,,,,,,0.019335103091921043,0.7480217792556284,0.19902706762464836,0.05295115306800394,,,,,,,,,,,,,,False,False,temporal_v1,False,0.00042482345635945804,0.14613778705636743,3.864797991208521,0.9085100971357064,78.94073524290816,1527.5289743513538,0.01446307821690978,0.003848208870605317,0.0010238160034059473,0.0,0.0,0.007432393896848445,0.0071791005703415196,0.001060194211516142,0.014968844902082131,0.016452918035940678,11.413594142414516,0.00048772060662715224,1.3747504132695367,-0.0008107856114535333,1433.3333333333335,0.018487774031478756,True,0.0016493404400534928,0.007432393896848445,False,True,False,False,False,0,True,False,True,False,True,False,True,False,False,0,0,False,0,15,24,24,,,,False,False,False,
28,2026-08-11T01:53:27.641899,shadow,analysis_full,silero,webrtc,False,0.001372248400002718,True,True,False,1,False,True,False,0,0.0,,,,,,,,,,,,,0.018907295703393112,0.7471232305173602,0.19924574164564104,0.05363102778410921,,,,,,,,,,,,,,False,False,temporal_v1,False,0.0004203877444380351,0.11691022964509394,3.868413866285566,0.9103360834654235,78.85775685980867,1504.491180689518,0.014126079846266066,0.003767198154936003,0.0010140177011910448,0.0,0.0,0.007559698466156249,0.00752442521169397,0.0010874824824995365,0.015060282920143159,0.014537338283672414,10.139148409012183,0.00043399954989742617,1.517033764752242,-0.0009027216024306778,1433.3333333333335,0.013529771268008637,True,0.001534319599159062,0.007559698466156249,False,True,False,False,False,0,True,False,True,False,True,False,True,False,False,0,0,False,0,15,24,24,,,,False,False,False,
29,2026-08-11T01:53:27.652813,shadow,analysis_full,silero,webrtc,False,0.0012546195648610592,True,True,False,1,False,True,False,0,0.0,,,,,,,,,,,,,0.014402167362896729,0.7386602389872224,0.20665351581529742,0.0546862451280461,,,,,,,,,,,,,,False,False,temporal_v1,False,0.0003688195413189176,0.1440501043841336,3.887878591324824,0.9064659240493874,77.69515915458506,1518.1355879913287,0.010638308386211272,0.0029762585209029396,0.0007876004547825159,0.0,0.0,0.007360531811738981,0.0073611876864351136,0.0012318844082863643,0.017856705453313648,0.015977985755341862,10.916028398115866,0.0006811610771922685,1.7207121126064064,-0.001028301605793805,1500.0,0.008234781744737423,True,0.0015078402357175946,0.007360531811738981,False,True,False,False,False,0,True,False,True,False,True,False,True,False,False,0,0,False,0,15,24,24,,,,False,False,False,
30,2026-08-11T01:53:27.664767,shadow,analysis_full,silero,webrtc,False,0.001253225258551538,True,True,False,1,False,True,False,0,0.0,,,,,,,,,,,,,0.015149522182817201,0.7400789871647658,0.21251075655737126,0.04741025621185435,,,,,,,,,,,,,,False,False,temporal_v1,False,0.0003787030839565747,0.15031315240083507,3.8923539192040644,0.9100002432384828,77.9433750857913,1491.2296890018815,0.011211843033089506,0.0032194364205531617,0.0007182427281745345,0.0,0.0,0.0071525879701717174,0.007123886124920162,0.002064480760436458,0.020063488562394927,0.017245800993150387,11.20356535945065,0.00046662653934319417,1.7331648186817368,-0.00104629794729836,1466.6666666666667,0.008632221332861482,True,0.001460360421333462,0.0071525879701717174,False,True,False,False,False,0,True,False,True,False,True,False,True,False,False,0,0,False,0,15,24,24,,,,False,False,False,
31,2026-08-11T01:53:27.674946,shadow,analysis_full,silero,webrtc,False,0.0013684018049389124,True,True,False,1,False,True,False,0,0.0,,,,,,,,,,,,,0.017837630593428765,0.7627207608208664,0.1864764356112013,0.05080280351187109,,,,,,,,,,,,,,False,False,temporal_v1,False,0.00040650732000982237,0.14822546972860126,3.7899297113997092,0.9135049434711572,78.57947988642704,1493.424029085759,0.01360513117746155,0.0033262977728119136,0.0009062016421553021,0.0,0.0,0.009243145930239201,0.009122785459988512,0.0020188619219255652,0.021839994706675605,0.02803843848848724,11.367668026125761,0.000775353784792561,1.5170715286358498,-0.000907584716777156,1366.6666666666667,0.012489678903580404,True,0.001411856326740235,0.009243145930239201,False,True,False,False,False,0,True,False,True,False,True,False,True,False,False,0,0,False,0,15,24,24,,,,False,False,False,
32,2026-08-11T01:53:27.681106,shadow,analysis_full,silero,webrtc,False,0.0013684018049389124,True,True,False,1,False,True,False,0,0.0,,,,,,,,,,,,,0.01314880536086768,0.7252086939586143,0.22301712812268315,0.05177417784265008,,,,,,,,,,,,,,False,False,temporal_v1,False,0.0003532204367049628,0.16910229645093947,3.884380892799979,0.9106427411464406,77.33682141165066,1514.8993398399641,0.009535627962870876,0.0029324088098248505,0.0006807685871719541,0.0,0.0,0.010485694739541366,0.010388118182269104,0.001983629107011985,0.025452610695829932,0.027968752844785852,11.713066268062665,0.000651640307674493,1.3041514204321973,-0.0007792467860478159,1500.0,0.022933363698517135,True,0.0013822263572365046,0.010485694739541366,False,True,False,False,False,0,True,False,True,False,True,False,True,False,False,0,0,False,0,15,24,24,,,,False,False,False,
33,2026-08-11T01:53:27.689580,shadow,analysis_full,silero,webrtc,False,0.0011417391942813993,True,True,False,1,False,True,False,0,0.0,,,,,,,,,,,,,0.007178715014779881,0.6983827678151091,0.2457205389049318,0.05589669314065824,,,,,,,,,,,,,,False,False,temporal_v1,False,0.0002619402717287747,0.1440501043841336,3.9450005649707642,0.9030196748149358,74.67468493300845,1544.7100127691626,0.005013490861377855,0.0017639577220766379,0.00040126643032538687,0.0,0.0,0.016032269406513505,0.015120118677731116,0.0022695901497974177,0.023036516449492644,0.037129005968785225,16.17539679138368,0.000704638710356898,1.2916849177123517,-0.0007614836269928218,1533.3333333333335,0.02233174047942539,True,0.0013703251024708152,0.016032269406513505,False,True,False,False,False,0,True,False,True,False,True,False,True,False,False,0,0,False,0,15,24,24,,,,False,False,False,
34,2026-08-11T01:53:27.696505,shadow,analysis_full,silero,webrtc,False,0.0011599328136071563,True,True,False,1,False,True,False,0,0.0,,,,,,,,,,,,,0.009281834934116504,0.7301183812030417,0.22410784687007848,0.04577377181914226,,,,,,,,,,,,,,False,False,temporal_v1,False,0.0002968078141929833,0.15657620041753653,3.899227123212485,0.9098804654774116,75.8071425650291,1487.0167852536022,0.006776838296690984,0.0020801320420883265,0.00042486459433719215,0.0,0.0,0.016187066315122345,0.015736006860923517,0.0030510198408235335,0.021089728609477706,0.03713502427313142,17.366606561185122,0.0008674253283517435,1.777087642045114,-0.0010729544565897377,1433.3333333333335,0.007863055324372262,True,0.0013684018049389124,0.016187066315122345,False,True,False,False,False,0,True,False,True,False,True,False,True,False,False,0,0,False,0,15,24,24,,,,False,False,False,
35,2026-08-11T01:53:27.701297,shadow,analysis_full,silero,webrtc,False,0.0010636223014444113,True,True,False,1,False,True,False,0,0.0,,,,,,,,,,,,,0.00738895921328453,0.7371540028315169,0.21448148865353536,0.04836450837961053,,,,,,,,,,,,,,False,False,temporal_v1,False,0.0002665275391194406,0.13569937369519833,3.837489559733754,0.9136036785582033,74.87820312324006,1484.4437436945213,0.0054468008608315075,0.0015847949716655215,0.0003573633797875001,0.0,0.0,0.016039869572855026,0.015608037357243547,0.003232768941121976,0.015061729841693326,0.03853749508064015,18.577248573480464,0.0007123004455594857,1.642682048889711,-0.000992493470294074,1400.0,0.010434281368085557,True,0.0013115106848999858,0.016039869572855026,False,True,False,False,False,0,True,False,True,False,True,False,True,False,False,0,0,False,0,15,24,24,,,,False,False,False,
36,2026-08-11T01:53:27.709855,shadow,analysis_full,silero,webrtc,False,0.001082993228919804,True,True,False,1,False,True,False,0,0.0,,,,,,,,,,,,,0.012455109656725905,0.729216589241442,0.21257779505596114,0.058205615622308485,,,,,,,,,,,,,,False,False,temporal_v1,False,0.00034606492181779157,0.12734864300626306,3.919133475672846,0.9082582940498445,77.1462299876014,1496.667287593354,0.009082472582505812,0.002647679748007002,0.0007249573252130906,0.0,0.0,0.016181202461617795,0.015560693034883409,0.0037280303514161217,0.013893681112296314,0.04078261804199907,18.650769030064602,0.0006910308916337979,1.8827837282770894,-0.0011405236471598522,1466.6666666666667,0.006150445204700093,True,0.0012539224117062986,0.016181202461617795,False,True,False,False,False,0,True,False,True,False,True,False,True,False,False,0,0,False,0,15,24,24,,,,False,False,False,
37,2026-08-11T01:53:27.714398,shadow,analysis_full,silero,webrtc,False,0.0008495410438627005,True,True,False,1,False,True,False,0,0.0,,,,,,,,,,,,,0.007180736855816502,0.7570450363100142,0.19564890934981027,0.047306054200914,,,,,,,,,,,,,,False,False,temporal_v1,False,0.00025988829494270785,0.10855949895615867,3.7998498646555,0.9135994540484923,74.65587997782563,1510.2690222811425,0.0054361411937442605,0.0014049033341684844,0.00033969232690375623,0.0,0.0,0.017071974786933824,0.015880338306692148,0.003954176058496501,0.01740306099905422,0.04717555385122266,17.35580599534029,0.0007295568831153951,1.3431800402782408,-0.0007970285100643354,1400.0,0.01954876334248384,True,0.0012065790360793471,0.017071974786933824,False,True,False,False,False,0,True,False,True,False,True,False,True,False,False,0,0,False,0,15,24,24,,,,False,False,False,
38,2026-08-11T01:53:27.720129,shadow,analysis_full,silero,webrtc,False,0.0008379043429158628,True,True,False,1,False,True,False,0,0.0,,,,,,,,,,,,,0.008910054154502784,0.7571265399083382,0.19721058705572833,0.0456628729237006,,,,,,,,,,,,,,False,False,temporal_v1,False,0.00028898410851218215,0.10020876826722339,3.7601957793021787,0.9164071643917147,75.60338176903066,1476.0771616297668,0.006746038472394607,0.0017571570105078254,0.00040685867060035125,0.0,0.0,0.017932372644409254,0.01605513017180295,0.004215517403315307,0.02013396497474644,0.058009223246950396,19.341642041914035,0.0011401646547439786,1.8518370290722932,-0.0011224833243124704,1366.6666666666667,0.006242192992599912,True,0.0011508360039442778,0.017932372644409254,False,True,False,False,False,0,True,False,True,False,True,False,True,False,False,0,0,False,0,15,24,24,,,,False,False,False,
39,2026-08-11T01:53:27.727202,shadow,analysis_full,silero,webrtc,False,0.0008015965577214956,True,True,False,1,False,True,False,0,0.0,,,,,,,,,,,,,0.005089387968973511,0.7699960341033785,0.17350479793064263,0.05649916776949143,,,,,,,,,,,,,,False,False,temporal_v1,False,0.00022272965676926564,0.1336116910229645,3.761105073806654,0.9134562250544842,73.29137193796319,1509.9218986877206,0.0039188085521230515,0.0008830332311473926,0.00028754618470306563,0.0,0.0,0.02041492236763023,0.019775008369279756,0.0044217915473727465,0.02008519995124124,0.06437235541025621,18.79230315138895,0.0008666101142037702,1.4100608897514006,-0.000831730166662047,1300.0,0.01572449487552052,True,0.0011123662116006017,0.02041492236763023,False,True,False,False,False,0,True,False,True,False,True,False,True,False,False,0,0,False,0,15,24,24,,,,False,False,False,
40,2026-08-11T01:53:27.733254,shadow,analysis_full,silero,webrtc,False,0.0007740709697827697,True,True,False,1,False,True,False,0,0.0,,,,,,,,,,,,,0.003450529598065481,0.7511304319263709,0.19580134960280088,0.05306821818101786,,,,,,,,,,,,,,False,False,temporal_v1,False,0.0001850780644985299,0.1315240083507307,3.8421710624940753,0.9136190715574112,71.64337290093317,1477.4909446616211,0.0025917977873696515,0.0006756183521456312,0.0001831134575501988,0.0,0.0,0.020648921825925388,0.020071410405912638,0.004316476517866318,0.01966082846127682,0.06272148948894105,19.91522824253486,0.0006094631450913994,1.4616004944282333,-0.0008795515488658223,1366.6666666666667,0.01527244399568155,True,0.0010733077651821077,0.020648921825925388,False,True,False,False,False,0,True,False,True,False,True,False,True,False,False,0,0,False,0,15,24,24,,,,False,False,False,
41,2026-08-11T01:53:27.740845,shadow,analysis_full,silero,webrtc,False,0.0007621780387125909,True,True,False,1,False,True,False,0,0.0,,,,,,,,,,,,,0.0029716960399862984,0.7108549293139819,0.22668675000874602,0.062458320340764,,,,,,,,,,,,,,False,False,temporal_v1,False,0.00017072833168266734,0.16701461377870563,3.884290505975491,0.9003728237831349,70.8561675835309,1552.8035847413694,0.0021124447784471,0.0006736441173183545,0.00018560714322084405,0.0,0.0,0.021250227899693486,0.019608584228313353,0.0054421554346844,0.02159112062438062,0.060973610906879035,25.335493117717654,0.001397759627021165,1.3801343844451008,-0.00081518683841664,1500.0,0.018114199939852093,True,0.0009565816726535559,0.021250227899693486,False,True,False,False,False,0,True,False,True,False,True,False,True,False,False,0,0,False,0,15,24,24,,,,False,False,False,
42,2026-08-11T01:53:27.748863,shadow,analysis_full,silero,webrtc,False,0.0008380832150578499,True,True,False,1,False,True,False,0,0.0,,,,,,,,,,,,,0.0012255234523943263,0.7036708845121721,0.2285509271735995,0.06777818749825043,,,,,,,,,,,,,,False,False,temporal_v1,False,0.0001116160167770312,0.1315240083507307,3.84210153111023,0.8945683446883712,66.92466361858087,1567.598291700132,0.0008623651717367264,0.0002800945213177139,8.306375833988583e-05,0.0,0.0,0.023291424046678465,0.020017249131610924,0.007095236658712922,0.01883547986411684,0.060130792192096404,31.490291464165274,0.0019691715465716313,1.4244527208590887,-0.0008545311687299517,1633.3333333333335,0.0165527848706207,True,0.0008438121294602752,0.023291424046678465,False,True,False,False,False,0,True,False,True,False,True,False,True,False,False,0,0,False,0,15,24,24,,,,False,False,False,
43,2026-08-11T01:53:27.756204,shadow,analysis_full,silero,webrtc,False,0.0008000763482414186,True,True,False,1,False,True,False,0,0.0,,,,,,,,,,,,,0.0008739137050920272,0.7374507623257461,0.1997269024905498,0.06282233403942636,,,,,,,,,,,,,,False,False,temporal_v1,False,9.638228098495316e-05,0.162839248434238,3.715463859165361,0.9072779540219399,65.58000143867561,1528.4785163597155,0.0006444683280270328,0.00017454407736207042,5.490129870292407e-05,0.0,0.0,0.019947191634347505,0.016602408641137257,0.007559496098962402,0.020634290543734737,0.06287298368365334,30.082268830300883,0.003387158679082427,1.481783567369419,-0.0008883525126247593,1433.3333333333335,0.01226568909611896,True,0.0008379937789868563,0.019947191634347505,False,True,False,False,False,0,True,False,True,False,True,False,True,False,False,0,0,False,0,15,24,24,,,,False,False,False,
44,2026-08-11T01:53:27.761412,shadow,analysis_full,silero,webrtc,False,0.0007943885284475982,True,True,False,1,False,True,False,0,0.0,,,,,,,,,,,,,0.0009758962122176649,0.7588715562549269,0.1899514567105689,0.05117698600980508,,,,,,,,,,,,,,False,False,temporal_v1,False,9.933067054003066e-05,0.1544885177453027,3.6117632629401792,0.9076315698421324,65.87401187601839,1506.3579773878469,0.0007405798773089077,0.0001853729071090719,4.9943426799685206e-05,0.0,0.0,0.02061089259833893,0.0162051750525989,0.0070729035048372295,0.02042944438033414,0.08477077013888859,29.210908077727453,0.0045265410306112724,1.7313466186497575,-0.0010481491512076338,1400.0,0.006135316394877475,True,0.0008197504503186792,0.02061089259833893,False,True,False,False,False,0,True,False,True,False,True,False,True,False,False,0,0,False,0,15,24,24,,,,False,False,False,
45,2026-08-11T01:53:27.767563,shadow,analysis_full,silero,webrtc,False,0.0007855009171180427,True,True,False,1,False,True,False,0,0.0,,,,,,,,,,,,,0.0007724691341656413,0.7327527942954625,0.2077951099639194,0.059452094446067916,,,,,,,,,,,,,,False,False,temporal_v1,False,9.033714846950228e-05,0.1524008350730689,3.5629234004842356,0.8974354391690281,64.89698251441193,1600.6541350947823,0.0005660289165668701,0.00016051530867768304,4.592490792108801e-05,0.0,0.0,0.020740279516195108,0.015869191307221645,0.0067553389939352315,0.021068018056856555,0.10847595885260451,38.095137592280544,0.0036061946700524264,1.4706775576718816,-0.0008893584433765115,1733.3333333333335,0.012214252488521716,True,0.0008008364529814571,0.020740279516195108,False,True,False,False,False,0,True,False,True,False,True,False,True,False,False,0,0,False,0,15,24,24,,,,False,False,False,
46,2026-08-11T01:53:27.774016,shadow,analysis_full,silero,webrtc,False,0.0007758521824143827,True,True,False,1,False,True,False,0,0.0,,,,,,,,,,,,,0.0004985748428668461,0.7397093342559815,0.1440997897082109,0.11619087403009054,,,,,,,,,,,,,,False,False,temporal_v1,False,7.392452698636364e-05,0.17954070981210857,3.3816952403719234,0.8669263122789845,62.69549084050955,1865.5883289842284,0.0003688004650938153,7.184453001091683e-05,5.79298467621139e-05,0.0,0.0,0.020389590032024816,0.02322074123792401,0.0192010947470299,0.02426476487825952,0.14738331695099913,108.55739770225594,0.006445601526048172,0.8654335002808613,-0.0005107877711998611,2133.3333333333335,0.046907547346920785,True,0.0007972324383445084,0.020389590032024816,False,True,False,False,False,0,True,False,True,False,True,False,True,False,False,0,0,False,0,15,24,24,,,,False,False,False,
47,2026-08-11T01:53:27.780819,shadow,analysis_full,silero,webrtc,False,0.0007539532380178571,True,True,False,1,False,True,False,0,0.0,,,,,,,,,,,,,0.000440045995439707,0.8125064180413786,0.15195249169228925,0.03554108799384247,,,,,,,,,,,,,,False,False,temporal_v1,False,7.04310946391182e-05,0.08977035490605428,3.248801270723113,0.9224466616685361,62.44405889613185,1522.8985928972993,0.0003575401955281691,6.686608546627722e-05,1.563971344526063e-05,0.0,0.0,0.029342795168944575,0.026706190875244985,0.020402998969392797,0.027328715109734565,0.1995667055421377,108.04929584156658,0.005818623313251194,1.131827682663228,-0.000678195494384242,1400.0,0.017532922200559742,True,0.0007899447227828205,0.029342795168944575,False,True,False,False,False,0,True,False,True,False,True,False,True,False,False,0,0,False,0,15,24,24,,,,False,False,False,
48,2026-08-11T01:53:27.786499,shadow,analysis_full,silero,webrtc,False,0.0007539532380178571,True,True,False,1,False,True,False,0,0.0,,,,,,,,,,,,,0.0005834044376136644,0.8897343767205236,0.07716424257811441,0.03310137898728519,,,,,,,,,,,,,,False,False,temporal_v1,False,7.879040612165686e-05,0.10020876826722339,2.7461303270566586,0.9362092120911439,63.69733453346082,1528.16721305632,0.0005190749836761813,4.501796154516922e-05,1.9311491392313886e-05,0.0,0.0,0.05197512242306577,0.04328726711402138,0.021660525150535875,0.027328715109734565,0.3350650945758595,105.05401737786438,0.00844829412319622,1.016073625965515,-0.0006118959078368844,900.0000000000001,0.017009249987663046,True,0.0007806765497662127,0.05197512242306577,False,True,True,False,False,0,True,False,True,False,True,False,True,False,False,0,0,False,0,15,24,24,,,,False,False,False,
49,2026-08-11T01:53:27.795323,shadow,analysis_full,silero,webrtc,False,0.0007899006013758481,True,True,False,1,False,True,False,0,0.0,,,,,,,,,,,,,0.001138249210887491,0.8250000328583991,0.1387979712466054,0.03620199501645324,,,,,,,,,,,,,,False,False,temporal_v1,False,0.00010587360571559077,0.10647181628392484,3.2586598949420296,0.9351246026394481,66.61523859795574,1426.3155318493266,0.000939055636383227,0.00015798668124423327,4.1206892260030785e-05,0.0,0.0,0.05546459683006422,0.0449886144175759,0.022796745793200564,0.029144678196987326,0.33873979447538516,112.26343257007437,0.007285412133148368,1.2059370870754518,-0.0007251191940739693,1100.0,0.01731746452987374,True,0.0007806765497662127,0.05546459683006422,False,True,True,False,False,0,True,False,True,False,True,False,True,False,False,0,0,False,0,15,24,24,,,,False,False,False,
50,2026-08-11T01:53:27.801947,shadow,analysis_full,silero,webrtc,False,0.0008280988549813628,True,True,False,1,False,True,False,0,0.0,,,,,,,,,,,,,0.0015182216314079645,0.7971439418551525,0.15815467239048212,0.044701385095700145,,,,,,,,,,,,,,False,False,temporal_v1,False,0.00012193671658739116,0.1127348643006263,3.5215495172634554,0.9178584954488287,67.86540830112655,1478.0297187662243,0.0012102411758703052,0.0002401138447314699,6.786660980618954e-05,0.0,0.0,0.0559328680054134,0.04475305264041085,0.023105736982505454,0.03006552989961535,0.3204025155336593,112.22507952983914,0.0035536118957996566,1.4848456202104008,-0.0008860108794894802,1233.3333333333335,0.010530476400398468,True,0.0007877007592469454,0.0559328680054134,False,True,True,False,False,0,True,False,True,False,True,False,True,False,False,0,0,False,0,15,24,24,,,,False,False,False,
51,2026-08-11T01:53:27.808992,shadow,analysis_full,silero,webrtc,False,0.0009051096858456731,True,True,False,1,False,True,False,0,0.0,,,,,,,,,,,,,0.0009174765720626251,0.7814036627181212,0.17794503841715023,0.040651297774782505,,,,,,,,,,,,,,False,False,temporal_v1,False,9.919774105030899e-05,0.11064718162839249,3.133581443667016,0.9238959557588267,65.9379045299895,1483.7247406259837,0.0007169195538678016,0.00016326040386251912,3.729661333230447e-05,0.0,0.0,0.0522594240892785,0.041065268662489864,0.02350781494017248,0.028928532984907926,0.3037728360499158,114.41781617834836,0.004677106620041599,1.4486883577452685,-0.0008777754813686324,1200.0,0.010743571277573333,True,0.0007921445649117231,0.0522594240892785,False,True,True,False,False,0,True,False,True,False,True,False,True,False,False,0,0,False,0,15,24,24,,,,False,False,False,
52,2026-08-11T01:53:27.816679,shadow,analysis_full,silero,webrtc,False,0.0009759969543665648,True,True,False,1,False,True,False,0,0.0,,,,,,,,,,,,,0.004027805053301405,0.7561049146356007,0.1870216086435768,0.056873476472548284,,,,,,,,,,,,,,False,False,temporal_v1,False,0.00019902709537177933,0.12526096033402923,3.739244153052337,0.9124944171553179,72.28685685322544,1503.7980718048989,0.0030454431959952995,0.0007532865803711563,0.00022907527593494853,0.0,0.0,0.046913256092291744,0.03652097659899808,0.023128584841198948,0.028957897092943136,0.29014144428685346,115.07907407618414,0.0050096743901163945,1.4943811375865925,-0.000891356129470287,1333.3333333333335,0.01304236654594871,True,0.0007921445649117231,0.046913256092291744,False,True,False,False,False,0,True,False,True,False,True,False,True,False,False,0,0,False,0,15,24,24,,,,False,False,False,
53,2026-08-11T01:53:27.825185,shadow,analysis_full,silero,webrtc,False,0.0008378237253054976,True,True,False,1,False,True,False,0,0.0,,,,,,,,,,,,,0.004058746570112839,0.7564224975236783,0.1904067569865701,0.05317074524336993,,,,,,,,,,,,,,False,False,temporal_v1,False,0.00019838208698101675,0.0918580375782881,3.6901903782950987,0.9170260389214114,72.2794387682909,1484.135434534406,0.003070127217380417,0.0007728127718455504,0.00021580657988687124,0.0,0.0,0.04538898775895997,0.03568789647654706,0.022927075714148433,0.028597442715937813,0.2874098792930366,116.45331252368723,0.0009628923143419879,1.6199601337841867,-0.000966983316209655,1300.0,0.009365740300219898,True,0.0007921445649117231,0.04538898775895997,False,True,False,False,False,0,True,False,True,False,True,False,True,False,False,0,0,False,0,15,24,24,,,,False,False,False,
54,2026-08-11T01:53:27.833235,shadow,analysis_full,silero,webrtc,False,0.0007247850298881531,True,True,False,1,False,True,False,0,0.0,,,,,,,,,,,,,0.004168943307178578,0.7651942988727831,0.19008182422033565,0.044723876667012274,,,,,,,,,,,,,,False,False,temporal_v1,False,0.00020023878919529558,0.12317327766179541,3.6509713848297625,0.922323065641709,72.38738782781594,1470.4012949835922,0.0031900516509768937,0.0007924403488996632,0.00018645130630202099,0.0,0.0,0.04506397430586262,0.035698006960589265,0.023051511577609225,0.02654642647136829,0.29066485896355,117.9806216105628,0.001220231927282308,1.4260224620045652,-0.0008538051265109885,1300.0,0.014297212467157297,True,0.0007877007592469454,0.04506397430586262,False,True,False,False,False,0,True,False,True,False,True,False,True,False,False,0,0,False,0,15,24,24,,,,False,False,False,
55,2026-08-11T01:53:27.842849,shadow,analysis_full,silero,webrtc,False,0.0007055269088596106,True,True,False,1,False,True,False,0,0.0,,,,,,,,,,,,,0.006737913184708116,0.7084302169915148,0.23972083631011698,0.051848946549954304,,,,,,,,,,,,,,False,False,temporal_v1,False,0.00025742574679678786,0.10647181628392484,3.8334867131172183,0.9114068221954221,74.5615102043543,1501.7940539342896,0.004773341299512759,0.0016152181836231933,0.0003493537005721635,0.0,0.0,0.04838457646828555,0.04069773220692077,0.022920198612987403,0.02428272016033636,0.316621536447646,116.31003545987674,0.001355053500837405,1.5903276540075328,-0.0009511023001542556,1400.0,0.011240377078932032,True,0.0007828763918951154,0.04838457646828555,False,True,False,False,False,0,True,False,True,False,True,False,True,False,False,0,0,False,0,15,24,24,,,,False,False,False,
56,2026-08-11T01:53:27.855859,shadow,analysis_full,silero,webrtc,False,0.0007326747290790081,True,True,False,1,False,True,False,0,0.0,,,,,,,,,,,,,0.004283446444405803,0.6313415776027493,0.28678181790851576,0.08187660425527794,,,,,,,,,,,,,,False,False,temporal_v1,False,0.000207432423947875,0.1524008350730689,3.865349354650415,0.8927104581779993,72.5600005398684,1540.8547777040455,0.0027043178357880468,0.0012284145582404642,0.00035071404937729134,0.0,0.0,0.06587735985393935,0.05363645832777956,0.013637250754084234,0.01742183385805851,0.3428631935852582,31.54468571986225,0.0022081315829236953,1.447842557715453,-0.0008628929647546889,1700.0000000000002,0.013818686295853375,True,0.0007719269196968526,0.06587735985393935,False,True,True,False,False,0,True,False,True,False,True,False,True,False,False,0,0,False,0,15,24,24,,,,False,False,False,
57,2026-08-11T01:53:27.865703,shadow,analysis_full,silero,webrtc,False,0.0009181280038319528,True,True,False,1,False,True,False,0,0.0,,,,,,,,,,,,,0.00999215263410513,0.6571712171154716,0.28944937945160015,0.053379403332849865,,,,,,,,,,,,,,False,False,temporal_v1,False,0.0003087704010491881,0.17118997912317327,3.9540931092767164,0.8957370072399878,76.08619557785887,1552.6370504100955,0.0065665551081584336,0.002892222379327402,0.0005333751456192959,0.0,0.0,0.07254805477676186,0.06174537250388852,0.01306257949035477,0.02323338515395961,0.3623427955409507,35.30538069721205,0.0012537655396375436,1.2812573588365022,-0.0007522207339109876,1666.6666666666667,0.022246614772326048,True,0.0008089997281786054,0.07254805477676186,False,True,True,False,False,0,True,False,True,False,True,False,True,False,False,0,0,False,0,15,24,24,,,,False,False,False,
58,2026-08-11T01:53:27.876081,shadow,analysis_full,silero,webrtc,False,0.000976775074377656,True,True,False,1,False,True,False,0,0.0,,,,,,,,,,,,,0.0071607165440362155,0.51725788158981,0.41223523693727454,0.07050688133326453,,,,,,,,,,,,,,False,False,temporal_v1,False,0.0002574521463094171,0.20668058455114824,3.8154634146279855,0.8518917535522811,74.26918758356112,1606.9554454817471,0.003703937070233278,0.002951899681171431,0.0005048797916315055,0.0,0.0,0.08857947770437168,0.07821356863413774,0.013142783343188521,0.0337301301521849,0.254100173588148,47.921795335880354,0.003496812558156744,1.2491700668096015,-0.0007452097876934777,2133.3333333333335,0.01996315399668614,True,0.0008329612901434302,0.08857947770437168,False,True,True,False,False,0,True,False,True,False,True,False,True,False,False,0,0,False,0,15,24,24,,,,False,False,False,
59,2026-08-11T01:53:27.885611,shadow,analysis_full,silero,webrtc,False,0.0009436376858502626,True,True,False,1,False,True,False,0,0.0,,,,,,,,,,,,,0.012822598236978662,0.4818720566034724,0.4699998620904055,0.04812808122813482,,,,,,,,,,,,,,False,False,temporal_v1,False,0.0003441528809799156,0.19832985386221294,3.578810673542451,0.8644511016584042,76.88321969183237,1601.3603747956713,0.0061788517834529665,0.006026619403020648,0.0006171270495050474,0.0,0.0,0.10585773994638734,0.1007144808702731,0.012021988621490374,0.038108072514754524,0.22129970205867558,48.00248870591853,0.002032606330446674,1.0824395418620991,-0.0006402079960701467,1733.3333333333335,0.02843261587808915,True,0.0008714667055755854,0.10585773994638734,False,True,True,False,False,0,True,False,True,False,True,False,True,False,False,0,0,False,0,15,24,24,,,,False,False,False,
60,2026-08-11T01:53:27.895522,shadow,analysis_full,silero,webrtc,False,0.0009133926942013204,True,True,False,1,False,True,False,0,0.0,,,,,,,,,,,,,0.008104675701255275,0.42255147218534833,0.5185470540691175,0.0589014736221485,,,,,,,,,,,,,,False,False,temporal_v1,False,0.0002738607887706577,0.18997912317327767,3.644722809811818,0.8615367388581255,74.86270906955264,1575.3340197751347,0.003424642649150237,0.004202655709071482,0.00047737734203355547,0.0,0.0,0.12430008217768115,0.12032887462209073,0.011601868691357948,0.039622545177685306,0.21558792421673492,47.89037402023738,0.0051957388272570945,1.1904986308905534,-0.0007035505801216733,1700.0000000000002,0.01820910910185167,True,0.0009092511900234967,0.12430008217768115,False,True,True,False,False,0,True,False,True,False,True,False,True,False,False,0,0,False,0,15,24,24,,,,False,False,False,
61,2026-08-11T01:53:27.903828,shadow,analysis_full,silero,webrtc,False,0.0007183144334703684,True,True,False,1,False,True,False,0,0.0,,,,,,,,,,,,,0.01479789054196431,0.5128112912886666,0.44312049902388334,0.04406820961987273,,,,,,,,,,,,,,False,False,temporal_v1,False,0.0003696282701909474,0.18997912317327767,3.6810964527036383,0.8702748810830885,77.53758204883864,1576.109295620287,0.007588525357173064,0.006557248641456028,0.0006521165423352153,0.0,0.0,0.12151110661039001,0.12056115860344165,0.011187535313589183,0.03937094989953331,0.11163977186567466,46.559777195614174,0.003546669566327286,1.376371113792864,-0.0008143422883046884,1733.3333333333335,0.014977228620737403,True,0.000875608209753409,0.12151110661039001,False,True,True,False,False,0,True,False,True,False,True,False,True,False,False,0,0,False,0,15,24,24,,,,False,False,False,
62,2026-08-11T01:53:27.913317,shadow,analysis_full,silero,webrtc,False,0.0006349203758873045,True,True,False,1,False,True,False,0,0.0,,,,,,,,,,,,,0.010589481454541739,0.6209745433038191,0.328192525868717,0.050832930733030454,,,,,,,,,,,,,,False,False,temporal_v1,False,0.000314438332182143,0.20876826722338204,3.961314410398403,0.8853887202172913,76.19541515011306,1521.3984323446603,0.006575798410058318,0.0034753886662059886,0.0005382943772774308,0.0,0.0,0.11293686720909377,0.11178919753025396,0.011305298436865306,0.04089141017756702,0.12896099797620342,45.42630520117775,0.0028058563065894862,1.6904256190706028,-0.0010136563528143543,1800.0000000000002,0.008837832033194305,True,0.0007852492271922529,0.11293686720909377,False,True,True,False,False,0,True,False,True,False,True,False,True,False,False,0,0,False,0,15,24,24,,,,False,False,False,
63,2026-08-11T01:53:27.919408,shadow,analysis_full,silero,webrtc,False,0.0005681955954059958,True,True,False,1,False,True,False,0,0.0,,,,,,,,,,,,,0.01721544039269066,0.6564154695188764,0.2897722618763835,0.05381226854665296,,,,,,,,,,,,,,False,False,temporal_v1,False,0.00040276572656433774,0.18162839248434237,3.96726312716855,0.894589967326806,78.40790917299584,1523.7032047621894,0.01130048138834227,0.004988557101788028,0.0009264019015603665,0.0,0.0,0.1033162967631645,0.10234787500269606,0.011292328741021417,0.033230242590516136,0.1387563884064163,41.68753258842578,0.0009114020069403511,1.5924834568467479,-0.0009526669379166295,1733.3333333333335,0.011519640058348022,True,0.0007287298794835806,0.1033162967631645,False,True,True,False,False,0,True,False,True,False,True,False,True,False,False,0,0,False,0,15,24,24,,,,False,False,False,
64,2026-08-11T01:53:27.924049,shadow,analysis_full,silero,webrtc,False,0.0005681955954059958,True,True,False,1,False,True,False,0,0.0,,,,,,,,,,,,,0.014336108692845535,0.6564894328783067,0.2927128126134861,0.050797754438453156,,,,,,,,,,,,,,False,False,temporal_v1,False,0.0003645251829318562,0.17954070981210857,3.8817479143932845,0.89484249137397,77.5366830470847,1513.9517391746997,0.009411503865447928,0.004196362697415464,0.0007282421289821411,0.0,0.0,0.08994329696408225,0.09058941792464617,0.010833854641167694,0.02881077727366256,0.13185971529343732,35.22625846727672,0.0008431019432605439,1.7192873395357866,-0.0010285717250467993,1700.0000000000002,0.008182031955731589,True,0.0007254945812746882,0.08994329696408225,False,True,True,False,False,0,True,False,True,False,True,False,True,False,False,0,0,False,0,15,24,24,,,,False,False,False,
65,2026-08-11T01:53:27.934213,shadow,analysis_full,silero,webrtc,False,0.0005529375048354268,True,True,False,1,False,True,False,0,0.0,,,,,,,,,,,,,0.016178378440186058,0.7078730040447817,0.241672752906856,0.05045424298655144,,,,,,,,,,,,,,False,False,temporal_v1,False,0.0003889199119395064,0.16075156576200417,3.848769034831837,0.9080433728544185,78.16686403705468,1501.86877173179,0.011452237347027834,0.003909873255208691,0.0008162678369495324,0.0,0.0,0.08986790253280896,0.09033814769634854,0.010900513916512708,0.017701037754681813,0.13211478058026951,35.21574011161152,0.001423721299876407,1.6664645415692951,-0.0009982039521446863,1500.0,0.009083468754869418,True,0.0007254945812746882,0.08986790253280896,False,True,True,False,False,0,True,False,True,False,True,False,True,False,False,0,0,False,0,15,24,24,,,,False,False,False,
66,2026-08-11T01:53:27.943253,shadow,analysis_full,silero,webrtc,False,0.0005353096057660878,True,True,False,1,False,True,False,0,0.0,,,,,,,,,,,,,0.016084184509128307,0.711700091216539,0.23911095711441516,0.04918895160687301,,,,,,,,,,,,,,False,False,temporal_v1,False,0.00038981790436042095,0.17118997912317327,3.882694022278375,0.9097937390262268,78.19537870568593,1495.4221004851133,0.01144711558229026,0.0038459047523825194,0.0007911641734555288,0.0,0.0,0.09684257119778969,0.09506496533849589,0.006900616164548448,0.015054493843273448,0.13281257341977196,39.01149472590698,0.0006550318726642723,1.5426278494773558,-0.0009200499706768138,1433.3333333333335,0.012288734582996707,True,0.0006766174046788365,0.09684257119778969,False,True,True,False,False,0,True,False,True,False,True,False,True,False,False,0,0,False,0,15,24,24,,,,False,False,False,
67,2026-08-11T01:53:27.951273,shadow,analysis_full,silero,webrtc,False,0.0005438482039608061,True,True,False,1,False,True,False,0,0.0,,,,,,,,,,,,,0.018053799419820042,0.7138736664010761,0.236055909175826,0.05007042436770811,,,,,,,,,,,,,,False,False,temporal_v1,False,0.00041160867260299765,0.15657620041753653,3.886589538488991,0.9117664894855209,78.6801943270278,1490.0780440359197,0.012888131984296555,0.00426170603612362,0.0009039613983998719,0.0,0.0,0.10187462355819228,0.09983498502700815,0.006953955875594088,0.01698737525381074,0.12751666618453614,42.450179717973725,0.0004593914423386416,1.5049033449184765,-0.0009008121930257782,1333.3333333333335,0.013701443758281178,True,0.0006015579856466502,0.10187462355819228,False,True,True,False,False,0,True,False,True,False,True,False,True,False,False,0,0,False,0,15,24,24,,,,False,False,False,
68,2026-08-11T01:53:27.960874,shadow,analysis_full,silero,webrtc,False,0.000514057173859328,True,True,False,1,False,True,False,0,0.0,,,,,,,,,,,,,0.015726362564730055,0.7212468521527385,0.22855662965061657,0.05019651813305748,,,,,,,,,,,,,,False,False,temporal_v1,False,0.0003861985924911653,0.12526096033402923,3.8713961245980566,0.9112196004276825,78.120578830849,1495.8381151836584,0.01134258949562422,0.003594364424458328,0.0007894086436475085,0.0,0.0,0.10363569499062558,0.10301544307909359,0.003612981990508591,0.022835087956367964,0.12864274663890202,37.93426501523496,0.0005464412325803912,1.564836858657642,-0.0009360173157677215,1400.0,0.012094313141474158,True,0.0005681955954059958,0.10363569499062558,False,True,True,False,False,0,True,False,True,False,True,False,True,False,False,0,0,False,0,15,24,24,,,,False,False,False,
69,2026-08-11T01:53:27.968446,shadow,analysis_full,silero,webrtc,False,0.00051234191050753,True,True,False,1,False,True,False,0,0.0,,,,,,,,,,,,,0.017152954415567297,0.73861123293191,0.21075256350843902,0.050636203501352,,,,,,,,,,,,,,False,False,temporal_v1,False,0.00040201651676731806,0.11482254697286012,3.8747359590834662,0.91263710920546,78.47826170271446,1482.7712171720307,0.012669364809307011,0.003615029114824206,0.00086856049043608,0.0,0.0,0.09772571109067275,0.09663605944568078,0.0035152821956034425,0.02791880447332632,0.1006456465969868,31.630573396780495,0.0004224342931193392,1.779649728445138,-0.0010820856810522762,1400.0,0.008031133122240772,True,0.0005605665501207113,0.09772571109067275,False,True,True,False,False,0,True,False,True,False,True,False,True,False,False,0,0,False,0,15,24,24,,,,False,False,False,
70,2026-08-11T01:53:27.979189,shadow,analysis_full,silero,webrtc,False,0.0004367906949482858,True,True,False,1,False,True,False,0,0.0,,,,,,,,,,,,,0.014227203454601685,0.7437278865210711,0.20436914900502665,0.051902964403614256,,,,,,,,,,,,,,False,False,temporal_v1,False,0.00036494622776737744,0.1419624217118998,3.834306612376869,0.9112109311364143,77.62541705560739,1505.4771132726657,0.010581167956396194,0.0029076014627383217,0.0007384340344671691,0.0,0.0,0.06681736416002151,0.0683281669338986,0.0023579464433513635,0.027828896159188356,0.07469693971583527,25.174026119223146,0.00036482591009219745,1.5907555489042635,-0.0009502893906566679,1433.3333333333335,0.01146922082603612,True,0.0005483928543981165,0.06681736416002151,False,True,True,False,False,0,True,False,True,False,True,False,True,False,False,0,0,False,0,15,24,24,,,,False,False,False,
71,2026-08-11T01:53:27.986003,shadow,analysis_full,silero,webrtc,False,0.00043840461876243353,True,True,False,1,False,True,False,0,0.0,,,,,,,,,,,,,0.015577987387020657,0.709601997147266,0.23705345049650084,0.053344552292039965,,,,,,,,,,,,,,False,False,temporal_v1,False,0.00038368465016345174,0.1440501043841336,3.9098841588815376,0.909169163285839,78.05372504246714,1503.2495982265598,0.011054170961364778,0.0036928156618842157,0.0008310007627716624,0.0,0.0,0.037865249519341816,0.03761090631092677,0.001391285688193094,0.026775293302438538,0.04114570434819567,12.561962046310642,0.0004138936875592974,1.5316676202461805,-0.0009168797153949422,1466.6666666666667,0.013904169694790382,True,0.000539578904863447,0.037865249519341816,False,True,False,False,False,0,True,False,True,False,True,False,True,False,False,0,0,False,0,15,24,24,,,,False,False,False,
72,2026-08-11T01:53:27.991693,shadow,analysis_full,silero,webrtc,False,0.00047776251449249685,True,True,False,1,False,True,False,0,0.0,,,,,,,,,,,,,0.015447290079045854,0.7393299216102829,0.21169472631251537,0.0489753520124654,,,,,,,,,,,,,,False,False,temporal_v1,False,0.000380180476636081,0.07933194154488518,3.856087023394577,0.91355629884073,77.99434766447361,1486.1643704963165,0.011420643763232272,0.003270109845553646,0.0007565364692599351,0.0,0.0,0.029495833593096245,0.028868755168926147,0.0015343559198348123,0.030369146051244748,0.03504329299340816,11.938615466199847,0.0003881397814382091,1.6026875806264536,-0.0009613576610701355,1400.0,0.011573259368893146,True,0.0005246833898127079,0.029495833593096245,False,True,False,False,False,0,True,False,True,False,True,False,True,False,False,0,0,False,0,15,24,24,,,,False,False,False,
73,2026-08-11T01:53:27.997741,shadow,analysis_full,silero,webrtc,False,0.00042520934948697686,True,True,False,1,False,True,False,0,0.0,,,,,,,,,,,,,0.02046608656045911,0.7375920281486215,0.21330867035277282,0.04909930144974443,,,,,,,,,,,,,,False,False,temporal_v1,False,0.00043913122687366595,0.12734864300626306,3.87814801308535,0.9133987624763285,79.25328062638988,1483.1534163760418,0.015095622294394281,0.0043655937115362866,0.001004870553528545,0.0,0.0,0.024391494159287454,0.02420410050397559,0.0012821834518720405,0.02820226714912519,0.020285188559161272,9.853295141556968,0.0002531170215439184,1.7210618925277514,-0.0010378390304408406,1400.0,0.00883354659620437,True,0.000513199542183429,0.024391494159287454,False,True,False,False,False,0,True,False,True,False,True,False,True,False,False,0,0,False,0,15,24,24,,,,False,False,False,
74,2026-08-11T01:53:28.002739,shadow,analysis_full,silero,webrtc,False,0.0004193613422103226,True,True,False,1,False,True,False,0,0.0,,,,,,,,,,,,,0.015251705649924428,0.7445036108836891,0.20616080230173192,0.049335586749012575,,,,,,,,,,,,,,False,False,temporal_v1,False,0.00037657828474428677,0.09812108559498957,3.8393094399523187,0.9133848732307723,77.91025612113954,1481.1634683100976,0.011354949928503898,0.0031443038732582775,0.0007524518471622518,0.0,0.0,0.014466789975620127,0.014174995988065478,0.0013189297126888963,0.027376517691499798,0.022238322778753174,8.648365710970872,0.0003147825789258324,1.778957520759181,-0.0010820668014153386,1433.3333333333335,0.008087808572272308,True,0.0004950522125000134,0.014466789975620127,False,True,False,False,False,0,True,False,True,False,True,False,True,False,False,0,0,False,0,15,24,24,,,,False,False,False,
75,2026-08-11T01:53:28.009321,shadow,analysis_full,silero,webrtc,False,0.0003882526361849159,True,True,False,1,False,True,False,0,0.0,,,,,,,,,,,,,0.015415554014560667,0.7481339748042382,0.2037043838352586,0.04816164129563367,,,,,,,,,,,,,,False,False,temporal_v1,False,0.0003811258112252632,0.1127348643006263,3.7787784423809674,0.9158807076524256,78.02709450506202,1482.7255343451861,0.011532899698722702,0.0031402159320152276,0.0007424383828227364,0.0,0.0,0.014238003283790263,0.01370836660841097,0.0014667148163254715,0.02608266881160877,0.03474635719735644,8.483956557637278,0.0005923684918066962,1.7533358746973973,-0.0010549414373596953,1366.6666666666667,0.0077545780442489515,True,0.0004580835666274652,0.014238003283790263,False,True,False,False,False,0,True,False,True,False,True,False,True,False,False,0,0,False,0,15,24,24,,,,False,False,False,
76,2026-08-11T01:53:28.015394,shadow,analysis_full,silero,webrtc,False,0.00036262947833165526,True,True,False,1,False,True,False,0,0.0,,,,,,,,,,,,,0.015096522743662289,0.7289799324766078,0.21580119085809996,0.055218876599051905,,,,,,,,,,,,,,False,False,temporal_v1,False,0.00037894672303809073,0.11899791231732777,3.8829476735083484,0.9095011729037937,77.94664061581821,1501.6459321773896,0.011005062130306508,0.0032578475858987123,0.0008336130264570684,0.0,0.0,0.012785710552434899,0.011975881009209318,0.002082213897957817,0.021579005527219287,0.034762132910924476,9.025563958870723,0.0003489658253437304,1.78635898740031,-0.001075153756910587,1466.6666666666667,0.0075506024891001345,True,0.0004375976568553597,0.012785710552434899,False,True,False,False,False,0,True,False,True,False,True,False,True,False,False,0,0,False,0,15,24,24,,,,False,False,False,
77,2026-08-11T01:53:28.023191,shadow,analysis_full,silero,webrtc,False,0.00045254293945617974,True,True,False,1,False,True,False,0,0.0,,,,,,,,,,,,,0.018236774827328057,0.7316931238930692,0.21785890198055546,0.05044797407154117,,,,,,,,,,,,,,False,False,temporal_v1,False,0.00041553596661947985,0.081419624217119,3.8594826391751234,0.9128129805642444,78.76814125409209,1487.6483312520234,0.013343722743142154,0.003973043739548324,0.0009200083436375806,0.0,0.0,0.011200710318285725,0.010146235376433877,0.002073968844850002,0.02128617469149208,0.033719272152447584,9.08571910848363,0.00021886056419518471,1.9165296196641386,-0.0011646099807529871,1433.3333333333335,0.00568624433485169,True,0.0004375976568553597,0.011200710318285725,False,True,False,False,False,0,True,False,True,False,True,False,True,False,False,0,0,False,0,15,24,24,,,,False,False,False,
78,2026-08-11T01:53:28.029834,shadow,analysis_full,silero,webrtc,False,0.00041123805567622185,True,True,False,1,False,True,False,0,0.0,,,,,,,,,,,,,0.019984960912023522,0.7331003413734506,0.21638126493915458,0.050518393637357197,,,,,,,,,,,,,,False,False,temporal_v1,False,0.0004343722467602519,0.12317327766179541,3.8575075561548733,0.9137905964527869,79.1599973977013,1492.8826298878043,0.014650981666939511,0.00432437112190321,0.0010096081221808014,0.0,0.0,0.010346816349647488,0.009115710856940833,0.0020678989441478427,0.02118869356529019,0.033444715835303195,8.97034042284895,0.0002513442068221765,1.4808502677969013,-0.0008847451370365901,1400.0,0.014904650033531364,True,0.00043100002221763134,0.010346816349647488,False,True,False,False,False,0,True,False,True,False,True,False,True,False,False,0,0,False,0,15,24,24,,,,False,False,False,
79,2026-08-11T01:53:28.035425,shadow,analysis_full,silero,webrtc,False,0.0004387049993965775,True,True,False,1,False,True,False,0,0.0,,,,,,,,,,,,,0.018606976035024633,0.7494006737855515,0.20180092487756382,0.048798401283141425,,,,,,,,,,,,,,False,False,temporal_v1,False,0.0004154304417006449,0.10020876826722339,3.8323275656467883,0.9138919679813883,78.771045832884,1486.0017903436649,0.01394408037775907,0.0037549049730426364,0.0009079906832229278,0.0,0.0,0.011143978081794419,0.009777533590175896,0.0021510896323463182,0.021595157479725676,0.03363016489405405,8.734474695652874,0.0003105297900005788,1.7362470651613802,-0.0010404488770508805,1400.0,0.008225210531880385,True,0.00043100002221763134,0.011143978081794419,False,True,False,False,False,0,True,False,True,False,True,False,True,False,False,0,0,False,0,15,24,24,,,,False,False,False,
80,2026-08-11T01:53:28.041835,shadow,analysis_full,silero,webrtc,False,0.0004387049993965775,True,True,False,1,False,True,False,0,0.0,,,,,,,,,,,,,0.020054784863034584,0.7361683255533694,0.2118740918616541,0.051957582535113254,,,,,,,,,,,,,,False,False,temporal_v1,False,0.0004386052029802993,0.1127348643006263,3.9047204642900577,0.9109765757027607,79.23121968760182,1501.432548117894,0.014763697391953228,0.004249089330336299,0.0010419981397450594,0.0,0.0,0.010888725120609481,0.009380548717131985,0.002154507677600712,0.019297235921989717,0.03627233911394599,8.127832617243394,0.00029614015453307803,1.4413354284649535,-0.00086273455998033,1400.0,0.017812415393318858,True,0.0004318069841247052,0.010888725120609481,False,True,False,False,False,0,True,False,True,False,True,False,True,False,False,0,0,False,0,15,24,24,,,,False,False,False,
81,2026-08-11T01:53:28.049951,shadow,analysis_full,silero,webrtc,False,0.00042093879892490804,True,True,False,1,False,True,False,0,0.0,,,,,,,,,,,,,0.01957583421424042,0.7423403247195153,0.20463606757731448,0.05302360765208685,,,,,,,,,,,,,,False,False,temporal_v1,False,0.0004299941813918958,0.09394572025052192,3.9070512655375467,0.9105958687363527,79.05633917210145,1495.4411548276566,0.014531931127254632,0.004005921733147608,0.001037981352838182,0.0,0.0,0.006569661097056417,0.005502741504373035,0.0021152045532592057,0.015975888492450095,0.03589005204586643,7.1975655407853765,0.00022252041190386687,1.584207485218496,-0.0009511663771397083,1433.3333333333335,0.012277962861948738,True,0.00042307407420594245,0.006569661097056417,False,True,False,False,False,0,True,False,True,False,True,False,True,False,False,0,0,False,0,15,24,24,,,,False,False,False,
82,2026-08-11T01:53:28.058993,shadow,analysis_full,silero,webrtc,False,0.00038984071579761803,True,True,False,1,False,True,False,0,0.0,,,,,,,,,,,,,0.015608702484702452,0.7334629078027217,0.20844632076318992,0.05809077137002152,,,,,,,,,,,,,,False,False,temporal_v1,False,0.0003859459747618542,0.13987473903966596,3.8830495839976122,0.9090555080342136,78.10456300391033,1514.9848117427966,0.011448404311457428,0.0032535766048234866,0.0009067215674215369,0.0,0.0,0.006783586765258907,0.005508002248588048,0.003012450728141534,0.016634783391951034,0.036529249408566396,10.269132097202586,0.0003379269970453435,1.4881510302042777,-0.0008917362792754805,1500.0,0.015196506914715977,True,0.00042015007056761533,0.006783586765258907,False,True,False,False,False,0,True,False,True,False,True,False,True,False,False,0,0,False,0,15,24,24,,,,False,False,False,
83,2026-08-11T01:53:28.067412,shadow,analysis_full,silero,webrtc,False,0.0003600054478738457,True,True,False,1,False,True,False,0,0.0,,,,,,,,,,,,,0.01665437174452099,0.7359436881676438,0.21226923102983727,0.05178708074247473,,,,,,,,,,,,,,False,False,temporal_v1,False,0.00039615764702458913,0.10438413361169102,3.8638483778806076,0.9106594998870557,78.34054624185454,1497.910970536952,0.012256679765777774,0.00353521068349452,0.0008624812942486982,0.0,0.0,0.006824461990539936,0.0054540742766480575,0.002907442793097574,0.015761658528748952,0.03616016227793572,9.841514940817605,0.00038961062582184197,1.70034868047607,-0.001017989804094314,1433.3333333333335,0.008967778317233346,True,0.00041529969894327223,0.006824461990539936,False,True,False,False,False,0,True,False,True,False,True,False,True,False,False,0,0,False,0,15,24,24,,,,False,False,False,
84,2026-08-11T01:53:28.075169,shadow,analysis_full,silero,webrtc,False,0.00034653182956390083,True,True,False,1,False,True,False,0,0.0,,,,,,,,,,,,,0.017827121629878123,0.7517415282914934,0.19446640561124173,0.05379206604117072,,,,,,,,,,,,,,False,False,temporal_v1,False,0.0004088072055987014,0.10020876826722339,3.855696817773878,0.9108202821522885,78.615998169292,1503.046100766852,0.01340138765908292,0.00346677626575682,0.000958957704038387,0.0,0.0,0.007756492191297803,0.00712636880343746,0.00284656880852921,0.015635335568561823,0.03550994812261703,9.10870005169463,0.000728926957420267,1.5394574614060794,-0.0009199776773994208,1400.0,0.013560825521770506,True,0.00040053938573691994,0.007756492191297803,False,True,False,False,False,0,True,False,True,False,True,False,True,False,False,0,0,False,0,15,24,24,,,,False,False,False,
85,2026-08-11T01:53:28.081785,shadow,analysis_full,silero,webrtc,False,0.0003579544718377292,True,True,False,1,False,True,False,0,0.0,,,,,,,,,,,,,0.015165178104100965,0.7486465272723305,0.19811589001560997,0.05323758264611901,,,,,,,,,,,,,,False,False,temporal_v1,False,0.0003788083935137895,0.10020876826722339,3.833005017862609,0.9118411765533753,77.95459383907753,1499.7359976934679,0.011353357923101572,0.0030044627573392033,0.0008073574226601896,0.0,0.0,0.007817496584977473,0.007694558389161746,0.002518490731700979,0.015768570021529597,0.024842938634065514,7.911003112216283,0.000494300858511599,1.6015664000506276,-0.0009421747830270363,1366.6666666666667,0.01029799502693446,True,0.00040053938573691994,0.007817496584977473,False,True,False,False,False,0,True,False,True,False,True,False,True,False,False,0,0,False,0,15,24,24,,,,False,False,False,
86,2026-08-11T01:53:28.088317,shadow,analysis_full,silero,webrtc,False,0.00034026484354399145,True,True,False,1,False,True,False,0,0.0,,,,,,,,,,,,,0.014425524715555513,0.7414881474983862,0.20498620427568617,0.053525648156606105,,,,,,,,,,,,,,False,False,temporal_v1,False,0.00037016208007430087,0.10438413361169102,3.8586646422629753,0.9110413376563021,77.74879076240941,1495.0827691570862,0.010696355598029441,0.002957033556126822,0.0007721355603992498,0.0,0.0,0.007053936832637624,0.007294928733157612,0.0023965595400626005,0.015307142196094662,0.024443204099343512,7.859441319898449,0.0004245081623659492,1.7438742986534557,-0.0010438500083543168,1433.3333333333335,0.008172274732432816,True,0.00040053938573691994,0.007053936832637624,False,True,False,False,False,0,True,False,True,False,True,False,True,False,False,0,0,False,0,15,24,24,,,,False,False,False,
87,2026-08-11T01:53:28.095398,shadow,analysis_full,silero,webrtc,False,0.00036293730954639614,True,True,False,1,False,True,False,0,0.0,,,,,,,,,,,,,0.019802912659196623,0.7315661603740562,0.21664343835609104,0.05179040121935518,,,,,,,,,,,,,,False,False,temporal_v1,False,0.0004333979368889263,0.1022964509394572,3.8513204232262175,0.9135361827246887,79.13918301682455,1500.973951364495,0.014487140778311265,0.004290171087953719,0.001025600791931641,0.0,0.0,0.007069690951235313,0.007122466737068458,0.0023129936731349646,0.013064290477797088,0.02476584266132927,7.19154847513787,0.0004161227414361888,1.4307756033691053,-0.0008488600572340529,1400.0,0.016056728922489397,True,0.0003763890126720071,0.007069690951235313,False,True,False,False,False,0,True,False,True,False,True,False,True,False,False,0,0,False,0,15,24,24,,,,False,False,False,
88,2026-08-11T01:53:28.103221,shadow,analysis_full,silero,webrtc,False,0.00036093019298277795,True,True,False,1,False,True,False,0,0.0,,,,,,,,,,,,,0.01910072028376809,0.7216284072970104,0.22542083203973018,0.05295076061090536,,,,,,,,,,,,,,False,False,temporal_v1,False,0.00042332893275542866,0.08559498956158663,3.9164940015869028,0.9079506575877588,78.90726575521458,1504.236579437055,0.013783622356601268,0.004305700258925154,0.0010113976672416684,0.0,0.0,0.00886232521153805,0.008666776596089684,0.0022009995758198557,0.013594004673152154,0.02900716323902739,7.0709654278802105,0.0004953722033110908,1.9375762301264017,-0.0011838415679026376,1433.3333333333335,0.006092985029257999,True,0.00036193375126458704,0.00886232521153805,False,True,False,False,False,0,True,False,True,False,True,False,True,False,False,0,0,False,0,15,24,24,,,,False,False,False,
89,2026-08-11T01:53:28.109850,shadow,analysis_full,silero,webrtc,False,0.00032216517138294876,True,True,False,1,False,True,False,0,0.0,,,,,,,,,,,,,0.016056606417373977,0.7401460548870342,0.20977779188122087,0.05007615316946527,,,,,,,,,,,,,,False,False,temporal_v1,False,0.00039010472922985527,0.11899791231732777,3.8738480224697067,0.9138056794462002,78.22084650091143,1476.7344254149618,0.011884233894693185,0.0033683194393425535,0.0008040530823382383,0.0,0.0,0.00821218785557123,0.00843586322733602,0.0019860389100693054,0.014173197555318312,0.026050050517151323,9.135625562230068,0.00043678994459169364,1.99328420661491,-0.001231623979098712,1400.0,0.005321053698034218,True,0.0003604678204283118,0.00821218785557123,False,True,False,False,False,0,True,False,True,False,True,False,True,False,False,0,0,False,0,15,24,24,,,,False,False,False,
90,2026-08-11T01:53:28.115960,shadow,analysis_full,silero,webrtc,False,0.0003177943581249565,True,True,False,1,False,True,False,0,0.0,,,,,,,,,,,,,0.014378956856523658,0.7633153036060225,0.1918746609492958,0.044810035375135594,,,,,,,,,,,,,,False,False,temporal_v1,False,0.00036665066647466733,0.11064718162839249,3.8057698727280895,0.9187248641871288,77.70181978539398,1458.0792095348163,0.010975677818475254,0.002758957471650029,0.0006443215653983736,0.0,0.0,0.011050831462707068,0.009711861151659234,0.0031726140744021427,0.014091471424372613,0.031098053384121915,15.203918830661715,0.0003959423511944575,2.0529860327825724,-0.0012654545484176672,1300.0,0.004074315414012855,True,0.00035897995985578746,0.011050831462707068,False,True,False,False,False,0,True,False,True,False,True,False,True,False,False,0,0,False,0,15,24,24,,,,False,False,False,
91,2026-08-11T01:53:28.121984,shadow,analysis_full,silero,webrtc,False,0.0002938845718745142,True,True,False,1,False,True,False,0,0.0,,,,,,,,,,,,,0.02001466193758515,0.7445190926991339,0.20589491651397687,0.04958599073692585,,,,,,,,,,,,,,False,False,temporal_v1,False,0.00043450032504679297,0.10438413361169102,3.861570912952215,0.9126794543501553,79.15729592448393,1494.3883071833102,0.014901297946450785,0.004120917148694565,0.0009924468414397997,0.0,0.0,0.01109594521997826,0.009692903459167122,0.003261489589267793,0.013531340645593989,0.02774185403040219,15.201531120839524,0.0002793157826625006,1.5524566111511906,-0.0009206556764858176,1366.6666666666667,0.01219296273224827,True,0.000352243150700815,0.01109594521997826,False,True,False,False,False,0,True,False,True,False,True,False,True,False,False,0,0,False,0,15,24,24,,,,False,False,False,
92,2026-08-11T01:53:28.127043,shadow,analysis_full,silero,webrtc,False,0.00034721370320767164,True,True,False,1,False,True,False,0,0.0,,,,,,,,,,,,,0.010982880673750115,0.7574826851687381,0.19026173829334064,0.052255576446870344,,,,,,,,,,,,,,False,False,temporal_v1,False,0.0003200788292250408,0.10438413361169102,3.8268825506681385,0.9121490017581161,76.48057700468934,1495.1665302097879,0.008319341943640077,0.002089621968456033,0.000573916760654004,0.0,0.0,0.011732727460505197,0.010848411115976378,0.002559755007736823,0.007987944246225051,0.028253885240214407,13.612832202275765,0.00045365587225909733,1.614373894106453,-0.0009600140124594378,1400.0,0.010429142249388774,True,0.00034687276638578624,0.011732727460505197,False,True,False,False,False,0,True,False,True,False,True,False,True,False,False,0,0,False,0,15,24,24,,,,False,False,False,
93,2026-08-11T01:53:28.132726,shadow,analysis_full,silero,webrtc,False,0.0003466388734523207,True,True,False,1,False,True,False,0,0.0,,,,,,,,,,,,,0.017254050695526806,0.7407316196631802,0.20754785841698115,0.05172052186188105,,,,,,,,,,,,,,False,False,temporal_v1,False,0.00040276336990009595,0.11691022964509394,3.8306997904317743,0.9126742871613596,78.49467213765368,1498.742237659312,0.012780620917448193,0.0035810412708746128,0.0008923885062039981,0.0,0.0,0.01150403261481574,0.010620867063390408,0.0025587771445330257,0.008945421831160148,0.0289239034001717,13.647896689353974,0.0005904916973014911,1.7498796680259694,-0.0010532866084631562,1400.0,0.008223508391285791,True,0.00034658535150811076,0.01150403261481574,False,True,False,False,False,0,True,False,True,False,True,False,True,False,False,0,0,False,0,15,24,24,,,,False,False,False,
94,2026-08-11T01:53:28.139764,shadow,analysis_full,silero,webrtc,False,0.000321917119435966,True,True,False,1,False,True,False,0,0.0,,,,,,,,,,,,,0.010624676040317915,0.716577945613773,0.2256618074229084,0.05776024686919806,,,,,,,,,,,,,,False,False,temporal_v1,False,0.00031618652233242014,0.12108559498956159,3.919445805496833,0.9061874581372836,76.34478935942175,1508.385450212994,0.007613408529782888,0.00239758359854101,0.0006136839109940165,0.0,0.0,0.01378665226507216,0.011738509169083072,0.0031437573963266855,0.010003464342973646,0.035456887717277286,14.14093579929775,0.0005754465006167211,1.9301216486620547,-0.0011770321725035027,1500.0,0.005870216160775001,True,0.00034345185849815607,0.01378665226507216,False,True,False,False,False,0,True,False,True,False,True,False,True,False,False,0,0,False,0,15,24,24,,,,False,False,False,
95,2026-08-11T01:53:28.146379,shadow,analysis_full,silero,webrtc,False,0.00031062529888004065,True,True,False,1,False,True,False,0,0.0,,,,,,,,,,,,,0.01024410289048456,0.745768195965259,0.20483527732112733,0.04939652661599653,,,,,,,,,,,,,,False,False,temporal_v1,False,0.0003104008866841519,0.09812108559498957,3.837171797522751,0.9147670628092723,76.22360997580014,1488.8602146445126,0.007639726131919166,0.002098353656478567,0.0005060231010868276,0.0,0.0,0.013645188389417869,0.011361591019036308,0.0031756296173120536,0.010161247201367817,0.03518686317261441,14.010405614156578,0.00033740775262950203,1.488252345411389,-0.000891478661689416,1400.0,0.014194924627550485,True,0.0003312150074634701,0.013645188389417869,False,True,False,False,False,0,True,False,True,False,True,False,True,False,False,0,0,False,0,15,24,24,,,,False,False,False,
96,2026-08-11T01:53:28.151931,shadow,analysis_full,silero,webrtc,False,0.00031062529888004065,True,True,False,1,False,True,False,0,0.0,,,,,,,,,,,,,0.009672315377615714,0.741978176896085,0.207426124891969,0.05059569810855811,,,,,,,,,,,,,,False,False,temporal_v1,False,0.00030126160702391756,0.11064718162839249,3.858220410926225,0.9149695130440396,75.96215651865384,1485.3942378873107,0.007176646930247276,0.002006290897511829,0.0004893775488566089,0.0,0.0,0.013650165994581015,0.011314111495091804,0.0030990515846734835,0.010193365858650277,0.035186512253348484,14.102905364808475,0.0004940416155734441,1.3787627250508563,-0.0008249991120928961,1400.0,0.018899248646564046,True,0.0003220411454094574,0.013650165994581015,False,True,False,False,False,0,True,False,True,False,True,False,True,False,False,0,0,False,0,15,24,24,,,,False,False,False,
97,2026-08-11T01:53:28.158683,shadow,analysis_full,silero,webrtc,False,0.0003071515529882163,True,True,False,1,False,True,False,0,0.0,,,,,,,,,,,,,0.010397344559532768,0.7248881456038461,0.2224587513699575,0.05265310293001787,,,,,,,,,,,,,,False,False,temporal_v1,False,0.00031411256014049016,0.13778705636743216,3.8547917013522524,0.9099615723077916,76.30508577251722,1502.04264500205,0.0075369118169639465,0.0023129802882768803,0.0005474524532919401,0.0,0.0,0.01421622021697877,0.011852594407451693,0.0031290937886475304,0.01347970643620704,0.035134583487954944,14.181184914876846,0.0005176048558123567,1.8566748581829793,-0.0011202628966972092,1466.6666666666667,0.006373922781980797,True,0.00031985573878046125,0.01421622021697877,False,True,False,False,False,0,True,False,True,False,True,False,True,False,False,0,0,False,0,15,24,24,,,,False,False,False,
98,2026-08-11T01:53:28.165566,shadow,analysis_full,silero,webrtc,False,0.00026965056895278394,True,True,False,1,False,True,False,0,0.0,,,,,,,,,,,,,0.008872085479622512,0.7091384712076706,0.2371966128740207,0.05366491580559558,,,,,,,,,,,,,,False,False,temporal_v1,False,0.0002915180757949648,0.13569937369519833,3.945073034634323,0.9081617150966818,75.64093379781701,1530.4631653895076,0.006291537133443281,0.0021044286248952412,0.00047611972028398914,0.0,0.0,0.01616453803335073,0.013833462615493477,0.003176473393510207,0.012430042293615197,0.040490616797355994,18.20374665366206,0.000449756114282556,1.2468312845120126,-0.0007372464150726654,1500.0,0.026143956102439515,True,0.00031420982850249857,0.01616453803335073,False,True,False,False,False,0,True,False,True,False,True,False,True,False,False,0,0,False,0,15,24,24,,,,False,False,False,
99,2026-08-11T01:53:28.173391,shadow,analysis_full,silero,webrtc,False,0.00026198942214250565,True,True,False,1,False,True,False,0,0.0,,,,,,,,,,,,,0.004042830603887653,0.7547094003363712,0.1917548428949058,0.053535756521371575,,,,,,,,,,,,,,False,False,temporal_v1,False,0.00019569575937128194,0.11691022964509394,3.796155531195629,0.9095267065170822,72.12225311082807,1524.5614625030992,0.0030511622607215802,0.0007752323472991941,0.00021643599486687902,0.0,0.0,0.01689103966219614,0.014915032715237923,0.003217712343318227,0.012393170838961028,0.044592601175292144,19.332879563749763,0.0009333066484278021,1.4014843202896337,-0.0008325155690401582,1400.0,0.016059492941814003,True,0.00031062529888004065,0.01689103966219614,False,True,False,False,False,0,True,False,True,False,True,False,True,False,False,0,0,False,0,15,24,24,,,,False,False,False,
100,2026-08-11T01:53:28.182012,shadow,analysis_full,silero,webrtc,False,0.00033336805063299835,True,True,False,1,False,True,False,0,0.0,,,,,,,,,,,,,0.00709110515973911,0.7371234376001411,0.21211436518112306,0.050762197077714066,,,,,,,,,,,,,,False,False,temporal_v1,False,0.0002596192478173221,0.1544885177453027,3.8838341338875892,0.9098105523042743,74.62872126331958,1510.0236873697893,0.005227019811730991,0.0015041252693906476,0.0003599600776174718,0.0,0.0,0.014981571530556702,0.013858690450430778,0.0023370482668864973,0.016812003695439028,0.0423147640095773,13.983842669773942,0.0008218459463649548,1.5061322144775042,-0.0008975355626672232,1400.0,0.013857546151864247,True,0.00031062529888004065,0.014981571530556702,False,True,False,False,False,0,True,False,True,False,True,False,True,False,False,0,0,False,0,15,24,24,,,,False,False,False,
101,2026-08-11T01:53:28.188882,shadow,analysis_full,silero,webrtc,False,0.00029606549651362,True,True,False,1,False,True,False,0,0.0,,,,,,,,,,,,,0.006858440328322803,0.7590408910178701,0.18696505330753616,0.053994055528787895,,,,,,,,,,,,,,False,False,temporal_v1,False,0.000253295667744269,0.14613778705636743,3.8074264718201674,0.9110574559731416,74.41717447092664,1526.9717060067223,0.005205836657803034,0.0012822886615914287,0.0003703150079283397,0.0,0.0,0.016260929251994082,0.015550120723637756,0.00221634104640443,0.017572534873919802,0.04530305925855177,15.157429546022703,0.0005417764875195048,1.3397931740718516,-0.000790550703050972,1333.3333333333335,0.019150012609404438,True,0.00031062529888004065,0.016260929251994082,False,True,False,False,False,0,True,False,True,False,True,False,True,False,False,0,0,False,0,15,24,24,,,,False,False,False,
102,2026-08-11T01:53:28.195302,shadow,analysis_full,silero,webrtc,False,0.00036187595105729997,True,True,False,1,False,True,False,0,0.0,,,,,,,,,,,,,0.0085963086860393,0.7224068803060973,0.2271766952553362,0.050416424322237335,,,,,,,,,,,,,,False,False,temporal_v1,False,0.0002846130820460061,0.15866388308977036,3.8355601966744004,0.9115184115720879,75.44614120002231,1488.4450167324587,0.0062100325400298575,0.0019528809986891498,0.00043339514632029187,0.0,0.0,0.015610582688124952,0.015129278539592405,0.0023142460976034187,0.018938170306766765,0.04481809886625642,15.805179684803209,0.0007608006015009587,1.9612443989686033,-0.0011932884537846548,1433.3333333333335,0.005105319397556889,True,0.00031062529888004065,0.015610582688124952,False,True,False,False,False,0,True,False,True,False,True,False,True,False,False,0,0,False,0,15,24,24,,,,False,False,False,
103,2026-08-11T01:53:28.200922,shadow,analysis_full,silero,webrtc,False,0.00029083911795169115,True,True,False,1,False,True,False,0,0.0,,,,,,,,,,,,,0.004260436799758526,0.7402074995322512,0.20272924785868274,0.057063252374348256,,,,,,,,,,,,,,False,False,temporal_v1,False,0.00020101158268779503,0.12526096033402923,3.8387338638687636,0.9069567191591337,72.3488578108313,1537.1198287083355,0.003153607270464445,0.0008637151479644993,0.0002431143803295814,0.0,0.0,0.015592914263340267,0.01534854273928089,0.0026730773378831423,0.018538104903540988,0.0444125216366384,17.990734597174246,0.0009342099670517297,1.3556813730487982,-0.0008039096473349953,1466.6666666666667,0.019549119141515026,True,0.00030888842593412846,0.015592914263340267,False,True,False,False,False,0,True,False,True,False,True,False,True,False,False,0,0,False,0,15,24,24,,,,False,False,False,
104,2026-08-11T01:53:28.206685,shadow,analysis_full,silero,webrtc,False,0.00029038998764008284,True,True,False,1,False,True,False,0,0.0,,,,,,,,,,,,,0.0076059767899117154,0.7062728909658841,0.23325506359090706,0.06047204531173331,,,,,,,,,,,,,,False,False,temporal_v1,False,0.0002681177984305951,0.13569937369519833,3.89418429447295,0.906895345698721,74.89856728638931,1539.4418055963856,0.005371895216030362,0.0017741325998018203,0.0004599489730795331,0.0,0.0,0.017059998044271957,0.016179301047189173,0.0032245177568232847,0.018314582212493786,0.041444540854993495,19.97584844860432,0.0006226625266970641,1.2566234466783721,-0.0007486943687600588,1466.6666666666667,0.024458575489995454,True,0.00030160852475091815,0.017059998044271957,False,True,False,False,False,0,True,False,True,False,True,False,True,False,False,0,0,False,0,15,24,24,,,,False,False,False,
105,2026-08-11T01:53:28.211467,shadow,analysis_full,silero,webrtc,False,0.00031264263088814914,True,True,False,1,False,True,False,0,0.0,,,,,,,,,,,,,0.003018430036135856,0.7049544731365797,0.22234977250006535,0.07269575403205683,,,,,,,,,,,,,,False,False,temporal_v1,False,0.00017183032604522704,0.17954070981210857,3.8726636422722995,0.893708016467726,70.88178396132594,1569.6284765521843,0.0021278557558237795,0.0006711472318421716,0.0002194270474699046,0.0,0.0,0.01860519576350814,0.016192891493637618,0.006424378003333316,0.019527367284296628,0.041275317923818756,24.30711438298544,0.0009456258644384932,1.4557289979771681,-0.0008685287895541075,1666.6666666666667,0.01576696386021377,True,0.00030160852475091815,0.01860519576350814,False,True,False,False,False,0,True,False,True,False,True,False,True,False,False,0,0,False,0,15,24,24,,,,False,False,False,
106,2026-08-11T01:53:28.216999,shadow,analysis_full,silero,webrtc,False,0.00028022058540955186,True,True,False,1,False,True,False,0,0.0,,,,,,,,,,,,,0.003660636285096324,0.7335938302226962,0.2077037480292165,0.058702421474910796,,,,,,,,,,,,,,False,False,temporal_v1,False,0.00018543741359450797,0.1524008350730689,3.8253486654154485,0.9070963837478924,71.62954468575582,1514.4302510523585,0.0026854201934359938,0.000760327876586254,0.0002148882140740761,0.0,0.0,0.01823499397851652,0.016181243277152063,0.006252794756313211,0.017099892592672427,0.042471401966702176,21.390832471627835,0.0009223991437230136,1.7561276476700651,-0.001073041589493827,1466.6666666666667,0.008209786049766897,True,0.0002934523072326556,0.01823499397851652,False,True,False,False,False,0,True,False,True,False,True,False,True,False,False,0,0,False,0,15,24,24,,,,False,False,False,
107,2026-08-11T01:53:28.224476,shadow,analysis_full,silero,webrtc,False,0.00028823220054619014,True,True,False,1,False,True,False,0,0.0,,,,,,,,,,,,,0.0030424035227604018,0.724621663106165,0.20577503927926827,0.06960329728587913,,,,,,,,,,,,,,False,False,temporal_v1,False,0.000171718852342306,0.1649269311064718,3.9004187606872067,0.8987205165195162,70.90003908564742,1547.892363793681,0.0022045915005026975,0.0006260507043994058,0.0002117613168582982,0.0,0.0,0.018241518402834122,0.016121262429249085,0.007229572531385247,0.01798802440796494,0.0445627878551004,21.036855944233164,0.0010575894651592345,1.3346806985436999,-0.0008015929381210571,1666.6666666666667,0.022717945991135618,True,0.000290614552795887,0.018241518402834122,False,True,False,False,False,0,True,False,True,False,True,False,True,False,False,0,0,False,0,15,24,24,,,,False,False,False,
108,2026-08-11T01:53:28.231042,shadow,analysis_full,silero,webrtc,False,0.00027391797630116343,True,True,False,1,False,True,False,0,0.0,,,,,,,,,,,,,0.0016341412883269005,0.7059440381511017,0.24353802253369514,0.05051793870326096,,,,,,,,,,,,,,False,False,temporal_v1,False,0.000129266059380508,0.1022964509394572,3.647254223525276,0.9131449011673867,68.38442739133322,1497.3654444276706,0.001153612299990936,0.0003979755378997983,8.255344943616626e-05,0.0,0.0,0.018614318904626816,0.017163342746412895,0.007479558508668676,0.02234503241797019,0.06998309683518265,23.038629911229975,0.002352105368815228,1.467686854370963,-0.0008821981359390688,1433.3333333333335,0.012718464493684517,True,0.000290614552795887,0.018614318904626816,False,True,False,False,False,0,True,False,True,False,True,False,True,False,False,0,0,False,0,15,24,24,,,,False,False,False,
109,2026-08-11T01:53:28.236115,shadow,analysis_full,silero,webrtc,False,0.0002528507320675999,True,True,False,1,False,True,False,0,0.0,,,,,,,,,,,,,0.0016523374117098446,0.6872614789989554,0.2577120064571566,0.05502651393868473,,,,,,,,,,,,,,False,False,temporal_v1,False,0.0001322642496873929,0.12317327766179541,3.9050443145228133,0.9055876739695473,68.55993457729096,1540.8523027352223,0.0011355878533770138,0.00042582718971596883,9.092236761686202e-05,0.0,0.0,0.020189010921723295,0.020035537919030247,0.0074080685130544395,0.02166467483353291,0.0722789448172266,23.480184313195824,0.002805868842228933,1.213906346613025,-0.0007175575006267897,1533.3333333333335,0.02495445379816881,True,0.000290614552795887,0.020189010921723295,False,True,False,False,False,0,True,False,True,False,True,False,True,False,False,0,0,False,0,15,24,24,,,,False,False,False,
110,2026-08-11T01:53:28.243054,shadow,analysis_full,silero,webrtc,False,0.0003165965317748487,True,True,False,1,False,True,False,0,0.0,,,,,,,,,,,,,0.0011735426870395748,0.7327799720011579,0.21054361277118236,0.05667641437553913,,,,,,,,,,,,,,False,False,temporal_v1,False,0.00010928385919030497,0.15031315240083507,3.688277058499112,0.9002967669868501,66.75228434299353,1547.9294998767666,0.0008599485773510231,0.0002470819170705131,6.651219161803858e-05,0.0,0.0,0.019906793260970793,0.020102256494179915,0.007039499993084894,0.021503131524008352,0.08362180446774986,23.45825323762289,0.002140238285081401,1.6362816243621867,-0.0009948097076928908,1500.0,0.009275433019023907,True,0.000290614552795887,0.019906793260970793,False,True,False,False,False,0,True,False,True,False,True,False,True,False,False,0,0,False,0,15,24,24,,,,False,False,False,
111,2026-08-11T01:53:28.248094,shadow,analysis_full,silero,webrtc,False,0.0002975797688122839,True,True,False,1,False,True,False,0,0.0,,,,,,,,,,,,,0.0015520501436211902,0.7601066573364159,0.18229455029023967,0.05759879172903535,,,,,,,,,,,,,,False,False,temporal_v1,False,0.00012742484407425911,0.13778705636743216,3.794196628891755,0.9064937716801373,68.22007206289358,1570.9986182020857,0.001179723646686407,0.00028293028295932674,8.939621297545633e-05,0.0,0.0,0.020108212143261747,0.02089764505000924,0.006889365908786184,0.021559809367087897,0.08393791434057324,26.252707522063513,0.00267419347410037,1.1171649087914064,-0.0006621107392078891,1400.0,0.03019377131334733,True,0.000290614552795887,0.020108212143261747,False,True,False,False,False,0,True,False,True,False,True,False,True,False,False,0,0,False,0,15,24,24,,,,False,False,False,
112,2026-08-11T01:53:28.253132,shadow,analysis_full,silero,webrtc,False,0.0002975797688122839,True,True,False,1,False,True,False,0,0.0,,,,,,,,,,,,,0.0010772457482576036,0.7363281247013261,0.20815617525200164,0.05551569911837891,,,,,,,,,,,,,,False,False,temporal_v1,False,0.0001064376552285218,0.11691022964509394,3.608816992496293,0.90736590786002,66.53566279360984,1552.1483522467906,0.0007932063416569981,0.00022423535476378336,5.9804050836822076e-05,0.0,0.0,0.020577424604419168,0.02096038160860091,0.006416755087422887,0.02215797584584032,0.10476014986669681,21.355682722003028,0.003294153409580263,1.485679480244999,-0.0008935592201290516,1433.3333333333335,0.012080567341713502,True,0.000290614552795887,0.020577424604419168,False,True,False,False,False,0,True,False,True,False,True,False,True,False,False,0,0,False,0,15,24,24,,,,False,False,False,
113,2026-08-11T01:53:28.259477,shadow,analysis_full,silero,webrtc,False,0.0002952553622890264,True,True,False,1,False,True,False,0,0.0,,,,,,,,,,,,,0.0010904129855036037,0.7672286380763371,0.18718910739577754,0.0455822536108015,,,,,,,,,,,,,,False,False,temporal_v1,False,0.0001070731175122336,0.10647181628392484,3.611462528427595,0.9216536764651709,66.65945496624269,1449.0328541846093,0.0008365960698086826,0.0002041134334491845,4.9703481245736487e-05,0.0,0.0,0.024104302687657862,0.022509711988012937,0.00764030256078747,0.023952917760774056,0.11725552240976958,35.16412734383457,0.004181511823706018,1.1929824134019087,-0.0007206831181620532,1300.0,0.0209079631593635,True,0.0002928226749645546,0.024104302687657862,False,True,False,False,False,0,True,False,True,False,True,False,True,False,False,0,0,False,0,15,24,24,,,,False,False,False,
114,2026-08-11T01:53:28.265531,shadow,analysis_full,silero,webrtc,False,0.0003047730715479702,True,True,False,1,False,True,False,0,0.0,,,,,,,,,,,,,0.0010139363216942823,0.8363903658390256,0.12162130892691231,0.041988324247806894,,,,,,,,,,,,,,False,False,temporal_v1,False,0.0001011245859762412,0.09394572025052192,3.2499767473079286,0.93245656673972,66.16363268394343,1433.2901175220077,0.0008480465710393567,0.00012331626261299745,4.2573487041928164e-05,0.0,0.0,0.039921958616633994,0.035209591800456734,0.008992661366775024,0.02722325396693618,0.18897941306427027,45.97059829405882,0.005566298153572534,1.4362285481424766,-0.0008714244967789401,1033.3333333333335,0.009011857365472513,True,0.0002964175655506551,0.039921958616633994,False,True,False,False,False,0,True,False,True,False,True,False,True,False,False,0,0,False,0,15,24,24,,,,False,False,False,
115,2026-08-11T01:53:28.271789,shadow,analysis_full,silero,webrtc,False,0.00029268336948007345,True,True,False,1,False,True,False,0,0.0,,,,,,,,,,,,,0.0003895560279391825,0.7223659818624375,0.21065528162523506,0.06697873394530254,,,,,,,,,,,,,,False,False,temporal_v1,False,6.879589671347722e-05,0.12317327766179541,3.61416342323024,0.9009760265902308,62.08455799822379,1592.1327447063052,0.0002814020226127187,8.206203477433642e-05,2.6091969552127346e-05,0.0,0.0,0.03876552341156485,0.03479533804688752,0.008072566479413299,0.02235770713249307,0.18257984492699597,48.69947089991357,0.007816497742735082,1.1491989680277952,-0.0006861297112505394,1566.6666666666667,0.02692094925211498,True,0.0002939693658845499,0.03876552341156485,False,True,False,False,False,0,True,False,True,False,True,False,True,False,False,0,0,False,0,15,24,24,,,,False,False,False,
116,2026-08-11T01:53:28.277839,shadow,analysis_full,silero,webrtc,False,0.00034642923856154084,True,True,False,1,False,True,False,0,0.0,,,,,,,,,,,,,0.0005387757189066262,0.8396531994783455,0.11959180466149368,0.04075499400410087,,,,,,,,,,,,,,False,False,temporal_v1,False,7.989711688577149e-05,0.11482254697286012,2.973274076101643,0.9380394382155391,63.84999842717923,1476.6692534241345,0.0004523847561811944,6.443316053183706e-05,2.1957801193594684e-05,0.0,0.0,0.04863340591406281,0.04284509986248868,0.009154582633131871,0.020907076206086745,0.273266889117086,50.76246245150607,0.010876497858181691,1.2338883951699704,-0.0007440351413482408,900.0000000000001,0.01327261371154655,True,0.0002964175655506551,0.04863340591406281,False,True,False,False,False,0,True,False,True,False,True,False,True,False,False,0,0,False,0,15,24,24,,,,False,False,False,
117,2026-08-11T01:53:28.283355,shadow,analysis_full,silero,webrtc,False,0.0002944185398519039,True,True,False,1,False,True,False,0,0.0,,,,,,,,,,,,,0.0005504017772637513,0.7729755696729353,0.154028541014546,0.07299588749566399,,,,,,,,,,,,,,False,False,temporal_v1,False,7.746211851402963e-05,0.14613778705636743,3.4240976663425884,0.902701420005394,63.36274332541593,1576.6421143603425,0.0004254471273294442,8.477758272374872e-05,4.0177066210558295e-05,0.0,0.0,0.04814505357259936,0.04429623330628955,0.009767952022801986,0.017685025957868368,0.25769596799659544,52.97940664310232,0.007732920022429999,1.2589552888195947,-0.0007518363088298985,1466.6666666666667,0.016386390725207475,True,0.0002964175655506551,0.04814505357259936,False,True,False,False,False,0,True,False,True,False,True,False,True,False,False,0,0,False,0,15,24,24,,,,False,False,False,
118,2026-08-11T01:53:28.289293,shadow,analysis_full,silero,webrtc,False,0.00032278220169246197,True,True,False,1,False,True,False,0,0.0,,,,,,,,,,,,,0.0003501379077084408,0.7905682013011313,0.1554558086763201,0.05397598716653114,,,,,,,,,,,,,,False,False,temporal_v1,False,6.562924422964706e-05,0.10020876826722339,3.331310400935315,0.9135069675592659,61.61857516478303,1618.9452743417937,0.0002768078959044035,5.44309715910504e-05,1.8899039212986865e-05,0.0,0.0,0.04597303279292619,0.04134057928983374,0.009686560280077642,0.017921269254284767,0.26334453919328554,59.13262435906156,0.008364622372539564,0.9982721604782159,-0.000599244387764433,1333.3333333333335,0.028790164851197286,True,0.0002975797688122839,0.04597303279292619,False,True,False,False,False,0,True,False,True,False,True,False,True,False,False,0,0,False,0,15,24,24,,,,False,False,False,
119,2026-08-11T01:53:28.297793,shadow,analysis_full,silero,webrtc,False,0.0003152357821818441,True,True,False,1,False,True,False,0,0.0,,,,,,,,,,,,,0.0009824444832630063,0.7909741625319443,0.16749865376390438,0.041527182686282006,,,,,,,,,,,,,,False,False,temporal_v1,False,9.849934499458499e-05,0.09812108559498957,3.30444853855414,0.9296986390859624,65.89668291908632,1472.7298331103366,0.0007770882023830852,0.00016455812834432825,4.079815153559279e-05,0.0,0.0,0.03844607263365075,0.03244147746580143,0.010458204995529002,0.0191896538852576,0.2357349565233386,62.0190783801817,0.006254555399619212,1.2788045081901132,-0.0007708898456063727,1066.6666666666667,0.01333110165034163,True,0.000301176420180127,0.03844607263365075,False,True,False,False,False,0,True,False,True,False,True,False,True,False,False,0,0,False,0,15,24,24,,,,False,False,False,
120,2026-08-11T01:53:28.305191,shadow,analysis_full,silero,webrtc,False,0.00030930494540371,True,True,False,1,False,True,False,0,0.0,,,,,,,,,,,,,0.0010662577854122527,0.8122223605938462,0.15102225808151148,0.03675538038678272,,,,,,,,,,,,,,False,False,temporal_v1,False,0.0001025493302418774,0.09812108559498957,3.2037700730550682,0.932158416727459,66.29663622682189,1426.835224840959,0.0008660384154691067,0.00016102865844995013,3.9190710493195896e-05,0.0,0.0,0.03709833545649476,0.030148587014773146,0.01148367410716069,0.01686248058981935,0.23361949553177952,68.62153831233583,0.004932538244966007,1.541075628089779,-0.0009371961155337903,1100.0,0.007665246779346666,True,0.000301176420180127,0.03709833545649476,False,True,False,False,False,0,True,False,True,False,True,False,True,False,False,0,0,False,0,15,24,24,,,,False,False,False,
121,2026-08-11T01:53:28.312904,shadow,analysis_full,silero,webrtc,False,0.00029879994690418243,True,True,False,1,False,True,False,0,0.0,,,,,,,,,,,,,0.0014622410390976778,0.7358561401373532,0.20236585997730294,0.06177799920146193,,,,,,,,,,,,,,False,False,temporal_v1,False,0.00012191182903110107,0.14613778705636743,3.7148097138669485,0.9083856614849216,67.81847851638746,1541.967834382248,0.0010759990469808498,0.0002959076653711066,9.03343257457212e-05,0.0,0.0,0.03923867831288944,0.03180571041345942,0.011775194712894529,0.018195205486013298,0.22151720954853799,66.86484610685471,0.005322272064837343,1.3311030807131048,-0.0007922152736645837,1400.0,0.018079900956184673,True,0.0003017865092260763,0.03923867831288944,False,True,False,False,False,0,True,False,True,False,True,False,True,False,False,0,0,False,0,15,24,24,,,,False,False,False,
122,2026-08-11T01:53:28.319721,shadow,analysis_full,silero,webrtc,False,0.0002917608944699168,True,True,False,1,False,True,False,0,0.0,,,,,,,,,,,,,0.0038478581758387915,0.7274427209069555,0.22441036544248028,0.04814691339067944,,,,,,,,,,,,,,False,False,temporal_v1,False,0.00019338793334366445,0.09812108559498957,3.780244588141851,0.9138087698951355,72.03680053048176,1492.3822983026039,0.0027990964210962447,0.0008634992594108187,0.00018526249433172806,0.0,0.0,0.04031375320637187,0.034157099735954835,0.01174922704663576,0.018799579565516034,0.24238454331084802,65.85484902200818,0.0015517313851100942,1.4512639101705498,-0.000866793731568688,1400.0,0.014408196417819407,True,0.0003017865092260763,0.04031375320637187,False,True,False,False,False,0,True,False,True,False,True,False,True,False,False,0,0,False,0,15,24,24,,,,False,False,False,
123,2026-08-11T01:53:28.327425,shadow,analysis_full,silero,webrtc,False,0.000312592281261459,True,True,False,1,False,True,False,0,0.0,,,,,,,,,,,,,0.003011779976912361,0.7767301780152804,0.1809395981152226,0.042330223537467404,,,,,,,,,,,,,,False,False,temporal_v1,False,0.0001725434254941938,0.08559498956158663,3.5890660698279393,0.9258242641178903,71.07185380541408,1428.2096986496947,0.0023393403976099954,0.0005449502586339969,0.00012748931966836865,0.0,0.0,0.040123256952438194,0.03388167310298632,0.01193948664225686,0.020443306781226935,0.24070974176239499,67.98325707940711,0.00197924234833123,1.6257612355280116,-0.0009887642986745684,1233.3333333333335,0.009054482027746743,True,0.0003070390084758401,0.040123256952438194,False,True,False,False,False,0,True,False,True,False,True,False,True,False,False,0,0,False,0,15,24,24,,,,False,False,False,
124,2026-08-11T01:53:28.334055,shadow,analysis_full,silero,webrtc,False,0.00035521708196029067,True,True,False,1,False,True,False,0,0.0,,,,,,,,,,,,,0.004161390386885017,0.7334756098194317,0.21998490864998274,0.04653948129028125,,,,,,,,,,,,,,False,False,temporal_v1,False,0.0001978301172787627,0.11064718162839249,3.762436592863049,0.9144033481885855,72.24218072573042,1508.6185163458817,0.003052278351717209,0.0009154430841158168,0.0001936689500519915,0.0,0.0,0.03759102944531445,0.03303676734950289,0.01168181449077845,0.019696265378099858,0.25357958316679674,63.5396507898605,0.0019150810974336904,1.287872349255284,-0.0007632969857465728,1500.0,0.02083756313756775,True,0.0003109486133325845,0.03759102944531445,False,True,False,False,False,0,True,False,True,False,True,False,True,False,False,0,0,False,0,15,24,24,,,,False,False,False,
125,2026-08-11T01:53:28.340141,shadow,analysis_full,silero,webrtc,False,0.00033795268973335624,True,True,False,1,False,True,False,0,0.0,,,,,,,,,,,,,0.0021499414458565004,0.698252175974238,0.24592314619841024,0.05582467736222255,,,,,,,,,,,,,,False,False,temporal_v1,False,0.00014739241141894732,0.12317327766179541,3.875333287750953,0.9048005058978039,69.54772014398682,1530.499169933553,0.001501201292786501,0.0005287203645073897,0.00012001978756260938,0.0,0.0,0.04118540674014994,0.03780885297051569,0.01060255264558138,0.019696265378099858,0.2792563909555063,58.395635628260564,0.0011482547364536917,1.3657558137214365,-0.0008191963307887661,1566.6666666666667,0.01931633373419085,True,0.00031391403172165155,0.04118540674014994,False,True,False,False,False,0,True,False,True,False,True,False,True,False,False,0,0,False,0,15,24,24,,,,False,False,False,
126,2026-08-11T01:53:28.346217,shadow,analysis_full,silero,webrtc,False,0.0003318102681078017,True,True,False,1,False,True,False,0,0.0,,,,,,,,,,,,,0.006181516112582415,0.7286324806922181,0.22412485808298452,0.04724266106302476,,,,,,,,,,,,,,False,False,temporal_v1,False,0.00024141890595869212,0.12526096033402923,3.8357127382107707,0.9109046295895324,73.99237666049548,1490.4054428916832,0.004504053419549842,0.001385431421470216,0.00029203127056235745,0.0,0.0,0.03479133120340344,0.033251425102956735,0.01020416205338373,0.02008519995124124,0.23405814740731262,57.81647366322928,0.0015801400579319345,1.7084399053724695,-0.0010262691346437757,1400.0,0.008576860452322858,True,0.00031391403172165155,0.03479133120340344,False,True,False,False,False,0,True,False,True,False,True,False,True,False,False,0,0,False,0,15,24,24,,,,False,False,False,
127,2026-08-11T01:53:28.352825,shadow,analysis_full,silero,webrtc,False,0.0003768641618080437,True,True,False,1,False,True,False,0,0.0,,,,,,,,,,,,,0.005923377894263534,0.7300225417765943,0.21381125530833123,0.05616620274625177,,,,,,,,,,,,,,False,False,temporal_v1,False,0.00023894262455002977,0.13987473903966596,3.78622271645328,0.9129768762080118,73.91107951198029,1510.6408107455716,0.0043241993862735565,0.001266484863238106,0.00033269364375187153,0.0,0.0,0.03516785031391884,0.03108741973508786,0.00738978991540028,0.019121395473971424,0.2348198076392584,53.27529665717154,0.000892785159236152,1.3955403082275712,-0.0008352803251386753,1400.0,0.017145612762630512,True,0.00031900899193715304,0.03516785031391884,False,True,False,False,False,0,True,False,True,False,True,False,True,False,False,0,0,False,0,15,24,24,,,,False,False,False,
128,2026-08-11T01:53:28.358307,shadow,analysis_full,silero,webrtc,False,0.0003768641618080437,True,True,False,1,False,True,False,0,0.0,,,,,,,,,,,,,0.00938717144487354,0.7284901541262546,0.21599693321673674,0.05551291255048032,,,,,,,,,,,,,,False,False,temporal_v1,False,0.0002956128926337268,0.15031315240083507,3.8852604133074364,0.9057117378705213,75.75179716082891,1519.364250567483,0.006838461972685501,0.0020276002436724083,0.0005211092275156309,0.0,0.0,0.033315867012480294,0.02782911337768149,0.007506152060587549,0.02163649182144669,0.2257394276343216,37.471099497176176,0.0004972433978041824,1.953586530013933,-0.0011791219536208416,1466.6666666666667,0.00529156421507927,True,0.0003235230251448229,0.033315867012480294,False,True,False,False,False,0,True,False,True,False,True,False,True,False,False,0,0,False,0,15,24,24,,,,False,False,False,
129,2026-08-11T01:53:28.365544,shadow,analysis_full,silero,webrtc,False,0.0003467506030574441,True,True,False,1,False,True,False,0,0.0,,,,,,,,,,,,,0.005063681358468288,0.724920494312235,0.22919306845298448,0.045886437037295676,,,,,,,,,,,,,,False,False,temporal_v1,False,0.0002211544437344365,0.13569937369519833,3.814802026727565,0.9127330400505301,73.2250102613754,1497.02478887553,0.003670766393420481,0.0011605606682155236,0.00023235429583228292,0.0,0.0,0.030187008055104558,0.02567357422970138,0.007167874275949899,0.021196919788473174,0.1915904119608587,36.91569498061752,0.0008127623505797991,1.4902156187885565,-0.0008894727319363966,1466.6666666666667,0.013613994955297639,True,0.00033488147892057896,0.030187008055104558,False,True,False,False,False,0,True,False,True,False,True,False,True,False,False,0,0,False,0,15,24,24,,,,False,False,False,
130,2026-08-11T01:53:28.371053,shadow,analysis_full,silero,webrtc,False,0.00033606382203288376,True,True,False,1,False,True,False,0,0.0,,,,,,,,,,,,,0.010844748503314648,0.7274618206663191,0.21990104470569988,0.05263713453577052,,,,,,,,,,,,,,False,False,temporal_v1,False,0.0003200436296422953,0.1524008350730689,3.919945349053322,0.9085952996992863,76.46264795776779,1493.7247174503834,0.007889140490889613,0.0023847715254494664,0.0005708364859755692,0.0,0.0,0.01807818627348053,0.01621568193499491,0.005763854784822991,0.02151528934529106,0.09079462224764348,29.308124265104862,0.0006791452915673798,1.7763910187472658,-0.001076513679744433,1433.3333333333335,0.008341934487760895,True,0.00033700825588312,0.01807818627348053,False,True,False,False,False,0,True,False,True,False,True,False,True,False,False,0,0,False,0,15,24,24,,,,False,False,False,
131,2026-08-11T01:53:28.379413,shadow,analysis_full,silero,webrtc,False,0.0003406536707188934,True,True,False,1,False,True,False,0,0.0,,,,,,,,,,,,,0.011062605591840451,0.7227232306879774,0.22231495893709954,0.05496181028452834,,,,,,,,,,,,,,False,False,temporal_v1,False,0.0003246262242808877,0.1315240083507307,3.924219306106707,0.9064939407139285,76.57732096298703,1507.738300811038,0.007995202053161815,0.0024593827078873377,0.0006080208297912972,0.0,0.0,0.01816385706232183,0.015418304193033324,0.004794991653509012,0.02062478335737531,0.09366918932044295,26.189620232763886,0.000383980439754895,1.5973193436656294,-0.0009568652474014049,1500.0,0.011773891194410564,True,0.0003393031802261248,0.01816385706232183,False,True,False,False,False,0,True,False,True,False,True,False,True,False,False,0,0,False,0,15,24,24,,,,False,False,False,
132,2026-08-11T01:53:28.385966,shadow,analysis_full,silero,webrtc,False,0.0003505590429995209,True,True,False,1,False,True,False,0,0.0,,,,,,,,,,,,,0.013679315910772727,0.731494637487975,0.2189557202096458,0.04954964222927622,,,,,,,,,,,,,,False,False,temporal_v1,False,0.0003569331257575056,0.12317327766179541,3.870216875393181,0.9109609166779222,77.42989456531292,1505.5670032155442,0.010006346233234185,0.0029951644672185094,0.0006778052093200345,0.0,0.0,0.01815160479079261,0.015336870326734461,0.004743618296118015,0.018597960293377944,0.09399595041326235,26.212497089099088,0.0004048222800434372,1.4915464613768985,-0.0008914138086966516,1466.6666666666667,0.014592681594955553,True,0.00034370213688816875,0.01815160479079261,False,True,False,False,False,0,True,False,True,False,True,False,True,False,False,0,0,False,0,15,24,24,,,,False,False,False,
133,2026-08-11T01:53:28.394132,shadow,analysis_full,silero,webrtc,False,0.0003419964632485062,True,True,False,1,False,True,False,0,0.0,,,,,,,,,,,,,0.014308484131664226,0.7383197958800081,0.20478175917045152,0.0568984448796518,,,,,,,,,,,,,,False,False,temporal_v1,False,0.0003691019947083822,0.1127348643006263,3.9082355880589197,0.9073596717281077,77.70612962762335,1508.109896741349,0.010564237083442667,0.0029301165515446905,0.0008141304956768695,0.0,0.0,0.010245522853172486,0.010214954870699918,0.004161486857964234,0.01353778107463338,0.053465150797984674,11.294343343049594,0.0004772169865741303,1.9869008656901825,-0.0012055290990809482,1466.6666666666667,0.005176439252408638,True,0.00034437353315297514,0.010245522853172486,False,True,False,False,False,0,True,False,True,False,True,False,True,False,False,0,0,False,0,15,24,24,,,,False,False,False,
134,2026-08-11T01:53:28.401676,shadow,analysis_full,silero,webrtc,False,0.0002767744299490005,True,True,False,1,False,True,False,0,0.0,,,,,,,,,,,,,0.01500205043408724,0.7138072065547615,0.23209553617961057,0.05409725719897032,,,,,,,,,,,,,,False,False,temporal_v1,False,0.00037643024631636555,0.12317327766179541,3.932758179551886,0.9076514499844726,77.87952765648016,1512.156487164771,0.01070857171294946,0.003481908939293037,0.0008115697808447418,0.0,0.0,0.010576967744920335,0.010671392090398964,0.0037444059314953706,0.012153469376056688,0.04696749945664246,11.389214512106792,0.0002995246879590831,1.5173710951549555,-0.0009028040493515364,1500.0,0.013928541638855724,True,0.0003413250669836998,0.010576967744920335,False,True,False,False,False,0,True,False,True,False,True,False,True,False,False,0,0,False,0,15,24,24,,,,False,False,False,
135,2026-08-11T01:53:28.410139,shadow,analysis_full,silero,webrtc,False,0.0002362504310440272,True,True,False,1,False,True,False,0,0.0,,,,,,,,,,,,,0.016351124285804146,0.7187028589089904,0.22547528169579473,0.05582185933405712,,,,,,,,,,,,,,False,False,temporal_v1,False,0.0003924849631145233,0.14613778705636743,3.9111357391129347,0.9075887238315593,78.24443008425581,1505.6952836797127,0.011751599770583664,0.00368677435438464,0.0009127501598358441,0.0,0.0,0.006520266564879427,0.0075217296511553835,0.003744184233131403,0.012484272557600044,0.04818462341053254,8.432433010430918,0.0001620344177577469,2.045733008100759,-0.0012588664510715165,1433.3333333333335,0.004795447014692963,True,0.0003413250669836998,0.006520266564879427,False,True,False,False,False,0,True,False,True,False,True,False,True,False,False,0,0,False,0,15,24,24,,,,False,False,False,
136,2026-08-11T01:53:28.417255,shadow,analysis_full,silero,webrtc,False,0.0002508570032659918,True,True,False,1,False,True,False,0,0.0,,,,,,,,,,,,,0.01489195156553373,0.7286309202641498,0.21737563683194888,0.053993442836751025,,,,,,,,,,,,,,False,False,temporal_v1,False,0.00037131308008540756,0.11064718162839249,3.8798371710372566,0.9084324123006985,77.76351515741071,1509.0368116928407,0.010850736373723987,0.0032371474552284328,0.0008040677355813104,0.0,0.0,0.006520214530438761,0.007483707799469577,0.0032423237102363204,0.014167045993589599,0.04600321195659253,6.914117250331485,0.00028447183437703644,1.6890637961796595,-0.0010164697010368756,1466.6666666666667,0.009736465583950209,True,0.0003413250669836998,0.006520214530438761,False,True,False,False,False,0,True,False,True,False,True,False,True,False,False,0,0,False,0,15,24,24,,,,False,False,False,
137,2026-08-11T01:53:28.425049,shadow,analysis_full,silero,webrtc,False,0.0002614711120259017,True,True,False,1,False,True,False,0,0.0,,,,,,,,,,,,,0.0182416776203781,0.7371678925530382,0.21274667631140926,0.050085431080733024,,,,,,,,,,,,,,False,False,temporal_v1,False,0.00041392795392915227,0.1022964509394572,3.8800253820871893,0.912858779500963,78.73447037643227,1494.7116239852528,0.013447179048046045,0.003880856284079658,0.0009136422872523974,0.0,0.0,0.007225173155241435,0.007577826851409956,0.003265246568636238,0.01651909833586501,0.03297978700456088,7.664365700363731,0.0003124510777247802,1.441039953023088,-0.0008626552028629835,1433.3333333333335,0.016975809611857073,True,0.0003383587463758886,0.007225173155241435,False,True,False,False,False,0,True,False,True,False,True,False,True,False,False,0,0,False,0,15,24,24,,,,False,False,False,
138,2026-08-11T01:53:28.432702,shadow,analysis_full,silero,webrtc,False,0.00028016476426273584,True,True,False,1,False,True,False,0,0.0,,,,,,,,,,,,,0.020856166147778188,0.7276768970284215,0.2180832970535134,0.0542398058701176,,,,,,,,,,,,,,False,False,temporal_v1,False,0.0004439203638967697,0.10647181628392484,3.873365826766305,0.9101797361540691,79.3326667187612,1506.8781235414356,0.01517655026632444,0.004548381477403341,0.0011312344030504073,0.0,0.0,0.007214446357412568,0.007496225460783385,0.003186490009950989,0.016041229822378746,0.03343596350829714,6.138766659897089,0.00022654602737905166,1.5710229211900106,-0.0009401972573598635,1466.6666666666667,0.012338091145192158,True,0.0003081142931478098,0.007214446357412568,False,True,False,False,False,0,True,False,True,False,True,False,True,False,False,0,0,False,0,15,24,24,,,,False,False,False,
139,2026-08-11T01:53:28.439675,shadow,analysis_full,silero,webrtc,False,0.00026504069683142006,True,True,False,1,False,True,False,0,0.0,,,,,,,,,,,,,0.020939801063499047,0.7417018750982378,0.20449180089257904,0.05380632396142739,,,,,,,,,,,,,,False,False,temporal_v1,False,0.00044322446931030436,0.10438413361169102,3.8962718603453568,0.9095267115432747,79.31585698466289,1502.0063859435268,0.015531089712981318,0.004282017629807262,0.0011266937197104716,0.0,0.0,0.008373181677961243,0.008133081732089119,0.002195649782649392,0.016582299325520324,0.02159529213342236,5.736228608441716,0.00023978748148715252,2.1171486677168474,-0.0012999662470649443,1433.3333333333335,0.003973172991364168,True,0.00027846959710586816,0.008373181677961243,False,True,False,False,False,0,True,False,True,False,True,False,True,False,False,0,0,False,0,15,24,24,,,,False,False,False,
140,2026-08-11T01:53:28.446607,shadow,analysis_full,silero,webrtc,False,0.0002539701235946268,True,True,False,1,False,True,False,0,0.0,,,,,,,,,,,,,0.022102493208792803,0.7432331532336981,0.20589901162902458,0.05086783509203359,,,,,,,,,,,,,,False,False,temporal_v1,False,0.0004561993294302979,0.10438413361169102,3.8590372179290156,0.9135083415338012,79.58666993576311,1483.2275931681372,0.016427305721897472,0.004550881506227666,0.0011243059796676646,0.0,0.0,0.00940074607968834,0.008798316301529859,0.0023337867923566517,0.013555476476616223,0.0235034674447377,8.097803255695448,0.0001573673831982644,1.8283433348248734,-0.001101935508897702,1400.0,0.0068918716341220005,True,0.00027090756339021027,0.00940074607968834,False,True,False,False,False,0,True,False,True,False,True,False,True,False,False,0,0,False,0,15,24,24,,,,False,False,False,
141,2026-08-11T01:53:28.453179,shadow,analysis_full,silero,webrtc,False,0.00025377090787515044,True,True,False,1,False,True,False,0,0.0,,,,,,,,,,,,,0.02090002062360752,0.7434351034207862,0.2019703416942566,0.0545945548371103,,,,,,,,,,,,,,False,False,temporal_v1,False,0.0004408532629347945,0.10438413361169102,3.8771472578350656,0.9095109420998602,79.26895039579996,1511.4849778162263,0.015537808993808223,0.004221184306767021,0.0011410273220322771,0.0,0.0,0.009767632594878613,0.00947996657014211,0.002312216914475206,0.012978940327657246,0.021511065797405308,8.366848546898936,0.00015877494235663064,1.5518245240394746,-0.0009220358172567434,1433.3333333333335,0.012829581563180077,True,0.00026325590442866087,0.009767632594878613,False,True,False,False,False,0,True,False,True,False,True,False,True,False,False,0,0,False,0,15,24,24,,,,False,False,False,
142,2026-08-11T01:53:28.459401,shadow,analysis_full,silero,webrtc,False,0.00024985161144286394,True,True,False,1,False,True,False,0,0.0,,,,,,,,,,,,,0.029786710372967144,0.7369986262647145,0.2092292967131316,0.053772076988581996,,,,,,,,,,,,,,False,False,temporal_v1,False,0.0005292612879916195,0.10438413361169102,3.9210798642470523,0.9087885117892733,80.85988933673167,1503.8008646173682,0.021952764625821707,0.006232252462733658,0.0016016932834117831,0.0,0.0,0.00985483255931415,0.009439731490541859,0.001924372712334682,0.012842218370964258,0.022505323638879058,8.348150148140183,0.00024627708073396215,1.6018537117769913,-0.0009570879227670875,1433.3333333333335,0.01193775381124802,True,0.00025772061781026423,0.00985483255931415,False,True,False,False,False,0,True,False,True,False,True,False,True,False,False,0,0,False,0,15,24,24,,,,False,False,False,
143,2026-08-11T01:53:28.465505,shadow,analysis_full,silero,webrtc,False,0.00024776262580417097,True,True,False,1,False,True,False,0,0.0,,,,,,,,,,,,,0.028037259881935304,0.7439082007943382,0.2023653948197457,0.05372640435024942,,,,,,,,,,,,,,False,False,temporal_v1,False,0.000513426247143558,0.12943632567849686,3.849957854320278,0.9099710476339742,80.60071608644898,1516.0849774131323,0.02085714755397377,0.0056737711656716545,0.0015063411612898825,0.0,0.0,0.010291291625395759,0.009680367493082667,0.0016292110201377207,0.013885836449533102,0.025395738035382313,9.079229346033117,0.0003209308346597079,1.4807025826824585,-0.000879976650361369,1400.0,0.014888551825867033,True,0.0002538705157348886,0.010291291625395759,False,True,False,False,False,0,True,False,True,False,True,False,True,False,False,0,0,False,0,15,24,24,,,,False,False,False,
144,2026-08-11T01:53:28.470932,shadow,analysis_full,silero,webrtc,False,0.00024776262580417097,True,True,False,1,False,True,False,0,0.0,,,,,,,,,,,,,0.02513820383299205,0.7289528214742337,0.2174273211734613,0.053619857312524964,,,,,,,,,,,,,,False,False,temporal_v1,False,0.00048475087996169877,0.09603340292275574,3.8733236939477846,0.9078642605485796,80.08943351705383,1520.5446539269606,0.018324564610853952,0.005465732318519899,0.001347906902618202,0.0,0.0,0.008174611507367733,0.007548216694157561,0.0016179808596813383,0.014386845222563716,0.02077405869279655,10.079472133632525,0.0004181746200683908,1.5273085075078876,-0.0009128085076880595,1466.6666666666667,0.014173630891322573,True,0.0002523139555705711,0.008174611507367733,False,True,False,False,False,0,True,False,True,False,True,False,True,False,False,0,0,False,0,15,24,24,,,,False,False,False,
145,2026-08-11T01:53:28.478434,shadow,analysis_full,silero,webrtc,False,0.00026122742565348744,True,True,False,1,False,True,False,0,0.0,,,,,,,,,,,,,0.03208884698750077,0.7425205984396223,0.2068033745525761,0.05067602697663826,,,,,,,,,,,,,,False,False,temporal_v1,False,0.0005495428691222066,0.12526096033402923,3.8612223923898124,0.9123633968869417,81.20468083899894,1491.7567307207303,0.023826629868396544,0.006636081842516426,0.0016261352755878066,0.0,0.0,0.006328757099631847,0.0060156525261042025,0.001600883118991706,0.00994447212009566,0.019133992802588415,10.86787462617072,0.00031063637771930027,1.67349107362406,-0.0010024829389616555,1366.6666666666667,0.009714663392306037,True,0.0002538705157348886,0.006328757099631847,False,True,False,False,False,0,True,False,True,False,True,False,True,False,False,0,0,False,0,15,24,24,,,,False,False,False,
146,2026-08-11T01:53:28.484468,shadow,analysis_full,silero,webrtc,False,0.0002565417962614447,True,True,False,1,False,True,False,0,0.0,,,,,,,,,,,,,0.027019623932823898,0.7231031713705546,0.22136908853114887,0.05552774006128648,,,,,,,,,,,,,,False,False,temporal_v1,False,0.0005037081470154427,0.12108559498956159,3.9261604867659154,0.9070472799941601,80.42013216966885,1508.4256845526736,0.019537975755064697,0.005981309522463642,0.0015003386542955606,0.0,0.0,0.007247265450459763,0.006618335866821947,0.0017602589284839167,0.010612329876525122,0.02417325660388611,10.840801364687039,0.00016726348816437726,1.8889370681631554,-0.0011412669313542179,1500.0,0.006368291714365792,True,0.00025525595992803574,0.007247265450459763,False,True,False,False,False,0,True,False,True,False,True,False,True,False,False,0,0,False,0,15,24,24,,,,False,False,False,
147,2026-08-11T01:53:28.490277,shadow,analysis_full,silero,webrtc,False,0.0002536971296649426,True,True,False,1,False,True,False,0,0.0,,,,,,,,,,,,,0.03336326987303021,0.730489204763444,0.2163237689576031,0.053187026248979884,,,,,,,,,,,,,,False,False,temporal_v1,False,0.0005637990157926343,0.12734864300626306,3.9012219281240794,0.9109750671298212,81.42125222044454,1495.6449564767554,0.02437150847785801,0.007217268283683548,0.0017744931104886575,0.0,0.0,0.0074926074777607425,0.006847730226532878,0.0014489701592876494,0.011465160933399568,0.024848191777312133,10.765113807293611,0.0002297048065622958,1.675652698305964,-0.001005672686132992,1433.3333333333335,0.009671234503373238,True,0.0002538705157348886,0.0074926074777607425,False,True,False,False,False,0,True,False,True,False,True,False,True,False,False,0,0,False,0,15,24,24,,,,False,False,False,
148,2026-08-11T01:53:28.496874,shadow,analysis_full,silero,webrtc,False,0.00024786495487205684,True,True,False,1,False,True,False,0,0.0,,,,,,,,,,,,,0.04197854354579388,0.7328058277235345,0.2151838697816384,0.05201030247100558,,,,,,,,,,,,,,False,False,temporal_v1,False,0.0006292495491822893,0.13987473903966596,3.877764876886686,0.9118899735228003,82.38227990338643,1494.7998310226897,0.030762121349703922,0.009033105447980947,0.002183316747109019,0.0,0.0,0.007054204687236285,0.006571941487424151,0.001474175461455201,0.013885836449533102,0.024696656240815882,11.046707003647965,0.0001955439102641232,1.6619765699392481,-0.0009993220748461672,1433.3333333333335,0.010184086402771787,True,0.00025373401877004653,0.007054204687236285,False,True,False,False,False,0,True,False,True,False,True,False,True,False,False,0,0,False,0,15,24,24,,,,False,False,False,
149,2026-08-11T01:53:28.502908,shadow,analysis_full,silero,webrtc,False,0.00024635379668325186,True,True,False,1,False,True,False,0,0.0,,,,,,,,,,,,,0.038939699937292814,0.7323627295719869,0.21490470260237782,0.05273256779995469,,,,,,,,,,,,,,False,False,temporal_v1,False,0.0006027985973841326,0.1336116910229645,3.89686079145253,0.9098059704169877,81.99835590485563,1502.5187746378379,0.02851798493478989,0.008368324634449743,0.0020533903670531847,0.0,0.0,0.00694958100117501,0.006423105203586127,0.0014636258532801738,0.014275842168917542,0.02472577516594858,11.044198722785962,0.0001521815032130607,1.752881299402204,-0.001050280977300315,1433.3333333333335,0.00821668609103651,True,0.0002517743705539033,0.00694958100117501,False,True,False,False,False,0,True,False,True,False,True,False,True,False,False,0,0,False,0,15,24,24,,,,False,False,False,
150,2026-08-11T01:53:28.509714,shadow,analysis_full,silero,webrtc,False,0.0002326364628970623,True,True,False,1,False,True,False,0,0.0,,,,,,,,,,,,,0.041119207367187036,0.7464479033813302,0.20142552830864208,0.05212656828570816,,,,,,,,,,,,,,False,False,temporal_v1,False,0.0006210452699906408,0.08350730688935282,3.859677257251709,0.9128775329322176,82.2726909404247,1489.9987142974467,0.03069334612793891,0.008282458067568256,0.002143403170679869,0.0,0.0,0.007349706803268731,0.006910374446084888,0.0013153127158136446,0.017386774792197923,0.024660840481083954,9.977779420948433,0.00010617533377446131,1.9162463309873765,-0.001154483890444609,1366.6666666666667,0.005575990083798566,True,0.0002488582831574604,0.007349706803268731,False,True,False,False,False,0,True,False,True,False,True,False,True,False,False,0,0,False,0,15,24,24,,,,False,False,False,
151,2026-08-11T01:53:28.515556,shadow,analysis_full,silero,webrtc,False,0.00023427068663295358,True,True,False,1,False,True,False,0,0.0,,,,,,,,,,,,,0.03830963242176862,0.7343988155399143,0.21277703774299497,0.05282414669098763,,,,,,,,,,,,,,False,False,temporal_v1,False,0.0005980424173846859,0.11691022964509394,3.8874492340769504,0.9100326670699366,81.93044074901951,1502.078778841433,0.028134548674316376,0.008151410103726926,0.0020236736427253215,0.0,0.0,0.006936500918732839,0.006276588450292932,0.0012318282182754408,0.016914095282278992,0.024549531696578444,9.618140924161471,0.0001132652676127298,1.7264411001601159,-0.001028011351253458,1433.3333333333335,0.008414246542867819,True,0.0002478137903381139,0.006936500918732839,False,True,False,False,False,0,True,False,True,False,True,False,True,False,False,0,0,False,0,15,24,24,,,,False,False,False,
152,2026-08-11T01:53:28.524321,shadow,analysis_full,silero,webrtc,False,0.00020281574688851833,True,True,False,1,False,True,False,0,0.0,,,,,,,,,,,,,0.03764159478039249,0.7333732600699966,0.2131497907052718,0.05347694919816528,,,,,,,,,,,,,,False,False,temporal_v1,False,0.0005925704453837805,0.11691022964509394,3.900599052524289,0.9094986258765395,81.84782666120567,1505.2048293672472,0.027605339078330206,0.00802329804925331,0.0020129576518089724,0.0,0.0,0.006927692764596343,0.006227210293583369,0.0012169075851720763,0.016332031077751937,0.022239041760344337,9.645358783564843,8.092288415279715e-05,1.7026146439372076,-0.001019644112275551,1466.6666666666667,0.009300149302379462,True,0.00024776262580417097,0.006927692764596343,False,True,False,False,False,0,True,False,True,False,True,False,True,False,False,0,0,False,0,15,24,24,,,,False,False,False,
153,2026-08-11T01:53:28.530402,shadow,analysis_full,silero,webrtc,False,0.0002275962760904804,True,True,False,1,False,True,False,0,0.0,,,,,,,,,,,,,0.041938951962640546,0.7413858088716937,0.20733194676044217,0.051282244344019866,,,,,,,,,,,,,,False,False,temporal_v1,False,0.0006267548229331055,0.08977035490605428,3.85326811088699,0.9135944166428543,82.35577450192473,1492.2785559635704,0.03109294382405337,0.008695284555506931,0.002150723582080244,0.0,0.0,0.006632416386333065,0.005590721024040787,0.0012879866788031889,0.01804245855266177,0.02175787295704779,8.963144498730763,0.00010793280579123782,1.5362140752772768,-0.0009215295598672983,1433.3333333333335,0.013227725429145513,True,0.0002470582112437114,0.006632416386333065,False,True,False,False,False,0,True,False,True,False,True,False,True,False,False,0,0,False,0,15,24,24,,,,False,False,False,
154,2026-08-11T01:53:28.538802,shadow,analysis_full,silero,webrtc,False,0.00021275057224556804,True,True,False,1,False,True,False,0,0.0,,,,,,,,,,,,,0.035347334336345286,0.741059827673611,0.2042354017394434,0.054704770558654955,,,,,,,,,,,,,,False,False,temporal_v1,False,0.0005773972463554381,0.10020876826722339,3.882517911716628,0.910852512218093,81.62831332647947,1497.5765789080099,0.026194489492013553,0.0072191770286019015,0.001933667814729835,0.0,0.0,0.00659891916799968,0.005862250963224636,0.0013979915791381844,0.017641845042440915,0.021490275089764695,5.910606526323469,0.0001405919059537564,1.7914793454267783,-0.0010756133937765533,1433.3333333333335,0.007447592467321864,True,0.00024031224165810272,0.00659891916799968,False,True,False,False,False,0,True,False,True,False,True,False,True,False,False,0,0,False,0,15,24,24,,,,False,False,False,
155,2026-08-11T01:53:28.544379,shadow,analysis_full,silero,webrtc,False,0.0001945697731571272,True,True,False,1,False,True,False,0,0.0,,,,,,,,,,,,,0.0336725169390009,0.749154482604794,0.1998014155506289,0.05104410181487913,,,,,,,,,,,,,,False,False,temporal_v1,False,0.0005615687286655661,0.0918580375782881,3.8580072332313167,0.9124497308959084,81.393725117684,1490.673687776262,0.02522591700543838,0.006727816549564909,0.0017187833829976039,0.0,0.0,0.00751200629525186,0.0067190880014981885,0.0013439422402743118,0.0186038181033104,0.021859609724349867,6.033185152172897,0.0002239361467518691,1.7564912412939417,-0.0010572268296976822,1400.0,0.008254473504945726,True,0.00023345357476500794,0.00751200629525186,False,True,False,False,False,0,True,False,True,False,True,False,True,False,False,0,0,False,0,15,24,24,,,,False,False,False,
156,2026-08-11T01:53:28.550539,shadow,analysis_full,silero,webrtc,False,0.00017594308883417398,True,True,False,1,False,True,False,0,0.0,,,,,,,,,,,,,0.02939705596799725,0.7361553585604621,0.20812768915875832,0.0557169522467626,,,,,,,,,,,,,,False,False,temporal_v1,False,0.0005235047971143044,0.10647181628392484,3.8781532412250694,0.9100194111487986,80.77043412865413,1500.5671323526788,0.021640800276742988,0.006118341326689953,0.0016379143635643102,0.0,0.0,0.00607456893962753,0.005704366029114107,0.0013817232872094555,0.018414260602254647,0.01684783944973138,5.044363826821905,0.00025672573722618306,1.827368463220122,-0.001105910700415184,1433.3333333333335,0.007017421317643071,True,0.00023011636949377134,0.00607456893962753,False,True,False,False,False,0,True,False,True,False,True,False,True,False,False,0,0,False,0,15,24,24,,,,False,False,False,
157,2026-08-11T01:53:28.556625,shadow,analysis_full,silero,webrtc,False,0.0001728963543428108,True,True,False,1,False,True,False,0,0.0,,,,,,,,,,,,,0.03255673857828319,0.7439776280680431,0.20489813345141233,0.05112423844982896,,,,,,,,,,,,,,False,False,temporal_v1,False,0.0005534201032074783,0.09603340292275574,3.8556928310325134,0.9125694753463746,81.26693186833916,1494.7054271288782,0.02422148514510248,0.0066708149659558125,0.0016644384662248951,0.0,0.0,0.005800990806557844,0.005319617147331597,0.0014758254098507094,0.01796499158093186,0.016525368165253778,5.079850921927391,0.00025273007685556087,1.635633669986264,-0.0009736201301087109,1400.0,0.010099086654614061,True,0.0002201734241680242,0.005800990806557844,False,True,False,False,False,0,True,False,True,False,True,False,True,False,False,0,0,False,0,15,24,24,,,,False,False,False,
158,2026-08-11T01:53:28.561516,shadow,analysis_full,silero,webrtc,False,0.0001678032276686281,True,True,False,1,False,True,False,0,0.0,,,,,,,,,,,,,0.028912100746528387,0.7399529930943585,0.2075356040869456,0.0525114027841084,,,,,,,,,,,,,,False,False,temporal_v1,False,0.0005195305163800618,0.12943632567849686,3.8596721968573533,0.9117358170062448,80.71216833758511,1490.2478741707932,0.021393595484039317,0.0060002902938534,0.0015182149676356733,0.0,0.0,0.005406883200843608,0.004780680392582324,0.0014598318007799176,0.016278570930787408,0.017103818864710203,5.450628791968658,0.00018526358591517065,1.9454187489077688,-0.00117925344532867,1433.3333333333335,0.005407671279337274,True,0.00020778315956704319,0.005406883200843608,False,True,False,False,False,0,True,False,True,False,True,False,True,False,False,0,0,False,0,15,24,24,,,,False,False,False,
159,2026-08-11T01:53:28.567176,shadow,analysis_full,silero,webrtc,False,0.00016659034008625895,True,True,False,1,False,True,False,0,0.0,,,,,,,,,,,,,0.025088138687389412,0.7389759987298387,0.20757274457227395,0.053451256658028065,,,,,,,,,,,,,,False,False,temporal_v1,False,0.00048503902566104977,0.1336116910229645,3.8594569740862994,0.9115629085401737,80.11228074643725,1491.7174838647106,0.018539532342786293,0.005207613803551267,0.0013409925400518549,0.0,0.0,0.004826808200753644,0.004088485671086719,0.0014746042983459944,0.01627857093078741,0.015536329257727237,5.23364642908833,0.0002389658317749249,1.9699641594019461,-0.0011930500550280765,1433.3333333333335,0.0051292353575809,True,0.00019869276002282277,0.004826808200753644,False,True,False,False,False,0,True,False,True,False,True,False,True,False,False,0,0,False,0,15,24,24,,,,False,False,False,
160,2026-08-11T01:53:28.570701,shadow,analysis_full,silero,webrtc,False,0.00016659034008625895,True,True,False,1,False,True,False,0,0.0,,,,,,,,,,,,,0.025498533022460593,0.7313084320600951,0.22068517828982562,0.04800638961086126,,,,,,,,,,,,,,False,False,temporal_v1,False,0.0004899706567970314,0.12317327766179541,3.880573302014946,0.9129953632637001,80.20733043113161,1492.768220692581,0.018647292204488214,0.005627148306190722,0.001224092510781655,0.0,0.0,0.005087344315413542,0.0054624747509927464,0.0020685405188092653,0.014980487015373892,0.015486629853757544,5.00314731750835,0.0002624842057948586,1.4846869347087508,-0.0008864605038605876,1433.3333333333335,0.014391774152433905,True,0.0001852564309956506,0.005087344315413542,False,True,False,False,False,0,True,False,True,False,True,False,True,False,False,0,0,False,0,15,24,24,,,,False,False,False,
161,2026-08-11T01:53:28.577372,shadow,analysis_full,silero,webrtc,False,0.0001741603045957163,True,True,False,1,False,True,False,0,0.0,,,,,,,,,,,,,0.022255907799008285,0.7235333862661903,0.2215465380076598,0.05492007568121786,,,,,,,,,,,,,,False,False,temporal_v1,False,0.00045757261692644944,0.11899791231732777,3.931363720447331,0.9072580668020774,79.58312115196503,1510.9301034711743,0.01610289233424458,0.004930719323087961,0.0012222961406757418,0.0,0.0,0.006815356686336095,0.006638218855678887,0.0022013739792520635,0.015083417008925628,0.02351886410805549,6.574940183486615,0.00028299794947438296,1.7011150307697693,-0.0010254280276750084,1466.6666666666667,0.009734388090058535,True,0.00017505169671494514,0.006815356686336095,False,True,False,False,False,0,True,False,True,False,True,False,True,False,False,0,0,False,0,15,24,24,,,,False,False,False,
162,2026-08-11T01:53:28.584068,shadow,analysis_full,silero,webrtc,False,0.0001703059097053483,True,True,False,1,False,True,False,0,0.0,,,,,,,,,,,,,0.021798069923751398,0.7218862510250263,0.2244169169797285,0.053696831949369625,,,,,,,,,,,,,,False,False,temporal_v1,False,0.00045276573380117704,0.11899791231732777,3.9296538898200883,0.9072159738139264,79.49073336749979,1507.215108336518,0.01573572697683828,0.004891855648396834,0.0011704872975162872,0.0,0.0,0.008288319104001886,0.007983849465557238,0.002210863097583977,0.015182778985867812,0.027793198696373273,6.8575678190281755,0.00022999130797534713,1.7040723743035466,-0.0010297125740718655,1533.3333333333335,0.009691897368527339,True,0.00017352832946926355,0.008288319104001886,False,True,False,False,False,0,True,False,True,False,True,False,True,False,False,0,0,False,0,15,24,24,,,,False,False,False,
163,2026-08-11T01:53:28.591086,shadow,analysis_full,silero,webrtc,False,0.0001657044340390712,True,True,False,1,False,True,False,0,0.0,,,,,,,,,,,,,0.014733958239379829,0.7197274356684205,0.22373199991947693,0.05654056434423213,,,,,,,,,,,,,,False,False,temporal_v1,False,0.0003709900922645658,0.1127348643006263,3.9281935410374786,0.9042268247007053,77.7357683791652,1522.725548414885,0.010604433980874439,0.0032964579436265042,0.0008330663138788844,0.0,0.0,0.009528142705820032,0.008785183275398583,0.00243769955015366,0.013458673454101207,0.02990935581795584,10.124767607358724,0.00044321176232223376,1.7307983569387142,-0.0010415844128871406,1500.0,0.009348665203642423,True,0.00017160113202407956,0.009528142705820032,False,True,False,False,False,0,True,False,True,False,True,False,True,False,False,0,0,False,0,15,24,24,,,,False,False,False,
164,2026-08-11T01:53:28.598455,shadow,analysis_full,silero,webrtc,False,0.00015456073742825538,True,True,False,1,False,True,False,0,0.0,,,,,,,,,,,,,0.01596964793490345,0.7413431255964948,0.2049240896767964,0.05373278466409012,,,,,,,,,,,,,,False,False,temporal_v1,False,0.0003865149981273513,0.12943632567849686,3.8539790013657735,0.9100598461548695,78.1222485195496,1505.4911273205748,0.011838988714736933,0.003272565565519021,0.0008580936536474985,0.0,0.0,0.00954778809015688,0.00872453488299104,0.002393611186524373,0.013503934554318352,0.03145825374684626,10.220109156084016,0.0002867006990654717,1.6822515686792254,-0.0010039838156442806,1433.3333333333335,0.009282265391413722,True,0.0001690545686869882,0.00954778809015688,False,True,False,False,False,0,True,False,True,False,True,False,True,False,False,0,0,False,0,15,24,24,,,,False,False,False,
165,2026-08-11T01:53:28.605113,shadow,analysis_full,silero,webrtc,False,0.00014299018948804587,True,True,False,1,False,True,False,0,0.0,,,,,,,,,,,,,0.011499863321386722,0.7470977819324746,0.20076159198987195,0.05214062599069582,,,,,,,,,,,,,,False,False,temporal_v1,False,0.00033150656084634123,0.13778705636743216,3.862865016186497,0.9111806439067573,76.78356274642795,1493.3169377109948,0.00859152237993464,0.0023087308680675347,0.000599610072384546,0.0,0.0,0.009249580366316077,0.008590442326183141,0.0023221369595005548,0.012237453770148515,0.0310966649727,9.988835040683377,0.0004137387243147505,1.6964373775424568,-0.0010200154676887388,1433.3333333333335,0.009349864138408942,True,0.00016719678387744352,0.009249580366316077,False,True,False,False,False,0,True,False,True,False,True,False,True,False,False,0,0,False,0,15,24,24,,,,False,False,False,
166,2026-08-11T01:53:28.610320,shadow,analysis_full,silero,webrtc,False,0.00015388810425065458,True,True,False,1,False,True,False,0,0.0,,,,,,,,,,,,,0.011186328035443512,0.7132634202152358,0.23585970229040476,0.05087687740496454,,,,,,,,,,,,,,False,False,temporal_v1,False,0.0003266128378853998,0.11482254697286012,3.896254040484759,0.9097222344082545,76.64622938916801,1495.8431015523681,0.007978798594210018,0.002638404000162515,0.0005691254400709773,0.0,0.0,0.011165242964687584,0.010918074707467496,0.0022469673385113634,0.011503112579503892,0.03123247247543964,10.107646544763256,0.0005103474970853939,1.5626944269789855,-0.0009397378219788985,1466.6666666666667,0.013023160746408845,True,0.00016659034008625895,0.011165242964687584,False,True,False,False,False,0,True,False,True,False,True,False,True,False,False,0,0,False,0,15,24,24,,,,False,False,False,
167,2026-08-11T01:53:28.616511,shadow,analysis_full,silero,webrtc,False,0.000180012546479702,True,True,False,1,False,True,False,0,0.0,,,,,,,,,,,,,0.010263286323624936,0.7241876483630928,0.22719123371086103,0.048621117828611476,,,,,,,,,,,,,,False,False,temporal_v1,False,0.00031152218665430844,0.12317327766179541,3.911938261838743,0.9106035605798573,76.23545595258425,1496.0972022575993,0.007432545187183034,0.0023317286817921565,0.0004990124536497447,0.0,0.0,0.010626629071250877,0.01086419584192725,0.0025301549487432105,0.007769433847986802,0.030361833910887436,10.036283728198226,0.0006961521498252934,1.4707221247659832,-0.0008824100096816152,1400.0,0.015987288460324187,True,0.00016659034008625895,0.010626629071250877,False,True,False,False,False,0,True,False,True,False,True,False,True,False,False,0,0,False,0,15,24,24,,,,False,False,False,
168,2026-08-11T01:53:28.623052,shadow,analysis_full,silero,webrtc,False,0.00018551101675257087,True,True,False,1,False,True,False,0,0.0,,,,,,,,,,,,,0.010383163790753137,0.7272841936423191,0.21880017201730909,0.05391563424406205,,,,,,,,,,,,,,False,False,temporal_v1,False,0.000315930312892114,0.10647181628392484,3.8483079071330506,0.9131802649527566,76.37100863478155,1485.7853245421113,0.007551510905014021,0.0022718380235006814,0.000559814861238435,0.0,0.0,0.01012299567729349,0.010352605384964728,0.002568356472543489,0.009157291106246893,0.03171065448987746,10.573085504025691,0.0005095254766635879,1.5926118247717949,-0.0009597867730508165,1366.6666666666667,0.011896976074523963,True,0.00016659034008625895,0.01012299567729349,False,True,False,False,False,0,True,False,True,False,True,False,True,False,False,0,0,False,0,15,24,24,,,,False,False,False,
169,2026-08-11T01:53:28.628829,shadow,analysis_full,silero,webrtc,False,0.00015872351650614291,True,True,False,1,False,True,False,0,0.0,,,,,,,,,,,,,0.0077494434114825945,0.7523594190753251,0.1961797657414279,0.051460815054205335,,,,,,,,,,,,,,False,False,temporal_v1,False,0.00026963108989131086,0.12526096033402923,3.8122416809019626,0.910950243808692,74.9675779882906,1529.6824732825703,0.00583036674322015,0.0015202839930911073,0.00039879267417133586,0.0,0.0,0.012069414019964905,0.011994537196426696,0.0025710410101334336,0.008402760667013825,0.038691890537886596,13.311140102592754,0.0004697981128217715,1.3329902677520602,-0.0007897423116366183,1433.3333333333335,0.020427732185111437,True,0.00016614738706266508,0.012069414019964905,False,True,False,False,False,0,True,False,True,False,True,False,True,False,False,0,0,False,0,15,24,24,,,,False,False,False,
170,2026-08-11T01:53:28.634440,shadow,analysis_full,silero,webrtc,False,0.0001719744614092633,True,True,False,1,False,True,False,0,0.0,,,,,,,,,,,,,0.009098253172903378,0.7446879506948726,0.20395507674056448,0.05135697245465163,,,,,,,,,,,,,,False,False,temporal_v1,False,0.0002955297463156068,0.11691022964509394,3.8391991793698965,0.91429768876748,75.79024286489962,1468.2276613157069,0.006775359510232539,0.0018556349240845928,0.00046725873758624557,0.0,0.0,0.01283550669698263,0.01257377570956155,0.0021638653488836863,0.008457047641139498,0.04113635915303409,16.924647705381435,0.0005160019739670728,1.9337174305289202,-0.0011804599033306065,1366.6666666666667,0.005380403030297873,True,0.00016800517187220976,0.01283550669698263,False,True,False,False,False,0,True,False,True,False,True,False,True,False,False,0,0,False,0,15,24,24,,,,False,False,False,
171,2026-08-11T01:53:28.640713,shadow,analysis_full,silero,webrtc,False,0.00016388154472224414,True,True,False,1,False,True,False,0,0.0,,,,,,,,,,,,,0.006219862060210016,0.7135946545456266,0.23449513443444614,0.05191021085915197,,,,,,,,,,,,,,False,False,temporal_v1,False,0.0002420747397578107,0.13569937369519833,3.8206853799047766,0.9094664981848708,74.00949853930477,1519.5787818437661,0.004438460318177016,0.0014585273899726588,0.00032287435106034135,0.0,0.0,0.013767699981911874,0.01371989854284612,0.0020437742534443293,0.009578346344012079,0.04109359975482289,17.59070317750487,0.0008890544490780011,1.3591289419971266,-0.0008063351556759781,1466.6666666666667,0.018373593449369254,True,0.00016479298938065767,0.013767699981911874,False,True,False,False,False,0,True,False,True,False,True,False,True,False,False,0,0,False,0,15,24,24,,,,False,False,False,
172,2026-08-11T01:53:28.649970,shadow,analysis_full,silero,webrtc,False,0.00018177756282966584,True,True,False,1,False,True,False,0,0.0,,,,,,,,,,,,,0.007619681278618679,0.7410670976317513,0.20929055854916126,0.04964234368784836,,,,,,,,,,,,,,False,False,temporal_v1,False,0.00027047684629645573,0.12526096033402923,3.811173655575151,0.9118928224094285,74.99963816150482,1515.8893367436533,0.005646695090024936,0.0015947273507686906,0.0003782588368250523,0.0,0.0,0.013764139106757342,0.013655970660043336,0.002150670558152143,0.00955784813549862,0.039323855498429545,18.015673240976167,0.0009653460699519149,1.3181266094998096,-0.0007823112090547755,1433.3333333333335,0.020648164577020876,True,0.00016479298938065767,0.013764139106757342,False,True,False,False,False,0,True,False,True,False,True,False,True,False,False,0,0,False,0,15,24,24,,,,False,False,False,
173,2026-08-11T01:53:28.656757,shadow,analysis_full,silero,webrtc,False,0.0002141134173143655,True,True,False,1,False,True,False,0,0.0,,,,,,,,,,,,,0.005194989555371425,0.6659245450865652,0.2764044414432681,0.05767101327767348,,,,,,,,,,,,,,False,False,temporal_v1,False,0.0002218537203581923,0.13778705636743216,3.906074467750927,0.8987371100805961,73.18594303796415,1559.020048110834,0.0034594710563901738,0.0014359181863560502,0.0002996003116252005,0.0,0.0,0.02422813585461573,0.022862649582178887,0.0024005199511780307,0.009880717800583912,0.035805241161706976,24.174198994651036,0.0011059052253493931,1.2863106021621136,-0.0007654915047088637,1633.3333333333335,0.023901123918516693,True,0.00016792800306575373,0.02422813585461573,False,True,False,False,False,0,True,False,True,False,True,False,True,False,False,0,0,False,0,15,24,24,,,,False,False,False,
174,2026-08-11T01:53:28.663372,shadow,analysis_full,silero,webrtc,False,0.00020290394604671746,True,True,False,1,False,True,False,0,0.0,,,,,,,,,,,,,0.005574654413534284,0.719928619855989,0.22859245920275792,0.05147892076186979,,,,,,,,,,,,,,False,False,temporal_v1,False,0.00022819881980371852,0.1544885177453027,3.823042113392579,0.9019057773307096,73.45108735563493,1539.526139763504,0.004013353258109835,0.0012743239615953103,0.0002869771928291391,0.0,0.0,0.023815782960972257,0.022316631760361652,0.002344882843749059,0.01323004552630886,0.03717983679751905,26.059592761885142,0.0011247902274842527,1.4299519030460512,-0.0008476841909016481,1600.0,0.015665749187175212,True,0.00017599350394448265,0.023815782960972257,False,True,False,False,False,0,True,False,True,False,True,False,True,False,False,0,0,False,0,15,24,24,,,,False,False,False,
175,2026-08-11T01:53:28.670400,shadow,analysis_full,silero,webrtc,False,0.00019257458916399628,True,True,False,1,False,True,False,0,0.0,,,,,,,,,,,,,0.004012229817749553,0.6692083765830614,0.2816712046957751,0.04912041847192529,,,,,,,,,,,,,,False,False,temporal_v1,False,0.00019376853768475542,0.162839248434238,3.8365725947231466,0.8955393446040428,71.96674627596195,1589.9329207642936,0.0026850178028143307,0.0011301296062818267,0.00019708240765339458,0.0,0.0,0.02771319730731239,0.026923385585602044,0.0024856746151717853,0.01678476095385535,0.03733119828620975,34.51256890410274,0.0020704985462403724,1.167922311532412,-0.0006769673320745719,1666.6666666666667,0.02513891915906606,True,0.00018089505465468392,0.02771319730731239,False,True,False,False,False,0,True,False,True,False,True,False,True,False,False,0,0,False,0,15,24,24,,,,False,False,False,
176,2026-08-11T01:53:28.676590,shadow,analysis_full,silero,webrtc,False,0.00019257458916399628,True,True,False,1,False,True,False,0,0.0,,,,,,,,,,,,,0.0025414060271573458,0.6412375396908607,0.28658389626646497,0.07217856364919124,,,,,,,,,,,,,,False,False,temporal_v1,False,0.00015843022454066984,0.13778705636743216,3.923111776024412,0.8871667309992806,70.11766371769386,1590.4843116179277,0.0016296449482099012,0.0007283260412578296,0.00018343503668961472,0.0,0.0,0.03592926633238663,0.03167427108510531,0.006626707599286715,0.016069733108915085,0.04128009139937357,39.252839341688144,0.0023976611264372965,1.3377535803804166,-0.000797930489527398,1700.0000000000002,0.02139801575577612,True,0.00018364428979111835,0.03592926633238663,False,True,False,False,False,0,True,False,True,False,True,False,True,False,False,0,0,False,0,15,24,24,,,,False,False,False,
177,2026-08-11T01:53:28.681098,shadow,analysis_full,silero,webrtc,False,0.00016616960056126118,True,True,False,1,False,True,False,0,0.0,,,,,,,,,,,,,0.0014142000209963305,0.46945357598799203,0.4220519100714695,0.1084945132334248,,,,,,,,,,,,,,False,False,temporal_v1,False,0.00011655348953446268,0.16910229645093947,3.742429028802844,0.8460624818280323,67.09016598055821,1777.868774516009,0.0006639012570190208,0.0005968658200846136,0.000153432942892696,0.0,0.0,0.08003435495183217,0.06375730502412041,0.017472923956078072,0.019020840049925852,0.04795717945326722,82.51263720887019,0.0038814861356434487,0.9466412558020098,-0.0005583233270777185,1933.3333333333335,0.03603521490066612,True,0.00018364428979111835,0.08003435495183217,False,True,True,False,False,0,True,False,True,False,True,False,True,False,False,0,0,False,0,15,24,24,,,,False,False,False,
178,2026-08-11T01:53:28.688497,shadow,analysis_full,silero,webrtc,False,0.00017633658717386425,True,True,False,1,False,True,False,0,0.0,,,,,,,,,,,,,0.0025116607575687835,0.5864536915439569,0.3437270845056146,0.06981922355228551,,,,,,,,,,,,,,False,False,temporal_v1,False,0.0001545849435398019,0.1837160751565762,3.9083146754765843,0.8805991715792814,69.86293800584953,1562.5283247330424,0.0014729727231823045,0.0008633258294662813,0.00017536220392019768,0.0,0.0,0.08357457335450882,0.06741723510550887,0.01759530739650372,0.02060787086305314,0.052614351514914094,78.96924074824899,0.004389827395810365,1.858685700806831,-0.001124612176234487,1733.3333333333335,0.005911531202941675,True,0.00017905707500176504,0.08357457335450882,False,True,True,False,False,0,True,False,True,False,True,False,True,False,False,0,0,False,0,15,24,24,,,,False,False,False,
179,2026-08-11T01:53:28.694583,shadow,analysis_full,silero,webrtc,False,0.00017789808043744415,True,True,False,1,False,True,False,0,0.0,,,,,,,,,,,,,0.0017417805187779501,0.407213039145598,0.5259717683705266,0.06681519190975026,,,,,,,,,,,,,,False,False,temporal_v1,False,0.00012973236939563105,0.1837160751565762,3.442929977916812,0.8604631852368622,68.15993083894702,1761.3665728499784,0.0007092757385761654,0.0009161273795749717,0.0001163773996268131,0.0,0.0,0.10976278319538882,0.09786274485899416,0.017336585895842867,0.022422917047344556,0.13138683978619595,97.04599675758989,0.00628901766145164,0.9451428048970205,-0.0005531906802362296,1733.3333333333335,0.03375446692863573,True,0.000179837821633555,0.10976278319538882,False,True,True,False,False,0,True,False,True,False,True,False,True,False,False,0,0,False,0,15,24,24,,,,False,False,False,
180,2026-08-11T01:53:28.700108,shadow,analysis_full,silero,webrtc,False,0.00018006422033067793,True,True,False,1,False,True,False,0,0.0,,,,,,,,,,,,,0.0013160565594923226,0.5928834385878882,0.3234979706415489,0.08361859001071732,,,,,,,,,,,,,,False,False,temporal_v1,False,0.00011296708885028301,0.15031315240083507,3.6549911983578216,0.8642428309620593,66.88865631409065,1811.506555384785,0.0007802681383679538,0.0004257416262452652,0.00011004679387910373,0.0,0.0,0.10401097080836905,0.0923931629030153,0.017890827365552784,0.019423304132965356,0.1380923499538315,108.49024214276756,0.005980137314178502,0.8874400080603677,-0.0005200107795716818,2000.0000000000002,0.048593388008818246,True,0.00018092089158017188,0.10401097080836905,False,True,True,False,False,0,True,False,True,False,True,False,True,False,False,0,0,False,0,15,24,24,,,,False,False,False,
181,2026-08-11T01:53:28.709929,shadow,analysis_full,silero,webrtc,False,0.00018814763461705297,True,True,False,1,False,True,False,0,0.0,,,,,,,,,,,,,0.0013557957759924122,0.5401130369924156,0.3864360089421417,0.07345095332786832,,,,,,,,,,,,,,False,False,temporal_v1,False,0.0001143301053009276,0.15866388308977036,3.7949532870057583,0.8688690808905718,67.02466967293577,1591.209836349607,0.0007322829741127506,0.0005239283086151217,9.958449226453966e-05,0.0,0.0,0.10150706679608276,0.0906734336451612,0.01734411851168927,0.018448548317424113,0.1376785504498906,103.69947768686646,0.005370832306618237,1.603029689293001,-0.0009629710328898167,1833.3333333333335,0.008385369501228755,True,0.0001849625987233594,0.10150706679608276,False,True,True,False,False,0,True,False,True,False,True,False,True,False,False,0,0,False,0,15,24,24,,,,False,False,False,
182,2026-08-11T01:53:28.716952,shadow,analysis_full,silero,webrtc,False,0.00019718840485438704,True,True,False,1,False,True,False,0,0.0,,,,,,,,,,,,,0.0007842777132242734,0.5696784108830381,0.34099730514477433,0.08932428269712901,,,,,,,,,,,,,,False,False,temporal_v1,False,9.16209044821252e-05,0.1732776617954071,3.901987446997925,0.8679903893955685,64.89180535746752,1666.8904173393996,0.00044678608136058706,0.00026743658669458334,7.005504416910287e-05,0.0,0.0,0.09070095411830949,0.08151545532891857,0.017176344570982986,0.01578376465255599,0.1420726903581316,96.7550993327313,0.0036596077286047664,1.2830181660190443,-0.0007549684746778026,1933.3333333333335,0.019443549682934252,True,0.00019036111189052463,0.09070095411830949,False,True,True,False,False,0,True,False,True,False,True,False,True,False,False,0,0,False,0,15,24,24,,,,False,False,False,
183,2026-08-11T01:53:28.722704,shadow,analysis_full,silero,webrtc,False,0.0001809775276342407,True,True,False,1,False,True,False,0,0.0,,,,,,,,,,,,,0.0005519726933943046,0.5098856658017838,0.3889818419490294,0.1011324904375029,,,,,,,,,,,,,,False,False,temporal_v1,False,7.773099492636073e-05,0.1649269311064718,3.7390402436330255,0.8505467197444572,63.14063109698422,1698.7815188964516,0.0002814429642757589,0.00021470735498208346,5.5822373136462235e-05,0.0,0.0,0.08905202648044724,0.07948357721399456,0.01840549353110663,0.013729589183680486,0.13759704930880476,93.35562754018831,0.0052444994583273645,1.3180911973723863,-0.0007920623095477829,2166.666666666667,0.016383046547343173,True,0.00018456258112564683,0.08905202648044724,False,True,True,False,False,0,True,False,True,False,True,False,True,False,False,0,0,False,0,15,24,24,,,,False,False,False,
184,2026-08-11T01:53:28.728346,shadow,analysis_full,silero,webrtc,False,0.0001622531417524442,True,True,False,1,False,True,False,0,0.0,,,,,,,,,,,,,0.0017217457839944273,0.6431536898839848,0.2847171471865202,0.07212916234868932,,,,,,,,,,,,,,False,False,temporal_v1,False,0.00013051125299379975,0.1544885177453027,3.8577942663743188,0.8895820296719795,68.3595111054432,1572.7370598466143,0.0011073471540182101,0.0004902105477993119,0.00012418808117690543,0.0,0.0,0.07853600894734389,0.07215498116661696,0.016541582652902523,0.013729589183680486,0.13915272516080276,89.55952964215574,0.005159400466540464,1.6981844211547819,-0.0010292828962323636,1633.3333333333335,0.008319049059316574,True,0.0001805208739824593,0.07853600894734389,False,True,True,False,False,0,True,False,True,False,True,False,True,False,False,0,0,False,0,15,24,24,,,,False,False,False,
185,2026-08-11T01:53:28.733413,shadow,analysis_full,silero,webrtc,False,0.00017706089420244098,True,True,False,1,False,True,False,0,0.0,,,,,,,,,,,,,0.0013840046874366596,0.6547272955983432,0.29947165750473137,0.04580104617438455,,,,,,,,,,,,,,False,False,temporal_v1,False,0.00011713531638392594,0.13569937369519833,3.623298384570117,0.9099271389194229,67.45247566447466,1488.3019096787252,0.0009061456461008344,0.0004144701777409741,6.338886259485111e-05,0.0,0.0,0.07667442234270218,0.07043770600455795,0.017152022471471743,0.016138745795480327,0.14509713234303442,102.0885763899892,0.004310028713840074,1.5094558084924958,-0.0009149062234021983,1266.6666666666667,0.010564950995285715,True,0.00017898115038406104,0.07667442234270218,False,True,True,False,False,0,True,False,True,False,True,False,True,False,False,0,0,False,0,15,24,24,,,,False,False,False,
186,2026-08-11T01:53:28.738909,shadow,analysis_full,silero,webrtc,False,0.00015260862710420042,True,True,False,1,False,True,False,0,0.0,,,,,,,,,,,,,0.00048768584131863907,0.6057794913699921,0.3235364941152657,0.07068401246424186,,,,,,,,,,,,,,False,False,temporal_v1,False,7.394443142162502e-05,0.13778705636743216,3.874061196454565,0.8810618333392861,62.76840910846947,1718.894483930116,0.00029543008090235183,0.00015778416732988628,3.447159208640096e-05,0.0,0.0,0.07366486172340855,0.06737938121315372,0.017210915506763576,0.016138745795480327,0.14020923909283717,101.59701004032726,0.004750723256112863,0.9214671152080444,-0.0005477254773212679,1666.6666666666667,0.05113243244827308,True,0.00017747948731994256,0.07366486172340855,False,True,True,False,False,0,True,False,True,False,True,False,True,False,False,0,0,False,0,15,24,24,,,,False,False,False,
187,2026-08-11T01:53:28.745216,shadow,analysis_full,silero,webrtc,False,0.00016016722656786442,True,True,False,1,False,True,False,0,0.0,,,,,,,,,,,,,0.0004682109303251694,0.689484559710271,0.2551618394691175,0.05535359868482206,,,,,,,,,,,,,,False,False,temporal_v1,False,7.344861962866387e-05,0.14822546972860126,3.71711239744918,0.8999885561837754,62.789095114216444,1539.9464323870518,0.00032282420714678577,0.00011946956224131704,2.5917159937066608e-05,0.0,0.0,0.07674663555556897,0.0714632169775158,0.015087069694249894,0.0163266929403066,0.14062290275028697,100.23069448799636,0.003572107895127638,1.4859218555076565,-0.000891743829901378,1633.3333333333335,0.011201375965230822,True,0.00017747948731994256,0.07674663555556897,False,True,True,False,False,0,True,False,True,False,True,False,True,False,False,0,0,False,0,15,24,24,,,,False,False,False,
188,2026-08-11T01:53:28.749734,shadow,analysis_full,silero,webrtc,False,0.00015801166591700166,True,True,False,1,False,True,False,0,0.0,,,,,,,,,,,,,0.00045953514173227003,0.681510135884625,0.23490679043632992,0.08358307150293297,,,,,,,,,,,,,,False,False,temporal_v1,False,7.302466305764371e-05,0.15031315240083507,3.560197877114775,0.8827635577369104,62.64347811677004,1747.1777898518485,0.00031317785688571976,0.00010794792523703152,3.840935860951876e-05,0.0,0.0,0.08262655656486521,0.07905333311726516,0.015376241733275424,0.014226910260877513,0.14056996368932548,101.03881157494413,0.005460874344194101,0.9280492322623856,-0.0005379562009129561,1766.6666666666667,0.04364002426597984,True,0.00017747948731994256,0.08262655656486521,False,True,True,False,False,0,True,False,True,False,True,False,True,False,False,0,0,False,0,15,24,24,,,,False,False,False,
189,2026-08-11T01:53:28.758462,shadow,analysis_full,silero,webrtc,False,0.00016280857380479574,True,True,False,1,False,True,False,0,0.0,,,,,,,,,,,,,0.0005391615927088502,0.7267221550107666,0.21100419928031117,0.0622736438541906,,,,,,,,,,,,,,False,False,temporal_v1,False,7.641145673517154e-05,0.13569937369519833,3.688843156335461,0.8901819783502084,63.15958673628319,1612.233227972593,0.00039182067455241287,0.0001137653601522282,3.35755570042091e-05,0.0,0.0,0.06610654865047721,0.056868495027319756,0.01565193399678898,0.011885131797486665,0.10835541737933839,95.79966136825477,0.005504280599973621,1.2350480496666891,-0.0007289303483538936,1933.3333333333335,0.018330782938895257,True,0.00016993473400361836,0.06610654865047721,False,True,True,False,False,0,True,False,True,False,True,False,True,False,False,0,0,False,0,15,24,24,,,,False,False,False,
190,2026-08-11T01:53:28.764526,shadow,analysis_full,silero,webrtc,False,0.00021130229288246483,True,True,False,1,False,True,False,0,0.0,,,,,,,,,,,,,0.002439182912272206,0.7168506460542504,0.23123204703106112,0.05191730650471501,,,,,,,,,,,,,,False,False,temporal_v1,False,0.00015344175422323683,0.12734864300626306,3.74752383614017,0.9060926632453993,69.91947709978805,1525.5246360193914,0.0017485298465068188,0.0005640172578878874,0.0001266358068774995,0.0,0.0,0.07103741452567935,0.06046876194572433,0.01651564421239493,0.01384182417891505,0.1044775562230398,83.67459316684136,0.004090166144395453,1.3487495434168424,-0.0008078687334467016,1533.3333333333335,0.016896205479188388,True,0.00016993473400361836,0.07103741452567935,False,True,True,False,False,0,True,False,True,False,True,False,True,False,False,0,0,False,0,15,24,24,,,,False,False,False,
191,2026-08-11T01:53:28.770993,shadow,analysis_full,silero,webrtc,False,0.00016950818826444447,True,True,False,1,False,True,False,0,0.0,,,,,,,,,,,,,0.0011823253850533457,0.733835802902407,0.2207021494498263,0.04546204680197564,,,,,,,,,,,,,,False,False,temporal_v1,False,0.00010985084213919833,0.1127348643006263,3.59719871970762,0.912868069561114,66.86183705614698,1488.300065591376,0.0008676326982325195,0.00026094175383036694,5.375093199045907e-05,0.0,0.0,0.06924152208099575,0.05584909066207396,0.0180863325830389,0.01701173176406126,0.11258892775857457,92.02336027451169,0.0033025891523387773,1.4291998207712138,-0.0008461103184740155,1400.0,0.010041611705685202,True,0.0001661583810346201,0.06924152208099575,False,True,True,False,False,0,True,False,True,False,True,False,True,False,False,0,0,False,0,15,24,24,,,,False,False,False,
192,2026-08-11T01:53:28.775123,shadow,analysis_full,silero,webrtc,False,0.00016950818826444447,True,True,False,1,False,True,False,0,0.0,,,,,,,,,,,,,0.0006254602751434352,0.6670934866225354,0.2699229520214211,0.06298355975722092,,,,,,,,,,,,,,False,False,temporal_v1,False,8.21668945614761e-05,0.1649269311064718,3.7722931615507242,0.8835167984303072,63.877312794543286,1625.2181490883536,0.0004172404756893245,0.00016882608383884628,3.9393714615264384e-05,0.0,0.0,0.06341871787446147,0.05189883750305395,0.016612906311336207,0.015711806031087076,0.09872826317026989,90.08935548640859,0.006552772028474185,1.1046639154978561,-0.0006538438417121999,1833.3333333333335,0.026672575632673095,True,0.0001661583810346201,0.06341871787446147,False,True,True,False,False,0,True,False,True,False,True,False,True,False,False,0,0,False,0,15,24,24,,,,False,False,False,
193,2026-08-11T01:53:28.781854,shadow,analysis_full,silero,webrtc,False,0.00014671724056825042,True,True,False,1,False,True,False,0,0.0,,,,,,,,,,,,,0.0010082742035817452,0.6030439455404226,0.3343959373711114,0.06256011609667218,,,,,,,,,,,,,,False,False,temporal_v1,False,0.00010230816524406398,0.16075156576200417,3.8299046888992883,0.8877841299991591,66.06269583402752,1636.0648453221258,0.0006080336539145629,0.0003371627974338285,6.307775123335366e-05,0.0,0.0,0.044181503154607504,0.041038361632568854,0.011496445345111366,0.015175600705959283,0.10429522992421669,85.16169843246972,0.004986173445520384,1.0381174710571277,-0.0006053688195756788,1700.0000000000002,0.032393401580048206,True,0.00016253085777861997,0.044181503154607504,False,True,False,False,False,0,True,False,True,False,True,False,True,False,False,0,0,False,0,15,24,24,,,,False,False,False,
194,2026-08-11T01:53:28.789013,shadow,analysis_full,silero,webrtc,False,0.00016644330753479153,True,True,False,1,False,True,False,0,0.0,,,,,,,,,,,,,0.0011211390134428594,0.6302165997839237,0.30479488789206044,0.06498851143206577,,,,,,,,,,,,,,False,False,temporal_v1,False,0.00010685679887894514,0.1649269311064718,3.8386774501380363,0.8856438041653918,66.4678058113405,1576.0879290593068,0.0007065604169370617,0.0003417174399137316,7.28611555920662e-05,0.0,0.0,0.04519154097065864,0.042350428596388545,0.0110116189290694,0.016263838583350572,0.10202761446319866,85.07826165544219,0.004764426415825095,1.4678780759776393,-0.0008839526721126399,1833.3333333333335,0.01297208349314681,True,0.00016462594066979364,0.04519154097065864,False,True,False,False,False,0,True,False,True,False,True,False,True,False,False,0,0,False,0,15,24,24,,,,False,False,False,
195,2026-08-11T01:53:28.795162,shadow,analysis_full,silero,webrtc,False,0.00016481113561894745,True,True,False,1,False,True,False,0,0.0,,,,,,,,,,,,,0.0013778258583857237,0.665054308997199,0.2527477792378216,0.08219791103919839,,,,,,,,,,,,,,False,False,temporal_v1,False,0.00012118670099512337,0.14613778705636743,3.6331828073365995,0.8937581712602675,67.69249145814749,1571.043638595952,0.00091632902416719,0.00034824242588343693,0.00011325440733509688,0.0,0.0,0.044926784057039676,0.04123999258588154,0.01153432481340375,0.01604122982237874,0.10108190092559285,77.9484897706185,0.0047661430628378595,1.8352087682776994,-0.0011247351577364758,1666.6666666666667,0.0049327693707708585,True,0.0001638098547118716,0.044926784057039676,False,True,False,False,False,0,True,False,True,False,True,False,True,False,False,0,0,False,0,15,24,24,,,,False,False,False,
196,2026-08-11T01:53:28.802508,shadow,analysis_full,silero,webrtc,False,0.00016322919691447169,True,True,False,1,False,True,False,0,0.0,,,,,,,,,,,,,0.0010111947453434352,0.6483840453830461,0.2845156908952464,0.06710026273277823,,,,,,,,,,,,,,False,False,temporal_v1,False,0.00010342364090825597,0.15657620041753653,3.7588842097492514,0.8984145579148544,66.21834731136937,1606.8946653740795,0.0006556425396558556,0.00028770077160103025,6.785143308654929e-05,0.0,0.0,0.04022273726746849,0.03703911442931427,0.0113819768804025,0.01619939518544162,0.08943435727270735,68.06167357838382,0.003986150481183389,1.0880224269298229,-0.0006419423593234038,1733.3333333333335,0.028538169648914112,True,0.00016402016626670957,0.04022273726746849,False,True,False,False,False,0,True,False,True,False,True,False,True,False,False,0,0,False,0,15,24,24,,,,False,False,False,
197,2026-08-11T01:53:28.809021,shadow,analysis_full,silero,webrtc,False,0.00016183426487259567,True,True,False,1,False,True,False,0,0.0,,,,,,,,,,,,,0.001178362672996228,0.6442188292319045,0.29436429215025073,0.06141687776920949,,,,,,,,,,,,,,False,False,temporal_v1,False,0.00010910351874953858,0.1440501043841336,3.898068514789257,0.8952738417365631,66.71268656352171,1503.4522693309568,0.0007591234216082077,0.000346867894132812,7.23713562552083e-05,0.0,0.0,0.041014478696251064,0.03837655681034621,0.011070889161372806,0.016210153543051487,0.10509227991523026,71.68251918735984,0.004240437423936077,1.564199902433633,-0.0009422955055283486,1666.6666666666667,0.01070390336936827,True,0.00016402016626670957,0.041014478696251064,False,True,False,False,False,0,True,False,True,False,True,False,True,False,False,0,0,False,0,15,24,24,,,,False,False,False,
198,2026-08-11T01:53:28.816714,shadow,analysis_full,silero,webrtc,False,0.000173658350831829,True,True,False,1,False,True,False,0,0.0,,,,,,,,,,,,,0.0011258512446086536,0.7746404995925001,0.1778639207071601,0.047495578812123025,,,,,,,,,,,,,,False,False,temporal_v1,False,0.00010725845845512607,0.12526096033402923,3.548314724239588,0.9081624049756619,66.61237753700628,1643.5239490301744,0.0008721299705904855,0.00020024831649913106,5.3472956519037105e-05,0.0,0.0,0.05143574681940888,0.045781107563163496,0.010083018644647437,0.017302595093940262,0.10708193600492573,53.20101064859901,0.0032693833216140174,0.9057514514833869,-0.0005428834790937785,1433.3333333333335,0.04296306180735767,True,0.0001656272215768695,0.05143574681940888,False,True,True,False,False,0,True,False,True,False,True,False,True,False,False,0,0,False,0,15,24,24,,,,False,False,False,
199,2026-08-11T01:53:28.824388,shadow,analysis_full,silero,webrtc,False,0.00023926535504870117,True,True,False,1,False,True,False,0,0.0,,,,,,,,,,,,,0.0015612356401626972,0.6947731350307771,0.23752153590156164,0.06770532842714283,,,,,,,,,,,,,,False,False,temporal_v1,False,0.00012467368320129795,0.16701461377870563,3.9522731066406123,0.8824649419164123,67.90077368019962,1642.3967870267545,0.0010847045802376194,0.00037082708715570166,0.00010570397176937599,0.0,0.0,0.04945083997065157,0.04369365583177449,0.010289821555313985,0.018347868511665828,0.12440182281811338,55.800708251387434,0.003906822848631955,1.1059819152104766,-0.0006615136591246651,1700.0000000000002,0.039135735663841806,True,0.000167975747899618,0.04945083997065157,False,True,False,False,False,0,True,False,True,False,True,False,True,False,False,0,0,False,0,15,24,24,,,,False,False,False,
200,2026-08-11T01:53:28.829982,shadow,analysis_full,silero,webrtc,False,0.0002173486864194274,True,True,False,1,False,True,False,0,0.0,,,,,,,,,,,,,0.0038731217937242332,0.6932024788616101,0.24331715319978328,0.06348036768041686,,,,,,,,,,,,,,False,False,temporal_v1,False,0.00019292019589832603,0.1315240083507307,3.8992960447388727,0.900285012609642,71.95027773257041,1528.5439106053198,0.0026848576283425643,0.0009423969688450187,0.00024586719553665,0.0,0.0,0.048073633063073294,0.04302091213103062,0.009799179653661212,0.017939499840451633,0.13130923214370474,55.502492883899265,0.0023662935119869544,1.4921754262158655,-0.0009027276314812479,1600.0,0.016122143745469837,True,0.000167975747899618,0.048073633063073294,False,True,False,False,False,0,True,False,True,False,True,False,True,False,False,0,0,False,0,15,24,24,,,,False,False,False,
201,2026-08-11T01:53:28.836237,shadow,analysis_full,silero,webrtc,False,0.00017041977844201028,True,True,False,1,False,True,False,0,0.0,,,,,,,,,,,,,0.002807550565612434,0.7387191391868819,0.20807617098184172,0.05320468947509397,,,,,,,,,,,,,,False,False,temporal_v1,False,0.0001645720721711225,0.1315240083507307,3.770070472973833,0.9086290844901302,70.56497950558332,1542.7233167081072,0.0020739913370528607,0.0005841843715305393,0.00014937485602903398,0.0,0.0,0.04868518795507991,0.04437869261448816,0.00865881355448285,0.014945533468973225,0.11772896441668741,48.22390074215725,0.0020296823088902156,1.3077489557078539,-0.0007802165231988575,1500.0,0.020599051494076395,True,0.000167975747899618,0.04868518795507991,False,True,False,False,False,0,True,False,True,False,True,False,True,False,False,0,0,False,0,15,24,24,,,,False,False,False,
202,2026-08-11T01:53:28.843326,shadow,analysis_full,silero,webrtc,False,0.00015236609033308923,True,True,False,1,False,True,False,0,0.0,,,,,,,,,,,,,0.003111907541350719,0.7112908584867789,0.23036712331365303,0.05834201787822183,,,,,,,,,,,,,,False,False,temporal_v1,False,0.00017580995991607127,0.15866388308977036,3.8733918906173415,0.9022209329924201,71.12859733371984,1516.0531688925353,0.0022134713866188344,0.000716881188319028,0.000181554965412857,0.0,0.0,0.04967799319996786,0.04514128279957163,0.008787498145494678,0.014397444383771746,0.12008336891577304,50.76068084839581,0.001900189201543416,1.6147646516533527,-0.0009623437131355298,1533.3333333333335,0.009497980805798825,True,0.0001656272215768695,0.04967799319996786,False,True,False,False,False,0,True,False,True,False,True,False,True,False,False,0,0,False,0,15,24,24,,,,False,False,False,
203,2026-08-11T01:53:28.850265,shadow,analysis_full,silero,webrtc,False,0.0001686964969849214,True,True,False,1,False,True,False,0,0.0,,,,,,,,,,,,,0.005554333158803778,0.7032056872338357,0.23654932619889926,0.06024498638722533,,,,,,,,,,,,,,False,False,temporal_v1,False,0.00022939813757541567,0.20041753653444677,3.9673452127045965,0.8982418247430551,73.47984373703619,1539.2955489873104,0.003905838666062292,0.0013138737661992374,0.00033462072554224785,0.0,0.0,0.042686146226408615,0.03715941820680726,0.008822490896817935,0.02109386141935659,0.13014014060332904,47.645329761946826,0.0010988285154029118,1.6676459346443682,-0.0010015298522200581,1600.0,0.010574418596497765,True,0.00016756990225985646,0.042686146226408615,False,True,False,False,False,0,True,False,True,False,True,False,True,False,False,0,0,False,0,15,24,24,,,,False,False,False,
204,2026-08-11T01:53:28.864429,shadow,analysis_full,silero,webrtc,False,0.00017000608204398304,True,True,False,1,False,True,False,0,0.0,,,,,,,,,,,,,0.004482103638183599,0.7120366689253596,0.22987540920857444,0.05808792164295629,,,,,,,,,,,,,,False,False,temporal_v1,False,0.0002077967513533628,0.16075156576200417,3.9006563239771226,0.9050534920466774,72.63517347644849,1502.5584876699568,0.0031914221443104848,0.0010303254079426952,0.0002603560849304182,0.0,0.0,0.03795067860986764,0.03194009962128689,0.008879747412044298,0.02088621918153522,0.13262236189558319,51.21567919243024,0.0007401600527144162,1.718461873608458,-0.001033318386386139,1533.3333333333335,0.00804180140387671,True,0.00016935128951445222,0.03795067860986764,False,True,False,False,False,0,True,False,True,False,True,False,True,False,False,0,0,False,0,15,24,24,,,,False,False,False,
205,2026-08-11T01:53:28.870576,shadow,analysis_full,silero,webrtc,False,0.00016498204786330462,True,True,False,1,False,True,False,0,0.0,,,,,,,,,,,,,0.002216887048472066,0.7482469384171342,0.19574230492868328,0.05601075620309976,,,,,,,,,,,,,,False,False,temporal_v1,False,0.00014588812844231383,0.12943632567849686,3.715156225422541,0.8986997727554183,69.42490488303588,1598.8103924127342,0.0016587789468358203,0.00043393858063446784,0.0001241695200017783,0.0,0.0,0.03880442795498307,0.03408552691240051,0.0058655405503759426,0.021944514318493386,0.12299682103689834,52.494913278886735,0.0021713044982139256,1.309057609438488,-0.0007820410882606599,1666.6666666666667,0.02173937242912372,True,0.00016935128951445222,0.03880442795498307,False,True,False,False,False,0,True,False,True,False,True,False,True,False,False,0,0,False,0,15,24,24,,,,False,False,False,
206,2026-08-11T01:53:28.876740,shadow,analysis_full,silero,webrtc,False,0.00015150207036640495,True,True,False,1,False,True,False,0,0.0,,,,,,,,,,,,,0.002819271021387188,0.7028424352850282,0.23112762926248515,0.06602993509778504,,,,,,,,,,,,,,False,False,temporal_v1,False,0.00016757476488576972,0.20668058455114824,3.876687691828401,0.9022493385185355,70.69737875374047,1554.4855072743192,0.00198150331040028,0.0006516114274216458,0.00018615628256526216,0.0,0.0,0.03369967351838334,0.02961473147564389,0.005730602353279868,0.027715904065452518,0.1214110661422619,50.36665343817637,0.0024490202529438873,1.1371972481515684,-0.0006742936621678546,1600.0,0.03024028224005974,True,0.00016935128951445222,0.03369967351838334,False,True,False,False,False,0,True,False,True,False,True,False,True,False,False,0,0,False,0,15,24,24,,,,False,False,False,
207,2026-08-11T01:53:28.882462,shadow,analysis_full,silero,webrtc,False,0.0001570629101479426,True,True,False,1,False,True,False,0,0.0,,,,,,,,,,,,,0.0022966478419228706,0.701032337299492,0.23861171939990697,0.06035594286518381,,,,,,,,,,,,,,False,False,temporal_v1,False,0.00015041499290511883,0.21085594989561587,3.8224270427046596,0.9035116209806272,69.7262073367374,1531.480384703481,0.0016100244045770243,0.0005480070904173019,0.00013861634592854448,0.0,0.0,0.02554174904109785,0.02054617801329248,0.005698342291664711,0.031881450421595535,0.11991256306283861,48.02395080361227,0.0015951731458762925,1.3580587283518322,-0.000811693473822611,1533.3333333333335,0.018165768215396845,True,0.00016935128951445222,0.02554174904109785,False,True,False,False,False,0,True,False,True,False,True,False,True,False,False,0,0,False,0,15,24,24,,,,False,False,False,
208,2026-08-11T01:53:28.887682,shadow,analysis_full,silero,webrtc,False,0.0001570629101479426,True,True,False,1,False,True,False,0,0.0,,,,,,,,,,,,,0.0020390657115350853,0.6884059229721716,0.23479513817300446,0.0767989383644034,,,,,,,,,,,,,,False,False,temporal_v1,False,0.00014219868191114025,0.18580375782881003,3.948181720014028,0.8911214511621836,69.15449181493051,1584.9649309069205,0.0014037049131502182,0.000478762715483716,0.00015659808190115137,0.0,0.0,0.01856788363719151,0.014177406001839605,0.006462825418468164,0.02998133289522546,0.07769966109932418,40.45438770706106,0.0018353516162345912,1.2890815856658087,-0.0007661525309261086,1733.3333333333335,0.023566389690887885,True,0.000166839272424113,0.01856788363719151,False,True,False,False,False,0,True,False,True,False,True,False,True,False,False,0,0,False,0,15,24,24,,,,False,False,False,
209,2026-08-11T01:53:28.894368,shadow,analysis_full,silero,webrtc,False,0.00015917562996037304,True,True,False,1,False,True,False,0,0.0,,,,,,,,,,,,,0.0025202167759130877,0.7037277274922232,0.2329704063767251,0.06330186573426044,,,,,,,,,,,,,,False,False,temporal_v1,False,0.0001577095003713133,0.18580375782881003,3.906703444081992,0.8931674756096498,70.10570582777267,1549.9704915959824,0.0017735464245010948,0.0005871359264419119,0.00015953442397008101,0.0,0.0,0.018050794301190748,0.01395495887260816,0.006205770830983796,0.030429362526865213,0.07414530862038737,27.816934634543646,0.0018876817383660155,1.4253411053962686,-0.0008552840898906057,1733.3333333333335,0.016506827187242598,True,0.00016207883891183883,0.018050794301190748,False,True,False,False,False,0,True,False,True,False,True,False,True,False,False,0,0,False,0,15,24,24,,,,False,False,False,
210,2026-08-11T01:53:28.900227,shadow,analysis_full,silero,webrtc,False,0.00015855440869927406,True,True,False,1,False,True,False,0,0.0,,,,,,,,,,,,,0.00255012245435918,0.7350783606440344,0.21571823283462888,0.049203406129198546,,,,,,,,,,,,,,False,False,temporal_v1,False,0.00015721601844615723,0.15031315240083507,3.7650844463028026,0.9116714986797295,70.16634060513817,1484.5751158725875,0.0018745398331918876,0.0005501079093662689,0.00012547471080102333,0.0,0.0,0.0184581199033824,0.013399148433609993,0.007172624288889287,0.02850585250722052,0.07923629753094184,33.037950539894766,0.0014251489747515468,1.717070352983049,-0.001029032578829499,1466.6666666666667,0.007336540173517071,True,0.00015886501932982355,0.0184581199033824,False,True,False,False,False,0,True,False,True,False,True,False,True,False,False,0,0,False,0,15,24,24,,,,False,False,False,
211,2026-08-11T01:53:28.905863,shadow,analysis_full,silero,webrtc,False,0.00015570655523333699,True,True,False,1,False,True,False,0,0.0,,,,,,,,,,,,,0.0013474216775198717,0.6813327857187682,0.23496822725288516,0.08369898628618841,,,,,,,,,,,,,,False,False,temporal_v1,False,0.00011781174511240641,0.15657620041753653,3.9190803029742507,0.8855260147906828,67.38843958705182,1598.2867733523567,0.00091804256508247,0.00031660128292895296,0.00011277782850844872,0.0,0.0,0.018937922877163137,0.012310098116118552,0.00962965151004023,0.02580970264805945,0.07588464364358868,37.338476862169266,0.0018981101763017073,1.2388849390961172,-0.0007392809348912997,1833.3333333333335,0.026510169732204013,True,0.00015780865942360833,0.018937922877163137,False,True,False,False,False,0,True,False,True,False,True,False,True,False,False,0,0,False,0,15,24,24,,,,False,False,False,
212,2026-08-11T01:53:28.911871,shadow,analysis_full,silero,webrtc,False,0.0001567822037031874,True,True,False,1,False,True,False,0,0.0,,,,,,,,,,,,,0.003073093198699341,0.7183943509159031,0.22369244204019095,0.057913206718500865,,,,,,,,,,,,,,False,False,temporal_v1,False,0.0001711116293029234,0.18580375782881003,3.8060104028945645,0.9032755536753295,70.89019668494481,1544.3607423994433,0.0022076927937836896,0.0006874277222341574,0.000177972681681494,0.0,0.0,0.01915303478592704,0.012348482987592883,0.009652150529000278,0.0254226266267767,0.0781937957120993,36.00644258805872,0.001984464813384674,1.3878831235800642,-0.000833427240580739,1566.6666666666667,0.017853610986227633,True,0.00015780865942360833,0.01915303478592704,False,True,False,False,False,0,True,False,True,False,True,False,True,False,False,0,0,False,0,15,24,24,,,,False,False,False,
213,2026-08-11T01:53:28.917394,shadow,analysis_full,silero,webrtc,False,0.0001830805849749595,True,True,False,1,False,True,False,0,0.0,,,,,,,,,,,,,0.0013711298573047138,0.5844424039694416,0.28585695877435036,0.12970063652688252,,,,,,,,,,,,,,False,False,temporal_v1,False,0.00011744940177938267,0.20876826722338204,3.9875654749560394,0.8370623382330653,67.11556417321306,1787.8210028445542,0.0008013464299574443,0.0003919470110938345,0.00017783641525343497,0.0,0.0,0.04223878445757189,0.021481924028854463,0.02206298288044233,0.02629237205093393,0.08108096654534082,79.86843425853587,0.003173394591747268,1.108884343630395,-0.0006571938472544397,2233.3333333333335,0.03657216017399299,True,0.00015780865942360833,0.04223878445757189,False,True,False,False,False,0,True,False,True,False,True,False,True,False,False,0,0,False,0,15,24,24,,,,False,False,False,
214,2026-08-11T01:53:28.925587,shadow,analysis_full,silero,webrtc,False,0.00025209778686985373,True,True,False,1,False,True,False,0,0.0,,,,,,,,,,,,,0.004086623889752132,0.6332296119069433,0.26798978228732834,0.09878060556102757,,,,,,,,,,,,,,False,False,temporal_v1,False,0.00019982326230184004,0.21294363256784968,4.031637467864796,0.8696820065574447,72.11398882335938,1632.3706252345135,0.0025877712597173856,0.0010951734465048687,0.0004036791825298776,0.0,0.0,0.04598692425878176,0.02394704452948781,0.023194014212727036,0.027487733763061028,0.09517688680225263,77.76729937994008,0.002830182224580193,1.6613245753199872,-0.0009953102280995418,2133.3333333333335,0.01013177402864756,True,0.00015780865942360833,0.04598692425878176,False,True,False,False,False,0,True,False,True,False,True,False,True,False,False,0,0,False,0,15,24,24,,,,False,False,False,
215,2026-08-11T01:53:28.933419,shadow,analysis_full,silero,webrtc,False,0.00023890839656814933,True,True,False,1,False,True,False,0,0.0,,,,,,,,,,,,,0.001440145149612831,0.4682815473518561,0.28795543692012876,0.24376301503364067,,,,,,,,,,,,,,False,False,temporal_v1,False,0.00011894070179420909,0.24217118997912318,4.018129162199687,0.7709307507295218,66.87665624772566,1853.5075160953013,0.0006743933990719668,0.00041469762578516696,0.0003510541237556972,0.0,0.0,0.07674199633267519,0.024363508771347523,0.055030013864271116,0.02617191472937757,0.08637942078069337,111.81396979887948,0.003541069579297711,1.3494422593919935,-0.000796073804844839,3033.3333333333335,0.018595005750117286,True,0.00015780865942360833,0.07674199633267519,False,True,True,False,False,0,True,False,True,False,True,False,True,False,False,0,0,False,0,15,24,24,,,,False,False,False,
216,2026-08-11T01:53:28.941416,shadow,analysis_full,silero,webrtc,False,0.00021275605831760913,True,True,False,1,False,True,False,0,0.0,,,,,,,,,,,,,0.0024711249303251957,0.6014915951038933,0.2330839585655884,0.1654244459258444,,,,,,,,,,,,,,False,False,temporal_v1,False,0.00015528815108506615,0.25260960334029225,4.0187880188179825,0.836637548335697,69.68197750312386,1723.8081378439479,0.0014863608760422992,0.0005759795808703104,0.00040878447241258635,0.0,0.0,0.07732643766672434,0.024255989058673117,0.0581567086998658,0.03140141240411384,0.09156717973957852,114.5809878757412,0.003552944070260078,1.3131218186914662,-0.0007863363097352919,2533.3333333333335,0.024830532605978107,True,0.00015886501932982355,0.07732643766672434,False,True,True,False,False,0,True,False,True,False,True,False,True,False,False,0,0,False,0,15,24,24,,,,False,False,False,
217,2026-08-11T01:53:28.949016,shadow,analysis_full,silero,webrtc,False,0.0001573942427057773,True,True,False,1,False,True,False,0,0.0,,,,,,,,,,,,,0.0012464823232316122,0.5208984666567673,0.3197451759128401,0.15935635662813494,,,,,,,,,,,,,,False,False,temporal_v1,False,0.00011435706712755945,0.22338204592901878,3.941421301094275,0.8215321851530112,66.78395573918662,1752.8096683837173,0.0006492907308861118,0.0003985567097139374,0.00019863488163156294,0.0,0.0,0.08436069990048173,0.03267987387653079,0.058498213744972,0.032085176540188935,0.08532647881223225,114.95973423208083,0.0032758511823825776,1.220801997116753,-0.0007241284460418218,2666.666666666667,0.02363495615477146,True,0.00015886501932982355,0.08436069990048173,False,True,True,False,False,0,True,False,True,False,True,False,True,False,False,0,0,False,0,15,24,24,,,,False,False,False,
218,2026-08-11T01:53:28.955595,shadow,analysis_full,silero,webrtc,False,0.00016728212358430028,True,True,False,1,False,True,False,0,0.0,,,,,,,,,,,,,0.0014769181230494097,0.4536675531833703,0.436417649022138,0.10991479711740611,,,,,,,,,,,,,,False,False,temporal_v1,False,0.00011933580522929634,0.20668058455114824,3.824986464400984,0.8483054174178107,67.32245812398403,1697.816542266649,0.0006700298311360015,0.0006445531350594121,0.0001623351558539961,0.0,0.0,0.09746557891098634,0.0629698068461129,0.05729169203420918,0.03174376251983,0.09112371094291179,113.42801812527786,0.003303993088098042,1.1321807059324391,-0.0006683597281676724,2133.3333333333335,0.02664204395887611,True,0.00016322887677233666,0.09746557891098634,False,True,True,False,False,0,True,False,True,False,True,False,True,False,False,0,0,False,0,15,24,24,,,,False,False,False,
219,2026-08-11T01:53:28.962799,shadow,analysis_full,silero,webrtc,False,0.0001611209154361859,True,True,False,1,False,True,False,0,0.0,,,,,,,,,,,,,0.0010883526956156548,0.4047458212403246,0.510586635625566,0.08466754221528958,,,,,,,,,,,,,,False,False,temporal_v1,False,0.00010556601107708098,0.18162839248434237,3.862547388897317,0.8327737803143408,66.08528344934835,1718.23673550827,0.00044050620558607926,0.0005556983412284129,9.214814780116267e-05,0.0,0.0,0.10928555120478321,0.09291051098835593,0.05565774162280465,0.03198722292324811,0.09280933042106754,107.82416325293094,0.004750679029372604,1.1275528291930348,-0.0006632804768250502,2166.666666666667,0.025936656188879265,True,0.0001642015195102431,0.10928555120478321,False,True,True,False,False,0,True,False,True,False,True,False,True,False,False,0,0,False,0,15,24,24,,,,False,False,False,
220,2026-08-11T01:53:28.968379,shadow,analysis_full,silero,webrtc,False,0.00015531270764768124,True,True,False,1,False,True,False,0,0.0,,,,,,,,,,,,,0.0007531910622914198,0.43751296955406777,0.4608087753692455,0.10167825374900234,,,,,,,,,,,,,,False,False,temporal_v1,False,8.841338193720994e-05,0.20250521920668058,3.8943612588789236,0.8324585015265231,64.35712633846519,1679.417100833667,0.0003295308583047019,0.00034707705103357027,7.658315195314761e-05,0.0,0.0,0.10340456746050636,0.09914017279347691,0.051196171578582424,0.026979613547274392,0.07858937209832072,86.32687433219236,0.003101338280009383,1.432011436675956,-0.0008637949138539931,2166.666666666667,0.013486540467426724,True,0.0001642015195102431,0.10340456746050636,False,True,True,False,False,0,True,False,True,False,True,False,True,False,False,0,0,False,0,15,24,24,,,,False,False,False,
221,2026-08-11T01:53:28.975029,shadow,analysis_full,silero,webrtc,False,0.00013865926302969456,True,True,False,1,False,True,False,0,0.0,,,,,,,,,,,,,0.00043121009362104686,0.36095853410114437,0.5370691887209642,0.1019722748588362,,,,,,,,,,,,,,False,False,temporal_v1,False,7.222801709136764e-05,0.18580375782881003,3.86465358261845,0.8349976303561721,62.28452742509574,1775.117140322691,0.0001556489632830703,0.00023158965514934667,4.397147418862988e-05,0.0,0.0,0.10742698393544242,0.11196333840360546,0.05005675192358303,0.022544073114391428,0.08103509261931031,81.91606245145397,0.005369703237915795,1.2163698897077415,-0.0007228150667259988,2133.3333333333335,0.024500129856781853,True,0.0001642015195102431,0.10742698393544242,False,True,True,False,False,0,True,False,True,False,True,False,True,False,False,0,0,False,0,15,24,24,,,,False,False,False,
222,2026-08-11T01:53:28.980132,shadow,analysis_full,silero,webrtc,False,0.00013572964235208929,True,True,False,1,False,True,False,0,0.0,,,,,,,,,,,,,0.0004120699114314493,0.4455517905801758,0.46347359854727277,0.09097460844577877,,,,,,,,,,,,,,False,False,temporal_v1,False,6.9336760923284e-05,0.17118997912317327,4.013282913323472,0.8346418362958484,61.83794566927556,1774.781088409078,0.00018359848688249668,0.00019098352470418978,3.7487898844762836e-05,0.0,0.0,0.08558609900098428,0.10653634488838847,0.04645815268751473,0.02447134574044693,0.07416323513071157,59.62012958138853,0.006355770383938146,1.057730292576317,-0.0006334717561852526,2066.666666666667,0.0411604117066113,True,0.0001642015195102431,0.08558609900098428,False,True,True,False,False,0,True,False,True,False,True,False,True,False,False,0,0,False,0,15,24,24,,,,False,False,False,
223,2026-08-11T01:53:28.986242,shadow,analysis_full,silero,webrtc,False,0.00013649891479872167,True,True,False,1,False,True,False,0,0.0,,,,,,,,,,,,,0.0007975138547434326,0.5217246934895499,0.40354558466470514,0.0747297205918483,,,,,,,,,,,,,,False,False,temporal_v1,False,9.151272924705425e-05,0.17536534446764093,3.7735465225715554,0.8469111747093006,64.77314519888898,1760.8724064445398,0.00041608267141968674,0.00032183319479064124,5.959798753310461e-05,0.0,0.0,0.08067140997772262,0.10185089000898237,0.049178014903308344,0.026443614252307325,0.08849944196353089,57.96424003929614,0.0046796647597812215,1.0367665734048652,-0.0006167093990662219,2133.3333333333335,0.03522393986422117,True,0.0001592575790709816,0.08067140997772262,False,True,True,False,False,0,True,False,True,False,True,False,True,False,False,0,0,False,0,15,24,24,,,,False,False,False,
224,2026-08-11T01:53:28.993324,shadow,analysis_full,silero,webrtc,False,0.00013649891479872167,True,True,False,1,False,True,False,0,0.0,,,,,,,,,,,,,0.0006278663089895513,0.3777011899987862,0.511721763190802,0.11057704521771594,,,,,,,,,,,,,,False,False,temporal_v1,False,8.356386066580447e-05,0.174321503131524,3.7961093419619933,0.8188086285819579,63.718289101728004,1840.2306314852483,0.00023714585206549912,0.00032129285468423407,6.942760123981802e-05,0.0,0.0,0.06927574626528189,0.09834497164305887,0.04871922630013312,0.027847096686053747,0.08814893899601425,53.88851201430241,0.0045583570890505515,0.8617409617370735,-0.0005126469049997094,2166.666666666667,0.05246101159942003,True,0.00015635347517672926,0.06927574626528189,False,True,True,False,False,0,True,False,True,False,True,False,True,False,False,0,0,False,0,15,24,24,,,,False,False,False,
225,2026-08-11T01:53:28.999678,shadow,analysis_full,silero,webrtc,False,0.00013740547001361847,True,True,False,1,False,True,False,0,0.0,,,,,,,,,,,,,0.0006294210810892047,0.5578316918669359,0.34976336916836664,0.0924049373759359,,,,,,,,,,,,,,False,False,temporal_v1,False,8.180683841584116e-05,0.1649269311064718,3.772535529935365,0.8620951196251955,63.7261052035149,1667.51088988753,0.0003511110265607069,0.00022014843794735596,5.8161615581141834e-05,0.0,0.0,0.07538271463835453,0.09180016697607168,0.02862227099291953,0.026175453260770056,0.08622518445241352,49.51792168905095,0.005592717172850056,1.3726004597041954,-0.0008169157383438111,2000.0000000000002,0.014274484158596395,True,0.0001469859853386879,0.07538271463835453,False,True,True,False,False,0,True,False,True,False,True,False,True,False,False,0,0,False,0,15,24,24,,,,False,False,False,
226,2026-08-11T01:53:29.007292,shadow,analysis_full,silero,webrtc,False,0.00013364078768063337,True,True,False,1,False,True,False,0,0.0,,,,,,,,,,,,,0.00034665553419623474,0.32465121412161474,0.523803265685632,0.15154551730804539,,,,,,,,,,,,,,False,False,temporal_v1,False,6.872448655496625e-05,0.20876826722338204,3.727274054852465,0.8105196774206309,61.6143307764892,1838.7175031147333,0.00011254214005878455,0.000181579300879985,5.253409225746521e-05,0.0,0.0,0.07211501193137786,0.07080548317691823,0.026084867707253497,0.01851605060112579,0.0822866479436882,57.357493183975265,0.007395960266909929,1.1920249115909551,-0.0007092445309467691,2400.0,0.02591617142367266,True,0.0001380323665216565,0.07211501193137786,False,True,True,False,False,0,True,False,True,False,True,False,True,False,False,0,0,False,0,15,24,24,,,,False,False,False,
227,2026-08-11T01:53:29.014399,shadow,analysis_full,silero,webrtc,False,0.00014059804379940033,True,True,False,1,False,True,False,0,0.0,,,,,,,,,,,,,0.0004641665286832021,0.4649419844405702,0.41506600147540934,0.11999201192962121,,,,,,,,,,,,,,False,False,temporal_v1,False,7.298739267980023e-05,0.17954070981210857,3.964435511900679,0.8229328389279835,62.333591510756534,1957.5810652772764,0.00021581050695685885,0.0001926597450792576,5.569627564708565e-05,0.0,0.0,0.06769701888984896,0.05758191713264857,0.020343122900726495,0.014777269197609272,0.08516476370675176,84.59435330118465,0.00484905385882633,0.8030759290703352,-0.0004691119225293327,2400.0,0.07012087892069649,True,0.0001380323665216565,0.06769701888984896,False,True,True,False,False,0,True,False,True,False,True,False,True,False,False,0,0,False,0,15,24,24,,,,False,False,False,
228,2026-08-11T01:53:29.020635,shadow,analysis_full,silero,webrtc,False,0.00016386827337555587,True,True,False,1,False,True,False,0,0.0,,,,,,,,,,,,,0.001362447165527828,0.5842253942696575,0.27207349141918613,0.1437011135771829,,,,,,,,,,,,,,False,False,temporal_v1,False,0.0001156651082937259,0.24008350730688935,3.8835576838819708,0.8347995174300987,66.95999108278484,1817.8053401134082,0.0007959762324520726,0.00037068575719933,0.00019578517487642532,0.0,0.0,0.08127894894969213,0.0810055256154522,0.023613337321919173,0.021520606232305405,0.08530015849505691,81.82327936810448,0.004093096501084072,1.013883382046526,-0.0006055762814658965,2533.3333333333335,0.03990952691949497,True,0.0001380323665216565,0.08127894894969213,False,True,True,False,False,0,True,False,True,False,True,False,True,False,False,0,0,False,0,15,24,24,,,,False,False,False,
229,2026-08-11T01:53:29.029049,shadow,analysis_full,silero,webrtc,False,0.0002394285547779873,True,True,False,1,False,True,False,0,0.0,,,,,,,,,,,,,0.0006443212543755234,0.4631339266389654,0.3115301458298405,0.22533592597917332,,,,,,,,,,,,,,False,False,temporal_v1,False,8.783752496152575e-05,0.20876826722338204,3.9861441166429925,0.7403383034480412,63.78227494578171,1984.8808625892373,0.0002984070325558798,0.00020072549433687256,0.00014518872648277103,0.0,0.0,0.0800510317313664,0.08665221255974331,0.04127794294109388,0.022194580524082286,0.09397788217490854,98.17728359581452,0.004683854985701517,1.2972376492615247,-0.0007830215060141226,2833.3333333333335,0.023866614866287356,True,0.0001380323665216565,0.0800510317313664,False,True,True,False,False,0,True,False,True,False,True,False,True,False,False,0,0,False,0,15,24,24,,,,False,False,False,
230,2026-08-11T01:53:29.037193,shadow,analysis_full,silero,webrtc,False,0.00024038672563619912,True,True,False,1,False,True,False,0,0.0,,,,,,,,,,,,,0.0010062905118603134,0.7136520946839369,0.1848908387322578,0.10145706559005656,,,,,,,,,,,,,,False,False,temporal_v1,False,0.00010235126518302399,0.21294363256784968,3.842457902367045,0.8571934089293294,65.91446664485004,1693.9348965283598,0.0007181413316496837,0.00018605389674616638,0.0001020952824644634,0.0,0.0,0.11122110831602364,0.1112564400476095,0.0412885045055716,0.022938161009059814,0.09378910114234024,96.33010354679445,0.00483021686826686,1.6936560539617933,-0.0010409685583757798,2166.666666666667,0.008178034760717703,True,0.0001380323665216565,0.11122110831602364,False,True,True,False,False,0,True,False,True,False,True,False,True,False,False,0,0,False,0,15,24,24,,,,False,False,False,
231,2026-08-11T01:53:29.044416,shadow,analysis_full,silero,webrtc,False,0.00019916660676244646,True,True,False,1,False,True,False,0,0.0,,,,,,,,,,,,,0.0006002328033321791,0.6079476164097095,0.2607196552974502,0.13133272662682,,,,,,,,,,,,,,False,False,temporal_v1,False,8.298062170905844e-05,0.20876826722338204,3.9565514071030226,0.7998506022605186,63.546058114748774,1913.2273572206684,0.00036491010207671625,0.00015649248958298797,7.88302106724749e-05,0.0,0.0,0.10912870373826707,0.10735843896650218,0.040853538556306926,0.023331897086317766,0.09796881898756242,100.00537401985342,0.004859389685133987,0.9596843858174632,-0.00056916514056886,2566.666666666667,0.05071011064904763,True,0.0001390017569065094,0.10912870373826707,False,True,True,False,False,0,True,False,True,False,True,False,True,False,False,0,0,False,0,15,24,24,,,,False,False,False,
232,2026-08-11T01:53:29.050971,shadow,analysis_full,silero,webrtc,False,0.00015408544277306646,True,True,False,1,False,True,False,0,0.0,,,,,,,,,,,,,0.0009643208206129546,0.5445111674584359,0.2995929772185625,0.1558958542860023,,,,,,,,,,,,,,False,False,temporal_v1,False,0.00010099199590212097,0.19832985386221294,3.966312386223382,0.8220226330569074,65.6039124428197,1759.0537372279152,0.0005250834558364368,0.0002889037456412824,0.00015033361813523535,0.0,0.0,0.10766318749574622,0.10425001299304198,0.04021029954918021,0.02200723537053386,0.09200743097520739,100.9017063121505,0.0038152266821070016,1.1964830972496987,-0.0007145802478596615,2566.666666666667,0.02602271651487282,True,0.0001473417432862334,0.10766318749574622,False,True,True,False,False,0,True,False,True,False,True,False,True,False,False,0,0,False,0,15,24,24,,,,False,False,False,
233,2026-08-11T01:53:29.058702,shadow,analysis_full,silero,webrtc,False,0.0002329476410523057,True,True,False,1,False,True,False,0,0.0,,,,,,,,,,,,,0.0019225278743853942,0.4109424762881642,0.537291987207691,0.05176553598399622,,,,,,,,,,,,,,False,False,temporal_v1,False,0.00013546656624867197,0.17954070981210857,3.89059381374141,0.8063337662286233,68.27646901870938,2012.4218618052032,0.0007900483654329546,0.0010329588220907065,9.952068586173288e-05,0.0,0.0,0.11211501784063063,0.11757045109614865,0.04383354306865241,0.021625661800358513,0.08667869414197306,112.83293744903645,0.0061019380295727925,0.7702968126411411,-0.00044459105619014877,2166.666666666667,0.07504809795601011,True,0.00015897685807431117,0.11211501784063063,False,True,True,False,False,0,True,False,True,False,True,False,True,False,False,0,0,False,0,15,24,24,,,,False,False,False,
234,2026-08-11T01:53:29.063801,shadow,analysis_full,silero,webrtc,False,0.0003194946621078998,True,True,False,1,False,True,False,0,0.0,,,,,,,,,,,,,0.005384410700394407,0.5333986420743201,0.3847452998203165,0.08185605791964203,,,,,,,,,,,,,,False,False,temporal_v1,False,0.0002245183773493365,0.162839248434238,3.806110630173893,0.8618786265030798,73.11014659407819,1684.528095940086,0.002872037355960815,0.0020716267092789663,0.00044074663415462486,0.0,0.0,0.10386985190001981,0.10765512058534112,0.04580396349715531,0.023086598973558584,0.08577413024291665,123.17391457179424,0.005908156223257197,1.1283578090035085,-0.0006579773199719686,2066.666666666667,0.026302724283327524,True,0.00018151744006900117,0.10386985190001981,False,True,True,False,False,0,True,False,True,False,True,False,True,False,False,0,0,False,0,15,24,24,,,,False,False,False,
235,2026-08-11T01:53:29.069033,shadow,analysis_full,silero,webrtc,False,0.0004090383881703019,True,True,False,1,False,True,False,0,0.0,,,,,,,,,,,,,0.005084995131987173,0.48312329532932297,0.39591607722844996,0.12096062724557004,,,,,,,,,,,,,,False,False,temporal_v1,False,0.00021516938218393248,0.16075156576200417,3.8797189370159852,0.8443480326677768,72.64376372122436,1655.8648297701463,0.0024566796048992087,0.0020132313253821256,0.0006150842007058387,0.0,0.0,0.1036041596985108,0.10836377549945374,0.04452209907871082,0.023683009381866287,0.07807751104562173,124.77740341166258,0.003926038886278447,1.3313421062756103,-0.0007859038799927384,2333.3333333333335,0.015925546965235286,True,0.00021605712390737608,0.1036041596985108,False,True,True,False,False,0,True,False,True,False,True,False,True,False,False,0,0,False,0,15,24,24,,,,False,False,False,
236,2026-08-11T01:53:29.077332,shadow,analysis_full,silero,webrtc,False,0.0003133680729661137,True,True,False,1,False,True,False,0,0.0,,,,,,,,,,,,,0.0024036120796308907,0.5130370907916613,0.3930794512592838,0.09388345753301426,,,,,,,,,,,,,,False,False,temporal_v1,False,0.00015147275461236588,0.1837160751565762,3.879576180560327,0.8441779692217074,69.49527665484604,1657.3127515605306,0.0012331421487255271,0.0009448105173014965,0.00022565941260386683,0.0,0.0,0.08264027165663128,0.09466004439199939,0.044881556785166386,0.02352791511295589,0.05672227051662753,135.2041966084459,0.005607127430395571,1.3178115853673948,-0.0007698988731157059,2200.0,0.015099404626666145,True,0.0002361880979151465,0.08264027165663128,False,True,True,False,False,0,True,False,True,False,True,False,True,False,False,0,0,False,0,15,24,24,,,,False,False,False,
237,2026-08-11T01:53:29.083075,shadow,analysis_full,silero,webrtc,False,0.00023666437482461333,True,True,False,1,False,True,False,0,0.0,,,,,,,,,,,,,0.003942561895213398,0.6304532562567567,0.30086087234818015,0.0686858711414208,,,,,,,,,,,,,,False,False,temporal_v1,False,0.00019097862279199532,0.1732776617954071,3.857415963649598,0.8843881395409082,71.78286092961288,1620.309733087774,0.002485600984831097,0.0011861626110805973,0.0002707982983017032,0.0,0.0,0.08413499418505525,0.09244026897891804,0.04773058973166347,0.02397110662949031,0.054660165135220526,137.14894593526097,0.004083049276186629,1.11023468300847,-0.0006577094756149918,1866.6666666666667,0.029026976791448226,True,0.00023804646480130032,0.08413499418505525,False,True,True,False,False,0,True,False,True,False,True,False,True,False,False,0,0,False,0,15,24,24,,,,False,False,False,
238,2026-08-11T01:53:29.090237,shadow,analysis_full,silero,webrtc,False,0.0001710703654680401,True,True,False,1,False,True,False,0,0.0,,,,,,,,,,,,,0.0029931140287608776,0.44733891193757924,0.474313862014444,0.07834722571387645,,,,,,,,,,,,,,False,False,temporal_v1,False,0.0001684514635960757,0.18997912317327767,4.0116323309749475,0.8614888131505642,70.54371187631092,1607.9030014931866,0.0013389363729309953,0.0014196754744311834,0.00023450218039869857,0.0,0.0,0.08823531065727544,0.09858329375930504,0.048166146246355436,0.018103952725410266,0.0646136080028802,145.55165342819933,0.003942631312852378,1.2661616245183038,-0.0007548496252955068,2000.0000000000002,0.022279207880581287,True,0.00023804646480130032,0.08823531065727544,False,True,True,False,False,0,True,False,True,False,True,False,True,False,False,0,0,False,0,15,24,24,,,,False,False,False,
239,2026-08-11T01:53:29.096346,shadow,analysis_full,silero,webrtc,False,0.00016064289957284927,True,True,False,1,False,True,False,0,0.0,,,,,,,,,,,,,0.002139817505033791,0.5268502362634631,0.38135224547131086,0.0917975177978965,,,,,,,,,,,,,,False,False,temporal_v1,False,0.000148613395352466,0.1732776617954071,3.8383566991940103,0.8644077575905008,69.42464185083166,1664.8839572597021,0.0011273633580877467,0.0008160242104434542,0.0001964299355025899,0.0,0.0,0.0850774809373911,0.09777654660148759,0.029495333117480975,0.017115178554538268,0.0618107680828854,126.25873360780798,0.004842630360781421,1.206164385517893,-0.0007185344645486305,1966.6666666666667,0.023845320940423968,True,0.00023480600793845952,0.0850774809373911,False,True,True,False,False,0,True,False,True,False,True,False,True,False,False,0,0,False,0,15,24,24,,,,False,False,False,
240,2026-08-11T01:53:29.100909,shadow,analysis_full,silero,webrtc,False,0.00016064289957284927,True,True,False,1,False,True,False,0,0.0,,,,,,,,,,,,,0.0029586918392312408,0.6273146133474432,0.30892685634233646,0.06375852997223305,,,,,,,,,,,,,,False,False,temporal_v1,False,0.00016626809973164513,0.16910229645093947,3.8592372803656683,0.877360125225678,70.50544476028898,1604.2885955667696,0.0018560306271415816,0.0009140193687794328,0.0001886418423102264,0.0,0.0,0.07021359930604164,0.08105101108422719,0.031125328542335514,0.014667363732985633,0.06063600242801701,131.36353508410545,0.003936337398669494,1.2045291477489408,-0.0007143338976700154,2000.0000000000002,0.023458171019292588,True,0.00021605712390737608,0.07021359930604164,False,True,True,False,False,0,True,False,True,False,True,False,True,False,False,0,0,False,0,15,24,24,,,,False,False,False,
241,2026-08-11T01:53:29.106562,shadow,analysis_full,silero,webrtc,False,0.00016581286035943776,True,True,False,1,False,True,False,0,0.0,,,,,,,,,,,,,0.00456101425272496,0.754355421716965,0.18945258175653737,0.056191996307248096,,,,,,,,,,,,,,False,False,temporal_v1,False,0.0002093701482175284,0.16701461377870563,3.746938797824619,0.9055963272924215,72.70480689022276,1529.7498921597328,0.0034406258300714253,0.0008640959256071077,0.0002562924960464269,0.0,0.0,0.09522913286265297,0.0929324789056547,0.03022112381616245,0.011465160933399568,0.07093562702516334,124.56599200253598,0.003192117829693003,1.3284718773314725,-0.0007922531080763327,1533.3333333333335,0.01641727690875118,True,0.0002020090032601729,0.09522913286265297,False,True,True,False,False,0,True,False,True,False,True,False,True,False,False,0,0,False,0,15,24,24,,,,False,False,False,
242,2026-08-11T01:53:29.113410,shadow,analysis_full,silero,webrtc,False,0.00018451520008966327,True,True,False,1,False,True,False,0,0.0,,,,,,,,,,,,,0.006341893574682105,0.6933099289198036,0.2422220872064706,0.06446798371604424,,,,,,,,,,,,,,False,False,temporal_v1,False,0.00024304587585951385,0.1732776617954071,3.97247115210649,0.8938498011625344,73.9697056971603,1552.650805830715,0.004396897783479809,0.0015361466985008045,0.0004088490917014916,0.0,0.0,0.10480111466041325,0.09849358915390947,0.019831592399088858,0.008658221859427027,0.07175993917760572,126.7765402791303,0.0023286690206370973,1.721436002043959,-0.0010422692531367162,1666.6666666666667,0.009964789338661474,True,0.00020873142057098448,0.10480111466041325,False,True,True,False,False,0,True,False,True,False,True,False,True,False,False,0,0,False,0,15,24,24,,,,False,False,False,
243,2026-08-11T01:53:29.120475,shadow,analysis_full,silero,webrtc,False,0.00018989731324836612,True,True,False,1,False,True,False,0,0.0,,,,,,,,,,,,,0.003977559007824951,0.754465631950149,0.19246402670002727,0.05307034109841303,,,,,,,,,,,,,,False,False,temporal_v1,False,0.00019552357503852896,0.15866388308977036,3.754938460465182,0.9064490334103319,72.09969813316206,1521.6329488341905,0.0030009315704576595,0.0007655370230829553,0.00021109041328433545,0.0,0.0,0.1059471820585239,0.09072923605003226,0.01966762116611298,0.009382966619726195,0.07975626238902801,55.30799403356686,0.0017507207453794386,1.5133755286289294,-0.0009084621474169119,1500.0,0.011711140814861212,True,0.0001872062566690147,0.1059471820585239,False,True,True,False,False,0,True,False,True,False,True,False,True,False,False,0,0,False,0,15,24,24,,,,False,False,False,
244,2026-08-11T01:53:29.126127,shadow,analysis_full,silero,webrtc,False,0.00016575910558458418,True,True,False,1,False,True,False,0,0.0,,,,,,,,,,,,,0.006635894940435418,0.727047304480625,0.22090907201322382,0.05204362335545544,,,,,,,,,,,,,,False,False,temporal_v1,False,0.00024939623395443523,0.15866388308977036,3.8650515155720195,0.9052530738414364,74.25251777022596,1519.750227747643,0.004824609529260188,0.0014659293932688354,0.0003453560169063933,0.0,0.0,0.11027750948049177,0.0934537477646857,0.020967877599832933,0.009827642835857887,0.0776590384036851,55.16910623948249,0.0019264908923960582,1.5152542284775414,-0.0009031972203499886,1566.6666666666667,0.013160139679120914,True,0.0001777927827788517,0.11027750948049177,False,True,True,False,False,0,True,False,True,False,True,False,True,False,False,0,0,False,0,15,24,24,,,,False,False,False,
245,2026-08-11T01:53:29.131853,shadow,analysis_full,silero,webrtc,False,0.00017351849237456918,True,True,False,1,False,True,False,0,0.0,,,,,,,,,,,,,0.0058596853022399534,0.7501182245332557,0.19087746754652513,0.05900430774956139,,,,,,,,,,,,,,False,False,temporal_v1,False,0.0002360405359106944,0.11691022964509394,3.822442101970396,0.9083190188136582,73.78085912489567,1549.1079616768643,0.004395456735239848,0.001118481891111157,0.00034574667488894786,0.0,0.0,0.10721872439843963,0.09482612009423788,0.01439434462061863,0.01890592333806836,0.07858207241852525,52.31054682442068,0.0011079551231691128,1.2310120287020891,-0.0007234278133709449,1400.0,0.024198931425198845,True,0.00017229442892130464,0.10721872439843963,False,True,True,False,False,0,True,False,True,False,True,False,True,False,False,0,0,False,0,15,24,24,,,,False,False,False,
246,2026-08-11T01:53:29.138052,shadow,analysis_full,silero,webrtc,False,0.0001914953754749149,True,True,False,1,False,True,False,0,0.0,,,,,,,,,,,,,0.00931466345311183,0.7567058024947374,0.1885681399545688,0.05472605744333622,,,,,,,,,,,,,,False,False,temporal_v1,False,0.0002927608167441793,0.11691022964509394,3.8127429134775106,0.90882438750212,75.68147200968342,1519.535796118237,0.007048459883255389,0.0017564487616560987,0.0005097548072003425,0.0,0.0,0.10263430016581646,0.0922896705362686,0.011977819462030737,0.022969253637860856,0.07953772661867323,48.89232285797903,0.0009740051475627374,1.4748192041190435,-0.000878172849560151,1400.0,0.01475541960732019,True,0.00017229442892130464,0.10263430016581646,False,True,True,False,False,0,True,False,True,False,True,False,True,False,False,0,0,False,0,15,24,24,,,,False,False,False,
247,2026-08-11T01:53:29.147935,shadow,analysis_full,silero,webrtc,False,0.0001812054542824626,True,True,False,1,False,True,False,0,0.0,,,,,,,,,,,,,0.004827954526832975,0.6710738595424898,0.2734829969751807,0.055443143275202375,,,,,,,,,,,,,,False,False,temporal_v1,False,0.00021688098875532116,0.1524008350730689,3.921329262999185,0.9021792039591581,73.00141708322245,1529.8392635455712,0.0032399140780174393,0.0013203634732581724,0.0002676769745573625,0.0,0.0,0.10191687929451937,0.0917079991591967,0.012140640939744329,0.022586565407795026,0.08207306643597738,46.88666258278747,0.0010151428713989442,1.4579191884476808,-0.0008735912275026211,1633.3333333333335,0.016351634640990164,True,0.00017229442892130464,0.10191687929451937,False,True,True,False,False,0,True,False,True,False,True,False,True,False,False,0,0,False,0,15,24,24,,,,False,False,False,
248,2026-08-11T01:53:29.156830,shadow,analysis_full,silero,webrtc,False,0.0001609965111128986,True,True,False,1,False,True,False,0,0.0,,,,,,,,,,,,,0.007748844029218688,0.6791334610222636,0.26785880057244466,0.05300773827624013,,,,,,,,,,,,,,False,False,temporal_v1,False,0.0002735580785023532,0.12734864300626306,3.941686049091673,0.9047737057347315,75.06538433803274,1527.0502926426404,0.00526249926448499,0.002075596067489467,0.0004107486962442302,0.0,0.0,0.06971752655133182,0.06046162615583094,0.01126155503702572,0.02139747437529155,0.07114969635070081,44.8444288129244,0.0006525488357303021,1.443982010739843,-0.0008582295708405229,1533.3333333333335,0.016746581567057574,True,0.00016966567636700347,0.06971752655133182,False,True,True,False,False,0,True,False,True,False,True,False,True,False,False,0,0,False,0,15,24,24,,,,False,False,False,
249,2026-08-11T01:53:29.164649,shadow,analysis_full,silero,webrtc,False,0.00017487467266619205,True,True,False,1,False,True,False,0,0.0,,,,,,,,,,,,,0.006219215655923806,0.7123625854216484,0.2340503819382812,0.05358703247927831,,,,,,,,,,,,,,False,False,temporal_v1,False,0.00024491767437727574,0.09394572025052192,3.8240589154295344,0.9097518688461083,74.11395063362653,1491.7111201615976,0.004430336543948675,0.0014556097996255048,0.00033326931134962514,0.0,0.0,0.04189045076165987,0.04011780972512282,0.004232013033928633,0.026009040806398785,0.07158237462376756,28.197515628772937,0.0012514608780529075,1.771529712023352,-0.0010757739149061876,1433.3333333333335,0.007370973887225067,True,0.00017419658252038062,0.04189045076165987,False,True,False,False,False,0,True,False,True,False,True,False,True,False,False,0,0,False,0,15,24,24,,,,False,False,False,
250,2026-08-11T01:53:29.169687,shadow,analysis_full,silero,webrtc,False,0.00022653824998997152,True,True,False,1,False,True,False,0,0.0,,,,,,,,,,,,,0.007758495152924452,0.7417689161129002,0.20457561588745748,0.0536554678707513,,,,,,,,,,,,,,False,False,temporal_v1,False,0.000270020407655155,0.1336116910229645,3.7858351685256104,0.9094602049650394,74.97316723442916,1502.1981232271576,0.005755010540251961,0.0015871989242693734,0.0004162856874031177,0.0,0.0,0.03133359040855424,0.030994090230799028,0.003534189710449053,0.024648805249512223,0.07418904468777586,17.573235830573182,0.00250188604193947,1.5842235009702264,-0.000946614038524288,1433.3333333333335,0.011137890471844315,True,0.00017804006347432733,0.03133359040855424,False,True,False,False,False,0,True,False,True,False,True,False,True,False,False,0,0,False,0,15,24,24,,,,False,False,False,
251,2026-08-11T01:53:29.176485,shadow,analysis_full,silero,webrtc,False,0.00021172722335904837,True,True,False,1,False,True,False,0,0.0,,,,,,,,,,,,,0.009189314531209988,0.726913738509588,0.21738476440725982,0.05570149697432999,,,,,,,,,,,,,,False,False,temporal_v1,False,0.00029790214674762334,0.12108559498956159,3.8251015190285775,0.9090978404536657,75.83572693440055,1524.5726446862145,0.006679838980222334,0.0019976169744312924,0.0005118585755563598,0.0,0.0,0.02971791512867339,0.02928666635060835,0.0035279178815994464,0.023411850970983195,0.06726687332678001,17.481742635800845,0.0010827867160398618,1.4145795734877902,-0.0008439370477941649,1433.3333333333335,0.01744691437451102,True,0.00018286032718606293,0.02971791512867339,False,True,False,False,False,0,True,False,True,False,True,False,True,False,False,0,0,False,0,15,24,24,,,,False,False,False,
252,2026-08-11T01:53:29.181552,shadow,analysis_full,silero,webrtc,False,0.0002102670696331188,True,True,False,1,False,True,False,0,0.0,,,,,,,,,,,,,0.012223635992812327,0.7388335636985791,0.21099493155336863,0.05017150466624347,,,,,,,,,,,,,,False,False,temporal_v1,False,0.000339954963792584,0.12526096033402923,3.8062611139275617,0.9120813124459491,77.00838939552418,1489.6651288278308,0.00903123254192375,0.00257912523963673,0.0006132782102518453,0.0,0.0,0.028546806990618553,0.028756138977140577,0.0022617254708810954,0.01976694862557447,0.055002312668765305,17.29980844226387,0.001067084999468584,1.5942009327495206,-0.000953399000764397,1433.3333333333335,0.010274079599420184,True,0.00018555138376541436,0.028546806990618553,False,True,False,False,False,0,True,False,True,False,True,False,True,False,False,0,0,False,0,15,24,24,,,,False,False,False,
253,2026-08-11T01:53:29.187230,shadow,analysis_full,silero,webrtc,False,0.00018009735504165292,True,True,False,1,False,True,False,0,0.0,,,,,,,,,,,,,0.01194521393896947,0.7420054646829376,0.20604815926315886,0.05194637597018797,,,,,,,,,,,,,,False,False,temporal_v1,False,0.0003335856774285249,0.12734864300626306,3.7910060384517084,0.910456867561662,76.83482107530745,1501.0591517267958,0.008863414019522144,0.0024612893441292865,0.000620510574318038,0.0,0.0,0.027523861095637238,0.027719953284462882,0.0023339477872969506,0.017391787557126122,0.05057660455323122,17.89968478068028,0.0013048117878644806,1.7759480645896772,-0.0010792148954527649,1466.6666666666667,0.007566926942680489,True,0.00018065140466205776,0.027523861095637238,False,True,False,False,False,0,True,False,True,False,True,False,True,False,False,0,0,False,0,15,24,24,,,,False,False,False,
254,2026-08-11T01:53:29.195471,shadow,analysis_full,silero,webrtc,False,0.0001871881540864706,True,True,False,1,False,True,False,0,0.0,,,,,,,,,,,,,0.00921605974591438,0.696193263255083,0.2432842313792812,0.06052250525712938,,,,,,,,,,,,,,False,False,temporal_v1,False,0.0002940960344141451,0.1419624217118998,3.8380380279198243,0.9047907069333864,75.70217821884691,1515.1535356393429,0.006416158708861943,0.0022421220116303135,0.0005577790244221214,0.0,0.0,0.02877699896255406,0.028476681946588967,0.0029531197055669128,0.014932404795196384,0.04985879467462612,17.842255091265713,0.0012334310479917036,1.6134721495636335,-0.0009631422513820948,1500.0,0.010671182034482446,True,0.0001841968041844666,0.02877699896255406,False,True,False,False,False,0,True,False,True,False,True,False,True,False,False,0,0,False,0,15,24,24,,,,False,False,False,
255,2026-08-11T01:53:29.201061,shadow,analysis_full,silero,webrtc,False,0.0001880312483990565,True,True,False,1,False,True,False,0,0.0,,,,,,,,,,,,,0.017294735869495818,0.7245428189473938,0.21975369886904209,0.0557034821257432,,,,,,,,,,,,,,False,False,temporal_v1,False,0.00040079125683704697,0.12108559498956159,3.8958025679826167,0.9053287514188972,78.41672388558581,1521.5773047893897,0.012530776679835105,0.0038005821782848047,0.00096337701037591,0.0,0.0,0.027214994862845118,0.026388179923316386,0.0026287823863435514,0.014738507385989806,0.05252487002815717,14.096048359509755,0.0009699498228492147,1.6168150194244781,-0.0009611962443906909,1533.3333333333335,0.011095824846344804,True,0.00018760970124276355,0.027214994862845118,False,True,False,False,False,0,True,False,True,False,True,False,True,False,False,0,0,False,0,15,24,24,,,,False,False,False,
256,2026-08-11T01:53:29.206757,shadow,analysis_full,silero,webrtc,False,0.0001880312483990565,True,True,False,1,False,True,False,0,0.0,,,,,,,,,,,,,0.009838779117485727,0.7869911554050202,0.16707060501098028,0.045938239482360935,,,,,,,,,,,,,,False,False,temporal_v1,False,0.00030595403245412765,0.10438413361169102,3.6715382706758253,0.9218258199331335,76.13029511283871,1476.3378967549281,0.007743032145444877,0.001643770779727739,0.00045197619131311106,0.0,0.0,0.03243259879827201,0.030024123440366035,0.003656424410270749,0.015948583928838647,0.07376541186888093,17.423510372544726,0.0011978877643432286,1.4329541609700143,-0.0008416874833926422,1200.0,0.013326010822461353,True,0.00018760970124276355,0.03243259879827201,False,True,False,False,False,0,True,False,True,False,True,False,True,False,False,0,0,False,0,15,24,24,,,,False,False,False,
257,2026-08-11T01:53:29.211349,shadow,analysis_full,silero,webrtc,False,0.00018471726798452437,True,True,False,1,False,True,False,0,0.0,,,,,,,,,,,,,0.012092298894717494,0.7495274910352532,0.20023681305696825,0.050235695825081327,,,,,,,,,,,,,,False,False,temporal_v1,False,0.0003399712429220303,0.11482254697286012,3.7976661875609996,0.9143069367240242,77.01939059139933,1490.840952248409,0.009063510451405968,0.0024213233932105305,0.0006074650491009951,0.0,0.0,0.028408398655537195,0.02580713949072579,0.003722466842580462,0.013203664551851272,0.06753132095745928,16.41542835857079,0.0014950501980876374,1.558469148051089,-0.000932457389408479,1400.0,0.01168252452929816,True,0.00018760970124276355,0.028408398655537195,False,True,False,False,False,0,True,False,True,False,True,False,True,False,False,0,0,False,0,15,24,24,,,,False,False,False,
258,2026-08-11T01:53:29.217452,shadow,analysis_full,silero,webrtc,False,0.00018072023522108793,True,True,False,1,False,True,False,0,0.0,,,,,,,,,,,,,0.01570960284225421,0.7719485456102565,0.1756811933574544,0.052370260968633765,,,,,,,,,,,,,,False,False,temporal_v1,False,0.00038353951439045256,0.08768267223382047,3.7962463585599155,0.9150099181354822,78.07819886488124,1482.851818351986,0.01212700506619289,0.0027598817744988774,0.0008227160005624438,0.0,0.0,0.0253243977814728,0.022258102947362468,0.0037280468298867874,0.016317346997636015,0.05345751814780945,15.545773337547747,0.0006001806147466087,1.8186765826287814,-0.0010974271143179806,1366.6666666666667,0.006608665959634043,True,0.00018760970124276355,0.0253243977814728,False,True,False,False,False,0,True,False,True,False,True,False,True,False,False,0,0,False,0,15,24,24,,,,False,False,False,
259,2026-08-11T01:53:29.224289,shadow,analysis_full,silero,webrtc,False,0.00017838232452049851,True,True,False,1,False,True,False,0,0.0,,,,,,,,,,,,,0.012878054855757935,0.7390932675324605,0.20958293710444484,0.05132379528544316,,,,,,,,,,,,,,False,False,temporal_v1,False,0.00034607355686402583,0.09394572025052192,3.8462022093467962,0.9117277425030241,77.16298801842656,1496.486109626949,0.009518083642804402,0.002699020560861906,0.0006609506510916275,0.0,0.0,0.023720120120312018,0.020527418481033923,0.0037531339655601527,0.016317346997636015,0.054721202483150676,15.36855032620894,0.00047826877837427216,1.8969749079511644,-0.0011341111056616773,1400.0,0.005525289992965959,True,0.00018760970124276355,0.023720120120312018,False,True,False,False,False,0,True,False,True,False,True,False,True,False,False,0,0,False,0,15,24,24,,,,False,False,False,
260,2026-08-11T01:53:29.230340,shadow,analysis_full,silero,webrtc,False,0.0001654980587773025,True,True,False,1,False,True,False,0,0.0,,,,,,,,,,,,,0.015190570525942164,0.7439569544470681,0.2015890582376273,0.054453987249474194,,,,,,,,,,,,,,False,False,temporal_v1,False,0.00037810935938469627,0.1336116910229645,3.821980721949899,0.9086475508949311,77.92319466047198,1524.8922399306891,0.01130113058479333,0.0030622528064169394,0.000827187133731893,0.0,0.0,0.023729081875516356,0.02055983203307551,0.0037798027894116125,0.016317346997636015,0.05450483895892233,17.093396771315163,0.0008351004869318675,1.6123471058588597,-0.0009741128252001871,1466.6666666666667,0.011326274722985944,True,0.0001859527110354975,0.023729081875516356,False,True,False,False,False,0,True,False,True,False,True,False,True,False,False,0,0,False,0,15,24,24,,,,False,False,False,
261,2026-08-11T01:53:29.235374,shadow,analysis_full,silero,webrtc,False,0.0002381962549407035,True,True,False,1,False,True,False,0,0.0,,,,,,,,,,,,,0.013050444633472453,0.7075698599125904,0.23155372939520588,0.06087641061557797,,,,,,,,,,,,,,False,False,temporal_v1,False,0.00035000927617360826,0.17954070981210857,3.9236320616280316,0.8949241003459094,77.18132836778535,1575.388930215908,0.00923410128110312,0.003021879125146197,0.000794464226223135,0.0,0.0,0.025595191333401438,0.021803899357294862,0.004434192681822208,0.024903000441007572,0.06451456588278467,27.39542759187079,0.0009451170248685776,1.812939867298292,-0.001103674607615846,1666.6666666666667,0.007730373431116088,True,0.0001859527110354975,0.025595191333401438,False,True,False,False,False,0,True,False,True,False,True,False,True,False,False,0,0,False,0,15,24,24,,,,False,False,False,
262,2026-08-11T01:53:29.242557,shadow,analysis_full,silero,webrtc,False,0.00028940162155777216,True,True,False,1,False,True,False,0,0.0,,,,,,,,,,,,,0.015138922380458672,0.6960908008443637,0.235872847883476,0.06803635120610524,,,,,,,,,,,,,,False,False,temporal_v1,False,0.0003759059116858701,0.21085594989561587,3.9900872096413122,0.8898706431482316,77.78150692562618,1624.688697551146,0.010538064603734139,0.0035708607357656788,0.001029997039958853,0.0,0.0,0.02881104552439096,0.023517677642025343,0.006083917059026906,0.036316078687372924,0.08210386065516373,43.723262691796606,0.0012460975426450173,1.2178727855998952,-0.0007249053856023504,1766.6666666666667,0.0309081979560301,True,0.0001859527110354975,0.02881104552439096,False,True,False,False,False,0,True,False,True,False,True,False,True,False,False,0,0,False,0,15,24,24,,,,False,False,False,
263,2026-08-11T01:53:29.248126,shadow,analysis_full,silero,webrtc,False,0.00031324473093263805,True,True,False,1,False,True,False,0,0.0,,,,,,,,,,,,,0.011368709764885332,0.721877704044814,0.21205660547155414,0.06606569039567117,,,,,,,,,,,,,,False,False,temporal_v1,False,0.0003304629748755352,0.19624217118997914,3.812912249610742,0.906888106910124,76.73544470517461,1518.93113691934,0.00820681810302728,0.0024108100013328936,0.0007510816595251579,0.0,0.0,0.029009049851451103,0.02350961905654876,0.006777583487668958,0.0410913017745146,0.08112804024518311,43.23716522903722,0.001252845964420483,1.720235333012722,-0.0010460789471949529,1466.6666666666667,0.008601457914002209,True,0.00018760970124276355,0.029009049851451103,False,True,False,False,False,0,True,False,True,False,True,False,True,False,False,0,0,False,0,15,24,24,,,,False,False,False,
264,2026-08-11T01:53:29.254246,shadow,analysis_full,silero,webrtc,False,0.00023462566605303437,True,True,False,1,False,True,False,0,0.0,,,,,,,,,,,,,0.015281305597019524,0.7247339872336421,0.21673929734046138,0.05852671536045708,,,,,,,,,,,,,,False,False,temporal_v1,False,0.0003797377703839689,0.1524008350730689,3.8838380303941964,0.9064162507224653,77.95013577145082,1536.2308861308704,0.011074881535463732,0.0033120594375428713,0.0008943646230129213,0.0,0.0,0.02646300524609747,0.020920133588662654,0.00668651787038702,0.04130025225512564,0.08220689689595843,43.33083006760999,0.0005258212818421928,1.3636396840215823,-0.0008126616620797568,1533.3333333333335,0.01913735369472181,True,0.0001880312483990565,0.02646300524609747,False,True,False,False,False,0,True,False,True,False,True,False,True,False,False,0,0,False,0,15,24,24,,,,False,False,False,
265,2026-08-11T01:53:29.261660,shadow,analysis_full,silero,webrtc,False,0.00017911983013618737,True,True,False,1,False,True,False,0,0.0,,,,,,,,,,,,,0.015033369851821339,0.7063857942684733,0.22960775308078293,0.06400645258422512,,,,,,,,,,,,,,False,False,temporal_v1,False,0.000379291684609506,0.18580375782881003,3.9360936667447866,0.9031867352348416,77.92436839974062,1521.2601166149404,0.010619358903310536,0.0034517782729090803,0.000962232674601722,0.0,0.0,0.02781846342977934,0.02171403633818294,0.0070594171129709105,0.04295200988416567,0.08556628872118048,43.333310083316576,0.0005162301830556039,1.5381523180695555,-0.0009208467332657019,1566.6666666666667,0.013258402553013695,True,0.00018637425819179043,0.02781846342977934,False,True,False,False,False,0,True,False,True,False,True,False,True,False,False,0,0,False,0,15,24,24,,,,False,False,False,
266,2026-08-11T01:53:29.267219,shadow,analysis_full,silero,webrtc,False,0.00019761001749429852,True,True,False,1,False,True,False,0,0.0,,,,,,,,,,,,,0.01231368234423868,0.7195008714501853,0.22304938937862978,0.057449739089974465,,,,,,,,,,,,,,False,False,temporal_v1,False,0.0003420628978109632,0.13569937369519833,3.9136099889301628,0.9038385921628006,77.02316451020876,1517.0175064588707,0.00885970517744049,0.002746559327884852,0.0007074178379133374,0.0,0.0,0.021899067533435883,0.01718430275382198,0.005989327693115466,0.040901534517773556,0.06364936662967106,40.404218147900565,0.0007262802578523196,1.7171378231113361,-0.001041015380072235,1533.3333333333335,0.009343574521962956,True,0.00019116364273941144,0.021899067533435883,False,True,False,False,False,0,True,False,True,False,True,False,True,False,False,0,0,False,0,15,24,24,,,,False,False,False,
267,2026-08-11T01:53:29.276307,shadow,analysis_full,silero,webrtc,False,0.0002350730646867305,True,True,False,1,False,True,False,0,0.0,,,,,,,,,,,,,0.020396774136709744,0.7257885854842986,0.2229184459296104,0.0512929685370637,,,,,,,,,,,,,,False,False,temporal_v1,False,0.00043859342537729966,0.12943632567849686,3.8209941461544563,0.9122806871922171,79.23727038087586,1493.563258632282,0.014803745849125291,0.004546817192532607,0.0010462110940518475,0.0,0.0,0.02069794446508995,0.016762915700160967,0.005853214459004256,0.0399009630782596,0.06125642501662275,40.15555456528929,0.0012573932230986098,1.6907457486004203,-0.0010108177958070346,1433.3333333333335,0.00849347750308773,True,0.00021611784177366644,0.02069794446508995,False,True,False,False,False,0,True,False,True,False,True,False,True,False,False,0,0,False,0,15,24,24,,,,False,False,False,
268,2026-08-11T01:53:29.281334,shadow,analysis_full,silero,webrtc,False,0.00019004385103471577,True,True,False,1,False,True,False,0,0.0,,,,,,,,,,,,,0.013977462913626379,0.7491422312066993,0.1989881594148093,0.05186960930694764,,,,,,,,,,,,,,False,False,temporal_v1,False,0.0003639685792387892,0.1544885177453027,3.8650573224243243,0.9098067482446627,77.5952498730937,1502.0022517606947,0.010471107753722958,0.0027813496184712705,0.0007250055404321502,0.0,0.0,0.016255466370626175,0.01194033304674875,0.005906815294311369,0.033972826192222035,0.05568421843673934,38.317379031958616,0.0008782878288472125,1.575525531620783,-0.0009406067739709103,1400.0,0.011532651734781683,True,0.00021611784177366644,0.016255466370626175,False,True,False,False,False,0,True,False,True,False,True,False,True,False,False,0,0,False,0,15,24,24,,,,False,False,False,
269,2026-08-11T01:53:29.289570,shadow,analysis_full,silero,webrtc,False,0.00015454497770406306,True,True,False,1,False,True,False,0,0.0,,,,,,,,,,,,,0.017872442452364613,0.7021718012646657,0.24045487684353803,0.057373321835844204,,,,,,,,,,,,,,False,False,temporal_v1,False,0.0004088685030260212,0.15866388308977036,3.954538462232878,0.9047395583448509,78.58827225049086,1506.1904239374473,0.01254952510977594,0.004297515948776554,0.0010254013928121196,0.0,0.0,0.016466555181767435,0.013235148592542881,0.005443760620137028,0.026689698228804827,0.05825389766520414,37.54491899756468,0.0006162873850258955,2.124285418642828,-0.0012981963642190834,1466.6666666666667,0.003736354542007864,True,0.00021611784177366644,0.016466555181767435,False,True,False,False,False,0,True,False,True,False,True,False,True,False,False,0,0,False,0,15,24,24,,,,False,False,False,
270,2026-08-11T01:53:29.297448,shadow,analysis_full,silero,webrtc,False,0.00014549613115377724,True,True,False,1,False,True,False,0,0.0,,,,,,,,,,,,,0.01537621607921229,0.7063916733537048,0.24247191583028757,0.0511364107509721,,,,,,,,,,,,,,False,False,temporal_v1,False,0.0003789847231667399,0.1315240083507307,3.8893228720864523,0.9077235789137663,77.93902352367645,1509.0625367443713,0.010861631006042911,0.0037283005709470764,0.0007862845012223013,0.0,0.0,0.01469936515769924,0.012828360212878262,0.005799845864814773,0.02693110647181629,0.05343143423684971,38.14089962424725,0.0005538563937313499,1.5076151652479741,-0.0009020512452118815,1466.6666666666667,0.014105967832915412,True,0.00021611784177366644,0.01469936515769924,False,True,False,False,False,0,True,False,True,False,True,False,True,False,False,0,0,False,0,15,24,24,,,,False,False,False,
271,2026-08-11T01:53:29.304241,shadow,analysis_full,silero,webrtc,False,0.00015021923172753304,True,True,False,1,False,True,False,0,0.0,,,,,,,,,,,,,0.02121633831316878,0.7182438313360249,0.2254500208120381,0.05630614780480365,,,,,,,,,,,,,,False,False,temporal_v1,False,0.00044788890015695816,0.10020876826722339,3.8837171508873585,0.9070120120614276,79.39523538938553,1529.1166737105862,0.015238504116971639,0.004783223914259143,0.0011946102809379999,0.0,0.0,0.014436161625584885,0.012663832439332685,0.005787506460817001,0.032197048698071704,0.05293144176021742,35.09119588883955,0.0006795689471175329,1.4022859786767077,-0.0008333719187138599,1466.6666666666667,0.01848036898803196,True,0.00019382693426450714,0.014436161625584885,False,True,False,False,False,0,True,False,True,False,True,False,True,False,False,0,0,False,0,15,24,24,,,,False,False,False,
272,2026-08-11T01:53:29.310402,shadow,analysis_full,silero,webrtc,False,0.00015021923172753304,True,True,False,1,False,True,False,0,0.0,,,,,,,,,,,,,0.01981525291281261,0.7593642726881689,0.19266511841661027,0.04797060884475487,,,,,,,,,,,,,,False,False,temporal_v1,False,0.0004305537791061824,0.10855949895615867,3.805412546987804,0.9139205502834118,79.08350921015099,1507.7543694182405,0.015046995116270065,0.0038177080489021228,0.0009505497466404232,0.0,0.0,0.01742719070136224,0.015243694557634814,0.0055029992571114525,0.029096035724733776,0.048577315692961726,12.22584007472157,0.0006310913728969922,1.3704225121568918,-0.0008116292880190787,1333.3333333333335,0.01774153590553183,True,0.00018458184058545157,0.01742719070136224,False,True,False,False,False,0,True,False,True,False,True,False,True,False,False,0,0,False,0,15,24,24,,,,False,False,False,
273,2026-08-11T01:53:29.317271,shadow,analysis_full,silero,webrtc,False,0.00016279508417937905,True,True,False,1,False,True,False,0,0.0,,,,,,,,,,,,,0.017052285607481385,0.7262276193264666,0.22016334213720387,0.05360903847768657,,,,,,,,,,,,,,False,False,temporal_v1,False,0.000402673852868137,0.1419624217118998,3.872616674533136,0.9099484682531119,78.479759525013,1497.7355415276195,0.012383840780796176,0.0037542881904212414,0.0009141566352639705,0.0,0.0,0.017439045174287876,0.014989739789835055,0.004434958925272708,0.023637878671763115,0.043825614074797646,13.018408013638469,0.000491497398167695,1.7244658364258687,-0.0010310373711977221,1433.3333333333335,0.00836174279367772,True,0.0001709574571577832,0.017439045174287876,False,True,False,False,False,0,True,False,True,False,True,False,True,False,False,0,0,False,0,15,24,24,,,,False,False,False,
274,2026-08-11T01:53:29.323402,shadow,analysis_full,silero,webrtc,False,0.00015085381164681166,True,True,False,1,False,True,False,0,0.0,,,,,,,,,,,,,0.016601802870829987,0.7123568869841723,0.23220085094572282,0.055442262009870714,,,,,,,,,,,,,,False,False,temporal_v1,False,0.00039557161333370874,0.1315240083507307,3.916316088157549,0.9075952217675503,78.31298421907371,1505.9970060917344,0.011826408611389344,0.003854952753839867,0.0009204415046007799,0.0,0.0,0.01776466743231868,0.015239967185436095,0.004280326516094429,0.023359667191147165,0.04499088223428703,10.256115722326367,0.0004423232231678701,1.6255675192965675,-0.0009751007283584518,1433.3333333333335,0.011121977259815084,True,0.00015867003094172105,0.01776466743231868,False,True,False,False,False,0,True,False,True,False,True,False,True,False,False,0,0,False,0,15,24,24,,,,False,False,False,
275,2026-08-11T01:53:29.327527,shadow,analysis_full,silero,webrtc,False,0.00014303014904726297,True,True,False,1,False,True,False,0,0.0,,,,,,,,,,,,,0.018845455476826544,0.7371696035453115,0.21472849085438286,0.0481019055472425,,,,,,,,,,,,,,False,False,temporal_v1,False,0.00041894807458492026,0.13778705636743216,3.858191625652699,0.9129276344231796,78.84010244114644,1480.7054367503242,0.013892296942483043,0.004046656214002428,0.0009065023193410743,0.0,0.0,0.01735819150316954,0.015228725676945307,0.0033632223251622894,0.017089694355538882,0.042264274381730034,12.390508079612601,0.000394359262179247,1.8012652564594684,-0.001085605736462769,1400.0,0.00719860768534931,True,0.00015269939467543736,0.01735819150316954,False,True,False,False,False,0,True,False,True,False,True,False,True,False,False,0,0,False,0,15,24,24,,,,False,False,False,
276,2026-08-11T01:53:29.334141,shadow,analysis_full,silero,webrtc,False,0.00013185325951781124,True,True,False,1,False,True,False,0,0.0,,,,,,,,,,,,,0.011952589051141568,0.7268169599155034,0.21523038560860855,0.05795265439222404,,,,,,,,,,,,,,False,False,temporal_v1,False,0.00033643353068094105,0.12943632567849686,3.904606219495584,0.9059249547099197,76.88773985349572,1517.4698636057378,0.008687344437270046,0.002572560350498432,0.0006926842623730884,0.0,0.0,0.01723796481638804,0.015319754332134622,0.0034316240497400817,0.017093519407481186,0.041586055259251214,12.435356172961724,0.0003350300525577487,1.9121103400851955,-0.0011698420962069557,1466.6666666666667,0.006312358338744662,True,0.00015053652168717235,0.01723796481638804,False,True,False,False,False,0,True,False,True,False,True,False,True,False,False,0,0,False,0,15,24,24,,,,False,False,False,
277,2026-08-11T01:53:29.340525,shadow,analysis_full,silero,webrtc,False,0.00011852728493977338,True,True,False,1,False,True,False,0,0.0,,,,,,,,,,,,,0.016275689587775515,0.7416535207103022,0.2038888664643889,0.05445761276386768,,,,,,,,,,,,,,False,False,temporal_v1,False,0.00039167734700786965,0.12526096033402923,3.8478035405402435,0.9128298475761414,78.25143258318683,1485.0209981386088,0.012070922484761718,0.003318431900977807,0.0008863352010359921,0.0,0.0,0.01783153625035989,0.016068138746414076,0.003395613690985063,0.017210408221732733,0.038644220554697135,13.44156756068705,0.0004518571483903152,1.6786656139620195,-0.0010073156732296892,1400.0,0.009495722930139028,True,0.00015021923172753304,0.01783153625035989,False,True,False,False,False,0,True,False,True,False,True,False,True,False,False,0,0,False,0,15,24,24,,,,False,False,False,
278,2026-08-11T01:53:29.346142,shadow,analysis_full,silero,webrtc,False,0.00013398760347627103,True,True,False,1,False,True,False,0,0.0,,,,,,,,,,,,,0.009949772026267263,0.7198938760609248,0.22699276126591583,0.05311336257265447,,,,,,,,,,,,,,False,False,temporal_v1,False,0.0003064416796234251,0.1440501043841336,3.867850734505964,0.9062865978462833,76.07052597886364,1522.3374334049117,0.007162779949912102,0.0022585262262087725,0.0005284658491463881,0.0,0.0,0.016462397520753375,0.014791496306982286,0.0033590575745963817,0.01609141601047443,0.03854691837186921,14.468533970661081,0.0004143164253515408,1.5999747016265276,-0.000958912833470983,1533.3333333333335,0.011666650456132781,True,0.00014785768144065514,0.016462397520753375,False,True,False,False,False,0,True,False,True,False,True,False,True,False,False,0,0,False,0,15,24,24,,,,False,False,False,
279,2026-08-11T01:53:29.351375,shadow,analysis_full,silero,webrtc,False,0.00013998696522321552,True,True,False,1,False,True,False,0,0.0,,,,,,,,,,,,,0.015432173167887843,0.7633814622737995,0.1927114575313716,0.04390708013002915,,,,,,,,,,,,,,False,False,temporal_v1,False,0.0003800188483851549,0.12943632567849686,3.7905850231915843,0.9183894901010662,78.01353373277179,1460.7278901671662,0.011780634918964715,0.0029739565840601902,0.0006775816638629373,0.0,0.0,0.018121540598165776,0.015563545041999567,0.004158942776736656,0.01317226852137566,0.03823866940932425,19.87176233484296,0.0006855819665125171,1.6414701404463319,-0.0009827866061558647,1300.0,0.009404950190415044,True,0.0001442631401005201,0.018121540598165776,False,True,False,False,False,0,True,False,True,False,True,False,True,False,False,0,0,False,0,15,24,24,,,,False,False,False,
280,2026-08-11T01:53:29.356966,shadow,analysis_full,silero,webrtc,False,0.00014217052375897765,True,True,False,1,False,True,False,0,0.0,,,,,,,,,,,,,0.01439289400631657,0.7092257851264477,0.23341155052792661,0.0573626642761469,,,,,,,,,,,,,,False,False,temporal_v1,False,0.00036910765455723933,0.11482254697286012,3.9256961758828606,0.9061477255877135,77.70046641745908,1520.1211427294554,0.010207811551871613,0.003359467706598452,0.0008256147468465044,0.0,0.0,0.017750480961338192,0.014241539159334987,0.004411540992367086,0.013665952274783415,0.04204860544666183,20.552720446370248,0.0006107370894204558,1.4406051796883648,-0.0008589452587312394,1500.0,0.01713728610697927,True,0.0001426003364031203,0.017750480961338192,False,True,False,False,False,0,True,False,True,False,True,False,True,False,False,0,0,False,0,15,24,24,,,,False,False,False,
281,2026-08-11T01:53:29.363574,shadow,analysis_full,silero,webrtc,False,0.00015571828407701105,True,True,False,1,False,True,False,0,0.0,,,,,,,,,,,,,0.02012851636694826,0.7288889130593655,0.21981397970432556,0.05129710718662814,,,,,,,,,,,,,,False,False,temporal_v1,False,0.0004386363251787659,0.13987473903966596,3.9015602785590957,0.9125364309066687,79.2393249404997,1486.3512427095618,0.014671452416202567,0.004424529288162549,0.0010325346615831436,0.0,0.0,0.017239414279200303,0.013954923796058364,0.004269628151269334,0.011015370320060891,0.04307433935484578,19.001524889863887,0.00039626682067654716,1.5953418417907441,-0.0009621115253801982,1433.3333333333335,0.01236757598742338,True,0.0001426003364031203,0.017239414279200303,False,True,False,False,False,0,True,False,True,False,True,False,True,False,False,0,0,False,0,15,24,24,,,,False,False,False,
282,2026-08-11T01:53:29.368665,shadow,analysis_full,silero,webrtc,False,0.00014323323557619005,True,True,False,1,False,True,False,0,0.0,,,,,,,,,,,,,0.014554564452319257,0.7284309874431303,0.2163133701651914,0.05525564232297128,,,,,,,,,,,,,,False,False,temporal_v1,False,0.0003694889520761997,0.14613778705636743,3.920494940809578,0.9068352503646705,77.71279320997147,1513.931091721293,0.0106019957558076,0.003148346887967672,0.0008042218075439853,0.0,0.0,0.014734396523233632,0.01177203235515689,0.0040825241822873,0.009233129180582873,0.039778449843020106,19.39124017821375,0.00017421807236514528,1.6011222461214911,-0.0009506280661085876,1466.6666666666667,0.01156641721317741,True,0.0001426003364031203,0.014734396523233632,False,True,False,False,False,0,True,False,True,False,True,False,True,False,False,0,0,False,0,15,24,24,,,,False,False,False,
283,2026-08-11T01:53:29.374334,shadow,analysis_full,silero,webrtc,False,0.0001311770611209795,True,True,False,1,False,True,False,0,0.0,,,,,,,,,,,,,0.015166203341147677,0.7177501568817973,0.23002277510729469,0.052227067944971915,,,,,,,,,,,,,,False,False,temporal_v1,False,0.00037608718138732903,0.1315240083507307,3.9177411172153844,0.9074306651341777,77.87049657852208,1507.02818132426,0.010885544827409985,0.0034885721803723136,0.0007920863323653798,0.0,0.0,0.015131324649809232,0.012348748129462987,0.004084648829572137,0.008859747463015842,0.041155647866778576,19.528646761661513,0.0002572285290179577,1.7870637924556336,-0.0010693247836611667,1533.3333333333335,0.007718150343905841,True,0.00014107874449109659,0.015131324649809232,False,True,False,False,False,0,True,False,True,False,True,False,True,False,False,0,0,False,0,15,24,24,,,,False,False,False,
284,2026-08-11T01:53:29.380700,shadow,analysis_full,silero,webrtc,False,0.00015154454740695655,True,True,False,1,False,True,False,0,0.0,,,,,,,,,,,,,0.013544099642800995,0.7238810927079026,0.22338606542737297,0.05273284179089142,,,,,,,,,,,,,,False,False,temporal_v1,False,0.00035860305833167454,0.12734864300626306,3.8635135524107764,0.9097812365032091,77.4651342133114,1504.6780938803388,0.009804317649175498,0.003025563128961602,0.0007142188636638938,0.0,0.0,0.014267844376241129,0.011635551156527672,0.003996722477304738,0.00901579243494329,0.040185773942275606,19.491909280054255,0.0003332236187764166,2.0910466058194324,-0.0012839889570491838,1466.6666666666667,0.004080918860661014,True,0.00014107874449109659,0.014267844376241129,False,True,False,False,False,0,True,False,True,False,True,False,True,False,False,0,0,False,0,15,24,24,,,,False,False,False,
285,2026-08-11T01:53:29.386350,shadow,analysis_full,silero,webrtc,False,0.00015864438319113106,True,True,False,1,False,True,False,0,0.0,,,,,,,,,,,,,0.021402739866358173,0.738417848016425,0.21116157379276806,0.05042057814408403,,,,,,,,,,,,,,False,False,temporal_v1,False,0.0004479595878521954,0.12108559498956159,3.8507099128220847,0.9120284855409052,79.42054323133023,1495.8151435963725,0.01580416511377155,0.00451943623365741,0.0010791385179292148,0.0,0.0,0.014337854999719986,0.011773497629287264,0.003788510682344399,0.00943161335956285,0.04064817665671942,18.511265253419253,0.0002610772233650569,1.6852122733755954,-0.0010077566555809349,1433.3333333333335,0.00920187910843589,True,0.00014107874449109659,0.014337854999719986,False,True,False,False,False,0,True,False,True,False,True,False,True,False,False,0,0,False,0,15,24,24,,,,False,False,False,
286,2026-08-11T01:53:29.392520,shadow,analysis_full,silero,webrtc,False,0.0006855971878394485,True,True,False,1,False,True,False,0,0.0,,,,,,,,,,,,,0.014838654434862823,0.72341586795554,0.2266992350264164,0.04988489695065201,,,,,,,,,,,,,,False,False,temporal_v1,False,0.0003841143855185699,0.25052192066805845,4.003147727353464,0.8434583265972949,77.73808933170082,1785.7424245764335,0.010734518077288611,0.003363911609204743,0.0007402247473694674,0.0,0.0,0.014445325939455736,0.012071518145211915,0.0034661169123114963,0.03705563232532648,0.05504326787801985,87.66405702707223,0.0009431482278736952,1.3844085148475735,-0.0008332327856565951,1766.6666666666667,0.0206584944818654,True,0.00014270187966758385,0.014445325939455736,False,True,False,False,False,0,True,False,True,False,True,False,True,False,False,0,0,False,0,15,24,24,,,,False,False,False,
287,2026-08-11T01:53:29.398844,shadow,analysis_full,silero,webrtc,False,0.0004288839118089527,True,True,False,1,False,True,False,0,0.0,,,,,,,,,,,,,0.01405113658127522,0.7380124951454634,0.21426522299327935,0.04772228179008866,,,,,,,,,,,,,,False,False,temporal_v1,False,0.0003656090229756185,0.19832985386221294,3.9160512376220273,0.8905130655162924,77.54162794213536,1637.8195936422028,0.01036991436797662,0.00301066991289596,0.000670552299402639,0.0,0.0,0.014177655544006022,0.011189899501825262,0.003588171244716621,0.03992880724780052,0.053738908946886155,92.01884893753747,0.0008609727393813067,1.5421708708955115,-0.0009289379079468151,1566.6666666666667,0.013979713260472072,True,0.0001473888914915733,0.014177655544006022,False,True,False,False,False,0,True,False,True,False,True,False,True,False,False,0,0,False,0,15,24,24,,,,False,False,False,
288,2026-08-11T01:53:29.402858,shadow,analysis_full,silero,webrtc,False,0.0004288839118089527,True,True,False,1,False,True,False,0,0.0,,,,,,,,,,,,,0.014720695303123062,0.7336408697765978,0.2192878790644207,0.047071251091049746,,,,,,,,,,,,,,False,False,temporal_v1,False,0.00037166529267964964,0.16701461377870563,3.8398666839768305,0.904537710515435,77.75317281083693,1559.5842652682138,0.010799703705899482,0.003228070051375436,0.0006929215448481423,0.0,0.0,0.013878787088901702,0.010907627614359441,0.003752453292577644,0.040162261707782004,0.05580692881049092,91.84233112180246,0.0011576619983984277,1.5621152109902228,-0.0009260369712761706,1433.3333333333335,0.011105820186673934,True,0.0001536314157419838,0.013878787088901702,False,True,False,False,False,0,True,False,True,False,True,False,True,False,False,0,0,False,0,15,24,24,,,,False,False,False,
289,2026-08-11T01:53:29.409611,shadow,analysis_full,silero,webrtc,False,0.00030827251612208784,True,True,False,1,False,True,False,0,0.0,,,,,,,,,,,,,0.01607033319876257,0.7627734775578281,0.1890049993656713,0.04822152301427416,,,,,,,,,,,,,,False,False,temporal_v1,False,0.00038842864327090894,0.1419624217118998,3.7142981083977773,0.913144057145808,78.18008101164159,1525.5827838360294,0.012258023939533142,0.0030373733160382463,0.0007749359421911834,0.0,0.0,0.013735219941792949,0.011810302861880196,0.003133466820849896,0.03961154380442302,0.0721096657996545,87.70519178194253,0.0013794430080888971,1.591818274238874,-0.0009564955398592873,1400.0,0.010599003973035278,True,0.00015718133363407105,0.013735219941792949,False,True,False,False,False,0,True,False,True,False,True,False,True,False,False,0,0,False,0,15,24,24,,,,False,False,False,
290,2026-08-11T01:53:29.414891,shadow,analysis_full,silero,webrtc,False,0.00019625131972134113,True,True,False,1,False,True,False,0,0.0,,,,,,,,,,,,,0.013820597307497184,0.6903062679212741,0.25257681772657703,0.05711691427979304,,,,,,,,,,,,,,False,False,temporal_v1,False,0.00036295770922057193,0.14613778705636743,3.9375645856592936,0.9021404390196328,77.53420390846534,1542.046898536498,0.00954044494778119,0.0034907624870081375,0.0007893898717078551,0.0,0.0,0.01735391386881097,0.015176421418669345,0.0030857928273076347,0.037587565544640995,0.07285842416964974,87.11125376191737,0.0010994433503319723,1.633844466156953,-0.0009750432597837903,1533.3333333333335,0.011027293045205045,True,0.0001774478514562361,0.01735391386881097,False,True,False,False,False,0,True,False,True,False,True,False,True,False,False,0,0,False,0,15,24,24,,,,False,False,False,
291,2026-08-11T01:53:29.422063,shadow,analysis_full,silero,webrtc,False,0.00017318774189334363,True,True,False,1,False,True,False,0,0.0,,,,,,,,,,,,,0.008857890094740152,0.70996780902661,0.22944266673074235,0.060589524129753825,,,,,,,,,,,,,,False,False,temporal_v1,False,0.00028838223990161176,0.17118997912317327,3.94692095280639,0.8993991981054219,75.50380397804774,1568.7545345122771,0.006288816823161176,0.0020323779249450083,0.0005366953456339658,0.0,0.0,0.018223702790879513,0.015421478693380968,0.004181300467234642,0.03733451434241405,0.07503471905252389,83.98798187401316,0.0007164487526398382,1.455233308517786,-0.0008669502367590612,1500.0,0.017460760706478135,True,0.00018471953080734238,0.018223702790879513,False,True,False,False,False,0,True,False,True,False,True,False,True,False,False,0,0,False,0,15,24,24,,,,False,False,False,
292,2026-08-11T01:53:29.429003,shadow,analysis_full,silero,webrtc,False,0.00013127553393132985,True,True,False,1,False,True,False,0,0.0,,,,,,,,,,,,,0.012800747202344573,0.731412373303642,0.21480632672815267,0.05378129989008495,,,,,,,,,,,,,,False,False,temporal_v1,False,0.0003472445189261575,0.1419624217118998,3.887783843827373,0.9076077990748207,77.1729082230051,1523.7961536956973,0.009362624891326799,0.0027496814859113146,0.0006884408241064594,0.0,0.0,0.01827455905987523,0.015475920804718978,0.0040933552276505,0.03751153895485167,0.0743891803528131,83.4491421385985,0.0004969137094267005,1.7970555083827369,-0.0010909061240568355,1433.3333333333335,0.007862405412579666,True,0.00018471953080734238,0.01827455905987523,False,True,False,False,False,0,True,False,True,False,True,False,True,False,False,0,0,False,0,15,24,24,,,,False,False,False,
293,2026-08-11T01:53:29.435067,shadow,analysis_full,silero,webrtc,False,0.00012839962437283248,True,True,False,1,False,True,False,0,0.0,,,,,,,,,,,,,0.013519331686762594,0.7305678864668866,0.2186250840478105,0.05080702941133468,,,,,,,,,,,,,,False,False,temporal_v1,False,0.00035602545582648565,0.12317327766179541,3.8741560779018327,0.910219245506666,77.40407008293424,1495.5364645864765,0.009876789576842957,0.0029556650262886996,0.000686877082630936,0.0,0.0,0.018031686109504765,0.01519134650385392,0.004106819928900266,0.03821599930116031,0.07377920806084895,84.3153529527868,0.0005291910141956179,1.6548567591504404,-0.0009937028140169378,1400.0,0.00986464648270503,True,0.00018471953080734238,0.018031686109504765,False,True,False,False,False,0,True,False,True,False,True,False,True,False,False,0,0,False,0,15,24,24,,,,False,False,False,
294,2026-08-11T01:53:29.443327,shadow,analysis_full,silero,webrtc,False,0.00013949221465736628,True,True,False,1,False,True,False,0,0.0,,,,,,,,,,,,,0.013370510236788783,0.7149887491172006,0.23734447193357483,0.04766677887443314,,,,,,,,,,,,,,False,False,temporal_v1,False,0.0003515770913507121,0.1524008350730689,3.865876372183409,0.9095063532200164,77.2905823479859,1525.282661350951,0.009559764389260338,0.0031734166916330903,0.0006373291548953556,0.0,0.0,0.018439354933967148,0.01606153483837593,0.004273865502446531,0.03686459832501038,0.07371889708198597,83.08485348279031,0.0007227245411079388,1.371453827701701,-0.0008147084727395182,1500.0,0.019317249076187152,True,0.00018471953080734238,0.018439354933967148,False,True,False,False,False,0,True,False,True,False,True,False,True,False,False,0,0,False,0,15,24,24,,,,False,False,False,
295,2026-08-11T01:53:29.449368,shadow,analysis_full,silero,webrtc,False,0.00012857532419729978,True,True,False,1,False,True,False,0,0.0,,,,,,,,,,,,,0.015836675711460184,0.7317575315923764,0.21568134045624082,0.05256112788823827,,,,,,,,,,,,,,False,False,temporal_v1,False,0.00038261084240537,0.11064718162839249,3.8309033294952344,0.9119509334731462,78.04245300041993,1507.166338767315,0.011588606727247047,0.0034156754458185236,0.0008323935373946154,0.0,0.0,0.018145511984416395,0.01583121643116928,0.004276650190776666,0.03811722101386957,0.0748346153379331,82.19100811998655,0.0003428139280606608,1.4266390099868511,-0.0008528353155882501,1433.3333333333335,0.016535797436388926,True,0.00018471953080734238,0.018145511984416395,False,True,False,False,False,0,True,False,True,False,True,False,True,False,False,0,0,False,0,15,24,24,,,,False,False,False,
296,2026-08-11T01:53:29.456590,shadow,analysis_full,silero,webrtc,False,0.00013425183715298772,True,True,False,1,False,True,False,0,0.0,,,,,,,,,,,,,0.014093280472764808,0.7489441461042748,0.19641042275322723,0.05464543107154206,,,,,,,,,,,,,,False,False,temporal_v1,False,0.0003686153814691,0.11064718162839249,3.8109866198854805,0.914772082367367,77.7298803035549,1487.5138564037131,0.01055507990948289,0.002768067175635538,0.000770133386646379,0.0,0.0,0.01926718240906311,0.01741708917445481,0.004330287432050225,0.026282424123203276,0.06522566340134239,41.482106076149975,0.0005633488833060798,1.6031922211296759,-0.0009614617828425382,1366.6666666666667,0.010576470899026353,True,0.00015633997827535495,0.01926718240906311,False,True,False,False,False,0,True,False,True,False,True,False,True,False,False,0,0,False,0,15,24,24,,,,False,False,False,
297,2026-08-11T01:53:29.463169,shadow,analysis_full,silero,webrtc,False,0.00012317122309468687,True,True,False,1,False,True,False,0,0.0,,,,,,,,,,,,,0.013621946729393557,0.7482324544785561,0.20285814333385147,0.04890940211418149,,,,,,,,,,,,,,False,False,temporal_v1,False,0.000357829445423115,0.11899791231732777,3.819311042502004,0.9155720738242142,77.47374707839028,1482.9459368433468,0.01019238263611028,0.0027633228221174075,0.0006662412701658689,0.0,0.0,0.019964000390921575,0.018035661177029587,0.004225901113963852,0.020794199744928334,0.06371349813337653,27.680010334389394,0.0007994588929602927,1.5661914423746017,-0.0009425354776905074,1366.6666666666667,0.012285775065541724,True,0.000136872025905177,0.019964000390921575,False,True,False,False,False,0,True,False,True,False,True,False,True,False,False,0,0,False,0,15,24,24,,,,False,False,False,
298,2026-08-11T01:53:29.469215,shadow,analysis_full,silero,webrtc,False,0.00012265972327440977,True,True,False,1,False,True,False,0,0.0,,,,,,,,,,,,,0.012370524396057436,0.7207045413031458,0.2303179552301859,0.048977503385831025,,,,,,,,,,,,,,False,False,temporal_v1,False,0.0003447993992692126,0.11691022964509394,3.87482338937845,0.9127311687654958,77.13544838298124,1478.082823830912,0.008915493110539949,0.002849153884025079,0.0006058774004924083,0.0,0.0,0.020121463526339103,0.018437726997116963,0.004031619053089865,0.019280289193576387,0.06386860272504293,27.357893459259184,0.0005344004337665843,1.8761831718228732,-0.0011322259417228292,1366.6666666666667,0.005857810946342933,True,0.00013276368554215878,0.020121463526339103,False,True,False,False,False,0,True,False,True,False,True,False,True,False,False,0,0,False,0,15,24,24,,,,False,False,False,
299,2026-08-11T01:53:29.476407,shadow,analysis_full,silero,webrtc,False,0.0001229878980666399,True,True,False,1,False,True,False,0,0.0,,,,,,,,,,,,,0.010410160244894112,0.702941250099152,0.2470749360800337,0.04998381372475441,,,,,,,,,,,,,,False,False,temporal_v1,False,0.0003159770050225526,0.1315240083507307,3.904263417922358,0.9099995282047506,76.35719300455068,1503.8146099068033,0.007317731056278361,0.0025720896770901206,0.0005203395105256311,0.0,0.0,0.01795836426575614,0.017276682393884718,0.0038840987718550945,0.019070041330554045,0.04396990749876244,27.18898508464061,0.0005806458489112463,1.392071184637181,-0.0008257131800853192,1433.3333333333335,0.01706651065773664,True,0.0001299254290643148,0.01795836426575614,False,True,False,False,False,0,True,False,True,False,True,False,True,False,False,0,0,False,0,15,24,24,,,,False,False,False,
300,2026-08-11T01:53:29.482950,shadow,analysis_full,silero,webrtc,False,0.00012569993850775063,True,True,False,1,False,True,False,0,0.0,,,,,,,,,,,,,0.008568097218042216,0.767129280221988,0.1804316414048487,0.052439078256451103,,,,,,,,,,,,,,False,False,temporal_v1,False,0.0002813952113284601,0.1127348643006263,3.7570471074175273,0.9139877090923064,75.35790960140025,1530.5653412139914,0.0065728382517487435,0.001545955844767675,0.00044930312052579677,0.0,0.0,0.01875122287959418,0.01902643167363063,0.003569287812470525,0.019288199519751307,0.05115361561131046,26.0949488782086,0.000988767754593823,1.2471804645722266,-0.0007368114690457492,1300.0,0.02390658648316001,True,0.00012848747428506613,0.01875122287959418,False,True,False,False,False,0,True,False,True,False,True,False,True,False,False,0,0,False,0,15,24,24,,,,False,False,False,
301,2026-08-11T01:53:29.490547,shadow,analysis_full,silero,webrtc,False,0.00011894199997186661,True,True,False,1,False,True,False,0,0.0,,,,,,,,,,,,,0.011536900980607289,0.7257243260107099,0.22009770472825205,0.05417796917435954,,,,,,,,,,,,,,False,False,temporal_v1,False,0.000332283497426996,0.09394572025052192,3.9061581239196816,0.9102348771003606,76.79958704817557,1512.9670817055453,0.008372609688403523,0.0025392454255087848,0.0006250458656949801,0.0,0.0,0.017570731043759467,0.01863246597521179,0.0023390997408012895,0.016048020911046026,0.04510920065701518,17.588457796934883,0.0006658029976901471,1.366259805139562,-0.000804947821888748,1466.6666666666667,0.018423475932859413,True,0.00012704978144029155,0.017570731043759467,False,True,False,False,False,0,True,False,True,False,True,False,True,False,False,0,0,False,0,15,24,24,,,,False,False,False,
302,2026-08-11T01:53:29.497735,shadow,analysis_full,silero,webrtc,False,0.000127251201774925,True,True,False,1,False,True,False,0,0.0,,,,,,,,,,,,,0.0125788787331064,0.731970969700283,0.21429394427022527,0.05373508594999338,,,,,,,,,,,,,,False,False,temporal_v1,False,0.00034732011187628057,0.12317327766179541,3.894358554216791,0.9120525834385367,77.19602549286931,1501.976818443528,0.00920737406401416,0.0026955775382142247,0.0006759271298780162,0.0,0.0,0.017568898140919456,0.01863738510855571,0.0023344213898936475,0.014548017862366886,0.04565410133513008,16.406133289467878,0.0002602847826623943,1.4152583659585147,-0.0008379700016688727,1433.3333333333335,0.016769724322900116,True,0.0001264755701413378,0.017568898140919456,False,True,False,False,False,0,True,False,True,False,True,False,True,False,False,0,0,False,0,15,24,24,,,,False,False,False,
303,2026-08-11T01:53:29.504356,shadow,analysis_full,silero,webrtc,False,0.00012407264148350805,True,True,False,1,False,True,False,0,0.0,,,,,,,,,,,,,0.012280214754092099,0.7607525988919756,0.18925061006362137,0.04999679096297123,,,,,,,,,,,,,,False,False,temporal_v1,False,0.00034252680374428435,0.11691022964509394,3.793362228548195,0.9159729179267407,77.09290080044397,1490.068325685208,0.009342205289127147,0.002324038133924214,0.0006139713300407378,0.0,0.0,0.01949957672375557,0.02028372658165101,0.00236709277605788,0.014507517038072393,0.04840112140617059,16.720076074230008,0.00036798340801340464,1.5287560997525906,-0.0009072180552488925,1333.3333333333335,0.012329148416008696,True,0.00012488628999562934,0.01949957672375557,False,True,False,False,False,0,True,False,True,False,True,False,True,False,False,0,0,False,0,15,24,24,,,,False,False,False,
304,2026-08-11T01:53:29.509472,shadow,analysis_full,silero,webrtc,False,0.00012407264148350805,True,True,False,1,False,True,False,0,0.0,,,,,,,,,,,,,0.008946994768129499,0.7364526117367842,0.21009601440728934,0.053451373744157114,,,,,,,,,,,,,,False,False,temporal_v1,False,0.00029027898132312746,0.08768267223382047,3.8781315737193727,0.908513455088643,75.60517366204445,1510.0519241106779,0.006589037664184313,0.0018797279417068775,0.0004782291612383082,0.0,0.0,0.01828775736761544,0.018644905022061713,0.002097752836124446,0.012343837577531925,0.0490470860179192,15.153653551100522,0.00036822360151395875,1.6471180731497626,-0.0009813114040801076,1433.3333333333335,0.010080773780512491,True,0.00012407264148350805,0.01828775736761544,False,True,False,False,False,0,True,False,True,False,True,False,True,False,False,0,0,False,0,15,24,24,,,,False,False,False,
305,2026-08-11T01:53:29.515169,shadow,analysis_full,silero,webrtc,False,0.00011564708256628364,True,True,False,1,False,True,False,0,0.0,,,,,,,,,,,,,0.006991647538703164,0.7336606510043145,0.20541813903286443,0.060921209819793126,,,,,,,,,,,,,,False,False,temporal_v1,False,0.0002602267781351043,0.0918580375782881,3.9059875126811945,0.9049261600729696,74.62597132419106,1516.2020884649044,0.005129496684837677,0.0014362112261741109,0.0004259396266913756,0.0,0.0,0.018237246831576008,0.0186222328938324,0.003437534052646802,0.013799250830614396,0.05169396200660337,15.779754735164966,0.0006726637713038106,1.883512411423782,-0.0011433119395351631,1466.6666666666667,0.006293457011078894,True,0.00012362193228909746,0.018237246831576008,False,True,False,False,False,0,True,False,True,False,True,False,True,False,False,0,0,False,0,15,24,24,,,,False,False,False,
306,2026-08-11T01:53:29.522379,shadow,analysis_full,silero,webrtc,False,0.0001308190549025312,True,True,False,1,False,True,False,0,0.0,,,,,,,,,,,,,0.01075966935186836,0.7157894419206455,0.23722604406434455,0.04698451392207012,,,,,,,,,,,,,,False,False,temporal_v1,False,0.000323344769957956,0.11899791231732777,3.8806234818603467,0.9146239534610119,76.58130726409213,1480.4850709288974,0.007701657720624528,0.0025524737957841014,0.0005055378344597302,0.0,0.0,0.018885072449738922,0.01971923085755111,0.0037622287741317013,0.014037240479343833,0.050034682440005994,16.522532804617843,0.0007844945171995599,1.3550848078982463,-0.0008123219711310521,1433.3333333333335,0.020099123073116162,True,0.00012362193228909746,0.018885072449738922,False,True,False,False,False,0,True,False,True,False,True,False,True,False,False,0,0,False,0,15,24,24,,,,False,False,False,
307,2026-08-11T01:53:29.529495,shadow,analysis_full,silero,webrtc,False,0.00016864342615008354,True,True,False,1,False,True,False,0,0.0,,,,,,,,,,,,,0.009830487352543894,0.7236942218078485,0.22719314845521843,0.049112629635208696,,,,,,,,,,,,,,False,False,temporal_v1,False,0.000305809198773986,0.15031315240083507,3.842975490607075,0.9076874918113701,76.05907037851406,1517.1986768094464,0.00711426689459115,0.002233419372473652,0.0004828010844790915,0.0,0.0,0.018510467103889216,0.019731861563134594,0.00374622262087307,0.018266925139229524,0.04852459339891882,16.026600477684628,0.0012396431606909442,1.4312203875880225,-0.0008520886048120394,1533.3333333333335,0.015924571875711193,True,0.00012407264148350805,0.018510467103889216,False,True,False,False,False,0,True,False,True,False,True,False,True,False,False,0,0,False,0,15,24,24,,,,False,False,False,
308,2026-08-11T01:53:29.535087,shadow,analysis_full,silero,webrtc,False,0.00016289553605020046,True,True,False,1,False,True,False,0,0.0,,,,,,,,,,,,,0.009693798832663044,0.719911117904394,0.23363526642709237,0.046453615565354836,,,,,,,,,,,,,,False,False,temporal_v1,False,0.00030137291836732793,0.1524008350730689,3.854594210780468,0.9110882222763937,75.9469555607904,1476.8352311881617,0.006978673554362762,0.0022648132729598675,0.00045031200434041455,0.0,0.0,0.018559842106473674,0.019993581453986525,0.004015229331758637,0.021559809367087894,0.04844335073689899,16.232500528461134,0.0010350591298132275,1.5745806674639569,-0.0009479445744134672,1433.3333333333335,0.011312810130861425,True,0.00012488628999562934,0.018559842106473674,False,True,False,False,False,0,True,False,True,False,True,False,True,False,False,0,0,False,0,15,24,24,,,,False,False,False,
309,2026-08-11T01:53:29.545411,shadow,analysis_full,silero,webrtc,False,0.0001383669878123328,True,True,False,1,False,True,False,0,0.0,,,,,,,,,,,,,0.01046789603076042,0.7252432317319334,0.2242653917280487,0.05049137644448762,,,,,,,,,,,,,,False,False,temporal_v1,False,0.0003164675302572664,0.12734864300626306,3.907246395777233,0.9101928328345374,76.3715977096584,1473.4871274820682,0.007591770746782565,0.002347586803906972,0.0005285384790708821,0.0,0.0,0.01613996670510469,0.017520248521051413,0.003996052852921162,0.021332194484386585,0.04871265010298745,18.64126595365213,0.0006218716728460289,1.7880331490825503,-0.0010905573420391828,1466.6666666666667,0.008148173731285178,True,0.0001264755701413378,0.01613996670510469,False,True,False,False,False,0,True,False,True,False,True,False,True,False,False,0,0,False,0,15,24,24,,,,False,False,False,
310,2026-08-11T01:53:29.552689,shadow,analysis_full,silero,webrtc,False,0.00013174605555832386,True,True,False,1,False,True,False,0,0.0,,,,,,,,,,,,,0.006645776709545481,0.7383073818658096,0.20611880321141077,0.05557381477230815,,,,,,,,,,,,,,False,False,temporal_v1,False,0.0002505142699441581,0.1127348643006263,3.809489049353352,0.9081230308899325,74.3057353860638,1535.5050361993651,0.004906626002889299,0.001369819541781782,0.0003693311638744001,0.0,0.0,0.0120200362574883,0.013889150037109294,0.0041555164147776295,0.021332194484386585,0.03897616430899232,19.465806901362047,0.0012354156317587748,1.3514109909038474,-0.0008005241888497287,1433.3333333333335,0.01852116264042595,True,0.0001290351283387281,0.0120200362574883,False,True,False,False,False,0,True,False,True,False,True,False,True,False,False,0,0,False,0,15,24,24,,,,False,False,False,
311,2026-08-11T01:53:29.559341,shadow,analysis_full,silero,webrtc,False,0.00011767118849093094,True,True,False,1,False,True,False,0,0.0,,,,,,,,,,,,,0.006217173602503403,0.7320304271245222,0.21856901235275317,0.04940056036187983,,,,,,,,,,,,,,False,False,temporal_v1,False,0.0002471774490640699,0.10647181628392484,3.7533697682863587,0.9120644290723537,74.2061270414453,1496.3649613116881,0.00455116024774787,0.0013588814939247773,0.00030713185983075524,0.0,0.0,0.011883454778099616,0.013859949285404908,0.004162604060481683,0.020250521920668056,0.049320266936918676,19.120012586590672,0.0018783140746571672,1.7318565006948783,-0.001046469790585149,1366.6666666666667,0.007689803067753688,True,0.0001290351283387281,0.011883454778099616,False,True,False,False,False,0,True,False,True,False,True,False,True,False,False,0,0,False,0,15,24,24,,,,False,False,False,
312,2026-08-11T01:53:29.564466,shadow,analysis_full,silero,webrtc,False,0.0001162773696705699,True,True,False,1,False,True,False,0,0.0,,,,,,,,,,,,,0.005996694186743442,0.736760980692926,0.2098262224063916,0.05341279673392382,,,,,,,,,,,,,,False,False,temporal_v1,False,0.00023433430395989862,0.1127348643006263,3.741511303737619,0.9113534983345354,73.73095019529042,1499.3646326196613,0.004418130289940666,0.001258263688130745,0.0003203002076720301,0.0,0.0,0.011977612997070343,0.013998611952830337,0.004147261459510501,0.02026665736870413,0.05692661126943239,19.106567013776353,0.001844915389453789,1.5793161662720234,-0.0009466781573965649,1433.3333333333335,0.011134256621048723,True,0.00012744584819301963,0.011977612997070343,False,True,False,False,False,0,True,False,True,False,True,False,True,False,False,0,0,False,0,15,24,24,,,,False,False,False,
313,2026-08-11T01:53:29.570185,shadow,analysis_full,silero,webrtc,False,0.0001223581057274714,True,True,False,1,False,True,False,0,0.0,,,,,,,,,,,,,0.007417468875473778,0.7303004550235126,0.21362085907725786,0.056078685764412585,,,,,,,,,,,,,,False,False,temporal_v1,False,0.00026220363268368194,0.09812108559498957,3.760291236523093,0.9083805885448152,74.70919849345046,1528.886131323028,0.005416980894881242,0.0015845260733575303,0.00041596190623500475,0.0,0.0,0.007307028660159803,0.010874552872328951,0.004313143374423516,0.02111038456801324,0.06021551560004373,20.66432576976526,0.0009723963983251842,1.7892074084670375,-0.0010857223489580835,1466.6666666666667,0.007700608698285726,True,0.00012744584819301963,0.007307028660159803,False,True,False,False,False,0,True,False,True,False,True,False,True,False,False,0,0,False,0,15,24,24,,,,False,False,False,
314,2026-08-11T01:53:29.576364,shadow,analysis_full,silero,webrtc,False,0.00017305550863966346,True,True,False,1,False,True,False,0,0.0,,,,,,,,,,,,,0.003641764381438779,0.7206668410778545,0.22383389861591,0.05549926003164331,,,,,,,,,,,,,,False,False,temporal_v1,False,0.00018668888188996585,0.14822546972860126,3.8262810535975422,0.904574356285997,71.67779377181218,1518.3034658808451,0.002624498832721332,0.0008151503193379998,0.00020211522837944743,0.0,0.0,0.007278030396103683,0.010577558440791876,0.0044156626615851026,0.02083921455276456,0.05834576498885727,21.072663409616997,0.00126799288176852,1.657914433566049,-0.001000456710698403,1533.3333333333335,0.009930087355354932,True,0.00013128255523042753,0.007278030396103683,False,True,False,False,False,0,True,False,True,False,True,False,True,False,False,0,0,False,0,15,24,24,,,,False,False,False,
315,2026-08-11T01:53:29.581409,shadow,analysis_full,silero,webrtc,False,0.00014082869165576994,True,True,False,1,False,True,False,0,0.0,,,,,,,,,,,,,0.0043288686485334444,0.7858946092005242,0.163547481015938,0.05055790955253046,,,,,,,,,,,,,,False,False,temporal_v1,False,0.0002039426248812175,0.11691022964509394,3.7412010753887674,0.915061123835848,72.51625739175334,1501.3437408355487,0.0034020345348195927,0.0007079755631165126,0.00021885854959733864,0.0,0.0,0.019012043887943187,0.01978720050411074,0.00338932112396532,0.018442641190277893,0.05732095559871697,20.698989881201808,0.0014009791389573859,1.410091803264713,-0.0008439557058221459,1300.0,0.016309359128368468,True,0.00013505652168532833,0.019012043887943187,False,True,False,False,False,0,True,False,True,False,True,False,True,False,False,0,0,False,0,15,24,24,,,,False,False,False,
316,2026-08-11T01:53:29.587706,shadow,analysis_full,silero,webrtc,False,0.00012253604654688388,True,True,False,1,False,True,False,0,0.0,,,,,,,,,,,,,0.004015501142203003,0.7518179134105941,0.20441625383090936,0.0437658325094615,,,,,,,,,,,,,,False,False,temporal_v1,False,0.00019577162815413225,0.11899791231732777,3.7698087119991515,0.9151014303753714,72.1522150186347,1466.4560075756685,0.0030189256900289194,0.0008208337007428756,0.00017574175043120796,0.0,0.0,0.018848821945041547,0.01864704746481866,0.003903114926390771,0.01844264119027789,0.0535222237086106,22.554591950744534,0.0011593920934202097,2.0393950100293146,-0.0012514820494372698,1500.0,0.004195154532926797,True,0.00013505652168532833,0.018848821945041547,False,True,False,False,False,0,True,False,True,False,True,False,True,False,False,0,0,False,0,15,24,24,,,,False,False,False,
317,2026-08-11T01:53:29.593308,shadow,analysis_full,silero,webrtc,False,0.00012025956675643101,True,True,False,1,False,True,False,0,0.0,,,,,,,,,,,,,0.004722960987294706,0.7613123670736296,0.19213436725578312,0.04655326545885563,,,,,,,,,,,,,,False,False,temporal_v1,False,0.00021303523913948646,0.1127348643006263,3.7670999942448415,0.9177492101500299,72.91683998659093,1468.7849856576659,0.0035956486088337394,0.0009074431208676171,0.00021986925659334933,0.0,0.0,0.019661482566462277,0.018850111492111302,0.004099715384935746,0.016512500988129595,0.05235341666268669,23.799957171427597,0.001031560299252026,1.4559961924838165,-0.0008709678319493629,1333.3333333333335,0.014169159108630211,True,0.00012714105105260387,0.019661482566462277,False,True,False,False,False,0,True,False,True,False,True,False,True,False,False,0,0,False,0,15,24,24,,,,False,False,False,
318,2026-08-11T01:53:29.598892,shadow,analysis_full,silero,webrtc,False,0.00012583784700836986,True,True,False,1,False,True,False,0,0.0,,,,,,,,,,,,,0.006975066993158287,0.7190426443511,0.23095338642437663,0.05000396908115551,,,,,,,,,,,,,,False,False,temporal_v1,False,0.000259706011718896,0.11482254697286012,3.876178030228873,0.9119850672955099,74.64202510811685,1503.1354158951071,0.005015370615286611,0.0016109153426068007,0.0003487810342648753,0.0,0.0,0.019752724155213664,0.018513738698476005,0.0038562926597866167,0.012698877933816745,0.055211502553364336,22.914607781733555,0.0005842928768889224,1.3729307698475528,-0.0008129147256878104,1433.3333333333335,0.018011998494975985,True,0.00012418694677762687,0.019752724155213664,False,True,False,False,False,0,True,False,True,False,True,False,True,False,False,0,0,False,0,15,24,24,,,,False,False,False,
319,2026-08-11T01:53:29.604623,shadow,analysis_full,silero,webrtc,False,0.0001356496795779094,True,True,False,1,False,True,False,0,0.0,,,,,,,,,,,,,0.005710427599805288,0.7567336371102208,0.19618858411976292,0.047077778594897965,,,,,,,,,,,,,,False,False,temporal_v1,False,0.00023512059917125397,0.1127348643006263,3.755548400402194,0.9173920446319325,73.78943416518642,1491.1584500495273,0.004321272647055244,0.0011203207055242156,0.00026883424622582794,0.0,0.0,0.01963699934038719,0.018068239467778337,0.004044538366849129,0.012246354385020851,0.041489983055480247,21.504376312365373,0.0007936296921990013,1.3834857706356056,-0.0008187332617060525,1300.0,0.016438391483129984,True,0.00012418694677762687,0.01963699934038719,False,True,False,False,False,0,True,False,True,False,True,False,True,False,False,0,0,False,0,15,24,24,,,,False,False,False,
320,2026-08-11T01:53:29.610695,shadow,analysis_full,silero,webrtc,False,0.0001356496795779094,True,True,False,1,False,True,False,0,0.0,,,,,,,,,,,,,0.005750727547401442,0.7559081469406882,0.1905117752588708,0.053580077626549955,,,,,,,,,,,,,,False,False,temporal_v1,False,0.0002331930343580431,0.12108559498956159,3.6995291568786777,0.9113348180577763,73.68783863975011,1560.67408039084,0.004347021803916992,0.0010955813140855408,0.0003081244283989085,0.0,0.0,0.019898857120903543,0.018648475516912698,0.0038483058071949942,0.012317327766179545,0.046506069692087725,26.334277488696777,0.0009379529530017882,1.2242963561042401,-0.0007269832858563453,1400.0,0.02598963630557725,True,0.00012418694677762687,0.019898857120903543,False,True,False,False,False,0,True,False,True,False,True,False,True,False,False,0,0,False,0,15,24,24,,,,False,False,False,
321,2026-08-11T01:53:29.616355,shadow,analysis_full,silero,webrtc,False,0.0001405144139425829,True,True,False,1,False,True,False,0,0.0,,,,,,,,,,,,,0.004955010181022998,0.7383527468762988,0.22161311067379366,0.04003414224809149,,,,,,,,,,,,,,False,False,temporal_v1,False,0.00021628595696167536,0.08559498956158663,3.7630138651412195,0.9189133797926862,73.05680745355333,1471.2843117527434,0.003658545377958357,0.001098095219636824,0.00019836958242781623,0.0,0.0,0.019573023095682415,0.018901064554742615,0.004993890427276352,0.015228639853726,0.046269638861782564,28.02914633284449,0.001069460815253328,1.3441407823886171,-0.0007971325504257375,1366.6666666666667,0.016957951903034583,True,0.00013074376329313964,0.019573023095682415,False,True,False,False,False,0,True,False,True,False,True,False,True,False,False,0,0,False,0,15,24,24,,,,False,False,False,
322,2026-08-11T01:53:29.623051,shadow,analysis_full,silero,webrtc,False,0.00017480365931987762,True,True,False,1,False,True,False,0,0.0,,,,,,,,,,,,,0.003143116582328842,0.6992490265656222,0.24165591164088077,0.05909506147534154,,,,,,,,,,,,,,False,False,temporal_v1,False,0.0001746942210009052,0.08768267223382047,3.94075487622844,0.8996298388992738,71.0589408658962,1551.0101363958966,0.002197821210575708,0.0007595527030962458,0.00018574266765688832,0.0,0.0,0.024013603622840874,0.021938333306706255,0.005666910425384485,0.017196474204769177,0.06765070104638646,31.77142124743098,0.0018215088661254178,1.3887622663022563,-0.0008270506224757954,1500.0,0.018882636105887987,True,0.0001356496795779094,0.024013603622840874,False,True,False,False,False,0,True,False,True,False,True,False,True,False,False,0,0,False,0,15,24,24,,,,False,False,False,
323,2026-08-11T01:53:29.628148,shadow,analysis_full,silero,webrtc,False,0.00015837913088034838,True,True,False,1,False,True,False,0,0.0,,,,,,,,,,,,,0.0035655641736161343,0.768631561656803,0.18669341245529944,0.04467502560743698,,,,,,,,,,,,,,False,False,temporal_v1,False,0.00018508196326062396,0.12734864300626306,3.4288571736922773,0.922126342653042,71.68360661582315,1493.7023957150486,0.002740605158954118,0.0006656673429007559,0.00015929167076126068,0.0,0.0,0.024894772502955863,0.022703662856549792,0.005519617801317453,0.017125361615712598,0.12818088325495403,30.992247090012338,0.002864519039755277,1.39078559852874,-0.000835128667818535,1300.0,0.014665629151812336,True,0.00013808204676024616,0.024894772502955863,False,True,False,False,False,0,True,False,True,False,True,False,True,False,False,0,0,False,0,15,24,24,,,,False,False,False,
324,2026-08-11T01:53:29.634252,shadow,analysis_full,silero,webrtc,False,0.00013832503464072943,True,True,False,1,False,True,False,0,0.0,,,,,,,,,,,,,0.004139258472884942,0.6962423117964922,0.2500857996411397,0.05367188832077897,,,,,,,,,,,,,,False,False,temporal_v1,False,0.00020235840304066421,0.13569937369519833,3.876725426068903,0.9089924611960565,72.41804643328398,1524.197763786281,0.00288192688828463,0.0010351697651127935,0.0002221618184875187,0.0,0.0,0.028213866122153472,0.025991406064495074,0.005331246427046549,0.014939699927194024,0.1317576063366657,31.339683128539445,0.0034452092060788166,1.2358146541601014,-0.0007303617275778499,1466.6666666666667,0.024266660551385034,True,0.00013698735710931942,0.028213866122153472,False,True,False,False,False,0,True,False,True,False,True,False,True,False,False,0,0,False,0,15,24,24,,,,False,False,False,
325,2026-08-11T01:53:29.640702,shadow,analysis_full,silero,webrtc,False,0.00011727720993803814,True,True,False,1,False,True,False,0,0.0,,,,,,,,,,,,,0.003132256735497779,0.7452202344501938,0.20169662340407638,0.05308314182647115,,,,,,,,,,,,,,False,False,temporal_v1,False,0.00017628016323813055,0.11899791231732777,3.773324183327502,0.9156426768266529,71.21657763550732,1495.7181239921179,0.0023342210987858537,0.0006317656071845772,0.00016627002852734812,0.0,0.0,0.02446563543800116,0.021657532852726733,0.005461928831711236,0.01500229162690746,0.13160598975094012,31.417894690576865,0.001551857447521254,1.2725616894816645,-0.0007612620572536857,1400.0,0.02195044311081895,True,0.0001356496795779094,0.02446563543800116,False,True,False,False,False,0,True,False,True,False,True,False,True,False,False,0,0,False,0,15,24,24,,,,False,False,False,
326,2026-08-11T01:53:29.646377,shadow,analysis_full,silero,webrtc,False,0.00011549775808816776,True,True,False,1,False,True,False,0,0.0,,,,,,,,,,,,,0.002843067900261805,0.7479473849894487,0.1958517583763357,0.05620085628248289,,,,,,,,,,,,,,False,False,temporal_v1,False,0.00016369748882193394,0.11691022964509394,3.7275663007674407,0.9070821788501101,70.50948887052877,1533.524177594644,0.00212646520134826,0.0005568198474495911,0.0001597828504639541,0.0,0.0,0.02429377560393382,0.022089513726401482,0.005508984153774302,0.014939699927194024,0.13206368788163406,30.115297845705516,0.0023293543454854493,1.5421313930850433,-0.0009218049825737363,1433.3333333333335,0.01143282188614629,True,0.0001356496795779094,0.02429377560393382,False,True,False,False,False,0,True,False,True,False,True,False,True,False,False,0,0,False,0,15,24,24,,,,False,False,False,
327,2026-08-11T01:53:29.653092,shadow,analysis_full,silero,webrtc,False,0.00012460821017157286,True,True,False,1,False,True,False,0,0.0,,,,,,,,,,,,,0.0017723376166416543,0.7647062656476035,0.18064910787014074,0.0546446259180292,,,,,,,,,,,,,,False,False,temporal_v1,False,0.00013266288673228146,0.12108559498956159,3.6025150534801624,0.9127032584444118,68.62160740919082,1514.0016714165229,0.0013553176802888133,0.00032017120929100635,9.684872606183464e-05,0.0,0.0,0.024626442990742764,0.02329277181880074,0.005479066141275485,0.015113726762203145,0.1402617037904942,26.914270016027555,0.002905522459620805,1.399325220346986,-0.0008273374921745823,1400.0,0.01391057414642455,True,0.0001356496795779094,0.024626442990742764,False,True,False,False,False,0,True,False,True,False,True,False,True,False,False,0,0,False,0,15,24,24,,,,False,False,False,
328,2026-08-11T01:53:29.661254,shadow,analysis_full,silero,webrtc,False,0.00013773997488897294,True,True,False,1,False,True,False,0,0.0,,,,,,,,,,,,,0.0035207004243193256,0.7429105906683803,0.20317525870775163,0.05391415033983376,,,,,,,,,,,,,,False,False,temporal_v1,False,0.0001812129981311577,0.10438413361169102,3.820534347227576,0.9053632153187232,71.41512364191226,1523.97027724829,0.0026155656317974874,0.0007153192195435699,0.00018981557197826862,0.0,0.0,0.023695857108464998,0.02221063131290724,0.005518666237172123,0.015392324502018174,0.13596137755492427,26.81114946935923,0.003083486177346801,1.6846471658667685,-0.000999785680416119,1500.0,0.008577684569711364,True,0.00013669482723344117,0.023695857108464998,False,True,False,False,False,0,True,False,True,False,True,False,True,False,False,0,0,False,0,15,24,24,,,,False,False,False,
329,2026-08-11T01:53:29.668325,shadow,analysis_full,silero,webrtc,False,0.0001231536007253453,True,True,False,1,False,True,False,0,0.0,,,,,,,,,,,,,0.0015975977055385194,0.7222664391108736,0.21801715809586084,0.05971640216732577,,,,,,,,,,,,,,False,False,temporal_v1,False,0.00012551044428642328,0.12734864300626306,3.8661424441835823,0.9032039532250168,68.06403547590467,1546.947481200584,0.0011538912059110085,0.0003483037115419759,9.540278708553513e-05,0.0,0.0,0.02374914960898257,0.022131799548498345,0.005779857797092546,0.015966337206679664,0.14126545570080448,26.881674407687967,0.0016203947525412752,1.2643680478945756,-0.0007526517541452897,1533.3333333333335,0.023311248335923143,True,0.00013669482723344117,0.02374914960898257,False,True,False,False,False,0,True,False,True,False,True,False,True,False,False,0,0,False,0,15,24,24,,,,False,False,False,
330,2026-08-11T01:53:29.676751,shadow,analysis_full,silero,webrtc,False,0.00011031539179384708,True,True,False,1,False,True,False,0,0.0,,,,,,,,,,,,,0.001295219042927101,0.726681676069204,0.2220852292097362,0.05123309394898966,,,,,,,,,,,,,,False,False,temporal_v1,False,0.00011585600950437458,0.11482254697286012,3.6575188270892207,0.9105267750960462,67.35244383933791,1507.6275465067788,0.000941211944991016,0.00028764901802528033,6.635807891080463e-05,0.0,0.0,0.023174536534117194,0.021513256951686262,0.00579355033892802,0.015822376051354003,0.14331069391508883,23.670677715445052,0.003132891887638349,1.6342890637173701,-0.0009803049372406323,1466.6666666666667,0.008188895537933148,True,0.0001311740925302729,0.023174536534117194,False,True,False,False,False,0,True,False,True,False,True,False,True,False,False,0,0,False,0,15,24,24,,,,False,False,False,
331,2026-08-11T01:53:29.685398,shadow,analysis_full,silero,webrtc,False,0.00010961452062474564,True,True,False,1,False,True,False,0,0.0,,,,,,,,,,,,,0.0022712654380133766,0.7447991869871186,0.1983628625745625,0.0568379499980359,,,,,,,,,,,,,,False,False,temporal_v1,False,0.00015047211261022227,0.11064718162839249,3.730870475801462,0.9123086778684751,69.77161625194422,1499.1543056880387,0.0016916366516643046,0.00045053471395100096,0.0001290940713980714,0.0,0.0,0.023341747741134494,0.02162125854291804,0.004081334468381969,0.012828635904582227,0.14324666475631687,19.489901601439204,0.003651956655957258,1.2851499131745943,-0.0007713402966475246,1466.6666666666667,0.020625235409245598,True,0.0001238809054484591,0.023341747741134494,False,True,False,False,False,0,True,False,True,False,True,False,True,False,False,0,0,False,0,15,24,24,,,,False,False,False,
332,2026-08-11T01:53:29.695306,shadow,analysis_full,silero,webrtc,False,0.0001233675138792023,True,True,False,1,False,True,False,0,0.0,,,,,,,,,,,,,0.0021044957094428283,0.7343860971165448,0.21348716464461395,0.05212673776366817,,,,,,,,,,,,,,False,False,temporal_v1,False,0.00014968998127269743,0.07306889352818371,3.857239663262952,0.9177118686141682,69.74905111226474,1464.227816255566,0.0015455123904562326,0.00044928282201570476,0.00010970049597089112,0.0,0.0,0.019965808956251586,0.018962529252383443,0.003788775896613652,0.016370680517841626,0.13354983955674576,22.401456829990455,0.0022929221671149197,1.2293549682404823,-0.0007424153107693653,1400.0,0.02636923962989803,True,0.0001232605573022738,0.019965808956251586,False,True,False,False,False,0,True,False,True,False,True,False,True,False,False,0,0,False,0,15,24,24,,,,False,False,False,
333,2026-08-11T01:53:29.700950,shadow,analysis_full,silero,webrtc,False,0.0001992110483115539,True,True,False,1,False,True,False,0,0.0,,,,,,,,,,,,,0.002811773388262469,0.7711600957774515,0.18293058169953982,0.04590932216736133,,,,,,,,,,,,,,False,False,temporal_v1,False,0.00016932221316371331,0.04384133611691023,3.3990833442984387,0.9228965085678562,70.8889454932948,1444.293776219413,0.002168327435396975,0.0005143593415221395,0.00012908661034335484,0.0,0.0,0.02034704087920709,0.019394373451168463,0.003505161835809894,0.02626583587103119,0.14047479312143824,29.75933425508262,0.00492125008508408,2.2863144748568125,-0.0014050994882661445,1266.6666666666667,0.0008407915565921068,True,0.0001232605573022738,0.02034704087920709,False,True,False,False,False,0,True,False,True,False,True,False,True,False,False,0,0,False,0,15,24,24,,,,False,False,False,
