frame,timestamp,processing_mode,detector_profile,speech_detector_implementation,comparison_speech_detector_implementation,is_speech,speech_probability,speech_gate_open,comparison_speech_evaluated,comparison_speech_is_speech,comparison_speech_aggressiveness,is_whisper,whisper_processed,trigger,raw_score,whisper_probability,stage1_silero_threshold,stage1_silero_low_pass,stage1_enter_count,stage1_exit_count,stage1_candidate,zcr_threshold,zcr_pass,centroid_threshold,centroid_pass,group_a_pass,entropy_threshold,group_b_pass,total_band_energy,low_proportion,mid_proportion,high_proportion,low_proportion_threshold,group_c_pass,silero_rolling_median,high_silero_threshold,high_silero_raw,high_silero_count,high_silero_normal_evidence,silero_penalty,group_count,effective_group_score,grouped_v1_raw_is_whisper,stage2_is_whisper,stage2_consecutive_count,legacy_is_whisper,grouped_v1_is_whisper,whisper_classifier_implementation,final_trigger,rms,zcr,entropy,voicing,hnr,spectral_centroid,band_energy_low,band_energy_mid,band_energy_high,temporal_score,formant_score,low_proportion_std,mid_proportion_std,high_proportion_std,zcr_std,entropy_std,spectral_centroid_std,spectral_flux,cepstral_peak_prominence,spectral_slope,spectral_rolloff,spectral_flatness,temporal_v1_window_full,temporal_v1_silero_median,temporal_v1_low_proportion_std,temporal_v1_silero_min_pass,temporal_v1_silero_max_pass,temporal_v1_low_proportion_std_pass,temporal_v1_raw_is_whisper,temporal_v1_is_whisper,temporal_v1_qualifying_run,webrtc_mode_0_evaluated,webrtc_mode_0_is_speech,webrtc_mode_1_evaluated,webrtc_mode_1_is_speech,webrtc_mode_2_evaluated,webrtc_mode_2_is_speech,webrtc_mode_3_evaluated,webrtc_mode_3_is_speech,webrtc_assist_open,webrtc_assist_enter_count,webrtc_assist_exit_count,temporal_candidate,temporal_qualifying_run,assisted_confirmation_requirement,fallback_confirmation_requirement,confirmation_requirement,threshold_crossing_route,trigger_route,trigger_suppression_reason,actuation_enabled,actuation_requested,actuation_started,actuation_suppression_reason
0,2026-08-11T01:00:44.306321,shadow,analysis_full,silero,webrtc,False,0.0,True,True,True,1,False,True,False,0,0.0,,,,,,,,,,,,,88.69523592862123,0.20582604122409293,0.4282658685123568,0.36590809026353904,,,,,,,,,,,,,,True,False,temporal_v1,False,0.028429089691789946,0.12734864300626306,4.722840786967838,0.6263131881252881,113.86281375926431,2278.7181762308055,18.255789286625042,37.98514224787937,32.45430439411583,0.0,0.0,,,,,,,,1.8229015170818437,-0.0010881246560994068,3400.0000000000005,0.012724681986568044,False,,,,,,False,False,0,True,True,True,True,True,True,True,True,False,1,0,False,0,15,24,24,,,,False,False,False,
1,2026-08-11T01:00:44.513735,shadow,analysis_full,silero,webrtc,False,0.008260281756520271,True,True,True,1,False,True,False,0,0.0,,,,,,,,,,,,,0.01273237727214272,0.6815117505467045,0.27067435194302447,0.04781389743173115,,,,,,,,,,,,,,False,False,temporal_v1,False,0.00034280967596063254,0.1336116910229645,3.8227822191968026,0.9096467155047985,77.07002078929085,1474.0672367893983,0.008677264723359059,0.003446327966831324,0.0006087845809523368,0.0,0.0,,,,,,,0.006579555267022424,1.612225246377617,-0.0009663148625409006,1333.3333333333335,0.009234425375479334,False,,,,,,False,False,0,True,True,True,True,True,True,True,True,False,2,0,False,0,15,24,24,,,,False,False,False,
2,2026-08-11T01:00:44.555474,shadow,analysis_full,silero,webrtc,False,0.008689090609550476,True,True,True,1,False,True,False,0,0.0,,,,,,,,,,,,,0.010438580512147404,0.7027978029857344,0.2469944686074333,0.050207728311033865,,,,,,,,,,,,,,False,False,temporal_v1,False,0.0003136558752922315,0.12943632567849686,3.798132005201885,0.9081719334597743,76.28377192395129,1518.6642157849778,0.007336211450226897,0.002578271646613757,0.0005240974143067496,0.0,0.0,,,,,,,0.0022333930253925676,1.396643007358137,-0.000829982921613514,1433.3333333333335,0.015770275422155623,False,,,,,,False,False,0,True,True,True,True,True,True,True,True,False,3,0,False,0,15,24,24,,,,False,False,False,
3,2026-08-11T01:00:44.559556,shadow,analysis_full,silero,webrtc,False,0.0041338857263326645,True,True,True,1,False,True,False,0,0.0,,,,,,,,,,,,,0.007284089610026984,0.7186078900842849,0.229652043013179,0.051740066765250406,,,,,,,,,,,,,,False,False,temporal_v1,False,0.0002626351670904349,0.1524008350730689,3.8130354342614248,0.9121888884919165,74.74184466174783,1482.072071451559,0.005234404265846353,0.0016728060604337674,0.00037687928274686297,0.0,0.0,,,,,,,0.002117676740507402,1.7812779340949338,-0.0010797474508652263,1400.0,0.007112892661272647,False,,,,,,False,False,0,True,True,True,True,True,False,True,False,False,4,0,False,0,15,24,24,,,,False,False,False,
4,2026-08-11T01:00:44.565389,shadow,analysis_full,silero,webrtc,False,0.002803230658173561,True,True,True,1,False,True,False,0,0.0,,,,,,,,,,,,,0.006442774952601166,0.7280873954938769,0.22027087012374577,0.05164173422716471,,,,,,,,,,,,,,False,False,temporal_v1,False,0.000245771918514706,0.10855949895615867,3.724708410529722,0.9111271707269492,74.15125512584329,1496.8940255743091,0.004690903234992569,0.001419155644820934,0.00033271607178766315,0.0,0.0,,,,,,,0.001235270167896565,1.6566710768724762,-0.0009952911955535314,1466.6666666666667,0.009160901013578263,False,,,,,,False,False,0,True,True,True,True,True,False,True,False,False,5,0,False,0,15,24,24,,,,False,False,False,
5,2026-08-11T01:00:44.570477,shadow,analysis_full,silero,webrtc,False,0.002885214053094387,True,True,True,1,False,True,False,0,0.0,,,,,,,,,,,,,0.008303962831566194,0.7528266927979493,0.2030664309957963,0.04410687608582988,,,,,,,,,,,,,,False,False,temporal_v1,False,0.00027749960098042776,0.11482254697286012,3.7039641477433545,0.9190284760848764,75.25910957575461,1484.627831608171,0.006251444875605073,0.001686256095327894,0.0003662618596332272,0.0,0.0,,,,,,,0.0008045678018977569,1.257603302569199,-0.0007452835356732689,1400.0,0.020685909949991067,False,,,,,,False,False,0,True,True,True,True,True,False,True,False,False,6,0,False,0,15,24,24,,,,False,False,False,
6,2026-08-11T01:00:44.574505,shadow,analysis_full,silero,webrtc,False,0.0032716712448745966,True,True,False,1,False,True,False,0,0.0,,,,,,,,,,,,,0.005610385283668079,0.6902883958138916,0.23633447232771937,0.07337713168014816,,,,,,,,,,,,,,False,False,temporal_v1,False,0.0002296389400978385,0.13569937369519833,3.8711843205424987,0.8975434072725564,73.48554209117464,1550.751458028756,0.0038727838573611034,0.0013259274455708976,0.00041167397973607806,0.0,0.0,,,,,,,0.0025243764976265017,1.2848847927212212,-0.0007681854013008133,1700.0000000000002,0.02397977195831653,False,,,,,,False,False,0,True,False,True,False,True,False,True,False,False,0,0,False,0,15,24,24,,,,False,False,False,
7,2026-08-11T01:00:44.580386,shadow,analysis_full,silero,webrtc,False,0.003344031749293208,True,True,False,1,False,True,False,0,0.0,,,,,,,,,,,,,0.007320741482905535,0.7009496474565107,0.23249946076609357,0.06655089164079749,,,,,,,,,,,,,,False,False,temporal_v1,False,0.00026410250937688334,0.1440501043841336,3.7786081971534,0.9046054679838738,74.75470076935164,1521.5908249292868,0.005131471161562888,0.0017020684471835091,0.00048720187315913743,0.0,0.0,,,,,,,0.0026559106476366926,1.3753237122880235,-0.000824797625728936,1533.3333333333335,0.018407899561183553,False,,,,,,False,False,0,True,False,True,False,True,False,True,False,False,0,0,False,0,15,24,24,,,,False,False,False,
8,2026-08-11T01:00:44.584425,shadow,analysis_full,silero,webrtc,False,0.003088549477979541,True,True,False,1,False,True,False,0,0.0,,,,,,,,,,,,,0.005335948041846444,0.7500836280660441,0.17007446033068288,0.07984191141586469,,,,,,,,,,,,,,False,False,temporal_v1,False,0.00022466842909938712,0.1336116910229645,3.6972797305269354,0.9053851150947053,73.32968109782152,1512.0538995473134,0.004002407266400085,0.000907508483569598,0.00042603229087676047,0.0,0.0,,,,,,,0.0025627613659716863,1.4169317927837277,-0.0008419457311714589,1600.0,0.014261800063166132,False,,,,,,False,False,0,True,False,True,False,True,False,True,False,False,0,0,False,0,15,24,24,,,,False,False,False,
9,2026-08-11T01:00:44.593117,shadow,analysis_full,silero,webrtc,False,0.003033106215298176,True,True,False,1,True,True,False,1,0.0,,,,,,,,,,,,,0.006459022919528133,0.7425348939052284,0.1848806310616747,0.0725844748782746,,,,,,,,,,,,,,False,False,temporal_v1,False,0.0002448957427596797,0.1336116910229645,3.748021039367137,0.9033504527624193,74.08255435255955,1530.2532087522447,0.004796049898283261,0.001194148233404182,0.00046882478684068967,0.0,0.0,0.1556396034865269,0.0680000844242088,0.0926072181769428,0.012045404373070275,0.2897726115694752,232.35637220697012,0.0012493202994900252,1.6074099009943712,-0.0009604608600561321,1600.0,0.010201112459173932,True,0.0031801103614270687,0.1556396034865269,True,True,True,True,True,1,True,False,True,False,True,False,True,False,False,0,0,True,1,15,24,24,,,,False,False,False,
10,2026-08-11T01:00:44.598713,shadow,analysis_full,silero,webrtc,False,0.0025787679478526115,True,True,False,1,False,True,False,0,0.0,,,,,,,,,,,,,0.004909764393849859,0.7388873947902612,0.20217380142635258,0.05893880357971023,,,,,,,,,,,,,,False,False,temporal_v1,False,0.00021396836013398427,0.1440501043841336,3.6410340032905335,0.9121180291545413,72.92896119214964,1485.261722998116,0.003627763022005708,0.0009926257316123777,0.00028937563923177187,0.0,0.0,0.024358054259024653,0.028534514225958214,0.01187057222246968,0.012527835648164924,0.06597895499110117,23.646590098561752,0.0017856525435150355,1.6391520739905348,-0.0009863857509307416,1500.0,0.008629682392499404,True,0.0031801103614270687,0.024358054259024653,True,True,False,False,False,0,True,False,True,False,True,False,True,False,False,0,0,False,0,15,24,24,,,,False,False,False,
11,2026-08-11T01:00:44.605303,shadow,analysis_full,silero,webrtc,False,0.0023439908400177956,True,True,False,1,False,True,False,0,0.0,,,,,,,,,,,,,0.004122552289067163,0.6947373140891494,0.24271306990272284,0.0625496157655596,,,,,,,,,,,,,,False,False,temporal_v1,False,0.00019872689603856093,0.11064718162839249,3.7083619006326325,0.9071744346261442,72.24801551248315,1571.521533244087,0.0028640909044985955,0.0010005973219139885,0.0002578640616545793,0.0,0.0,0.022483597478849354,0.02448080677662967,0.011201833116436138,0.014196242171189975,0.06396819053504627,28.264115292871296,0.003953155740490483,1.1083649597952898,-0.0006563301156681842,1566.6666666666667,0.030951617353232905,True,0.0030608278466388583,0.022483597478849354,True,True,False,False,False,0,True,False,True,False,True,False,True,False,False,0,0,False,0,15,24,24,,,,False,False,False,
12,2026-08-11T01:00:44.610530,shadow,analysis_full,silero,webrtc,False,0.0020408877171576023,True,True,False,1,False,True,False,0,0.0,,,,,,,,,,,,,0.005608444321844819,0.7246668723366102,0.22042413973615918,0.05490898774892814,,,,,,,,,,,,,,False,False,temporal_v1,False,0.00023019699837045256,0.12317327766179541,3.826818123737169,0.9094936585519755,73.5646255846069,1486.5006151156356,0.004064253805385306,0.0012362365149007908,0.00030795400055872276,0.0,0.0,0.021555866766741545,0.022421942279185304,0.010824881069490755,0.014374722325763678,0.06671674888684918,29.508782938372594,0.003100315582377129,1.6657974891598353,-0.0010071820753576586,1433.3333333333335,0.009661041557065063,True,0.0029591601341962814,0.021555866766741545,True,True,False,False,False,0,True,False,True,False,True,False,True,False,False,0,0,False,0,15,24,24,,,,False,False,False,
13,2026-08-11T01:00:44.617677,shadow,analysis_full,silero,webrtc,False,0.0018928583012893796,True,True,False,1,False,True,False,0,0.0,,,,,,,,,,,,,0.004993136346954319,0.7926528877411216,0.16347402522342536,0.04387308683517788,,,,,,,,,,,,,,False,False,temporal_v1,False,0.00021825597384422322,0.08977035490605428,3.6458007575224793,0.9244459399734932,73.16314680968803,1418.640382370774,0.003957823944298496,0.0008162480971260123,0.0002190643045298097,0.0,0.0,0.029593409774518645,0.02631544001089638,0.011760081306196652,0.016728839772497384,0.07002416756255209,40.18088668490433,0.001605309410937565,1.6689565823577746,-0.0010135281393408267,1366.6666666666667,0.008163137937611824,True,0.002844222355633974,0.029593409774518645,True,True,False,False,False,0,True,False,True,False,True,False,True,False,False,0,0,False,0,15,24,24,,,,False,False,False,
14,2026-08-11T01:00:44.623266,shadow,analysis_full,silero,webrtc,False,0.0018592646811157465,True,True,False,1,False,True,False,0,0.0,,,,,,,,,,,,,0.005891738549281095,0.727428908948282,0.21772269238063954,0.05484839850134916,,,,,,,,,,,,,,False,False,temporal_v1,False,0.00023653664591344372,0.0918580375782881,3.8041428440385343,0.9102242551718417,73.80848826252736,1498.7214691578113,0.004285820944712081,0.0012827651797522833,0.0003231524238167303,0.0,0.0,0.029601820472593507,0.026203525119533916,0.01154675294371175,0.018864381952413314,0.07290041578073256,40.14406171066128,0.001306262326777123,1.5021326482053494,-0.0008969815939832767,1433.3333333333335,0.012739788536342828,True,0.0027319910004734993,0.029601820472593507,True,True,False,False,False,0,True,False,True,False,True,False,True,False,False,0,0,False,0,15,24,24,,,,False,False,False,
15,2026-08-11T01:00:44.630391,shadow,analysis_full,silero,webrtc,False,0.00196469877846539,True,True,False,1,False,True,False,0,0.0,,,,,,,,,,,,,0.005092606049146335,0.7523272593772238,0.19937860979758432,0.048294130628828806,,,,,,,,,,,,,,False,False,temporal_v1,False,0.00021910082242865674,0.11691022964509394,3.5607652521787427,0.9150566339258095,73.15325597166152,1509.7382218256307,0.0038313063520421333,0.0010153567143255647,0.0002459429817786369,0.0,0.0,0.02956620600311645,0.02628684171263144,0.010982986318192523,0.018793782772320494,0.09090807439319963,39.509486746478345,0.002949346971121511,1.3402504761333918,-0.0007979081864121441,1333.3333333333335,0.017087449505940783,True,0.0024613793939352036,0.02956620600311645,False,True,False,False,False,0,True,False,True,False,True,False,True,False,False,0,0,False,0,15,24,24,,,,False,False,False,
16,2026-08-11T01:00:44.634444,shadow,analysis_full,silero,webrtc,False,0.00196469877846539,True,True,False,1,False,True,False,0,0.0,,,,,,,,,,,,,0.00483230495042293,0.7359783257031077,0.22360041449229698,0.04042125959765462,,,,,,,,,,,,,,False,False,temporal_v1,False,0.0002122034751075265,0.11064718162839249,3.576812484798568,0.9140551641450239,72.8644907433163,1509.2841853425982,0.0035564717066991075,0.0010805053898677458,0.0001953278528560768,0.0,0.0,0.02618884068356873,0.02511573322548613,0.011857302630858447,0.018513402319328062,0.08743678739969304,36.95097789063678,0.004428664998133851,1.2523437631578855,-0.0007484868797935833,1466.6666666666667,0.020287678929248983,True,0.002192439278587699,0.02618884068356873,False,True,False,False,False,0,True,False,True,False,True,False,True,False,False,0,0,False,0,15,24,24,,,,False,False,False,
17,2026-08-11T01:00:44.642052,shadow,analysis_full,silero,webrtc,False,0.0014120290288701653,True,True,False,1,False,True,False,0,0.0,,,,,,,,,,,,,0.004346591321261198,0.7312308831619497,0.22090103349388995,0.047868083114094774,,,,,,,,,,,,,,False,False,temporal_v1,False,0.0002022365625288847,0.1127348643006263,3.734757731563772,0.9034065464746642,72.38592537663955,1525.4839791047748,0.0031783618105898914,0.0009601665150421713,0.00020806299462913403,0.0,0.0,0.02357875952404564,0.02409828286680011,0.011878952331431287,0.01671320046732812,0.08436831305077423,37.15047724518355,0.0035597450335260765,1.349985761753618,-0.0008039444100470436,1533.3333333333335,0.017874659868500193,True,0.0020027932478114963,0.02357875952404564,False,True,False,False,False,0,True,False,True,False,True,False,True,False,False,0,0,False,0,15,24,24,,,,False,False,False,
18,2026-08-11T01:00:44.649700,shadow,analysis_full,silero,webrtc,False,0.0013416409492492676,True,True,False,1,False,True,False,0,0.0,,,,,,,,,,,,,0.002303018209810345,0.7497340076284423,0.20981498493083559,0.040451007006509145,,,,,,,,,,,,,,False,False,temporal_v1,False,0.00015067189138794193,0.08977035490605428,3.583206347472914,0.9156736388450816,69.79970751371314,1469.833040715484,0.0017266510720823907,0.00048320773098679744,9.31594057411564e-05,0.0,0.0,0.023562631087810086,0.02118902427185982,0.009807100736930937,0.017436837593170017,0.09068069335302091,38.456237758908756,0.001462370902321593,1.2524042607194634,-0.0007492072232373751,1300.0,0.018558151290764612,True,0.00196469877846539,0.023562631087810086,False,True,False,False,False,0,True,False,True,False,True,False,True,False,False,0,0,False,0,15,24,24,,,,False,False,False,
19,2026-08-11T01:00:44.655890,shadow,analysis_full,silero,webrtc,False,0.0014747348614037037,True,True,False,1,False,True,False,0,0.0,,,,,,,,,,,,,0.0042037530082575485,0.6998523529375971,0.2494891171411817,0.05065852968333845,,,,,,,,,,,,,,False,False,temporal_v1,False,0.00019832948136968743,0.11691022964509394,3.7650948897313143,0.896315911356253,72.17781847066203,1564.3364994861467,0.002942006433997547,0.0010487906267097624,0.00021295594655023833,0.0,0.0,0.0262514086938299,0.022789202009736952,0.007159419219322254,0.016062951199725544,0.09203994767145866,42.26212912441176,0.0023263553136460423,1.4028262745598474,-0.0008370791290959556,1666.6666666666667,0.01654915009468312,True,0.001928778539877385,0.0262514086938299,False,True,False,False,False,0,True,False,True,False,True,False,True,False,False,0,0,False,0,15,24,24,,,,False,False,False,
20,2026-08-11T01:00:44.662826,shadow,analysis_full,silero,webrtc,False,0.001179989194497466,True,True,False,1,False,True,False,0,0.0,,,,,,,,,,,,,0.0029549515235550937,0.7213707783764078,0.240822648515921,0.0378065727692561,,,,,,,,,,,,,,False,False,temporal_v1,False,0.0001668745776726961,0.12317327766179541,3.3727816654926555,0.9073093906501154,70.68338656121932,1506.529517472561,0.0021316156806114902,0.0007116192521386936,0.00011171658980490983,0.0,0.0,0.0265001012178077,0.023555855708194826,0.0074066019890182385,0.012560842552393588,0.13148873796194524,41.801680003490986,0.005309353369903509,1.6293329280724347,-0.0009901295845600611,1500.0,0.009136806220724032,True,0.001876061491202563,0.0265001012178077,False,True,False,False,False,0,True,False,True,False,True,False,True,False,False,0,0,False,0,15,24,24,,,,False,False,False,
21,2026-08-11T01:00:44.669741,shadow,analysis_full,silero,webrtc,False,0.0011854994809255004,True,True,False,1,False,True,False,0,0.0,,,,,,,,,,,,,0.005007337095589406,0.7479451905035001,0.20438041670606188,0.047674392590731085,,,,,,,,,,,,,,False,False,temporal_v1,False,0.00021988651898799654,0.1022964509394572,3.5875808938526372,0.9150531034110023,73.18501612441509,1517.5610100489616,0.003745213697875861,0.0010234016421842844,0.00023872175452926048,0.0,0.0,0.023449922412924432,0.02245116006261455,0.005655635270945723,0.012671391152812957,0.13184133896986405,36.09650631161024,0.006012509683618915,1.2746507401327885,-0.0007573042685109354,1466.6666666666667,0.019647779609763244,True,0.001666999771259725,0.023449922412924432,False,True,False,False,False,0,True,False,True,False,True,False,True,False,False,0,0,False,0,15,24,24,,,,False,False,False,
22,2026-08-11T01:00:44.676267,shadow,analysis_full,silero,webrtc,False,0.0010092100128531456,True,True,False,1,False,True,False,0,0.0,,,,,,,,,,,,,0.0025867902025208792,0.7446698744721492,0.20674346666015464,0.04858665848111669,,,,,,,,,,,,,,False,False,temporal_v1,False,0.00015737370216457002,0.09394572025052192,3.6318223411291757,0.9102272099920011,70.16852128335479,1520.863483564718,0.0019263047353970085,0.00053480197399169,0.00012568349213218065,0.0,0.0,0.023049815083349162,0.022495779527476664,0.005017864591437587,0.012130136990675531,0.11723375953330244,36.220147452557946,0.003318119924588096,1.4832847978399524,-0.0008886473616393984,1533.3333333333335,0.012599732043563405,True,0.0014433819451369345,0.023049815083349162,False,True,False,False,False,0,True,False,True,False,True,False,True,False,False,0,0,False,0,15,24,24,,,,False,False,False,
23,2026-08-11T01:00:44.682535,shadow,analysis_full,silero,webrtc,False,0.0010315320687368512,True,True,False,1,False,True,False,0,0.0,,,,,,,,,,,,,0.003742709571787092,0.7414673628760599,0.21446758959477488,0.0440650472619792,,,,,,,,,,,,,,False,False,temporal_v1,False,0.00018862353627278433,0.1022964509394572,3.6993611554427384,0.9172186588943881,71.83013643764096,1475.2376392736312,0.002775096996203962,0.0008026899004144696,0.00016492267416866012,0.0,0.0,0.015209969391993988,0.015117429726281946,0.005009867649203682,0.01111776781268839,0.11921025128914019,25.156407593942646,0.0012809482958390669,1.465523008581864,-0.000881078976548324,1333.3333333333335,0.014097133366771288,True,0.0013768349890597165,0.015209969391993988,False,True,False,False,False,0,True,False,True,False,True,False,True,False,False,0,0,False,0,15,24,24,,,,False,False,False,
24,2026-08-11T01:00:44.689591,shadow,analysis_full,silero,webrtc,False,0.0011831349693238735,True,True,False,1,False,True,False,0,0.0,,,,,,,,,,,,,0.0016754513831251313,0.7169757924247939,0.23695775716598103,0.04606644981237099,,,,,,,,,,,,,,False,False,temporal_v1,False,0.00013127213519589838,0.11482254697286012,3.5269751086935455,0.9170490888732106,68.54508161034627,1541.574129604988,0.001201258083085358,0.0003970112019859719,7.718209705380143e-05,0.0,0.0,0.01604446055861137,0.01606089605245011,0.004076391571473469,0.01028912027586773,0.1075276843903509,26.523945672974488,0.003223494950996102,1.0377602993523671,-0.0006151787148458532,1433.3333333333335,0.03011896231904153,True,0.001263570215087384,0.01604446055861137,False,True,False,False,False,0,True,False,True,False,True,False,True,False,False,0,0,False,0,15,24,24,,,,False,False,False,
25,2026-08-11T01:00:44.695097,shadow,analysis_full,silero,webrtc,False,0.0009312428301200271,True,True,False,1,False,True,False,0,0.0,,,,,,,,,,,,,0.00321667890492645,0.7256884268517284,0.22560532994780433,0.04870624288958752,,,,,,,,,,,,,,False,False,temporal_v1,False,0.00017840627773186435,0.10020876826722339,3.6951890828021545,0.9153835656299909,71.32292621669869,1490.7197243327405,0.002334306654203216,0.0007256999056820736,0.00015667234404116007,0.0,0.0,0.014982476406204993,0.014430970333404283,0.004109521681080791,0.010118263729480277,0.10967401622135316,27.43084981629042,0.003481591065060785,1.4580359755376264,-0.0008722394009318561,1400.0,0.013814222116144043,True,0.001184317225124687,0.014982476406204993,False,True,False,False,False,0,True,False,True,False,True,False,True,False,False,0,0,False,0,15,24,24,,,,False,False,False,
26,2026-08-11T01:00:44.703474,shadow,analysis_full,silero,webrtc,False,0.0008274753345176578,True,True,False,1,False,True,False,0,0.0,,,,,,,,,,,,,0.002237856648180286,0.7645925067926049,0.19551226529044982,0.03989522747008907,,,,,,,,,,,,,,False,False,temporal_v1,False,0.00014751735408804857,0.12526096033402923,3.647854615584788,0.923863418468228,69.64595292617781,1417.6234733561537,0.0017110484244746613,0.00043752842268102084,8.92798000246036e-05,0.0,0.0,0.017995625516027607,0.016656777014182812,0.004173610829894835,0.011540939424705845,0.10911703831092888,39.50948013505889,0.002726525423113172,1.8274186033539164,-0.001100469608988783,1300.0,0.004801449471662675,True,0.0011815620819106698,0.017995625516027607,False,True,False,False,False,0,True,False,True,False,True,False,True,False,False,0,0,False,0,15,24,24,,,,False,False,False,
27,2026-08-11T01:00:44.711592,shadow,analysis_full,silero,webrtc,False,0.0008078541723079979,True,True,False,1,False,True,False,0,0.0,,,,,,,,,,,,,0.0012218076389541757,0.8189303697270598,0.15072303521705196,0.03034659423742891,,,,,,,,,,,,,,False,False,temporal_v1,False,0.00011005469914556867,0.09603340292275574,2.931502338520226,0.930075090844368,66.96017431406442,1564.8401503244127,0.001000575381504089,0.00018415455579455335,3.707770065553341e-05,0.0,0.0,0.03100473959151633,0.026732685438813623,0.005968398421438589,0.011956426775178582,0.22859831964964228,43.33087086817136,0.006359059514664052,0.9365842567720394,-0.0005611371142623265,1333.3333333333335,0.024086897335986488,True,0.0011057606316171587,0.03100473959151633,False,True,False,False,False,0,True,False,True,False,True,False,True,False,False,0,0,False,0,15,24,24,,,,False,False,False,
28,2026-08-11T01:00:44.718214,shadow,analysis_full,silero,webrtc,False,0.0008350508287549019,True,True,False,1,False,True,False,0,0.0,,,,,,,,,,,,,0.001049170835381088,0.6189534527998078,0.3352919787108786,0.04575456753617979,,,,,,,,,,,,,,False,False,temporal_v1,False,0.00010474547245597396,0.1524008350730689,3.691820143287629,0.8895616207141384,66.29613633592052,1501.1501754020915,0.0006493879111359833,0.0003517785654006705,4.800435784443416e-05,0.0,0.0,0.048246105703599496,0.045170515481436156,0.00591591194998655,0.016934697111209394,0.2327393719629083,41.63643254684089,0.007453600837712097,1.5116383270927398,-0.0009150126850419419,2033.3333333333335,0.01049281173400499,True,0.0010203710407949984,0.048246105703599496,False,True,False,False,False,0,True,False,True,False,True,False,True,False,False,0,0,False,0,15,24,24,,,,False,False,False,
29,2026-08-11T01:00:44.723355,shadow,analysis_full,silero,webrtc,False,0.0009371632477268577,True,True,False,1,False,True,False,0,0.0,,,,,,,,,,,,,0.001359366254806825,0.5754122822503436,0.3785689410302398,0.04601877598377972,,,,,,,,,,,,,,False,False,temporal_v1,False,0.0001154611319165016,0.1440501043841336,3.5800075222727816,0.881409958519514,67.17923880982757,1543.358222951068,0.0007821960390924973,0.0005146138435544629,6.25563711598649e-05,0.0,0.0,0.06687893437271004,0.064392004808407,0.005542191024543865,0.01938399589384728,0.22242645416048581,39.31165308695688,0.0042860215164866175,1.3148350158286615,-0.0007888284713251549,2133.3333333333335,0.01352561743405142,True,0.0009731866302900016,0.06687893437271004,False,True,True,False,False,0,True,False,True,False,True,False,True,False,False,0,0,False,0,15,24,24,,,,False,False,False,
30,2026-08-11T01:00:44.728448,shadow,analysis_full,silero,webrtc,False,0.0007946974947117269,True,True,False,1,False,True,False,0,0.0,,,,,,,,,,,,,0.0011228001512933333,0.5138238258583069,0.43727934829342274,0.04889682495763999,,,,,,,,,,,,,,False,False,temporal_v1,False,0.00010496682538954564,0.18162839248434237,3.6104849821692206,0.8404120775770295,66.07054236804794,1654.9045481061958,0.0005769214694118263,0.0004909773184213052,5.4901362460201815e-05,0.0,0.0,0.09051580295831232,0.08772204026254264,0.005401354652038541,0.02781323026278859,0.21627761582043542,59.03170974789974,0.004083634646502733,1.0951343723410745,-0.0006458369958959089,2166.666666666667,0.02516555925557454,True,0.0009342030389234424,0.09051580295831232,False,True,True,False,False,0,True,False,True,False,True,False,True,False,False,0,0,False,0,15,24,24,,,,False,False,False,
31,2026-08-11T01:00:44.734133,shadow,analysis_full,silero,webrtc,False,0.0008323653601109982,True,True,False,1,False,True,False,0,0.0,,,,,,,,,,,,,0.0010999574074733048,0.6752505676750511,0.28468083798879906,0.04006859342702377,,,,,,,,,,,,,,False,False,temporal_v1,False,0.00010687940649807693,0.1544885177453027,3.307625705979242,0.8884319611760018,66.48374576603261,1583.6037051086898,0.0007427468638147265,0.0003131367965114873,4.407374614709097e-05,0.0,0.0,0.08902689321249255,0.08605506422288367,0.0054503179573945435,0.0286431279935574,0.2286919617977439,61.711521628967816,0.005046826480616609,1.056543163688024,-0.0006252611126193815,2133.3333333333335,0.020726346671321335,True,0.0008831468294374645,0.08902689321249255,False,True,True,False,False,0,True,False,True,False,True,False,True,False,False,0,0,False,0,15,24,24,,,,False,False,False,
32,2026-08-11T01:00:44.739269,shadow,analysis_full,silero,webrtc,False,0.0008323653601109982,True,True,False,1,False,True,False,0,0.0,,,,,,,,,,,,,0.0010682536940388118,0.7249102994948206,0.2274915806013426,0.047598118967729454,,,,,,,,,,,,,,False,False,temporal_v1,False,0.00010321354660843025,0.1336116910229645,3.346115434666557,0.8997499783388352,66.20456914348205,1525.0627953444236,0.0007743881052821235,0.00024301872134011235,5.084686641657583e-05,0.0,0.0,0.08799547057613999,0.08482868583163963,0.005371737277281453,0.02652671743458236,0.23228794341185183,61.66636003380308,0.004468365634743393,1.8456113210409775,-0.0011268981005956023,2066.666666666667,0.004559874668551588,True,0.00083370809443295,0.08799547057613999,False,True,True,False,False,0,True,False,True,False,True,False,True,False,False,0,0,False,0,15,24,24,,,,False,False,False,
33,2026-08-11T01:00:44.744441,shadow,analysis_full,silero,webrtc,False,0.0007655413937754929,True,True,False,1,False,True,False,0,0.0,,,,,,,,,,,,,0.0004542355232471027,0.6625867124427883,0.2769351608343017,0.06047812452140894,,,,,,,,,,,,,,False,False,temporal_v1,False,7.193946643666314e-05,0.1544885177453027,3.545214173841337,0.8930000130386433,62.53268478911208,1534.1382397499272,0.00030097042202302754,0.00012579378768708957,2.7471312536985622e-05,0.0,0.0,0.08633299576818648,0.0828859259214063,0.007359496487343735,0.02558582663858627,0.22374962031415863,58.92483540075642,0.00288255664712123,1.371360575518392,-0.0008309447864702927,1666.6666666666667,0.01168987956230384,True,0.0008323653601109982,0.08633299576818648,False,True,True,False,False,0,True,False,True,False,True,False,True,False,False,0,0,False,0,15,24,24,,,,False,False,False,
34,2026-08-11T01:00:44.753741,shadow,analysis_full,silero,webrtc,False,0.0007547123823314905,True,True,False,1,False,True,False,0,0.0,,,,,,,,,,,,,0.0007582527587711958,0.7322276626755414,0.22086227829453717,0.04691005771110008,,,,,,,,,,,,,,False,False,temporal_v1,False,8.883092347845336e-05,0.11691022964509394,3.2860099067580335,0.90769363326366,64.77952860578033,1547.3009472311446,0.0005552136452723138,0.0001674694318253244,3.556968067355764e-05,0.0,0.0,0.08710906457223797,0.08375886288953027,0.007371672813345181,0.02542262662677669,0.23113802311797071,59.00693827849456,0.005291798541918097,1.5068757267727153,-0.0009040220189852562,1533.3333333333335,0.008917994584499338,True,0.000829920347314328,0.08710906457223797,False,True,True,False,False,0,True,False,True,False,True,False,True,False,False,0,0,False,0,15,24,24,,,,False,False,False,
35,2026-08-11T01:00:44.759315,shadow,analysis_full,silero,webrtc,False,0.0006918747676536441,True,True,False,1,False,True,False,0,0.0,,,,,,,,,,,,,0.0003559838467057667,0.6447434021730315,0.308549852099851,0.046706742918001413,,,,,,,,,,,,,,False,False,temporal_v1,False,6.59999704055758e-05,0.15866388308977036,3.51404048448779,0.8762292998631553,61.50197654272659,1752.6940495523017,0.0002295182364437189,0.00010983876325100034,1.662684601104747e-05,0.0,0.0,0.08636007978049931,0.0827261017890891,0.007307949913823148,0.023161990141563237,0.2191091311473295,85.27577071601772,0.0062476916197311055,0.8921696960774429,-0.0005228392432180219,2133.3333333333335,0.03683048826114574,True,0.0008176647534128278,0.08636007978049931,False,True,True,False,False,0,True,False,True,False,True,False,True,False,False,0,0,False,0,15,24,24,,,,False,False,False,
36,2026-08-11T01:00:44.769429,shadow,analysis_full,silero,webrtc,False,0.0007359595037996769,True,True,False,1,False,True,False,0,0.0,,,,,,,,,,,,,0.0007478098295569329,0.7116954648487417,0.2511272930331688,0.03717724078085104,,,,,,,,,,,,,,False,False,temporal_v1,False,8.878997906876154e-05,0.1524008350730689,3.520320400383385,0.898761412667391,64.73183390794391,1523.2812068992648,0.0005322128642649797,0.00018779545820022788,2.7801506091725267e-05,0.0,0.0,0.08211218898029272,0.07851460288566864,0.007549256985958735,0.022654964453028035,0.2105367134162276,72.2211609830057,0.00508536689122562,1.2182120114158086,-0.00073347100859015,2066.666666666667,0.017726139496426513,True,0.0008012758335098624,0.08211218898029272,False,True,True,False,False,0,True,False,True,False,True,False,True,False,False,0,0,False,0,15,24,24,,,,False,False,False,
37,2026-08-11T01:00:44.775521,shadow,analysis_full,silero,webrtc,False,0.0007549364236183465,True,True,False,1,False,True,False,0,0.0,,,,,,,,,,,,,0.0007897375829722744,0.6661480761035793,0.27331230449871524,0.060539618131462004,,,,,,,,,,,,,,False,False,temporal_v1,False,9.409496328943811e-05,0.16075156576200417,3.702973128870379,0.8866949667342867,65.24509001610248,1560.654185850152,0.0005260821715236714,0.00021584499875139764,4.781041169720528e-05,0.0,0.0,0.06501425338734691,0.0645922040048163,0.007111794700804779,0.016226277705071436,0.14305288971741725,72.27954367886103,0.005902775004853991,1.3202914294805088,-0.0007945446854208474,2133.3333333333335,0.018926539921936165,True,0.0007801194442436099,0.06501425338734691,False,True,True,False,False,0,True,False,True,False,True,False,True,False,False,0,0,False,0,15,24,24,,,,False,False,False,
38,2026-08-11T01:00:44.783183,shadow,analysis_full,silero,webrtc,False,0.0007187845767475665,True,True,False,1,False,True,False,0,0.0,,,,,,,,,,,,,0.0008476775363446703,0.642840694675014,0.2982005919510876,0.05895871219420455,,,,,,,,,,,,,,False,False,temporal_v1,False,9.7179538922569e-05,0.15657620041753653,3.7120331795801493,0.8941521294829999,65.59678854882371,1628.54191077125,0.0005449216163242123,0.0002527779431216203,4.997797589883779e-05,0.0,0.0,0.06416838109518042,0.06348062240285023,0.007765308122623637,0.016312004054795454,0.1457191246875322,69.7431761028831,0.005319388731886484,1.0001585546806977,-0.0005965391311682272,2100.0,0.04005972399309617,True,0.0007602389086969197,0.06416838109518042,False,True,True,False,False,0,True,False,True,False,True,False,True,False,False,0,0,False,0,15,24,24,,,,False,False,False,
39,2026-08-11T01:00:44.788370,shadow,analysis_full,silero,webrtc,False,0.0006988561362959445,True,True,False,1,False,True,False,0,0.0,,,,,,,,,,,,,0.0012852782248432206,0.7418379711549081,0.2154104734942049,0.04275155457284541,,,,,,,,,,,,,,False,False,temporal_v1,False,0.00011843033041470916,0.1127348643006263,3.6970809088250753,0.9179173294866854,67.593311342782,1460.3884259424135,0.0009534681906872766,0.0002768623909852693,5.494764217067481e-05,0.0,0.0,0.06294815730132614,0.06100429455491607,0.007964162709897499,0.020002571301884733,0.15507642019898263,78.61644464761685,0.0034117587941037936,1.3290898350485736,-0.0007962187857539532,1400.0,0.016397559333078657,True,0.0007548244029749185,0.06294815730132614,False,True,True,False,False,0,True,False,True,False,True,False,True,False,False,0,0,False,0,15,24,24,,,,False,False,False,
40,2026-08-11T01:00:44.795156,shadow,analysis_full,silero,webrtc,False,0.0006580909830518067,True,True,False,1,False,True,False,0,0.0,,,,,,,,,,,,,0.001608466563093583,0.7328011711488582,0.21827935072648594,0.04891947750294571,,,,,,,,,,,,,,False,False,temporal_v1,False,0.0001277215346498012,0.14822546972860126,3.764390140966153,0.911234157050613,68.26421760924919,1488.6226111170258,0.0011786861811887565,0.00035109503705732964,7.868534384749694e-05,0.0,0.0,0.03698516859562399,0.033499854599457625,0.007964133828663154,0.0166544222757237,0.16981390318699835,77.97492308970992,0.0018577400182808938,1.7877840777139793,-0.0010913754001054762,1433.3333333333335,0.006761229855301979,True,0.0007453359430655837,0.03698516859562399,False,True,False,False,False,0,True,False,True,False,True,False,True,False,False,0,0,False,0,15,24,24,,,,False,False,False,
41,2026-08-11T01:00:44.800424,shadow,analysis_full,silero,webrtc,False,0.0006011897930875421,True,True,False,1,False,True,False,0,0.0,,,,,,,,,,,,,0.0010875843662572547,0.7186217788040111,0.23677262006676209,0.04460560020975783,,,,,,,,,,,,,,False,False,temporal_v1,False,0.00010734316924784843,0.11482254697286012,3.723451879387781,0.9136662348293635,66.64643826939991,1508.6841677736409,0.0007815618118792216,0.0002575101999423792,4.851235343565394e-05,0.0,0.0,0.0371330287516017,0.03268374102956752,0.007560809095034443,0.018514579380226315,0.15845575467859968,78.98102588641592,0.0027493138927536607,1.2307711176475777,-0.000734899085174083,1433.3333333333335,0.020669270494043115,True,0.0007273720402736217,0.0371330287516017,False,True,False,False,False,0,True,False,True,False,True,False,True,False,False,0,0,False,0,15,24,24,,,,False,False,False,
42,2026-08-11T01:00:44.809160,shadow,analysis_full,silero,webrtc,False,0.0006029899814166129,True,True,False,1,False,True,False,0,0.0,,,,,,,,,,,,,0.0016884610776010962,0.6732678677600371,0.25842660697838477,0.06830552466932291,,,,,,,,,,,,,,False,False,temporal_v1,False,0.0001310498570722489,0.13569937369519833,3.938288633008891,0.8957377724894657,68.42747171644531,1538.0294023934587,0.0011367865895123045,0.00043634326729951846,0.00011533121978927322,0.0,0.0,0.03659651543172869,0.03159788476345902,0.009382315726938985,0.018442641190277893,0.1697959819630448,78.6183694677885,0.0027139665697333117,1.5363545234528786,-0.0009086356445638529,1600.0,0.011294923945867036,True,0.0007088203565217555,0.03659651543172869,False,True,False,False,False,0,True,False,True,False,True,False,True,False,False,0,0,False,0,15,24,24,,,,False,False,False,
43,2026-08-11T01:00:44.818138,shadow,analysis_full,silero,webrtc,False,0.000580672814976424,True,True,False,1,False,True,False,0,0.0,,,,,,,,,,,,,0.0015427998384243491,0.752519783851187,0.19371989905391399,0.05376031644672676,,,,,,,,,,,,,,False,False,temporal_v1,False,0.00012524086828508846,0.1315240083507307,3.6814803604641555,0.9159308934039887,68.10476484790519,1493.1013609358147,0.0011609874009367374,0.00029887102895995973,8.294140752765193e-05,0.0,0.0,0.03906401494535891,0.035632813895554415,0.008948417241630787,0.018061773380676358,0.16705763538819332,80.60607780204194,0.001943211511965461,1.4393173494725604,-0.0008636430003830474,1300.0,0.01327409636409677,True,0.0006953654519747943,0.03906401494535891,False,True,False,False,False,0,True,False,True,False,True,False,True,False,False,0,0,False,0,15,24,24,,,,False,False,False,
44,2026-08-11T01:00:44.823292,shadow,analysis_full,silero,webrtc,False,0.0005484340363182127,True,True,False,1,False,True,False,0,0.0,,,,,,,,,,,,,0.001118087900830357,0.7406881055096528,0.19981787826885028,0.05949401532711299,,,,,,,,,,,,,,False,False,temporal_v1,False,0.00010903836515658275,0.14613778705636743,3.7516216792583394,0.9057453799092002,66.75750154904462,1555.6837958396302,0.0008281544090593016,0.00022341395206199461,6.651953870906084e-05,0.0,0.0,0.03980131905200972,0.0377031542791051,0.009185655071970632,0.016582299325520324,0.11467779171380402,80.61588837375986,0.001590017433774586,1.2088668297089493,-0.0007131917711149502,1400.0,0.024377873861025728,True,0.0006749828753527254,0.03980131905200972,False,True,False,False,False,0,True,False,True,False,True,False,True,False,False,0,0,False,0,15,24,24,,,,False,False,False,
45,2026-08-11T01:00:44.830797,shadow,analysis_full,silero,webrtc,False,0.0005617220303975046,True,True,False,1,False,True,False,0,0.0,,,,,,,,,,,,,0.0011672944815169692,0.7257805712521651,0.21719401771906413,0.05702541017208898,,,,,,,,,,,,,,False,False,temporal_v1,False,0.00010975640564578554,0.0918580375782881,3.7524845086707166,0.9049996801829372,66.81592970297712,1545.6496596066534,0.0008471996556148858,0.0002535293783019624,6.656544660012111e-05,0.0,0.0,0.03519693874426926,0.031908248096010096,0.009098549304542769,0.021229792805860074,0.09681279655212002,44.763164069903226,0.002573725694695779,1.4683111567855875,-0.0008809557684944315,1433.3333333333335,0.015059330842329794,True,0.0006305404822342098,0.03519693874426926,False,True,False,False,False,0,True,False,True,False,True,False,True,False,False,0,0,False,0,15,24,24,,,,False,False,False,
46,2026-08-11T01:00:44.837957,shadow,analysis_full,silero,webrtc,False,0.0005072836647741497,True,True,False,1,False,True,False,0,0.0,,,,,,,,,,,,,0.001637082273747649,0.7362598448429657,0.19320250671331998,0.0705376478328714,,,,,,,,,,,,,,False,False,temporal_v1,False,0.00012569965976774123,0.13987473903966596,3.72954308314312,0.901466498850536,68.06965344584273,1554.37927303235,0.0012053179408646137,0.0003162883989839873,0.00011547593289904805,0.0,0.0,0.03603351469952192,0.03387450268072465,0.008737823388877129,0.020528407812183472,0.06908147941255202,45.24765955681683,0.002847838378595953,1.6060316662932714,-0.0009667191328543912,1500.0,0.010402096824307625,True,0.0006020898872520775,0.03603351469952192,False,True,False,False,False,0,True,False,True,False,True,False,True,False,False,0,0,False,0,15,24,24,,,,False,False,False,
47,2026-08-11T01:00:44.842921,shadow,analysis_full,silero,webrtc,False,0.0005182852037250996,True,True,False,1,False,True,False,0,0.0,,,,,,,,,,,,,0.000427937173089929,0.7294199003169812,0.17584901658560848,0.09473108076061881,,,,,,,,,,,,,,False,False,temporal_v1,False,7.143136661652808e-05,0.13778705636743216,3.48358273456042,0.8908056676239667,62.445734891262205,1655.9132377158671,0.0003121458901371867,7.525233104828933e-05,4.0538950904452975e-05,0.0,0.0,0.03263223599337822,0.03415524612627479,0.014465771089363822,0.018579202890427547,0.1047038223772645,58.1702962818697,0.005927891007306162,1.2145366679741676,-0.0007232206047821324,1666.6666666666667,0.019763195250943243,True,0.000590931304031983,0.03263223599337822,False,True,False,False,False,0,True,False,True,False,True,False,True,False,False,0,0,False,0,15,24,24,,,,False,False,False,
48,2026-08-11T01:00:44.848533,shadow,analysis_full,silero,webrtc,False,0.0005182852037250996,True,True,False,1,False,True,False,0,0.0,,,,,,,,,,,,,0.0015927021626404845,0.751471213735962,0.1861422136049175,0.06238657203125668,,,,,,,,,,,,,,False,False,temporal_v1,False,0.00012526495067940338,0.1127348643006263,3.6906645662603697,0.9052652287045667,68.05571279812912,1580.4489378688718,0.0011968698272793365,0.0002964691061672391,9.936322819390888e-05,0.0,0.0,0.0215290175549101,0.023654073786769075,0.014479799994267096,0.017277387337119483,0.10513109109447633,52.61355998624151,0.0056185113444606055,1.1923836392597305,-0.0007110396596066173,1466.6666666666667,0.025679255172199187,True,0.0005711974226869643,0.0215290175549101,False,True,False,False,False,0,True,False,True,False,True,False,True,False,False,0,0,False,0,15,24,24,,,,False,False,False,
49,2026-08-11T01:00:44.855967,shadow,analysis_full,silero,webrtc,False,0.0004528130230028182,True,True,False,1,False,True,False,0,0.0,,,,,,,,,,,,,0.0007905506855493327,0.6891676923383744,0.23339923064961304,0.0774330757470715,,,,,,,,,,,,,,False,False,temporal_v1,False,9.123119850525216e-05,0.1524008350730689,3.7549957319233993,0.8903936722576172,64.96026834730537,1579.2284270970304,0.0005448219916365535,0.00018451392179673841,6.121477111604079e-05,0.0,0.0,0.024316284636993635,0.02469756899156953,0.014018946059759776,0.01805091133295807,0.10523481120776522,46.823484704521114,0.002875551966480042,1.5812496943868446,-0.0009495100239286224,1700.0000000000002,0.01084751277832388,True,0.0005550780333578587,0.024316284636993635,False,True,False,False,False,0,True,False,True,False,True,False,True,False,False,0,0,False,0,15,24,24,,,,False,False,False,
50,2026-08-11T01:00:44.862561,shadow,analysis_full,silero,webrtc,False,0.0004513964813668281,True,True,False,1,False,True,False,0,0.0,,,,,,,,,,,,,0.0006319158033819788,0.8092525939093302,0.13521117440504554,0.055536230103134944,,,,,,,,,,,,,,False,False,temporal_v1,False,8.542503698333574e-05,0.10855949895615867,3.2082571236493864,0.9180639628256048,64.43770562130007,1613.5502237075905,0.0005113795030191647,8.544207790038521e-05,3.5094221462428955e-05,0.0,0.0,0.035165335129973364,0.03338741942953555,0.013449351885012804,0.01821076871360573,0.18643159416776078,45.433047268668695,0.007166298871932294,0.9988129134802946,-0.0005946946946652147,1233.3333333333335,0.028778981542146854,True,0.0005333596200216562,0.035165335129973364,False,True,False,False,False,0,True,False,True,False,True,False,True,False,False,0,0,False,0,15,24,24,,,,False,False,False,
51,2026-08-11T01:00:44.868269,shadow,analysis_full,silero,webrtc,False,0.000549910357221961,True,True,False,1,False,True,False,0,0.0,,,,,,,,,,,,,0.0020345830375303763,0.712925737265041,0.22492426484842565,0.062149997395032165,,,,,,,,,,,,,,False,False,temporal_v1,False,0.0001431055064499633,0.1524008350730689,3.8576311867850364,0.9079605933702034,69.29376769918659,1550.304858365258,0.0014505066120582902,0.0004576270939895967,0.00012644933048248951,0.0,0.0,0.0354329808389995,0.032361420485474045,0.011798143093806245,0.019135066635494333,0.19435269584990553,42.09955688897525,0.00428867752204324,1.1907267589607375,-0.0007062916539921713,1533.3333333333335,0.02731811626137266,True,0.0005333596200216562,0.0354329808389995,False,True,False,False,False,0,True,False,True,False,True,False,True,False,False,0,0,False,0,15,24,24,,,,False,False,False,
52,2026-08-11T01:00:44.875227,shadow,analysis_full,silero,webrtc,False,0.00048323028022423387,True,True,False,1,False,True,False,0,0.0,,,,,,,,,,,,,0.0006904169685078877,0.6997878658658191,0.2361245671291443,0.0640875655566366,,,,,,,,,,,,,,False,False,temporal_v1,False,8.750578043802095e-05,0.11899791231732777,3.7809277588212122,0.9033702491690389,64.60887595993935,1555.9526596200865,0.0004831454169496832,0.00016302440782754106,4.4247142730663556e-05,0.0,0.0,0.0317313613785183,0.028972358675368556,0.01178843426342961,0.019370500420482037,0.1789566471719889,41.21608035695228,0.0017709051738492559,1.221001121597296,-0.0007312316934081694,1600.0,0.023521457675383082,True,0.0005182852037250996,0.0317313613785183,False,True,False,False,False,0,True,False,True,False,True,False,True,False,False,0,0,False,0,15,24,24,,,,False,False,False,
53,2026-08-11T01:00:44.885802,shadow,analysis_full,silero,webrtc,False,0.0005031393957324326,True,True,False,1,False,True,False,0,0.0,,,,,,,,,,,,,0.0007188317561581353,0.6642007232785809,0.2630361797876199,0.07276309554265314,,,,,,,,,,,,,,False,False,temporal_v1,False,8.987822772197459e-05,0.12108559498956159,3.8281807185217787,0.8923753509344527,64.82207935783075,1578.2037645419082,0.000477448572355846,0.0001890787590498618,5.230442375242755e-05,0.0,0.0,0.037344609118152926,0.03450917380581158,0.01122654530875256,0.019499447897846543,0.18527022976983928,32.689484423918266,0.0034781230034846423,1.5246802241093402,-0.0009149166678449716,1566.6666666666667,0.013510301652705075,True,0.0005127844342496246,0.037344609118152926,False,True,False,False,False,0,True,False,True,False,True,False,True,False,False,0,0,False,0,15,24,24,,,,False,False,False,
54,2026-08-11T01:00:44.891413,shadow,analysis_full,silero,webrtc,False,0.0004721128789242357,True,True,False,1,False,True,False,0,0.0,,,,,,,,,,,,,0.0017069786701047914,0.7267473746279619,0.2156435963505856,0.05760902843562201,,,,,,,,,,,,,,False,False,temporal_v1,False,0.00013288865855039464,0.12734864300626306,3.812952610567936,0.9138365955815767,68.64261525017331,1523.8746118991448,0.001240542267044587,0.00036809901931513704,9.833738274506717e-05,0.0,0.0,0.0370252161653842,0.03452977443827724,0.011376137091944008,0.018561600609933386,0.1884028686454696,35.98389766147512,0.0033768910982316354,1.1578603121518714,-0.0006863475075614373,1433.3333333333335,0.02532012156857651,True,0.0005052115302532911,0.0370252161653842,False,True,False,False,False,0,True,False,True,False,True,False,True,False,False,0,0,False,0,15,24,24,,,,False,False,False,
55,2026-08-11T01:00:44.897183,shadow,analysis_full,silero,webrtc,False,0.0004361574538052082,True,True,False,1,False,True,False,0,0.0,,,,,,,,,,,,,0.0004194540680105204,0.6967349780192079,0.21418166138663097,0.08908335821010988,,,,,,,,,,,,,,False,False,temporal_v1,False,7.372383839216156e-05,0.15031315240083507,3.7457080149847837,0.8923911358831987,62.79194497289457,1576.0920949528124,0.00029224832085537726,8.983936916187416e-05,3.7366376993268974e-05,0.0,0.0,0.03793894671646009,0.03446195965250537,0.012458990908261712,0.01579066646960391,0.18818868963343763,34.744145664693605,0.0025088876441996316,1.4751831291812803,-0.0008934156481804826,1766.6666666666667,0.013382851854805023,True,0.0004931848379783332,0.03793894671646009,False,True,False,False,False,0,True,False,True,False,True,False,True,False,False,0,0,False,0,15,24,24,,,,False,False,False,
56,2026-08-11T01:00:44.906912,shadow,analysis_full,silero,webrtc,False,0.00041787445661611855,True,True,False,1,False,True,False,0,0.0,,,,,,,,,,,,,0.0008844562569591792,0.69879884006818,0.23892075119495543,0.062280407606226273,,,,,,,,,,,,,,False,False,temporal_v1,False,9.771564777926653e-05,0.17745302713987474,3.848377649950468,0.8943155143483307,65.65107308825439,1556.3276601534242,0.0006180570064541187,0.00021131495331176562,5.508429619329488e-05,0.0,0.0,0.03815500703282496,0.03524950568316486,0.012708983664518255,0.020844442523683653,0.19401986552888106,34.62314960848486,0.003409564532590734,1.3610299174941347,-0.0008170035698702546,1766.6666666666667,0.01796201398279416,True,0.0004776715795742348,0.03815500703282496,False,True,False,False,False,0,True,False,True,False,True,False,True,False,False,0,0,False,0,15,24,24,,,,False,False,False,
57,2026-08-11T01:00:44.915709,shadow,analysis_full,silero,webrtc,False,0.0004936546320095658,True,True,False,1,False,True,False,0,0.0,,,,,,,,,,,,,0.0010438287009541683,0.7437118501510585,0.205828080917011,0.05046006797391901,,,,,,,,,,,,,,False,False,temporal_v1,False,0.00010435373675673805,0.12734864300626306,3.6138880305783103,0.9135221750981337,66.3762994587258,1506.4007225951175,0.0007763077744274004,0.00021484925832349302,5.267166720327491e-05,0.0,0.0,0.03882341117833145,0.03323555250019112,0.010826816143650761,0.020985105424850204,0.1830366232617261,29.16520002430459,0.003585072551778869,1.5361223597791238,-0.0009280419569587348,1433.3333333333335,0.010901427210811212,True,0.0004776715795742348,0.03882341117833145,False,True,False,False,False,0,True,False,True,False,True,False,True,False,False,0,0,False,0,15,24,24,,,,False,False,False,
58,2026-08-11T01:00:44.924511,shadow,analysis_full,silero,webrtc,False,0.00045929430052638054,True,True,False,1,False,True,False,0,0.0,,,,,,,,,,,,,0.0002320731640290221,0.6446071152094949,0.20887479412405413,0.14651808635746508,,,,,,,,,,,,,,False,False,temporal_v1,False,5.6716613716051425e-05,0.1837160751565762,3.8993366704783834,0.8429704148187447,59.533127337626546,1812.360560114542,0.00014959601278228784,4.8474234358279836e-05,3.400291588845442e-05,0.0,0.0,0.04297711055185031,0.0319117178297486,0.026531104645092896,0.024076331095346126,0.19089492053195123,80.90119073860025,0.0034310071871803596,1.149596720339558,-0.0006793259889672019,2433.3333333333335,0.03171869922548165,True,0.0004657035897253081,0.04297711055185031,False,True,False,False,False,0,True,False,True,False,True,False,True,False,False,0,0,False,0,15,24,24,,,,False,False,False,
59,2026-08-11T01:00:44.930667,shadow,analysis_full,silero,webrtc,False,0.00041820123442448676,True,True,False,1,False,True,False,0,0.0,,,,,,,,,,,,,0.00030205349243162433,0.719241925870494,0.21478080976583758,0.06597726105299669,,,,,,,,,,,,,,False,False,temporal_v1,False,6.395875911531093e-05,0.12317327766179541,3.3369011082969013,0.8996141092087409,61.257987806234546,1656.9416669295679,0.00021724953561243015,6.487529369706357e-05,1.9928662122130635e-05,0.0,0.0,0.042562780349530364,0.031476629844808736,0.02659640271115363,0.024403572770275498,0.22472931673930194,83.6377335969605,0.006015535923710103,1.27813652158165,-0.0007781617978328658,1633.3333333333335,0.01823811183107545,True,0.0004657035897253081,0.042562780349530364,False,True,False,False,False,0,True,False,True,False,True,False,True,False,False,0,0,False,0,15,24,24,,,,False,False,False,
60,2026-08-11T01:00:44.939364,shadow,analysis_full,silero,webrtc,False,0.0003878601419273764,True,True,False,1,False,True,False,0,0.0,,,,,,,,,,,,,0.000890969274989308,0.7117190119930215,0.21658467290047442,0.07169631398413104,,,,,,,,,,,,,,False,False,temporal_v1,False,9.721836890116563e-05,0.15031315240083507,3.7463057039640795,0.8964291187474902,65.61150763077558,1607.8381334637008,0.000634119772111529,0.00019297028898793213,6.387921288984702e-05,0.0,0.0,0.027620252462571646,0.01661141385017096,0.025991753962867587,0.022313802448246156,0.1561141702585307,83.51485532798175,0.00588107796816884,1.2284065696327722,-0.000736271905689143,1500.0,0.02635915920174435,True,0.0004657035897253081,0.027620252462571646,False,True,False,False,False,0,True,False,True,False,True,False,True,False,False,0,0,False,0,15,24,24,,,,False,False,False,
61,2026-08-11T01:00:44.948476,shadow,analysis_full,silero,webrtc,False,0.0003820206911768764,True,True,False,1,False,True,False,0,0.0,,,,,,,,,,,,,0.0010800131779456748,0.7501859526815117,0.19763529665404544,0.052178749738528304,,,,,,,,,,,,,,False,False,temporal_v1,False,0.00010505023355848515,0.13778705636743216,3.7412328365729515,0.9152732552336624,66.44828332407755,1478.376985013397,0.000810210714805763,0.0002134487248135718,5.635373732634e-05,0.0,0.0,0.031150965659276234,0.01836615984351071,0.02662095008093763,0.022142234452612316,0.1517103690068526,89.70142940606758,0.001969018963626747,1.7616861858860375,-0.0010653033328702928,1366.6666666666667,0.0066951378337875905,True,0.00044772587716579437,0.031150965659276234,False,True,False,False,False,0,True,False,True,False,True,False,True,False,False,0,0,False,0,15,24,24,,,,False,False,False,
62,2026-08-11T01:00:44.955629,shadow,analysis_full,silero,webrtc,False,0.0005307406536303461,True,True,False,1,False,True,False,0,0.0,,,,,,,,,,,,,0.0005281227791661038,0.76900574013513,0.15505014175706508,0.07594411621430582,,,,,,,,,,,,,,False,False,temporal_v1,False,7.908478452980633e-05,0.14613778705636743,3.5196688162699994,0.9015915008480779,63.57235793508461,1616.316118273253,0.0004061294486748515,8.188551177483958e-05,4.010781771641276e-05,0.0,0.0,0.036352279021392826,0.026196556867144623,0.026449262907829146,0.02080991364405363,0.1636435252999868,89.55860786855298,0.0033676475273993157,1.0963934539817004,-0.0006600247516395144,1433.3333333333335,0.027102359186488085,True,0.00044772587716579437,0.036352279021392826,False,True,False,False,False,0,True,False,True,False,True,False,True,False,False,0,0,False,0,15,24,24,,,,False,False,False,
63,2026-08-11T01:00:44.962286,shadow,analysis_full,silero,webrtc,False,0.0004779169394169003,True,True,False,1,False,True,False,0,0.0,,,,,,,,,,,,,0.0015867542515608218,0.7175236888078698,0.21538043667672535,0.0670958738851876,,,,,,,,,,,,,,False,False,temporal_v1,False,0.00012613912772259784,0.12734864300626306,3.893749514501283,0.9016608761254168,68.10288795801506,1531.6614655599585,0.0011385337638114914,0.0003417558235998203,0.00010646466314951015,0.0,0.0,0.032593651418442164,0.020353487843551576,0.02653991852305274,0.020181532398157787,0.16948657116492832,91.30913183977782,0.0025661163725263655,1.7658329448377348,-0.0010810091992022525,1633.3333333333335,0.008804977844531154,True,0.00044772587716579437,0.032593651418442164,False,True,False,False,False,0,True,False,True,False,True,False,True,False,False,0,0,False,0,15,24,24,,,,False,False,False,
64,2026-08-11T01:00:44.969360,shadow,analysis_full,silero,webrtc,False,0.0004779169394169003,True,True,False,1,False,True,False,0,0.0,,,,,,,,,,,,,0.000257293761428483,0.7647192447147756,0.17562284750175136,0.05965790389686505,,,,,,,,,,,,,,False,False,temporal_v1,False,6.050079891583807e-05,0.13569937369519833,3.154407714274895,0.9105212909249363,60.65922520381627,1639.1327728073288,0.00019675749090941318,4.5186663026506464e-05,1.5349606492563363e-05,0.0,0.0,0.035494415298641266,0.02235036457200901,0.02642112551854581,0.01959421150288486,0.23444134442406153,89.92550743093574,0.006272454742645598,1.0035806387920059,-0.0006077430354969265,1433.3333333333335,0.02672165600318285,True,0.00044772587716579437,0.035494415298641266,False,True,False,False,False,0,True,False,True,False,True,False,True,False,False,0,0,False,0,15,24,24,,,,False,False,False,
65,2026-08-11T01:00:44.975411,shadow,analysis_full,silero,webrtc,False,0.00039364350959658623,True,True,False,1,False,True,False,0,0.0,,,,,,,,,,,,,0.0002907503584246349,0.7241938394987741,0.20790296472709244,0.0679031923347568,,,,,,,,,,,,,,False,False,temporal_v1,False,6.643575171568832e-05,0.12526096033402923,3.536167326052812,0.9131838322894261,61.755161855210005,1587.3284574548381,0.0002105596184031811,6.0447861511946355e-05,1.9742877509507462e-05,0.0,0.0,0.03451120264934389,0.022150854260250836,0.025979494400180356,0.02045609450565167,0.234311074579532,89.71288332499391,0.009167040019901705,1.0152870121301907,-0.0006072260244430003,1333.3333333333335,0.029370576516685277,True,0.00043874776747543365,0.03451120264934389,False,True,False,False,False,0,True,False,True,False,True,False,True,False,False,0,0,False,0,15,24,24,,,,False,False,False,
66,2026-08-11T01:00:44.985114,shadow,analysis_full,silero,webrtc,False,0.0003642714873421937,True,True,False,1,False,True,False,0,0.0,,,,,,,,,,,,,0.0006326318080460875,0.7878295966344636,0.15349719539795026,0.05867320638688783,,,,,,,,,,,,,,False,False,temporal_v1,False,8.260574340256366e-05,0.12526096033402923,3.4258875331070677,0.908841098682852,64.05396667899205,1619.7311721183871,0.0004984060621510806,9.710720825460886e-05,3.71185366403981e-05,0.0,0.0,0.03806664069687434,0.023344257014837392,0.02613611535843578,0.017561370225313646,0.2289755699866646,88.68868295251517,0.006909052373952305,1.0205136262864616,-0.0006143597832879077,1366.6666666666667,0.03516548491649709,True,0.00043874776747543365,0.03806664069687434,False,True,False,False,False,0,True,False,True,False,True,False,True,False,False,0,0,False,0,15,24,24,,,,False,False,False,
67,2026-08-11T01:00:44.991618,shadow,analysis_full,silero,webrtc,False,0.00039013574132695794,True,True,False,1,False,True,False,0,0.0,,,,,,,,,,,,,0.0011444162563232982,0.7179989945166522,0.22246055916578517,0.05954044544375462,,,,,,,,,,,,,,False,False,temporal_v1,False,0.00010876885596627496,0.13569937369519833,3.815410452524069,0.906254101723154,66.7364592574641,1533.5153843635605,0.0008216897213486394,0.00025458748030009545,6.813905367456324e-05,0.0,0.0,0.03814307651481735,0.024606634960109796,0.025536377564719263,0.017220534970606494,0.23912011495361493,85.98751189060111,0.0029961186318029995,1.40646810885627,-0.0008402604978192586,1466.6666666666667,0.015487004355514136,True,0.0004059223720105365,0.03814307651481735,False,True,False,False,False,0,True,False,True,False,True,False,True,False,False,0,0,False,0,15,24,24,,,,False,False,False,
68,2026-08-11T01:00:44.999365,shadow,analysis_full,silero,webrtc,False,0.0003770839248318225,True,True,False,1,False,True,False,0,0.0,,,,,,,,,,,,,0.00031560854432384364,0.714100362357346,0.18110639217461433,0.10479324229955779,,,,,,,,,,,,,,False,False,temporal_v1,False,6.3427222602093e-05,0.15866388308977036,3.267934901122168,0.8798597974326889,61.06596511522103,1728.7017650595299,0.00022537617586473123,5.715872480197318e-05,3.307364265713927e-05,0.0,0.0,0.026323422806697482,0.02465172866973569,0.013830007177877189,0.011365893602351733,0.23691858358749496,67.89543964395176,0.006613005635160162,1.358732879797692,-0.0008211828367490449,1766.6666666666667,0.015087634314503554,True,0.0003918896254617721,0.026323422806697482,False,True,False,False,False,0,True,False,True,False,True,False,True,False,False,0,0,False,0,15,24,24,,,,False,False,False,
69,2026-08-11T01:00:45.006908,shadow,analysis_full,silero,webrtc,False,0.0003390856145415455,True,True,False,1,False,True,False,0,0.0,,,,,,,,,,,,,0.000435988464433924,0.7990787105265752,0.1375721160404545,0.06334917113933161,,,,,,,,,,,,,,False,False,temporal_v1,False,7.173768926478371e-05,0.1127348643006263,3.5717693517925833,0.9069566310422631,62.56970615344278,1563.176867698553,0.0003483890999643216,5.9979855621403355e-05,2.7619507848199045e-05,0.0,0.0,0.031186809442222366,0.02869416704881768,0.013897330084025904,0.01291835365712316,0.2266668635121716,65.82078721527584,0.00596975150430606,1.3995007386054774,-0.000845601394305024,1366.6666666666667,0.014943655786291822,True,0.00038899794162716717,0.031186809442222366,False,True,False,False,False,0,True,False,True,False,True,False,True,False,False,0,0,False,0,15,24,24,,,,False,False,False,
70,2026-08-11T01:00:45.013437,shadow,analysis_full,silero,webrtc,False,0.0003393970837350935,True,True,False,1,False,True,False,0,0.0,,,,,,,,,,,,,0.00040339381694119665,0.6285529803929207,0.2962421739179346,0.07520484321017767,,,,,,,,,,,,,,False,False,temporal_v1,False,6.9868899789828e-05,0.2045929018789144,3.9365575429926585,0.8828626662036183,62.166526096828925,1597.7906548507779,0.00025355438591046544,0.00011950226127571345,3.0337168755017807e-05,0.0,0.0,0.04646773348157518,0.04332681140969244,0.014027793537003015,0.024350829488532094,0.24788806156838186,65.62604173027363,0.00510703877851222,1.5911564394864555,-0.0009668468497196461,1833.3333333333335,0.012508041518354508,True,0.0003860782162519172,0.04646773348157518,False,True,False,False,False,0,True,False,True,False,True,False,True,False,False,0,0,False,0,15,24,24,,,,False,False,False,
71,2026-08-11T01:00:45.022871,shadow,analysis_full,silero,webrtc,False,0.00031043615308590233,True,True,False,1,False,True,False,0,0.0,,,,,,,,,,,,,0.000263424883386854,0.7934496564025618,0.14018787688215698,0.06636246291913261,,,,,,,,,,,,,,False,False,temporal_v1,False,6.298706352775306e-05,0.1336116910229645,3.126852508940234,0.9215348897452726,61.1856697206253,1613.7333562353829,0.00020901438321118424,3.692897511993285e-05,1.7481524055736934e-05,0.0,0.0,0.04938666576991446,0.04620932257496345,0.012991259122688259,0.02443659098487168,0.27636933772976113,54.27224280404388,0.008867132999645227,0.9537162124234873,-0.0005757710116390696,1066.6666666666667,0.031369998859943994,True,0.00038360983307939023,0.04938666576991446,False,True,False,False,False,0,True,False,True,False,True,False,True,False,False,0,0,False,0,15,24,24,,,,False,False,False,
72,2026-08-11T01:00:45.029105,shadow,analysis_full,silero,webrtc,False,0.0002679948811419308,True,True,False,1,False,True,False,0,0.0,,,,,,,,,,,,,0.00023923439229610018,0.7424311479142139,0.1816064200114174,0.07596242789436768,,,,,,,,,,,,,,False,False,temporal_v1,False,5.85659173814032e-05,0.15866388308977036,3.5905956247858084,0.9007901983986671,60.21967070977851,1603.9806053924508,0.00017761506449295302,4.344650152850177e-05,1.817282527464538e-05,0.0,0.0,0.04855082856907211,0.04495664486753146,0.012992118900142886,0.02500778946034131,0.2770548732459903,54.09794240658186,0.006674592012165485,1.219425008975261,-0.000731810101987575,1533.3333333333335,0.019418559686109848,True,0.0003706777060870081,0.04855082856907211,False,True,False,False,False,0,True,False,True,False,True,False,True,False,False,0,0,False,0,15,24,24,,,,False,False,False,
73,2026-08-11T01:00:45.035447,shadow,analysis_full,silero,webrtc,False,0.0003081291215494275,True,True,False,1,False,True,False,0,0.0,,,,,,,,,,,,,0.0007130979360615477,0.7318490474467665,0.2100407892908415,0.05811016186006002,,,,,,,,,,,,,,False,False,temporal_v1,False,8.756301518745289e-05,0.12734864300626306,3.6582055837166636,0.9079909609684843,64.63741782104,1534.6262189901329,0.0005218800452428989,0.0001497796533320375,4.1438236486611264e-05,0.0,0.0,0.04810567642263564,0.04469673388543572,0.013454340135104097,0.02500778946034131,0.2543775982975517,53.7191319693721,0.003903617764789644,1.4913975496650642,-0.0009033428826706787,1466.6666666666667,0.01332088668569056,True,0.0003518342855386436,0.04810567642263564,False,True,False,False,False,0,True,False,True,False,True,False,True,False,False,0,0,False,0,15,24,24,,,,False,False,False,
74,2026-08-11T01:00:45.042953,shadow,analysis_full,silero,webrtc,False,0.0002993062953464687,True,True,False,1,False,True,False,0,0.0,,,,,,,,,,,,,0.00024764542350127247,0.6496115803363018,0.23039442231476623,0.11999399331090067,,,,,,,,,,,,,,False,False,temporal_v1,False,5.7906938704592895e-05,0.16701461377870563,3.9932336260549817,0.8474896758752044,59.81571912498371,1828.7666228939333,0.00016087333492371435,5.70561242864713e-05,2.9715963291086854e-05,0.0,0.0,0.054288471902834784,0.045863544191153,0.019911318377673903,0.02599479317957976,0.26201246467889033,86.7412705657324,0.002883135645355435,0.9895728207586222,-0.0005808860139363057,2233.3333333333335,0.05253545682091911,True,0.0003392413491383195,0.054288471902834784,False,True,True,False,False,0,True,False,True,False,True,False,True,False,False,0,0,False,0,15,24,24,,,,False,False,False,
75,2026-08-11T01:00:45.049623,shadow,analysis_full,silero,webrtc,False,0.00030601953039877117,True,True,False,1,False,True,False,0,0.0,,,,,,,,,,,,,0.0008106581064143144,0.717068727673511,0.22252827985749177,0.0604029912354315,,,,,,,,,,,,,,False,False,temporal_v1,False,9.665449833105898e-05,0.11899791231732777,3.6521251432626314,0.9160921194568625,65.6494585689947,1525.657992799114,0.0005812975769447302,0.0001803943539729089,4.896617449667533e-05,0.0,0.0,0.054392345816557545,0.04644606437701325,0.02030154771305409,0.02653000329083609,0.26183922683544236,91.01271657716481,0.003530344846209433,1.117158824737797,-0.0006654666433413055,1366.6666666666667,0.026257701255391196,True,0.0003247608838137239,0.054392345816557545,False,True,True,False,False,0,True,False,True,False,True,False,True,False,False,0,0,False,0,15,24,24,,,,False,False,False,
76,2026-08-11T01:00:45.055188,shadow,analysis_full,silero,webrtc,False,0.00028271894552744925,True,True,False,1,False,True,False,0,0.0,,,,,,,,,,,,,0.0005198223175633462,0.6801578783515334,0.24234490001758371,0.07749721970714862,,,,,,,,,,,,,,False,False,temporal_v1,False,8.206979445484256e-05,0.14822546972860126,3.6552340876588345,0.9055826233749037,63.972364910865195,1605.6980831349695,0.0003535612446336626,0.0001259762875767978,4.0284784352885825e-05,0.0,0.0,0.05213221737833041,0.045657956937576925,0.01963263869830625,0.02576914258740622,0.2552066207672107,91.036640083172,0.004933494602645814,1.0748792386227866,-0.0006363739820909285,1500.0,0.029757121013188073,True,0.0003092826373176649,0.05213221737833041,False,True,True,False,False,0,True,False,True,False,True,False,True,False,False,0,0,False,0,15,24,24,,,,False,False,False,
77,2026-08-11T01:00:45.061620,shadow,analysis_full,silero,webrtc,False,0.0002753988082986325,True,True,False,1,False,True,False,0,0.0,,,,,,,,,,,,,0.00029340161712781434,0.7294144113577723,0.1860192128256745,0.08456637240825575,,,,,,,,,,,,,,False,False,temporal_v1,False,6.572940887676106e-05,0.1524008350730689,3.419155026984292,0.9031934082470716,61.58640809230276,1649.3153535372799,0.00021401136784870317,5.4578337859895956e-05,2.4811910419215216e-05,0.0,0.0,0.05225701308093122,0.045688789740722734,0.018942412768905653,0.02555173491573151,0.25360174590239015,87.41049056829507,0.005823011172535304,1.0080437604021022,-0.0006073461676132537,1533.3333333333335,0.033048200018863785,True,0.00030707432597409934,0.05225701308093122,False,True,True,False,False,0,True,False,True,False,True,False,True,False,False,0,0,False,0,15,24,24,,,,False,False,False,
78,2026-08-11T01:00:45.068280,shadow,analysis_full,silero,webrtc,False,0.0002545346796978265,True,True,False,1,False,True,False,0,0.0,,,,,,,,,,,,,0.00030311011662710114,0.6971338396698729,0.19758560511066564,0.10528055192033049,,,,,,,,,,,,,,False,False,temporal_v1,False,6.61795656163395e-05,0.16701461377870563,3.3034518142526195,0.9001850917245994,61.64951753258891,1622.8422119388285,0.000211308319447034,5.989019580893021e-05,3.1911600371136954e-05,0.0,0.0,0.05264859769596681,0.0451707157121056,0.019010177549102666,0.026011554283377907,0.24931857746801078,80.35332032011287,0.005414403774273878,1.4751303944299883,-0.0008880757457314797,1400.0,0.009741254924635913,True,0.0003026629128726199,0.05264859769596681,False,True,True,False,False,0,True,False,True,False,True,False,True,False,False,0,0,False,0,15,24,24,,,,False,False,False,
79,2026-08-11T01:00:45.073618,shadow,analysis_full,silero,webrtc,False,0.00026998319663107395,True,True,False,1,False,True,False,0,0.0,,,,,,,,,,,,,0.0003408064965242063,0.7471458075025866,0.17877836344404316,0.07407582611915384,,,,,,,,,,,,,,False,False,temporal_v1,False,6.578727567597728e-05,0.1544885177453027,3.6753648488645037,0.8985218596699323,61.57448612546368,1602.659824403421,0.0002546321450477056,6.0928827699695583e-05,2.524552277680511e-05,0.0,0.0,0.04648429469642916,0.04052202120945387,0.018408357473931165,0.023025161885531914,0.25046563822750306,78.68427631219161,0.005506989379671507,1.2070622308155223,-0.0007227372422369268,1500.0,0.02214937349601531,True,0.00029101262043695897,0.04648429469642916,False,True,False,False,False,0,True,False,True,False,True,False,True,False,False,0,0,False,0,15,24,24,,,,False,False,False,
80,2026-08-11T01:00:45.078151,shadow,analysis_full,silero,webrtc,False,0.00026998319663107395,True,True,False,1,False,True,False,0,0.0,,,,,,,,,,,,,0.0005516245371459228,0.7361745902703613,0.1856854783922262,0.0781399295245853,,,,,,,,,,,,,,False,False,temporal_v1,False,7.88652245049895e-05,0.15031315240083507,3.64816114859186,0.8978856771809168,63.526042584642084,1556.5500179154935,0.00040609196761647737,0.00010242866607283103,4.31039024566144e-05,0.0,0.0,0.03760214685826353,0.028347795450990598,0.0183569441407232,0.015420614039765667,0.22554005599713609,80.7165303204073,0.002756730358755341,1.5904761350112708,-0.0009639577655142809,1500.0,0.009603572836695457,True,0.0002790588769130409,0.03760214685826353,False,True,False,False,False,0,True,False,True,False,True,False,True,False,False,0,0,False,0,15,24,24,,,,False,False,False,
81,2026-08-11T01:00:45.083736,shadow,analysis_full,silero,webrtc,False,0.00028661623946391046,True,True,False,1,False,True,False,0,0.0,,,,,,,,,,,,,0.00028732727532139175,0.6395442106043753,0.2683049700619027,0.0921508158533702,,,,,,,,,,,,,,False,False,temporal_v1,False,6.468743842782338e-05,0.13569937369519833,3.5552387439776605,0.8912528767485055,61.34787241173995,1666.5830071316425,0.0001837584954805255,7.709133600307408e-05,2.6477442837792173e-05,0.0,0.0,0.03687952781626746,0.02849359562554669,0.01806352261881097,0.015240083507306887,0.17095393569515568,82.21720609524012,0.006280026040334167,1.0954452481463057,-0.0006443932137287807,1700.0000000000002,0.027489903428961782,True,0.0002790588769130409,0.03687952781626746,False,True,False,False,False,0,True,False,True,False,True,False,True,False,False,0,0,False,0,15,24,24,,,,False,False,False,
82,2026-08-11T01:00:45.089439,shadow,analysis_full,silero,webrtc,False,0.0002398587967036292,True,True,False,1,False,True,False,0,0.0,,,,,,,,,,,,,0.0002476445756326581,0.7174339439389201,0.18164066901706993,0.10092538300596464,,,,,,,,,,,,,,False,False,temporal_v1,False,5.9440350078997665e-05,0.16910229645093947,3.5175433466686057,0.8890841079046241,60.342262429747436,1662.4997043087778,0.00017766862459121812,4.4982326396364394e-05,2.49936236450756e-05,0.0,0.0,0.035206059920155276,0.0284901448635919,0.018685437556198024,0.016257137648377273,0.1733874937762525,82.9715026715353,0.004627099045428537,1.0929901252830487,-0.00066021690281151,1600.0,0.02542668189976311,True,0.0002790588769130409,0.035206059920155276,False,True,False,False,False,0,True,False,True,False,True,False,True,False,False,0,0,False,0,15,24,24,,,,False,False,False,
83,2026-08-11T01:00:45.094999,shadow,analysis_full,silero,webrtc,False,0.0002458694507367909,True,True,False,1,False,True,False,0,0.0,,,,,,,,,,,,,0.00044946678435598374,0.6966289024765837,0.22184127476093068,0.08152982053762707,,,,,,,,,,,,,,False,False,temporal_v1,False,7.396620343043906e-05,0.13569937369519833,3.799494067906702,0.8983046059675474,62.8554140249802,1594.1638019075017,0.0003131115526855883,9.971028440422777e-05,3.664494626616768e-05,0.0,0.0,0.0340416895042003,0.02869726581079049,0.016493124611294836,0.015307142196094662,0.18244176569720869,78.23667514446679,0.006083679557185695,1.1272245609550728,-0.0006762886712958346,1566.6666666666667,0.03199017306208026,True,0.00027269100246485323,0.0340416895042003,False,True,False,False,False,0,True,False,True,False,True,False,True,False,False,0,0,False,0,15,24,24,,,,False,False,False,
84,2026-08-11T01:00:45.101117,shadow,analysis_full,silero,webrtc,False,0.00026603718288242817,True,True,False,1,False,True,False,0,0.0,,,,,,,,,,,,,0.00029989381978562694,0.7893934836584742,0.12463554270499652,0.08597097030201589,,,,,,,,,,,,,,False,False,temporal_v1,False,6.288878875179395e-05,0.1544885177453027,3.4178002972915276,0.895445017819898,61.042994597653205,1708.4232120021727,0.0002367342271282227,3.737742898285604e-05,2.578216267454824e-05,0.0,0.0,0.0384685991190126,0.03782575408638594,0.012441780610022069,0.014336772203247928,0.14265548265833528,51.72836798957108,0.005810086882081704,0.9717082693703541,-0.0005851101145049032,1633.3333333333335,0.032887175444936106,True,0.00026998319663107395,0.0384685991190126,False,True,False,False,False,0,True,False,True,False,True,False,True,False,False,0,0,False,0,15,24,24,,,,False,False,False,
85,2026-08-11T01:00:45.106387,shadow,analysis_full,silero,webrtc,False,0.00022336184338200837,True,True,False,1,False,True,False,0,0.0,,,,,,,,,,,,,0.00030583768135527753,0.7223860822510032,0.21812041689172332,0.05949349758756525,,,,,,,,,,,,,,False,False,temporal_v1,False,6.382058997128548e-05,0.1315240083507307,3.529987969346503,0.9105646897690204,61.286172354514775,1516.3465769340519,0.00022093288443896962,6.670944255841117e-05,1.8195353357896753e-05,0.0,0.0,0.03853008753808093,0.03759656263319144,0.012616435198038288,0.01205806186070451,0.1398184772040688,53.46283443693722,0.004508813752845386,1.606633030902336,-0.0009793000980963557,1533.3333333333335,0.0073476147626962965,True,0.00026801018975675106,0.03853008753808093,False,True,False,False,False,0,True,False,True,False,True,False,True,False,False,0,0,False,0,15,24,24,,,,False,False,False,
86,2026-08-11T01:00:45.111472,shadow,analysis_full,silero,webrtc,False,0.00022500986233353615,True,True,False,1,False,True,False,0,0.0,,,,,,,,,,,,,0.00035017307163474654,0.6396497042229528,0.29592895244762013,0.06442134047369637,,,,,,,,,,,,,,False,False,temporal_v1,False,6.614081886363373e-05,0.12526096033402923,3.9267359318115127,0.8779101091612673,61.5343084919133,1663.1892664382017,0.00022398810169800846,0.00010362635026423599,2.2558618672502077e-05,0.0,0.0,0.04380540404760306,0.04604785158446878,0.013837332342330082,0.014160891759592167,0.17827303760187357,54.84936100465077,0.005136148198344649,1.034434010815825,-0.0006099958191507109,1866.6666666666667,0.03482958548408164,True,0.00026028593129012734,0.04380540404760306,False,True,False,False,False,0,True,False,True,False,True,False,True,False,False,0,0,False,0,15,24,24,,,,False,False,False,
87,2026-08-11T01:00:45.117727,shadow,analysis_full,silero,webrtc,False,0.00024000655685085803,True,True,False,1,False,True,False,0,0.0,,,,,,,,,,,,,0.0006928918132320882,0.7404935601397445,0.19211278059874778,0.06739365781828097,,,,,,,,,,,,,,False,False,temporal_v1,False,8.74106208908827e-05,0.12943632567849686,3.6999941194589505,0.9002538593111618,64.58301284431874,1571.348907108835,0.000513081925571912,0.00013311337289412467,4.6696513766051595e-05,0.0,0.0,0.04438104374207181,0.04582110314597206,0.014541314086379882,0.015031315240083507,0.17287281744496288,56.25658981345596,0.0034592845388947,1.3931989369074944,-0.000839275598076169,1633.3333333333335,0.016149940740864538,True,0.0002502020652173087,0.04438104374207181,False,True,False,False,False,0,True,False,True,False,True,False,True,False,False,0,0,False,0,15,24,24,,,,False,False,False,
88,2026-08-11T01:00:45.123667,shadow,analysis_full,silero,webrtc,False,0.0002747290418483317,True,True,False,1,False,True,False,0,0.0,,,,,,,,,,,,,0.0004603266280399449,0.8198057942558061,0.11603932349616132,0.06415488007566189,,,,,,,,,,,,,,False,False,temporal_v1,False,7.516335234750555e-05,0.12526096033402923,3.3216902390386216,0.9201918446753641,63.130025196744825,1548.1803644283032,0.0003773784369173841,5.341599050502429e-05,2.9532199617536484e-05,0.0,0.0,0.05426435228470448,0.053318340720150174,0.01278473345189268,0.014196242171189978,0.16972426008388614,59.75957943401058,0.005178564680269787,1.2587198874014323,-0.0007599689354074025,1066.6666666666667,0.016614399502385257,True,0.00025595331680960953,0.05426435228470448,False,True,True,False,False,0,True,False,True,False,True,False,True,False,False,0,0,False,0,15,24,24,,,,False,False,False,
89,2026-08-11T01:00:45.130845,shadow,analysis_full,silero,webrtc,False,0.0002485571603756398,True,True,False,1,False,True,False,0,0.0,,,,,,,,,,,,,0.0006789675878758736,0.7359109292622026,0.19543224539998366,0.06865682386498957,,,,,,,,,,,,,,False,False,temporal_v1,False,8.451870176098178e-05,0.1419624217118998,3.4713253916596654,0.8919214150656282,64.2044604497274,1684.7914411051097,0.0004996596685326503,0.0001326921602523927,4.6615758090830684e-05,0.0,0.0,0.053906556994730764,0.05294105851549667,0.013002789371620412,0.013497477975152078,0.1727808126423428,63.82990402244256,0.007973422911532463,1.1096705996679415,-0.0006636267129538038,1600.0,0.030892465904755216,True,0.00024721330555621535,0.053906556994730764,False,True,True,False,False,0,True,False,True,False,True,False,True,False,False,0,0,False,0,15,24,24,,,,False,False,False,
90,2026-08-11T01:00:45.138109,shadow,analysis_full,silero,webrtc,False,0.00022656028158962727,True,True,False,1,False,True,False,0,0.0,,,,,,,,,,,,,0.0002803989189181514,0.6924482422883634,0.22781444118188088,0.07973731296340816,,,,,,,,,,,,,,False,False,temporal_v1,False,6.212189252142711e-05,0.1315240083507307,3.591870562132682,0.8908308987609106,60.877792296402056,1713.6346657817453,0.00019416173854443125,6.387892302134218e-05,2.2358256352377946e-05,0.0,0.0,0.05449101760302641,0.05331133669114922,0.013034385169479835,0.013218510328414807,0.17166845602632932,66.25242272105433,0.006691610783611666,1.0055125007215946,-0.0005865090811774388,1633.3333333333335,0.03326486268834827,True,0.00024293800379382446,0.05449101760302641,False,True,True,False,False,0,True,False,True,False,True,False,True,False,False,0,0,False,0,15,24,24,,,,False,False,False,
91,2026-08-11T01:00:45.143351,shadow,analysis_full,silero,webrtc,False,0.0002888128801714629,True,True,False,1,False,True,False,0,0.0,,,,,,,,,,,,,0.00046851295254201535,0.6764486606971896,0.24935968170166894,0.07419165546672879,,,,,,,,,,,,,,False,False,temporal_v1,False,7.584221585898005e-05,0.15657620041753653,3.820020927290563,0.8970690253278705,63.114217736270064,1539.3356490477659,0.0003169249592663322,0.00011682824071898607,3.475975155669706e-05,0.0,0.0,0.05002663176158759,0.051297712645216445,0.011937537722536033,0.01429567291504801,0.1852049831579723,70.6388596805436,0.005458136243573069,1.58520015963426,-0.0009619883766400348,1633.3333333333335,0.011272421655553986,True,0.00024293800379382446,0.05002663176158759,False,True,True,False,False,0,True,False,True,False,True,False,True,False,False,0,0,False,0,15,24,24,,,,False,False,False,
92,2026-08-11T01:00:45.150709,shadow,analysis_full,silero,webrtc,False,0.0002641867031343281,True,True,False,1,False,True,False,0,0.0,,,,,,,,,,,,,0.000619566156002225,0.7742517718605354,0.15116017188887051,0.07458805463656164,,,,,,,,,,,,,,False,False,temporal_v1,False,8.434784343210557e-05,0.1419624217118998,3.4408000445865214,0.9039797746882204,64.24265209321163,1600.991656324099,0.0004797001940695436,9.365372663782309e-05,4.621223429485843e-05,0.0,0.0,0.0522424781330026,0.05330071858019841,0.008155738977312938,0.010636942966895194,0.1903801476300719,69.35329369361614,0.006277451358482102,1.1816865295133618,-0.0007005463703009861,1433.3333333333335,0.020197910677673687,True,0.00024721330555621535,0.0522424781330026,False,True,True,False,False,0,True,False,True,False,True,False,True,False,False,0,0,False,0,15,24,24,,,,False,False,False,
93,2026-08-11T01:00:45.158343,shadow,analysis_full,silero,webrtc,False,0.000295869103865698,True,True,False,1,False,True,False,0,0.0,,,,,,,,,,,,,0.0004218161687119594,0.6372168078036329,0.3087531168035112,0.05403007302215482,,,,,,,,,,,,,,False,False,temporal_v1,False,7.438009660098562e-05,0.10647181628392484,3.5676854832403118,0.9071770999449182,62.95587395842745,1481.5144242815488,0.0002687883525065934,0.00013023705680793317,2.279075839743274e-05,0.0,0.0,0.05855370287193146,0.06255863253293845,0.00906861089668937,0.014134706371449483,0.17867094369450084,79.99868439059846,0.008416876817305494,1.490296536468433,-0.0009066094896063112,1500.0,0.01114881098826703,True,0.00025637193175498396,0.05855370287193146,False,True,True,False,False,0,True,False,True,False,True,False,True,False,False,0,0,False,0,15,24,24,,,,False,False,False,
94,2026-08-11T01:00:45.164589,shadow,analysis_full,silero,webrtc,False,0.00036104890750721097,True,True,False,1,False,True,False,0,0.0,,,,,,,,,,,,,0.0014646505867996571,0.7310312210981208,0.21751829169555287,0.051450486523569504,,,,,,,,,,,,,,False,False,temporal_v1,False,0.00012146553196976968,0.15866388308977036,3.802293435274183,0.9053269604957915,67.76971774099525,1532.0782504400265,0.0010707053069502325,0.0003185882935715505,7.535698527787392e-05,0.0,0.0,0.05438553626988363,0.05605891585513561,0.008610558003879255,0.014768049422820374,0.18124150237545364,73.97624184375361,0.005021046450336743,1.3032469882549844,-0.0007706550626750398,1600.0,0.018351239304981462,True,0.00025637193175498396,0.05438553626988363,False,True,True,False,False,0,True,False,True,False,True,False,True,False,False,0,0,False,0,15,24,24,,,,False,False,False,
95,2026-08-11T01:00:45.170226,shadow,analysis_full,silero,webrtc,False,0.00022724478913005441,True,True,False,1,False,True,False,0,0.0,,,,,,,,,,,,,0.00022161499236043148,0.5756277237879329,0.29306316047751113,0.13130911122222594,,,,,,,,,,,,,,False,False,temporal_v1,False,5.741181285858164e-05,0.1419624217118998,3.809433007251992,0.8565328485847014,59.75508179597523,1793.597494677389,0.00012756773360971533,6.494719007034754e-05,2.910006768036865e-05,0.0,0.0,0.06882636805128522,0.06051046384502578,0.021155729276303794,0.014863655541818427,0.18708310312158163,92.6063752219613,0.004637458750858722,1.056530489070594,-0.0006228114379833469,2000.0000000000002,0.03951387735760079,True,0.00025637193175498396,0.06882636805128522,False,True,True,False,False,0,True,False,True,False,True,False,True,False,False,0,0,False,0,15,24,24,,,,False,False,False,
96,2026-08-11T01:00:45.174832,shadow,analysis_full,silero,webrtc,False,0.00022724478913005441,True,True,False,1,False,True,False,0,0.0,,,,,,,,,,,,,0.00026029165644344296,0.7719419074026906,0.17237316282641146,0.05568492592905365,,,,,,,,,,,,,,False,False,temporal_v1,False,6.071106799343287e-05,0.12734864300626306,3.501359080248351,0.9121541146691451,60.70871181828207,1561.0689060967886,0.0002009300377559572,4.4867296078481945e-05,1.4494321609003801e-05,0.0,0.0,0.06822650554049339,0.0572342509162886,0.021665914088987326,0.01472667397791098,0.16532429438032986,92.12334210243698,0.005943917393748281,1.1102304767469713,-0.000666904779838309,1433.3333333333335,0.024615743393125646,True,0.00025637193175498396,0.06822650554049339,False,True,True,False,False,0,True,False,True,False,True,False,True,False,False,0,0,False,0,15,24,24,,,,False,False,False,
97,2026-08-11T01:00:45.181844,shadow,analysis_full,silero,webrtc,False,0.00023042298562359065,True,True,False,1,False,True,False,0,0.0,,,,,,,,,,,,,0.0004823572381138869,0.6866601992278588,0.24610737528699966,0.06723242341198922,,,,,,,,,,,,,,False,False,temporal_v1,False,7.69360577120485e-05,0.13569937369519833,3.717378888267617,0.9030846190044765,63.29341423662796,1526.9928986693644,0.00033121551722228133,0.00011871167382289502,3.2430046068710546e-05,0.0,0.0,0.06816723198326846,0.057614845106245025,0.021669484836075156,0.014561493104360591,0.16642654135099003,94.55948660680698,0.004504577810340824,1.3862468649217974,-0.0008339791283434045,1400.0,0.014255486248539168,True,0.00025637193175498396,0.06816723198326846,False,True,True,False,False,0,True,False,True,False,True,False,True,False,False,0,0,False,0,15,24,24,,,,False,False,False,
98,2026-08-11T01:00:45.189483,shadow,analysis_full,silero,webrtc,False,0.0002183808828704059,True,True,False,1,False,True,False,0,0.0,,,,,,,,,,,,,0.0002676543589003315,0.7857620414191971,0.13003648532937281,0.08420146951526811,,,,,,,,,,,,,,False,False,temporal_v1,False,6.298430205227842e-05,0.1336116910229645,3.4677349301595104,0.9113394069683651,61.137381182155565,1561.8095271739871,0.00021031263544427092,3.480483211448564e-05,2.253689034157489e-05,0.0,0.0,0.06327996351631641,0.05524796105176774,0.021768455315103897,0.014111561266071975,0.14615120218693056,93.92453668225937,0.005572535646611005,1.257156083773857,-0.0007539865208342105,1233.3333333333335,0.014991368421903272,True,0.00023949007299961522,0.06327996351631641,False,True,True,False,False,0,True,False,True,False,True,False,True,False,False,0,0,False,0,15,24,24,,,,False,False,False,
99,2026-08-11T01:00:45.194536,shadow,analysis_full,silero,webrtc,False,0.00017760756600182503,True,True,False,1,False,True,False,0,0.0,,,,,,,,,,,,,0.00016300219894172454,0.6547936568335728,0.21135657648302109,0.13384976054851955,,,,,,,,,,,,,,False,False,temporal_v1,False,5.289788706221211e-05,0.17118997912317327,3.757628955553029,0.869917286505013,58.760752262720715,1743.631816473296,0.00010673280591696535,3.445158672752722e-05,2.1817805297231976e-05,0.0,0.0,0.06421167005572438,0.054768460725202105,0.028023163161048397,0.01736796403824056,0.1424150937102352,100.67856155216549,0.004680645828895001,1.020300331376766,-0.0005987391446976058,2066.666666666667,0.03526797205456026,True,0.00022883388737682253,0.06421167005572438,False,True,True,False,False,0,True,False,True,False,True,False,True,False,False,0,0,False,0,15,24,24,,,,False,False,False,
100,2026-08-11T01:00:45.200130,shadow,analysis_full,silero,webrtc,False,0.00016721895372029394,True,True,False,1,False,True,False,0,0.0,,,,,,,,,,,,,0.00029271935653335323,0.7097958951218099,0.23433687935761596,0.05586722210433286,,,,,,,,,,,,,,False,False,temporal_v1,False,6.447727918123332e-05,0.12734864300626306,3.319272358705611,0.9110331101574826,61.40569491081755,1584.1984470383798,0.00020777099769007164,6.859494053759537e-05,1.6353417305686244e-05,0.0,0.0,0.06425586610672734,0.05488736671605941,0.028997032339027624,0.0176270158061058,0.17323223561233655,94.04152310876347,0.005418430553785692,1.3944331168384578,-0.0008484855989998952,1300.0,0.012686063077544735,True,0.00022883388737682253,0.06425586610672734,False,True,True,False,False,0,True,False,True,False,True,False,True,False,False,0,0,False,0,15,24,24,,,,False,False,False,
101,2026-08-11T01:00:45.206004,shadow,analysis_full,silero,webrtc,False,0.0002061170234810561,True,True,False,1,False,True,False,0,0.0,,,,,,,,,,,,,0.00020587326180787003,0.7051502785688711,0.21144510018180124,0.08340461639197029,,,,,,,,,,,,,,False,False,temporal_v1,False,5.7036827481444274e-05,0.15866388308977036,3.5927869598000544,0.8949889122419519,59.86283675124179,1579.6556895115345,0.0001451715879137017,4.353089246771927e-05,1.7170780426449068e-05,0.0,0.0,0.06376314147472859,0.05412977653369863,0.029000113102896068,0.01783228100548027,0.1599458210665816,92.52689967548055,0.0052764766436579486,1.2036979848358937,-0.0007273348752757925,1800.0000000000002,0.01880109503178778,True,0.00022724478913005441,0.06376314147472859,False,True,True,False,False,0,True,False,True,False,True,False,True,False,False,0,0,False,0,15,24,24,,,,False,False,False,
102,2026-08-11T01:00:45.212796,shadow,analysis_full,silero,webrtc,False,0.00021438367548398674,True,True,False,1,False,True,False,0,0.0,,,,,,,,,,,,,0.00016657344420438396,0.5814084938502612,0.3375050833096885,0.08108641683669249,,,,,,,,,,,,,,False,False,temporal_v1,False,5.080272761339897e-05,0.18789144050104384,3.795945141249168,0.8612322798167328,58.157665307404656,1697.5658157138657,9.68472153103214e-05,5.621938416338235e-05,1.3506843730680217e-05,0.0,0.0,0.06836100830872593,0.05982078270381001,0.028963127499887407,0.022873229101966326,0.16060570284090403,97.39780598477769,0.006229937349443837,1.3659434769825984,-0.0008234713464884219,2100.0,0.01762966586975902,True,0.00022281283600023016,0.06836100830872593,False,True,True,False,False,0,True,False,True,False,True,False,True,False,False,0,0,False,0,15,24,24,,,,False,False,False,
103,2026-08-11T01:00:45.222481,shadow,analysis_full,silero,webrtc,False,0.00023738754680380225,True,True,False,1,False,True,False,0,0.0,,,,,,,,,,,,,0.0002509085289638867,0.5973219437584593,0.296014255766874,0.10666379648915049,,,,,,,,,,,,,,False,False,temporal_v1,False,5.928829327604871e-05,0.162839248434238,3.775989146831129,0.864151925134877,60.18869984731194,1667.7447182199157,0.00014987317022628448,7.427250146680606e-05,2.676285627079613e-05,0.0,0.0,0.07203655431701818,0.05838157650119358,0.028579616272440857,0.01939298765863279,0.16423140237335704,89.23687273378523,0.005557071555167726,1.6800663792518233,-0.0010323338832749773,2166.666666666667,0.009730417813370088,True,0.00022281283600023016,0.07203655431701818,False,True,True,False,False,0,True,False,True,False,True,False,True,False,False,0,0,False,0,15,24,24,,,,False,False,False,
104,2026-08-11T01:00:45.229515,shadow,analysis_full,silero,webrtc,False,0.0001928704441525042,True,True,False,1,False,True,False,0,0.0,,,,,,,,,,,,,0.0005080306734725006,0.7443190258794533,0.20139000566572754,0.05429096648643399,,,,,,,,,,,,,,False,False,temporal_v1,False,7.708157734759604e-05,0.1419624217118998,3.54423913516495,0.9094940577737383,63.34397299824292,1547.1534529612509,0.00037813689599593424,0.00010231230020899027,2.758147626757602e-05,0.0,0.0,0.07308152501847197,0.05906039985977916,0.028256302859569055,0.01933897435844802,0.15909357179247433,87.77248768612566,0.006417093545764345,1.2765262753878388,-0.0007658102726660413,1533.3333333333335,0.016949321339314923,True,0.00021638227917719632,0.07308152501847197,False,True,True,False,False,0,True,False,True,False,True,False,True,False,False,0,0,False,0,15,24,24,,,,False,False,False,
105,2026-08-11T01:00:45.235558,shadow,analysis_full,silero,webrtc,False,0.00018620338232722133,True,True,False,1,False,True,False,0,0.0,,,,,,,,,,,,,0.00022113188453107215,0.6769805368225595,0.2423333801295772,0.08068607852567504,,,,,,,,,,,,,,False,False,temporal_v1,False,5.719960546764785e-05,0.1524008350730689,3.725010783412756,0.8808543641123137,59.829728524420524,1701.9807340632956,0.00014970198189842948,5.358763703283808e-05,1.7842264599804594e-05,0.0,0.0,0.0642170673675543,0.05580349127113999,0.023745205874959166,0.01922029108389796,0.1513003422488076,73.4489808324726,0.00588585298044543,0.977684791430731,-0.0005863628247911749,2000.0000000000002,0.03737518978025234,True,0.00021025034948252141,0.0642170673675543,False,True,True,False,False,0,True,False,True,False,True,False,True,False,False,0,0,False,0,15,24,24,,,,False,False,False,
106,2026-08-11T01:00:45.240595,shadow,analysis_full,silero,webrtc,False,0.00021980807650834322,True,True,False,1,False,True,False,0,0.0,,,,,,,,,,,,,0.0006815795728815773,0.6999352211163897,0.2362346483702816,0.06383012904614861,,,,,,,,,,,,,,False,False,temporal_v1,False,8.580392820151155e-05,0.1544885177453027,3.8254306828413007,0.89716242879926,64.38214709360639,1532.6660917672893,0.0004770615490532813,0.00016101271073604614,4.3505312092249936e-05,0.0,0.0,0.058572691377845335,0.052601248904028196,0.0230154752753404,0.01770103775468181,0.1570712737356527,76.06642694883327,0.003800186398186194,1.835226487584254,-0.00111929839852383,1600.0,0.006532939730474534,True,0.00021025034948252141,0.058572691377845335,False,True,True,False,False,0,True,False,True,False,True,False,True,False,False,0,0,False,0,15,24,24,,,,False,False,False,
107,2026-08-11T01:00:45.249332,shadow,analysis_full,silero,webrtc,False,0.0002617669524624944,True,True,False,1,False,True,False,0,0.0,,,,,,,,,,,,,0.00027136559277447363,0.6681538549517496,0.24617152570536657,0.08567461565781824,,,,,,,,,,,,,,False,False,temporal_v1,False,6.045720358851763e-05,0.16075156576200417,3.781330900995225,0.8864439646473999,60.534774893480254,1605.764569468445,0.0001813139669135312,6.680248199723337e-05,2.3249142863709046e-05,0.0,0.0,0.058758191436935316,0.05260264653427051,0.022563932847466547,0.016884436113232357,0.16085360533334336,70.48726843156724,0.003118388851312261,1.6201049915405157,-0.0009836908452909021,1800.0000000000002,0.009841190802969451,True,0.00021025034948252141,0.058758191436935316,False,True,True,False,False,0,True,False,True,False,True,False,True,False,False,0,0,False,0,15,24,24,,,,False,False,False,
108,2026-08-11T01:00:45.256466,shadow,analysis_full,silero,webrtc,False,0.0002989398199133575,True,True,False,1,False,True,False,0,0.0,,,,,,,,,,,,,0.00042445667768748494,0.7138179797655707,0.2216075765608422,0.06457444131763414,,,,,,,,,,,,,,False,False,temporal_v1,False,7.077527184900527e-05,0.1544885177453027,3.595516582071946,0.9022656037724863,62.40128506910742,1542.368647294193,0.0003029848081648865,9.406281569739004e-05,2.7409052825208442e-05,0.0,0.0,0.04930068919541142,0.04006500017876692,0.023214434714593547,0.015314258818449522,0.1498906859490168,72.36950693359917,0.003735144410174946,1.7163911246425076,-0.0010449779154668127,1533.3333333333335,0.006334143808617222,True,0.00021025034948252141,0.04930068919541142,False,True,False,False,False,0,True,False,True,False,True,False,True,False,False,0,0,False,0,15,24,24,,,,False,False,False,
109,2026-08-11T01:00:45.261729,shadow,analysis_full,silero,webrtc,False,0.00023292677360586822,True,True,False,1,False,True,False,0,0.0,,,,,,,,,,,,,0.0004129126257684428,0.6728278149252841,0.2643840140043427,0.06278816864855341,,,,,,,,,,,,,,False,False,temporal_v1,False,7.002437800373342e-05,0.162839248434238,3.6838987418874187,0.8951235171360705,62.25073294032241,1611.25605807414,0.0002778190997508429,0.00010916749743373389,2.5926027583866007e-05,0.0,0.0,0.04885021013424634,0.03890731021453865,0.01556173431188392,0.014745898443766428,0.14725380269242333,59.56931120462766,0.004506792168114721,1.2486460040004277,-0.0007434315311467681,1500.0,0.019696828190094596,True,0.00021709587599616498,0.04885021013424634,False,True,False,False,False,0,True,False,True,False,True,False,True,False,False,0,0,False,0,15,24,24,,,,False,False,False,
110,2026-08-11T01:00:45.267808,shadow,analysis_full,silero,webrtc,False,0.0002675876603461802,True,True,False,1,False,True,False,0,0.0,,,,,,,,,,,,,0.0019587684743721575,0.7219856807862196,0.2211742193972088,0.0568400993060468,,,,,,,,,,,,,,False,False,temporal_v1,False,0.00014081920554367543,0.14822546972860126,3.872438189234198,0.9094799287894876,69.15383620669854,1509.6703030980589,0.001414202790472167,0.00043322908829912353,0.0001113365946008672,0.0,0.0,0.04979700434121732,0.03960236605816515,0.015451427821538409,0.011640586103925385,0.10531430665529079,66.24803617067218,0.0023738188218012206,1.3749597595802359,-0.0008191419873728191,1500.0,0.017955539821952717,True,0.00022636742505710572,0.04979700434121732,False,True,False,False,False,0,True,False,True,False,True,False,True,False,False,0,0,False,0,15,24,24,,,,False,False,False,
111,2026-08-11T01:00:45.273554,shadow,analysis_full,silero,webrtc,False,0.0002306958194822073,True,True,False,1,False,True,False,0,0.0,,,,,,,,,,,,,0.00023017621109034351,0.6702307453288606,0.23093583279744392,0.09883341752919793,,,,,,,,,,,,,,False,False,temporal_v1,False,5.692597490637122e-05,0.15657620041753653,3.7497703875858086,0.8721993907160431,59.7270995971595,1750.983776831142,0.00015427117351605408,5.3155934998308725e-05,2.274910157598072e-05,0.0,0.0,0.049002018272149235,0.038219358614446475,0.01700708392575457,0.011653683287643308,0.09663464044382443,79.67303398976601,0.002520615178029325,0.9723795455013025,-0.0005803140874763343,1933.3333333333335,0.045186547197441355,True,0.00023181129654403776,0.049002018272149235,False,True,False,False,False,0,True,False,True,False,True,False,True,False,False,0,0,False,0,15,24,24,,,,False,False,False,
112,2026-08-11T01:00:45.278335,shadow,analysis_full,silero,webrtc,False,0.0002306958194822073,True,True,False,1,False,True,False,0,0.0,,,,,,,,,,,,,0.0015589306991848966,0.6329421139267034,0.25971490920858226,0.10734297622324909,,,,,,,,,,,,,,False,False,temporal_v1,False,0.00012754333228767278,0.15031315240083507,4.053654728988217,0.848657079340408,67.9426755453828,1885.2870716661464,0.0009867128922073222,0.0004048775450012771,0.00016734026097629744,0.0,0.0,0.04097196021915515,0.025306728978239035,0.019505966763389844,0.006332255068101502,0.13586383594517087,112.04817859733858,0.003534795816280254,0.8527612669021204,-0.0005006061941788412,2033.3333333333335,0.07201124854885617,True,0.00023181129654403776,0.04097196021915515,False,True,False,False,False,0,True,False,True,False,True,False,True,False,False,0,0,False,0,15,24,24,,,,False,False,False,
113,2026-08-11T01:00:45.286720,shadow,analysis_full,silero,webrtc,False,0.0005413471371866763,True,True,False,1,False,True,False,0,0.0,,,,,,,,,,,,,0.00102836323998042,0.7286735168491733,0.21326265580696313,0.05806382637144462,,,,,,,,,,,,,,False,False,temporal_v1,False,0.00010319495581588938,0.15031315240083507,3.6949458683171157,0.9070005824599598,66.23839680296231,1487.6127709695563,0.000749341058674943,0.00021931147569247776,5.9710704612999345e-05,0.0,0.0,0.03261005292241661,0.019045109037779347,0.017774390127876214,0.005770469712352922,0.1371230806385436,119.63678950953343,0.0035459737999311695,1.760264630246427,-0.0010563896063703027,1466.6666666666667,0.005544160112682356,True,0.00023181129654403776,0.03261005292241661,False,True,False,False,False,0,True,False,True,False,True,False,True,False,False,0,0,False,0,15,24,24,,,,False,False,False,
114,2026-08-11T01:00:45.295087,shadow,analysis_full,silero,webrtc,False,0.0005932062049396336,True,True,False,1,False,True,False,0,0.0,,,,,,,,,,,,,0.0023643105531692913,0.46183991592585766,0.47769964176317764,0.06046044188800824,,,,,,,,,,,,,,False,False,temporal_v1,False,0.0001485952622273825,0.17849686847599164,3.7645847178876926,0.8568625088735792,69.38560805982581,1633.239513045843,0.0010919329870983235,0.0011294303042658708,0.00014294726080509655,0.0,0.0,0.07310848793036936,0.07380569952705497,0.017201996941096125,0.00842930155875675,0.1182755925751582,117.34225380603706,0.005603195237041929,1.2274621275814008,-0.0007260664928421429,1900.0000000000002,0.017541929561821275,True,0.0002473468630341813,0.07310848793036936,False,True,True,False,False,0,True,False,True,False,True,False,True,False,False,0,0,False,0,15,24,24,,,,False,False,False,
115,2026-08-11T01:00:45.302453,shadow,analysis_full,silero,webrtc,False,0.00035518285585567355,True,True,False,1,False,True,False,0,0.0,,,,,,,,,,,,,0.001919660916071818,0.5709080231432855,0.3798359761597537,0.04925600017603536,,,,,,,,,,,,,,False,False,temporal_v1,False,0.00013438840182863787,0.1941544885177453,3.7417564090750703,0.8687001606802386,68.5258841128792,1589.3090617081039,0.00109594981869999,0.000729156277951866,9.455481841996166e-05,0.0,0.0,0.0780882281009032,0.081399573118045,0.018499108029483242,0.013801224718225607,0.11767785673621403,114.89751988601056,0.006444956691712205,1.2872922546914891,-0.0007671888725053702,1900.0000000000002,0.016249277367020785,True,0.0002646773064043373,0.0780882281009032,False,True,True,False,False,0,True,False,True,False,True,False,True,False,False,0,0,False,0,15,24,24,,,,False,False,False,
116,2026-08-11T01:00:45.311470,shadow,analysis_full,silero,webrtc,False,0.0003921670140698552,True,True,False,1,False,True,False,0,0.0,,,,,,,,,,,,,0.0023133890512519644,0.3590211726600467,0.5956172894994736,0.045361537408213526,,,,,,,,,,,,,,False,False,temporal_v1,False,0.00014888800038672566,0.18997912317327767,3.872713420097911,0.8306769245825354,69.26860599589928,1632.9514550386618,0.0008305556499993931,0.0013778945162644537,0.00010493888398811759,0.0,0.0,0.11590840788442279,0.12432321773644774,0.01996335820646402,0.01603613461854587,0.12047233842182495,111.61944969456917,0.005956980429813072,1.241028860046613,-0.0007365890264746598,1933.3333333333335,0.017384989955188085,True,0.00028326374012976885,0.11590840788442279,False,True,True,False,False,0,True,False,True,False,True,False,True,False,False,0,0,False,0,15,24,24,,,,False,False,False,
117,2026-08-11T01:00:45.319441,shadow,analysis_full,silero,webrtc,False,0.0004194117209408432,True,True,False,1,False,True,False,0,0.0,,,,,,,,,,,,,0.0036166897234720867,0.3915303231133004,0.5686561456040896,0.03981353100611403,,,,,,,,,,,,,,False,False,temporal_v1,False,0.00018193990026287525,0.20041753653444677,3.836805761693375,0.8219245065502463,71.03150743079944,1642.3540559123496,0.001416043696031579,0.0020566528379955575,0.0001439931884449499,0.0,0.0,0.1328899194856524,0.1436387539516615,0.02083617321315782,0.019186530684705192,0.12162873979391209,111.5337124916635,0.006144179388461728,1.4405913685876313,-0.0008572744887473296,2033.3333333333335,0.011333667031816666,True,0.0003270613378845155,0.1328899194856524,False,True,True,False,False,0,True,False,True,False,True,False,True,False,False,0,0,False,0,15,24,24,,,,False,False,False,
118,2026-08-11T01:00:45.326219,shadow,analysis_full,silero,webrtc,False,0.000421392876887694,True,True,False,1,False,True,False,0,0.0,,,,,,,,,,,,,0.005053256079042471,0.2881044926030755,0.6815165962340853,0.030378910964946826,,,,,,,,,,,,,,False,False,temporal_v1,False,0.00021502080456371186,0.22129436325678498,3.566750207754016,0.8052889266445565,72.43219530068723,1722.8705583110018,0.001455865778645938,0.003443877882888225,0.00015351241650830754,0.0,0.0,0.15372331549600277,0.16874862480887592,0.023189178392388297,0.024114542314024087,0.12636229638226762,110.73644730431552,0.006292485544200961,1.1285261936357518,-0.0006606220420162474,1933.3333333333335,0.016946663018450936,True,0.0003736749349627644,0.15372331549600277,False,True,True,False,False,0,True,False,True,False,True,False,True,False,False,0,0,False,0,15,24,24,,,,False,False,False,
119,2026-08-11T01:00:45.333235,shadow,analysis_full,silero,webrtc,False,0.00046415775432251394,True,True,False,1,False,True,False,0,0.0,,,,,,,,,,,,,0.0034237792378351353,0.23132602009851952,0.7314736760728121,0.03720030353659353,,,,,,,,,,,,,,False,False,temporal_v1,False,0.00017748172435703814,0.22755741127348644,3.1976159797457626,0.7759132005314562,70.55934682371041,1768.4879170915876,0.0007920092247843443,0.002504404385161037,0.0001273656268897539,0.0,0.0,0.17410102237322686,0.1909035010644207,0.02422958392600848,0.02824338383473459,0.2167007993340265,115.66137053268923,0.009823456021675865,1.2136588922765743,-0.0007093038258576835,2000.0000000000002,0.012185176970252324,True,0.0004057893675053492,0.17410102237322686,False,True,True,False,False,0,True,False,True,False,True,False,True,False,False,0,0,False,0,15,24,24,,,,False,False,False,
120,2026-08-11T01:00:45.342739,shadow,analysis_full,silero,webrtc,False,0.0002776870969682932,True,True,False,1,False,True,False,0,0.0,,,,,,,,,,,,,0.002433949165920223,0.3313254367163617,0.6369704638566613,0.03170409901612222,,,,,,,,,,,,,,False,False,temporal_v1,False,0.00015141599744191453,0.18997912317327767,3.5178153869396,0.8197448210890936,69.36432951026417,1636.5558555956911,0.0008064292703439421,0.0015503537292197382,7.716616535654284e-05,0.0,0.0,0.16475523918852955,0.18477045992262775,0.025525529124416895,0.02597655320341189,0.22031114040964342,104.66059170295021,0.007452469850637379,1.2324901848761907,-0.0007331273816236576,1966.6666666666667,0.014674283833204915,True,0.0004057893675053492,0.16475523918852955,False,True,True,False,False,0,True,False,True,False,True,False,True,False,False,0,0,False,0,15,24,24,,,,False,False,False,
121,2026-08-11T01:00:45.352431,shadow,analysis_full,silero,webrtc,False,0.0002631565148476511,True,True,False,1,False,True,False,0,0.0,,,,,,,,,,,,,0.0017219627664713962,0.3698907659035371,0.6028563579497613,0.027252875565968965,,,,,,,,,,,,,,False,False,temporal_v1,False,0.0001294093422150724,0.20250521920668058,3.6994153949907274,0.8320257561264321,67.99076544451954,1620.921374998246,0.0006369381265474783,0.0010380962019200413,4.692843700387664e-05,0.0,0.0,0.15175762667323603,0.16805899278931347,0.022298327466108187,0.024396651132610116,0.21968239520735805,102.46398570098857,0.00527439592740828,1.152479502496688,-0.0006866803982251589,1966.6666666666667,0.019140538744469998,True,0.0004057893675053492,0.15175762667323603,False,True,True,False,False,0,True,False,True,False,True,False,True,False,False,0,0,False,0,15,24,24,,,,False,False,False,
122,2026-08-11T01:00:45.359541,shadow,analysis_full,silero,webrtc,False,0.00024810328613966703,True,True,False,1,False,True,False,0,0.0,,,,,,,,,,,,,0.001653751024017937,0.47930046443082,0.49331889668979056,0.027380638274703568,,,,,,,,,,,,,,False,False,temporal_v1,False,0.0001260015674198673,0.1941544885177453,3.6519410956915292,0.845505714101367,67.81364556253001,1556.4803891996635,0.0007926436338647413,0.00081582663056814,4.528075858505574e-05,0.0,0.0,0.13827611330613265,0.14573699510294935,0.01160011350805019,0.020391274185742683,0.18422005778562908,74.44970510998459,0.004792729416445644,1.4476264480637802,-0.000866439324949363,1966.6666666666667,0.008527546046231797,True,0.0004057893675053492,0.13827611330613265,False,True,True,False,False,0,True,False,True,False,True,False,True,False,False,0,0,False,0,15,24,24,,,,False,False,False,
123,2026-08-11T01:00:45.367911,shadow,analysis_full,silero,webrtc,False,0.00022200003149919212,True,True,False,1,False,True,False,0,0.0,,,,,,,,,,,,,0.0006590783942845043,0.49856248524595326,0.4503430070046856,0.051094506232090865,,,,,,,,,,,,,,False,False,temporal_v1,False,8.464512895812234e-05,0.1524008350730689,3.808409159471434,0.8495394662789719,64.00877078994925,1659.186643677703,0.0003285917622263947,0.00029681134593390345,3.367528512420604e-05,0.0,0.0,0.0986656177483434,0.10437631410459235,0.010710435563111203,0.01993955545515407,0.1897761700147116,57.773561978405674,0.006394304577221143,1.1191390132701842,-0.0006481402744485176,1933.3333333333335,0.022918403861933834,True,0.0003736749349627644,0.0986656177483434,False,True,True,False,False,0,True,False,True,False,True,False,True,False,False,0,0,False,0,15,24,24,,,,False,False,False,
124,2026-08-11T01:00:45.376840,shadow,analysis_full,silero,webrtc,False,0.00021785266289953142,True,True,False,1,False,True,False,0,0.0,,,,,,,,,,,,,0.0008075699665334883,0.5976513105799132,0.3661693534033144,0.03617933477848969,,,,,,,,,,,,,,False,False,temporal_v1,False,9.441457929640332e-05,0.14613778705636743,3.543559266059139,0.8840097525306408,65.26613057915958,1547.815118839642,0.00048264524888371585,0.0002957073724735037,2.9217344176268786e-05,0.0,0.0,0.114560263373127,0.11785803063399601,0.008268452533800413,0.024479359061321145,0.18985272991437122,64.93521298011065,0.007069593527264239,1.2233231632237314,-0.0007217577315377727,1933.3333333333335,0.014637555165725557,True,0.00031643497641198337,0.114560263373127,False,True,True,False,False,0,True,False,True,False,True,False,True,False,False,0,0,False,0,15,24,24,,,,False,False,False,
125,2026-08-11T01:00:45.384861,shadow,analysis_full,silero,webrtc,False,0.0002083523868350312,True,True,False,1,False,True,False,0,0.0,,,,,,,,,,,,,0.000696897146447144,0.6667942241473241,0.292603170073685,0.04060260434405895,,,,,,,,,,,,,,False,False,temporal_v1,False,8.953995235648169e-05,0.12734864300626306,3.5070150416982697,0.9028800025422933,64.83545111370765,1588.5933308399442,0.0004646869920757075,0.0002039143142657395,2.8295839105697095e-05,0.0,0.0,0.1303975046828219,0.1324988416427813,0.0074073179213116624,0.031148477333912065,0.19078462390150452,64.98887596777406,0.005127396268481638,0.9416906040843129,-0.00055935691853001,1933.3333333333335,0.0327152821102063,True,0.00027042180590797216,0.1303975046828219,False,True,True,False,False,0,True,False,True,False,True,False,True,False,False,0,0,False,0,15,24,24,,,,False,False,False,
126,2026-08-11T01:00:45.393466,shadow,analysis_full,silero,webrtc,False,0.0002366499393247068,True,True,False,1,False,True,False,0,0.0,,,,,,,,,,,,,0.000780214835491425,0.7573216849616228,0.2113007673913294,0.03137754636534954,,,,,,,,,,,,,,False,False,temporal_v1,False,9.581832709551296e-05,0.10438413361169102,3.204817583128655,0.9239653055501894,65.6019322253748,1466.3457274272184,0.0005908736138464213,0.00016485999346943793,2.448122717556575e-05,0.0,0.0,0.16222278492226344,0.1634748196950272,0.006945114299029456,0.03933717148497329,0.20692129077158608,82.92974781593881,0.005539348773264558,1.0036739851512886,-0.0006006228847774058,1833.3333333333335,0.017308995700421652,True,0.0002556299004936591,0.16222278492226344,False,True,True,False,False,0,True,False,True,False,True,False,True,False,False,0,0,False,0,15,24,24,,,,False,False,False,
127,2026-08-11T01:00:45.402225,shadow,analysis_full,silero,webrtc,False,0.00026481691747903824,True,True,False,1,False,True,False,0,0.0,,,,,,,,,,,,,0.0005972955751675124,0.8155346585649599,0.14358770975652563,0.04087763000430164,,,,,,,,,,,,,,False,False,temporal_v1,False,8.370466874360748e-05,0.1336116910229645,3.1160371028957283,0.9308821543321304,64.29205049432869,1439.664023291256,0.00048711524295659857,8.576430368600981e-05,2.4416027524904114e-05,0.0,0.0,0.1912850979976513,0.1935151421343669,0.007021212292273088,0.04038681349258872,0.2207264873962344,98.5271922449974,0.004964857915333885,1.4650162623855143,-0.0008897709145371418,1066.6666666666667,0.007793465274041697,True,0.0002556299004936591,0.1912850979976513,False,True,True,False,False,0,True,False,True,False,True,False,True,False,False,0,0,False,0,15,24,24,,,,False,False,False,
128,2026-08-11T01:00:45.408341,shadow,analysis_full,silero,webrtc,False,0.00026481691747903824,True,True,False,1,False,True,False,0,0.0,,,,,,,,,,,,,0.0011666543732379976,0.7903377858106662,0.16788208628258838,0.04178012704959347,,,,,,,,,,,,,,False,False,temporal_v1,False,0.00011167138708279666,0.11064718162839249,3.3490643125366173,0.9271081993454362,67.08384876095758,1433.7877969191452,0.0009220510341512495,0.0001958603701499006,4.874296793684738e-05,0.0,0.0,0.19402969696236405,0.19631708664917116,0.007038179154367881,0.03995554121160894,0.22196036267892405,100.82095963836042,0.0047134011342344784,1.2980086122041796,-0.0007820731048235836,1233.3333333333335,0.01493072974378714,True,0.0002556299004936591,0.19402969696236405,False,True,True,False,False,0,True,False,True,False,True,False,True,False,False,0,0,False,0,15,24,24,,,,False,False,False,
129,2026-08-11T01:00:45.414727,shadow,analysis_full,silero,webrtc,False,0.0002760684001259506,True,True,False,1,False,True,False,0,0.0,,,,,,,,,,,,,0.0005780916246658,0.8252358672356475,0.13169938425840258,0.04306474677612051,,,,,,,,,,,,,,False,False,temporal_v1,False,8.432571867995501e-05,0.10647181628392484,3.159482498025604,0.93350757923633,64.37895077525242,1482.7846712043295,0.0004770619432227458,7.613431101342542e-05,2.4895369429628776e-05,0.0,0.0,0.17631930663597467,0.17975477453245253,0.007307520486868233,0.035392840907868525,0.22670490424212728,79.19240491533202,0.0035332771049675885,1.0164855486446358,-0.0006131832633903674,966.6666666666667,0.022001198923892944,True,0.0002556299004936591,0.17631930663597467,False,True,True,False,False,0,True,False,True,False,True,False,True,False,False,0,0,False,0,15,24,24,,,,False,False,False,
130,2026-08-11T01:00:45.424997,shadow,analysis_full,silero,webrtc,False,0.0002431099710520357,True,True,False,1,False,True,False,0,0.0,,,,,,,,,,,,,0.0011749267202324774,0.8085058540320121,0.15411424380797598,0.037379901308894896,,,,,,,,,,,,,,False,False,temporal_v1,False,0.00011214067187727466,0.11064718162839249,3.511636216808598,0.9303505546019458,67.13913578407706,1405.9093485509045,0.0009499351313665901,0.0001810729430184136,4.391864484747357e-05,0.0,0.0,0.15710197193919118,0.15984564013342872,0.00708084117436011,0.03366610825938732,0.22654327292589552,82.17920683568552,0.0049272998375419486,1.3660064067633593,-0.000818374258063715,1133.3333333333335,0.01233371097110157,True,0.00024560662859585136,0.15710197193919118,False,True,True,False,False,0,True,False,True,False,True,False,True,False,False,0,0,False,0,15,24,24,,,,False,False,False,
131,2026-08-11T01:00:45.434569,shadow,analysis_full,silero,webrtc,False,0.00024650886189192533,True,True,False,1,False,True,False,0,0.0,,,,,,,,,,,,,0.0005863128121172789,0.82357023326164,0.1420973770840692,0.03433238794871663,,,,,,,,,,,,,,False,False,temporal_v1,False,8.241529856344074e-05,0.08977035490605428,3.1477807935306497,0.93185546516738,64.13889139933978,1437.854598411799,0.0004828697794397155,8.331351275264998e-05,2.0129518924913426e-05,0.0,0.0,0.12961125025227432,0.1299100733746879,0.006313349786449901,0.029009776164494044,0.22750499367586394,77.97442862534164,0.006205125114384109,1.468862035322388,-0.000891818986290743,1033.3333333333335,0.007945266536796397,True,0.0002448094164719805,0.12961125025227432,False,True,True,False,False,0,True,False,True,False,True,False,True,False,False,0,0,False,0,15,24,24,,,,False,False,False,
132,2026-08-11T01:00:45.441330,shadow,analysis_full,silero,webrtc,False,0.0002711763372644782,True,True,False,1,False,True,False,0,0.0,,,,,,,,,,,,,0.0005889065822675623,0.8276442854921446,0.12956134701290375,0.04279436579688941,,,,,,,,,,,,,,False,False,temporal_v1,False,8.161532526933805e-05,0.14509394572025053,3.0307862763186213,0.9229389173738537,63.99802127703491,1609.352499066618,0.00048740516750245754,7.629953006335079e-05,2.520188370175401e-05,0.0,0.0,0.10911690310159464,0.10709807126516785,0.005220111683449591,0.020117993906219246,0.234907307227191,83.12262363463684,0.010611280629124899,0.8513855455935672,-0.0005060573464351922,1133.3333333333335,0.025682823568461327,True,0.0002448094164719805,0.10911690310159464,False,True,True,False,False,0,True,False,True,False,True,False,True,False,False,0,0,False,0,15,24,24,,,,False,False,False,
133,2026-08-11T01:00:45.451541,shadow,analysis_full,silero,webrtc,False,0.0002806371485348791,True,True,False,1,False,True,False,0,0.0,,,,,,,,,,,,,0.0008569093398517407,0.7750657739312172,0.1795378974889332,0.04539632741286504,,,,,,,,,,,,,,False,False,temporal_v1,False,9.683136196387061e-05,0.0918580375782881,3.507650968439108,0.9178677247656897,65.6756791591293,1487.9201514700246,0.0006641611006810779,0.00015384770121561124,3.890053695505166e-05,0.0,0.0,0.07330760346710068,0.07441058485301122,0.004179617167260542,0.019349394899806426,0.18713114002509956,65.88479798595372,0.0056966270731647235,1.3414001161834657,-0.0007898464883582069,1266.6666666666667,0.012720438704973318,True,0.0002556628896854818,0.07330760346710068,False,True,True,False,False,0,True,False,True,False,True,False,True,False,False,0,0,False,0,15,24,24,,,,False,False,False,
134,2026-08-11T01:00:45.458085,shadow,analysis_full,silero,webrtc,False,0.0003420803986955434,True,True,False,1,False,True,False,0,0.0,,,,,,,,,,,,,0.002531514905682221,0.7797548595624887,0.20046808036863362,0.019777059673857324,,,,,,,,,,,,,,False,False,temporal_v1,False,0.00015382695713252103,0.11064718162839249,3.398143942503011,0.9375258746266675,70.09019447673674,1442.1581770243351,0.001973961049760587,0.0005074879335666974,5.006592135493658e-05,0.0,0.0,0.046113267060866055,0.04723606897128536,0.007223366569512284,0.01667567163312659,0.1733899443625292,64.21725262668303,0.004982174791724565,0.8717288402783093,-0.0005153449660768982,1166.6666666666667,0.023868065481149874,True,0.00026481691747903824,0.046113267060866055,False,True,False,False,False,0,True,False,True,False,True,False,True,False,False,0,0,False,0,15,24,24,,,,False,False,False,
135,2026-08-11T01:00:45.466560,shadow,analysis_full,silero,webrtc,False,0.0005817192140966654,True,True,False,1,False,True,False,0,0.0,,,,,,,,,,,,,0.005036840825253038,0.7433753861562101,0.23196598510595937,0.02465862853929324,,,,,,,,,,,,,,False,False,temporal_v1,False,0.0002165598618420344,0.10438413361169102,3.4209034006849928,0.9280369907687944,73.11089610047475,1397.0263356594835,0.003744263493479841,0.0011683757438517343,0.00012420158692146187,0.0,0.0,0.0285221681772518,0.033754972029218365,0.008119247554118112,0.016120168524146744,0.16446812329330426,56.960678929388386,0.005967674828861411,1.2412378669530741,-0.0007356365995495044,1133.3333333333335,0.012304049734888193,True,0.0002679966273717582,0.0285221681772518,False,True,False,False,False,0,True,False,True,False,True,False,True,False,False,0,0,False,0,15,24,24,,,,False,False,False,
136,2026-08-11T01:00:45.472672,shadow,analysis_full,silero,webrtc,False,0.0008594756945967674,True,True,False,1,False,True,False,0,0.0,,,,,,,,,,,,,0.0047630284143492345,0.8052736555607144,0.16852927779512655,0.0261970664342085,,,,,,,,,,,,,,False,False,temporal_v1,False,0.00020851408007820297,0.11482254697286012,3.093283245763097,0.9365629700282806,72.814254577903,1415.9521109088566,0.003835541302762561,0.0008027097387879432,0.00012477737179872968,0.0,0.0,0.025741277689146812,0.03072597390358587,0.00856013523861899,0.016011655070445874,0.17305989496763846,58.41184814467619,0.009540102613387379,1.3172841744730062,-0.000786255806575933,1166.6666666666667,0.01029365090537803,True,0.0002736223686952144,0.025741277689146812,False,True,False,False,False,0,True,False,True,False,True,False,True,False,False,0,0,False,0,15,24,24,,,,False,False,False,
137,2026-08-11T01:00:45.481523,shadow,analysis_full,silero,webrtc,False,0.0007537940982729197,True,True,False,1,False,True,False,0,0.0,,,,,,,,,,,,,0.002232805141774141,0.7649782281802034,0.20292237035297025,0.03209940101895907,,,,,,,,,,,,,,False,False,temporal_v1,False,0.0001449304054479777,0.09812108559498957,3.551001685660058,0.9262062258908341,69.49564448339996,1411.4292444270923,0.0017080473212260304,0.0004530861119051085,7.167170764300192e-05,0.0,0.0,0.02701497079940376,0.03174117167585529,0.00842560156318574,0.014658818157909436,0.18243097096569175,59.76332141251029,0.006031302016935598,1.2334430314151907,-0.0007377504250724856,1200.0,0.014675549252743662,True,0.00027835277433041483,0.02701497079940376,False,True,False,False,False,0,True,False,True,False,True,False,True,False,False,0,0,False,0,15,24,24,,,,False,False,False,
138,2026-08-11T01:00:45.489274,shadow,analysis_full,silero,webrtc,False,0.0004947222769260406,True,True,False,1,False,True,False,0,0.0,,,,,,,,,,,,,0.002013552264753918,0.7868733125617838,0.1807913049734165,0.03233538196816507,,,,,,,,,,,,,,False,False,temporal_v1,False,0.00013876203081802745,0.07933194154488518,3.193476607867529,0.9316721142643309,69.12369084155264,1444.6596561610377,0.0015844105405831974,0.00036403274157703906,6.510898159368179e-05,0.0,0.0,0.02708663293812844,0.03185538910933564,0.008107756986780424,0.01697357911513471,0.18563713226637735,59.51289320697419,0.00697362922567448,1.3062046225739568,-0.0007778520632771182,1200.0,0.012384257965385474,True,0.00031135877361521125,0.02708663293812844,False,True,False,False,False,0,True,False,True,False,True,False,True,False,False,0,0,False,0,15,24,24,,,,False,False,False,
139,2026-08-11T01:00:45.498483,shadow,analysis_full,silero,webrtc,False,0.00035433380980975926,True,True,False,1,False,True,False,0,0.0,,,,,,,,,,,,,0.0007058250903820146,0.7898886581236536,0.1561757887044332,0.053935551755131504,,,,,,,,,,,,,,False,False,temporal_v1,False,8.523041170679643e-05,0.12317327766179541,3.2952872895676917,0.9168291939990313,64.40890591979577,1646.1259768586483,0.000557523233511856,0.00011023279017778898,3.806906569236952e-05,0.0,0.0,0.02501019693840186,0.0295055165987223,0.00982378760593447,0.017825252782762032,0.17962738846844822,83.06350144100291,0.006223911870576085,0.8843610710389468,-0.0005208297466247021,1300.0,0.032973840226000514,True,0.00034820710425265133,0.02501019693840186,False,True,False,False,False,0,True,False,True,False,True,False,True,False,False,0,0,False,0,15,24,24,,,,False,False,False,
140,2026-08-11T01:00:45.506105,shadow,analysis_full,silero,webrtc,False,0.0003229825815651566,True,True,False,1,False,True,False,0,0.0,,,,,,,,,,,,,0.0009874391251652975,0.7336636858473825,0.21447837928043156,0.051857933859465244,,,,,,,,,,,,,,False,False,temporal_v1,False,0.0001009523780025831,0.12317327766179541,3.696494807110901,0.9093180571439495,66.03834230393466,1517.409872957373,0.0007244482281186871,0.0002117843432035402,5.120655284307022e-05,0.0,0.0,0.029325886562788887,0.03083831244989929,0.011071586498032377,0.018480708973994127,0.20642602450382985,81.19621053005555,0.005443479607450327,1.869295494552669,-0.0011510204941847832,1333.3333333333335,0.004971276774873387,True,0.00034820710425265133,0.029325886562788887,False,True,False,False,False,0,True,False,True,False,True,False,True,False,False,0,0,False,0,15,24,24,,,,False,False,False,
141,2026-08-11T01:00:45.513569,shadow,analysis_full,silero,webrtc,False,0.00030632453854195774,True,True,False,1,False,True,False,0,0.0,,,,,,,,,,,,,0.0012170733540380527,0.7339517594439539,0.20280522406762988,0.06324301566677297,,,,,,,,,,,,,,False,False,temporal_v1,False,0.00011063711951239216,0.1649269311064718,3.8310483318882476,0.8967335966210763,66.85198338367611,1555.837660751804,0.000893273129568583,0.0002468288342724291,7.697138919704049e-05,0.0,0.0,0.02925456188710396,0.028540642011067645,0.013645700760526106,0.023985874929218973,0.24341741933895358,82.63051715576503,0.0032095694957723735,1.4567226902424981,-0.0008723484256561475,1600.0,0.0138698789678032,True,0.00034820710425265133,0.02925456188710396,False,True,False,False,False,0,True,False,True,False,True,False,True,False,False,0,0,False,0,15,24,24,,,,False,False,False,
142,2026-08-11T01:00:45.521719,shadow,analysis_full,silero,webrtc,False,0.0003312454791739583,True,True,False,1,False,True,False,0,0.0,,,,,,,,,,,,,0.0008201717470796153,0.7871226222412263,0.16527328938589042,0.0476040871536265,,,,,,,,,,,,,,False,False,temporal_v1,False,9.255396856010863e-05,0.10647181628392484,3.4647489167358003,0.9194705693354386,65.24129461813371,1498.23927486376,0.0006455757362494746,0.00013555248250122058,3.904352732892011e-05,0.0,0.0,0.023858736503265754,0.022827052598100722,0.013846168603730686,0.021940541741647203,0.20976004899292877,73.13388952807904,0.0033809814032264777,1.3098748016039508,-0.0007875483031510528,1300.0,0.016722679358199745,True,0.00034820710425265133,0.023858736503265754,False,True,False,False,False,0,True,False,True,False,True,False,True,False,False,0,0,False,0,15,24,24,,,,False,False,False,
143,2026-08-11T01:00:45.530568,shadow,analysis_full,silero,webrtc,False,0.000306144414935261,True,True,False,1,False,True,False,0,0.0,,,,,,,,,,,,,0.0006683190077565243,0.7371998035729672,0.21018276746565334,0.05261742746508797,,,,,,,,,,,,,,False,False,temporal_v1,False,8.67301356286304e-05,0.11482254697286012,3.405503511119974,0.9150262902988915,64.57543677680299,1533.931186913549,0.0004926846412421901,0.00014046913860016571,3.516522691416848e-05,0.0,0.0,0.025688142159439726,0.02323070223352345,0.014304580923413454,0.02092270533005018,0.20895594266752807,74.81015020037174,0.007884227414235015,1.1471873226674159,-0.0006864748070415085,1300.0,0.022269484450338165,True,0.00034820710425265133,0.025688142159439726,False,True,False,False,False,0,True,False,True,False,True,False,True,False,False,0,0,False,0,15,24,24,,,,False,False,False,
144,2026-08-11T01:00:45.537288,shadow,analysis_full,silero,webrtc,False,0.000306144414935261,True,True,False,1,False,True,False,0,0.0,,,,,,,,,,,,,0.0005814857501186815,0.8196860692417917,0.12897127862057833,0.051342650417897415,,,,,,,,,,,,,,False,False,temporal_v1,False,7.976088218287486e-05,0.0918580375782881,3.275397402068472,0.9218669807364398,63.757116028277025,1519.0999426352334,0.0004766357688348968,7.499496069245246e-05,2.9855019591332315e-05,0.0,0.0,0.03019226236692208,0.02996790102931187,0.012802157531400715,0.021956427736481963,0.21429679208963767,73.8271392989082,0.008039635724377332,1.242933753028922,-0.0007336097031044431,1100.0,0.013144182473398118,True,0.0003427896444918588,0.03019226236692208,False,True,False,False,False,0,True,False,True,False,True,False,True,False,False,0,0,False,0,15,24,24,,,,False,False,False,
145,2026-08-11T01:00:45.545356,shadow,analysis_full,silero,webrtc,False,0.0002722168865147978,True,True,False,1,False,True,False,0,0.0,,,,,,,,,,,,,0.00038728234484312354,0.8438464889877018,0.10797418495326509,0.04817932347693758,,,,,,,,,,,,,,False,False,temporal_v1,False,6.918326108163582e-05,0.11064718162839249,2.8153701408297933,0.928599496550545,62.27762761659248,1519.0177323013343,0.0003268068469427942,4.181649553122561e-05,1.865900136910374e-05,0.0,0.0,0.03579142828911385,0.033868096154472185,0.011163945488446283,0.021816034200606477,0.2813233038144535,66.51715188284386,0.006353212803073217,1.4206080212915437,-0.0008646188287491567,933.3333333333334,0.00784192275772827,True,0.00032711403036955744,0.03579142828911385,False,True,False,False,False,0,True,False,True,False,True,False,True,False,False,0,0,False,0,15,24,24,,,,False,False,False,
146,2026-08-11T01:00:45.556757,shadow,analysis_full,silero,webrtc,False,0.000286727212369442,True,True,False,1,False,True,False,0,0.0,,,,,,,,,,,,,0.0003763555765854064,0.7743641491842027,0.18550180672393357,0.040134041434802,,,,,,,,,,,,,,False,False,temporal_v1,False,6.656494352995079e-05,0.14613778705636743,3.204743396000059,0.8979911619215739,61.70421267002282,1567.8862280297135,0.0002914362658532883,6.981463942722064e-05,1.51046703048975e-05,0.0,0.0,0.03481822278243507,0.03398598518967352,0.009331696469445618,0.024026497634814795,0.2725198503396996,61.324107698228254,0.00580261015902868,1.2210793228455779,-0.0007340813778579196,1833.3333333333335,0.014084703720741295,True,0.00031465356005355716,0.03481822278243507,False,True,False,False,False,0,True,False,True,False,True,False,True,False,False,0,0,False,0,15,24,24,,,,False,False,False,
147,2026-08-11T01:00:45.566527,shadow,analysis_full,silero,webrtc,False,0.00030168614466674626,True,True,False,1,False,True,False,0,0.0,,,,,,,,,,,,,0.0005047857565911421,0.8008613249172264,0.17339184081509798,0.025746832286637062,,,,,,,,,,,,,,False,False,temporal_v1,False,7.6586263608576e-05,0.12317327766179541,2.856933331692415,0.9136682861336005,63.29643298303019,1455.9472600421898,0.00040426338982292657,8.75257315525801e-05,1.2996634215635334e-05,0.0,0.0,0.035224799453508676,0.03273557057574544,0.010491396853537392,0.023341935474218232,0.3048875619411399,54.407724238707175,0.008157207675248796,1.480651399772739,-0.0009006408387087762,1433.3333333333335,0.00541802706874866,True,0.0003062344767386094,0.035224799453508676,False,True,False,False,False,0,True,False,True,False,True,False,True,False,False,0,0,False,0,15,24,24,,,,False,False,False,
148,2026-08-11T01:00:45.575853,shadow,analysis_full,silero,webrtc,False,0.00028433327679522336,True,True,False,1,False,True,False,0,0.0,,,,,,,,,,,,,0.00026001162428678626,0.6853921205154936,0.2517072169161527,0.06290065872237185,,,,,,,,,,,,,,False,False,temporal_v1,False,5.9327752689056424e-05,0.17118997912317327,3.4891468716028817,0.8667606545923802,60.210191113732215,1635.371120054955,0.00017820991852859826,6.544680231507531e-05,1.6354902443112717e-05,0.0,0.0,0.04520265142408405,0.0405099549780693,0.010312189430364377,0.024228814395699152,0.30707409868439917,56.01882645220008,0.006764475443472031,1.2424976549405466,-0.0007469765829156472,2400.0,0.017544225400102125,True,0.000306144414935261,0.04520265142408405,False,True,False,False,False,0,True,False,True,False,True,False,True,False,False,0,0,False,0,15,24,24,,,,False,False,False,
149,2026-08-11T01:00:45.583512,shadow,analysis_full,silero,webrtc,False,0.00030844478169456124,True,True,False,1,False,True,False,0,0.0,,,,,,,,,,,,,0.00031814511051449955,0.6680849403338016,0.2524528209595182,0.07946223556346033,,,,,,,,,,,,,,False,False,temporal_v1,False,6.38255586087294e-05,0.15031315240083507,3.6206356987092945,0.8803982704810661,61.13993563186057,1627.1329910529998,0.00021254795717557016,8.031663062386309e-05,2.5280521715066282e-05,0.0,0.0,0.0539313447589673,0.04498175849571881,0.01365003793690249,0.02509043705649038,0.31833437972300005,52.78264317419653,0.0034283750504776216,1.2752048823714612,-0.0007716177539816486,2000.0000000000002,0.01888899544872055,True,0.000306144414935261,0.0539313447589673,False,True,True,False,False,0,True,False,True,False,True,False,True,False,False,0,0,False,0,15,24,24,,,,False,False,False,
150,2026-08-11T01:00:45.591710,shadow,analysis_full,silero,webrtc,False,0.0003747393493540585,True,True,False,1,False,True,False,0,0.0,,,,,,,,,,,,,0.0006807866876830196,0.5387556403519754,0.39700650240762214,0.06423785577151354,,,,,,,,,,,,,,False,False,temporal_v1,False,8.859332775359778e-05,0.1524008350730689,3.786788327067033,0.8674371280594313,64.55550411171826,1565.2884560916818,0.00036677766786576556,0.00027027674176270585,4.3732277054548256e-05,0.0,0.0,0.08539642074977781,0.07708405132930513,0.01410676324068647,0.025786050366003354,0.3286925729576499,52.41562032401622,0.0056790323776274645,1.5461399956406474,-0.0009333613859398405,2166.666666666667,0.01077967987052172,True,0.000306144414935261,0.08539642074977781,False,True,True,False,False,0,True,False,True,False,True,False,True,False,False,0,0,False,0,15,24,24,,,,False,False,False,
151,2026-08-11T01:00:45.600574,shadow,analysis_full,silero,webrtc,False,0.0002996917755808681,True,True,False,1,False,True,False,0,0.0,,,,,,,,,,,,,0.0004653515866083147,0.5325888440772316,0.4272110101468265,0.04020014362702896,,,,,,,,,,,,,,False,False,temporal_v1,False,7.242323927037235e-05,0.1732776617954071,3.5529917715101336,0.8632035263534468,62.457584104993174,1656.8351543032406,0.00024784106360122807,0.00019880332138836652,1.8707200618720054e-05,0.0,0.0,0.10555626998800795,0.1013028236715444,0.014216284760423484,0.026910869385088965,0.2993952385994518,61.87325472531071,0.005904907992561057,1.0220020680169921,-0.0006083589252954341,2133.3333333333335,0.026000708666148644,True,0.00030391527980100363,0.10555626998800795,False,True,True,False,False,0,True,False,True,False,True,False,True,False,False,0,0,False,0,15,24,24,,,,False,False,False,
152,2026-08-11T01:00:45.612254,shadow,analysis_full,silero,webrtc,False,0.00023465386766474694,True,True,False,1,False,True,False,0,0.0,,,,,,,,,,,,,0.0005845491193316445,0.5809526713705795,0.3515438475091302,0.06750347940957002,,,,,,,,,,,,,,False,False,temporal_v1,False,8.045538289749655e-05,0.12943632567849686,3.7053945841191984,0.8800210720787941,63.644801127897985,1624.6484737933488,0.0003395953724230385,0.00020549464646792,3.9459099440685954e-05,0.0,0.0,0.11022727474817397,0.10476091883034837,0.014941918643429784,0.02539861388543301,0.3170263686791092,61.3085324914576,0.0035190994326822237,1.2804513783082105,-0.0007562453524636825,1933.3333333333335,0.017665474677529554,True,0.0003006889601238072,0.11022727474817397,False,True,True,False,False,0,True,False,True,False,True,False,True,False,False,0,0,False,0,15,24,24,,,,False,False,False,
153,2026-08-11T01:00:45.621471,shadow,analysis_full,silero,webrtc,False,0.0002213876723544672,True,True,False,1,False,True,False,0,0.0,,,,,,,,,,,,,0.0004354837712699917,0.6342367519228643,0.31312223187666094,0.05264101390417786,,,,,,,,,,,,,,False,False,temporal_v1,False,7.289632346352753e-05,0.1440501043841336,3.411081152020798,0.9018806099380269,62.717447490533964,1606.7447630909505,0.0002761998126053991,0.0001363596504061251,2.292430725846744e-05,0.0,0.0,0.11090769886354405,0.10553542072507663,0.014941823232372751,0.024418748845383597,0.31709097104623424,60.85332841109759,0.003905662017541261,1.0029418619940216,-0.0006007818653193771,1433.3333333333335,0.02586539860724681,True,0.00029320949397515506,0.11090769886354405,False,True,True,False,False,0,True,False,True,False,True,False,True,False,False,0,0,False,0,15,24,24,,,,False,False,False,
154,2026-08-11T01:00:45.628351,shadow,analysis_full,silero,webrtc,False,0.00024014549853745848,True,True,False,1,False,True,False,0,0.0,,,,,,,,,,,,,0.0004011347965584509,0.5624920225650757,0.3751018499821954,0.06240612495980128,,,,,,,,,,,,,,False,False,temporal_v1,False,6.942351409880843e-05,0.1440501043841336,3.507122476785709,0.886845215635162,62.11610227334272,1610.8328324478587,0.0002256351230373932,0.00015046640428130654,2.5033268239751153e-05,0.0,0.0,0.10711582952443277,0.1009685069557543,0.015168629537726696,0.01862138047680815,0.31766232549545625,58.16851918490026,0.0037584501037369058,1.1977723636642397,-0.000719885303277267,1633.3333333333335,0.018441171601659107,True,0.00028553024458233267,0.10711582952443277,False,True,True,False,False,0,True,False,True,False,True,False,True,False,False,0,0,False,0,15,24,24,,,,False,False,False,
155,2026-08-11T01:00:45.642167,shadow,analysis_full,silero,webrtc,False,0.0002513434737920761,True,True,False,1,False,True,False,0,0.0,,,,,,,,,,,,,0.000999092661217849,0.7104570791451119,0.22940082428818093,0.06014209556579901,,,,,,,,,,,,,,False,False,temporal_v1,False,0.00010426132943422797,0.12108559498956159,3.6193562141189157,0.9124406469410694,66.36237850045984,1469.5321346336316,0.0007098124538841498,0.00022919268002364685,6.0087526310052326e-05,0.0,0.0,0.09070870701665328,0.08519920003513265,0.015107100290466599,0.016910229645093946,0.2566682102022065,65.39501122940003,0.004927974143053927,1.4234017359345215,-0.0008556761960086833,1300.0,0.012189080314318814,True,0.00028553024458233267,0.09070870701665328,False,True,True,False,False,0,True,False,True,False,True,False,True,False,False,0,0,False,0,15,24,24,,,,False,False,False,
156,2026-08-11T01:00:45.652461,shadow,analysis_full,silero,webrtc,False,0.00024513283278793097,True,True,False,1,False,True,False,0,0.0,,,,,,,,,,,,,0.00028389750388193815,0.5363190359978754,0.3856739025437967,0.07800705793592978,,,,,,,,,,,,,,False,False,temporal_v1,False,6.305998757097982e-05,0.16910229645093947,3.6153700728033638,0.8773421615178641,60.9863868597553,1722.0078458391222,0.00015225963560416416,0.00010949185824458976,2.21460090331842e-05,0.0,0.0,0.08573715238121282,0.08034689329451963,0.015512661542756396,0.018338364305634864,0.24253762196312223,77.32138300148826,0.00657098770481136,0.979862308919595,-0.0005815334295276247,2033.3333333333335,0.036048852541762905,True,0.00026783837529364973,0.08573715238121282,False,True,True,False,False,0,True,False,True,False,True,False,True,False,False,0,0,False,0,15,24,24,,,,False,False,False,
157,2026-08-11T01:00:45.660105,shadow,analysis_full,silero,webrtc,False,0.00023814424639567733,True,True,False,1,False,True,False,0,0.0,,,,,,,,,,,,,0.0003949255484382468,0.638758675904561,0.3172626393445767,0.04397868221873932,,,,,,,,,,,,,,False,False,temporal_v1,False,6.81472521286692e-05,0.1315240083507307,3.480838143831616,0.9108978105736716,62.02792615131048,1613.3641879113304,0.0002522621204012971,0.00012529512184212267,1.7368305194827e-05,0.0,0.0,0.0633620663469243,0.0649987266288769,0.01217050489012678,0.01736168925786371,0.1075105740782541,61.27250166858278,0.0070648205895591926,0.9527390188628655,-0.0005576588217222906,1300.0,0.030933009570727643,True,0.00024823815329000354,0.0633620663469243,False,True,True,False,False,0,True,False,True,False,True,False,True,False,False,0,0,False,0,15,24,24,,,,False,False,False,
158,2026-08-11T01:00:45.669936,shadow,analysis_full,silero,webrtc,False,0.0003081714385189116,True,True,False,1,False,True,False,0,0.0,,,,,,,,,,,,,0.00048763384923152545,0.7063681062733241,0.22039468295529493,0.07323720872066192,,,,,,,,,,,,,,False,False,temporal_v1,False,7.409365583972511e-05,0.1544885177453027,3.668809750775008,0.8872886862290054,62.8196969164465,1635.406806862446,0.0003444489986364443,0.00010747190759965215,3.5712941995429014e-05,0.0,0.0,0.06614872580228495,0.06930864781764363,0.012702779104057855,0.01584989803432343,0.10601668256714007,61.273795307600516,0.004440367483180726,1.1081606801522716,-0.0006645073250793577,1600.0,0.030215394302391677,True,0.00024823815329000354,0.06614872580228495,False,True,True,False,False,0,True,False,True,False,True,False,True,False,False,0,0,False,0,15,24,24,,,,False,False,False,
159,2026-08-11T01:00:45.683852,shadow,analysis_full,silero,webrtc,False,0.0002303608343936503,True,True,False,1,False,True,False,0,0.0,,,,,,,,,,,,,0.0002889727765375934,0.645442972612536,0.2969040106220519,0.05765301330487836,,,,,,,,,,,,,,False,False,temporal_v1,False,6.165545310704387e-05,0.14613778705636743,3.5327422716456853,0.8846374720477024,60.75885065635188,1758.7433981376566,0.0001865154478925224,8.579717631460147e-05,1.6660151330469514e-05,0.0,0.0,0.0645201017397068,0.06572302381525903,0.011348696126745893,0.015811353844477235,0.10731491988664475,75.37030858139038,0.0044426187011467584,0.8677692508567735,-0.0005184208479042526,1766.6666666666667,0.04787170732716936,True,0.00024263916566269472,0.0645201017397068,False,True,True,False,False,0,True,False,True,False,True,False,True,False,False,0,0,False,0,15,24,24,,,,False,False,False,
160,2026-08-11T01:00:45.690878,shadow,analysis_full,silero,webrtc,False,0.0002303608343936503,True,True,False,1,False,True,False,0,0.0,,,,,,,,,,,,,0.0004371183931859257,0.6634899257164169,0.24540742459792142,0.091102647397952,,,,,,,,,,,,,,False,False,temporal_v1,False,7.164202519648118e-05,0.16910229645093947,3.6981253062861175,0.88517463226584,62.45000703151003,1596.6364461672372,0.00029002365022420937,0.00010727209911613964,3.982264284557674e-05,0.0,0.0,0.06180450243632595,0.0663143758333687,0.014714403561602153,0.017164763917406654,0.0932729139407832,73.39179054478133,0.004249677870365393,1.625609674271441,-0.0009846204148954017,1633.3333333333335,0.009383999010981666,True,0.0002391448724665679,0.06180450243632595,False,True,True,False,False,0,True,False,True,False,True,False,True,False,False,0,0,False,0,15,24,24,,,,False,False,False,
161,2026-08-11T01:00:45.701053,shadow,analysis_full,silero,webrtc,False,0.0002234975399915129,True,True,False,1,False,True,False,0,0.0,,,,,,,,,,,,,0.0009243378941491766,0.7007273986347892,0.23330116796327305,0.06597143232008232,,,,,,,,,,,,,,False,False,temporal_v1,False,9.965621009063511e-05,0.1732776617954071,3.6558546762622908,0.9097291080624564,65.91566347740174,1527.7424663037295,0.0006477088880267116,0.00021564911029771516,6.097989482474981e-05,0.0,0.0,0.05820106385308012,0.058962278918856616,0.012664288429468661,0.017164763917406654,0.09546350959777807,78.61172947153504,0.003906550796187799,1.2833495313781604,-0.0007663656387168141,1433.3333333333335,0.018241700394287783,True,0.00023639905703021213,0.05820106385308012,False,True,True,False,False,0,True,False,True,False,True,False,True,False,False,0,0,False,0,15,24,24,,,,False,False,False,
162,2026-08-11T01:00:45.711343,shadow,analysis_full,silero,webrtc,False,0.00028185424162074924,True,True,False,1,False,True,False,0,0.0,,,,,,,,,,,,,0.00019919518216526995,0.5614171537596051,0.342440861199926,0.0961419800202672,,,,,,,,,,,,,,False,False,temporal_v1,False,5.330686041611278e-05,0.17536534446764093,3.61316478811533,0.8694659957504973,58.861614467039125,1706.1151110845908,0.00011183159221385191,6.821256972755118e-05,1.915101922386687e-05,0.0,0.0,0.060368085986587154,0.05817527073761483,0.015717010659131204,0.01766036407729153,0.08798012172642902,83.11924339493733,0.0033505952481580853,1.29186279088807,-0.0007792485241297408,1800.0000000000002,0.020334794282301356,True,0.0002391448724665679,0.060368085986587154,False,True,True,False,False,0,True,False,True,False,True,False,True,False,False,0,0,False,0,15,24,24,,,,False,False,False,
163,2026-08-11T01:00:45.720695,shadow,analysis_full,silero,webrtc,False,0.0002212532563135028,True,True,False,1,False,True,False,0,0.0,,,,,,,,,,,,,0.0009634374641992778,0.7064720980192819,0.22601151833059008,0.067516382612178,,,,,,,,,,,,,,False,False,temporal_v1,False,0.00010008312765174117,0.12526096033402923,3.661930163511234,0.9039606208477691,65.92935691141237,1558.5844399815774,0.0006806416866432406,0.00021774796410025228,6.504781245578498e-05,0.0,0.0,0.06394425182660507,0.0613781356703772,0.014861494477140033,0.019406467494128794,0.07011976101918153,85.38514792693941,0.004674571128842031,1.2164684739328782,-0.0007208325244324804,1366.6666666666667,0.02249926467366195,True,0.0002391448724665679,0.06394425182660507,False,True,True,False,False,0,True,False,True,False,True,False,True,False,False,0,0,False,0,15,24,24,,,,False,False,False,
164,2026-08-11T01:00:45.730787,shadow,analysis_full,silero,webrtc,False,0.00022185826674103737,True,True,False,1,False,True,False,0,0.0,,,,,,,,,,,,,0.0010574087629580259,0.6397651949467509,0.21226546709751812,0.14796933701002293,,,,,,,,,,,,,,False,False,temporal_v1,False,0.00010632703216025067,0.15866388308977036,3.534801466339872,0.8833656379606041,66.40953901486232,1543.9479534578618,0.0006764933233722441,0.00022445136498229417,0.00015646407360348757,0.0,0.0,0.05812954290274002,0.05736405012911463,0.02750246303882862,0.01938287162995434,0.06664883787652161,88.39961355560641,0.005389748367541203,1.3459874172683126,-0.0008039001555091291,2166.666666666667,0.014376985130478106,True,0.0002342525403946638,0.05812954290274002,False,True,True,False,False,0,True,False,True,False,True,False,True,False,False,0,0,False,0,15,24,24,,,,False,False,False,
165,2026-08-11T01:00:45.739325,shadow,analysis_full,silero,webrtc,False,0.0002250527759315446,True,True,False,1,False,True,False,0,0.0,,,,,,,,,,,,,0.0004232188931456882,0.2509930214155053,0.38906133213120453,0.35994564409044666,,,,,,,,,,,,,,False,False,temporal_v1,False,6.998498837053563e-05,0.2359081419624217,3.5615453102545827,0.7548612971686699,61.505158175756165,2004.196536678961,0.00010622498871076215,0.00016465810635035537,0.00015233579708457065,0.0,0.0,0.1300300969140997,0.06526493530169702,0.08811751061993113,0.02903680671031901,0.06791687566166014,134.82859915255895,0.005507034316516341,0.7125031175419847,-0.00042390253537972925,2566.666666666667,0.06587296485532138,True,0.0002303608343936503,0.1300300969140997,False,True,True,False,False,0,True,False,True,False,True,False,True,False,False,0,0,False,0,15,24,24,,,,False,False,False,
166,2026-08-11T01:00:45.749556,shadow,analysis_full,silero,webrtc,False,0.00025035045109689236,True,True,True,1,False,True,False,0,0.0,,,,,,,,,,,,,0.05771853558635928,0.5911253490800233,0.3813737988910359,0.027500852011615312,,,,,,,,,,,,,,False,False,temporal_v1,False,0.0007104085895917186,0.21085594989561587,3.510104402067852,0.8706427763634684,83.23703389651244,1520.6224796087672,0.03411888949687438,0.022012337182997284,0.0015873089054876186,0.0,0.0,0.12816240478385219,0.06462356021101813,0.09109763632154509,0.03230516081324954,0.07304243009506957,140.0004736313939,0.01133486308437833,1.190182354144122,-0.0007043344356099144,2133.3333333333335,0.01131782840110722,True,0.0002303608343936503,0.12816240478385219,False,True,True,False,False,0,True,True,True,True,True,True,True,False,False,1,0,False,0,15,24,24,,,,False,False,False,
167,2026-08-11T01:00:45.758036,shadow,analysis_full,silero,webrtc,False,0.0019670415204018354,True,True,True,1,False,True,False,0,0.0,,,,,,,,,,,,,0.048018198087823004,0.1436951784337364,0.5861629619993648,0.27014185954607345,,,,,,,,,,,,,,False,False,temporal_v1,False,0.000647032357881334,0.26931106471816285,3.6741588109477763,0.6331221373973437,81.04256086666607,2104.0103693401525,0.006899983542296226,0.028146489221030566,0.012971725323496216,0.0,0.0,0.18889463893172048,0.11109180622917288,0.10113342211991327,0.041779219730132724,0.06639906258476576,194.96420316982204,0.012463150222361897,1.4889859639574177,-0.000877583387052878,3000.0,0.006623143789829283,True,0.0002303608343936503,0.18889463893172048,False,True,True,False,False,0,True,True,True,True,True,True,True,False,False,2,0,False,0,15,24,24,,,,False,False,False,
168,2026-08-11T01:00:45.767048,shadow,analysis_full,silero,webrtc,False,0.00440417742356658,True,True,True,1,False,True,False,0,0.0,,,,,,,,,,,,,0.08200104149871432,0.1920090499154527,0.36201540514883374,0.4459755449235185,,,,,,,,,,,,,,False,False,temporal_v1,False,0.0008451898855594485,0.29227557411273486,3.725667991607807,0.6126490343521729,83.22489535701979,2220.4994851394763,0.015744942070245745,0.02968564026078339,0.03657045916668517,0.0,0.0,0.21102747471606093,0.10730372262268728,0.13718488946687502,0.05196652729767052,0.07318318390446209,248.5503182366593,0.009012764603549155,1.1232484427773217,-0.0006466372084106096,2900.0,0.014410874227763822,True,0.0002303608343936503,0.21102747471606093,False,True,True,False,False,0,True,True,True,True,True,True,True,False,False,3,0,False,0,15,24,24,,,,False,False,False,
169,2026-08-11T01:00:45.775613,shadow,analysis_full,silero,webrtc,False,0.007170096505433321,True,True,True,1,False,True,False,0,0.0,,,,,,,,,,,,,0.1467799433338329,0.20503819890605124,0.4670670250939404,0.32789477599319544,,,,,,,,,,,,,,False,False,temporal_v1,False,0.0011312719822355495,0.29436325678496866,3.841071489086042,0.6450131077630756,85.98303766982067,2149.7092379754345,0.030095495216701358,0.06855607147639048,0.04812837663974106,0.0,0.0,0.22364232787292293,0.1143634956011256,0.1403533298468514,0.056666645729160046,0.0934222793358022,275.4931159984808,0.006664916369947042,1.0074318014305141,-0.0005808340306544454,2833.3333333333335,0.028564220196252422,True,0.00024035564274527133,0.22364232787292293,False,True,True,False,False,0,True,True,True,True,True,True,True,False,False,4,0,False,0,15,24,24,,,,False,False,False,
170,2026-08-11T01:00:45.785761,shadow,analysis_full,silero,webrtc,False,0.04200230911374092,True,True,True,1,False,True,False,0,0.0,,,,,,,,,,,,,0.14501123648952835,0.11208937475162872,0.43441383241153675,0.4534967928299385,,,,,,,,,,,,,,False,False,temporal_v1,False,0.001156555726742671,0.3444676409185804,4.144839357150247,0.515744232481832,85.20561876602963,2602.5149313386314,0.0162542188300718,0.06299488698615169,0.06576213067230485,0.0,0.0,0.2356743979344946,0.11201734887191085,0.15604354012551527,0.06729854846602269,0.17662902725036805,356.94899682089965,0.006558246686297053,1.0080603764731517,-0.0005920896563844555,3366.666666666667,0.04229937815762803,True,0.0002661023463588208,0.2356743979344946,False,True,True,False,False,0,True,True,True,True,True,True,True,False,False,5,0,False,0,15,24,24,,,,False,False,False,
171,2026-08-11T01:00:45.796815,shadow,analysis_full,silero,webrtc,False,0.17358587682247162,True,True,True,1,False,True,False,0,0.0,,,,,,,,,,,,,0.2016958516038952,0.03897069211098685,0.30840142629583966,0.6526278815882155,,,,,,,,,,,,,,False,True,temporal_v1,False,0.0013598744703813832,0.37995824634655534,4.2800803102084775,0.394631079214068,85.45342034792812,2874.532322501812,0.007860226932918693,0.0622032883125953,0.1316323363573812,0.0,0.0,0.23774216045623606,0.10536237174041421,0.19109729391194624,0.07818336766271934,0.24842554507097947,438.24590044044317,0.0048272068576269206,0.7714760982228056,-0.00044311232683127446,3766.666666666667,0.06965167849549041,True,0.0011244478810112923,0.23774216045623606,False,True,True,False,False,0,True,True,True,True,True,True,True,False,False,6,0,False,0,15,24,24,,,,False,False,False,
172,2026-08-11T01:00:45.806394,shadow,analysis_full,silero,webrtc,True,0.5118557214736938,True,True,True,1,True,True,False,1,0.0,,,,,,,,,,,,,0.12299420308413629,0.11572918249863348,0.43780616362347446,0.44646465386976153,,,,,,,,,,,,,,False,True,temporal_v1,False,0.0010568610968898083,0.3068893528183716,4.22320414052045,0.5342397649588939,84.57471995017131,2641.197040692567,0.014234018574997998,0.05384762020019222,0.05491256430794607,0.0,0.0,0.2345905664446224,0.10666080690459034,0.18530189419778792,0.07577569167115267,0.27916969839374967,458.7670951933235,0.003966924162222595,0.7620535324025848,-0.00042895083176464847,3366.666666666667,0.06051753583509611,True,0.0031856094719842076,0.2345905664446224,True,True,True,True,True,1,True,True,True,True,True,True,True,False,False,7,0,True,1,15,24,24,,,,False,False,False,
173,2026-08-11T01:00:45.816498,shadow,analysis_full,silero,webrtc,True,0.6470047235488892,True,True,True,1,True,True,False,1,0.0,,,,,,,,,,,,,0.09163896639656598,0.1765168889450036,0.5124169065030952,0.31106620454098877,,,,,,,,,,,,,,False,True,temporal_v1,False,0.0008987742838198281,0.2964509394572025,4.0296713715524035,0.6311146959073718,83.8882815766886,2277.4230324760115,0.016175825254457554,0.046957355676069436,0.02850578546503899,0.0,0.0,0.19283015672437182,0.09956001767553437,0.1654662552525463,0.06086731828913725,0.28070318099487906,419.4931985291461,0.005598093873603956,1.0990506914745426,-0.0006407094742849824,2900.0,0.03036638399650399,True,0.00578713696449995,0.19283015672437182,True,True,True,True,True,2,True,True,True,True,True,True,True,False,False,8,0,True,2,15,24,24,,,,False,False,False,
174,2026-08-11T01:00:45.823937,shadow,analysis_full,silero,webrtc,True,0.5143154263496399,True,True,True,1,True,True,False,1,0.0,,,,,,,,,,,,,0.07373807331018731,0.13007176861511704,0.6117882236148149,0.25814000775650653,,,,,,,,,,,,,,False,True,temporal_v1,False,0.0008112688144939683,0.2860125260960334,4.098761821694377,0.6366024517118778,83.03484430486657,2348.28763563153,0.009591241609727222,0.04511208488321849,0.0190347468162416,0.0,0.0,0.14312546742450008,0.0924662443894097,0.1553875904840478,0.04584400939087947,0.267550713166022,360.069832322062,0.005788967798497772,1.1724722425427918,-0.0007033770386779882,3000.0,0.03209166644637903,True,0.02458620280958712,0.14312546742450008,True,True,True,True,True,3,True,True,True,True,True,True,True,False,False,9,0,True,3,15,24,24,,,,False,False,False,
175,2026-08-11T01:00:45.832946,shadow,analysis_full,silero,webrtc,True,0.5174705386161804,True,True,True,1,True,True,False,1,0.0,,,,,,,,,,,,,0.08509878922068786,0.08286944422353847,0.19690923570093044,0.72022132006378,,,,,,,,,,,,,,False,True,temporal_v1,False,0.0009341159028434912,0.3757828810020877,4.292312455829181,0.35942308885952134,81.78410032971692,2955.24762932281,0.00705208936681445,0.016756737544520225,0.061289962308353194,0.0,0.0,0.14548891995435245,0.11907326205737144,0.19015805180731188,0.047991279464343506,0.26244356783777223,399.5983150963597,0.007348882350418501,0.9351715350127746,-0.0005636123968518932,4000.0000000000005,0.052749539526202364,True,0.10779409296810627,0.14548891995435245,True,True,True,True,True,4,True,True,True,True,True,True,True,False,True,0,0,True,4,15,24,15,,,,False,False,False,
176,2026-08-11T01:00:45.838513,shadow,analysis_full,silero,webrtc,True,0.5174705386161804,True,True,True,1,False,True,False,0,0.0,,,,,,,,,,,,,0.0895029733225019,0.08895502600798812,0.20431571808702248,0.7067292558938165,,,,,,,,,,,,,,False,True,temporal_v1,False,0.0009543414771758193,0.3757828810020877,4.400176359047794,0.3692020447378201,82.08661046759075,2922.004317322437,0.007961739319695424,0.018286864265310593,0.06325436973649588,0.0,0.0,0.049521958297160655,0.13680646760957962,0.16808912395274886,0.040309579072486286,0.2370131272892585,313.90076505798953,0.003367347394474968,0.9741006886705014,-0.0005917690882068342,3966.666666666667,0.0558842244296115,True,0.34272079914808273,0.049521958297160655,True,True,False,False,False,0,True,True,True,True,True,True,True,False,True,0,0,False,0,15,24,15,,,,False,False,False,
177,2026-08-11T01:00:45.848579,shadow,analysis_full,silero,webrtc,False,0.42110294103622437,True,True,True,1,True,True,False,1,0.0,,,,,,,,,,,,,0.23540029517854258,0.2569425971663706,0.6377897046725697,0.10526769815681164,,,,,,,,,,,,,,False,True,temporal_v1,False,0.0014416959711183114,0.2546972860125261,3.7126426031354915,0.7437878065525324,88.70812532798485,2171.6665937519733,0.060484363216904986,0.1501358847417584,0.02478004721887918,0.0,0.0,0.06283864554398069,0.14405846945498588,0.19219034458977083,0.04240823023163131,0.23076863946327505,305.709498059899,0.009075826253834693,0.8273012905278697,-0.00048517500785782855,2100.0,0.059249499530662116,True,0.4664793312549591,0.06283864554398069,True,True,True,True,True,1,True,True,True,True,True,True,True,False,True,0,0,True,1,15,24,15,,,,False,False,False,
178,2026-08-11T01:00:45.856300,shadow,analysis_full,silero,webrtc,True,0.7508528232574463,True,True,True,1,False,True,False,0,0.0,,,,,,,,,,,,,0.9526478208004021,0.12231563832801937,0.7460298161880611,0.1316545454828699,,,,,,,,,,,,,,False,True,temporal_v1,False,0.0028804722700128548,0.22755741127348644,3.9017605694352193,0.7674631813027831,94.8576184983712,1902.2790778046879,0.11652372630299779,0.7107036786436809,0.12542041585272343,0.0,0.0,0.060496092936456705,0.17256723027021478,0.2136084367542068,0.0504273688636549,0.20915907947063495,348.4229514233689,0.006289331799624872,1.4407535944791556,-0.0008365941352838729,2300.0,0.0077283261078603584,True,0.5130855739116669,0.060496092936456705,True,False,True,False,False,0,True,True,True,True,True,True,True,False,True,0,0,False,0,15,24,15,,,,False,False,False,
179,2026-08-11T01:00:45.863962,shadow,analysis_full,silero,webrtc,True,0.6011907458305359,True,True,True,1,False,True,False,0,0.0,,,,,,,,,,,,,0.6461244930414023,0.0627625581341839,0.8801129424962424,0.05712449936802605,,,,,,,,,,,,,,False,True,temporal_v1,False,0.0023704681367774376,0.18162839248434237,3.254822768470992,0.8326641811595524,93.51845894730869,1815.2907138769397,0.040552426056431105,0.5686625287895615,0.03690953819440974,0.0,0.0,0.05856882410191138,0.2146476299891968,0.23821593947914171,0.06429554246095728,0.32272853503490284,392.24341015326723,0.008913264347427107,1.0222917131498295,-0.0005802038479839475,1866.6666666666667,0.011845673259123304,True,0.5158929824829102,0.05856882410191138,True,False,True,False,False,0,True,True,True,True,True,True,True,False,True,0,0,False,0,15,24,15,,,,False,False,False,
180,2026-08-11T01:00:45.872474,shadow,analysis_full,silero,webrtc,False,0.38352641463279724,True,True,True,1,False,True,False,0,0.0,,,,,,,,,,,,,0.2890441838383757,0.22005730021455494,0.7615403266183925,0.01840237316359276,,,,,,,,,,,,,,False,True,temporal_v1,False,0.001586774649718903,0.15866388308977036,3.22511544733434,0.8852501180481842,90.29670827713775,1471.9323985586154,0.06360628273819245,0.22011880216742336,0.005319098931759897,0.0,0.0,0.0658499408938829,0.22717844992575092,0.26030990662529013,0.07547947337878662,0.39982981647234367,484.4010808999992,0.017061219615209275,1.5839625656880507,-0.0009432277506594358,1366.6666666666667,0.0028135273260831983,True,0.5158929824829102,0.0658499408938829,True,False,True,False,False,0,True,True,True,True,True,True,True,False,True,0,0,False,0,15,24,15,,,,False,False,False,
181,2026-08-11T01:00:45.881453,shadow,analysis_full,silero,webrtc,False,0.20676884055137634,True,True,True,1,False,True,False,0,0.0,,,,,,,,,,,,,0.12377754341924954,0.5676491614601521,0.4265090161646921,0.005841822367076749,,,,,,,,,,,,,,False,True,temporal_v1,False,0.0010410092662556023,0.12734864300626306,3.1049537309377677,0.9200619480142727,86.80058321588476,1278.3956730710668,0.07026221872953457,0.05279223826702658,0.0007230864216883854,0.0,0.0,0.14112794945343557,0.2182609108216498,0.25508833730376723,0.0812988237198898,0.4523884880728993,540.9740104079211,0.011841225439054748,1.4201667642737825,-0.0008487308776297318,1233.3333333333335,0.003215762349208985,True,0.5158929824829102,0.14112794945343557,True,False,True,False,False,0,True,True,True,True,True,True,True,False,True,0,0,False,0,15,24,15,,,,False,False,False,
182,2026-08-11T01:00:45.891977,shadow,analysis_full,silero,webrtc,False,0.10576443374156952,True,True,True,1,False,True,False,0,0.0,,,,,,,,,,,,,0.07816432031613671,0.7662371219502926,0.2224802337965282,0.01128264424038558,,,,,,,,,,,,,,False,True,temporal_v1,False,0.0008283904880249383,0.12734864300626306,3.100898567171534,0.9323543137213403,84.87135365358903,1321.3568407729158,0.05989240383823738,0.017390016258480814,0.0008819002184185133,0.0,0.0,0.222101931559508,0.23722822689748213,0.2593952101880522,0.08828330912101826,0.4780037802550502,572.0664327208592,0.012512822745888526,1.2474440576889103,-0.000742809303697167,1166.6666666666667,0.008693214561471563,True,0.5158929824829102,0.222101931559508,True,False,True,False,False,0,True,True,True,True,True,True,True,False,True,0,0,False,0,15,24,15,,,,False,False,False,
183,2026-08-11T01:00:45.901657,shadow,analysis_full,silero,webrtc,False,0.07771562039852142,True,True,True,1,True,True,False,1,0.0,,,,,,,,,,,,,0.1453414510986265,0.33770690185277424,0.6091570062961187,0.05313609184422655,,,,,,,,,,,,,,False,True,temporal_v1,False,0.0011260091963124531,0.16701461377870563,3.625613967172204,0.8635664141377033,87.2079555090894,1538.576056095413,0.04908281116130365,0.08853576324197306,0.00772287669434978,0.0,0.0,0.22221908313178515,0.23869017728704106,0.2631049973624621,0.08871079315480565,0.46638905519695073,585.0219578196096,0.013673064066915193,1.4021930228498534,-0.0008310105657991133,1566.6666666666667,0.007962278082129676,True,0.46770918369293213,0.22221908313178515,True,True,True,True,True,1,True,True,True,True,True,True,True,False,True,0,0,True,1,15,24,15,,,,False,False,False,
184,2026-08-11T01:00:45.911623,shadow,analysis_full,silero,webrtc,False,0.05484867841005325,True,True,True,1,True,True,False,1,0.0,,,,,,,,,,,,,0.23146511823545834,0.28609699150845663,0.6822127395869727,0.03169026890025022,,,,,,,,,,,,,,False,True,temporal_v1,False,0.0014207489180182932,0.1732776617954071,3.6473147066302882,0.8433913484705412,89.12626860427878,1587.4712162123249,0.06622147396631384,0.1579084524302346,0.007335191837909886,0.0,0.0,0.21773117455549026,0.24202497504653947,0.2674197119114657,0.08780412108027687,0.44418747891853233,580.6598992948753,0.008275883430863867,1.4210421102913304,-0.0008280773965363984,1700.0000000000002,0.0056907022852688595,True,0.4023146778345108,0.21773117455549026,True,True,True,True,True,2,True,True,True,True,True,True,True,False,True,0,0,True,2,15,24,15,,,,False,False,False,
185,2026-08-11T01:00:45.920049,shadow,analysis_full,silero,webrtc,False,0.059012819081544876,True,True,True,1,True,True,False,1,0.0,,,,,,,,,,,,,0.37486511962706226,0.6066736773719157,0.2273625257750233,0.16596379685039345,,,,,,,,,,,,,,False,True,temporal_v1,False,0.001811323257326892,0.19206680584551147,3.3177648620430324,0.806264110626917,91.04130505708378,2030.4050242968106,0.22742080064261297,0.08523028042336514,0.062214038560084194,0.0,0.0,0.22701707938400698,0.23788646641844585,0.19933755056031474,0.07006936100507148,0.3911752990609007,467.2221778942891,0.011979731563730613,0.8825481542619205,-0.0005113234195773471,2566.666666666667,0.03311595401082545,True,0.2951476275920868,0.22701707938400698,True,True,True,True,True,3,True,True,True,True,True,True,True,False,True,0,0,True,3,15,24,15,,,,False,False,False,
186,2026-08-11T01:00:45.928279,shadow,analysis_full,silero,webrtc,False,0.04665292426943779,True,True,True,1,True,True,False,1,0.0,,,,,,,,,,,,,0.25146972898933956,0.2652449500539392,0.3101588013879077,0.4245962485541765,,,,,,,,,,,,,,False,True,temporal_v1,False,0.0014958060510752295,0.25260960334029225,3.8284208681918814,0.6779587089458597,88.62668971722378,2021.519965049074,0.066701075705855,0.07799554972867553,0.10677310355380902,0.0,0.0,0.2139643428985135,0.22471652852103619,0.11951431042072186,0.043689966341695245,0.2878049584814542,299.85791198376836,0.009217499336826104,1.4205851513975016,-0.0008283181832648556,2800.0,0.010443034227647266,True,0.15626663714647293,0.2139643428985135,True,True,True,True,True,4,True,True,True,True,True,True,True,False,True,0,0,True,4,15,24,15,,,,False,False,False,
187,2026-08-11T01:00:45.938001,shadow,analysis_full,silero,webrtc,False,0.077969990670681,True,True,True,1,True,True,False,1,0.0,,,,,,,,,,,,,0.15789734856244153,0.23620157485436083,0.479293579414281,0.2845048457250248,,,,,,,,,,,,,,False,True,temporal_v1,False,0.0011777269234117922,0.2630480167014614,3.5495918516830898,0.6794592156212471,86.55846590515232,2053.9354671064466,0.03729560239577664,0.07567918537251699,0.0449225607931479,0.0,0.0,0.21494657434258288,0.22357587894982572,0.13170443995751757,0.045049463872460796,0.27816316367232036,283.5194826175636,0.006654411034329592,1.0615116803672373,-0.0006172003540910883,2600.0,0.01635986238957895,True,0.09186721220612526,0.21494657434258288,True,True,True,True,True,5,True,True,True,True,True,True,True,False,True,0,0,True,5,15,24,15,,,,False,False,False,
188,2026-08-11T01:00:45.947020,shadow,analysis_full,silero,webrtc,False,0.1616232991218567,True,True,True,1,True,True,False,1,0.0,,,,,,,,,,,,,0.07081517094150708,0.3041832917221999,0.4353980882683802,0.26041861999529853,,,,,,,,,,,,,,False,True,temporal_v1,False,0.0008440132481582472,0.325678496868476,4.275458443814808,0.5723216147982487,82.91752153282826,2620.676539056073,0.021540791800857897,0.030832790048330734,0.018441589091318437,0.0,0.0,0.20249160900367474,0.21337290605535503,0.13848866559630368,0.060751565762004175,0.3511227458985422,394.4504196535949,0.008260034999197204,0.8964982996454723,-0.000549831738686698,3900.0000000000005,0.07267383778810564,True,0.09186721220612526,0.20249160900367474,True,True,True,True,True,6,True,True,True,True,True,True,True,False,True,0,0,True,6,15,24,15,,,,False,False,False,
189,2026-08-11T01:00:45.956558,shadow,analysis_full,silero,webrtc,False,0.29382550716400146,True,True,True,1,True,True,False,1,0.0,,,,,,,,,,,,,0.05959075977334234,0.5570390123089385,0.27031193868107456,0.17264904899320582,,,,,,,,,,,,,,False,True,temporal_v1,False,0.0007777330519863863,0.3089770354906054,4.1666941585719215,0.6595470746605994,82.82070893118465,2505.8908427954507,0.03319437796688184,0.016108093801810358,0.01028828800365014,0.0,0.0,0.18189309349095809,0.18180734857972555,0.13662545443826804,0.069008570993333,0.39330198032233465,451.91133555123,0.004419523886680654,0.7587558285774804,-0.00046906899441242236,3700.0000000000005,0.10677159057640315,True,0.09186721220612526,0.18189309349095809,True,True,True,True,True,7,True,True,True,True,True,True,True,False,True,0,0,True,7,15,24,15,,,,False,False,False,
190,2026-08-11T01:00:45.967196,shadow,analysis_full,silero,webrtc,False,0.28038960695266724,True,True,True,1,True,True,False,1,0.0,,,,,,,,,,,,,0.0054490500770386675,0.7869305251416148,0.15549891668098503,0.057570557993882075,,,,,,,,,,,,,,False,True,temporal_v1,False,0.00022443547475512761,0.15657620041753653,3.4794415404324033,0.906536577293987,73.32599694639066,1660.9336412166156,0.004288023838646995,0.0008473213839199508,0.0003137048534717222,0.0,0.0,0.19984394680004716,0.1656271740370918,0.1335279806946958,0.06916533967727918,0.37715218941798817,439.7860104955373,0.005910695341806437,1.3366149586570506,-0.0008291929829537007,1400.0,0.01583156532259107,True,0.09186721220612526,0.19984394680004716,True,True,True,True,True,8,True,True,True,True,True,True,True,False,True,0,0,True,8,15,24,15,,,,False,False,False,
191,2026-08-11T01:00:45.973498,shadow,analysis_full,silero,webrtc,False,0.2642873227596283,True,True,True,1,True,True,False,1,0.0,,,,,,,,,,,,,0.003960882371797431,0.7070797355090954,0.2118992874192875,0.08102097681914808,,,,,,,,,,,,,,False,True,temporal_v1,False,0.00019563484074809222,0.17536534446764093,3.7671453123773975,0.8809286860812883,71.9808948412597,1721.264015704805,0.002800659659833166,0.0008393081521354931,0.00032091455882877194,0.0,0.0,0.2106452004807528,0.17222127125718387,0.12735576195215248,0.06483389208154088,0.3389277823462459,399.2231218287326,0.004178650614249783,1.1474511998782948,-0.0006904239643526528,1633.3333333333335,0.029692688896041215,True,0.09186721220612526,0.2106452004807528,True,True,True,True,True,9,True,True,True,True,True,True,True,False,True,0,0,True,9,15,24,15,,,,False,False,False,
192,2026-08-11T01:00:45.980916,shadow,analysis_full,silero,webrtc,False,0.2642873227596283,True,True,True,1,True,True,False,1,0.0,,,,,,,,,,,,,0.8374475110883994,0.8023744083876484,0.16194446307963478,0.0356811285315228,,,,,,,,,,,,,,False,True,temporal_v1,False,0.0027061081110160293,0.11482254697286012,3.365273366055195,0.9219535161674655,95.11053520614014,1478.6065733322232,0.6719464512652631,0.13561998754058735,0.029881072281549043,0.0,0.0,0.21568288815498565,0.17793122157220315,0.12480090523003487,0.06659675002046558,0.30126864129274183,378.43254995347985,0.00679910658987965,0.9437428761690185,-0.0005622254204006167,1166.6666666666667,0.019001762037718306,True,0.11979664489626884,0.21568288815498565,True,True,True,True,True,10,True,True,True,True,True,True,True,False,True,0,0,True,10,15,24,15,,,,False,False,False,
193,2026-08-11T01:00:45.989330,shadow,analysis_full,silero,webrtc,True,0.5645097494125366,True,True,True,1,True,True,False,1,0.0,,,,,,,,,,,,,1.362729729934126,0.25680802870435554,0.6903297335875428,0.052862237707367685,,,,,,,,,,,,,,False,True,temporal_v1,False,0.003449985753179251,0.18997912317327767,3.612346982521655,0.8229997649754528,96.72774662241187,1939.5933508707776,0.34995993560120175,0.9407328514172494,0.07203694291467475,0.0,0.0,0.2226100946600782,0.19076066940511283,0.12482366059856399,0.06535780610494077,0.30163229158992083,356.28413747497734,0.014084137869593364,0.7640253102610273,-0.0004447584341342229,1933.3333333333335,0.04296634506575006,True,0.2129553109407425,0.2226100946600782,True,True,True,True,True,11,True,True,True,True,True,True,True,False,True,0,0,True,11,15,24,15,,,,False,False,False,
194,2026-08-11T01:00:45.996819,shadow,analysis_full,silero,webrtc,False,0.41608020663261414,True,True,True,1,True,True,False,1,0.0,,,,,,,,,,,,,2.0018350006365293,0.23372541706664,0.7473782326418289,0.018896350291031514,,,,,,,,,,,,,,False,True,temporal_v1,False,0.0041714299683127285,0.1544885177453027,2.7755249076239368,0.8723711674861137,98.63006753165656,1753.8869456010107,0.46787972042237036,1.4961279048162837,0.037827375396875154,0.0,0.0,0.22768870725096732,0.20233496545158242,0.12615680673700855,0.06679149115097265,0.41077307016795234,342.00055661103704,0.012856554168711076,0.8992364194107596,-0.0005072237860242959,1733.3333333333335,0.012301798366316475,True,0.2642873227596283,0.22768870725096732,True,True,True,True,True,12,True,True,True,True,True,True,True,False,True,0,0,True,12,15,24,15,,,,False,False,False,
195,2026-08-11T01:00:46.005523,shadow,analysis_full,silero,webrtc,False,0.3646629750728607,True,True,True,1,True,True,False,1,0.0,,,,,,,,,,,,,0.898895445523878,0.41969068151273176,0.5613515398757658,0.018957778610389955,,,,,,,,,,,,,,False,True,temporal_v1,False,0.002798550566004901,0.1524008350730689,3.0533251920226525,0.8877774580105965,95.23857058308351,1562.538593943401,0.377258042140607,0.5045963425321415,0.017041060850129523,0.0,0.0,0.22380359678960032,0.20376599526731695,0.1324779318033281,0.06907706305020186,0.4366726078777094,363.07628660675437,0.01317241632102229,1.2827980329735833,-0.0007521164120152094,1433.3333333333335,0.006177151906114128,True,0.27233846485614777,0.22380359678960032,True,True,True,True,True,13,True,True,True,True,True,True,True,False,True,0,0,True,13,15,24,15,,,,False,False,False,
196,2026-08-11T01:00:46.016553,shadow,analysis_full,silero,webrtc,False,0.31760284304618835,True,True,True,1,True,True,False,1,0.0,,,,,,,,,,,,,1.1252065324485188,0.401412142796849,0.5855692519227215,0.013018605279540631,,,,,,,,,,,,,,False,True,temporal_v1,False,0.0031298451213212664,0.16075156576200417,3.0839610910606714,0.8828881789774277,96.1866085455049,1646.3409033541777,0.4516715652791721,0.6588863474644385,0.014648619703907892,0.0,0.0,0.21572344155384288,0.20801135463275286,0.09709935939621736,0.0688267532405619,0.4523993324180427,371.1695926733635,0.008169714908119725,0.8591790078824996,-0.000497833845942108,1700.0000000000002,0.014766797529723248,True,0.28710755705833435,0.21572344155384288,True,True,True,True,True,14,True,True,True,True,True,True,True,False,True,0,0,True,14,15,24,15,,,,False,False,False,
197,2026-08-11T01:00:46.024718,shadow,analysis_full,silero,webrtc,False,0.23171086609363556,True,True,True,1,True,True,True,1,0.0,,,,,,,,,,,,,0.4798710677258646,0.44769415742691226,0.5192784993595815,0.03302734321142237,,,,,,,,,,,,,,False,True,temporal_v1,True,0.0020494670388829326,0.1544885177453027,3.334329046021101,0.8671930728599317,92.43047528776805,1801.9363380837676,0.2148354733390837,0.24918672793476707,0.01584886645101384,0.0,0.0,0.20161811932414633,0.20930273464810828,0.07627565969247539,0.06658398703818963,0.4552525492205097,368.02166826379187,0.005833790300177441,0.85203762708114,-0.0004967835431387285,1700.0000000000002,0.02914210306850996,True,0.28710755705833435,0.20161811932414633,True,True,True,True,True,15,True,True,True,True,True,True,True,False,True,0,0,True,15,15,24,15,webrtc_assisted,webrtc_assisted,,False,False,False,
198,2026-08-11T01:00:46.034628,shadow,analysis_full,silero,webrtc,False,0.21794737875461578,True,True,True,1,True,True,False,1,0.0,,,,,,,,,,,,,0.3435158565599334,0.30332175270250306,0.6672941374864488,0.029384109808137052,,,,,,,,,,,,,,False,True,temporal_v1,False,0.001731933623306181,0.15866388308977036,3.2033066046301433,0.8762142430589622,91.01272791488852,1554.0406169646988,0.10419583169286062,0.2292261172160794,0.01009390764999334,0.0,0.0,0.20169839452962313,0.2207195519452364,0.04502256604211247,0.04888967714002033,0.3775898348380606,278.4180009993409,0.009295528951251889,1.621080918466794,-0.0009672280919655371,1733.3333333333335,0.0035175940748645557,True,0.28710755705833435,0.20169839452962313,True,True,True,True,True,16,True,True,True,True,True,True,True,False,True,0,0,True,16,15,24,15,,,,False,False,False,
199,2026-08-11T01:00:46.043746,shadow,analysis_full,silero,webrtc,False,0.17135365307331085,True,True,True,1,True,True,False,1,0.0,,,,,,,,,,,,,0.5476705152292585,0.5013996875667442,0.4854331177413301,0.013167194690099781,,,,,,,,,,,,,,False,True,temporal_v1,False,0.002185369934449597,0.1544885177453027,3.151907265557101,0.8936008629525192,93.11850810230993,1469.3366541602968,0.27460182522546805,0.2658574057027395,0.0072112843000509035,0.0,0.0,0.20058102199213634,0.21176937340159288,0.021112936378135508,0.018056946610579303,0.27645833480482884,141.7895530060912,0.010221424645713382,1.3592542767752167,-0.0007876296877796658,1566.6666666666667,0.004900620170457509,True,0.27233846485614777,0.20058102199213634,True,True,True,True,True,17,True,True,True,True,True,True,True,False,True,0,0,True,17,15,24,15,,,,False,False,False,
200,2026-08-11T01:00:46.056313,shadow,analysis_full,silero,webrtc,False,0.168996199965477,True,True,True,1,True,True,False,1,0.0,,,,,,,,,,,,,0.2855471333166501,0.4216393306375423,0.5510708949715094,0.027289774387446418,,,,,,,,,,,,,,False,True,temporal_v1,False,0.001580508067984583,0.16075156576200417,3.5296332680725127,0.8857013778377785,90.26459629636923,1444.3056660805637,0.1203979021571014,0.1573567143133553,0.007792516845193466,0.0,0.0,0.17395364484987932,0.18266758937779098,0.019843398957532943,0.01808588790861257,0.2804128022695,155.68364270474586,0.007482598387876276,1.6394109337111367,-0.0009712628418581194,1666.6666666666667,0.0037152993777358457,True,0.2642873227596283,0.17395364484987932,True,True,True,True,True,18,True,True,True,True,True,True,True,False,True,0,0,True,18,15,24,15,,,,False,False,False,
201,2026-08-11T01:00:46.064459,shadow,analysis_full,silero,webrtc,False,0.14225032925605774,True,True,True,1,True,True,False,1,0.0,,,,,,,,,,,,,0.5393857546615005,0.4742618879295368,0.509179689820266,0.016558422248343307,,,,,,,,,,,,,,False,True,temporal_v1,False,0.0021692406641930164,0.12526096033402923,2.4276037567191935,0.9115896775541239,93.14054515317478,1571.1784316196777,0.25581010632806117,0.2746442712520129,0.008931377080426435,0.0,0.0,0.15213510086634308,0.1520279458149697,0.011832434530236389,0.019370500420482037,0.3341717844543914,154.0808144214097,0.014353673118183703,0.8137304464669401,-0.000482401204505529,1000.0000000000001,0.015021821340820127,True,0.24799909442663193,0.15213510086634308,True,True,True,True,True,19,True,True,True,True,True,True,True,False,True,0,0,True,19,15,24,15,,,,False,False,False,
202,2026-08-11T01:00:46.074399,shadow,analysis_full,silero,webrtc,False,0.11526486277580261,True,True,True,1,True,True,False,1,0.0,,,,,,,,,,,,,0.23476322868568772,0.5730438500413259,0.404279516538313,0.0226766334161014,,,,,,,,,,,,,,False,True,temporal_v1,False,0.0014379528783228831,0.14613778705636743,3.1527306618366104,0.8942165841960051,89.48466898029379,1541.4496920658376,0.13452962441417873,0.09490996459402325,0.005323639676485721,0.0,0.0,0.10308374766958502,0.09845088255455597,0.011390629972833504,0.015060282920143163,0.32671654614566337,149.3045723629029,0.007459416041864929,1.306372638924064,-0.0007744545017584414,1633.3333333333335,0.011045175435853469,True,0.22482912242412567,0.10308374766958502,True,True,True,True,True,20,True,True,True,True,True,True,True,False,True,0,0,True,20,15,24,15,,,,False,False,False,
203,2026-08-11T01:00:46.084331,shadow,analysis_full,silero,webrtc,False,0.10694371908903122,True,True,True,1,True,True,False,1,0.0,,,,,,,,,,,,,0.08966867948836799,0.6460386623381745,0.31065787592776434,0.04330346172290891,,,,,,,,,,,,,,False,True,temporal_v1,False,0.0008988988103787564,0.14822546972860126,3.801359250373653,0.8994301726152313,85.42595820631294,1511.4729806830146,0.057929433750295765,0.027856281507103887,0.00388296422996833,0.0,0.0,0.11339089061752769,0.11700295081728934,0.009160153095986905,0.009889535935137377,0.35791012038867076,110.2145474446905,0.009943493631866394,1.1834755420187644,-0.0006976340223641956,1600.0,0.021498946505255558,True,0.19465051591396332,0.11339089061752769,True,True,True,True,True,21,True,True,True,True,True,True,True,False,True,0,0,True,21,15,24,15,,,,False,False,False,
204,2026-08-11T01:00:46.092265,shadow,analysis_full,silero,webrtc,False,0.11671248078346252,True,True,True,1,True,True,False,1,0.0,,,,,,,,,,,,,0.0648594650844147,0.7170566108289226,0.24192572881670552,0.0410176603389538,,,,,,,,,,,,,,False,True,temporal_v1,False,0.0007743834816559911,0.1336116910229645,3.8077135016156523,0.9120115125540302,84.1892438357097,1500.0496605516173,0.046507908213607244,0.01569117336120869,0.0026603835085987557,0.0,0.0,0.11716507283031564,0.12299459127927054,0.010344863619792357,0.011172516208985095,0.3826207502619279,96.98051722870755,0.0024357726335001574,1.3017412453172046,-0.0007728606222894482,1533.3333333333335,0.01986176515548995,True,0.17017492651939392,0.11716507283031564,True,True,True,True,True,22,True,True,True,True,True,True,True,False,True,0,0,True,22,15,24,15,,,,False,False,False,
205,2026-08-11T01:00:46.101448,shadow,analysis_full,silero,webrtc,False,0.12057319283485413,True,True,True,1,True,True,False,1,0.0,,,,,,,,,,,,,0.08083266425231513,0.703108742993467,0.24299355103164028,0.05389770596252142,,,,,,,,,,,,,,False,True,temporal_v1,False,0.0008689217844419022,0.1315240083507307,3.9198039645582,0.9056303099586467,85.16078209190584,1524.6627117542537,0.056834152955258246,0.01964181612601838,0.004356695170038497,0.0,0.0,0.1301540657909201,0.1389209265028274,0.012992094516408675,0.0123226342909175,0.4231920599821117,97.5556759854412,0.0007475621036979878,1.509782150346819,-0.0008980917003940765,1566.6666666666667,0.014318370676023207,True,0.15562326461076736,0.1301540657909201,True,True,True,True,True,23,True,True,True,True,True,True,True,False,True,0,0,True,23,15,24,15,,,,False,False,False,
206,2026-08-11T01:00:46.108562,shadow,analysis_full,silero,webrtc,False,0.10746633261442184,True,True,True,1,True,True,False,1,0.0,,,,,,,,,,,,,0.1552914960663615,0.7338218970381856,0.21356157010106816,0.0526165328543066,,,,,,,,,,,,,,False,True,temporal_v1,False,0.001203541533010331,0.10855949895615867,3.882432837135324,0.911416735353711,88.02077581807652,1494.4956943339178,0.11395630023731533,0.03316429572327601,0.008170900104770134,0.0,0.0,0.13810892436250874,0.1476451703633559,0.013442554178346671,0.016048020911046023,0.4420254485810845,94.14439683488807,0.0001699590373625945,1.996931381953569,-0.0012083513833081845,1400.0,0.00474812241986578,True,0.13141176104545593,0.13810892436250874,True,True,True,True,True,24,True,True,True,True,True,True,True,False,True,0,0,True,24,15,24,15,,,,False,False,False,
207,2026-08-11T01:00:46.116563,shadow,analysis_full,silero,webrtc,False,0.09972719103097916,True,True,True,1,True,True,False,1,0.0,,,,,,,,,,,,,0.2453241940925765,0.7356882854361799,0.21211702395309945,0.05219469060664446,,,,,,,,,,,,,,False,True,temporal_v1,False,0.0015128970777451003,0.11482254697286012,3.895826611206752,0.9110820836715648,90.00725012592454,1493.9781198974506,0.18048213572798022,0.05203743795460987,0.012804620408986424,0.0,0.0,0.14325798412986168,0.15445967832812346,0.014585792262895206,0.01736168925786371,0.46262224045444145,36.676287483587295,6.169514887282914e-05,1.8808354340679823,-0.0011377840342800976,1433.3333333333335,0.006248073062854293,True,0.11864283680915833,0.14325798412986168,True,True,True,True,True,25,True,True,True,True,True,False,True,False,True,0,0,True,25,15,24,15,,,,False,False,False,
208,2026-08-11T01:00:46.123211,shadow,analysis_full,silero,webrtc,False,0.09972719103097916,True,True,True,1,True,True,False,1,0.0,,,,,,,,,,,,,0.29213585402050135,0.7238783750414535,0.21745135607414035,0.058670268880983034,,,,,,,,,,,,,,False,True,temporal_v1,False,0.001653803350619023,0.1440501043841336,3.9106352851487975,0.90721309137285,90.76258266253028,1504.7817376098021,0.2114708272997078,0.06352533761463512,0.017139689105158423,0.0,0.0,0.11441277177563193,0.12872108540606123,0.015994037746722957,0.01615089389339577,0.4693576030120681,33.683047381998385,8.076767886749573e-05,1.817120010741427,-0.0011021460790869777,1500.0,0.007357798639069294,True,0.11598867177963257,0.11441277177563193,True,True,True,True,True,26,True,True,True,True,True,False,True,False,True,0,0,True,26,15,24,15,,,,False,False,False,
209,2026-08-11T01:00:46.129320,shadow,analysis_full,silero,webrtc,False,0.09252089262008667,True,True,False,1,True,True,False,1,0.0,,,,,,,,,,,,,0.34182614654571175,0.7361143838683323,0.21023308046654593,0.05365253566219639,,,,,,,,,,,,,,False,True,temporal_v1,False,0.0017875596741126298,0.11899791231732777,3.9020311962489025,0.9101650677894554,91.45244240130629,1498.5648705105805,0.25162314325458285,0.07186316377231394,0.018339839517814968,0.0,0.0,0.11108775556417264,0.12376701842614897,0.014181840116423788,0.015756127151660294,0.45991289240272654,31.61676468887973,6.29487936599456e-05,1.828889472880367,-0.0011071358511200243,1433.3333333333335,0.007138533228375432,True,0.11136559769511223,0.11108775556417264,True,True,True,True,True,27,True,True,True,False,True,False,True,False,True,0,0,True,27,15,24,15,,,,False,False,False,
210,2026-08-11T01:00:46.135323,shadow,analysis_full,silero,webrtc,False,0.08447029441595078,True,True,False,1,True,True,False,1,0.0,,,,,,,,,,,,,0.3564603682190094,0.7347350189861716,0.2115624584410477,0.053702522569975465,,,,,,,,,,,,,,False,True,temporal_v1,False,0.0018270547676465115,0.1336116910229645,3.897025791245197,0.9103742776486821,91.64331906927575,1497.885015273015,0.26190391541121155,0.07541363183721474,0.019142820969583117,0.0,0.0,0.08417059529799242,0.09702864479248233,0.013609268500656971,0.012843915169329452,0.46562760040667295,23.87789026228121,1.6201159909392093e-05,1.9538478550314733,-0.0011695104895661646,1433.3333333333335,0.005136506610043553,True,0.10720502585172653,0.08417059529799242,True,True,True,True,True,28,True,False,True,False,True,False,True,False,True,0,1,True,28,15,24,15,,,,False,False,False,
211,2026-08-11T01:00:46.141471,shadow,analysis_full,silero,webrtc,False,0.07612888514995575,True,True,False,1,True,True,False,1,0.0,,,,,,,,,,,,,0.41340505198042155,0.7334996164623521,0.21365910296635252,0.052841280568876575,,,,,,,,,,,,,,False,True,temporal_v1,False,0.001967722503888382,0.11482254697286012,3.896396565452846,0.9110983802866347,92.29119279790243,1494.941656002721,0.3032324470712379,0.0883277525678952,0.02184485234028846,0.0,0.0,0.050807711748754425,0.05979227371976524,0.009926959417066108,0.013626028285662393,0.22142078992863914,14.804042123393534,1.414053522332463e-05,1.7838535363824999,-0.0010763076866927195,1433.3333333333335,0.00783161730529028,True,0.10333545506000519,0.050807711748754425,True,True,True,True,True,29,True,False,True,False,True,False,True,False,True,0,2,True,29,15,24,15,,,,False,False,False,
212,2026-08-11T01:00:46.148237,shadow,analysis_full,silero,webrtc,False,0.06684645265340805,True,True,False,1,False,True,False,0,0.0,,,,,,,,,,,,,0.45477996835516843,0.734245334090319,0.2133895623856983,0.05236510352178381,,,,,,,,,,,,,,False,True,temporal_v1,False,0.0020631213110002163,0.08559498956158663,3.894615007976767,0.9112051079991816,92.70302076429755,1492.8358769205734,0.33392006980252537,0.09704529842909111,0.02381460012255196,0.0,0.0,0.026604700936182942,0.02970243796716707,0.004979268305110565,0.01770103775468181,0.03929444283264989,9.455519510362501,8.988891970810026e-06,2.0252440113327106,-0.0012368959110719152,1433.3333333333335,0.004589971690717537,True,0.09972719103097916,0.026604700936182942,True,True,False,False,False,0,True,False,True,False,True,False,True,False,True,0,3,False,0,15,24,15,,,,False,False,False,
213,2026-08-11T01:00:46.153449,shadow,analysis_full,silero,webrtc,False,0.05962711572647095,True,True,False,1,False,True,False,0,0.0,,,,,,,,,,,,,0.45319628103921344,0.7331886526157414,0.21411015586074306,0.052701191521309115,,,,,,,,,,,,,,False,True,temporal_v1,False,0.002060717110316368,0.1022964509394572,3.900047856906754,0.9111274973319363,92.6925208005787,1492.1219322802588,0.3322783706656058,0.09703392636881511,0.02388398400379262,0.0,0.0,0.010265729321385617,0.01181785792863955,0.004180269947076985,0.016582299325520324,0.029205125205498908,9.164912045368874,9.37819419384403e-06,1.9155618215072612,-0.001163726506958602,1433.3333333333335,0.005916973193552578,True,0.09612404182553291,0.010265729321385617,True,True,False,False,False,0,True,False,True,False,True,False,True,False,True,0,4,False,0,15,24,15,,,,False,False,False,
214,2026-08-11T01:00:46.158521,shadow,analysis_full,silero,webrtc,False,0.05175819993019104,True,True,False,1,False,True,False,0,0.0,,,,,,,,,,,,,0.41078573800136703,0.7347986347188964,0.21276046569621376,0.05244089958245549,,,,,,,,,,,,,,False,True,temporal_v1,False,0.0019593305611145945,0.07933194154488518,3.8941679873572,0.9110848178566207,92.25399604434038,1493.6248601779325,0.30184479944539877,0.0873989649185337,0.02154197363643456,0.0,0.0,0.009643133143619215,0.009114566052897989,0.0018143727620069106,0.01947372670971441,0.00956751911849473,9.322908285623898,7.092627491087877e-06,2.1325500572543508,-0.0013115503064165268,1433.3333333333335,0.0036599276630242205,True,0.08849559351801872,0.009643133143619215,True,True,False,False,False,0,True,False,True,False,True,False,True,False,True,0,5,False,0,15,24,15,,,,False,False,False,
215,2026-08-11T01:00:46.165003,shadow,analysis_full,silero,webrtc,False,0.046607520431280136,True,True,False,1,False,True,False,0,0.0,,,,,,,,,,,,,0.40621844785372085,0.7339631556252627,0.21338556404590656,0.052651280326368996,,,,,,,,,,,,,,False,True,temporal_v1,False,0.0019480683211589626,0.09394572025052192,3.8975284946212514,0.9108314649513526,92.20270602103105,1494.8608604981168,0.2981493738599132,0.0866811526211189,0.021387921371688764,0.0,0.0,0.003290407341392779,0.0017932976409786364,0.0018261135328988905,0.019230492636808927,0.0066963046284577174,3.554535492651613,7.51678453969327e-06,2.022910030040094,-0.001233303536539501,1433.3333333333335,0.004629799273505,True,0.08029958978295326,0.003290407341392779,True,True,False,False,False,0,True,False,True,False,True,False,True,False,True,0,6,False,0,15,24,15,,,,False,False,False,
216,2026-08-11T01:00:46.170564,shadow,analysis_full,silero,webrtc,False,0.04226260259747505,True,True,False,1,False,True,False,0,0.0,,,,,,,,,,,,,0.3447004587879976,0.7361366007973622,0.21151631671964277,0.052347082480093815,,,,,,,,,,,,,,False,True,temporal_v1,False,0.0017920077914563139,0.08350730688935282,3.886073915351973,0.9111466803973781,91.47871266102956,1495.0833268117096,0.2537466240254878,0.07290977141440827,0.01804406334710149,0.0,0.0,0.003392253814066598,0.0018584707512242146,0.001839174789368744,0.020773229388903126,0.005947612915147293,3.537152117419623,1.2944237044513345e-05,1.8815900570666912,-0.0011352921310509377,1433.3333333333335,0.006236437732109587,True,0.0714876689016819,0.003392253814066598,True,True,False,False,False,0,True,False,True,False,True,False,True,False,True,0,7,False,0,15,24,15,,,,False,False,False,
217,2026-08-11T01:00:46.175103,shadow,analysis_full,silero,webrtc,False,0.036744631826877594,True,True,False,1,False,True,False,0,0.0,,,,,,,,,,,,,0.3176189234714535,0.7369776485991159,0.210901867925972,0.052120483471763755,,,,,,,,,,,,,,False,True,temporal_v1,False,0.0017220300249734912,0.10020876826722339,3.888601096404642,0.9113374985858268,91.13352589774065,1493.8307056250803,0.23407804737057433,0.06698642424876589,0.01655445185111329,0.0,0.0,0.003491292316218367,0.0019508707860077708,0.0018439916410259564,0.020692295103739232,0.006511292219668413,3.545294741912645,9.730947455868073e-06,2.0010688310908717,-0.0012111799088431548,1433.3333333333335,0.004780872560184069,True,0.0632367841899395,0.003491292316218367,True,True,False,False,False,0,True,False,True,False,True,False,True,False,True,0,8,False,0,15,24,15,,,,False,False,False,
218,2026-08-11T01:00:46.181423,shadow,analysis_full,silero,webrtc,False,0.03414500504732132,True,True,False,1,False,True,False,0,0.0,,,,,,,,,,,,,0.22450485157861852,0.7357167277307219,0.2116346348771253,0.05264863738769859,,,,,,,,,,,,,,False,True,temporal_v1,False,0.0014474208526118761,0.0918580375782881,3.8871752565780833,0.9108193249124915,89.6215321259321,1497.9123309637791,0.16517197476309262,0.04751300229198414,0.011819874522541777,0.0,0.0,0.0011919311825930778,0.0012460685930265735,0.000505454467205174,0.01650326027054002,0.005157892732579091,2.132883457353954,1.0457290948790085e-05,1.8295703131615528,-0.0010944485177002577,1433.3333333333335,0.0068554736007919405,True,0.055692657828330994,0.0011919311825930778,True,True,False,False,False,0,True,False,True,False,True,False,True,False,True,0,9,False,0,15,24,15,,,,False,False,False,
219,2026-08-11T01:00:46.186524,shadow,analysis_full,silero,webrtc,False,0.03177321329712868,True,True,False,1,False,True,False,0,0.0,,,,,,,,,,,,,0.1701389252151813,0.736346217439972,0.2106538718394833,0.05299991071466721,,,,,,,,,,,,,,False,True,temporal_v1,False,0.0012617302006574657,0.0918580375782881,3.894222582403777,0.9107732745146422,88.42808890299851,1495.0600778674216,0.12528115402150103,0.03584042334718624,0.009017347845494052,0.0,0.0,0.0012165943482375604,0.0011804173233597255,0.000419088535042144,0.015420614039765666,0.004485659508081638,1.8089628506426112,1.6081721869975448e-05,1.943303873251798,-0.0011791653282440667,1433.3333333333335,0.005661189713228106,True,0.04918286018073559,0.0012165943482375604,True,True,False,False,False,0,True,False,True,False,True,False,True,False,False,0,0,False,0,15,24,24,,,,False,False,False,
220,2026-08-11T01:00:46.192812,shadow,analysis_full,silero,webrtc,False,0.02986505627632141,True,True,False,1,False,True,False,0,0.0,,,,,,,,,,,,,0.1272959213016773,0.7410931600941771,0.2066532144031369,0.05225362549483009,,,,,,,,,,,,,,False,True,temporal_v1,False,0.0010895762832486306,0.10020876826722339,3.8680641415933863,0.9117346093394095,87.15755911152151,1496.3649797140488,0.09433813658455971,0.02630611131740036,0.00665167339871721,0.0,0.0,0.0021980396987139957,0.002083976603905032,0.0002622964365308887,0.009915943287714335,0.008699627845982081,1.595991159766261,2.6013368502784412e-05,1.7739516349925093,-0.0010605360782187658,1400.0,0.007625134209929758,True,0.044435061514377594,0.0021980396987139957,True,True,False,False,False,0,True,False,True,False,True,False,True,False,False,0,0,False,0,15,24,24,,,,False,False,False,
221,2026-08-11T01:00:46.198423,shadow,analysis_full,silero,webrtc,False,0.02761472947895527,True,True,False,1,False,True,False,0,0.0,,,,,,,,,,,,,0.07828729623281032,0.7396952133285023,0.2089077180021185,0.05139706865660558,,,,,,,,,,,,,,False,True,temporal_v1,False,0.0008562885073287112,0.12317327766179541,3.8827048112466067,0.912666906845833,85.06697353176745,1486.7011255280422,0.05790873828784028,0.016354820404552252,0.004023737539417771,0.0,0.0,0.0023848867147188754,0.0021613133340931024,0.00041062517692445503,0.011780155306610342,0.008770791035331021,2.8636677237139567,3.788646961361541e-05,1.8735390824335212,-0.0011362637124375677,1400.0,0.0062882758019827695,True,0.03950361721217632,0.0023848867147188754,True,True,False,False,False,0,True,False,True,False,True,False,True,False,False,0,0,False,0,15,24,24,,,,False,False,False,
222,2026-08-11T01:00:46.204480,shadow,analysis_full,silero,webrtc,False,0.02587943710386753,True,True,False,1,False,True,False,0,0.0,,,,,,,,,,,,,0.055712417596674835,0.7394328193230866,0.20718155988992165,0.05338562076904248,,,,,,,,,,,,,,False,True,temporal_v1,False,0.000722361336094596,0.09603340292275574,3.880954766245161,0.910690019142118,83.57785202862433,1501.3106601370255,0.04119559001481441,0.011542585582917812,0.0029742419979426117,0.0,0.0,0.0024626987852985798,0.002378826277543626,0.0005067016198409018,0.011337097271303102,0.008902531678100388,3.60045668409039,0.00011507559387464065,1.6451680165388023,-0.0009778146149278738,1400.0,0.010249756915344263,True,0.03544481843709946,0.0024626987852985798,True,True,False,False,False,0,True,False,True,False,True,False,True,False,False,0,0,False,0,15,24,24,,,,False,False,False,
223,2026-08-11T01:00:46.210562,shadow,analysis_full,silero,webrtc,False,0.024964680895209312,True,True,False,1,False,True,False,0,0.0,,,,,,,,,,,,,0.049984624953262544,0.748868759883726,0.2002454093412971,0.050885830754970676,,,,,,,,,,,,,,False,True,temporal_v1,False,0.0006826596780716813,0.10020876826722339,3.849398202723581,0.9130361626421055,83.09701015200986,1494.9426949744302,0.03743192410200287,0.010009191684537271,0.0025435091657224017,0.0,0.0,0.004131797358452072,0.0037012198128209437,0.0006916138954595229,0.011242515254978087,0.013697843953722208,3.497463876697942,0.00015954385420512214,1.6186832177547459,-0.0009617273366043965,1400.0,0.010500641841727845,True,0.032959109172225,0.004131797358452072,True,True,False,False,False,0,True,False,True,False,True,False,True,False,False,0,0,False,0,15,24,24,,,,False,False,False,
224,2026-08-11T01:00:46.214686,shadow,analysis_full,silero,webrtc,False,0.024964680895209312,True,True,False,1,False,True,False,0,0.0,,,,,,,,,,,,,0.051427169913947794,0.7326893044434419,0.21320131351463933,0.05410938202247375,,,,,,,,,,,,,,False,True,temporal_v1,False,0.0006952021085820107,0.08350730688935282,3.885835090414124,0.908896180916046,83.23576645084552,1511.6558110204492,0.03768013735374511,0.010964340175994212,0.0027826923832084695,0.0,0.0,0.00435321858232359,0.0037435565083598723,0.0008783733716543489,0.010677838707761523,0.01323189916961951,6.053495822389352,0.0001345677111308016,1.6794924715684463,-0.0009955636184585197,1466.6666666666667,0.009637865960875939,True,0.030819134786725044,0.00435321858232359,True,True,False,False,False,0,True,False,True,False,True,False,True,False,False,0,0,False,0,15,24,24,,,,False,False,False,
225,2026-08-11T01:00:46.221265,shadow,analysis_full,silero,webrtc,False,0.02298273891210556,True,True,False,1,False,True,False,0,0.0,,,,,,,,,,,,,0.06022668146395892,0.7401509603405717,0.20845203395448186,0.0513970056883426,,,,,,,,,,,,,,False,True,temporal_v1,False,0.0007487360769297507,0.081419624217119,3.8750795689020503,0.9121906136292376,83.89705610776008,1491.3424275196503,0.0445768361236749,0.012554374249490928,0.003095471089793094,0.0,0.0,0.004157747892569752,0.0035071331447600333,0.0009328100900247478,0.011593689667569788,0.012286990098122617,6.253317467251838,0.00016358403527449842,1.8374974140469709,-0.0011121335569671362,1400.0,0.006860674572909413,True,0.02873989287763834,0.004157747892569752,True,True,False,False,False,0,True,False,True,False,True,False,True,False,False,0,0,False,0,15,24,24,,,,False,False,False,
226,2026-08-11T01:00:46.228060,shadow,analysis_full,silero,webrtc,False,0.018231403082609177,True,True,False,1,False,True,False,0,0.0,,,,,,,,,,,,,0.041375483838434736,0.7271309201253833,0.21964351134425036,0.053225568506197606,,,,,,,,,,,,,,False,True,temporal_v1,False,0.0006242403314938087,0.09603340292275574,3.908049461193254,0.9090160865201282,82.29898825424027,1503.074370615258,0.030085393634073972,0.009087856553841088,0.00220223364951968,0.0,0.0,0.005405779353783874,0.004737162299844971,0.0009686557766989479,0.010919997353337806,0.014898314918442237,6.535605951904248,0.00022708546481586258,1.7061801577167575,-0.0010207498486144483,1433.3333333333335,0.009347586917309733,True,0.0267470832914114,0.005405779353783874,True,True,False,False,False,0,True,False,True,False,True,False,True,False,False,0,0,False,0,15,24,24,,,,False,False,False,
227,2026-08-11T01:00:46.235955,shadow,analysis_full,silero,webrtc,False,0.017173416912555695,True,True,False,1,False,True,False,0,0.0,,,,,,,,,,,,,0.03802094886843743,0.7379732202533673,0.20988273364398047,0.05214404607635098,,,,,,,,,,,,,,False,True,temporal_v1,False,0.0005956594320669789,0.10020876826722339,3.876194517105949,0.9115279788556073,81.90278335616696,1493.4908714666806,0.028058442073529394,0.007979940684245655,0.0019825661096623862,0.0,0.0,0.005398693130696238,0.0047221706179221,0.0009678984199724074,0.010919997353337806,0.01481399867529817,6.553996176285642,0.000260667919091858,1.7453186496291457,-0.0010476264661099157,1400.0,0.00839456848538523,True,0.02542205899953842,0.005398693130696238,True,True,False,False,False,0,True,False,True,False,True,False,True,False,False,0,0,False,0,15,24,24,,,,False,False,False,
228,2026-08-11T01:00:46.241643,shadow,analysis_full,silero,webrtc,False,0.015520541928708553,True,True,False,1,False,True,False,0,0.0,,,,,,,,,,,,,0.019631892384485653,0.7425447866981645,0.2030753805572174,0.05437983269368073,,,,,,,,,,,,,,False,True,temporal_v1,False,0.0004310395251454281,0.07933194154488518,3.8284142306245363,0.9117043157996235,79.0828255065956,1507.8059747686925,0.01457755934311922,0.003986754017037762,0.0010675790233286746,0.0,0.0,0.005508821324601854,0.005048508642833274,0.0011301249095204268,0.012036355161085241,0.021328631365153783,7.294009520857491,0.0004696681206553692,1.5268061781598985,-0.0009055108353894051,1400.0,0.013071746105629745,True,0.024964680895209312,0.005508821324601854,True,True,False,False,False,0,True,False,True,False,True,False,True,False,False,0,0,False,0,15,24,24,,,,False,False,False,
229,2026-08-11T01:00:46.247759,shadow,analysis_full,silero,webrtc,False,0.013443101197481155,True,True,False,1,False,True,False,0,0.0,,,,,,,,,,,,,0.010547171579091422,0.730302531006634,0.21709159711661938,0.05260587178193442,,,,,,,,,,,,,,False,True,temporal_v1,False,0.00031663410218907745,0.08977035490605428,3.8725428432480715,0.9122388914166659,76.38606935565969,1496.191105702293,0.007702626099171702,0.002289702323167973,0.0005548431557517461,0.0,0.0,0.006029069143273068,0.005622958740609025,0.0011229613335699447,0.012110359091668623,0.020332092313844616,7.253489855582315,0.0010175720614422794,1.5116294759638775,-0.0009074322897541016,1433.3333333333335,0.014530375082415996,True,0.023973709903657436,0.006029069143273068,True,True,False,False,False,0,True,False,True,False,True,False,True,False,False,0,0,False,0,15,24,24,,,,False,False,False,
230,2026-08-11T01:00:46.252516,shadow,analysis_full,silero,webrtc,False,0.012901658192276955,True,True,False,1,True,True,False,1,0.0,,,,,,,,,,,,,0.0026271499865864376,0.3680413635981275,0.3638917215122973,0.26806691450893455,,,,,,,,,,,,,,False,True,temporal_v1,False,0.00015896872957973219,0.10647181628392484,4.099584700645193,0.7568644044535204,69.45940232334769,1800.7945223514455,0.0009668998634400749,0.0009559981312899476,0.0007042519908564151,0.0,0.0,0.11103951064181465,0.046576185604478994,0.06464539707182337,0.012519135157047974,0.07086461434113095,90.97521270113107,0.004720534416143584,1.3281324909211187,-0.0007897216224625544,2600.0,0.017092497919840927,True,0.02060707099735737,0.11103951064181465,True,True,True,True,True,1,True,False,True,False,True,False,True,False,False,0,0,True,1,15,24,24,,,,False,False,False,
231,2026-08-11T01:00:46.261488,shadow,analysis_full,silero,webrtc,False,0.011990844272077084,True,True,False,1,True,True,False,1,0.0,,,,,,,,,,,,,0.0005502279509786793,0.8536437172124397,0.08480825381415062,0.06154802715598116,,,,,,,,,,,,,,False,True,temporal_v1,False,8.101510186535206e-05,0.0918580375782881,3.040209546921532,0.9270711179715013,63.94186084395383,1610.1805739149593,0.00046969863338762387,4.666387172223986e-05,3.386544486881562e-05,0.0,0.0,0.1199476277634886,0.06291831869920834,0.0643590600063059,0.008508427504098049,0.266688845424645,92.79423977322126,0.009554926547738448,0.8953711096346898,-0.0005317087000351892,833.3333333333334,0.02636371981082406,True,0.017702409997582436,0.1199476277634886,True,True,True,True,True,2,True,False,True,False,True,False,True,False,False,0,0,True,2,15,24,24,,,,False,False,False,
232,2026-08-11T01:00:46.270238,shadow,analysis_full,silero,webrtc,False,0.009990481659770012,True,True,False,1,True,True,False,1,0.0,,,,,,,,,,,,,0.0012885571048248323,0.7567180745348132,0.18650379662598987,0.05677812806313509,,,,,,,,,,,,,,False,True,temporal_v1,False,0.00011833736815932397,0.081419624217119,3.4679304037380807,0.9208658425522298,67.5999459230479,1517.667709870136,0.0009750744512912005,0.00024032079221922482,7.316186031440691e-05,0.0,0.0,0.12045285872939462,0.06340515548824338,0.06425216282534857,0.009013375008318537,0.28416384662138633,92.22121498007054,0.004828890756560177,1.1517607549176532,-0.00068413735051739,1266.6666666666667,0.02453608009690663,True,0.016346979420632124,0.12045285872939462,True,True,True,True,True,3,True,False,True,False,True,False,True,False,False,0,0,True,3,15,24,24,,,,False,False,False,
233,2026-08-11T01:00:46.276565,shadow,analysis_full,silero,webrtc,False,0.00970843993127346,True,True,False,1,True,True,False,1,0.0,,,,,,,,,,,,,0.001993605589165558,0.7174320358452717,0.23090353744848433,0.05166442620464019,,,,,,,,,,,,,,False,True,temporal_v1,False,0.00014289664800556104,0.1022964509394572,3.7695526986657035,0.9128351209816038,69.30366910261475,1497.4553980371722,0.0014302765165075588,0.00046033058281539713,0.00010299848884260221,0.0,0.0,0.11990573751003894,0.06356750913663904,0.06422273663708314,0.00924492268287454,0.2829489758378296,92.09404648380678,0.003135492956125956,1.3874882101365962,-0.0008227825843037488,1433.3333333333335,0.015236839145276493,True,0.014481821563094854,0.11990573751003894,True,True,True,True,True,4,True,False,True,False,True,False,True,False,False,0,0,True,4,15,24,24,,,,False,False,False,
234,2026-08-11T01:00:46.286234,shadow,analysis_full,silero,webrtc,False,0.009214388206601143,True,True,False,1,True,True,False,1,0.0,,,,,,,,,,,,,0.0038486922718107114,0.7235092487056919,0.2104066158957924,0.06608413513868722,,,,,,,,,,,,,,False,True,temporal_v1,False,0.00019180516173133421,0.11064718162839249,3.8424993847259628,0.9030526308185698,71.9120041603083,1514.8820960375729,0.00278456445407717,0.000809790316535981,0.00025433750019756017,0.0,0.0,0.11976864944069403,0.06357542963027894,0.06392195090020701,0.010480083839675268,0.2813517123466554,91.9893861326786,0.0020541883049102418,1.6024585077584343,-0.0009685720465260288,1533.3333333333335,0.011773250212160333,True,0.013172379694879055,0.11976864944069403,True,True,True,True,True,5,True,False,True,False,True,False,True,False,False,0,0,True,5,15,24,24,,,,False,False,False,
235,2026-08-11T01:00:46.295411,shadow,analysis_full,silero,webrtc,False,0.008400365710258484,True,True,False,1,True,True,False,1,0.0,,,,,,,,,,,,,0.009698394319616895,0.7482497254581578,0.20030440501277916,0.05144586942595315,,,,,,,,,,,,,,False,True,temporal_v1,False,0.00030199258297096784,0.10647181628392484,3.838815848165581,0.9112782733753853,75.96593665135698,1503.55331005185,0.0072568208870382985,0.0019426311037701793,0.0004989423278084165,0.0,0.0,0.11999867975771908,0.06368657671363481,0.06392001148594156,0.01017624852355235,0.28005005740169847,91.3707019764698,0.0011850906920009199,2.0879158810331258,-0.001282835622076042,1433.3333333333335,0.003925471541561727,True,0.012446251232177019,0.11999867975771908,True,True,True,True,True,6,True,False,True,False,True,False,True,False,False,0,0,True,6,15,24,24,,,,False,False,False,
236,2026-08-11T01:00:46.304431,shadow,analysis_full,silero,webrtc,False,0.008246760815382004,True,True,False,1,True,True,False,1,0.0,,,,,,,,,,,,,0.008768451971311365,0.7353175476852172,0.211689131922972,0.05299332027776568,,,,,,,,,,,,,,False,True,temporal_v1,False,0.0002878825765463,0.09812108559498957,3.9080253837299335,0.9094167073719269,75.53660842833736,1509.3423978367287,0.006447596600540281,0.0018561859861151754,0.000464669383655909,0.0,0.0,0.12013682164706704,0.06364393589785464,0.0639286123835288,0.01018695022860614,0.28004873630431126,91.1054207708038,0.0008545757852769433,1.448094206768033,-0.0008622296557629818,1433.3333333333335,0.016091613203272008,True,0.010990662965923548,0.12013682164706704,True,True,True,True,True,7,True,False,True,False,True,False,True,False,False,0,0,True,7,15,24,24,,,,False,False,False,
237,2026-08-11T01:00:46.310638,shadow,analysis_full,silero,webrtc,False,0.007669665850698948,True,True,False,1,True,True,False,1,0.0,,,,,,,,,,,,,0.01081875963225733,0.7498894424018047,0.19525166987517742,0.05485888763058582,,,,,,,,,,,,,,False,True,temporal_v1,False,0.00031889734731185707,0.10438413361169102,3.807787557613056,0.9116788562180953,76.44588488338984,1514.1595247718892,0.008112873628112603,0.002112380884176404,0.0005935051189683229,0.0,0.0,0.12045343447683364,0.06384034828460032,0.06382914011255993,0.010407051006776212,0.27781615683457633,90.13964941240515,0.0008837085966411783,1.4684055706024985,-0.0008757608523629519,1400.0,0.015316453467279424,True,0.009849460795521736,0.12045343447683364,True,True,True,True,True,8,True,False,True,False,True,False,True,False,False,0,0,True,8,15,24,24,,,,False,False,False,
238,2026-08-11T01:00:46.320694,shadow,analysis_full,silero,webrtc,False,0.00743244169279933,True,True,False,1,True,True,False,1,0.0,,,,,,,,,,,,,0.011348186830216154,0.7236915855027971,0.22320051370859165,0.05310790070049139,,,,,,,,,,,,,,False,True,temporal_v1,False,0.0003273491369057347,0.11899791231732777,3.8996973848002043,0.9083857026011655,76.65960800794112,1503.1890296403728,0.00821258731974109,0.00253292113016532,0.0006026783793097436,0.0,0.0,0.12011651093433616,0.06389514778437731,0.06387542418897196,0.010446760754235326,0.28069944833788724,90.35183382010305,0.0007571437045008481,1.8032894808967905,-0.0010883152009491504,1433.3333333333335,0.007303013921959937,True,0.009461414068937302,0.12011651093433616,True,True,True,True,True,9,True,False,True,False,True,False,True,False,False,0,0,True,9,15,24,24,,,,False,False,False,
239,2026-08-11T01:00:46.326788,shadow,analysis_full,silero,webrtc,False,0.006297658663243055,True,True,False,1,True,True,False,1,0.0,,,,,,,,,,,,,0.012152687351453688,0.7232741980223981,0.22301971621893882,0.05370608567637673,,,,,,,,,,,,,,False,True,temporal_v1,False,0.00033846854156820117,0.10438413361169102,3.8347360513202515,0.9096556082817805,76.95835667884015,1504.3142848873995,0.008789725197939607,0.002710288884418689,0.0006526732680953916,0.0,0.0,0.12002015901447212,0.06396334214101804,0.06383439224239888,0.009767588781035145,0.2793376134415724,89.92923066250485,0.0005908553924996828,1.9387682771591763,-0.0011782441046129515,1466.6666666666667,0.005692109661471781,True,0.008807376958429813,0.12002015901447212,True,True,True,True,True,10,True,False,True,False,True,False,True,False,False,0,0,True,10,15,24,24,,,,False,False,False,
240,2026-08-11T01:00:46.332964,shadow,analysis_full,silero,webrtc,False,0.006297658663243055,True,True,False,1,False,True,False,0,0.0,,,,,,,,,,,,,0.010661005466161087,0.7106154450274205,0.23137576260591747,0.05800879227286211,,,,,,,,,,,,,,False,True,temporal_v1,False,0.0003166743556708673,0.14613778705636743,3.9386854045105095,0.9022325009376314,76.33932844858917,1529.2656580448188,0.007575875143775823,0.002466698269878876,0.000618432051506386,0.0,0.0,0.03923432612969374,0.04089725357584074,0.00447898580852197,0.016385316801961237,0.2629416893403863,31.15045996147165,0.0006578316743906645,1.7317474825340913,-0.0010420791765893315,1533.3333333333335,0.009537608729844747,True,0.008323563262820244,0.03923432612969374,True,True,False,False,False,0,True,False,True,False,True,False,True,False,False,0,0,False,0,15,24,24,,,,False,False,False,
241,2026-08-11T01:00:46.338613,shadow,analysis_full,silero,webrtc,False,0.005538675002753735,True,True,False,1,False,True,False,0,0.0,,,,,,,,,,,,,0.007662351813031717,0.7196911815313718,0.2258196345384368,0.05448918379968308,,,,,,,,,,,,,,False,True,temporal_v1,False,0.00026950521949093786,0.1524008350730689,3.8265119576601854,0.9086672941781838,74.9525559216677,1506.5794075667784,0.005514527029629845,0.0017303094861237508,0.0004175152962781201,0.0,0.0,0.014936151920014625,0.014854243484178017,0.004091558080221388,0.020528407812183472,0.12470799730850296,8.722703514172222,0.0010985036572176137,1.5677563989691703,-0.0009437661531499354,1500.0,0.012279941814194251,True,0.007958213333040476,0.014936151920014625,True,True,False,False,False,0,True,False,True,False,True,False,True,False,False,0,0,False,0,15,24,24,,,,False,False,False,
242,2026-08-11T01:00:46.344707,shadow,analysis_full,silero,webrtc,False,0.004976014140993357,True,True,True,1,True,True,False,1,0.0,,,,,,,,,,,,,0.016799546538479218,0.3777687283294643,0.3361199458715889,0.2861113257394216,,,,,,,,,,,,,,False,True,temporal_v1,False,0.00038987227819944827,0.17536534446764093,4.263776434967695,0.7339044532868483,77.26475821893959,1898.587140792458,0.006346343332352948,0.005646662673180873,0.004806540531945401,0.0,0.0,0.10576360481673393,0.03764421025389306,0.06940709534199914,0.025125154711198975,0.13252732387815133,117.11572108252507,0.003969842292009274,1.4588875206916228,-0.000854861198052162,2800.0,0.01599118159397001,True,0.007551053771749139,0.10576360481673393,True,True,True,True,True,1,True,True,True,True,True,False,True,False,False,1,0,True,1,15,24,24,,,,False,False,False,
243,2026-08-11T01:00:46.353463,shadow,analysis_full,silero,webrtc,False,0.0038816342130303383,True,True,True,1,True,True,False,1,0.0,,,,,,,,,,,,,0.009165868413740147,0.7284518194279922,0.2218610486252802,0.049687131837627206,,,,,,,,,,,,,,False,True,temporal_v1,False,0.0002922184111277668,0.11899791231732777,3.831248520051294,0.9073686763900889,75.65820207527445,1508.9295201892853,0.0066768935226265745,0.0020335491778337225,0.00045542571227984966,0.0,0.0,0.10606997723905705,0.03769161395412849,0.06948531548448007,0.024306938752113382,0.12799499998756358,116.66895611461717,0.004089694196245919,1.5441432800645039,-0.0009304602985418103,1600.0,0.012260459403283042,True,0.0068650501780211926,0.10606997723905705,True,True,True,True,True,2,True,True,True,True,True,False,True,False,False,2,0,True,2,15,24,24,,,,False,False,False,
244,2026-08-11T01:00:46.359573,shadow,analysis_full,silero,webrtc,False,0.009330027736723423,True,True,True,1,True,True,False,1,0.0,,,,,,,,,,,,,0.5512295579123456,0.14799798700801522,0.8063086912536161,0.04569332173655451,,,,,,,,,,,,,,False,True,temporal_v1,False,0.002190427253692955,0.16701461377870563,3.3921461518433977,0.8328769044771915,92.83333140713725,1839.8291107511384,0.0815808649503453,0.4444611834206128,0.025187509540387513,0.0,0.0,0.19408433859522375,0.1769015181688781,0.0701029634274874,0.02703448301779479,0.1993525972124747,144.49664803024183,0.014964231119980208,0.8954526228427675,-0.0005042632175860965,2200.0,0.020976289478187523,True,0.0068650501780211926,0.19408433859522375,True,True,True,True,True,3,True,True,True,True,True,True,True,False,False,3,0,True,3,15,24,24,,,,False,False,False,
245,2026-08-11T01:00:46.368224,shadow,analysis_full,silero,webrtc,False,0.04161639139056206,True,True,True,1,True,True,False,1,0.0,,,,,,,,,,,,,1.7938587641763666,0.049403572670769426,0.7192898516800681,0.231306575648605,,,,,,,,,,,,,,False,True,temporal_v1,False,0.003949319911211212,0.24217118997912318,3.528560562726895,0.7159886481447527,97.29796769143604,1974.0355314954463,0.08862303181708377,1.290304404419409,0.4149313279388738,0.0,0.0,0.25691158181936546,0.21560413309258641,0.08332036480318815,0.042078071606994984,0.2221616058010893,182.86804273965805,0.007823579054100456,1.5146089147179518,-0.0008725974148572015,2566.666666666667,0.0036349862092061574,True,0.0068650501780211926,0.25691158181936546,True,True,True,True,True,4,True,True,True,True,True,True,True,False,False,4,0,True,4,15,24,24,,,,False,False,False,
246,2026-08-11T01:00:46.374338,shadow,analysis_full,silero,webrtc,False,0.054813217371702194,True,True,True,1,True,True,False,1,0.0,,,,,,,,,,,,,2.7099297033512597,0.04669488277580869,0.45114661094133995,0.5021585062824824,,,,,,,,,,,,,,False,True,temporal_v1,False,0.004855601146204427,0.2881002087682672,3.4946376636237364,0.5851292008963196,98.21730073201934,2226.305915493329,0.1265398498286691,1.2225756015561915,1.3608142519653992,0.0,0.0,0.292312365693513,0.21337706988845073,0.14634311750496795,0.057631008608086585,0.24024124088665427,250.1426656364536,0.010630917821666997,1.176802832912145,-0.0006786313551804924,2900.0,0.009594918705254316,True,0.0068650501780211926,0.292312365693513,True,True,True,True,True,5,True,True,True,True,True,True,True,False,False,5,0,True,5,15,24,24,,,,False,False,False,
247,2026-08-11T01:00:46.381118,shadow,analysis_full,silero,webrtc,False,0.10601677745580673,True,True,True,1,True,True,False,1,0.0,,,,,,,,,,,,,0.7290260490030543,0.1988820834482098,0.3963616637283406,0.4047562528220779,,,,,,,,,,,,,,False,True,temporal_v1,False,0.0025216045898454626,0.2818371607515658,3.6690674374323597,0.6596569521100786,93.04517986215373,2091.4113982268054,0.14499021951374413,0.2889579776841494,0.2950778518041608,0.0,0.0,0.29152181427377905,0.20593450992309545,0.1629502884989895,0.06417035308037787,0.2423348093459625,266.5441765702736,0.007433748779705533,1.0158731926255908,-0.0005891986162341138,2866.666666666667,0.019409294728489717,True,0.0068650501780211926,0.29152181427377905,True,True,True,True,True,6,True,True,True,True,True,True,True,False,False,6,0,True,6,15,24,24,,,,False,False,False,
248,2026-08-11T01:00:46.386167,shadow,analysis_full,silero,webrtc,False,0.1339774876832962,True,True,True,1,True,True,False,1,0.0,,,,,,,,,,,,,0.7559820585430991,0.3611245213155833,0.3809678341562426,0.2579076445268513,,,,,,,,,,,,,,False,True,temporal_v1,False,0.0025748908956738444,0.23799582463465555,3.7947312795905153,0.7297459815187836,93.66485862151917,1959.121348531002,0.27300365901454593,0.28800484750414224,0.19497355202341088,0.0,0.0,0.2764713651453247,0.19897922650501826,0.15931076475394068,0.06286005245896514,0.23864421117996182,257.86984816033697,0.007080204945122021,1.5561165624857975,-0.0009148540517377134,2766.666666666667,0.0059211172193886705,True,0.00781384319998324,0.2764713651453247,True,True,True,True,True,7,True,True,True,True,True,True,True,False,False,7,0,True,7,15,24,24,,,,False,False,False,
249,2026-08-11T01:00:46.391790,shadow,analysis_full,silero,webrtc,False,0.11084671318531036,True,True,True,1,True,True,False,1,0.0,,,,,,,,,,,,,4.519150237266692,0.09440537965734513,0.5526798569356878,0.3529147634067457,,,,,,,,,,,,,,False,True,temporal_v1,False,0.006275910529921744,0.2567849686847599,3.5922697049481247,0.6902776759328842,101.16263081408057,2151.66735116287,0.4266320938777434,2.497643306603435,1.5948748367845136,0.0,0.0,0.2686514326446786,0.19430863782358418,0.1581737178316508,0.05820854648514693,0.24185195310410362,255.79931134327632,0.008821271971909453,0.8133581908651772,-0.00045528527000831897,2866.666666666667,0.02735791993893521,True,0.02547320956364274,0.2686514326446786,True,True,True,True,True,8,True,True,True,True,True,True,True,False,False,8,0,True,8,15,24,24,,,,False,False,False,
250,2026-08-11T01:00:46.400051,shadow,analysis_full,silero,webrtc,False,0.09058775752782822,True,True,True,1,True,True,False,1,0.0,,,,,,,,,,,,,5.958750434906156,0.039942441280723086,0.7284882438397663,0.23156931487934274,,,,,,,,,,,,,,False,True,temporal_v1,False,0.007199067799033897,0.24217118997912318,3.6770498381346424,0.7333527137363595,102.61706251026874,2052.0682543326443,0.23800703935272227,4.340879639804229,1.379863755748204,0.0,0.0,0.251820156392319,0.2000773861790712,0.1481809161157334,0.05527590807629744,0.23216111888052213,233.56827874020445,0.006017705275242007,1.036439069323813,-0.0005935387576666359,2766.666666666667,0.018286260749898666,True,0.048214804381132126,0.251820156392319,True,True,True,True,True,9,True,True,True,True,True,True,True,False,False,9,0,True,9,15,24,24,,,,False,False,False,
251,2026-08-11T01:00:46.407160,shadow,analysis_full,silero,webrtc,False,0.09530934691429138,True,True,True,1,True,True,False,1,0.0,,,,,,,,,,,,,5.138137063103869,0.05700893846965826,0.7505333236758979,0.19245773785424936,,,,,,,,,,,,,,False,True,temporal_v1,False,0.006686576818258571,0.2254697286012526,3.5365551673621605,0.7684243639218908,102.17828066632762,1982.1706343421272,0.2929197396791591,3.8563430874736633,0.9888742359500472,0.0,0.0,0.21021240680825526,0.19477148545902034,0.13603691409797541,0.0510134135777245,0.23352701430121325,188.4302194929682,0.006433430808889672,0.9041128993066082,-0.0005152484760736088,2600.0,0.022078379679981296,True,0.0727004874497652,0.21021240680825526,True,True,True,True,True,10,True,True,True,True,True,True,True,False,True,0,0,True,10,15,24,15,,,,False,False,False,
252,2026-08-11T01:00:46.412748,shadow,analysis_full,silero,webrtc,False,0.0873328447341919,True,True,True,1,True,True,False,1,0.0,,,,,,,,,,,,,3.212010606553092,0.036024357598690014,0.8794239927274152,0.08455164967358343,,,,,,,,,,,,,,False,True,temporal_v1,False,0.00528680731896003,0.17954070981210857,3.3262763406056686,0.8252101686202934,100.44725437935547,1866.7988908657949,0.11571061870125379,2.824719192297727,0.27158079555311126,0.0,0.0,0.20795424173181057,0.2072665818051842,0.1446604442922238,0.05063265354161533,0.15428594875562984,189.84419383645704,0.006046261209952145,0.9600103144681127,-0.0005488019670472262,1833.3333333333335,0.020123554304136076,True,0.08896030113101006,0.20795424173181057,True,True,True,True,True,11,True,True,True,True,True,True,True,False,True,0,0,True,11,15,24,15,,,,False,False,False,
253,2026-08-11T01:00:46.419651,shadow,analysis_full,silero,webrtc,False,0.07880355417728424,True,True,True,1,True,True,False,1,0.0,,,,,,,,,,,,,2.2262780687472747,0.0508443586219578,0.8719153642101296,0.07724027716746329,,,,,,,,,,,,,,False,True,temporal_v1,False,0.004415343120732596,0.19832985386221294,3.4188802959295104,0.8045769185574706,98.77267034746438,1871.3953951040316,0.11319368051958605,1.941126053144804,0.1719583350818844,0.0,0.0,0.09848183875064337,0.18247451283474422,0.14132276781447153,0.03826159089397933,0.13688651269258306,121.59855343716252,0.005810658860308487,1.1996726810973548,-0.0007023949626156139,1866.6666666666667,0.013841317006938114,True,0.08896030113101006,0.09848183875064337,True,True,True,True,True,12,True,True,True,True,True,True,True,False,True,0,0,True,12,15,24,15,,,,False,False,False,
254,2026-08-11T01:00:46.426074,shadow,analysis_full,silero,webrtc,False,0.07221008837223053,True,True,True,1,True,True,False,1,0.0,,,,,,,,,,,,,2.963898181286408,0.05382321937970041,0.9102223001619439,0.035954480458018266,,,,,,,,,,,,,,False,True,temporal_v1,False,0.005082482431968355,0.16910229645093947,3.145608700216635,0.8530675623393924,100.248775682604,1643.8521342595295,0.1595265420304734,2.6978062200163166,0.10656541923861804,0.0,0.0,0.09873144340309294,0.1934945873533315,0.14267213429103892,0.037910845804813915,0.17789678609033488,156.77634226441427,0.007989468812672951,1.2783380571303207,-0.0007481128506644112,1566.6666666666667,0.006531240068684076,True,0.08896030113101006,0.09873144340309294,True,True,True,True,True,13,True,True,True,True,True,True,True,False,True,0,0,True,13,15,24,15,,,,False,False,False,
255,2026-08-11T01:00:46.444883,shadow,analysis_full,silero,webrtc,False,0.06881450861692429,True,True,True,1,True,True,False,1,0.0,,,,,,,,,,,,,1.9485388686751588,0.12211703862197308,0.8403820748831765,0.03750088649433708,,,,,,,,,,,,,,False,True,temporal_v1,False,0.004123742084945447,0.1649269311064718,3.267336193884694,0.8548650996331665,98.4422268090876,1624.4394982401213,0.2379497962824201,1.6375171374477473,0.07307193494399113,0.0,0.0,0.09749445912140653,0.20024084686735058,0.15478904077249453,0.04265468305450393,0.1930180510339242,190.0711789043457,0.00655403879016693,1.6710729259383892,-0.0009900336990697968,1633.3333333333335,0.0030186042069781788,True,0.08896030113101006,0.09749445912140653,True,True,True,True,True,14,True,True,True,True,True,True,True,False,True,0,0,True,14,15,24,15,,,,False,False,False,
256,2026-08-11T01:00:46.450453,shadow,analysis_full,silero,webrtc,False,0.06881450861692429,True,True,True,1,True,True,False,1,0.0,,,,,,,,,,,,,0.9475402181502164,0.12276005387822818,0.8322994375691187,0.04494050855159771,,,,,,,,,,,,,,False,True,temporal_v1,False,0.0028796916004880965,0.17745302713987474,3.589371747605438,0.8437627871894788,95.26634558109107,1692.11821549393,0.11632008823190865,0.7886371906405452,0.04258293927676256,0.0,0.0,0.09551110615000095,0.18977486192333004,0.12946887449061897,0.03888697770981228,0.1952154742952068,178.7751752962001,0.005524198988008717,1.081765990571605,-0.0006321008169314278,1666.6666666666667,0.016729599454052623,True,0.08896030113101006,0.09551110615000095,True,True,True,True,True,15,True,True,True,True,True,True,True,False,True,0,0,True,15,15,24,15,webrtc_assisted,,cooldown,False,False,False,
257,2026-08-11T01:00:46.456568,shadow,analysis_full,silero,webrtc,False,0.057635530829429626,True,True,True,1,True,True,False,1,0.0,,,,,,,,,,,,,1.6481346826764833,0.12264310797533906,0.8552045561522436,0.022152335871810615,,,,,,,,,,,,,,False,True,temporal_v1,False,0.003790583572820189,0.1544885177453027,2.999106121427562,0.879295604426597,97.83270029412172,1492.367583705044,0.20213235984539313,1.4094922897774607,0.03651003305262947,0.0,0.0,0.09135942032037567,0.1605725560105949,0.11011192840872773,0.03503887885182979,0.23681520277309537,201.36130311595264,0.008684492632708096,1.4247754192067386,-0.0008444316386283741,1500.0,0.003516313086709739,True,0.08306819945573807,0.09135942032037567,True,True,True,True,True,16,True,True,True,True,True,True,True,False,True,0,0,True,16,15,24,15,,,,False,False,False,
258,2026-08-11T01:00:46.464728,shadow,analysis_full,silero,webrtc,False,0.04962226003408432,True,True,True,1,False,True,False,0,0.0,,,,,,,,,,,,,0.9807812121274203,0.09714730168844682,0.8927189064749049,0.010133791835628658,,,,,,,,,,,,,,False,True,temporal_v1,False,0.0029275290403954794,0.13569937369519833,2.7253762614271806,0.8898538855160245,95.64017175350182,1426.2459008167443,0.09528024830490306,0.8755619311815224,0.00993903263999483,0.0,0.0,0.033946277709304494,0.1026541733341613,0.10721830251479719,0.03748306190108783,0.28635985760212807,229.61920626835206,0.012225527626264844,1.8570386645783468,-0.0011177268756218193,1466.6666666666667,0.0013604435479260613,True,0.07550682127475739,0.033946277709304494,True,True,False,False,False,0,True,True,True,True,True,True,True,False,True,0,0,False,0,15,24,15,,,,False,False,False,
259,2026-08-11T01:00:46.471424,shadow,analysis_full,silero,webrtc,False,0.044157423079013824,True,True,True,1,False,True,False,0,0.0,,,,,,,,,,,,,0.605470305815011,0.07214211488064112,0.921467215109621,0.006390670008086321,,,,,,,,,,,,,,False,True,temporal_v1,False,0.0022992745201332533,0.14822546972860126,2.997227388751799,0.8807855186348387,93.49722362200117,1496.7134941644954,0.043679908358923436,0.5579210365309288,0.0038693609241588437,0.0,0.0,0.03363560935739188,0.060800322941928546,0.07344625272974621,0.03200356934604571,0.2870411092339622,206.61005892087934,0.012639710489737018,0.9542090524948645,-0.0005665676485174736,1433.3333333333335,0.010056562782188978,True,0.07051229849457741,0.03363560935739188,True,True,False,False,False,0,True,True,True,True,True,True,True,False,True,0,0,False,0,15,24,15,,,,False,False,False,
260,2026-08-11T01:00:46.475738,shadow,analysis_full,silero,webrtc,False,0.036142028868198395,True,True,True,1,False,True,False,0,0.0,,,,,,,,,,,,,0.41083396865531513,0.1215976007892628,0.8735703458138914,0.00483205339441182,,,,,,,,,,,,,,False,True,temporal_v1,False,0.001894171413326092,0.16075156576200417,2.7490833512115262,0.8903454750667426,91.8602505375148,1360.5081148343165,0.04995642491121751,0.35889237207031705,0.0019851716727805947,0.0,0.0,0.03345108072680946,0.045995264059859466,0.05374922023534637,0.024514942129833055,0.28987651966209643,197.6987606334937,0.015309643864930157,1.568088650538697,-0.0009374422106182858,1333.3333333333335,0.0020473994293921027,True,0.06881450861692429,0.03345108072680946,True,True,False,False,False,0,True,True,True,True,True,True,True,False,True,0,0,False,0,15,24,15,,,,False,False,False,
261,2026-08-11T01:00:46.482447,shadow,analysis_full,silero,webrtc,False,0.02803134359419346,True,True,True,1,False,True,False,0,0.0,,,,,,,,,,,,,0.3177371126815615,0.10005172514478866,0.8969585068941415,0.00298976795792271,,,,,,,,,,,,,,False,True,temporal_v1,False,0.0016627147154738779,0.15031315240083507,2.6413412149112787,0.8865913850170921,90.70952768000772,1428.2406387450728,0.03179014626631434,0.284997006175709,0.0009499602385382101,0.0,0.0,0.032241204869414744,0.0275359647415037,0.027978345885285184,0.017221800395524296,0.302502229970088,171.52172449383787,0.007734566774219388,0.9986958544405892,-0.0005926932744520784,1333.3333333333335,0.005757151943512072,True,0.06322501972317696,0.032241204869414744,True,True,False,False,False,0,True,True,True,True,True,True,True,False,True,0,0,False,0,15,24,15,,,,False,False,False,
262,2026-08-11T01:00:46.488005,shadow,analysis_full,silero,webrtc,False,0.022604897618293762,True,True,True,1,False,True,False,0,0.0,,,,,,,,,,,,,0.17402213304844996,0.09489684610341814,0.9024391129225123,0.002664040968323071,,,,,,,,,,,,,,False,True,temporal_v1,False,0.0012310717487024143,0.15657620041753653,2.5266971346248503,0.8893635577752808,88.11098810707698,1425.8962861978266,0.01651415157848731,0.1570443793771266,0.0004636020918360389,0.0,0.0,0.026774919292851893,0.028550719227515325,0.02316408849873462,0.0164966565888421,0.33259096915656733,150.10203994361447,0.013087846290015944,0.9577595867628652,-0.0005723340818123743,1266.6666666666667,0.006404431007932087,True,0.05362889543175697,0.026774919292851893,True,True,False,False,False,0,True,True,True,True,True,True,True,False,True,0,0,False,0,15,24,15,,,,False,False,False,
263,2026-08-11T01:00:46.493207,shadow,analysis_full,silero,webrtc,False,0.019898533821105957,True,True,True,1,False,True,False,0,0.0,,,,,,,,,,,,,0.10189823195665941,0.16209442042542924,0.8334386090183014,0.004466970546455763,,,,,,,,,,,,,,False,True,temporal_v1,False,0.0009417553193235055,0.15031315240083507,2.744474871805087,0.8977239040363675,85.82271579985238,1439.8021130100676,0.01651713485139066,0.08492592070338244,0.000455176400886315,0.0,0.0,0.028817921465972746,0.031755745535339455,0.015662093616750854,0.011259947023099624,0.3096149779834728,105.93780567566894,0.009260298118021622,0.908374025091185,-0.0005394873207563521,1266.6666666666667,0.008089786521309776,True,0.04688984155654907,0.028817921465972746,True,True,False,False,False,0,True,True,True,True,True,True,True,False,True,0,0,False,0,15,24,15,,,,False,False,False,
264,2026-08-11T01:00:46.498836,shadow,analysis_full,silero,webrtc,False,0.01733267307281494,True,True,True,1,True,True,False,1,0.0,,,,,,,,,,,,,0.02749169402015784,0.35810651913714886,0.6356729190175334,0.006220561808943054,,,,,,,,,,,,,,False,True,temporal_v1,False,0.0004911126438913023,0.13569937369519833,3.2492204573148125,0.8986327036072325,80.15885499485513,1405.760787873836,0.009844954850742296,0.017475725386530604,0.00017101378188494202,0.0,0.0,0.07701741619415572,0.07685125447347362,0.01460674631017292,0.012038165547673063,0.3179907365714641,98.07361481287585,0.014561451741972282,1.0861833813992365,-0.0006279225199561932,1366.6666666666667,0.007043736962620629,True,0.04014972597360611,0.07701741619415572,True,True,True,True,True,1,True,True,True,True,True,True,True,False,True,0,0,True,1,15,24,15,,,,False,False,False,
265,2026-08-11T01:00:46.504604,shadow,analysis_full,silero,webrtc,False,0.014821856282651424,True,True,True,1,True,True,False,1,0.0,,,,,,,,,,,,,0.014011022860904894,0.31594640649761013,0.678708894068184,0.005344699362833488,,,,,,,,,,,,,,False,True,temporal_v1,False,0.00035129821683253223,0.12526096033402923,3.0120790588630872,0.9102619499030093,77.28717056730605,1291.5540802523933,0.004426732324258766,0.009509405830688804,7.488470495732382e-05,0.0,0.0,0.09339286683316808,0.09229464792361672,0.012520098428557554,0.013979681872887853,0.301208803460496,99.61210552088934,0.014046565805864383,1.410921542643033,-0.0008419316585977864,1200.0,0.0036878687496537084,True,0.03208668623119593,0.09339286683316808,True,True,True,True,True,2,True,True,True,True,True,True,True,False,True,0,0,True,2,15,24,15,,,,False,False,False,
266,2026-08-11T01:00:46.509830,shadow,analysis_full,silero,webrtc,False,0.014020927250385284,True,True,True,1,True,True,False,1,0.0,,,,,,,,,,,,,0.00823387274151325,0.3143655253947246,0.6714994247528332,0.014135049730992577,,,,,,,,,,,,,,False,True,temporal_v1,False,0.0002711975585551589,0.12943632567849686,2.985064171173029,0.9069879839455968,74.99963824195792,1507.3107260411068,0.0025884457304191145,0.005529040809414181,0.00011638620067995398,0.0,0.0,0.103558057337782,0.10413328459105645,0.005756176222787577,0.011588049341442936,0.20761263525795012,62.42264129255714,0.012619835764471066,0.9848138783860458,-0.0005861746414893574,1133.3333333333335,0.016652696978232087,True,0.02531812060624361,0.103558057337782,True,True,True,True,True,3,True,True,True,True,True,True,True,False,True,0,0,True,3,15,24,15,,,,False,False,False,
267,2026-08-11T01:00:46.515998,shadow,analysis_full,silero,webrtc,False,0.011558214202523232,True,True,True,1,True,True,False,1,0.0,,,,,,,,,,,,,0.008220335692806032,0.31514392084328496,0.6672973464412013,0.017558732593864236,,,,,,,,,,,,,,False,True,temporal_v1,False,0.00027053394925995807,0.12108559498956159,2.8851090132336923,0.9131416417569994,75.00743032021182,1457.459747974104,0.002590588820878894,0.005485408194665359,0.00014433867626177882,0.0,0.0,0.1095855618573495,0.11204689182941414,0.004687117339527468,0.013005777141688952,0.20290069940866073,59.60670934303248,0.005365293365571425,1.113912082242749,-0.0006597791587937581,1100.0,0.012184551994556137,True,0.02125171571969986,0.1095855618573495,True,True,True,True,True,4,True,True,True,True,True,True,True,False,True,0,0,True,4,15,24,15,,,,False,False,False,
268,2026-08-11T01:00:46.523378,shadow,analysis_full,silero,webrtc,False,0.009472738951444626,True,True,True,1,True,True,False,1,0.0,,,,,,,,,,,,,0.0027637177456825454,0.49372857501522216,0.4635896614107635,0.04268176321218302,,,,,,,,,,,,,,False,True,temporal_v1,False,0.00016231700547559056,0.12317327766179541,3.601590187165126,0.8920431345525793,70.36052741484649,1568.5193184824402,0.0013645264243201253,0.0012812309739558899,0.00011796034640653065,0.0,0.0,0.13561250825069018,0.1447252179002452,0.011602971947100906,0.014049654579032348,0.29690436513012214,73.75681182479494,0.01125825173733909,1.1218588550152846,-0.000664518071166928,1600.0,0.02305216096498573,True,0.01861560344696045,0.13561250825069018,True,True,True,True,True,5,True,True,True,True,True,True,True,False,True,0,0,True,5,15,24,15,,,,False,False,False,
269,2026-08-11T01:00:46.528447,shadow,analysis_full,silero,webrtc,False,0.0080608781427145,True,True,True,1,True,True,False,1,0.0,,,,,,,,,,,,,0.004400566112428122,0.7330339295698112,0.22343173883492654,0.043534331368018674,,,,,,,,,,,,,,False,True,temporal_v1,False,0.00020744700558054572,0.11899791231732777,3.725696555505748,0.9202184400532218,72.6920923257736,1463.1428853146233,0.0032257642697249337,0.0009832261383578682,0.00019157570334531958,0.0,0.0,0.19026283146096784,0.20367474243341785,0.015052359794243578,0.01505594132117143,0.3799580801896667,71.75285158284059,0.0062552351841413095,1.397929600808773,-0.0008400692217770898,1300.0,0.015958481396247885,True,0.016077264677733183,0.19026283146096784,True,True,True,True,True,6,True,True,True,True,True,False,True,False,True,0,0,True,6,15,24,15,,,,False,False,False,
270,2026-08-11T01:00:46.535115,shadow,analysis_full,silero,webrtc,False,0.007399801164865494,True,True,True,1,True,True,False,1,0.0,,,,,,,,,,,,,0.00574532441960689,0.7193662132255965,0.226814202483917,0.05381958411643181,,,,,,,,,,,,,,False,True,temporal_v1,False,0.00023500851326392446,0.09394572025052192,3.8902801243864698,0.9082560100631099,73.74176293153218,1529.1698210409713,0.004132992271485156,0.00130312117624451,0.0003092109708772228,0.0,0.0,0.21661843608561024,0.23386773187948615,0.0186652685457285,0.01769611259104872,0.4489563425732529,72.12478857273265,0.002444831108478265,1.2596164293675964,-0.0007509261259661812,1466.6666666666667,0.02576292281765754,True,0.014421391766518354,0.21661843608561024,True,True,True,True,True,7,True,True,True,True,True,False,True,False,True,0,0,True,7,15,24,15,,,,False,False,False,
271,2026-08-11T01:00:46.540768,shadow,analysis_full,silero,webrtc,False,0.005937752779573202,True,True,False,1,True,True,False,1,0.0,,,,,,,,,,,,,0.007462226196178648,0.6889807601304508,0.25663605604287065,0.05438318369267021,,,,,,,,,,,,,,False,True,temporal_v1,False,0.0002658772765425551,0.1732776617954071,3.86244066393889,0.9027269281250999,74.80474146930611,1511.8057105844057,0.005141330276908528,0.001915076300287081,0.00040581961798303906,0.0,0.0,0.21781041835174642,0.23690674554485494,0.020445854052909784,0.021253388881209877,0.4662168036987385,73.74706357832628,0.0019675580410320574,1.502675496791466,-0.0008984405666737198,1800.0000000000002,0.013624717373537489,True,0.012789570726454258,0.21781041835174642,True,True,True,True,True,8,True,False,True,False,True,False,True,False,True,0,1,True,8,15,24,15,,,,False,False,False,
272,2026-08-11T01:00:46.544811,shadow,analysis_full,silero,webrtc,False,0.005937752779573202,True,True,False,1,True,True,False,1,0.0,,,,,,,,,,,,,0.00946689220271993,0.6813082659365011,0.2717044602912664,0.04698727366660143,,,,,,,,,,,,,,False,True,temporal_v1,False,0.00029971935377146443,0.11899791231732777,3.963410352162765,0.9072922191799215,75.88050792232004,1513.1716319668792,0.006449871910442898,0.0025721968365756166,0.0004448234547014166,0.0,0.0,0.2007796147243104,0.2195927571237437,0.020036059576853893,0.019998212968397572,0.44248600439651015,74.35146098838196,0.0008467336555940996,1.2130486116414603,-0.0007219368871040531,1566.6666666666667,0.02887095676259598,True,0.010515476576983929,0.2007796147243104,True,True,True,True,True,9,True,False,True,False,True,False,True,False,True,0,2,True,9,15,24,15,,,,False,False,False,
273,2026-08-11T01:00:46.551561,shadow,analysis_full,silero,webrtc,False,0.00489914370700717,True,True,False,1,True,True,False,1,0.0,,,,,,,,,,,,,0.005906521302183524,0.7241415544695854,0.22743390239176278,0.04842454296934725,,,,,,,,,,,,,,False,True,temporal_v1,False,0.00023794141461866268,0.0918580375782881,3.7825579028243057,0.9116616978277582,73.86770969702737,1501.0177655767143,0.004277157517270897,0.0013433431893156752,0.00028602059459695094,0.0,0.0,0.1822336332864066,0.19999156816667032,0.01898494947771969,0.021412745561516632,0.3979391195546152,74.2344129829484,0.0009759860767396306,1.4396094277426037,-0.000857797678427151,1500.0,0.014782735453992875,True,0.008766808547079563,0.1822336332864066,True,True,True,True,True,10,True,False,True,False,True,False,True,False,True,0,3,True,10,15,24,15,,,,False,False,False,
274,2026-08-11T01:00:46.556632,shadow,analysis_full,silero,webrtc,False,0.004077756777405739,True,True,False,1,True,True,False,1,0.0,,,,,,,,,,,,,0.005448918446449413,0.6961170953704886,0.25378128217024537,0.050101622275743246,,,,,,,,,,,,,,False,True,temporal_v1,False,0.00023048363034716468,0.13569937369519833,3.8578439539861678,0.9101399957628611,73.57873729283986,1517.9782329477825,0.0037930852818530403,0.0013828335097810336,0.0002729996538153382,0.0,0.0,0.1776881139579074,0.1938748033225979,0.017204474518038766,0.021412745561516636,0.40210131300491636,71.36222605537024,0.0009357825952042815,1.2590677729762805,-0.0007464494638920108,1500.0,0.02383730430375748,True,0.007730339653789997,0.1776881139579074,True,True,True,True,True,11,True,False,True,False,True,False,True,False,True,0,4,True,11,15,24,15,,,,False,False,False,
275,2026-08-11T01:00:46.563204,shadow,analysis_full,silero,webrtc,False,0.0034264272544533014,True,True,False,1,True,True,False,1,0.0,,,,,,,,,,,,,0.007738836114267062,0.7457399969397791,0.20838616428291176,0.0458738386480907,,,,,,,,,,,,,,False,True,temporal_v1,False,0.0002723152579949865,0.11691022964509394,3.807545090706922,0.9163358624221881,75.0803625727032,1482.6771954479657,0.005771159620170971,0.0016126663738661865,0.0003550101192299044,0.0,0.0,0.16282985375034217,0.17528027876454316,0.01347538982102513,0.02147778062565626,0.3633231302284474,30.710752368137843,0.0010721116846451537,1.4736710275134786,-0.0008798715270651903,1333.3333333333335,0.014498762081198057,True,0.006668776972219348,0.16282985375034217,True,True,True,True,True,12,True,False,True,False,True,False,True,False,True,0,5,True,12,15,24,15,,,,False,False,False,
276,2026-08-11T01:00:46.569905,shadow,analysis_full,silero,webrtc,False,0.003172254655510187,True,True,False,1,True,True,False,1,0.0,,,,,,,,,,,,,0.011095275861503415,0.7522694302148898,0.19889022628626898,0.04884034340871275,,,,,,,,,,,,,,False,True,temporal_v1,False,0.00032330735861018804,0.08768267223382047,3.787514392210078,0.9153012346985878,76.5835662504668,1490.1577820199122,0.008346636850410195,0.0022067419268029923,0.0005418970832902281,0.0,0.0,0.13332516785194118,0.14198123901814022,0.009915158083233195,0.02364156604073831,0.29234169315258224,31.02380050700216,0.0007960521399482156,1.5303058031119352,-0.0009061391170220831,1366.6666666666667,0.012159770220245666,True,0.005937752779573202,0.13332516785194118,True,True,True,True,True,13,True,False,True,False,True,False,True,False,True,0,6,True,13,15,24,15,,,,False,False,False,
277,2026-08-11T01:00:46.574940,shadow,analysis_full,silero,webrtc,False,0.0026830569840967655,True,True,False,1,True,True,False,1,0.0,,,,,,,,,,,,,0.007850353077319815,0.748667627012194,0.19996446987982824,0.051367902980594904,,,,,,,,,,,,,,False,True,temporal_v1,False,0.0002706705303733667,0.0918580375782881,3.793845913746617,0.910778084380408,75.00064276719827,1525.4502324465666,0.0058773052096049005,0.001569791691475735,0.00040325617523917886,0.0,0.0,0.07228274722037849,0.07392989008566539,0.0037604963113464594,0.02487410606865383,0.09328005309244224,27.42852206554062,0.0013875331907932955,1.426194564171425,-0.0008464651041123336,1366.6666666666667,0.01662059675303563,True,0.005418448243290186,0.07228274722037849,True,True,True,True,True,14,True,False,True,False,True,False,True,False,True,0,7,True,14,15,24,15,,,,False,False,False,
278,2026-08-11T01:00:46.582740,shadow,analysis_full,silero,webrtc,False,0.002575308084487915,True,True,False,1,False,True,False,0,0.0,,,,,,,,,,,,,0.009692252957025478,0.7591252773527236,0.19362144527521793,0.04725327726888316,,,,,,,,,,,,,,False,True,temporal_v1,False,0.00030249089707740914,0.0918580375782881,3.747098471421683,0.9169378994244917,76.00727424235376,1482.4332806153993,0.007357634214174721,0.0018766280255122778,0.00045799071633847766,0.0,0.0,0.026525271271416982,0.025651399217318238,0.00325727544072712,0.025637729235116702,0.06797802063649068,20.4224927542416,0.00156401064707157,1.6816099216205649,-0.0010015687876083828,1366.6666666666667,0.008563353470465189,True,0.004488450242206454,0.026525271271416982,True,True,False,False,False,0,True,False,True,False,True,False,True,False,True,0,8,False,0,15,24,15,,,,False,False,False,
279,2026-08-11T01:00:46.590020,shadow,analysis_full,silero,webrtc,False,0.0023972084745764732,True,True,False,1,False,True,False,0,0.0,,,,,,,,,,,,,0.01268541106753207,0.7269109711284774,0.21768547803891958,0.05540355075377228,,,,,,,,,,,,,,False,True,temporal_v1,False,0.0003447372701153292,0.11482254697286012,3.908859045426087,0.9080826264630101,77.1117222520208,1506.6062142995936,0.009221164478263672,0.00276142977235592,0.0007028168159124777,0.0,0.0,0.026400243046015032,0.02576807951784684,0.003189854051221217,0.02555599886818768,0.06417952764062856,15.87216559023024,0.0011093227825601528,1.7691202282261387,-0.0010637638024505525,1466.6666666666667,0.007782399275753226,True,0.00375209201592952,0.026400243046015032,True,True,False,False,False,0,True,False,True,False,True,False,True,False,True,0,9,False,0,15,24,15,,,,False,False,False,
280,2026-08-11T01:00:46.595230,shadow,analysis_full,silero,webrtc,False,0.0021808291785418987,True,True,False,1,False,True,False,0,0.0,,,,,,,,,,,,,0.012226940305199432,0.7365398521938799,0.20943374400272233,0.05402640372161107,,,,,,,,,,,,,,False,True,temporal_v1,False,0.0003396150224389779,0.09394572025052192,3.8512719521339815,0.9107418394565171,76.99325570227063,1503.0209783421262,0.009005628805174982,0.0025607338858157054,0.000660577613208743,0.0,0.0,0.02658380553248666,0.026202752743256705,0.0032135426241481873,0.02555599886818768,0.0621673630725568,13.875737841972306,0.0006546303437031286,1.6252989904907085,-0.000978142861106349,1466.6666666666667,0.01117878128796791,True,0.0032993409549817443,0.02658380553248666,True,True,False,False,False,0,True,False,True,False,True,False,True,False,False,0,0,False,0,15,24,24,,,,False,False,False,
281,2026-08-11T01:00:46.604340,shadow,analysis_full,silero,webrtc,False,0.0019323867745697498,True,True,False,1,False,True,False,0,0.0,,,,,,,,,,,,,0.01850416387340883,0.7330028217177292,0.2154578130178902,0.051539365210338646,,,,,,,,,,,,,,False,True,temporal_v1,False,0.0004202575052678122,0.1022964509394572,3.8622032106761335,0.9134061162034615,78.869658989259,1492.2430820321379,0.013563604332735938,0.003986866679889318,0.0009536928597835722,0.0,0.0,0.023565996552128623,0.023840830582112393,0.0029517993168270097,0.015240083507306887,0.062157395063674056,13.936141509351986,0.000394778898534803,1.554550589911409,-0.0009312505649689306,1433.3333333333335,0.012348686995020387,True,0.0029276558198034763,0.023565996552128623,True,True,False,False,False,0,True,False,True,False,True,False,True,False,False,0,0,False,0,15,24,24,,,,False,False,False,
282,2026-08-11T01:00:46.611428,shadow,analysis_full,silero,webrtc,False,0.0020934916101396084,True,True,False,1,False,True,False,0,0.0,,,,,,,,,,,,,0.01768581527808975,0.7439787981392525,0.20581664349577286,0.050204558308432144,,,,,,,,,,,,,,False,False,temporal_v1,False,0.0004070179622249249,0.10438413361169102,3.8255375482484735,0.9136632929161614,78.5912072653934,1497.9710923274456,0.013157871594706041,0.0036400351380226907,0.0008879085443610168,0.0,0.0,0.017138867133349105,0.01652140514150563,0.0027781010695758644,0.014469915199301422,0.04546414503328005,13.396045589524956,0.00025198550790830334,1.5498785868365377,-0.0009235651201366546,1366.6666666666667,0.012352572119154455,True,0.0026291825342923403,0.017138867133349105,True,True,False,False,False,0,True,False,True,False,True,False,True,False,False,0,0,False,0,15,24,24,,,,False,False,False,
283,2026-08-11T01:00:46.618355,shadow,analysis_full,silero,webrtc,False,0.0019509075209498405,True,True,False,1,False,True,False,0,0.0,,,,,,,,,,,,,0.028926766824131797,0.7413597577968152,0.2079871208753763,0.05065312129323845,,,,,,,,,,,,,,False,False,temporal_v1,False,0.0005175211126791267,0.09394572025052192,3.860318602066551,0.9128674142779941,80.6837680748551,1501.1628719648065,0.021445140846583298,0.006016394947984525,0.0014652310285639739,0.0,0.0,0.016653841196571942,0.015844161415896972,0.00270690550557027,0.014320042287801683,0.04462210713031921,13.397266821415567,0.00021602835697429027,1.4788401474032438,-0.0008787347236004109,1400.0,0.014459686561544068,True,0.002486258279532194,0.016653841196571942,False,True,False,False,False,0,True,False,True,False,True,False,True,False,False,0,0,False,0,15,24,24,,,,False,False,False,
284,2026-08-11T01:00:46.624416,shadow,analysis_full,silero,webrtc,False,0.001966767245903611,True,True,False,1,False,True,False,0,0.0,,,,,,,,,,,,,0.03415868212004295,0.7284879937504954,0.21884567885448275,0.05266632736574673,,,,,,,,,,,,,,False,False,temporal_v1,False,0.0005658337685081042,0.081419624217119,3.9033527369769647,0.9101843158560493,81.4488742061141,1496.8391801750047,0.02488418980679101,0.007475479977335281,0.0017990123349166615,0.0,0.0,0.009904481696701443,0.007917063611153609,0.002775148000209752,0.010906019111990793,0.04928590745747063,11.982033531641296,0.00014807947048897538,1.7745051260229217,-0.0010703348180331016,1433.3333333333335,0.007962851058207343,True,0.002289018826559186,0.009904481696701443,False,True,False,False,False,0,True,False,True,False,True,False,True,False,False,0,0,False,0,15,24,24,,,,False,False,False,
285,2026-08-11T01:00:46.632154,shadow,analysis_full,silero,webrtc,False,0.001812071306630969,True,True,False,1,False,True,False,0,0.0,,,,,,,,,,,,,0.04110285783361323,0.7356768402428202,0.2128010357400731,0.05152212399277749,,,,,,,,,,,,,,False,False,temporal_v1,False,0.0006186948755707433,0.08977035490605428,3.8831197457949016,0.9113576124511109,82.23244095536464,1492.4105650924032,0.03023842057598243,0.008746730718869873,0.002117706537760926,0.0,0.0,0.00994470314433455,0.008069722285953896,0.0022421434303152602,0.00906160100802117,0.05031766017685781,11.070096491302987,0.00010139023413967026,2.106695855700885,-0.0012935504004113563,1433.3333333333335,0.003983314271517631,True,0.0021371603943407536,0.00994470314433455,False,True,False,False,False,0,True,False,True,False,True,False,True,False,False,0,0,False,0,15,24,24,,,,False,False,False,
286,2026-08-11T01:00:46.639910,shadow,analysis_full,silero,webrtc,False,0.001752078882418573,True,True,False,1,False,True,False,0,0.0,,,,,,,,,,,,,0.04687664282458946,0.729889092262051,0.21789915723517636,0.052211750481439945,,,,,,,,,,,,,,False,False,temporal_v1,False,0.0006635703992996569,0.10647181628392484,3.9108539259352733,0.9103206742707826,82.8371955445386,1499.0379238751314,0.03421475027953199,0.01021438096549242,0.0024475115785650473,0.0,0.0,0.009578715446465063,0.007925659458974946,0.0020879462766298126,0.009254346663591439,0.05049018029302728,10.688446674069088,0.00011649848488984138,1.6026662897436343,-0.0009626256330844249,1433.3333333333335,0.011953049946088737,True,0.00203012942802161,0.009578715446465063,False,True,False,False,False,0,True,False,True,False,True,False,True,False,False,0,0,False,0,15,24,24,,,,False,False,False,
287,2026-08-11T01:00:46.648257,shadow,analysis_full,silero,webrtc,False,0.001687941956333816,True,True,False,1,False,True,False,0,0.0,,,,,,,,,,,,,0.05404948366840311,0.7367091286212603,0.2101344778484787,0.05315639351175955,,,,,,,,,,,,,,False,False,temporal_v1,False,0.0007114834974600184,0.14822546972860126,3.8845753363764772,0.9114345058928089,83.4493468197079,1491.6867568989876,0.039818748015778296,0.011357660028639764,0.002873075622985057,0.0,0.0,0.008943091642212766,0.007198023978112095,0.0021293274531666052,0.01768502595786837,0.04676376163533633,6.563184094352517,0.00012877045203704013,1.8159667341811423,-0.0010929924432756721,1433.3333333333335,0.0069232510470321786,True,0.001958837383426726,0.008943091642212766,False,True,False,False,False,0,True,False,True,False,True,False,True,False,False,0,0,False,0,15,24,24,,,,False,False,False,
288,2026-08-11T01:00:46.654381,shadow,analysis_full,silero,webrtc,False,0.001687941956333816,True,True,False,1,False,True,False,0,0.0,,,,,,,,,,,,,0.05493589271162013,0.7326031257986229,0.21519474092807234,0.052202133255101806,,,,,,,,,,,,,,False,False,temporal_v1,False,0.0007199606793280959,0.11899791231732777,3.9094490922751004,0.9105327686801443,83.54812724958893,1496.9321745761004,0.04024620671907069,0.011821915199729471,0.0028677707918199702,0.0,0.0,0.005178467968286559,0.004341957709746998,0.0014747848168864945,0.017892061679386916,0.027791359439874156,4.654581065761624,0.00012335618473576057,1.6369033518161022,-0.0009853933882890162,1433.3333333333335,0.011172409924857789,True,0.0019416471477597952,0.005178467968286559,False,True,False,False,False,0,True,False,True,False,True,False,True,False,False,0,0,False,0,15,24,24,,,,False,False,False,
289,2026-08-11T01:00:46.660741,shadow,analysis_full,silero,webrtc,False,0.001583755947649479,True,True,False,1,False,True,False,0,0.0,,,,,,,,,,,,,0.056535762928599693,0.7337046474377348,0.21248887805857272,0.05380647448600457,,,,,,,,,,,,,,False,False,temporal_v1,False,0.0007262733146827853,0.10855949895615867,3.893432477781926,0.909550549976805,83.61942040817992,1501.613933550264,0.041480552007151596,0.012013220834883596,0.0030419900855645026,0.0,0.0,0.004542839739162141,0.004067410911265692,0.0011966355259756393,0.01766036407729153,0.026544246265858974,3.8867289375382623,0.00014517435116178517,1.650969489710274,-0.0009863507067424354,1433.3333333333335,0.010458392424013276,True,0.0018722290406003594,0.004542839739162141,False,True,False,False,False,0,True,False,True,False,True,False,True,False,False,0,0,False,0,15,24,24,,,,False,False,False,
290,2026-08-11T01:00:46.665474,shadow,analysis_full,silero,webrtc,False,0.0016507258405908942,True,True,False,1,False,True,False,0,0.0,,,,,,,,,,,,,0.06136996485264656,0.7371680899050045,0.2115725228286648,0.051259387250036224,,,,,,,,,,,,,,False,False,temporal_v1,False,0.0007583626235653693,0.10855949895615867,3.8964796955662067,0.910613804177736,84.00070961430715,1494.5074219713797,0.04523997976796272,0.012984198289780919,0.003145786793902922,0.0,0.0,0.004565289240202506,0.003949506910463428,0.0010533968563008662,0.01730259509394027,0.025360410259501125,3.4459945182081504,0.00011848830385894635,1.8565227185943025,-0.0011192566160930322,1433.3333333333335,0.006653909463027509,True,0.001782075094524771,0.004565289240202506,False,True,False,False,False,0,True,False,True,False,True,False,True,False,False,0,0,False,0,15,24,24,,,,False,False,False,
291,2026-08-11T01:00:46.671723,shadow,analysis_full,silero,webrtc,False,0.0015310578746721148,True,True,False,1,False,True,False,0,0.0,,,,,,,,,,,,,0.06681882371485293,0.7370678863531623,0.2087086085473001,0.0542235050845716,,,,,,,,,,,,,,False,False,temporal_v1,False,0.000794398771892135,0.12317327766179541,3.8900772584815178,0.9113480535751274,84.40810643870523,1493.9142897283928,0.04925000916411121,0.013945663722294293,0.003623150827447421,0.0,0.0,0.004527204463679725,0.004017135144827611,0.00124601874614189,0.0179455725869241,0.02444415394601773,3.274643623278544,7.418496523630934e-05,1.697036920627172,-0.0010225430586607628,1400.0,0.009390704834355243,True,0.0017200104193761945,0.004527204463679725,False,True,False,False,False,0,True,False,True,False,True,False,True,False,False,0,0,False,0,15,24,24,,,,False,False,False,
292,2026-08-11T01:00:46.677149,shadow,analysis_full,silero,webrtc,False,0.0014953740173950791,True,True,False,1,False,True,False,0,0.0,,,,,,,,,,,,,0.05610247592529497,0.7267930702086768,0.22082814104357817,0.05237878872992055,,,,,,,,,,,,,,False,False,temporal_v1,False,0.0007270370357261138,0.1440501043841336,3.9397586662205923,0.9091797557912932,83.62679437084891,1494.2345124200497,0.040774890724053506,0.012389005466524987,0.0029385797337164793,0.0,0.0,0.004301125777416959,0.0041736254452068204,0.0010556538537765188,0.020788959139047353,0.01992197777337113,3.3107294671314955,0.00010099383684365205,1.920682543587702,-0.0011692598315242804,1433.3333333333335,0.006161098404631877,True,0.001687941956333816,0.004301125777416959,False,True,False,False,False,0,True,False,True,False,True,False,True,False,False,0,0,False,0,15,24,24,,,,False,False,False,
293,2026-08-11T01:00:46.682959,shadow,analysis_full,silero,webrtc,False,0.0014734194846823812,True,True,False,1,False,True,False,0,0.0,,,,,,,,,,,,,0.07122065057255468,0.7376331505047921,0.20710377444834824,0.05526307503281867,,,,,,,,,,,,,,False,False,temporal_v1,False,0.000815583028375862,0.1127348643006263,3.8945581922195966,0.9096794621215117,84.62910575488898,1500.0786777048613,0.05253471286283443,0.014750065552242989,0.0039358721564772495,0.0,0.0,0.0037714595254130004,0.004299899180754383,0.0011870439075284758,0.019872502110918185,0.015818809440311495,3.1619524974164457,0.00010143609110957936,1.7720563532152325,-0.001061798438571358,1433.3333333333335,0.007881577866879002,True,0.0016693338984623551,0.0037714595254130004,False,True,False,False,False,0,True,False,True,False,True,False,True,False,False,0,0,False,0,15,24,24,,,,False,False,False,
294,2026-08-11T01:00:46.688555,shadow,analysis_full,silero,webrtc,False,0.001310361665673554,True,True,False,1,False,True,False,0,0.0,,,,,,,,,,,,,0.06530621914411842,0.7404138153800021,0.20856021929848456,0.05102596530620072,,,,,,,,,,,,,,False,False,temporal_v1,False,0.000782057120627388,0.10855949895615867,3.874296121616709,0.9123323697295234,84.27657184874514,1492.3999436099084,0.04835362688453926,0.013620279386252229,0.0033323128723269277,0.0,0.0,0.003859388533773934,0.004139135015526384,0.0013106235505537262,0.016831435800205737,0.017607505633919805,3.3373578164393103,5.86431947069673e-05,1.6750469847891445,-0.001000003010015361,1400.0,0.009553140719777925,True,0.0016172408941201866,0.003859388533773934,False,True,False,False,False,0,True,False,True,False,True,False,True,False,False,0,0,False,0,15,24,24,,,,False,False,False,
295,2026-08-11T01:00:46.693581,shadow,analysis_full,silero,webrtc,False,0.001317702466621995,True,True,False,1,False,True,False,0,0.0,,,,,,,,,,,,,0.06975708209053486,0.7313200818276222,0.21490070034625988,0.05377921781178241,,,,,,,,,,,,,,False,False,temporal_v1,False,0.0008093607758019679,0.08559498956158663,3.890986779450277,0.910929537651471,84.56844209889175,1498.9045250521433,0.05101475498250611,0.014990845795367483,0.00375148131166126,0.0,0.0,0.00397610841580827,0.004200402758122478,0.0012815156566878898,0.01753653444676409,0.017108961390983578,3.2687878160538224,9.113977385378744e-05,1.651648055202155,-0.0009873950642253814,1433.3333333333335,0.010135718769903419,True,0.0015574069111607969,0.00397610841580827,False,True,False,False,False,0,True,False,True,False,True,False,True,False,False,0,0,False,0,15,24,24,,,,False,False,False,
296,2026-08-11T01:00:46.700286,shadow,analysis_full,silero,webrtc,False,0.0015626841923221946,True,True,True,1,False,True,False,0,0.0,,,,,,,,,,,,,0.12954234672812553,0.47297760153539636,0.4709885017217713,0.05603389673511288,,,,,,,,,,,,,,False,False,temporal_v1,False,0.001077554312775584,0.1544885177453027,4.008848467345645,0.8549449239758886,86.78189071711708,1642.2325810669242,0.061270628452735516,0.06101295579500205,0.007258762479387974,0.0,0.0,0.07864045065859272,0.07774131998981197,0.0015516159769295684,0.02046461521601,0.03741854201099205,43.97308052583899,0.002814778089549795,1.139627185282226,-0.0006758952477052427,1866.6666666666667,0.027898378237343837,True,0.0015468710334971547,0.07864045065859272,False,True,True,False,False,0,True,True,True,True,True,True,True,False,False,1,0,False,0,15,24,24,,,,False,False,False,
297,2026-08-11T01:00:46.705384,shadow,analysis_full,silero,webrtc,False,0.010387917049229145,True,True,True,1,False,True,False,0,0.0,,,,,,,,,,,,,1.125600344806483,0.07030488117656919,0.8323849685435392,0.09731015027900311,,,,,,,,,,,,,,False,False,temporal_v1,False,0.003144071473574382,0.18997912317327767,3.5281502851963578,0.8054776267908641,95.82757199478618,1758.7186930478106,0.0791351984939251,0.9369328076043413,0.10953233870721658,0.0,0.0,0.2059408501183884,0.19343597342692512,0.01328478329963277,0.028294840078688557,0.12050319167671512,85.66441925469248,0.009698313004805791,1.4202216063305746,-0.0008455910740596199,1933.3333333333335,0.009262915285086153,True,0.0015468710334971547,0.2059408501183884,False,True,True,False,False,0,True,True,True,True,True,True,True,False,False,2,0,False,0,15,24,24,,,,False,False,False,
298,2026-08-11T01:00:46.710555,shadow,analysis_full,silero,webrtc,False,0.010252631269395351,True,True,True,1,False,True,False,0,0.0,,,,,,,,,,,,,3.2056827604281026,0.07537271273933839,0.870373497382948,0.054253789877401704,,,,,,,,,,,,,,False,False,temporal_v1,False,0.0052873555251695195,0.17536534446764093,3.241605695375516,0.8152574110932694,100.39543641850116,1820.0202033844391,0.2416210058351967,2.7901413156940307,0.17392043889787534,0.0,0.0,0.2633964536457306,0.2547596841087525,0.013213506771476887,0.03183698962957537,0.2230268180066515,118.83257475231147,0.009113663577142453,0.9959849338019491,-0.0005797528433901904,1800.0000000000002,0.016622086722479272,True,0.0015468710334971547,0.2633964536457306,False,True,True,False,False,0,True,True,True,True,True,True,True,False,False,3,0,False,0,15,24,24,,,,False,False,False,
299,2026-08-11T01:00:46.716752,shadow,analysis_full,silero,webrtc,False,0.007503340486437082,True,True,True,1,False,True,False,0,0.0,,,,,,,,,,,,,4.813091749965445,0.07505781845383411,0.9030418875746257,0.021900293971332363,,,,,,,,,,,,,,False,True,temporal_v1,False,0.006479115252916301,0.16075156576200417,3.0910563624009546,0.8657734901647121,102.42188576113745,1682.5977293450337,0.3612601667705531,4.346423458958654,0.10540812423523778,0.0,0.0,0.2961132730340494,0.2943595797862211,0.017104157364402565,0.03199062911679867,0.305980222085838,120.8553107346311,0.012989424575822719,0.9784847768889211,-0.0005689502637250099,1500.0,0.012737472948163473,True,0.0015468710334971547,0.2961132730340494,False,True,True,False,False,0,True,True,True,True,True,True,True,False,False,4,0,False,0,15,24,24,,,,False,False,False,
300,2026-08-11T01:00:46.722296,shadow,analysis_full,silero,webrtc,False,0.0073288436979055405,True,True,True,1,False,True,False,0,0.0,,,,,,,,,,,,,1.9376246726782844,0.3232406157408863,0.6635193656094359,0.013240018649161705,,,,,,,,,,,,,,False,True,temporal_v1,False,0.004111324416083971,0.13778705636743216,2.8570706497214036,0.8996804286613803,98.63744234808705,1396.5131555176515,0.626318992271262,1.2856514936046861,0.02565418680133633,0.0,0.0,0.29039817671025925,0.291288557057316,0.021192739277677303,0.030626383071881636,0.3941201942415303,131.52157770616364,0.013292849956588174,1.5724924490017893,-0.0009393596232185893,1333.3333333333335,0.0024767697341312083,True,0.0015468710334971547,0.29039817671025925,False,True,True,False,False,0,True,True,True,True,True,True,True,False,False,5,0,False,0,15,24,24,,,,False,False,False,
301,2026-08-11T01:00:46.727822,shadow,analysis_full,silero,webrtc,False,0.0066198501735925674,True,True,True,1,True,True,False,1,0.0,,,,,,,,,,,,,1.8381044911698203,0.6287727070145079,0.36234064273933186,0.00888665024561608,,,,,,,,,,,,,,False,True,temporal_v1,False,0.00400283686308818,0.1336116910229645,2.790881942921835,0.919845994012497,98.50113444383906,1303.9254057897847,1.1557499366883726,0.6660199627525253,0.016334591727922305,0.0,0.0,0.2821008837292284,0.28042148139691275,0.024583654446997994,0.03023610353274601,0.4528340195232744,154.0783883650063,0.014972087906795365,1.4022410401677294,-0.0008390388011673751,1166.6666666666667,0.0036221039474357455,True,0.004091267182957381,0.2821008837292284,True,True,True,True,True,1,True,True,True,True,True,True,True,False,False,6,0,True,1,15,24,24,,,,False,False,False,
302,2026-08-11T01:00:46.733974,shadow,analysis_full,silero,webrtc,False,0.007422377355396748,True,True,True,1,True,True,False,1,0.0,,,,,,,,,,,,,2.9076074941615007,0.1939109186618263,0.7845459588566364,0.021543122481193323,,,,,,,,,,,,,,False,True,temporal_v1,False,0.005032830074578716,0.1524008350730689,3.003870509008576,0.8864078238393913,100.3299306667918,1639.0993650616676,0.5638168403008673,2.2811517094856764,0.06263894437395681,0.0,0.0,0.276605698992172,0.27618748577873065,0.02555589630886371,0.030442966402602394,0.45140827390901656,154.12174001566794,0.012441169529516788,0.9066622276083695,-0.0005247744263246813,1400.0,0.015427955355606583,True,0.006974346935749054,0.276605698992172,True,True,True,True,True,2,True,True,True,True,True,True,True,False,False,7,0,True,2,15,24,24,,,,False,False,False,
303,2026-08-11T01:00:46.740506,shadow,analysis_full,silero,webrtc,False,0.005583456251770258,True,True,True,1,True,True,False,1,0.0,,,,,,,,,,,,,3.8926183677585713,0.049927744284520945,0.908980276900366,0.04109197881485612,,,,,,,,,,,,,,False,True,temporal_v1,False,0.00582512818524541,0.1732776617954071,3.2047746650344866,0.843033383718826,101.38211135432728,1797.9752090188792,0.19434965446267927,3.5383133217926366,0.15995539150225502,0.0,0.0,0.2707596349720483,0.2687616473338372,0.025245565838401176,0.030213752613198395,0.4252827638591828,165.435688653682,0.014983965045995565,0.9457467879128636,-0.0005514247843174032,1700.0000000000002,0.02080011062853467,True,0.006974346935749054,0.2707596349720483,True,True,True,True,True,3,True,True,True,True,True,True,True,False,False,8,0,True,3,15,24,24,,,,False,False,False,
304,2026-08-11T01:00:46.745605,shadow,analysis_full,silero,webrtc,False,0.005583456251770258,True,True,True,1,True,True,False,1,0.0,,,,,,,,,,,,,3.3015828874903965,0.05090559660489724,0.8319731120260386,0.11712129136876122,,,,,,,,,,,,,,False,True,temporal_v1,False,0.005361559838208684,0.21920668058455114,3.7890057984745504,0.7584857642924421,100.20352572861397,1878.1233624554302,0.16806904662821795,2.7468281895173,0.3866856513438787,0.0,0.0,0.2456568838255737,0.23593759871932354,0.03392731320453106,0.03405931275078599,0.41540609412635326,179.4680410385732,0.010222424995367223,1.4296104677575798,-0.0008297214212145184,2400.0,0.007345792541226168,True,0.006974346935749054,0.2456568838255737,True,True,True,True,True,4,True,True,True,True,True,True,True,False,False,9,0,True,4,15,24,24,,,,False,False,False,
305,2026-08-11T01:00:46.753508,shadow,analysis_full,silero,webrtc,False,0.003425971604883671,True,True,True,1,True,True,False,1,0.0,,,,,,,,,,,,,3.850995121264452,0.057038516630720015,0.857043367427529,0.08591811594149129,,,,,,,,,,,,,,False,True,temporal_v1,False,0.005784877770484459,0.22964509394572025,3.7916698454541806,0.7753354553993143,100.95885907388231,1861.9313403850883,0.2196550492690641,3.3004698266754713,0.3308702453189165,0.0,0.0,0.19665697372351895,0.1802578905963734,0.03574709654469244,0.03056940635527098,0.40313511783361317,183.55915059349064,0.005355380965522045,1.303474969866676,-0.0007530350935580788,2233.3333333333335,0.008965907415747067,True,0.006974346935749054,0.19665697372351895,True,True,True,True,True,5,True,True,True,True,True,True,True,False,True,0,0,True,5,15,24,15,,,,False,False,False,
306,2026-08-11T01:00:46.759609,shadow,analysis_full,silero,webrtc,False,0.0036530750803649426,True,True,True,1,True,True,False,1,0.0,,,,,,,,,,,,,3.756230341735862,0.04303498773425836,0.8663080773731459,0.09065693489232951,,,,,,,,,,,,,,True,True,temporal_v1,False,0.005716880524607511,0.23173277661795408,3.5844963800949117,0.7544670378827824,100.73780506533005,1903.3619749937216,0.1616493266836519,3.254052685519869,0.34052832953134066,0.0,0.0,0.17837086209727293,0.15689240866988258,0.03762374404408148,0.034509337738511676,0.34809387225301835,194.8255860934533,0.008231680025679564,1.2543700757519871,-0.000726268891768418,2266.666666666667,0.00880094307920147,True,0.006974346935749054,0.17837086209727293,True,True,True,True,True,6,True,True,True,True,True,True,True,False,True,0,0,True,6,15,24,15,,,,False,False,False,
307,2026-08-11T01:00:46.765261,shadow,analysis_full,silero,webrtc,False,0.0031557143665850163,True,True,True,1,True,True,False,1,0.0,,,,,,,,,,,,,2.77182173201057,0.038213040894306285,0.8195922955825435,0.14219466352278942,,,,,,,,,,,,,,True,True,temporal_v1,False,0.004910552038596874,0.2359081419624217,3.570546239294009,0.7376956791739897,99.31973329562553,1944.3953371573464,0.10591973719704678,2.2717637362841248,0.3941382585283984,0.0,0.0,0.18017695045508014,0.15657754284957018,0.04444041293538521,0.038327033794949214,0.35123382820618226,207.5654417648637,0.004993430711156643,1.6691652811384166,-0.0009762219286163327,2466.666666666667,0.003043680244878071,True,0.006101653212681413,0.18017695045508014,True,True,True,True,True,7,True,True,True,True,True,True,True,False,True,0,0,True,7,15,24,15,,,,False,False,False,
308,2026-08-11T01:00:46.770509,shadow,analysis_full,silero,webrtc,False,0.0032155411317944527,True,True,True,1,True,True,False,1,0.0,,,,,,,,,,,,,1.9021057644599657,0.06320884609646353,0.7347569220717217,0.202034231831289,,,,,,,,,,,,,,False,True,temporal_v1,False,0.004069013017216767,0.2630480167014614,3.7342382743798144,0.6916190168372164,97.40713516082366,2051.3646163902877,0.1202299105249461,1.3975853769494837,0.3842904769845359,0.0,0.0,0.1807407848227524,0.15460996102382665,0.06148225592187554,0.04463737002317021,0.37442328542941233,228.90777074753467,0.00810162287479087,1.4625640199915004,-0.0008515720828711368,2766.666666666667,0.0070213179143739585,True,0.005583456251770258,0.1807407848227524,True,True,True,True,True,8,True,True,True,True,True,True,True,False,True,0,0,True,8,15,24,15,,,,False,False,False,
309,2026-08-11T01:00:46.775559,shadow,analysis_full,silero,webrtc,False,0.004071929957717657,True,True,True,1,True,True,False,1,0.0,,,,,,,,,,,,,0.9723306365937784,0.08930823202268791,0.20920737663484973,0.7014843913414339,,,,,,,,,,,,,,False,True,temporal_v1,False,0.0029153761565470482,0.31315240083507306,3.4685032031757292,0.5316897900744779,93.37087736243099,2380.7055855655613,0.086837130095685,0.2034187417034778,0.6820747647936156,0.0,0.0,0.18018122210552773,0.22184333937814735,0.19545229953670612,0.055474643120132006,0.36618193229233437,295.665863861598,0.011372534578979278,1.1050892745508325,-0.0006328237504310325,3000.0,0.013324553248159938,True,0.0048276931047439575,0.18018122210552773,True,True,True,True,True,9,True,True,True,True,True,True,True,False,True,0,0,True,9,15,24,15,,,,False,False,False,
310,2026-08-11T01:00:46.781646,shadow,analysis_full,silero,webrtc,False,0.00854799896478653,True,True,True,1,True,True,False,1,0.0,,,,,,,,,,,,,0.22462308617050267,0.14239888001306314,0.11649949858458487,0.7411016213979,,,,,,,,,,,,,,False,True,temporal_v1,False,0.0014166269696736112,0.30062630480167013,3.743779002653264,0.5226318857556821,87.02588270682797,2388.610810989812,0.03198607589575735,0.026168476909385563,0.16646853336435974,0.0,0.0,0.17111000773347776,0.2838221630401851,0.2589930775880077,0.05608410973501457,0.3349661881910519,304.6617790054799,0.007401628738557138,1.167214638360877,-0.0006803560512615768,3100.0,0.01605026258161846,True,0.0048276931047439575,0.17111000773347776,True,True,True,True,True,10,True,True,True,True,True,True,True,False,True,0,0,True,10,15,24,15,,,,False,False,False,
311,2026-08-11T01:00:46.789455,shadow,analysis_full,silero,webrtc,False,0.01569203846156597,True,True,True,1,True,True,False,1,0.0,,,,,,,,,,,,,0.14330105489010023,0.30306254776081776,0.1653340867580049,0.531603365474199,,,,,,,,,,,,,,False,True,temporal_v1,False,0.0011564110546786503,0.29227557411273486,4.017229092538981,0.6286973158245541,86.06295053160162,2169.6213733578497,0.04342918279180657,0.023692549041713452,0.0761793230555802,0.0,0.0,0.08188338682223589,0.30878428178778006,0.2647627819806309,0.0500282128030136,0.28537017371282275,233.39938074944618,0.005370382751131622,1.1957283501458518,-0.0007036654735520821,3033.3333333333335,0.023468725060858474,True,0.0048276931047439575,0.08188338682223589,True,True,True,True,True,11,True,True,True,True,True,True,True,False,True,0,0,True,11,15,24,15,,,,False,False,False,
312,2026-08-11T01:00:46.795044,shadow,analysis_full,silero,webrtc,False,0.017924822866916656,True,True,True,1,True,True,False,1,0.0,,,,,,,,,,,,,0.9488249310595752,0.07402463752905895,0.059021178513788464,0.8669541839560987,,,,,,,,,,,,,,False,True,temporal_v1,False,0.0028872571769486526,0.33820459290187893,3.1097788699513766,0.7033233854535137,94.49958713778678,2408.092102624219,0.07023642160021941,0.05600076563440022,0.8225877438239556,0.0,0.0,0.07629586839020273,0.34671824350846964,0.30469889602534317,0.04809107428923374,0.2646001528291013,227.94112833673572,0.009372799218707789,1.6261094313051365,-0.0009569766959911025,2933.3333333333335,0.002972700438574794,True,0.0048276931047439575,0.07629586839020273,True,True,True,True,True,12,True,True,True,True,True,True,True,False,True,0,0,True,12,15,24,15,,,,False,False,False,
313,2026-08-11T01:00:46.800764,shadow,analysis_full,silero,webrtc,False,0.01325925625860691,True,True,True,1,True,True,False,1,0.0,,,,,,,,,,,,,2.076569585127311,0.07351482869198281,0.14067665815005728,0.7858085131574781,,,,,,,,,,,,,,False,True,temporal_v1,False,0.004265229757598357,0.3298538622129436,3.5050787348308208,0.6270489313541002,97.39125783545235,2415.995326440069,0.1526586573176161,0.29212486965176104,1.6317860581569337,0.0,0.0,0.07534484952969528,0.34530335902127157,0.3105569162490747,0.04257490872490356,0.23304055474589885,227.3074512433773,0.008875203018998858,0.9602786458646952,-0.0005443528730352257,3000.0,0.018670889876553288,True,0.0048276931047439575,0.07534484952969528,True,True,True,True,True,13,True,True,True,True,True,True,True,False,True,0,0,True,13,15,24,15,,,,False,False,False,
314,2026-08-11T01:00:46.809461,shadow,analysis_full,silero,webrtc,False,0.00820954144001007,True,True,True,1,True,True,False,1,0.0,,,,,,,,,,,,,2.008384955233863,0.08576374078371071,0.35353642873970265,0.5606998304760886,,,,,,,,,,,,,,False,True,temporal_v1,False,0.00419121808618775,0.325678496868476,3.902204501440273,0.5744342359010243,96.85925793901177,2292.781772739537,0.17224660669458147,0.7100372446079275,1.126101103930354,0.0,0.0,0.07409085096608777,0.3258222479838031,0.29446308489953776,0.04046013042296665,0.2429579653599766,213.08986589703116,0.006448325354699997,1.1244277819574604,-0.0006352079110794502,3066.666666666667,0.01675124899563853,True,0.006140735698863864,0.07409085096608777,True,True,True,True,True,14,True,True,True,True,True,True,True,False,True,0,0,True,14,15,24,15,,,,False,False,False,
315,2026-08-11T01:00:46.818424,shadow,analysis_full,silero,webrtc,False,0.011542301625013351,True,True,True,1,True,True,False,1,0.0,,,,,,,,,,,,,1.595181804821606,0.14907537413690708,0.6007822785029463,0.25014234735951957,,,,,,,,,,,,,,False,True,temporal_v1,False,0.003732820521721209,0.24008350730688935,3.936051946784634,0.701721901923726,96.72082447352835,2040.94079606883,0.2378023243701676,0.9583569593271667,0.3990225211232715,0.0,0.0,0.07427673614648797,0.30049313807826133,0.27657347784464864,0.03910436401579527,0.25535256502153925,191.94651141044858,0.006996058598736673,1.1780874825808811,-0.0006842553915243787,2833.3333333333335,0.017596504689330775,True,0.0083787702023983,0.07427673614648797,True,True,True,True,True,15,True,True,True,True,True,True,True,False,True,0,0,True,15,15,24,15,webrtc_assisted,,cooldown,False,False,False,
316,2026-08-11T01:00:46.824492,shadow,analysis_full,silero,webrtc,False,0.01104467362165451,True,True,True,1,True,True,False,1,0.0,,,,,,,,,,,,,1.367030707597801,0.11943843023640438,0.6973504031023056,0.1832111666605585,,,,,,,,,,,,,,False,True,temporal_v1,False,0.003450413617814573,0.2150313152400835,3.8037367217998588,0.7555109007457512,96.35787432415712,1930.269278153673,0.16327600180044247,0.9532994149965566,0.25045529079980194,0.0,0.0,0.07125872444007708,0.27808294337100276,0.2644281522984301,0.0417019512880104,0.25757212530582396,187.9215271396039,0.00633192179184149,0.9686489924813878,-0.0005385918043766071,2833.3333333333335,0.020704193758206504,True,0.00979633629322052,0.07125872444007708,True,True,True,True,True,16,True,True,True,True,True,True,True,False,True,0,0,True,16,15,24,15,,,,False,False,False,
317,2026-08-11T01:00:46.832249,shadow,analysis_full,silero,webrtc,False,0.007901309058070183,True,True,True,1,True,True,False,1,0.0,,,,,,,,,,,,,1.6120424023237365,0.11920936246793852,0.7177273625814422,0.16306327494999878,,,,,,,,,,,,,,False,True,temporal_v1,False,0.0037430961104526522,0.23382045929018788,3.3046063668212358,0.763544194780704,97.11094409871146,1907.7118965539798,0.1921705470522967,1.1570069417892677,0.262864913481172,0.0,0.0,0.06666164703703531,0.2636386170928836,0.26169175141274337,0.04195359227417276,0.28014834548040757,193.20355473802385,0.006580461813130755,1.0693641802614549,-0.0006158373776717365,2800.0,0.011099679503938175,True,0.00979633629322052,0.06666164703703531,True,True,True,True,True,17,True,True,True,True,True,True,True,False,True,0,0,True,17,15,24,15,,,,False,False,False,
318,2026-08-11T01:00:46.839377,shadow,analysis_full,silero,webrtc,False,0.009578443132340908,True,True,True,1,True,True,False,1,0.0,,,,,,,,,,,,,1.0699958637036768,0.19243727970184,0.7021151155319445,0.10544760476528078,,,,,,,,,,,,,,False,True,temporal_v1,False,0.003052965638451152,0.1941544885177453,3.5916074558184192,0.8107680314856512,95.60092215095301,1872.3480003968693,0.20590709330335633,0.7512602694630098,0.11282850093631056,0.0,0.0,0.06655710571583885,0.25938754475957515,0.2739548081742507,0.04992181421032441,0.2792542305713909,213.269055310706,0.0059789854722801725,0.8694822231050517,-0.0005001598060934278,2000.0000000000002,0.028023536990189495,True,0.01031155837699771,0.06655710571583885,True,True,True,True,True,18,True,True,True,True,True,True,True,False,True,0,0,True,18,15,24,15,,,,False,False,False,
319,2026-08-11T01:00:46.846109,shadow,analysis_full,silero,webrtc,False,0.009106900542974472,True,True,True,1,True,True,False,1,0.0,,,,,,,,,,,,,1.0222651950628827,0.112712735993218,0.8112837471160752,0.07600351688972853,,,,,,,,,,,,,,False,True,temporal_v1,False,0.0029812327089775714,0.20041753653444677,3.2715450361907727,0.8081904186206207,95.38058320955302,1772.184315269403,0.1152223070461782,0.829347137996961,0.07769575001874345,0.0,0.0,0.06531535829578476,0.2824801884185473,0.28926557109473156,0.05338470343310771,0.2969194412759662,233.3879346884692,0.008386058228800012,1.212158244597987,-0.000692011292416902,1733.3333333333335,0.0063773301603955515,True,0.01031155837699771,0.06531535829578476,True,True,True,True,True,19,True,True,True,True,True,True,True,False,True,0,0,True,19,15,24,15,,,,False,False,False,
320,2026-08-11T01:00:46.850663,shadow,analysis_full,silero,webrtc,False,0.009106900542974472,True,True,True,1,True,True,False,1,0.0,,,,,,,,,,,,,0.6730802239927515,0.13123938017795825,0.8085541504413126,0.0602064693792434,,,,,,,,,,,,,,False,True,temporal_v1,False,0.0024226266414822182,0.162839248434238,3.5470221857437823,0.8326599216092752,93.70746107624495,1777.1147994002445,0.08833463140685001,0.5442218086893076,0.04052378389559388,0.0,0.0,0.06531171344342473,0.2803879024562607,0.287306334931092,0.06026897982162839,0.2944789940679947,235.06347999691843,0.006100855941994411,0.913773193812253,-0.0005312945177985181,1700.0000000000002,0.02294964522266411,True,0.01031155837699771,0.06531171344342473,True,True,True,True,True,20,True,True,True,True,True,True,True,False,True,0,0,True,20,15,24,15,,,,False,False,False,
321,2026-08-11T01:00:46.856736,shadow,analysis_full,silero,webrtc,False,0.007480085827410221,True,True,True,1,False,True,False,0,0.0,,,,,,,,,,,,,0.35157960519781306,0.179155053938307,0.7926920878345131,0.028152858224335685,,,,,,,,,,,,,,False,True,temporal_v1,False,0.0017531182319623629,0.16910229645093947,3.217911632183201,0.8562796356924036,91.0185466093502,1564.9712096126616,0.06298726313282288,0.27869437128428826,0.009897970779701944,0.0,0.0,0.03883968288585914,0.26709718669747257,0.2964928772226708,0.06353007378515302,0.2781040472325224,273.3971463691438,0.0099037770775938,1.6715017635208913,-0.0009947363049814708,1500.0,0.0034228285879678035,True,0.00934267183765769,0.03883968288585914,True,True,False,False,False,0,True,True,True,True,True,True,True,False,True,0,0,False,0,15,24,15,,,,False,False,False,
322,2026-08-11T01:00:46.862528,shadow,analysis_full,silero,webrtc,False,0.007191274780780077,True,True,True,1,False,True,False,0,0.0,,,,,,,,,,,,,0.20474285813497714,0.196621500918449,0.7891696717315233,0.014208827345143555,,,,,,,,,,,,,,False,True,temporal_v1,False,0.0013358063029893742,0.1524008350730689,3.3096455294216347,0.881851908728505,88.78392376418253,1509.9284673326554,0.04025684806883228,0.16157685414375375,0.0029091559213911106,0.0,0.0,0.04054952203136291,0.21199243080452007,0.24087203269203636,0.0593963147925758,0.2541278327041981,271.52556376535773,0.009776566891884818,1.1707345086417005,-0.0006875040065827333,1400.0,0.008017259647671311,True,0.009106900542974472,0.04054952203136291,True,True,False,False,False,0,True,True,True,True,True,True,True,False,True,0,0,False,0,15,24,15,,,,False,False,False,
323,2026-08-11T01:00:46.868699,shadow,analysis_full,silero,webrtc,False,0.005815381649881601,True,True,True,1,False,True,False,0,0.0,,,,,,,,,,,,,0.1645511159521817,0.17940801968689876,0.8099026500279625,0.010689330279061701,,,,,,,,,,,,,,False,True,temporal_v1,False,0.001200879879292332,0.1524008350730689,3.236851838781381,0.8887426098504166,87.89216810700145,1576.0647727160228,0.029521789850250175,0.13327038487473047,0.0017589412262010488,0.0,0.0,0.03649491385722557,0.13502068208386392,0.15746780469431457,0.05045976956661683,0.26994929172953447,227.9359501129427,0.007240577144624772,0.870928522528563,-0.0005148063442113382,1400.0,0.017551716833526534,True,0.008658220991492271,0.03649491385722557,True,True,False,False,False,0,True,True,True,True,True,True,True,False,True,0,0,False,0,15,24,15,,,,False,False,False,
324,2026-08-11T01:00:46.874270,shadow,analysis_full,silero,webrtc,False,0.006498568691313267,True,True,True,1,True,True,False,1,0.0,,,,,,,,,,,,,0.08843878831088016,0.29517448231452215,0.6944161805484724,0.010409337125698137,,,,,,,,,,,,,,False,True,temporal_v1,False,0.0008808023748239725,0.1419624217118998,3.3809134914796655,0.894636454395086,85.22544449125942,1363.2840024751931,0.026104873556187663,0.061413325591176286,0.0009205891625162033,0.0,0.0,0.05229355630701491,0.06709228673429228,0.07949107551152476,0.03368616860380785,0.23803345331799985,206.5082218331398,0.007827952560016595,1.4349030872885509,-0.0008631594609073212,1366.6666666666667,0.0045511211120031906,True,0.008504104800522327,0.05229355630701491,True,True,True,True,True,1,True,True,True,True,True,True,True,False,True,0,0,True,1,15,24,15,,,,False,False,False,
325,2026-08-11T01:00:46.880557,shadow,analysis_full,silero,webrtc,False,0.005503957159817219,True,True,True,1,True,True,False,1,0.0,,,,,,,,,,,,,0.05353258382311128,0.347097197850978,0.6429802809870379,0.009922521143304018,,,,,,,,,,,,,,False,True,temporal_v1,False,0.0006882208319034408,0.15031315240083507,3.3394922645613594,0.906316035392715,83.1355609112961,1361.4503772016935,0.01858100983872452,0.03442039578854625,0.0005311781948405163,0.0,0.0,0.0744053149005829,0.05887651259275592,0.06185331052511419,0.029883046307319503,0.17857623038224996,205.29102628613455,0.007540095443902804,1.5861499770851517,-0.0009507869681187151,1300.0,0.0036798815502770486,True,0.007690697442740202,0.0744053149005829,True,True,True,True,True,2,True,True,True,True,True,True,True,False,True,0,0,True,2,15,24,15,,,,False,False,False,
326,2026-08-11T01:00:46.885613,shadow,analysis_full,silero,webrtc,False,0.0031113841105252504,True,True,True,1,True,True,False,1,0.0,,,,,,,,,,,,,0.015553456459301795,0.4655635133609607,0.5082323595494608,0.026204127025284213,,,,,,,,,,,,,,False,True,temporal_v1,False,0.00038107196563935876,0.12317327766179541,3.4331229346512613,0.9132647953233174,78.01345906212303,1400.439650348114,0.007241121834099271,0.007904769875460753,0.00040756474874177145,0.0,0.0,0.10781544794317262,0.09246011681877814,0.048661836195503294,0.030954779985439794,0.11979150500028256,197.8488500239364,0.006567659514890055,1.4606395578725013,-0.0008720744580232193,1200.0,0.009002894883922894,True,0.007335680304095149,0.10781544794317262,True,True,True,True,True,3,True,True,True,True,True,True,True,False,True,0,0,True,3,15,24,15,,,,False,False,False,
327,2026-08-11T01:00:46.891683,shadow,analysis_full,silero,webrtc,False,0.00450427271425724,True,True,True,1,True,True,False,1,0.0,,,,,,,,,,,,,0.017362118429789464,0.5132892096664825,0.3201062971540217,0.1666044931218992,,,,,,,,,,,,,,False,True,temporal_v1,False,0.0003978116643240776,0.15031315240083507,4.077332022769131,0.824070481545205,77.94356975747306,1670.4152509652563,0.008911788046962504,0.005557723441309503,0.002892606940517458,0.0,0.0,0.13232693839090742,0.1535309439311543,0.04948610072625581,0.02207915665130548,0.24294645660429384,173.5192327109174,0.006114853722907659,2.1768577232206487,-0.0013332222233608936,2500.0,0.0031493200829706596,True,0.006844921736046672,0.13232693839090742,True,True,True,True,True,4,True,True,True,True,True,True,True,False,True,0,0,True,4,15,24,15,,,,False,False,False,
328,2026-08-11T01:00:46.898332,shadow,analysis_full,silero,webrtc,False,0.003285523969680071,True,True,True,1,True,True,False,1,0.0,,,,,,,,,,,,,0.013381602278940705,0.6979266178629764,0.24885233179877989,0.053221050263514286,,,,,,,,,,,,,,False,True,temporal_v1,False,0.00035496754644339886,0.13987473903966596,3.8511621281034247,0.9098189594609012,77.3760192547301,1514.9755895565006,0.009339376420128583,0.0033300429303182613,0.0007121829274938606,0.0,0.0,0.18316207634336873,0.2019342966826443,0.046080261260330636,0.019460293463662133,0.27005180918605015,145.5861181402516,0.0023409081215602207,1.4206359859471016,-0.0008516851151449195,1433.3333333333335,0.017375366475111384,True,0.006156975170597434,0.18316207634336873,True,True,True,True,True,5,True,True,True,True,True,True,True,False,True,0,0,True,5,15,24,15,,,,False,False,False,
329,2026-08-11T01:00:46.904464,shadow,analysis_full,silero,webrtc,False,0.0020907162688672543,True,True,True,1,True,True,False,1,0.0,,,,,,,,,,,,,0.02172606950993381,0.7607268483078065,0.18770272565564178,0.051570425990524235,,,,,,,,,,,,,,False,True,temporal_v1,False,0.00045086337063896523,0.13778705636743216,3.793543426368488,0.9141787953221799,79.48715757782934,1493.4962240098978,0.016527604384408277,0.00407804246479851,0.0011204226597270267,0.0,0.0,0.21339317739675495,0.23396372842724011,0.04503735647714023,0.012401959699606802,0.27766555909201274,125.94317395133959,0.0005310663569662714,1.7422600437746372,-0.0010450866936823294,1400.0,0.007896862668825576,True,0.00565966940484941,0.21339317739675495,True,True,True,True,True,6,True,True,True,True,True,False,True,False,True,0,0,True,6,15,24,15,,,,False,False,False,
330,2026-08-11T01:00:46.910192,shadow,analysis_full,silero,webrtc,False,0.0015651783905923367,True,True,True,1,True,True,False,1,0.0,,,,,,,,,,,,,0.03661126907713819,0.7380309261510622,0.2063838827548432,0.05558519106678071,,,,,,,,,,,,,,False,True,temporal_v1,False,0.0005886341106626189,0.12108559498956159,3.8869928584990787,0.9096022519876361,81.79024581784206,1500.3746251695065,0.02702024882456604,0.007555975864722104,0.0020350443868500465,0.0,0.0,0.2211227874185727,0.24470299202645826,0.044883095877418476,0.013672329294390764,0.2990420167385026,93.28148710821822,0.0003442771540584326,1.8711371130908516,-0.0011331559955177568,1433.3333333333335,0.006771129815974639,True,0.0050041149370372295,0.2211227874185727,True,True,True,True,True,7,True,True,True,True,True,False,True,False,True,0,0,True,7,15,24,15,,,,False,False,False,
331,2026-08-11T01:00:46.916434,shadow,analysis_full,silero,webrtc,False,0.0011982950381934643,True,True,False,1,True,True,False,1,0.0,,,,,,,,,,,,,0.04673198732999604,0.7349939104080859,0.2141294580115254,0.05087663155899005,,,,,,,,,,,,,,False,True,temporal_v1,False,0.0006628164771118227,0.1336116910229645,3.8454142588009255,0.9113331615209893,82.83210582717967,1499.3715168889628,0.03434772610881492,0.010006695118773523,0.0023775661014075996,0.0,0.0,0.21909832858196787,0.24177853944007133,0.04466596751153899,0.010999532252458864,0.28783462427061124,90.4311983103227,0.00015601491035235424,1.793694606344754,-0.0010811559625173404,1433.3333333333335,0.007608096767850171,True,0.0038948983419686556,0.21909832858196787,True,True,True,True,True,8,True,True,True,False,True,False,True,False,True,0,0,True,8,15,24,15,,,,False,False,False,
332,2026-08-11T01:00:46.921534,shadow,analysis_full,silero,webrtc,False,0.0010098591446876526,True,True,False,1,True,True,False,1,0.0,,,,,,,,,,,,,0.06791628310376185,0.7348456294259915,0.21303969425737376,0.052114676301910696,,,,,,,,,,,,,,False,True,temporal_v1,False,0.000796851896787482,0.11064718162839249,3.8860849566779865,0.9115963172294619,84.43611511506701,1493.50459275257,0.04990798380565771,0.014468864187522665,0.003539435109581476,0.0,0.0,0.2053891557872028,0.22506297592097566,0.04349102374734161,0.013295768958739587,0.2783863763342843,90.18463124862762,0.00012470380619192663,1.8213321276217311,-0.0010997245965901274,1433.3333333333335,0.007036501174418209,True,0.0031984540401026607,0.2053891557872028,True,True,True,True,True,9,True,True,True,False,True,False,True,False,True,0,0,True,9,15,24,15,,,,False,False,False,
333,2026-08-11T01:00:46.927693,shadow,analysis_full,silero,webrtc,False,0.0038149524480104446,True,True,True,1,True,True,False,1,0.0,,,,,,,,,,,,,0.1535732144732274,0.7365346498501287,0.2107412309578892,0.05272411918547061,,,,,,,,,,,,,,False,True,temporal_v1,False,0.0012144645585456006,0.05636743215031315,3.487563846137796,0.9119194418033613,88.10169688619604,1490.6205164566636,0.11311199374839725,0.03236420826024786,0.00809701246358228,0.0,0.0,0.17086121884420194,0.18544932483602214,0.041602546652769745,0.026344537042751328,0.24755197518929006,85.28826513239645,0.006047794772887728,2.2759199261140934,-0.0013967406424533735,1433.3333333333335,0.00037812356738576653,True,0.0031984540401026607,0.17086121884420194,True,True,True,True,True,10,True,True,True,True,True,True,True,False,True,0,0,True,10,15,24,15,,,,False,False,False,
