frame,timestamp,processing_mode,detector_profile,speech_detector_implementation,comparison_speech_detector_implementation,is_speech,speech_probability,speech_gate_open,comparison_speech_evaluated,comparison_speech_is_speech,comparison_speech_aggressiveness,is_whisper,whisper_processed,trigger,raw_score,whisper_probability,stage1_silero_threshold,stage1_silero_low_pass,stage1_enter_count,stage1_exit_count,stage1_candidate,zcr_threshold,zcr_pass,centroid_threshold,centroid_pass,group_a_pass,entropy_threshold,group_b_pass,total_band_energy,low_proportion,mid_proportion,high_proportion,low_proportion_threshold,group_c_pass,silero_rolling_median,high_silero_threshold,high_silero_raw,high_silero_count,high_silero_normal_evidence,silero_penalty,group_count,effective_group_score,grouped_v1_raw_is_whisper,stage2_is_whisper,stage2_consecutive_count,legacy_is_whisper,grouped_v1_is_whisper,whisper_classifier_implementation,final_trigger,rms,zcr,entropy,voicing,hnr,spectral_centroid,band_energy_low,band_energy_mid,band_energy_high,temporal_score,formant_score,low_proportion_std,mid_proportion_std,high_proportion_std,zcr_std,entropy_std,spectral_centroid_std,spectral_flux,cepstral_peak_prominence,spectral_slope,spectral_rolloff,spectral_flatness,temporal_v1_window_full,temporal_v1_silero_median,temporal_v1_low_proportion_std,temporal_v1_silero_min_pass,temporal_v1_silero_max_pass,temporal_v1_low_proportion_std_pass,temporal_v1_low_proportion_max,temporal_v1_low_proportion_max_pass,temporal_v1_raw_is_whisper,temporal_v1_is_whisper,temporal_v1_qualifying_run,webrtc_mode_0_evaluated,webrtc_mode_0_is_speech,webrtc_mode_1_evaluated,webrtc_mode_1_is_speech,webrtc_mode_2_evaluated,webrtc_mode_2_is_speech,webrtc_mode_3_evaluated,webrtc_mode_3_is_speech,webrtc_assist_open,webrtc_assist_enter_count,webrtc_assist_exit_count,temporal_candidate,temporal_qualifying_run,assisted_confirmation_requirement,fallback_confirmation_requirement,confirmation_requirement,threshold_crossing_route,trigger_route,trigger_suppression_reason,actuation_enabled,actuation_requested,actuation_started,actuation_suppression_reason
0,2026-08-12T14:30:33.065023,shadow,analysis_full,silero,webrtc,False,0.0,True,True,True,1,False,True,False,0,0.0,,,,,,,,,,,,,92.45366288377662,0.29709851104505197,0.38849553720009583,0.3144059517548414,,,,,,,,,,,,,,True,False,temporal_v1,False,0.029486558699612416,0.1315240083507307,4.616751906594056,0.670601952599065,114.47629215861579,2150.6808092206543,27.46784558343122,35.91783542814936,29.06798187219504,0.0,0.0,,,,,,,,1.901226220970643,-0.0011640082596651093,3333.3333333333335,0.010117528160251766,False,,,,,,0.85,True,False,False,0,True,True,True,True,True,True,True,True,False,1,0,False,0,15,24,24,,,,False,False,False,
1,2026-08-12T14:30:33.270461,shadow,analysis_full,silero,webrtc,False,0.011676093563437462,True,True,True,1,False,True,False,0,0.0,,,,,,,,,,,,,0.0039620034496938425,0.7274121079669817,0.21920037269248596,0.05338751908813467,,,,,,,,,,,,,,False,False,temporal_v1,False,0.00019753710524188407,0.1336116910229645,3.8027993589203883,0.9104993901139237,72.21038609562798,1505.5899107464115,0.0028820092811142513,0.0008684726327818054,0.00021152153479778543,0.0,0.0,,,,,,,0.004923915911317555,1.5103136893147877,-0.0009049871293009009,1366.6666666666667,0.013214822577902637,False,,,,,,0.85,True,False,False,0,True,True,True,True,True,True,True,True,False,2,0,False,0,15,24,24,,,,False,False,False,
2,2026-08-12T14:30:33.348026,shadow,analysis_full,silero,webrtc,False,0.009981977753341198,True,True,True,1,False,True,False,0,0.0,,,,,,,,,,,,,0.012172906610623325,0.7809795261012927,0.17109443515935954,0.04792603865719807,,,,,,,,,,,,,,False,False,temporal_v1,False,0.0003329345309599554,0.13778705636743216,3.7121102584553527,0.9181590510328442,76.85434448281289,1494.3445856858582,0.009506790836039898,0.0020827165807922317,0.0005833991927911954,0.0,0.0,,,,,,,0.001683499242771121,1.3474951439543335,-0.0007961620355207552,1333.3333333333335,0.01743635924926618,False,,,,,,0.85,True,False,False,0,True,True,True,True,True,True,True,True,False,3,0,False,0,15,24,24,,,,False,False,False,
3,2026-08-12T14:30:33.355677,shadow,analysis_full,silero,webrtc,False,0.004568719770759344,True,True,True,1,False,True,False,0,0.0,,,,,,,,,,,,,0.00731979746122682,0.719279739594369,0.2244311975309826,0.05628906273803255,,,,,,,,,,,,,,False,False,temporal_v1,False,0.0002663876512696965,0.12108559498956159,3.8187239866381355,0.9061517289047786,74.83801196132171,1538.8265050134448,0.005264982011794751,0.0016427909099073813,0.0004120245385246879,0.0,0.0,,,,,,,0.0011207129046412964,1.43426929386062,-0.0008559805676512425,1500.0,0.016659437334940533,False,,,,,,0.85,True,False,False,0,True,True,True,True,True,False,True,False,False,4,0,False,0,15,24,24,,,,False,False,False,
4,2026-08-12T14:30:33.364037,shadow,analysis_full,silero,webrtc,False,0.0026944985147565603,True,True,True,1,False,True,False,0,0.0,,,,,,,,,,,,,0.001509429755702377,0.6847507554543625,0.2653070363762091,0.049942207506926524,,,,,,,,,,,,,,False,False,temporal_v1,False,0.0001296713132792142,0.11064718162839249,3.7313897571357026,0.9130812148760202,68.4129467486244,1515.9051092840962,0.0010335831655224966,0.000400462335103463,7.538425407641752e-05,0.0,0.0,,,,,,,0.0018133888351957361,1.1844728084806044,-0.0007066601948144983,1433.3333333333335,0.024284235523338592,False,,,,,,0.85,True,False,False,0,True,True,True,True,True,False,True,False,False,5,0,False,0,15,24,24,,,,False,False,False,
5,2026-08-12T14:30:33.371262,shadow,analysis_full,silero,webrtc,False,0.002789704827591777,True,True,True,1,False,True,False,0,0.0,,,,,,,,,,,,,0.003945328789735545,0.6897391523005214,0.25263578834731115,0.05762505909870299,,,,,,,,,,,,,,False,False,temporal_v1,False,0.0001921871345027291,0.11482254697286012,3.8999994828544806,0.9013046409130464,71.92133851952148,1526.0677791077069,0.002721247734979037,0.0009967312490841824,0.00022734980467232512,0.0,0.0,,,,,,,0.00304544549736524,1.6766021607706747,-0.0010168898642998578,1566.6666666666667,0.010896247205453558,False,,,,,,0.85,True,False,False,0,True,True,True,True,True,False,True,False,False,6,0,False,0,15,24,24,,,,False,False,False,
6,2026-08-12T14:30:33.381334,shadow,analysis_full,silero,webrtc,False,0.003122677793726325,True,True,False,1,False,True,False,0,0.0,,,,,,,,,,,,,0.0022934125387383338,0.7819072864575143,0.1636178941632012,0.05447481894325311,,,,,,,,,,,,,,False,False,temporal_v1,False,0.00014992718750981283,0.10020876826722339,3.443290442247818,0.9110783080751461,69.73287509426751,1596.2864992178486,0.0017932359748925293,0.00037524333003584727,0.0001249332328099572,0.0,0.0,,,,,,,0.003892653499600611,1.1623956694199582,-0.0006901469446723964,1366.6666666666667,0.023609977152639024,False,,,,,,0.85,True,False,False,0,True,False,True,False,True,False,True,False,False,0,0,False,0,15,24,24,,,,False,False,False,
7,2026-08-12T14:30:33.381334,shadow,analysis_full,silero,webrtc,False,0.00400704937055707,True,True,False,1,False,True,False,0,0.0,,,,,,,,,,,,,0.007618308523808783,0.7623522040433934,0.197622458951248,0.04002533687409575,,,,,,,,,,,,,,False,False,temporal_v1,False,0.00026992185072655816,0.09812108559498957,3.659039755991548,0.9245483119559891,75.04133512136393,1452.1440719405484,0.0058078342942081964,0.0015055488635243438,0.00030492536507624164,0.0,0.0,,,,,,,0.0029328519433757198,1.388773237723236,-0.0008304478159260801,1266.6666666666667,0.015643523109987702,False,,,,,,0.85,True,False,False,0,True,False,True,False,True,False,True,False,False,0,0,False,0,15,24,24,,,,False,False,False,
8,2026-08-12T14:30:33.381334,shadow,analysis_full,silero,webrtc,False,0.003953536506742239,True,True,False,1,False,True,False,0,0.0,,,,,,,,,,,,,0.0028007215076700617,0.7423171516114353,0.21411368616062074,0.043569161870893054,,,,,,,,,,,,,,False,False,temporal_v1,False,0.00016290092094305164,0.10855949895615867,3.7322699105970494,0.9139197713471173,70.49805283078854,1497.8082814484978,0.002079023612030525,0.0005996728059165682,0.00012202508872296857,0.0,0.0,,,,,,,0.0020834396152577214,1.3857790057601314,-0.0008278721456154713,1366.6666666666667,0.016132012774514308,False,,,,,,0.85,True,False,False,0,True,False,True,False,True,False,True,False,False,0,0,False,0,15,24,24,,,,False,False,False,
9,2026-08-12T14:30:33.406742,shadow,analysis_full,silero,webrtc,False,0.00339142675511539,True,True,False,1,True,True,False,1,0.0,,,,,,,,,,,,,0.0007011163095708636,0.8191291466338073,0.13857358990757718,0.04229726203231881,,,,,,,,,,,,,,False,False,temporal_v1,False,8.971960987559801e-05,0.11064718162839249,3.398341932314812,0.9300016505905613,64.98376133215723,1525.7284016381755,0.0005743048043498258,9.715620395998677e-05,2.965530026105117e-05,0.0,0.0,0.1403299255500698,0.06643948961404107,0.07967884334272315,0.013152400835073066,0.31614380434870243,193.28076033986423,0.006109829471493976,0.935489926803107,-0.0005538736584061573,1000.0000000000001,0.026736142987989094,True,0.0036724816309288144,0.1403299255500698,True,True,True,0.85,True,True,True,1,True,False,True,False,True,False,True,False,False,0,0,True,1,15,24,24,,,,False,False,False,
10,2026-08-12T14:30:33.414036,shadow,analysis_full,silero,webrtc,False,0.0029918060172349215,True,True,False,1,False,True,False,0,0.0,,,,,,,,,,,,,0.0016135913956279552,0.7972133660697943,0.15626071371703157,0.04652591959343853,,,,,,,,,,,,,,False,False,temporal_v1,False,0.0001260080509021373,0.10020876826722339,3.486510443201049,0.9144358664182735,68.15423409818096,1546.904030418926,0.0012863766279698195,0.00025214094312848534,7.507382352965051e-05,0.0,0.0,0.04305525494348127,0.04006322972439631,0.005826218341078652,0.012977261184066847,0.16156532614807317,35.98198087600198,0.005239791863414242,1.283924388712374,-0.0007666860572572663,1366.6666666666667,0.017796717081027667,True,0.0036724816309288144,0.04305525494348127,True,True,False,0.85,True,False,False,0,True,False,True,False,True,False,True,False,False,0,0,False,0,15,24,24,,,,False,False,False,
11,2026-08-12T14:30:33.421378,shadow,analysis_full,silero,webrtc,False,0.0037795209791511297,True,True,False,1,False,True,False,0,0.0,,,,,,,,,,,,,0.0022022062616675678,0.7496579277138729,0.20031907669563068,0.05002299513640622,,,,,,,,,,,,,,False,False,temporal_v1,False,0.00014927020536769026,0.09812108559498957,3.608141383185824,0.913955500539215,69.70594893218325,1531.703298033174,0.0016509013825202238,0.0004411439250305836,0.00011016095311676007,0.0,0.0,0.04237376852024981,0.039569193004028995,0.005670098627250857,0.011811561720096564,0.1558302897048266,35.79136367454908,0.003616903124038913,1.2342663499233892,-0.000740688964312813,1466.6666666666667,0.02331782063069087,True,0.0035854738671332598,0.04237376852024981,True,True,False,0.85,True,False,False,0,True,False,True,False,True,False,True,False,False,0,0,False,0,15,24,24,,,,False,False,False,
12,2026-08-12T14:30:33.430661,shadow,analysis_full,silero,webrtc,False,0.0034099791664630175,True,True,False,1,False,True,False,0,0.0,,,,,,,,,,,,,0.0053173552973182995,0.7782139114955356,0.17394256844468145,0.047843519871719406,,,,,,,,,,,,,,False,False,temporal_v1,False,0.00022674899587536682,0.10855949895615867,3.634067741556777,0.9189545110348061,73.47584573486274,1491.1589598534626,0.004138039864737581,0.0009249144377484778,0.0002544009938322405,0.0,0.0,0.042197163727686254,0.0393814486677359,0.005671525955613623,0.00735445300785325,0.1544211595663654,36.054394422467816,0.0024161523789047565,1.3112766175135604,-0.000782645111999427,1200.0,0.01939784127251068,True,0.0034007029607892036,0.042197163727686254,True,True,False,0.85,True,False,False,0,True,False,True,False,True,False,True,False,False,0,0,False,0,15,24,24,,,,False,False,False,
13,2026-08-12T14:30:33.432348,shadow,analysis_full,silero,webrtc,False,0.0025500294286757708,True,True,False,1,False,True,False,0,0.0,,,,,,,,,,,,,0.003205922641363379,0.7741192078506399,0.18259781714303852,0.043282974694398804,,,,,,,,,,,,,,False,False,temporal_v1,False,0.00018058457675293352,0.11691022964509394,3.604526611158779,0.924149162781099,71.47302214564823,1464.938996513292,0.00248176629556265,0.0005853944762423973,0.00013876186855833132,0.0,0.0,0.04107784417918967,0.03863896367366566,0.00529809762404804,0.006631473976730098,0.1427205028542705,39.323675430724265,0.0022823630784720964,1.3847389351446486,-0.000825879021514505,1166.6666666666667,0.014438486851196058,True,0.0032570522744208574,0.04107784417918967,True,True,False,0.85,True,False,False,0,True,False,True,False,True,False,True,False,False,0,0,False,0,15,24,24,,,,False,False,False,
14,2026-08-12T14:30:33.447375,shadow,analysis_full,silero,webrtc,False,0.002435922622680664,True,True,False,1,False,True,False,0,0.0,,,,,,,,,,,,,0.0016458507037254656,0.6948591793395772,0.2419042423488027,0.0632365777040316,,,,,,,,,,,,,,False,False,temporal_v1,False,0.0001336885371780609,0.10438413361169102,3.814634967965257,0.9014534855147655,68.63844581362734,1528.480592138098,0.0011436344693061427,0.0003981382675039525,0.0001040779659153705,0.0,0.0,0.039352508175649704,0.034797137807481296,0.0070928127200475906,0.006522129165684051,0.15116675182188288,39.53734214542871,0.0032704094334805125,1.7775815683071177,-0.0010738356367532215,1500.0,0.007556217533467643,True,0.0032570522744208574,0.039352508175649704,True,True,False,0.85,True,False,False,0,True,False,True,False,True,False,True,False,False,0,0,False,0,15,24,24,,,,False,False,False,
15,2026-08-12T14:30:33.457920,shadow,analysis_full,silero,webrtc,False,0.002161833457648754,True,True,False,1,False,True,False,0,0.0,,,,,,,,,,,,,0.002072831706220806,0.7281164384184188,0.21673013153966084,0.05515342955948863,,,,,,,,,,,,,,False,False,temporal_v1,False,0.00014740314380714742,0.1022964509394572,3.6847855783820287,0.9084653474736463,69.56597966659983,1526.5671543929434,0.0015092628393742675,0.0004492450883488149,0.00011432377749772386,0.0,0.0,0.03391079322288891,0.02987602619550875,0.006822023983276635,0.005890077653305169,0.1237572056026624,39.550185763148164,0.0020494674342408886,1.6731831946443825,-0.0010138142597761273,1433.3333333333335,0.008801761851972918,True,0.0032570522744208574,0.03391079322288891,True,True,False,0.85,True,False,False,0,True,False,True,False,True,False,True,False,False,0,0,False,0,15,24,24,,,,False,False,False,
16,2026-08-12T14:30:33.464015,shadow,analysis_full,silero,webrtc,False,0.002161833457648754,True,True,False,1,False,True,False,0,0.0,,,,,,,,,,,,,0.0016981772417973679,0.7461255977698862,0.1979245375759541,0.05594986406529304,,,,,,,,,,,,,,False,False,temporal_v1,False,0.0001311630735812892,0.12943632567849686,3.634796076075415,0.9110318373923635,68.50880939695872,1529.108787430873,0.0012670535096552776,0.00033611094530475324,9.5012785837337e-05,0.0,0.0,0.033590945545223044,0.028762991668008595,0.006961049474281642,0.00920476312528125,0.11118948256911494,29.899696928447415,0.0036907074196283456,1.5594463865981465,-0.0009370703943652546,1433.3333333333335,0.010542621345494016,True,0.0031916163861751556,0.033590945545223044,True,True,False,0.85,True,False,False,0,True,False,True,False,True,False,True,False,False,0,0,False,0,15,24,24,,,,False,False,False,
17,2026-08-12T14:30:33.471813,shadow,analysis_full,silero,webrtc,False,0.0020210056100040674,True,True,False,1,False,True,False,0,0.0,,,,,,,,,,,,,0.003605287198493296,0.7246170590044437,0.22596995112408208,0.04941298959410381,,,,,,,,,,,,,,False,False,temporal_v1,False,0.00018593261465429644,0.08559498956158663,3.8733293028718045,0.9059110112654065,71.64790049054622,1518.8150824345819,0.002612452606638582,0.0008146865720318089,0.00017814801882290492,0.0,0.0,0.03511118255763266,0.030520727008563474,0.0063190574562280305,0.011086361626181004,0.13388160392587986,23.018653502305767,0.0018931330766107097,1.6031249780836698,-0.0009622782938382599,1533.3333333333335,0.01112860941423389,True,0.002770917722955346,0.03511118255763266,True,True,False,0.85,True,False,False,0,True,False,True,False,True,False,True,False,False,0,0,False,0,15,24,24,,,,False,False,False,
18,2026-08-12T14:30:33.483316,shadow,analysis_full,silero,webrtc,False,0.002106540137901902,True,True,False,1,False,True,False,0,0.0,,,,,,,,,,,,,0.0031972352969459076,0.7250334539173628,0.21715836995867877,0.05780817581118816,,,,,,,,,,,,,,False,False,temporal_v1,False,0.00017590564194588354,0.11899791231732777,3.8496719998362483,0.9040295998928625,71.14215749408534,1531.955784494719,0.0023181025503311967,0.0006943064054591256,0.00018482634015558542,0.0,0.0,0.03612522729694893,0.030726038145374758,0.006374527650181041,0.011707786966855909,0.14547732821193732,22.57728760152063,0.001194314399602728,1.5051154629651686,-0.0009039741739297271,1533.3333333333335,0.014441486538681133,True,0.0024929760256782174,0.03612522729694893,False,True,False,0.85,True,False,False,0,True,False,True,False,True,False,True,False,False,0,0,False,0,15,24,24,,,,False,False,False,
19,2026-08-12T14:30:33.496424,shadow,analysis_full,silero,webrtc,False,0.0017284629866480827,True,True,False,1,False,True,False,0,0.0,,,,,,,,,,,,,0.0026174106395641114,0.7465142908806942,0.195443149437609,0.058042559299640036,,,,,,,,,,,,,,False,False,temporal_v1,False,0.00015767138810279758,0.12943632567849686,3.6677573430776502,0.9115965831023519,70.1920318852377,1499.2388702293006,0.001953934447537787,0.0005115549787679163,0.0001519212122584087,0.0,0.0,0.028800917640829638,0.02432699897589296,0.005921020558212133,0.013439229176977936,0.11686593221309689,23.239627851023837,0.0018453348069809685,1.590673659077899,-0.0009642781660464158,1333.3333333333335,0.010719619177027018,True,0.002298878040164709,0.028800917640829638,False,True,False,0.85,True,False,False,0,True,False,True,False,True,False,True,False,False,0,0,False,0,15,24,24,,,,False,False,False,
20,2026-08-12T14:30:33.498372,shadow,analysis_full,silero,webrtc,False,0.0017207665368914604,True,True,False,1,False,True,False,0,0.0,,,,,,,,,,,,,0.0044719160319204795,0.7642720055151249,0.18010216659713427,0.05562582766412309,,,,,,,,,,,,,,False,False,temporal_v1,False,0.0002051729448375943,0.12526096033402923,3.7309492948293985,0.9094297281939583,72.54296834245564,1561.5451123681423,0.003417760234211104,0.0008054017661893379,0.0002487540305200378,0.0,0.0,0.024345276734649694,0.02074763807252452,0.005587820916075986,0.013822918878703004,0.0963912502310357,25.44147642623006,0.0013780708459258382,1.2721619844410852,-0.0007581491633089929,1400.0,0.024073755981048932,True,0.002161833457648754,0.024345276734649694,False,True,False,0.85,True,False,False,0,True,False,True,False,True,False,True,False,False,0,0,False,0,15,24,24,,,,False,False,False,
21,2026-08-12T14:30:33.514040,shadow,analysis_full,silero,webrtc,False,0.001612491556443274,True,True,False,1,False,True,False,0,0.0,,,,,,,,,,,,,0.002892186046033393,0.7782547951090009,0.17131170763583503,0.050433496909404914,,,,,,,,,,,,,,False,False,temporal_v1,False,0.00016746373873938988,0.1419624217118998,3.7562697419416873,0.9186895105689924,70.7696513490569,1466.8782416139172,0.0022508576586728296,0.0004954653303465143,0.00014586305601404915,0.0,0.0,0.026523525696663365,0.022868317339388277,0.005562564550949851,0.015596261123690823,0.09077743563307557,29.19529692749992,0.0009877936264504005,1.3702149271917783,-0.0008207654041312755,1266.6666666666667,0.01706484031112196,True,0.002134186797775328,0.026523525696663365,False,True,False,0.85,True,False,False,0,True,False,True,False,True,False,True,False,False,0,0,False,0,15,24,24,,,,False,False,False,
22,2026-08-12T14:30:33.522112,shadow,analysis_full,silero,webrtc,False,0.001464508124627173,True,True,False,1,False,True,False,0,0.0,,,,,,,,,,,,,0.0020447469071471196,0.7286520739957599,0.21402576662206546,0.05732215889311658,,,,,,,,,,,,,,False,False,temporal_v1,False,0.0001441076880249407,0.1837160751565762,3.780928405030166,0.9086101361711741,69.36055605362252,1511.2882636540678,0.0014899090746891643,0.0004376285243502596,0.00011720930710769588,0.0,0.0,0.024604469877682094,0.021358691509674517,0.0052882669290613814,0.025209146467769013,0.08665146799607669,28.380584856903806,0.0015835694054508647,1.5858235943301435,-0.0009484830996346273,1400.0,0.010322574319636464,True,0.002063772873952985,0.024604469877682094,False,True,False,0.85,True,False,False,0,True,False,True,False,True,False,True,False,False,0,0,False,0,15,24,24,,,,False,False,False,
23,2026-08-12T14:30:33.533898,shadow,analysis_full,silero,webrtc,False,0.0015047215856611729,True,True,False,1,False,True,False,0,0.0,,,,,,,,,,,,,0.0016923041373666996,0.7899222807229712,0.1575480556462568,0.05252966303986173,,,,,,,,,,,,,,False,False,temporal_v1,False,0.00012859256925358087,0.1336116910229645,3.665734630580368,0.9116143222754226,68.32888752070461,1563.7025515790783,0.0013367887438656236,0.0002666192264042394,8.88961660968366e-05,0.0,0.0,0.027062059017204716,0.024929477341806474,0.0038317496947914897,0.025250606066480955,0.0786773213732043,26.76916748982394,0.0017740698720402116,1.0812458247502765,-0.0006406911509909023,1333.3333333333335,0.03018908681630137,True,0.001874734298326075,0.027062059017204716,False,True,False,0.85,True,False,False,0,True,False,True,False,True,False,True,False,False,0,0,False,0,15,24,24,,,,False,False,False,
24,2026-08-12T14:30:33.533898,shadow,analysis_full,silero,webrtc,False,0.0014293655985966325,True,True,False,1,False,True,False,0,0.0,,,,,,,,,,,,,0.0048180471786152665,0.7338136803352561,0.21460318876855855,0.051583130688632496,,,,,,,,,,,,,,False,False,temporal_v1,False,0.00021294090588280877,0.12943632567849686,3.778155265909741,0.9118540444879493,72.8848601452233,1494.7592075385994,0.0035355489321685653,0.001033968288168193,0.00024852995727850835,0.0,0.0,0.02228667292892779,0.02167134000098784,0.002998828273125485,0.024257579044126006,0.07621220219990212,28.054946374060922,0.001617078254748608,1.8212670824004962,-0.0011014524243252014,1433.3333333333335,0.006848660488881953,True,0.0017246147617697716,0.02228667292892779,False,True,False,0.85,True,False,False,0,True,False,True,False,True,False,True,False,False,0,0,False,0,15,24,24,,,,False,False,False,
25,2026-08-12T14:30:33.555213,shadow,analysis_full,silero,webrtc,False,0.0011875933269038796,True,True,False,1,False,True,False,0,0.0,,,,,,,,,,,,,0.001865854439844702,0.7280108360185726,0.2164144460486254,0.05557471739685454,,,,,,,,,,,,,,False,False,temporal_v1,False,0.0001346390073984962,0.13778705636743216,3.7972425620171872,0.9005709666262286,68.69960383016593,1549.3214433825276,0.001358362250640307,0.0004037978550063594,0.00010369433319803564,0.0,0.0,0.022295419775093236,0.02164582352325676,0.003012240918914216,0.02279305897946753,0.07519515578170347,29.35656980148808,0.0015852339700334745,1.5003361344601251,-0.000889384154874855,1633.3333333333335,0.011871486259283527,True,0.0016666290466673672,0.022295419775093236,False,True,False,0.85,True,False,False,0,True,False,True,False,True,False,True,False,False,0,0,False,0,15,24,24,,,,False,False,False,
26,2026-08-12T14:30:33.565845,shadow,analysis_full,silero,webrtc,False,0.0010100530926138163,True,True,False,1,False,True,False,0,0.0,,,,,,,,,,,,,0.004807862047405613,0.728904168089221,0.2183609063324208,0.05273492537036541,,,,,,,,,,,,,,False,False,temporal_v1,False,0.00021375470245390808,0.1440501043841336,3.8194951376472837,0.9127118216315673,72.92289558901415,1496.0488114954408,0.0035044706859519268,0.001049849114192738,0.00025354224626094723,0.0,0.0,0.02291597042932263,0.022394845849796258,0.003004238056364894,0.023079046311551103,0.06588063893117414,30.290992776352997,0.00191171499628396,1.3991410578789416,-0.00083647389537448,1433.3333333333335,0.016811760971894,True,0.0015586065710522234,0.02291597042932263,False,True,False,0.85,True,False,False,0,True,False,True,False,True,False,True,False,False,0,0,False,0,15,24,24,,,,False,False,False,
27,2026-08-12T14:30:33.575695,shadow,analysis_full,silero,webrtc,False,0.00107428221963346,True,True,False,1,False,True,False,0,0.0,,,,,,,,,,,,,0.002542860236484617,0.6957751958308496,0.2486438075293099,0.05558099624658243,,,,,,,,,,,,,,False,False,temporal_v1,False,0.00015558066365848534,0.1127348643006263,3.9061771104854275,0.8970521777574136,70.00151732439592,1549.9505143406732,0.001769259079010565,0.0006322664512144166,0.0001413347052596352,0.0,0.0,0.026766174771264667,0.02570226152422914,0.0025805400437205073,0.01848513037259178,0.07143781972063326,31.645337619967076,0.0013917095571618241,1.3622301217476813,-0.0008063710077164509,1466.6666666666667,0.017797601662267324,True,0.001484614855144173,0.026766174771264667,False,True,False,0.85,True,False,False,0,True,False,True,False,True,False,True,False,False,0,0,False,0,15,24,24,,,,False,False,False,
28,2026-08-12T14:30:33.584575,shadow,analysis_full,silero,webrtc,False,0.0011571479262784123,True,True,False,1,False,True,False,0,0.0,,,,,,,,,,,,,0.002027629681007628,0.7687685060226666,0.1841811415615899,0.04705035192255689,,,,,,,,,,,,,,False,False,temporal_v1,False,0.00014031204175629354,0.14613778705636743,3.601689056181302,0.9089290057239244,69.11819688712373,1536.5030028013903,0.00155877784063545,0.0003734511493121473,9.540069006003066e-05,0.0,0.0,0.02721967212852743,0.02583567801770141,0.0032308229540704363,0.01781394069310383,0.08334443974560694,31.81062944467363,0.0032087999471204867,1.2138493596115343,-0.000717547353819448,1500.0,0.018708870479349184,True,0.0014469368616119027,0.02721967212852743,False,True,False,0.85,True,False,False,0,True,False,True,False,True,False,True,False,False,0,0,False,0,15,24,24,,,,False,False,False,
29,2026-08-12T14:30:33.584575,shadow,analysis_full,silero,webrtc,False,0.0010755304247140884,True,True,False,1,False,True,False,0,0.0,,,,,,,,,,,,,0.0009541219714438336,0.6700238495593888,0.29130612273661144,0.03867002665591577,,,,,,,,,,,,,,False,False,temporal_v1,False,9.757054528804339e-05,0.1336116910229645,3.322875076028333,0.9063034259561525,65.694545904737,1506.2824233613183,0.0006392844762559906,0.0002779415721191151,3.689592206872795e-05,0.0,0.0,0.03555322208174964,0.037496310369248706,0.005214132563793075,0.017646785351986775,0.1528214058413457,31.35309012111859,0.00548553237824988,1.672519494556443,-0.001015393516402021,1333.3333333333335,0.005665773728217904,True,0.001308479462750256,0.03555322208174964,False,True,False,0.85,True,False,False,0,True,False,True,False,True,False,True,False,False,0,0,False,0,15,24,24,,,,False,False,False,
30,2026-08-12T14:30:33.597227,shadow,analysis_full,silero,webrtc,False,0.0012024604948237538,True,True,False,1,False,True,False,0,0.0,,,,,,,,,,,,,0.0008999991330477082,0.6766835204026121,0.25770327274899213,0.06561320573728353,,,,,,,,,,,,,,False,False,temporal_v1,False,9.515103093042831e-05,0.1524008350730689,3.5638804883157107,0.8798853628011202,65.32157285066063,1645.1477260334289,0.0006090145817100221,0.00023193272205765,5.905182828003609e-05,0.0,0.0,0.038800388772146276,0.03859225837657982,0.006632132832805953,0.017436837593170024,0.1592649753582262,47.392580072505304,0.007071504229536597,1.2039718678217586,-0.0007167441800007407,1900.0000000000002,0.019817527961578766,True,0.0011950269108638167,0.038800388772146276,False,True,False,0.85,True,False,False,0,True,False,True,False,True,False,True,False,False,0,0,False,0,15,24,24,,,,False,False,False,
31,2026-08-12T14:30:33.609902,shadow,analysis_full,silero,webrtc,False,0.001121858018450439,True,True,False,1,False,True,False,0,0.0,,,,,,,,,,,,,0.001105424166911693,0.6185997040210551,0.3218754755354682,0.05952481953884655,,,,,,,,,,,,,,False,False,temporal_v1,False,0.00010410104120602209,0.162839248434238,3.633642604883124,0.8781061603721592,66.18168140983818,1666.4280650476226,0.0006838150624692948,0.00035580892939309996,6.580017404929832e-05,0.0,0.0,0.04748599238659179,0.046276030485909614,0.006876476322273037,0.018574510579987664,0.15912302579700277,56.84480316945643,0.005170964605185754,1.093864447757532,-0.0006373730356465431,1866.6666666666667,0.022773809527250475,True,0.001172370626591146,0.04748599238659179,False,True,False,0.85,True,False,False,0,True,False,True,False,True,False,True,False,False,0,0,False,0,15,24,24,,,,False,False,False,
32,2026-08-12T14:30:33.616237,shadow,analysis_full,silero,webrtc,False,0.001121858018450439,True,True,False,1,False,True,False,0,0.0,,,,,,,,,,,,,0.0007211322268857448,0.4916739306228393,0.4092748776015628,0.09905119038888967,,,,,,,,,,,,,,False,False,temporal_v1,False,8.653085548683973e-05,0.19832985386221294,4.006062747655135,0.828355567374392,64.12054319314453,1802.2578098030028,0.0003545619164917153,0.0002951413038932056,7.142900550082389e-05,0.0,0.0,0.08130647149393438,0.06965898374706407,0.015326932861378996,0.021940541741647206,0.18469418168786222,92.11491100212677,0.005174847123628944,1.0027321514572833,-0.0005919790401536514,2066.666666666667,0.04645435587769891,True,0.0011395029723644257,0.08130647149393438,False,True,True,0.85,True,False,False,0,True,False,True,False,True,False,True,False,False,0,0,False,0,15,24,24,,,,False,False,False,
33,2026-08-12T14:30:33.628691,shadow,analysis_full,silero,webrtc,False,0.0010806708596646786,True,True,False,1,False,True,False,0,0.0,,,,,,,,,,,,,0.0009205300519499586,0.522907617672834,0.38115841254168564,0.0959339686991497,,,,,,,,,,,,,,False,False,temporal_v1,False,9.645815944993823e-05,0.21920668058455114,4.01003772695672,0.827537672858456,65.18873053020579,1800.5180609264714,0.000481352176461403,0.0003508677732981616,8.831010119039398e-05,0.0,0.0,0.08776635422053482,0.0716158319277347,0.018941841125214354,0.030727965750269894,0.20437112903333643,112.74456447433697,0.003841438841893104,1.0905236715320117,-0.000637341374317572,2266.666666666667,0.03560353054515589,True,0.001121858018450439,0.08776635422053482,False,True,True,0.85,True,False,False,0,True,False,True,False,True,False,True,False,False,0,0,False,0,15,24,24,,,,False,False,False,
34,2026-08-12T14:30:33.635910,shadow,analysis_full,silero,webrtc,False,0.0008879373781383038,True,True,False,1,False,True,False,0,0.0,,,,,,,,,,,,,0.0006953533135723867,0.46215495003541024,0.4273570037875069,0.11048804473896502,,,,,,,,,,,,,,False,False,temporal_v1,False,8.52193474413226e-05,0.1732776617954071,3.9804476117464196,0.8279312892956603,63.96516348283096,1791.9083717789063,0.00032136097589100334,0.00029716410866200993,7.682822801937343e-05,0.0,0.0,0.10259339459088603,0.0816102908452194,0.023383785846846708,0.030080747266682938,0.21641494510777215,118.8405242754453,0.0036010061855356983,1.1337709488680043,-0.000665975206183779,2233.3333333333335,0.029387776122998616,True,0.0011012644390575588,0.10259339459088603,False,True,True,0.85,True,False,False,0,True,False,True,False,True,False,True,False,False,0,0,False,0,15,24,24,,,,False,False,False,
35,2026-08-12T14:30:33.647333,shadow,analysis_full,silero,webrtc,False,0.0008209014777094126,True,True,False,1,False,True,False,0,0.0,,,,,,,,,,,,,0.0005867531339164762,0.5376467869490604,0.3530769381472785,0.10927627319936681,,,,,,,,,,,,,,False,False,temporal_v1,False,7.860379875825002e-05,0.18789144050104384,3.8905862815033156,0.8395788565745274,63.20045562619996,1745.0469506964985,0.0003154659371824852,0.00020716899997154947,6.41181957624415e-05,0.0,0.0,0.1014745786718535,0.07858781669085807,0.025935660351239363,0.03046085698277323,0.21962992955641286,119.32724144611613,0.004210809156540861,1.276161662887635,-0.0007558930321899101,2133.3333333333335,0.020701571577884614,True,0.0010781006421893835,0.1014745786718535,False,True,True,0.85,True,False,False,0,True,False,True,False,True,False,True,False,False,0,0,False,0,15,24,24,,,,False,False,False,
36,2026-08-12T14:30:33.660635,shadow,analysis_full,silero,webrtc,False,0.0008530354825779796,True,True,False,1,False,True,False,0,0.0,,,,,,,,,,,,,0.0005143881888056878,0.5136320635087175,0.3642551844198587,0.12211275012736687,,,,,,,,,,,,,,False,False,temporal_v1,False,7.527885116678887e-05,0.16910229645093947,3.8947580383357354,0.8304365875208323,62.69962840538072,1788.9453846844217,0.0002642062668607772,0.0001873685645768129,6.281335636809777e-05,0.0,0.0,0.09830269343468609,0.07374543994129401,0.028622020405029605,0.029818803596694653,0.2223502116666802,112.72416347072516,0.00431825636140779,1.205104215123493,-0.0007204720504520974,2333.3333333333335,0.031038188852015033,True,0.0010781006421893835,0.09830269343468609,False,True,True,0.85,True,False,False,0,True,False,True,False,True,False,True,False,False,0,0,False,0,15,24,24,,,,False,False,False,
37,2026-08-12T14:30:33.663989,shadow,analysis_full,silero,webrtc,False,0.0007653225911781192,True,True,False,1,False,True,False,0,0.0,,,,,,,,,,,,,0.0007742450847763308,0.6910227437561516,0.22340144592115804,0.08557580903110965,,,,,,,,,,,,,,False,False,temporal_v1,False,9.022899406270687e-05,0.162839248434238,3.780259855713959,0.8607813488947624,64.7036414750398,2039.929848432277,0.0005350209628218543,0.0001729674714363819,6.625664951809458e-05,0.0,0.0,0.09782849313203142,0.07665233157400696,0.027417562264038475,0.024203617285811926,0.218436681193454,145.76121041228333,0.005328888372626969,0.611869686919698,-0.00036721063212791455,1900.0000000000002,0.1134796871762734,True,0.0010781006421893835,0.09782849313203142,False,True,True,0.85,True,False,False,0,True,False,True,False,True,False,True,False,False,0,0,False,0,15,24,24,,,,False,False,False,
38,2026-08-12T14:30:33.680719,shadow,analysis_full,silero,webrtc,False,0.00306908693164587,True,True,False,1,False,True,False,0,0.0,,,,,,,,,,,,,0.003143722693171668,0.6947234308670233,0.24838785322559112,0.05688871558929142,,,,,,,,,,,,,,False,False,temporal_v1,False,0.0001695089174834298,0.14613778705636743,3.1777184449942757,0.8860653646266056,70.72218921415607,1688.4786677240536,0.0021840178150947394,0.0007808625308934842,0.00017884234618344426,0.0,0.0,0.0865743915782866,0.06697057129516983,0.026249730525402613,0.02420361728581193,0.2793390765262178,131.80989070030054,0.008707247914001234,1.2732619772248126,-0.0007507612308291346,1966.6666666666667,0.01335145762187796,True,0.0010781006421893835,0.0865743915782866,False,True,True,0.85,True,False,False,0,True,False,True,False,True,False,True,False,False,0,0,False,0,15,24,24,,,,False,False,False,
39,2026-08-12T14:30:33.686056,shadow,analysis_full,silero,webrtc,False,0.0022322118747979403,True,True,False,1,False,True,False,0,0.0,,,,,,,,,,,,,0.0024896665810235892,0.487280768379396,0.45059990521683463,0.06211932600210926,,,,,,,,,,,,,,False,False,temporal_v1,False,0.00015356189744539412,0.17745302713987474,4.036448499070962,0.8407682973248712,69.60194220642165,1723.4484760645053,0.0012131666446096782,0.00112184352543075,0.0001546564099831611,0.0,0.0,0.08659916838222233,0.07487831289616638,0.022901423937621884,0.020851759480891477,0.2575295492586616,105.55443251618632,0.009133488956479013,1.2507957581629874,-0.0007488312510348071,2000.0000000000002,0.02631774771499698,True,0.0011012644390575588,0.08659916838222233,False,True,True,0.85,True,False,False,0,True,False,True,False,True,False,True,False,False,0,0,False,0,15,24,24,,,,False,False,False,
40,2026-08-12T14:30:33.697182,shadow,analysis_full,silero,webrtc,False,0.0017738735768944025,True,True,False,1,False,True,False,0,0.0,,,,,,,,,,,,,0.004850953242350309,0.20855555480006144,0.6993049247388938,0.0921395202548995,,,,,,,,,,,,,,False,False,temporal_v1,False,0.0002094154184449955,0.21920668058455114,3.971287267198944,0.7913108210317448,72.12159509547148,1833.7196052641655,0.0010116932447675256,0.0033922954920536756,0.0004469645045291067,0.0,0.0,0.1311474239715102,0.12474688753054489,0.021820929353470016,0.02313468923122349,0.24946641619651735,98.30113690725007,0.005314958343400794,1.1961783653896112,-0.0006982326776538665,2000.0000000000002,0.022266279723834267,True,0.0011012644390575588,0.1311474239715102,False,True,True,0.85,True,False,False,0,True,False,True,False,True,False,True,False,False,0,0,False,0,15,24,24,,,,False,False,False,
41,2026-08-12T14:30:33.697182,shadow,analysis_full,silero,webrtc,False,0.0015840122941881418,True,True,False,1,False,True,False,0,0.0,,,,,,,,,,,,,0.0032903723504152512,0.17788708057797054,0.7360726695362703,0.08604024958184221,,,,,,,,,,,,,,False,False,temporal_v1,False,0.0001731305932070717,0.18789144050104384,3.6798574537932374,0.7856752334212378,70.39062115454352,1858.0496011293374,0.0005853147314298441,0.002421953159738486,0.000283104458246921,0.0,0.0,0.16198100438041224,0.15979750020300226,0.01953126166656593,0.022305988123913288,0.24604002147301438,91.13745500431958,0.004963586023373649,1.4184958792634532,-0.0008450786644612711,2066.666666666667,0.012978936578531578,True,0.0011012644390575588,0.16198100438041224,False,True,True,0.85,True,False,False,0,True,False,True,False,True,False,True,False,False,0,0,False,0,15,24,24,,,,False,False,False,
42,2026-08-12T14:30:33.713986,shadow,analysis_full,silero,webrtc,False,0.0009536331053823233,True,True,False,1,False,True,False,0,0.0,,,,,,,,,,,,,0.0025356258477635964,0.43712915999800045,0.5004144333566514,0.06245640625096813,,,,,,,,,,,,,,False,False,temporal_v1,False,0.00015652238937437584,0.19832985386221294,4.061133133250161,0.8472148228353547,69.80792426106983,1684.7392190927078,0.0011083959969021187,0.001268863771813099,0.00015836607804837864,0.0,0.0,0.16237180990292954,0.16099069703873362,0.02121591440595614,0.022305988123913285,0.2502147444856301,98.31512046499893,0.005949972311290413,1.139295692474135,-0.0006769121567179454,1933.3333333333335,0.03350583783405057,True,0.001017151982523501,0.16237180990292954,False,True,True,0.85,True,False,False,0,True,False,True,False,True,False,True,False,False,0,0,False,0,15,24,24,,,,False,False,False,
43,2026-08-12T14:30:33.723909,shadow,analysis_full,silero,webrtc,False,0.0007863494101911783,True,True,False,1,False,True,False,0,0.0,,,,,,,,,,,,,0.002206177826536291,0.4724362783447602,0.4658254990748326,0.06173822212713462,,,,,,,,,,,,,,False,False,temporal_v1,False,0.00014627256612581224,0.1732776617954071,3.9236575624208307,0.8714246055440649,69.31526252777157,1559.7738606833643,0.0010422784417355373,0.0010276938870940973,0.0001362054967066566,0.0,0.0,0.16153344455877522,0.15998070672778383,0.022431402867094347,0.019111135684919928,0.24593488060032806,120.9934265748974,0.00430163049546795,1.3636789293021414,-0.0008115274461614549,1766.6666666666667,0.014281592260233277,True,0.0009207852417603135,0.16153344455877522,False,True,True,0.85,True,False,False,0,True,False,True,False,True,False,True,False,False,0,0,False,0,15,24,24,,,,False,False,False,
44,2026-08-12T14:30:33.731033,shadow,analysis_full,silero,webrtc,False,0.0007357471040450037,True,True,False,1,False,True,False,0,0.0,,,,,,,,,,,,,0.0017525038207229359,0.5067290392397716,0.4277081036583259,0.06556285653129022,,,,,,,,,,,,,,False,False,temporal_v1,False,0.00012925921727054368,0.16075156576200417,3.7490289673367565,0.8686787503140114,68.1674140901064,1591.0417336554294,0.0008880445773389624,0.0007495600858153776,0.00011489915656859581,0.0,0.0,0.161918379742069,0.15997645903857594,0.02132498181113078,0.01987579162490506,0.24245749995194624,132.0868916246632,0.005789348799601452,1.335170658160875,-0.000785426315307563,1733.3333333333335,0.013094359708089023,True,0.0009033342939801514,0.161918379742069,False,True,True,0.85,True,False,False,0,True,False,True,False,True,False,True,False,False,0,0,False,0,15,24,24,,,,False,False,False,
45,2026-08-12T14:30:33.737005,shadow,analysis_full,silero,webrtc,False,0.00075238395947963,True,True,False,1,False,True,False,0,0.0,,,,,,,,,,,,,0.001976610962742658,0.6582838849729675,0.2783368367776681,0.06337927774344794,,,,,,,,,,,,,,False,False,temporal_v1,False,0.00013718662118786094,0.13569937369519833,3.8611901700903597,0.8915572134836194,68.82805716518698,1536.5829420224788,0.0013011711436343944,0.0005501636429098525,0.00012527617519841094,0.0,0.0,0.17057037962273444,0.16582446778706833,0.01947289382947685,0.023237136709797723,0.24171819518926474,147.03580747567457,0.005759297864899397,1.4447044748966102,-0.0008710322061790185,1633.3333333333335,0.013465525400232178,True,0.0009033342939801514,0.17057037962273444,False,True,True,0.85,True,False,False,0,True,False,True,False,True,False,True,False,False,0,0,False,0,15,24,24,,,,False,False,False,
46,2026-08-12T14:30:33.749810,shadow,analysis_full,silero,webrtc,False,0.0007197739905677736,True,True,False,1,False,True,False,0,0.0,,,,,,,,,,,,,0.002139039623188184,0.6807375982994388,0.25800963206658206,0.061252769166479495,,,,,,,,,,,,,,False,False,temporal_v1,False,0.00014438857943902873,0.16701461377870563,3.7484077284722166,0.8914355682949936,69.29556746497799,1554.973942273329,0.001456124695756461,0.0005518928261546237,0.0001310221002770991,0.0,0.0,0.18047744103281313,0.1735254944136678,0.012200217911944537,0.02328117220785077,0.24078602255637574,154.30520272425858,0.0038369678763643823,1.3860576261558897,-0.0008212711158282029,1633.3333333333335,0.013933863774008888,True,0.0008699912577867508,0.18047744103281313,False,True,True,0.85,True,False,False,0,True,False,True,False,True,False,True,False,False,0,0,False,0,15,24,24,,,,False,False,False,
47,2026-08-12T14:30:33.762247,shadow,analysis_full,silero,webrtc,False,0.00081887177657336,True,True,False,1,False,True,False,0,0.0,,,,,,,,,,,,,0.002182699133569184,0.7061065907873695,0.2360257261982395,0.05786768255624276,,,,,,,,,,,,,,False,False,temporal_v1,False,0.0001449745344260592,0.12108559498956159,3.6923302452194573,0.8947470860971137,69.34859795204413,1562.139466302544,0.0015412182439190818,0.0005151731480729348,0.00012630774057716766,0.0,0.0,0.1821109410619918,0.1720663345077262,0.011403904068138685,0.027974947807933193,0.24290232411463578,112.02026296753651,0.004621243512574355,1.6065618279598146,-0.0009577817485218096,1666.6666666666667,0.008817188689093258,True,0.0008862524409778416,0.1821109410619918,False,True,True,0.85,True,False,False,0,True,False,True,False,True,False,True,False,False,0,0,False,0,15,24,24,,,,False,False,False,
48,2026-08-12T14:30:33.774164,shadow,analysis_full,silero,webrtc,False,0.00081887177657336,True,True,False,1,False,True,False,0,0.0,,,,,,,,,,,,,0.0007727788603630769,0.6152637837871789,0.3450033990900823,0.039732815828707545,,,,,,,,,,,,,,False,False,temporal_v1,False,9.192040794640223e-05,0.14822546972860126,3.6932476042667948,0.9042725641352443,65.10136587604481,1552.6529387859139,0.0004754628456577307,0.0002666113335702216,3.070468013512464e-05,0.0,0.0,0.1751729923521317,0.16412281408677765,0.013821775696900367,0.027813230262788594,0.14064190163342055,115.82802144574853,0.004649734426959627,1.04331749164862,-0.0006216133301412247,1500.0,0.029119528104976335,True,0.00081887177657336,0.1751729923521317,False,True,True,0.85,True,False,False,0,True,False,True,False,True,False,True,False,False,0,0,False,0,15,24,24,,,,False,False,False,
49,2026-08-12T14:30:33.780654,shadow,analysis_full,silero,webrtc,False,0.0007290967623703182,True,True,False,1,False,True,False,0,0.0,,,,,,,,,,,,,0.0030459682525406273,0.7541446410919177,0.20271584999478603,0.043139508584993456,,,,,,,,,,,,,,False,False,temporal_v1,False,0.00016865463778748284,0.11899791231732777,3.4427499497892198,0.9146822148747532,70.81450915520125,1522.0465464621104,0.002297100634589627,0.0006174660433709064,0.00013140157358009391,0.0,0.0,0.1915224867718382,0.17868294239384028,0.015338395379985627,0.031321502505344434,0.16844553038297747,118.04884090702974,0.0059292007544017285,1.541624170584385,-0.0009289998401231374,1466.6666666666667,0.009438406703659034,True,0.0008026105933822691,0.1915224867718382,False,True,True,0.85,True,False,False,0,True,False,True,False,True,False,True,False,False,0,0,False,0,15,24,24,,,,False,False,False,
50,2026-08-12T14:30:33.798530,shadow,analysis_full,silero,webrtc,False,0.0007016128511168063,True,True,False,1,False,True,False,0,0.0,,,,,,,,,,,,,0.0009265228416120374,0.7704870908144031,0.1864417648356412,0.04307114327065143,,,,,,,,,,,,,,False,False,temporal_v1,False,9.644410098016775e-05,0.11691022964509394,3.5311350560599646,0.9113971588752925,65.6060068136887,1535.9750161424429,0.0007138738888067527,0.00017274255375068152,3.990639805460315e-05,0.0,0.0,0.17292679001279065,0.16258009145454974,0.01300929412703716,0.0278187143300458,0.17079916156692249,97.56653611989987,0.0067116600352950745,1.1255568992611937,-0.0006643380080281963,1333.3333333333335,0.020175894470563664,True,0.0007693666848354042,0.17292679001279065,False,True,True,0.85,True,False,False,0,True,False,True,False,True,False,True,False,False,0,0,False,0,15,24,24,,,,False,False,False,
51,2026-08-12T14:30:33.812239,shadow,analysis_full,silero,webrtc,False,0.0006965634529478848,True,True,False,1,False,True,False,0,0.0,,,,,,,,,,,,,0.0017873152750275303,0.8560934675982227,0.10747788479103111,0.03642864705124787,,,,,,,,,,,,,,False,False,temporal_v1,False,0.000132278439095793,0.11691022964509394,3.076077849864766,0.9325041170582924,68.68771230335354,1502.3597549272495,0.0015301089314895895,0.00019209686521465898,6.510947732328191e-05,0.0,0.0,0.1305349761123348,0.12318360562381055,0.010804784961737854,0.027007869108636708,0.2627469402609915,47.429136250368536,0.00662432778737264,1.1172672476549226,-0.0006696054454580397,900.0000000000001,0.01645445771988685,True,0.0007440655317623168,0.1305349761123348,False,True,True,0.85,False,False,False,0,True,False,True,False,True,False,True,False,False,0,0,False,0,15,24,24,,,,False,False,False,
52,2026-08-12T14:30:33.823204,shadow,analysis_full,silero,webrtc,False,0.000658386736176908,True,True,False,1,False,True,False,0,0.0,,,,,,,,,,,,,0.0010844443816348187,0.8233312529107564,0.13543783667502948,0.04123090949208303,,,,,,,,,,,,,,False,False,temporal_v1,False,0.0001036298494152592,0.13569937369519833,3.099329559774972,0.9291372354364418,66.38318587932935,1466.5126964480842,0.0008928569514434257,0.00014687480104300994,4.4712628148383157e-05,0.0,0.0,0.11979059804942892,0.11221272434862813,0.01091385103268766,0.02057824055173546,0.28030715774267434,33.1853870681051,0.006566046192669171,1.3121605123548687,-0.0007848160572198124,1200.0,0.00942790890834895,True,0.0007324219332076609,0.11979059804942892,False,True,True,0.85,True,False,False,0,True,False,True,False,True,False,True,False,False,0,0,False,0,15,24,24,,,,False,False,False,
53,2026-08-12T14:30:33.836782,shadow,analysis_full,silero,webrtc,False,0.0006886362680234015,True,True,False,1,False,True,False,0,0.0,,,,,,,,,,,,,0.0011506362545084842,0.8299906238703281,0.13717497809718568,0.03283439716340184,,,,,,,,,,,,,,False,False,temporal_v1,False,0.00010555220339551886,0.09394572025052192,2.9399927236183583,0.9297671942645251,66.5619269967297,1526.2503589423309,0.0009550173027273144,0.00015783850301002907,3.7780447771140696e-05,0.0,0.0,0.10344515603906372,0.09521708611530148,0.011584190954711224,0.02129026936781956,0.31366304574233295,32.54455926951424,0.007865500849180926,1.197267670133832,-0.0007123211729356954,1200.0,0.011506408108679337,True,0.0007244353764690459,0.10344515603906372,False,True,True,0.85,True,False,False,0,True,False,True,False,True,False,True,False,False,0,0,False,0,15,24,24,,,,False,False,False,
54,2026-08-12T14:30:33.850498,shadow,analysis_full,silero,webrtc,False,0.0006956824799999595,True,True,False,1,False,True,False,0,0.0,,,,,,,,,,,,,0.0019516626926136564,0.7466058773412749,0.2079230923563258,0.0454710297900157,,,,,,,,,,,,,,False,False,temporal_v1,False,0.00013760024586677343,0.11691022964509394,3.508780773366696,0.9144246366311859,68.96557135886496,1498.0598984371645,0.001457122836893054,0.00040579574228470476,8.874411243589782e-05,0.0,0.0,0.07511474514854163,0.06918184563490239,0.010087571982956657,0.019235024923611625,0.30135262836649207,28.214841528177192,0.005125678265005099,1.8967225074546248,-0.0011536846611524534,1433.3333333333335,0.004359680109803757,True,0.0007106934208422899,0.07511474514854163,False,True,True,0.85,True,False,False,0,True,False,True,False,True,False,True,False,False,0,0,False,0,15,24,24,,,,False,False,False,
55,2026-08-12T14:30:33.862062,shadow,analysis_full,silero,webrtc,False,0.0007119335350580513,True,True,False,1,False,True,False,0,0.0,,,,,,,,,,,,,0.0030145879905949242,0.7590762568556213,0.19304811559937968,0.047875627213278676,,,,,,,,,,,,,,False,False,temporal_v1,False,0.00016978209966021546,0.12734864300626306,3.678901990530869,0.9184822608321314,70.89255045340077,1485.3297252965453,0.002288302167862704,0.0005819605308928706,0.00014432529083934943,0.0,0.0,0.06947324557299422,0.06531331282225993,0.00841844420390297,0.019025422280792112,0.2813413058892056,30.3563479497234,0.003961446067832543,1.2624732689296145,-0.0007474343445527244,1366.6666666666667,0.017828538874943213,True,0.0007067731930874288,0.06947324557299422,False,True,True,0.85,True,False,False,0,True,False,True,False,True,False,True,False,False,0,0,False,0,15,24,24,,,,False,False,False,
56,2026-08-12T14:30:33.875920,shadow,analysis_full,silero,webrtc,False,0.0007045086822472513,True,True,False,1,False,True,False,0,0.0,,,,,,,,,,,,,0.0028164642904767597,0.7542840413635221,0.18979521093169163,0.05592074734973126,,,,,,,,,,,,,,False,False,temporal_v1,False,0.00016569878259021148,0.11064718162839249,3.683811052510675,0.9160562252626681,70.66145313603148,1508.1382164886904,0.002124414067376855,0.0005345514340926138,0.00015749878800729099,0.0,0.0,0.06506157705747224,0.06249663794051801,0.007481984935240126,0.013747037689481694,0.27487852680356206,28.23519363197801,0.001586832291426469,1.161048746199171,-0.0006949016665705393,1400.0,0.025928566796186266,True,0.0007030607666820288,0.06506157705747224,False,True,True,0.85,True,False,False,0,True,False,True,False,True,False,True,False,False,0,0,False,0,15,24,24,,,,False,False,False,
57,2026-08-12T14:30:33.890537,shadow,analysis_full,silero,webrtc,False,0.0006006228504702449,True,True,False,1,False,True,False,0,0.0,,,,,,,,,,,,,0.002205871953822873,0.7226853802582288,0.22155069972550567,0.055763919562930156,,,,,,,,,,,,,,False,False,temporal_v1,False,0.00014532964743649166,0.11064718162839249,3.7791235010727133,0.9042364799431457,69.41660931665947,1557.1154594118186,0.0015941514117494451,0.0004887124748743258,0.00012300806619910227,0.0,0.0,0.06382748261931526,0.0616711004186759,0.00711996299141988,0.014068255189003297,0.2840940175166949,27.442358188488807,0.0023868249807208336,1.2074173345586325,-0.0007189600084579493,1466.6666666666667,0.023305239823012414,True,0.0006990881520323455,0.06382748261931526,False,True,True,0.85,True,False,False,0,True,False,True,False,True,False,True,False,False,0,0,False,0,15,24,24,,,,False,False,False,
58,2026-08-12T14:30:33.904279,shadow,analysis_full,silero,webrtc,False,0.0005071379127912223,True,True,False,1,False,True,False,0,0.0,,,,,,,,,,,,,0.0015375640987081167,0.7981443459932358,0.17220613965936685,0.02964951369701789,,,,,,,,,,,,,,False,False,temporal_v1,False,0.00012265679093109228,0.10647181628392484,3.396361229981701,0.9314047330262857,67.98378097543934,1541.071861016026,0.0012271980919860688,0.0002647779779173585,4.5588027804689274e-05,0.0,0.0,0.04090513818827433,0.035008754608934003,0.00829132672569005,0.010769286326955268,0.27166492401870757,26.05705594249952,0.003918816818265656,0.8639115421774811,-0.0005095816165992806,1400.0,0.03205384183236602,True,0.0006961229664739221,0.04090513818827433,False,True,False,0.85,True,False,False,0,True,False,True,False,True,False,True,False,False,0,0,False,0,15,24,24,,,,False,False,False,
59,2026-08-12T14:30:33.920056,shadow,analysis_full,silero,webrtc,False,0.0005417817737907171,True,True,False,1,False,True,False,0,0.0,,,,,,,,,,,,,0.001635687912367425,0.7207098805227685,0.23130561603928093,0.047984502826587075,,,,,,,,,,,,,,False,False,temporal_v1,False,0.00012744312193226542,0.12943632567849686,3.651871463502544,0.9083979369930796,68.23016676937316,1477.2858673737037,0.0011788564398948634,0.0003783438002181526,7.848767125440901e-05,0.0,0.0,0.044234136080305526,0.03815098937254355,0.008417819817167356,0.011540939424705849,0.2809906886199481,28.10361073262694,0.004953241530418811,1.7522754398549942,-0.0010616667916261452,1533.3333333333335,0.006111137695824532,True,0.0006921593740116805,0.044234136080305526,False,True,False,0.85,True,False,False,0,True,False,True,False,True,False,True,False,False,0,0,False,0,15,24,24,,,,False,False,False,
60,2026-08-12T14:30:33.926452,shadow,analysis_full,silero,webrtc,False,0.000580505991820246,True,True,False,1,False,True,False,0,0.0,,,,,,,,,,,,,0.0025953350303886953,0.6987973125725215,0.2577008884012322,0.04350179864093963,,,,,,,,,,,,,,False,False,temporal_v1,False,0.00015599106616301104,0.12734864300626306,3.624626641425031,0.9064113339033691,70.07034537461419,1521.4138991009333,0.0018136131444609438,0.0006688201430300057,0.00011290174189774595,0.0,0.0,0.050288625323269276,0.0450494267054772,0.008415987550981038,0.011994640853631087,0.2855671911092967,27.068368657480242,0.006453773098456564,1.5345183726068892,-0.0009191359376923735,1533.3333333333335,0.01095273765709985,True,0.0006735115021001548,0.050288625323269276,False,True,True,0.85,True,False,False,0,True,False,True,False,True,False,True,False,False,0,0,False,0,15,24,24,,,,False,False,False,
61,2026-08-12T14:30:33.935518,shadow,analysis_full,silero,webrtc,False,0.0005646106437779963,True,True,False,1,False,True,False,0,0.0,,,,,,,,,,,,,0.001759173840084182,0.7892319181128258,0.17031834240305613,0.040449738915669456,,,,,,,,,,,,,,False,False,temporal_v1,False,0.00013278786899058746,0.0918580375782881,3.6014708103656847,0.9228787017627536,68.6776441832845,1432.948586630122,0.0013883961441035445,0.00029961957244195684,7.115812253868082e-05,0.0,0.0,0.04234400923643126,0.03749664861786378,0.008152519398459988,0.014265152656247608,0.26027500906270973,35.348534299846314,0.0047539488916942905,1.4387368986150157,-0.0008687255906083598,1233.3333333333335,0.013461288895455647,True,0.0006295047933235765,0.04234400923643126,False,True,False,0.85,True,False,False,0,True,False,True,False,True,False,True,False,False,0,0,False,0,15,24,24,,,,False,False,False,
62,2026-08-12T14:30:33.950668,shadow,analysis_full,silero,webrtc,False,0.0005128050688654184,True,True,False,1,False,True,False,0,0.0,,,,,,,,,,,,,0.001266281176278667,0.8326481172371636,0.1334405692273415,0.033911312745780846,,,,,,,,,,,,,,False,False,temporal_v1,False,0.00011056287141025604,0.09603340292275574,2.74844294826031,0.9306846310472775,67.00629196558603,1580.5687089695198,0.001054366637321293,0.00016897328096449288,4.294125699288112e-05,0.0,0.0,0.043713286039115014,0.03779960658856964,0.008685565539177919,0.01345867345410121,0.3266362516349034,40.30134576985634,0.009864619618662824,1.0486402173040905,-0.0006269829112308631,1100.0,0.02049223045642931,True,0.0005905644211452454,0.043713286039115014,False,True,False,0.85,True,False,False,0,True,False,True,False,True,False,True,False,False,0,0,False,0,15,24,24,,,,False,False,False,
63,2026-08-12T14:30:33.966088,shadow,analysis_full,silero,webrtc,False,0.0005546892061829567,True,True,False,1,False,True,False,0,0.0,,,,,,,,,,,,,0.00040732445947970865,0.7249120600296758,0.21462736300257906,0.06046057451269986,,,,,,,,,,,,,,False,False,temporal_v1,False,6.83896181650714e-05,0.1544885177453027,3.542532707092435,0.8973358671501784,62.00205056355028,1652.5272063632676,0.0002952744130219098,8.742297462458074e-05,2.462707083321812e-05,0.0,0.0,0.03928524918830885,0.03358599497408291,0.009279132562782904,0.017428086984083796,0.27665832197104556,58.297143466988416,0.007918833656826826,1.0459600954039192,-0.0006229569681669347,1500.0,0.03057054199865097,True,0.0005725583177991211,0.03928524918830885,False,True,False,0.85,True,False,False,0,True,False,True,False,True,False,True,False,False,0,0,False,0,15,24,24,,,,False,False,False,
64,2026-08-12T14:30:33.976083,shadow,analysis_full,silero,webrtc,False,0.0005546892061829567,True,True,False,1,False,True,False,0,0.0,,,,,,,,,,,,,0.0007181855043165063,0.7540502127738656,0.19887163962323917,0.04707814621049741,,,,,,,,,,,,,,False,False,temporal_v1,False,8.574066789168391e-05,0.1315240083507307,3.2671877300381493,0.9099342163545019,64.4359726801398,1532.2723527259584,0.0005415479323409675,0.0001428267287970665,3.38108421784723e-05,0.0,0.0,0.03919506588974134,0.03346021695658008,0.009280783945609826,0.017954070981210855,0.2870747475849307,57.58916964191344,0.007680005415360196,1.4783045288417576,-0.0008914870604621208,1533.3333333333335,0.009690182753234619,True,0.0005596499249804765,0.03919506588974134,False,True,False,0.85,True,False,False,0,True,False,True,False,True,False,True,False,False,0,0,False,0,15,24,24,,,,False,False,False,
65,2026-08-12T14:30:33.993252,shadow,analysis_full,silero,webrtc,False,0.0005412134923972189,True,True,False,1,False,True,False,0,0.0,,,,,,,,,,,,,0.0005452144799530419,0.7949376941192883,0.1544662839658432,0.05059602008072818,,,,,,,,,,,,,,False,False,temporal_v1,False,7.658343395947104e-05,0.12734864300626306,3.176291884798972,0.9181327920985132,63.31724626531505,1608.5915233622075,0.000433411541494318,8.421725468271609e-05,2.7585682776007876e-05,0.0,0.0,0.04096312047562303,0.03597189579583618,0.009363666548185462,0.017954070981210855,0.29479790434066,60.088465133720184,0.005518130220428873,1.0506570868857779,-0.0006202822646491695,1400.0,0.023823995971497945,True,0.0005546892061829567,0.04096312047562303,False,True,False,0.85,True,False,False,0,True,False,True,False,True,False,True,False,False,0,0,False,0,15,24,24,,,,False,False,False,
66,2026-08-12T14:30:34.015664,shadow,analysis_full,silero,webrtc,False,0.0004941463703289628,True,True,False,1,False,True,False,0,0.0,,,,,,,,,,,,,0.0006170011969495169,0.6650620306628527,0.2875819109285875,0.04735605678781735,,,,,,,,,,,,,,False,False,temporal_v1,False,8.044968267866284e-05,0.12526096033402923,3.3925173437234633,0.8889607076079669,63.68729348064096,1745.741894776775,0.00041034406896465645,0.00017743838326396782,2.9218743720892597e-05,0.0,0.0,0.049792542045668395,0.045430918489094474,0.008842913723023678,0.01784327614433536,0.28417634138592407,84.38491709081492,0.0073367366809103576,0.8932920761575787,-0.0005303139735010674,1666.6666666666667,0.03974790085153258,True,0.0005482354899868369,0.049792542045668395,False,True,False,0.85,True,False,False,0,True,False,True,False,True,False,True,False,False,0,0,False,0,15,24,24,,,,False,False,False,
67,2026-08-12T14:30:34.036645,shadow,analysis_full,silero,webrtc,False,0.00046245171688497066,True,True,False,1,False,True,False,0,0.0,,,,,,,,,,,,,0.0006434396378556316,0.6944208222891385,0.24698311521956326,0.05859606093715089,,,,,,,,,,,,,,False,False,temporal_v1,False,8.256227433268705e-05,0.15031315240083507,3.7119849874263386,0.893897555552697,63.97695937967559,1541.0682431483613,0.0004468178824131332,0.00015891872621333152,3.770302822916689e-05,0.0,0.0,0.05202182711745292,0.047014888777256764,0.009199650804432212,0.019633098865150307,0.27624878018455556,84.6708150411249,0.00822987838520308,1.4386179788871276,-0.0008605303031504635,1666.6666666666667,0.011698895994588359,True,0.000541497633093968,0.05202182711745292,False,True,True,0.85,True,False,False,0,True,False,True,False,True,False,True,False,False,0,0,False,0,15,24,24,,,,False,False,False,
68,2026-08-12T14:30:34.052125,shadow,analysis_full,silero,webrtc,False,0.0004794082778971642,True,True,False,1,False,True,False,0,0.0,,,,,,,,,,,,,0.0008257497322504263,0.6320293572280342,0.3165956373907488,0.05137500417019635,,,,,,,,,,,,,,False,False,temporal_v1,False,9.20562052066311e-05,0.1440501043841336,3.665426052630882,0.8893834668110853,65.04399039492401,1559.5776036224258,0.0005218980725054583,0.0002614287628070639,4.242289593790417e-05,0.0,0.0,0.05916300829503339,0.055580479280878205,0.00749998051502687,0.01951285418880655,0.2863975727783936,84.3653808885349,0.006190555957738524,1.20080240885481,-0.0007181350210377453,1666.6666666666667,0.018627345838869144,True,0.000541497633093968,0.05916300829503339,False,True,True,0.85,True,False,False,0,True,False,True,False,True,False,True,False,False,0,0,False,0,15,24,24,,,,False,False,False,
69,2026-08-12T14:30:34.056304,shadow,analysis_full,silero,webrtc,False,0.00047238048864528537,True,True,False,1,False,True,False,0,0.0,,,,,,,,,,,,,0.0035500109877244783,0.7745144423776422,0.17117976102926472,0.05430579631140382,,,,,,,,,,,,,,False,False,temporal_v1,False,0.0001794511384994993,0.13778705636743216,3.2526344075331077,0.8980198040995712,71.29209833594588,1568.7038828736413,0.002749534780591927,0.0006076900325299401,0.000192786173602611,0.0,0.0,0.06044434123270383,0.05738377768847652,0.007724045841315307,0.01974378357834971,0.28162100787812155,79.13463670608631,0.010633413658259726,1.2193585431907699,-0.0007257480207593188,1133.3333333333335,0.01257129530772483,True,0.0005270092806313187,0.06044434123270383,False,True,True,0.85,True,False,False,0,True,False,True,False,True,False,True,False,False,0,0,False,0,15,24,24,,,,False,False,False,
70,2026-08-12T14:30:34.070967,shadow,analysis_full,silero,webrtc,False,0.0010783508187159896,True,True,False,1,False,True,False,0,0.0,,,,,,,,,,,,,0.011114465170903512,0.6539096183381647,0.26170458817510867,0.08438579339675378,,,,,,,,,,,,,,False,False,temporal_v1,False,0.0003301779312025248,0.20876826722338204,3.8009343944552034,0.8754493467744496,76.57188080454303,1533.0418887280116,0.007267855677938341,0.0029087065303378926,0.0009379029616272794,0.0,0.0,0.06457081872763389,0.057692213883519354,0.012925779450254561,0.031081241256405538,0.30014698269460144,78.43068006880432,0.007683307807327096,1.155471323470854,-0.0006959069784606083,1766.6666666666667,0.021594858171476942,True,0.0005270092806313187,0.06457081872763389,False,True,True,0.85,True,False,False,0,True,False,True,False,True,False,True,False,False,0,0,False,0,15,24,24,,,,False,False,False,
71,2026-08-12T14:30:34.078700,shadow,analysis_full,silero,webrtc,False,0.008438186720013618,True,True,True,1,False,True,False,0,0.0,,,,,,,,,,,,,1.9474564067318145,0.9526135236536706,0.03822627947715923,0.009160196868656621,,,,,,,,,,,,,,False,False,temporal_v1,False,0.0041247089080298635,0.10855949895615867,1.7037252796954683,0.9423443354425302,98.8666375817804,1182.2221810151552,1.8551733097787098,0.07444401287331462,0.017839084078790042,0.0,0.0,0.09195616467108414,0.07806663516283092,0.018242744825394307,0.029003765955455698,0.586345009344679,137.68659368690655,0.03889112868220586,1.8451549171695834,-0.001123311094063394,900.0000000000001,0.00043406817548648647,True,0.0005270092806313187,0.09195616467108414,False,True,True,0.85,False,False,False,0,True,True,True,True,True,True,True,False,False,1,0,False,0,15,24,24,,,,False,False,False,
72,2026-08-12T14:30:34.087814,shadow,analysis_full,silero,webrtc,False,0.011001325212419033,True,True,True,1,False,True,False,0,0.0,,,,,,,,,,,,,1.959811977570425,0.925111541501536,0.07034015833781702,0.004548300160136717,,,,,,,,,,,,,,False,False,temporal_v1,False,0.004145324964629129,0.0918580375782881,2.2287446955552404,0.9565695410452496,98.97490232145694,1277.8770790947826,1.8130446796233495,0.137853484814654,0.00891381313142142,0.0,0.0,0.10388661643997466,0.08557228134162424,0.02243317454705511,0.029634065401317914,0.646345717111374,159.30833277592197,0.023299431426878292,0.752072361429363,-0.00046256203243704824,933.3333333333334,0.008363018660132938,True,0.0005479513492900878,0.10388661643997466,False,True,True,0.85,False,False,False,0,True,True,True,True,True,True,True,False,False,2,0,False,0,15,24,24,,,,False,False,False,
73,2026-08-12T14:30:34.099483,shadow,analysis_full,silero,webrtc,False,0.017375778406858444,True,True,True,1,False,True,False,0,0.0,,,,,,,,,,,,,1.3236763154322548,0.9359664174197766,0.0590136692151149,0.005019913364352873,,,,,,,,,,,,,,False,False,temporal_v1,False,0.003523866506860217,0.05010438413361169,1.8989411037880435,0.9726925743525677,97.63557894104045,995.4898571689696,1.2389165787785377,0.07811499622680118,0.006644740425915745,0.0,0.0,0.11593245244084664,0.0944673578437587,0.02506499577515908,0.0389166673475724,0.7347175000883078,216.42145396686053,0.012055757234534455,1.964201526044788,-0.0012026394595003244,600.0,0.0004468327384635299,True,0.0005479513492900878,0.11593245244084664,False,True,True,0.85,False,False,False,0,True,True,True,True,True,True,True,False,False,3,0,False,0,15,24,24,,,,False,False,False,
74,2026-08-12T14:30:34.118594,shadow,analysis_full,silero,webrtc,False,0.014474506489932537,True,True,True,1,False,True,False,0,0.0,,,,,,,,,,,,,1.0644274211701226,0.9284276348859019,0.06217302054265667,0.00939934457050206,,,,,,,,,,,,,,False,False,temporal_v1,False,0.0036276724753388626,0.0709812108559499,2.1719317981699646,0.970846514626518,97.88004340992528,1064.3084699799458,0.9882438331446767,0.0661786679225771,0.010004920101868901,0.0,0.0,0.1238249754137504,0.10051612421633767,0.026684217682412092,0.0423835575463867,0.7690253012281824,243.44314101314527,0.042061797380969906,1.086017449785833,-0.0006618844998156618,533.3333333333334,0.004131278800564087,True,0.0008097821555566043,0.1238249754137504,False,True,True,0.85,False,False,False,0,True,True,True,True,True,True,True,True,False,4,0,False,0,15,24,24,,,,False,False,False,
75,2026-08-12T14:30:34.130702,shadow,analysis_full,silero,webrtc,False,0.07559555023908615,True,True,True,1,False,True,False,0,0.0,,,,,,,,,,,,,6.921246515652685,0.9298467393909962,0.0595333411096906,0.01061991949916866,,,,,,,,,,,,,,False,False,temporal_v1,False,0.007851724940762524,0.08350730688935282,2.1921798171017093,0.9597546635940774,104.53715545477264,1199.2873136407447,6.435698505100943,0.4120449297206088,0.0735030808301331,0.0,0.0,0.1301926086760835,0.10559011411308167,0.02740372234075992,0.04379607963369035,0.790091141979526,240.6117592294043,0.035029464085245175,0.8316844712171484,-0.0005153260046312884,733.3333333333334,0.0050560112399901476,True,0.004758268769364804,0.1301926086760835,True,True,True,0.85,False,False,False,0,True,True,True,True,True,True,True,True,False,5,0,False,0,15,24,24,,,,False,False,False,
76,2026-08-12T14:30:34.151576,shadow,analysis_full,silero,webrtc,False,0.12296480685472488,True,True,True,1,False,True,False,0,0.0,,,,,,,,,,,,,10.245743555002393,0.9313517140551603,0.05819502350863564,0.010453262436106326,,,,,,,,,,,,,,False,False,temporal_v1,False,0.009485583040339625,0.0918580375782881,2.053917401283421,0.9560707026950805,106.16303536863538,1344.7737534402675,9.54239082172109,0.5962512870468164,0.10710144623348501,0.0,0.0,0.1251241917084433,0.0995462280153098,0.02776850006651089,0.04431841034250179,0.7920801467860149,204.86487713322134,0.0212317621342834,0.7527314503581087,-0.0004610065070269739,700.0,0.008777494115542347,True,0.009719755966216326,0.1251241917084433,True,True,True,0.85,False,False,False,0,True,True,True,True,True,True,True,True,False,6,0,False,0,15,24,24,,,,False,False,False,
77,2026-08-12T14:30:34.169363,shadow,analysis_full,silero,webrtc,False,0.11857341229915619,True,True,True,1,False,True,False,0,0.0,,,,,,,,,,,,,7.824815264710478,0.8993865522058371,0.09336195578278432,0.007251492011250812,,,,,,,,,,,,,,False,False,temporal_v1,False,0.008274010731058119,0.08768267223382047,1.8730338000052746,0.9596662830898834,104.99224548096723,1160.5508477248013,7.037533622575561,0.7305400567523554,0.05674158538156143,0.0,0.0,0.11679334452444042,0.09259699238750045,0.02669286572423043,0.04312214559513107,0.7401321839023359,196.6771925339357,0.02668890030655561,1.2231500782398037,-0.0007385742643691818,700.0,0.002097176947415326,True,0.012737915851175785,0.11679334452444042,True,True,True,0.85,False,False,False,0,True,True,True,True,True,True,True,True,False,7,0,False,0,15,24,24,,,,False,False,False,
78,2026-08-12T14:30:34.182837,shadow,analysis_full,silero,webrtc,False,0.08595322072505951,True,True,True,1,True,True,False,1,0.0,,,,,,,,,,,,,6.249426865022168,0.8125470669883308,0.18163732151837403,0.005815611493135223,,,,,,,,,,,,,,False,False,temporal_v1,False,0.0073959479176518034,0.09603340292275574,2.3425156560170324,0.9550055762355516,103.99677893502374,1274.370685988387,5.077953469531842,1.1351291567875958,0.036344238701730945,0.0,0.0,0.09206492222663232,0.06986328324512252,0.025608995793425154,0.04142669479686835,0.6267045724643774,174.7709818148588,0.01797300901872561,0.8209971199558262,-0.0005014857693028952,1066.6666666666667,0.008861055614824281,True,0.01592514244839549,0.09206492222663232,True,True,True,0.85,True,True,True,1,True,True,True,True,True,True,True,True,False,8,0,True,1,15,24,24,,,,False,False,False,
79,2026-08-12T14:30:34.201912,shadow,analysis_full,silero,webrtc,False,0.06260187178850174,True,True,True,1,True,True,False,1,0.0,,,,,,,,,,,,,5.9206366710396,0.8067353800449342,0.18949980435957586,0.0037648155953210103,,,,,,,,,,,,,,False,False,temporal_v1,False,0.007184834887988178,0.07724425887265135,2.5868777456352183,0.9572901616794669,103.75579193993202,1177.4330365824792,4.776387074919105,1.1219594908461348,0.022290105273359357,0.0,0.0,0.08902760756097698,0.0717746608383745,0.02323609533417432,0.04026630638448314,0.5592044599621164,142.02389708392474,0.012359339479527135,0.7635419528712699,-0.0004673677579848059,1033.3333333333335,0.006580327636247726,True,0.03998882509768009,0.08902760756097698,True,True,True,0.85,True,True,True,2,True,True,True,True,True,True,True,True,False,9,0,True,2,15,24,24,,,,False,False,False,
80,2026-08-12T14:30:34.215578,shadow,analysis_full,silero,webrtc,False,0.06260187178850174,True,True,True,1,True,True,False,1,0.0,,,,,,,,,,,,,4.205807616554723,0.770417326195679,0.2246501685878645,0.00493250521621866,,,,,,,,,,,,,,False,True,temporal_v1,False,0.006061894739665956,0.08768267223382047,2.0233163622860775,0.9584271476029974,102.28464603687817,1291.4611514122985,3.2402270584395114,0.944835390107143,0.020745168007068344,0.0,0.0,0.06273348560813953,0.06427602916940622,0.0024798690218343017,0.015032764949807676,0.24135471801489697,101.70310873539226,0.019517182694035677,0.7313468039170213,-0.0004457314989409493,1000.0000000000001,0.0062753634073823665,True,0.06260187178850174,0.06273348560813953,True,True,True,0.85,True,True,True,3,True,True,True,True,True,True,True,True,True,0,0,True,3,15,24,15,,,,False,False,False,
81,2026-08-12T14:30:34.231163,shadow,analysis_full,silero,webrtc,False,0.032738037407398224,True,True,True,1,True,True,False,1,0.0,,,,,,,,,,,,,3.784123105074402,0.8458433901332779,0.15015644342529127,0.004000166441166566,,,,,,,,,,,,,,True,False,temporal_v1,False,0.005761420206895365,0.0709812108559499,2.4028613215552874,0.9599874160021569,101.84999297489378,1282.5130979649862,3.2007755158777984,0.5682104669414421,0.015137122254161648,0.0,0.0,0.06006834563603338,0.06159618686752903,0.002533055896956265,0.013139139020926567,0.2139674002018143,104.67480328387373,0.007224072472365127,0.6714668200546283,-0.0004185366060483655,1000.0000000000001,0.009917035931845172,True,0.06260187178850174,0.06006834563603338,True,True,True,0.85,True,True,True,4,True,True,True,True,True,True,True,True,True,0,0,True,4,15,24,15,,,,False,False,False,
82,2026-08-12T14:30:34.250572,shadow,analysis_full,silero,webrtc,False,0.023482106626033783,True,True,True,1,False,True,False,0,0.0,,,,,,,,,,,,,2.101109627095744,0.9428652748766665,0.05378507381394001,0.0033496513089175148,,,,,,,,,,,,,,True,False,temporal_v1,False,0.004285073769222393,0.09603340292275574,2.386113481345213,0.9550651196007911,99.2562247196485,1363.9469614216068,1.9810633060976388,0.11300833638452455,0.00703798461258045,0.0,0.0,0.06165917972791453,0.0629773738347609,0.002651955358585487,0.013544218441176278,0.22276870681192412,113.34435774226884,0.014689862350958994,0.5852787539996428,-0.000366204608326972,966.6666666666667,0.0131764208672994,True,0.06260187178850174,0.06165917972791453,True,True,True,0.85,False,False,False,0,True,True,True,True,True,True,True,True,True,0,0,False,0,15,24,15,,,,False,False,False,
83,2026-08-12T14:30:34.270185,shadow,analysis_full,silero,webrtc,False,0.021628154441714287,True,True,True,1,False,True,False,0,0.0,,,,,,,,,,,,,1.5808170773141523,0.9644234049845601,0.033840476913023415,0.0017361181017838097,,,,,,,,,,,,,,True,False,temporal_v1,False,0.0037080320602662802,0.11482254697286012,2.1387909092683364,0.9536092660552246,97.99341492154362,1052.798037909234,1.5245769883610554,0.053495603808562726,0.002744485143534076,0.0,0.0,0.06474052538867797,0.06554382652989364,0.002991587207467449,0.012560842552393588,0.20171593116051914,103.06230610049222,0.009305536366137903,0.8281295081105314,-0.0005047803981791517,966.6666666666667,0.002301202419643129,True,0.06260187178850174,0.06474052538867797,True,True,True,0.85,False,False,False,0,True,True,True,True,True,True,True,True,True,0,0,False,0,15,24,15,,,,False,False,False,
84,2026-08-12T14:30:34.281939,shadow,analysis_full,silero,webrtc,False,0.017519839107990265,True,True,True,1,False,True,False,0,0.0,,,,,,,,,,,,,1.595935924340583,0.9763675325058584,0.022689946431632798,0.0009425210618821912,,,,,,,,,,,,,,True,False,temporal_v1,False,0.003732202416969704,0.081419624217119,2.2264663741433894,0.9693365329473314,98.12076068249584,867.6641054275074,1.5582200204858714,0.036211700631606204,0.0015042032221054228,0.0,0.0,0.06951235439834345,0.06942162543592081,0.0031401303689145804,0.011520150030331019,0.20115602358305187,142.37354851131778,0.01226740371811527,1.1205738688256388,-0.0006838254546002465,933.3333333333334,0.0009904911758230875,True,0.06260187178850174,0.06951235439834345,True,True,True,0.85,False,False,False,0,True,True,True,True,True,True,True,True,True,0,0,False,0,15,24,15,,,,False,False,False,
85,2026-08-12T14:30:34.299588,shadow,analysis_full,silero,webrtc,False,0.014368601143360138,True,True,True,1,False,True,False,0,0.0,,,,,,,,,,,,,0.92757457103515,0.9672065134370279,0.03180560028807673,0.000987886273817232,,,,,,,,,,,,,,False,False,temporal_v1,False,0.0028476021589720914,0.081419624217119,2.364698046360171,0.9639518350132215,95.74670961126279,909.8201972788743,0.8971561668037542,0.02950206604372822,0.0009163381866675317,0.0,0.0,0.07259768049607303,0.07176569786079483,0.0028171145775990223,0.011631221943368783,0.20516460642928552,167.14775687295696,0.015518684678770494,1.1850280880040818,-0.0007165641988460258,966.6666666666667,0.0011933639462417612,True,0.04766995459794998,0.07259768049607303,True,True,True,0.85,False,False,False,0,True,True,True,True,True,True,True,False,True,0,0,False,0,15,24,15,,,,False,False,False,
86,2026-08-12T14:30:34.319897,shadow,analysis_full,silero,webrtc,False,0.010766878724098206,True,True,True,1,False,True,False,0,0.0,,,,,,,,,,,,,0.9467819269207747,0.9564894059203797,0.04225087928706835,0.001259714791495905,,,,,,,,,,,,,,False,False,temporal_v1,False,0.0028856357850273757,0.060542797494780795,1.5256933912512598,0.9731721910762079,95.90306161957905,1179.6949877450274,0.905586882816604,0.040002368905507624,0.0011926751976630947,0.0,0.0,0.07434092125063348,0.07293242378393848,0.002066887085093983,0.014234566959274142,0.2947000935542673,157.17604945428482,0.015590547967445908,0.7225493627931473,-0.0004441756967636077,800.0,0.005107166386952749,True,0.028110072016716003,0.07434092125063348,True,True,True,0.85,False,False,False,0,True,True,True,True,True,True,True,False,True,0,0,False,0,15,24,15,,,,False,False,False,
87,2026-08-12T14:30:34.334997,shadow,analysis_full,silero,webrtc,False,0.013229846954345703,True,True,True,1,False,True,False,0,0.0,,,,,,,,,,,,,0.40316538157967224,0.968048352653962,0.029139963417613466,0.0028116839259442455,,,,,,,,,,,,,,False,False,temporal_v1,False,0.0019359158111612496,0.05845511482254697,1.9085058039601068,0.9769749577970583,92.45238990329793,1117.580043874099,0.39028358348530773,0.011748224470479823,0.0011335736228847426,0.0,0.0,0.07759967131197112,0.07619720765665956,0.0016216381981265715,0.01631200405479545,0.2910905809748581,157.58046017804764,0.020012847167356632,0.8110206291339689,-0.0004965794293547837,633.3333333333334,0.006348828686456311,True,0.022555130533874035,0.07759967131197112,True,True,True,0.85,False,False,False,0,True,True,True,True,True,True,True,False,True,0,0,False,0,15,24,15,,,,False,False,False,
88,2026-08-12T14:30:34.346209,shadow,analysis_full,silero,webrtc,False,0.05229344218969345,True,True,True,1,False,True,False,0,0.0,,,,,,,,,,,,,0.09742682140717404,0.9306837419310423,0.0579001822955528,0.011416075763140781,,,,,,,,,,,,,,False,False,temporal_v1,False,0.001067862053675328,0.06471816283924843,2.3877728549891244,0.9720907643560964,87.26062458356027,1102.7507467916519,0.09067355871167611,0.005641030719951643,0.001112231974546285,0.0,0.0,0.07201136700270956,0.07115717201260778,0.002941267236873839,0.016411894786666846,0.2937571559245981,152.55434965584982,0.019169762019657283,1.1336107617774012,-0.0006802969584267533,766.6666666666667,0.005145252377852774,True,0.022555130533874035,0.07201136700270956,True,True,True,0.85,False,False,False,0,True,True,True,True,True,True,True,False,True,0,0,False,0,15,24,15,,,,False,False,False,
89,2026-08-12T14:30:34.365085,shadow,analysis_full,silero,webrtc,False,0.0490235835313797,True,True,True,1,False,True,False,0,0.0,,,,,,,,,,,,,0.0461164955066615,0.9133882222839416,0.0701869798917031,0.01642479780267119,,,,,,,,,,,,,,False,False,temporal_v1,False,0.0006924003366945692,0.081419624217119,2.582875781173425,0.9650951754305199,83.46056806450517,1156.5747601218413,0.04212226384879492,0.0032367775428018665,0.0007574541140647096,0.0,0.0,0.06280643709248478,0.06178049889683324,0.004867792144942394,0.016406582634144885,0.2932254075889817,152.09589139357993,0.013778840511605116,1.2582076515759302,-0.0007568878590050472,766.6666666666667,0.004963074763374207,True,0.022555130533874035,0.06280643709248478,True,True,True,0.85,False,False,False,0,True,True,True,True,True,True,True,False,True,0,0,False,0,15,24,15,,,,False,False,False,
90,2026-08-12T14:30:34.380956,shadow,analysis_full,silero,webrtc,False,0.06975764781236649,True,True,True,1,True,True,False,1,0.0,,,,,,,,,,,,,0.030233371432732338,0.8230496781330161,0.12325151529739463,0.05369880653651333,,,,,,,,,,,,,,False,True,temporal_v1,False,0.0005155534647540279,0.12943632567849686,3.01371551313619,0.9250026605577373,80.70781363211543,1469.5679538924353,0.024883566626586275,0.0037263088416332234,0.0016234959635128426,0.0,0.0,0.05081113407584278,0.04048689226901126,0.015464698633872877,0.02218844301559319,0.3745821303925964,177.9079916542914,0.008489840842781968,1.4890156166972415,-0.0008919789951785387,1033.3333333333335,0.005223792616788484,True,0.022555130533874035,0.05081113407584278,True,True,True,0.85,True,True,True,1,True,True,True,True,True,True,True,False,True,0,0,True,1,15,24,15,,,,False,False,False,
91,2026-08-12T14:30:34.399586,shadow,analysis_full,silero,webrtc,False,0.07038035243749619,True,True,True,1,True,True,False,1,0.0,,,,,,,,,,,,,0.01870775741549563,0.7924322992458419,0.12068757490126211,0.08688012579944222,,,,,,,,,,,,,,False,True,temporal_v1,False,0.0004100235413795705,0.13569937369519833,3.040724737982552,0.8960452101367165,78.57091650513235,1683.6208489719072,0.01482463122249465,0.0022577938743172706,0.0016253323176837083,0.0,0.0,0.06103334680073952,0.03456629675418618,0.027631720608097293,0.026490546115937284,0.43686354404079386,238.19776765853362,0.007056641898660392,1.1568031383933675,-0.000686663528686659,1700.0000000000002,0.016854796259846785,True,0.022555130533874035,0.06103334680073952,True,True,True,0.85,True,True,True,2,True,True,True,True,True,True,True,False,True,0,0,True,2,15,24,15,,,,False,False,False,
92,2026-08-12T14:30:34.414185,shadow,analysis_full,silero,webrtc,False,0.05229558050632477,True,True,True,1,True,True,False,1,0.0,,,,,,,,,,,,,0.00920803276489324,0.5807578860012376,0.2585656748202784,0.1606764390698831,,,,,,,,,,,,,,False,True,temporal_v1,False,0.0002919600583757866,0.1837160751565762,3.8564869649615114,0.8233892512528319,75.22916957590877,1838.914408912332,0.005347637642769529,0.0023808812056218547,0.001479513915501856,0.0,0.0,0.1188412219762287,0.06909180898792458,0.05031638102375891,0.038633412559393246,0.6275616287996271,305.82233033264123,0.00828926784459179,1.0990444061921514,-0.0006454433630523089,2666.666666666667,0.032895290035106876,True,0.03532586898654699,0.1188412219762287,True,True,True,0.85,True,True,True,3,True,True,True,True,True,False,True,False,True,0,0,True,3,15,24,15,,,,False,False,False,
93,2026-08-12T14:30:34.437381,shadow,analysis_full,silero,webrtc,False,0.035632748156785965,True,True,True,1,True,True,False,1,0.0,,,,,,,,,,,,,0.00703636571168497,0.5136498829834903,0.2724904020289672,0.21385971484542365,,,,,,,,,,,,,,False,True,temporal_v1,False,0.00025093540505758,0.20668058455114824,3.8335814860197024,0.7762903549155094,73.64019356476527,1943.5520923089914,0.003614228424436028,0.0019173421215998771,0.001504795164649064,0.0,0.0,0.15955102118727743,0.08799166958143276,0.07229149908473384,0.05039451490109567,0.7268817895408031,363.2648229158891,0.006785361678263514,1.5303018186741733,-0.0009103646733853999,2966.666666666667,0.011625563688585406,True,0.04232816584408283,0.15955102118727743,True,True,True,0.85,True,True,True,4,True,True,True,True,True,False,True,False,True,0,0,True,4,15,24,15,,,,False,False,False,
94,2026-08-12T14:30:34.472664,shadow,analysis_full,silero,webrtc,False,0.023430509492754936,True,True,True,1,True,True,False,1,0.0,,,,,,,,,,,,,0.005324706353826812,0.5692262753738697,0.2199312290050131,0.21084249543331346,,,,,,,,,,,,,,False,True,temporal_v1,False,0.00021993125003239388,0.2045929018789144,3.8221587116566047,0.7752449708281794,72.46763915709951,2044.4064152578765,0.0030309627652484144,0.001171069212487933,0.0011226743750904647,0.0,0.0,0.17161252782252961,0.08988816199338313,0.08322453593275933,0.05693520589910737,0.7840129960968222,385.3420203293757,0.0037769267727601947,1.0125008073301334,-0.0005918495556741077,3066.666666666667,0.04325088282465451,True,0.04232816584408283,0.17161252782252961,True,True,True,0.85,True,True,True,5,True,True,True,True,True,False,True,False,True,0,0,True,5,15,24,15,,,,False,False,False,
95,2026-08-12T14:30:34.486827,shadow,analysis_full,silero,webrtc,False,0.014328819699585438,True,True,False,1,True,True,False,1,0.0,,,,,,,,,,,,,0.004285437821103174,0.5822672881696449,0.2616831735029583,0.15604953809404837,,,,,,,,,,,,,,False,True,temporal_v1,False,0.00019724648006322505,0.2150313152400835,3.668349478502037,0.8146258455475802,71.7146240035892,1879.674088941423,0.0024952702587133766,0.0011214269688758812,0.0006687405925139153,0.0,0.0,0.17328874584608472,0.09306196753594695,0.08226503370575983,0.06164004619633858,0.8033489349601037,359.7262170687288,0.0042354790528451244,1.2891218888181182,-0.0007675833346412161,2666.666666666667,0.018822815161490307,True,0.04232816584408283,0.17328874584608472,True,True,True,0.85,True,True,True,6,True,False,True,False,True,False,True,False,True,0,1,True,6,15,24,15,,,,False,False,False,
96,2026-08-12T14:30:34.496010,shadow,analysis_full,silero,webrtc,False,0.014328819699585438,True,True,False,1,True,True,False,1,0.0,,,,,,,,,,,,,0.002567597045303838,0.47118354329475626,0.3110838656235009,0.21773259069227366,,,,,,,,,,,,,,False,True,temporal_v1,False,0.00015592610723205906,0.23382045929018788,4.1429292158351325,0.7426983056617151,69.20233018210706,2063.6984675185704,0.0012098094735594092,0.000798738014216597,0.0005590495565278318,0.0,0.0,0.18012654837228664,0.09801904968517823,0.08415904553047816,0.06288916653171199,0.7134368775215637,368.4339021831657,0.004274384556883239,1.016854961329458,-0.0006004001254864506,3233.3333333333335,0.054508186609977284,True,0.04232816584408283,0.18012654837228664,True,True,True,0.85,True,True,True,7,True,False,True,False,True,False,True,False,True,0,2,True,7,15,24,15,,,,False,False,False,
97,2026-08-12T14:30:34.516426,shadow,analysis_full,silero,webrtc,False,0.008327544666826725,True,True,False,1,True,True,False,1,0.0,,,,,,,,,,,,,0.0024632127684370273,0.54316670551514,0.3005481739711056,0.15628512010778045,,,,,,,,,,,,,,False,True,temporal_v1,False,0.00015375487851724572,0.20876826722338204,3.785035144253592,0.792021753650502,69.3537488375423,1962.0855267121506,0.0013379351644147676,0.0007403140996560604,0.0003849635033661992,0.0,0.0,0.16475589227823592,0.09195631908454148,0.07628377020424947,0.05652995976433493,0.5758127354235342,336.7143656359977,0.004249883259956603,1.1561487059775493,-0.0006894541518189703,2700.0,0.03424143219550665,True,0.04232816584408283,0.16475589227823592,True,True,True,0.85,True,True,True,8,True,False,True,False,True,False,True,False,True,0,3,True,8,15,24,15,,,,False,False,False,
98,2026-08-12T14:30:34.524770,shadow,analysis_full,silero,webrtc,False,0.0050825439393520355,True,True,False,1,True,True,False,1,0.0,,,,,,,,,,,,,0.001790807805536011,0.4676396479937732,0.2922457509106987,0.24011460053712086,,,,,,,,,,,,,,False,True,temporal_v1,False,0.0001316761867218052,0.20668058455114824,4.122381457689853,0.7682948216709158,67.80571657656027,1948.2082330722599,0.0008374527318053617,0.0005233559718656121,0.0004299991008650373,0.0,0.0,0.14994396351706543,0.08219297369358337,0.07194643183542104,0.04607350588679334,0.49654691911065246,272.5241916620887,0.005865468041333653,1.1645407954132239,-0.0006910542391180811,3100.0,0.028680367629945476,True,0.02953162882477045,0.14994396351706543,True,True,True,0.85,True,True,True,9,True,False,True,False,True,False,True,False,True,0,4,True,9,15,24,15,,,,False,False,False,
99,2026-08-12T14:30:34.547238,shadow,analysis_full,silero,webrtc,False,0.0032414295710623264,True,True,False,1,True,True,False,1,0.0,,,,,,,,,,,,,0.0020612794209007644,0.5882382731546731,0.2481091436996569,0.16365258266053445,,,,,,,,,,,,,,False,True,temporal_v1,False,0.00014121040264934598,0.22755741127348644,4.043806257089456,0.8194114759330756,68.72680143708007,1796.936715656093,0.0012125234470399303,0.0005114222720454133,0.00033733370081542093,0.0,0.0,0.11527490033718812,0.0645336141762802,0.056186640874763355,0.03385974161379001,0.381192581419627,169.9833213995974,0.00409613888540195,1.33659603317634,-0.000799393675929594,2566.666666666667,0.023234183921632234,True,0.018879664596170187,0.11527490033718812,True,True,True,0.85,True,True,True,10,True,False,True,False,True,False,True,False,True,0,5,True,10,15,24,15,,,,False,False,False,
100,2026-08-12T14:30:34.565902,shadow,analysis_full,silero,webrtc,False,0.0024717494379729033,True,True,False,1,True,True,False,1,0.0,,,,,,,,,,,,,0.0013574862014932448,0.43515766441232095,0.309472385460311,0.25536994939071234,,,,,,,,,,,,,,False,True,temporal_v1,False,0.00011468193094705445,0.2359081419624217,4.149260274764607,0.7488091543861262,66.40863229240648,2029.1018609486757,0.0005907205249137537,0.00042010449300557086,0.00034666118257392024,0.0,0.0,0.09484375022917511,0.053901842563272157,0.04783939789184682,0.027683648357830107,0.31308510488951813,114.17624068075409,0.0035626321376893686,1.0168086724128425,-0.0005851142614923837,3066.666666666667,0.03903628663415812,True,0.014328819699585438,0.09484375022917511,True,True,True,0.85,True,True,True,11,True,False,True,False,True,False,True,False,True,0,6,True,11,15,24,15,,,,False,False,False,
101,2026-08-12T14:30:34.582784,shadow,analysis_full,silero,webrtc,False,0.0019205696880817413,True,True,False,1,True,True,False,1,0.0,,,,,,,,,,,,,0.0011289311079336404,0.48987839693487084,0.3365479318470377,0.17357367033229792,,,,,,,,,,,,,,False,True,temporal_v1,False,0.00010580554968567196,0.21920668058455114,4.188140945375308,0.7943604503120539,65.90179379212704,1848.1577297670617,0.0005530389614044394,0.00037993942957285156,0.00019595271595634954,0.0,0.0,0.0531847437243864,0.03327145282850803,0.03526867987429051,0.014914881920243633,0.17778551427743733,87.89974177172053,0.0041128043492516435,1.3550412430024856,-0.000809082428674916,2733.3333333333335,0.024487532328789297,True,0.011328182183206081,0.0531847437243864,True,True,True,0.85,True,True,True,12,True,False,True,False,True,False,True,False,True,0,7,True,12,15,24,15,,,,False,False,False,
102,2026-08-12T14:30:34.597315,shadow,analysis_full,silero,webrtc,False,0.0016227137530222535,True,True,False,1,True,True,False,1,0.0,,,,,,,,,,,,,0.0015073211838199999,0.6005036688422042,0.29158039393835156,0.10791593655601564,,,,,,,,,,,,,,False,True,temporal_v1,False,0.00012061566466904052,0.17954070981210857,3.8430990870396937,0.8658369521292998,67.5107998697251,1693.196855601479,0.0009051519010074844,0.00043950530456985797,0.0001626639772426575,0.0,0.0,0.05556431479394367,0.03250395258443813,0.0430656560783789,0.015794806112215228,0.17861755826075632,111.58611721962805,0.0039345614630922395,1.1163554904355601,-0.0006546450603266973,1933.3333333333335,0.029483755014017107,True,0.00670504430308938,0.05556431479394367,True,True,True,0.85,True,True,True,13,True,False,True,False,True,False,True,False,True,0,8,True,13,15,24,15,,,,False,False,False,
103,2026-08-12T14:30:34.607003,shadow,analysis_full,silero,webrtc,False,0.0014228947693482041,True,True,False,1,True,True,False,1,0.0,,,,,,,,,,,,,0.0012959135284559577,0.48653775816867856,0.2534390858747871,0.26002315518487795,,,,,,,,,,,,,,False,True,temporal_v1,False,0.00011428478192878301,0.17954070981210857,4.090584793554245,0.7602948347340962,66.44202577981501,1960.9494059043982,0.0006305108629154237,0.00032843514002464777,0.00033696752451588626,0.0,0.0,0.05675395043783168,0.03368136265730153,0.04765486621904502,0.018822748886072858,0.17707982884900159,112.06030695832726,0.004211018386810435,1.2273247145165633,-0.0007215304604877694,3233.3333333333335,0.02639475077035587,True,0.004161986755207181,0.05675395043783168,True,True,True,0.85,True,True,True,14,True,False,True,False,True,False,True,False,True,0,9,True,14,15,24,15,,,,False,False,False,
104,2026-08-12T14:30:34.640141,shadow,analysis_full,silero,webrtc,False,0.001397330779582262,True,True,False,1,True,True,False,1,0.0,,,,,,,,,,,,,0.00226276385144128,0.7177598271003092,0.21849193119804994,0.06374824125970344,,,,,,,,,,,,,,False,True,temporal_v1,False,0.00014885356963354853,0.12108559498956159,3.7206736753853233,0.903223850938624,69.62993780794793,1532.0721387584772,0.0016241209907793227,0.0004943956437465426,0.00014424721591541447,0.0,0.0,0.08104662031079547,0.03395027718824059,0.061052374705455666,0.033015102494024326,0.18868239743513568,153.96241258752352,0.004262132654062834,1.6979441934941195,-0.0010276184683542184,1500.0,0.00850722450887843,True,0.002856589504517615,0.08104662031079547,True,True,True,0.85,True,True,True,15,True,False,True,False,True,False,True,False,False,0,0,True,15,15,24,24,,,,False,False,False,
105,2026-08-12T14:30:34.655032,shadow,analysis_full,silero,webrtc,False,0.001262653968296945,True,True,False,1,False,True,False,0,0.0,,,,,,,,,,,,,0.0017424453983384833,0.7284879082165746,0.21930626672301398,0.052205824486505306,,,,,,,,,,,,,,False,True,temporal_v1,False,0.00012996039579895745,0.1524008350730689,3.7337527032161146,0.9081996364631507,68.41036653685809,1540.7181417267375,0.001269350403417198,0.0003821291952783078,9.096579864297769e-05,0.0,0.0,0.09889657735236225,0.03858950702382531,0.07199885593327597,0.03589903754075364,0.1787995248460063,182.9870637403591,0.0028768159508882666,1.2251175973102455,-0.0007264149887700307,1500.0,0.022993562930664135,True,0.0021961595630273223,0.09889657735236225,False,True,True,0.85,True,False,False,0,True,False,True,False,True,False,True,False,False,0,0,False,0,15,24,24,,,,False,False,False,
106,2026-08-12T14:30:34.676243,shadow,analysis_full,silero,webrtc,False,0.0012466682819649577,True,True,False,1,False,True,False,0,0.0,,,,,,,,,,,,,0.0024788195899995156,0.6760663412830246,0.23274695280342142,0.09118670551013615,,,,,,,,,,,,,,False,True,temporal_v1,False,0.00015569244204972468,0.15866388308977036,3.969350460360712,0.8753836046458542,69.90188747733217,1636.2865636206784,0.0016758464909116596,0.0005769377061218137,0.00022603539196604225,0.0,0.0,0.10105360099964562,0.03904363447538642,0.07343891600629468,0.03514816991718784,0.17056666168733334,174.90178770994447,0.0021032476755945325,1.7061592693239207,-0.001038268530775394,1800.0000000000002,0.010427724171590904,True,0.0017716417205519974,0.10105360099964562,False,True,True,0.85,True,False,False,0,True,False,True,False,True,False,True,False,False,0,0,False,0,15,24,24,,,,False,False,False,
107,2026-08-12T14:30:34.699001,shadow,analysis_full,silero,webrtc,False,0.01092071458697319,True,True,True,1,False,True,False,0,0.0,,,,,,,,,,,,,0.02440168431711766,0.4697870960082999,0.34021715437298927,0.1899957495777301,,,,,,,,,,,,,,False,True,temporal_v1,False,0.00047349017969544605,0.24425887265135698,4.012857911829597,0.7232577042358322,78.89841091009224,2196.9446564849413,0.01146359641304998,0.008301871600277769,0.004636216302789911,0.0,0.0,0.10554295495734141,0.043662580718691654,0.07412641460454145,0.03859447184397943,0.15994404154819802,208.36022233031986,0.006137268857934756,0.9666428459699301,-0.0005650136040014326,3300.0000000000005,0.045648196706039076,True,0.0017716417205519974,0.10554295495734141,False,True,True,0.85,True,False,False,0,True,True,True,True,True,False,True,False,False,1,0,False,0,15,24,24,,,,False,False,False,
108,2026-08-12T14:30:34.713916,shadow,analysis_full,silero,webrtc,False,0.0061650583520531654,True,True,True,1,False,True,False,0,0.0,,,,,,,,,,,,,0.01105835928114064,0.41137047978775254,0.2866151750935858,0.3020143450282324,,,,,,,,,,,,,,False,True,temporal_v1,False,0.00032477478683547276,0.27348643006263046,4.06954296385706,0.6588655453954497,75.19749556181264,2224.0269837911765,0.004549082563148172,0.0031694935816119043,0.003339783135380565,0.0,0.0,0.11194315428922015,0.04346228647338035,0.08266875142522633,0.04561670240917799,0.15622684449362864,239.64433103619578,0.003987662348863186,0.9831944114051459,-0.0005839949375216211,3133.3333333333335,0.04301889293463908,True,0.0017716417205519974,0.11194315428922015,False,True,True,0.85,True,False,False,0,True,True,True,True,True,False,True,False,False,2,0,False,0,15,24,24,,,,False,False,False,
109,2026-08-12T14:30:34.730603,shadow,analysis_full,silero,webrtc,False,0.03353680297732353,True,True,True,1,False,True,False,0,0.0,,,,,,,,,,,,,0.0345201588475379,0.8980607028789379,0.07455827045492615,0.027381026637167377,,,,,,,,,,,,,,False,True,temporal_v1,False,0.0006709264943277914,0.1336116910229645,2.7885293408744687,0.9649188472791883,83.18525020952272,1208.067444893687,0.031001198118112475,0.002573763339501743,0.0009451973889236844,0.0,0.0,0.15131644250725262,0.07407010962942362,0.09256640148486167,0.04839147561547627,0.3882417871563373,307.24234720988386,0.01823777887999084,1.2630759545143393,-0.0007660943598332885,566.6666666666667,0.007300213843413167,True,0.0017716417205519974,0.15131644250725262,False,True,True,0.85,False,False,False,0,True,True,True,True,True,False,True,False,False,3,0,False,0,15,24,24,,,,False,False,False,
110,2026-08-12T14:30:34.750162,shadow,analysis_full,silero,webrtc,False,0.02021709643304348,True,True,True,1,False,True,False,0,0.0,,,,,,,,,,,,,0.03241614861705874,0.8718935985535008,0.10813085604350911,0.019975545372141332,,,,,,,,,,,,,,False,True,temporal_v1,False,0.0005639657969671607,0.06471816283924843,3.0106481373390315,0.9519443122022706,81.61402618213336,1309.8675568996734,0.028263432468972435,0.003505185899596176,0.0006475302474901334,0.0,0.0,0.1625398106846973,0.08362761401211857,0.0933006967873065,0.058306177694535666,0.44806364278155697,325.7640354201158,0.010280744878177655,1.3425350023107219,-0.0008130583475473852,833.3333333333334,0.010761412641410227,True,0.0017716417205519974,0.1625398106846973,False,True,True,0.85,False,False,False,0,True,True,True,True,True,False,True,False,False,4,0,False,0,15,24,24,,,,False,False,False,
111,2026-08-12T14:30:34.766630,shadow,analysis_full,silero,webrtc,False,0.01420549489557743,True,True,True,1,True,True,False,1,0.0,,,,,,,,,,,,,0.010272999674466592,0.8260411614948324,0.13026320493492685,0.043695633472898204,,,,,,,,,,,,,,False,True,temporal_v1,False,0.0003556858191903219,0.07515657620041753,3.2348163793190814,0.9428280003409953,77.54823167189997,1425.6806825409026,0.008485920583132418,0.0013381938618914784,0.00044888522844269477,0.0,0.0,0.16380004833122547,0.08174242303455502,0.09518506506638169,0.06265691856726732,0.44455482975850835,333.07241842753547,0.007801844170626362,1.186776740203807,-0.000712209907667843,933.3333333333334,0.018463656370262795,True,0.0038938860525377095,0.16380004833122547,True,True,True,0.85,True,True,True,1,True,True,True,True,True,False,True,False,False,5,0,True,1,15,24,24,,,,False,False,False,
112,2026-08-12T14:30:34.786694,shadow,analysis_full,silero,webrtc,False,0.01420549489557743,True,True,True,1,True,True,False,1,0.0,,,,,,,,,,,,,0.013554579395544933,0.6951407536449364,0.25253912602192086,0.05232012025936701,,,,,,,,,,,,,,False,True,temporal_v1,False,0.00041670412041359484,0.11899791231732777,3.4566717086634124,0.9287205100649979,29.657655334928037,1406.7553429496845,0.009422340536359231,0.0034230616341456533,0.0007091772240400491,0.0,0.0,0.1623165476608011,0.0789000716389543,0.09708861624721853,0.0632292187949722,0.4426539655066105,342.2747949894144,0.0048296381214679085,1.0567509419314556,-0.0006448471162736334,1433.3333333333335,0.02197889853007461,True,0.008542886469513178,0.1623165476608011,True,True,True,0.85,True,True,True,2,True,True,True,True,True,False,True,False,False,6,0,True,2,15,24,24,,,,False,False,False,
113,2026-08-12T14:30:34.797501,shadow,analysis_full,silero,webrtc,False,0.014096379280090332,True,True,True,1,False,True,False,0,0.0,,,,,,,,,,,,,2.6468733737070678,0.9547463731123811,0.036633863012319065,0.00861976387492217,,,,,,,,,,,,,,False,False,temporal_v1,False,0.004814688894474326,0.05636743215031315,1.3578879256482281,0.9701348379320744,100.33654809758319,1354.4637525905473,2.527092753634555,0.09696519658333953,0.02281542348817355,0.0,0.0,0.16774032676111192,0.09296653096005035,0.08708654589577058,0.06848108336892161,0.7776141790054852,334.40667255859273,0.04912880439300495,0.7592978514955184,-0.0004544688213951757,466.6666666666667,0.006804039178614459,True,0.012508546933531761,0.16774032676111192,True,True,True,0.85,False,False,False,0,True,True,True,True,True,True,True,False,False,7,0,False,0,15,24,24,,,,False,False,False,
114,2026-08-12T14:30:34.816061,shadow,analysis_full,silero,webrtc,False,0.10972779989242554,True,True,True,1,True,True,False,1,0.0,,,,,,,,,,,,,2.8775289041791927,0.8399903358065298,0.1336407906524414,0.02636887354068124,,,,,,,,,,,,,,False,False,temporal_v1,False,0.005016027117947689,0.06680584551148225,1.1721762259693826,0.925155515524495,100.48628834446781,1844.5767120069509,2.4170964705144757,0.3845552378797606,0.0758771957839562,0.0,0.0,0.17119003650401737,0.093842378449675,0.0887104612649561,0.07182477980527965,0.9964350543863179,342.6420634449601,0.01721552801302438,0.6745653806358377,-0.00040151018247257605,1966.6666666666667,0.011436072570971165,True,0.014150937087833881,0.17119003650401737,True,True,True,0.85,True,True,True,1,True,True,True,True,True,True,True,True,False,8,0,True,1,15,24,24,,,,False,False,False,
115,2026-08-12T14:30:34.834787,shadow,analysis_full,silero,webrtc,False,0.16965776681900024,True,True,True,1,True,True,False,1,0.0,,,,,,,,,,,,,2.4028916603585686,0.7526686741527889,0.13813515529488127,0.1091961705519135,,,,,,,,,,,,,,False,True,temporal_v1,False,0.004594622759672792,0.09812108559498957,1.642694817478864,0.8735541691028911,99.47507858596501,1934.2069345749464,1.8085812801348775,0.331923812660406,0.26238656756228484,0.0,0.0,0.17122126111670544,0.09372864339330009,0.08848372239031449,0.07231221686125261,1.0551130976377248,354.2786103272494,0.005471945953219487,0.7828561427743433,-0.0004650476195514091,2233.3333333333335,0.009770834075948486,True,0.01420549489557743,0.17122126111670544,True,True,True,0.85,True,True,True,2,True,True,True,True,True,True,True,True,False,9,0,True,2,15,24,24,,,,False,False,False,
116,2026-08-12T14:30:34.855043,shadow,analysis_full,silero,webrtc,False,0.17007772624492645,True,True,True,1,True,True,False,1,0.0,,,,,,,,,,,,,3.12583555020004,0.6857938940576532,0.13570097702799272,0.17850512891403417,,,,,,,,,,,,,,False,True,temporal_v1,False,0.005236609364193071,0.11691022964509394,1.8216928954771634,0.8308609891125397,100.39356675807353,2166.1592363576115,2.1436789341555325,0.4241789381909786,0.557977677852529,0.0,0.0,0.170884981052185,0.09208575740911736,0.09266808200553216,0.07168264499471239,1.0280217921883603,385.8700881756877,0.006617151549076048,0.7724097308380453,-0.00045781239159535455,2700.0,0.011275128421061521,True,0.017211295664310455,0.170884981052185,True,True,True,0.85,True,True,True,3,True,True,True,True,True,True,True,True,True,0,0,True,3,15,24,15,,,,False,False,False,
117,2026-08-12T14:30:34.871173,shadow,analysis_full,silero,webrtc,False,0.10696308314800262,True,True,True,1,True,True,False,1,0.0,,,,,,,,,,,,,3.987270875007678,0.6912795624179148,0.10055220790918731,0.20816822967264706,,,,,,,,,,,,,,False,True,temporal_v1,False,0.0059078711560116666,0.12526096033402923,1.81026943458927,0.8239877052168447,101.40555909539542,2121.7033060577555,2.7563188657170037,0.40092889001401927,0.8300231192756548,0.0,0.0,0.14704632231945136,0.07201123090677597,0.09465422713315742,0.059756246981448075,0.9466074791350251,376.8733825514984,0.007571580301317508,0.8651593058076941,-0.0005064046069135599,2800.0,0.00810443674948442,True,0.026876949705183506,0.14704632231945136,True,True,True,0.85,True,True,True,4,True,True,True,True,True,True,True,True,True,0,0,True,4,15,24,15,,,,False,False,False,
118,2026-08-12T14:30:34.890532,shadow,analysis_full,silero,webrtc,False,0.08330667018890381,True,True,True,1,True,True,False,1,0.0,,,,,,,,,,,,,3.7654544550490736,0.6300105691869954,0.06754463293053606,0.30244479788220296,,,,,,,,,,,,,,False,True,temporal_v1,False,0.0057524122218614365,0.12943632567849686,2.1897328401711276,0.7766755883253561,100.91725808156289,2306.42500798777,2.3722761044731744,0.2543362389829414,1.1388421115919578,0.0,0.0,0.10277185702833601,0.05537979616700517,0.09474721858750366,0.028515024766536737,0.7746823163884258,388.95726745436366,0.0026794079451689496,0.575681378823244,-0.0003401759000763385,3000.0,0.017662196502417807,True,0.05842173658311367,0.10277185702833601,True,True,True,0.85,True,True,True,5,True,True,True,True,True,True,True,True,True,0,0,True,5,15,24,15,,,,False,False,False,
119,2026-08-12T14:30:34.903278,shadow,analysis_full,silero,webrtc,False,0.08763472735881805,True,True,True,1,True,True,False,1,0.0,,,,,,,,,,,,,3.789268282226541,0.714197714187391,0.06164350604910266,0.2241587797632424,,,,,,,,,,,,,,False,True,temporal_v1,False,0.005773661074986725,0.1315240083507307,1.8309882556107664,0.8221741572066579,101.19613686068695,2166.438574495433,2.706286745608977,0.23358378227710463,0.8493977543394591,0.0,0.0,0.09711301155319903,0.05651147362148091,0.0984672788221509,0.028264016124793418,0.7610746160885166,371.70751593760224,0.004233177031901226,0.897509125107375,-0.0005291731128905297,2833.3333333333335,0.011339666996528826,True,0.08547069877386093,0.09711301155319903,True,True,True,0.85,True,True,True,6,True,True,True,True,True,True,True,True,True,0,0,True,6,15,24,15,,,,False,False,False,
120,2026-08-12T14:30:34.916105,shadow,analysis_full,silero,webrtc,False,0.06090697646141052,True,True,True,1,True,True,False,1,0.0,,,,,,,,,,,,,5.324088202043388,0.770655692576114,0.020166651684266543,0.2091776557394317,,,,,,,,,,,,,,False,True,temporal_v1,False,0.00684682316132966,0.09603340292275574,1.6263073207520145,0.8526139903116862,102.8340172299557,2105.946616049808,4.103038880682065,0.10736903230692192,1.1136802890534017,0.0,0.0,0.09062470367144995,0.06353579572565961,0.0960888218969142,0.026011554283377907,0.7170690490342406,341.45105335026415,0.005839259022738309,0.6521529265328306,-0.00039413693193508694,2800.0,0.014123719078022094,True,0.08547069877386093,0.09062470367144995,True,True,True,0.85,True,True,True,7,True,True,True,True,True,True,True,True,True,0,0,True,7,15,24,15,,,,False,False,False,
121,2026-08-12T14:30:34.949510,shadow,analysis_full,silero,webrtc,False,0.045580487698316574,True,True,True,1,False,True,False,0,0.0,,,,,,,,,,,,,5.761264680401299,0.8587023331934033,0.014902580992356909,0.12639508581406628,,,,,,,,,,,,,,True,False,temporal_v1,False,0.007104886865930458,0.07933194154488518,1.103890275513164,0.905353411835174,103.4163672438763,1950.9321517336975,4.947211423205342,0.08585771351808559,0.7281955436768712,0.0,0.0,0.09362706404562882,0.06865513707626261,0.09120029568990738,0.02561647039695694,0.6345929866858092,305.5365135264908,0.006213777825169218,0.898480607599611,-0.000532921531822613,466.6666666666667,0.0048861391105779915,True,0.08547069877386093,0.09362706404562882,True,True,True,0.85,False,False,False,0,True,True,True,True,True,True,True,True,True,0,0,False,0,15,24,15,,,,False,False,False,
122,2026-08-12T14:30:34.968860,shadow,analysis_full,silero,webrtc,False,0.03721720352768898,True,True,True,1,False,True,False,0,0.0,,,,,,,,,,,,,3.7782027043386788,0.8554571750694958,0.012982500462634381,0.1315603244676051,,,,,,,,,,,,,,True,False,temporal_v1,False,0.005742765023740485,0.09812108559498957,1.3905926354740819,0.8995734112660208,101.53989157674084,1878.0913692022634,3.232090612293496,0.049050518357003366,0.4970615736871797,0.0,0.0,0.09498103416222062,0.04884042814487463,0.0861462265605907,0.02497901630254033,0.3206797378656993,251.95016771186846,0.009878701333860844,0.8885999480930874,-0.0005315162358470819,700.0,0.006974549737422714,True,0.08547069877386093,0.09498103416222062,True,True,True,0.85,False,False,False,0,True,True,True,True,True,True,True,True,True,0,0,False,0,15,24,15,,,,False,False,False,
123,2026-08-12T14:30:34.980557,shadow,analysis_full,silero,webrtc,False,0.032966870814561844,True,True,True,1,False,True,False,0,0.0,,,,,,,,,,,,,2.648841976953648,0.85363318102432,0.02207003495338592,0.12429678402191643,,,,,,,,,,,,,,True,False,temporal_v1,False,0.0048200750079113895,0.10647181628392484,2.0101089389551543,0.8996450971952784,100.01816963202654,1590.6315156466403,2.261139402817691,0.05846003501736288,0.32924253911759377,0.0,0.0,0.07945868453593163,0.05008037946321165,0.0727852179227536,0.020365341792496366,0.33202416254869527,197.01686646501616,0.00569309057318917,1.5188316097998782,-0.0009139902437264474,766.6666666666667,0.0014696707149984727,True,0.08547069877386093,0.07945868453593163,True,True,True,0.85,False,False,False,0,True,True,True,True,True,True,True,True,True,0,0,False,0,15,24,15,,,,False,False,False,
124,2026-08-12T14:30:35.003898,shadow,analysis_full,silero,webrtc,False,0.035642288625240326,True,True,True,1,True,True,False,1,0.0,,,,,,,,,,,,,2.0927648401739543,0.7760438549280093,0.0694981426697736,0.15445800240173913,,,,,,,,,,,,,,True,True,temporal_v1,False,0.004272919940159758,0.13778705636743216,2.3989001232610514,0.863663940054475,98.79534262199516,2012.9332769217422,1.6240772940263948,0.14544326943669542,0.32324427670986383,0.0,0.0,0.07566827725010716,0.04551183014812808,0.05698943413659472,0.018132818998420428,0.35500648474979635,189.5100386478887,0.007039423771395211,0.7640827096225874,-0.0004454295405043004,2500.0,0.018680008491530897,True,0.07210682332515717,0.07566827725010716,True,True,True,0.85,True,True,True,1,True,True,True,True,True,True,True,True,True,0,0,True,1,15,24,15,,,,False,False,False,
125,2026-08-12T14:30:35.017548,shadow,analysis_full,silero,webrtc,False,0.04331612214446068,True,True,True,1,True,True,False,1,0.0,,,,,,,,,,,,,0.6237784648843508,0.8045511783909748,0.10116328270635251,0.09428553890106958,,,,,,,,,,,,,,True,False,temporal_v1,False,0.0023325753086726095,0.1336116910229645,2.32514079625412,0.891571192766151,93.67494877681406,1809.9623000016825,0.5018616989776178,0.06310347718923016,0.058813288716502925,0.0,0.0,0.0768366360511484,0.040602091736189824,0.058902596121810466,0.01855690384857026,0.3858253625058925,198.79232971120967,0.005604269693880921,0.9331051911305277,-0.0005452587547770089,2200.0,0.015914058732094994,True,0.05324373207986355,0.0768366360511484,True,True,True,0.85,True,True,True,2,True,True,True,True,True,True,True,True,True,0,0,True,2,15,24,15,,,,False,False,False,
126,2026-08-12T14:30:35.030554,shadow,analysis_full,silero,webrtc,False,0.053093258291482925,True,True,True,1,True,True,False,1,0.0,,,,,,,,,,,,,0.21187296028746472,0.8412464896280367,0.04578846909167613,0.11296504127556739,,,,,,,,,,,,,,False,False,temporal_v1,False,0.001361480838130015,0.09603340292275574,2.0376641292585442,0.8968444108205417,89.02252228905148,1847.1766606828683,0.1782373840889301,0.009701338493484502,0.023934237704050104,0.0,0.0,0.07514176692363071,0.0320314450294266,0.061763164685540196,0.019428913103636713,0.3896196847383449,196.90684745846917,0.006436492252839354,1.0012775695903793,-0.0005762755460096537,1900.0000000000002,0.009850387634859311,True,0.04933687299489975,0.07514176692363071,True,True,True,0.85,True,True,True,3,True,True,True,True,True,True,True,False,True,0,0,True,3,15,24,15,,,,False,False,False,
127,2026-08-12T14:30:35.054177,shadow,analysis_full,silero,webrtc,False,0.05335432291030884,True,True,True,1,False,True,False,0,0.0,,,,,,,,,,,,,0.12525517307077189,0.8724960888700581,0.08926961559314348,0.0382342955288148,,,,,,,,,,,,,,False,False,temporal_v1,False,0.0010506672441754218,0.08977035490605428,2.5503052608953922,0.9389320629822381,86.96892327957222,1510.9832235085069,0.1092846486149907,0.011181481151080462,0.004789043303700737,0.0,0.0,0.07349567817466254,0.03044797259692121,0.07124157911137834,0.020158843765466904,0.4380667757834774,234.33523914305874,0.00574057121182874,0.932321157319265,-0.0005500645150124291,866.6666666666667,0.0188331070733106,True,0.04933687299489975,0.07349567817466254,True,True,True,0.85,False,False,False,0,True,True,True,True,True,True,True,False,True,0,0,False,0,15,24,15,,,,False,False,False,
128,2026-08-12T14:30:35.068354,shadow,analysis_full,silero,webrtc,False,0.05335432291030884,True,True,True,1,False,True,False,0,0.0,,,,,,,,,,,,,0.07396064482228185,0.8887250201095854,0.058380403220002396,0.05289457665689144,,,,,,,,,,,,,,False,False,temporal_v1,False,0.0008076811619329705,0.07306889352818371,2.2920981341059914,0.9418622829319818,84.695081101091,1439.9804972430243,0.06573067555700034,0.0043178522671361965,0.003912116997145308,0.0,0.0,0.05242989184921521,0.03005665850066551,0.056225741178209616,0.021704872798952137,0.4447787120769143,234.86230735988147,0.0038255958386372757,1.125709706592607,-0.0006734752308458164,700.0,0.010620090804338303,True,0.04933687299489975,0.05242989184921521,True,True,True,0.85,False,False,False,0,True,True,True,True,True,True,True,False,True,0,0,False,0,15,24,15,,,,False,False,False,
129,2026-08-12T14:30:35.086791,shadow,analysis_full,silero,webrtc,False,0.03925316780805588,True,True,True,1,False,True,False,0,0.0,,,,,,,,,,,,,0.024442393681869307,0.8118797050305534,0.10151794731373734,0.0866023476147967,,,,,,,,,,,,,,False,True,temporal_v1,False,0.00046785252948333255,0.09603340292275574,2.8733669142796683,0.9121635161496109,79.80020713514821,1547.54785708421,0.019844283372676717,0.0024813416340176346,0.002116768674174956,0.0,0.0,0.03835225422195133,0.033803154329434905,0.04676537597710649,0.019757024074022512,0.5190674162515446,219.43274750290686,0.005943795623368701,1.426816150956737,-0.0008536822316551079,1533.3333333333335,0.00825082372948318,True,0.044448304921388626,0.03835225422195133,True,True,False,0.85,True,False,False,0,True,True,True,True,True,True,True,False,True,0,0,False,0,15,24,15,,,,False,False,False,
130,2026-08-12T14:30:35.104461,shadow,analysis_full,silero,webrtc,False,0.02644115872681141,True,True,True,1,True,True,False,1,0.0,,,,,,,,,,,,,0.5304473689483171,0.47033828245211634,0.48499377060888355,0.04466794693711493,,,,,,,,,,,,,,False,True,temporal_v1,False,0.0021495123985262607,0.13778705636743216,3.510758987876746,0.882871150375371,92.92237603854927,1534.7062294404905,0.24948970444239554,0.25726366957580593,0.023693994929115652,0.0,0.0,0.11555529691114966,0.13222220291894726,0.03822486198715757,0.022558568115641088,0.6521234575988608,197.66498915416483,0.01772308614430986,1.1258236269294863,-0.0006533314324263139,1400.0,0.01100586662567138,True,0.04128464497625828,0.11555529691114966,True,True,True,0.85,True,True,True,1,True,True,True,True,True,True,True,False,True,0,0,True,1,15,24,15,,,,False,False,False,
131,2026-08-12T14:30:35.104461,shadow,analysis_full,silero,webrtc,False,0.043453119695186615,True,True,True,1,True,True,False,1,0.0,,,,,,,,,,,,,2.056257635951416,0.6654723573607539,0.31385746358685473,0.020670179051904863,,,,,,,,,,,,,,False,True,temporal_v1,False,0.004230194086087861,0.1336116910229645,2.4595438576397908,0.9134172487058017,98.95100643804767,1596.8987108143356,1.3683826163376398,0.6453718061008136,0.04250321351196237,0.0,0.0,0.1207171726499434,0.14295078344715922,0.04287053384324933,0.022305988123913285,0.5292595339148017,182.90674584315502,0.01198264331106886,0.8210299893002974,-0.0004825490090813569,1266.6666666666667,0.012455623730951325,True,0.04128464497625828,0.1207171726499434,True,True,True,0.85,True,True,True,2,True,True,True,True,True,True,True,True,True,0,0,True,2,15,24,15,,,,False,False,False,
132,2026-08-12T14:30:35.114665,shadow,analysis_full,silero,webrtc,False,0.07030364871025085,True,True,True,1,True,True,False,1,0.0,,,,,,,,,,,,,2.0181148308568826,0.7258794693556404,0.26785477129427576,0.006265759349588249,,,,,,,,,,,,,,False,True,temporal_v1,False,0.004190434268743072,0.10647181628392484,2.7203562695822328,0.939154401475333,98.98954004578734,1203.0765378227236,1.464908122521142,0.5405616864647563,0.01264502186998422,0.0,0.0,0.11929590422307629,0.1425442053706198,0.04594199953759279,0.02199113834198529,0.41813293798125245,217.48633335702942,0.022257519687699668,0.9749062683012858,-0.0005686161842277498,1033.3333333333335,0.0035471382053321155,True,0.04338462091982365,0.11929590422307629,True,True,True,0.85,True,True,True,3,True,True,True,True,True,True,True,True,True,0,0,True,3,15,24,15,,,,False,False,False,
133,2026-08-12T14:30:35.119929,shadow,analysis_full,silero,webrtc,False,0.10699817538261414,True,True,True,1,False,True,False,0,0.0,,,,,,,,,,,,,1.0351606105966091,0.8914349562671806,0.10462985154056288,0.003935192191290441,,,,,,,,,,,,,,False,False,temporal_v1,False,0.003005221577502074,0.08559498956158663,2.3334500047159863,0.9612973733399883,96.20274675150179,1219.6384300529867,0.9227783536366962,0.10830870100736163,0.004073555951551221,0.0,0.0,0.12241182870628863,0.13685799824332295,0.04682427479301799,0.02328117220785077,0.38911637848307673,247.14239494681846,0.010079980465013511,0.7630929377805143,-0.0004588064296608821,866.6666666666667,0.0068240471052834015,True,0.04827318899333477,0.12241182870628863,True,True,True,0.85,False,False,False,0,True,True,True,True,True,True,True,True,True,0,0,False,0,15,24,15,,,,False,False,False,
134,2026-08-12T14:30:35.131457,shadow,analysis_full,silero,webrtc,False,0.12678630650043488,True,True,True,1,False,True,False,0,0.0,,,,,,,,,,,,,0.29930794770356234,0.8744070571987308,0.12328386369306092,0.0023090791048674193,,,,,,,,,,,,,,False,False,temporal_v1,False,0.0016305383307957597,0.07306889352818371,2.4385597920126942,0.9670579600412921,90.9155402267535,964.329212585747,0.26171698174766356,0.036899840226935786,0.0006911257279630461,0.0,0.0,0.12601496688955255,0.13407900598855524,0.038041989746785174,0.02336806172932946,0.38775423277348503,260.05522257281984,0.007453079106800259,1.1299905884465673,-0.0006912762522104667,866.6666666666667,0.002509576737754319,True,0.05322379060089588,0.12601496688955255,True,True,True,0.85,False,False,False,0,True,True,True,True,True,True,True,True,True,0,0,False,0,15,24,15,,,,False,False,False,
135,2026-08-12T14:30:35.148308,shadow,analysis_full,silero,webrtc,False,0.14264601469039917,True,True,True,1,False,True,False,0,0.0,,,,,,,,,,,,,0.22709101301578366,0.9126777748395654,0.08295816308430201,0.00436406207172908,,,,,,,,,,,,,,False,False,temporal_v1,False,0.0014116994795052077,0.06680584551148225,1.9550837693529117,0.9679578176482853,89.66822600502798,1295.9717899151765,0.2072609204453082,0.01883905329274273,0.0009910392767327164,0.0,0.0,0.13176689176007828,0.13510837340120868,0.0362164264874509,0.02306771268197017,0.42382253683055754,237.052329593975,0.004837403465369658,0.715702844788859,-0.00043855113828756724,833.3333333333334,0.009926118887940748,True,0.05335432291030884,0.13176689176007828,True,True,True,0.85,False,False,False,0,True,True,True,True,True,True,True,False,True,0,0,False,0,15,24,15,,,,False,False,False,
136,2026-08-12T14:30:35.170403,shadow,analysis_full,silero,webrtc,False,0.1854057013988495,True,True,True,1,False,True,False,0,0.0,,,,,,,,,,,,,1.1899329344610976,0.9726598509398725,0.0248740551977994,0.0024660938614877318,,,,,,,,,,,,,,False,False,temporal_v1,False,0.0032353468190268603,0.054279749478079335,1.2233121141106693,0.9737484322441887,96.8986981561565,1486.8937072970125,1.1573999906613763,0.029598457493464757,0.002934486305256596,0.0,0.0,0.14184593751595065,0.13711934002194673,0.027168867671182095,0.026216008137013948,0.5633824032202216,191.8573872071941,0.00889179467651063,0.556023725746017,-0.00034695506397797545,800.0,0.012782294169413492,True,0.061828985810279846,0.14184593751595065,True,True,True,0.85,False,False,False,0,True,True,True,True,True,True,True,False,True,0,0,False,0,15,24,15,,,,False,False,False,
137,2026-08-12T14:30:35.180596,shadow,analysis_full,silero,webrtc,False,0.28728219866752625,True,True,True,1,False,True,False,0,0.0,,,,,,,,,,,,,1.5192452327924262,0.9821580817027752,0.011971532526313363,0.005870385770253155,,,,,,,,,,,,,,False,False,temporal_v1,False,0.0036466880068155363,0.06680584551148225,1.5263866148311094,0.9646483770113583,97.8981714513349,1502.08259831985,1.4921389834754955,0.018187693719821048,0.0089185555961096,0.0,0.0,0.1503464225775561,0.1432226583202522,0.027473352906834753,0.027264847962111913,0.6231243119898195,191.26741770370074,0.008515136581268807,0.5730553152412712,-0.00035338346253925524,800.0,0.01070230164091476,True,0.0886509120464325,0.1503464225775561,True,True,True,0.85,False,False,False,0,True,True,True,True,True,True,True,False,True,0,0,False,0,15,24,15,,,,False,False,False,
138,2026-08-12T14:30:35.199346,shadow,analysis_full,silero,webrtc,False,0.22576725482940674,True,True,True,1,False,True,False,0,0.0,,,,,,,,,,,,,1.382097005736249,0.9784498505865291,0.017498855101031455,0.004051294311715819,,,,,,,,,,,,,,False,False,temporal_v1,False,0.0034842251991618403,0.06680584551148225,1.7489286891034452,0.9716421126478184,97.53333395508078,1266.2939154579203,1.352312608758722,0.02418511523894806,0.005599281737578731,0.0,0.0,0.15674725315231214,0.14653676998622536,0.026029018386754088,0.027700174266191504,0.6475429666931795,192.83119240184283,0.007781269956896818,0.5714297531025553,-0.00036470854759563506,800.0,0.007138146017338916,True,0.1168922409415245,0.15674725315231214,True,True,True,0.85,False,False,False,0,True,True,True,True,True,True,True,False,True,0,0,False,0,15,24,15,,,,False,False,False,
139,2026-08-12T14:30:35.221557,shadow,analysis_full,silero,webrtc,False,0.17928612232208252,True,True,True,1,False,True,False,0,0.0,,,,,,,,,,,,,1.1631712634036306,0.9822330767660326,0.013902904607952866,0.0038640186251547985,,,,,,,,,,,,,,False,False,temporal_v1,False,0.0031840292046538573,0.08977035490605428,2.030569968347564,0.9685790784804961,96.7375026535643,973.8473689224429,1.1425052888587814,0.016171459117812693,0.004494515426036467,0.0,0.0,0.16313811170168524,0.15189486303249125,0.012664812155831685,0.027598501661228795,0.6189096118592974,213.27589401691108,0.012421426256690227,1.6912521354195276,-0.0010291860378331028,766.6666666666667,0.0005850689709005054,True,0.13471616059541702,0.16313811170168524,True,True,True,0.85,False,False,False,0,True,True,True,True,True,True,True,False,True,0,0,False,0,15,24,15,,,,False,False,False,
140,2026-08-12T14:30:35.231191,shadow,analysis_full,silero,webrtc,False,0.1763816624879837,True,True,True,1,False,True,False,0,0.0,,,,,,,,,,,,,0.7785660101763409,0.9862998887601324,0.008176481746043534,0.005523629492539631,,,,,,,,,,,,,,False,False,temporal_v1,False,0.002607252439218606,0.07933194154488518,1.6938511703119465,0.9647492982747811,94.98427602028332,1446.6021058506644,0.7678995692293451,0.006365930770296795,0.004300510175698947,0.0,0.0,0.10886861192547997,0.10521968074986299,0.005068463402675332,0.022097901665802486,0.44935462842512736,205.24758409843847,0.008020146472953495,0.5089699842106047,-0.00030550716565693934,766.6666666666667,0.010040250482809087,True,0.15951383858919144,0.10886861192547997,True,True,True,0.85,False,False,False,0,True,True,True,True,True,True,True,False,True,0,0,False,0,15,24,15,,,,False,False,False,
141,2026-08-12T14:30:35.247127,shadow,analysis_full,silero,webrtc,False,0.27015212178230286,True,True,True,1,False,True,False,0,0.0,,,,,,,,,,,,,0.30300438758840076,0.9903097073105767,0.009047209748875644,0.0006430829372475205,,,,,,,,,,,,,,False,False,temporal_v1,False,0.0016253339183385444,0.07933194154488518,2.249073552457003,0.9719631490512353,90.91076618793144,888.0156761194548,0.3000681863864897,0.0027413442493418737,0.0001948569515692349,0.0,0.0,0.07935037439253576,0.07878384289883496,0.0016595858024703288,0.013998375460743388,0.43256180249563686,211.2596561690292,0.01498203391925858,0.8627018038811495,-0.0005309023124652224,800.0,0.0015920558658327113,True,0.1778338924050331,0.07935037439253576,True,True,True,0.85,False,False,False,0,True,True,True,True,True,True,True,False,True,0,0,False,0,15,24,15,,,,False,False,False,
142,2026-08-12T14:30:35.264518,shadow,analysis_full,silero,webrtc,False,0.2927425801753998,True,True,True,1,False,True,False,0,0.0,,,,,,,,,,,,,0.06262249796170251,0.9507824047916347,0.0444202772573066,0.004797317935089793,,,,,,,,,,,,,,False,False,temporal_v1,False,0.0007427243396795808,0.06471816283924843,2.511589851489503,0.9678828273333827,84.08327193118808,1042.3561836455879,0.059540369206086755,0.002781708722003943,0.0003004200326117994,0.0,0.0,0.04102486876229098,0.04121232719579937,0.0015040250342349486,0.010261549668012116,0.4007732118882762,218.2881170377198,0.013146717415902105,1.4014701292515122,-0.0008585125544034,766.6666666666667,0.0024284466015345647,True,0.182345911860466,0.04102486876229098,True,True,False,0.85,False,False,False,0,True,True,True,True,True,True,True,False,True,0,0,False,0,15,24,15,,,,False,False,False,
143,2026-08-12T14:30:35.280516,shadow,analysis_full,silero,webrtc,False,0.33145835995674133,True,True,True,1,False,True,False,0,0.0,,,,,,,,,,,,,0.024459917740785903,0.9459239671484085,0.04970480829800717,0.004371224512701078,,,,,,,,,,,,,,False,False,temporal_v1,False,0.0004628735827025788,0.06889352818371608,1.9483971481725924,0.9664128359098368,79.9576574614352,1164.2248651484986,0.02313722242548794,0.001215775522290788,0.0001069197920071753,0.0,0.0,0.03589831781669259,0.03612178391154233,0.001514108841532567,0.009336400741126473,0.38217378514299516,218.64071056626287,0.012058028940876991,1.1546815671510988,-0.0006836059781472998,766.6666666666667,0.003205744180764778,True,0.2055864781141281,0.03589831781669259,True,True,False,0.85,False,False,False,0,True,True,True,True,True,True,True,False,True,0,0,False,0,15,24,15,,,,False,False,False,
144,2026-08-12T14:30:35.280516,shadow,analysis_full,silero,webrtc,False,0.33145835995674133,True,True,True,1,True,True,False,1,0.0,,,,,,,,,,,,,0.03029165453641744,0.33982092744045617,0.6497669578458618,0.010412114680669675,,,,,,,,,,,,,,False,True,temporal_v1,False,0.0005170829047137882,0.11064718162839249,3.3534446558012894,0.881281503616436,80.5236289521219,1645.5852992776495,0.010293738138271275,0.019682516216245758,0.00031540018090040617,0.0,0.0,0.18948035827837573,0.18753669603686696,0.0023965577228018714,0.015164108390258772,0.5603316936915008,238.84314838495263,0.023983818057846724,0.7782231766896989,-0.0004538139242943487,1466.6666666666667,0.028198054129508675,True,0.2479596883058548,0.18948035827837573,True,True,True,0.85,True,True,True,1,True,True,True,True,True,True,True,False,True,0,0,True,1,15,24,15,,,,False,False,False,
145,2026-08-12T14:30:35.306565,shadow,analysis_full,silero,webrtc,False,0.3247722387313843,True,True,True,1,True,True,False,1,0.0,,,,,,,,,,,,,0.05890410913614927,0.2881449370609769,0.7045539155951932,0.007301147326853131,,,,,,,,,,,,,,False,True,temporal_v1,False,0.0007176004952651116,0.17954070981210857,3.461466669884302,0.8767581684683204,83.35557896984037,1544.5008725191371,0.016972920819668644,0.04150112073652056,0.00043006757896006133,0.0,0.0,0.26445990401772407,0.26251802920820244,0.0025218923112496233,0.0345673854460446,0.7052776780372098,252.65981822393005,0.005571982931011367,0.8983859207688567,-0.0005297557321503616,1500.0,0.020027404638445035,True,0.27871716022491455,0.26445990401772407,True,True,True,0.85,True,True,True,2,True,True,True,True,True,True,True,False,True,0,0,True,2,15,24,15,,,,False,False,False,
146,2026-08-12T14:30:35.313830,shadow,analysis_full,silero,webrtc,False,0.31016263365745544,True,True,True,1,False,True,False,0,0.0,,,,,,,,,,,,,0.2080975210719025,0.8636775997202785,0.1314682176862404,0.0048541825886757005,,,,,,,,,,,,,,False,True,temporal_v1,False,0.0013838132734970859,0.10647181628392484,3.04092027326894,0.9572206161859944,89.44605451417557,1055.4651523492655,0.1797291675071208,0.027358210200247875,0.0010101433635338038,0.0,0.0,0.2610613895278025,0.2592266921328573,0.002386710676608803,0.033299029452996,0.6699990532359463,253.22087613009973,0.014154077696100014,1.3476875802667083,-0.0008180016727172846,900.0000000000001,0.003458813753035024,True,0.290012389421463,0.2610613895278025,True,True,True,0.85,False,False,False,0,True,True,True,True,True,True,True,False,True,0,0,False,0,15,24,15,,,,False,False,False,
147,2026-08-12T14:30:35.330477,shadow,analysis_full,silero,webrtc,False,0.4518081545829773,True,True,True,1,True,True,False,1,0.0,,,,,,,,,,,,,0.9156597170473167,0.8372531039095985,0.15226849049436286,0.010478405594946597,,,,,,,,,,,,,,False,True,temporal_v1,False,0.002825329587112688,0.08977035490605428,2.829555698571775,0.9462579090581975,95.59811909199814,1326.0415702990674,0.7666389402228506,0.13942612292129034,0.009594653902175822,0.0,0.0,0.25623374797362625,0.2543672710948906,0.0028729743452331376,0.03231258023205988,0.6208021109865465,241.11530118130722,0.018737905227412373,0.8607804946033468,-0.0005096825302823225,1133.3333333333335,0.010821300090273912,True,0.3014526069164276,0.25623374797362625,True,True,True,0.85,True,True,True,1,True,True,True,True,True,True,True,False,True,0,0,True,1,15,24,15,,,,False,False,False,
148,2026-08-12T14:30:35.353371,shadow,analysis_full,silero,webrtc,False,0.44445011019706726,True,True,True,1,False,True,False,0,0.0,,,,,,,,,,,,,1.3358900841157502,0.8807863361444839,0.10933344272748927,0.009880221127278247,,,,,,,,,,,,,,False,False,temporal_v1,False,0.003411591668032675,0.09394572025052192,2.3249283919406802,0.943536644016442,97.22341525915678,1531.2377225516427,1.176633732680058,0.14605746200189018,0.013198889432801949,0.0,0.0,0.2516877810749672,0.25002467134750733,0.0030776357958463927,0.031070021097651265,0.5746778835042035,257.0930619675107,0.015416476959974197,0.6238238116240237,-0.0003803466747231843,933.3333333333334,0.016755826477470478,True,0.31746743619441986,0.2516877810749672,True,True,True,0.85,False,False,False,0,True,True,True,True,True,True,True,False,True,0,0,False,0,15,24,15,,,,False,False,False,
149,2026-08-12T14:30:35.367404,shadow,analysis_full,silero,webrtc,False,0.4500679671764374,True,True,True,1,False,True,False,0,0.0,,,,,,,,,,,,,2.1014247974298446,0.8620366947362701,0.13103807120138752,0.006925234061866406,,,,,,,,,,,,,,False,False,temporal_v1,False,0.004276981429226884,0.09394572025052192,2.207110033220039,0.9444606983447748,99.19141886458112,1400.1283980242295,1.811505286613259,0.2753666522299733,0.014552858585611872,0.0,0.0,0.24581099659678818,0.24430688086482857,0.002979492085647065,0.031008237652942208,0.561175590417259,240.62946694840804,0.0022274998294730146,0.7719272422576219,-0.0004626793632529301,933.3333333333334,0.008828939077085297,True,0.3281152993440628,0.24581099659678818,True,True,True,0.85,False,False,False,0,True,True,True,True,True,True,True,True,True,0,0,False,0,15,24,15,,,,False,False,False,
150,2026-08-12T14:30:35.380494,shadow,analysis_full,silero,webrtc,False,0.41325512528419495,True,True,True,1,False,True,False,0,0.0,,,,,,,,,,,,,1.710310189909791,0.8762154591022864,0.11382852712943713,0.0099560137676917,,,,,,,,,,,,,,False,False,temporal_v1,False,0.003862839960045286,0.09603340292275574,2.196639233428949,0.9469803617580732,98.31811598836384,1230.6410379837835,1.4986002282591262,0.19468208985189941,0.017027871797765284,0.0,0.0,0.23935530165775215,0.2380309944575668,0.003124651633255159,0.030475161884934324,0.5003671667631163,236.555965605085,0.003588501386958189,0.9808323156274964,-0.0005966607737119242,800.0,0.004754501798946103,True,0.33145835995674133,0.23935530165775215,True,True,True,0.85,False,False,False,0,True,True,True,True,True,True,True,True,True,0,0,False,0,15,24,15,,,,False,False,False,
151,2026-08-12T14:30:35.399726,shadow,analysis_full,silero,webrtc,False,0.38199296593666077,True,True,True,1,True,True,False,1,0.0,,,,,,,,,,,,,1.1848751066294987,0.7920881921253924,0.19217110617756242,0.015740701696201054,,,,,,,,,,,,,,False,True,temporal_v1,False,0.003215768031663594,0.1127348643006263,2.3512096299708802,0.9375217932288926,96.68228137524748,1322.3461438276959,0.9385255811045412,0.22769875992324798,0.018650765600709353,0.0,0.0,0.22940836782678406,0.2287656728774286,0.003346352442668366,0.03003724862163787,0.493848357621645,196.5744375284686,0.0023921911291661657,1.0832784710501298,-0.0006484325747457874,1300.0,0.00514223702305731,True,0.35672566294670105,0.22940836782678406,True,True,True,0.85,True,True,True,1,True,True,True,True,True,True,True,True,True,0,0,True,1,15,24,15,,,,False,False,False,
152,2026-08-12T14:30:35.413828,shadow,analysis_full,silero,webrtc,False,0.33370402455329895,True,True,True,1,True,True,False,1,0.0,,,,,,,,,,,,,1.0752131083641836,0.7146507196428488,0.26672593613418827,0.01862334422203285,,,,,,,,,,,,,,False,True,temporal_v1,False,0.0030575890773717205,0.12526096033402923,2.0954914505669495,0.9278292566989346,96.19904736117762,1351.5745812911941,0.7684018216618881,0.2867872228721873,0.0200240638291081,0.0,0.0,0.2209297199978401,0.2205125467743061,0.004271075401534509,0.028012314184082687,0.5183634761965976,172.30712220787348,0.0036571671774416844,1.1336058715479138,-0.0006762749589485394,1300.0,0.003009656917594707,True,0.35784849524497986,0.2209297199978401,True,True,True,0.85,True,True,True,2,True,True,True,True,True,True,True,True,True,0,0,True,2,15,24,15,,,,False,False,False,
153,2026-08-12T14:30:35.430517,shadow,analysis_full,silero,webrtc,False,0.2974036633968353,True,True,True,1,True,True,False,1,0.0,,,,,,,,,,,,,0.8383389772989923,0.6809370756724048,0.30520246642299464,0.013860457903407718,,,,,,,,,,,,,,False,True,temporal_v1,False,0.0027018028464751375,0.10855949895615867,2.0611250018445,0.9308670095652473,95.13861022769724,1308.9458532937351,0.5708560916241704,0.25586312357018337,0.011619762103638562,0.0,0.0,0.21028386633235702,0.2103842097962355,0.003992521247100751,0.024864467149553947,0.5055530327957255,161.2139725177103,0.0030881618062831378,1.4817938481608095,-0.00088440972712885,1300.0,0.0015053857838373335,True,0.35784849524497986,0.21028386633235702,True,True,True,0.85,True,True,True,3,True,True,True,True,True,True,True,True,True,0,0,True,3,15,24,15,,,,False,False,False,
154,2026-08-12T14:30:35.450469,shadow,analysis_full,silero,webrtc,False,0.31719672679901123,True,True,True,1,True,True,False,1,0.0,,,,,,,,,,,,,0.391186445159707,0.8247896387872931,0.1690837581291552,0.006126603080995511,,,,,,,,,,,,,,False,False,temporal_v1,False,0.001845395506129025,0.08977035490605428,2.395488953833446,0.9556582830004836,91.94068480131362,1113.9487708917438,0.32264652680176,0.06614327427678793,0.0023966440801591426,0.0,0.0,0.1706937743843266,0.170554581972976,0.00423418418826006,0.025725977455301884,0.438548938048633,149.33235979521558,0.013444681187645033,1.246658589534537,-0.0007429449154580188,1100.0,0.001908258686310103,True,0.35784849524497986,0.1706937743843266,True,True,True,0.85,True,True,True,4,True,True,True,True,True,True,True,True,True,0,0,True,4,15,24,15,,,,False,False,False,
155,2026-08-12T14:30:35.463812,shadow,analysis_full,silero,webrtc,False,0.41890233755111694,True,True,True,1,False,True,False,0,0.0,,,,,,,,,,,,,0.1420027387032605,0.9511390061650463,0.04468976555064685,0.004171228277264677,,,,,,,,,,,,,,False,False,temporal_v1,False,0.001119813727030822,0.09603340292275574,1.9934707659731528,0.9517893276209858,87.58194867539954,1173.3314694977546,0.13506434376293394,0.0063460691001984764,0.0005923258391280674,0.0,0.0,0.07652816505811771,0.07298949840662397,0.004553453880125754,0.01101734847762736,0.320829497587335,133.86924964443747,0.024931858068655683,1.1890471729214138,-0.0007181532050693864,766.6666666666667,0.00398815919103247,True,0.39762404561042786,0.07652816505811771,True,True,True,0.85,False,False,False,0,True,True,True,True,True,True,True,True,True,0,0,False,0,15,24,15,,,,False,False,False,
156,2026-08-12T14:30:35.480452,shadow,analysis_full,silero,webrtc,False,0.479055792093277,True,True,True,1,False,True,False,0,0.0,,,,,,,,,,,,,0.05475232729327995,0.8809444465631351,0.1064410791918017,0.012614474226799103,,,,,,,,,,,,,,False,False,temporal_v1,False,0.0006945732568065194,0.0918580375782881,2.515578559744297,0.9389136197369129,83.36882573597258,1400.046533879966,0.04823375866542214,0.005827896805359457,0.0006906718214983491,0.0,0.0,0.07749430148756391,0.07439466588776668,0.004251077176098537,0.011195897852018305,0.23480546671071242,114.18842106996215,0.005302737011735379,1.0526088290284434,-0.000626349493718981,933.3333333333334,0.011910270210690304,True,0.41607873141765594,0.07749430148756391,True,True,True,0.85,False,False,False,0,True,True,True,True,True,True,True,False,True,0,0,False,0,15,24,15,,,,False,False,False,
157,2026-08-12T14:30:35.496105,shadow,analysis_full,silero,webrtc,False,0.4464748203754425,True,True,True,1,True,True,False,1,0.0,,,,,,,,,,,,,0.03248921580702067,0.7954879944061726,0.1731912117655662,0.03132079379748188,,,,,,,,,,,,,,False,True,temporal_v1,False,0.0005362592756646029,0.10020876826722339,2.934850175132212,0.9133927652999582,80.99603087687954,1779.5801253462635,0.02584478112215619,0.005626846654930897,0.0010175880289335832,0.0,0.0,0.07811832586901303,0.07446790541246716,0.00746126941901894,0.010688038193044013,0.25950955007938004,180.21803162132258,0.005519075174089622,0.7195968543100837,-0.0004299831604410729,1200.0,0.046872087438061504,True,0.41607873141765594,0.07811832586901303,True,True,True,0.85,True,True,True,1,True,True,True,True,True,True,True,False,True,0,0,True,1,15,24,15,,,,False,False,False,
158,2026-08-12T14:30:35.507976,shadow,analysis_full,silero,webrtc,False,0.3884012997150421,True,True,True,1,True,True,False,1,0.0,,,,,,,,,,,,,0.02800149775878021,0.5311221176809414,0.40673292714404435,0.06214495513930189,,,,,,,,,,,,,,False,True,temporal_v1,False,0.0005001451611068538,0.17536534446764093,3.7771650249774833,0.8637944981256537,80.14628540585919,1668.3230059370308,0.01487221478788148,0.011389131147846072,0.0017401518220526585,0.0,0.0,0.11518897350317985,0.10209008153293166,0.016423159756526185,0.02446778342210207,0.5120454416303506,197.05935139112339,0.00621196638827604,1.5497286652982893,-0.0009266323249421363,1866.6666666666667,0.010057962008336434,True,0.40082821249961853,0.11518897350317985,True,True,True,0.85,True,True,True,2,True,True,True,True,True,False,True,False,True,0,0,True,2,15,24,15,,,,False,False,False,
159,2026-08-12T14:30:35.515460,shadow,analysis_full,silero,webrtc,False,0.3026500344276428,True,True,True,1,True,True,False,1,0.0,,,,,,,,,,,,,0.02039888481840789,0.5251804776667739,0.4106543290412062,0.06416519324299778,,,,,,,,,,,,,,False,True,temporal_v1,False,0.0004291734618899384,0.17536534446764093,3.582069005741595,0.8598900804592684,78.7910653682953,1687.2151970974126,0.010713096072800958,0.008376890358292139,0.001308898386314796,0.0,0.0,0.13671573907070111,0.11878887718704861,0.020883362987798207,0.030830627411920775,0.6039622195180386,218.40192432278428,0.004098305643836144,1.2063763665780871,-0.0007142134337226438,1933.3333333333335,0.020407698506678427,True,0.38519713282585144,0.13671573907070111,True,True,True,0.85,True,True,True,3,True,True,True,True,True,False,True,False,True,0,0,True,3,15,24,15,,,,False,False,False,
160,2026-08-12T14:30:35.531126,shadow,analysis_full,silero,webrtc,False,0.3026500344276428,True,True,True,1,True,True,False,1,0.0,,,,,,,,,,,,,0.016782609374671364,0.48130329099499003,0.46029661893528945,0.05840009001013526,,,,,,,,,,,,,,False,True,temporal_v1,False,0.0003941258331778988,0.16910229645093947,3.8229520006195967,0.8798416237128415,78.14616412567028,1580.87152725704,0.008077525123512699,0.007724978352072921,0.0009801058980857475,0.0,0.0,0.1527463685082604,0.13279894514590856,0.022638382207243308,0.03350974568222682,0.6890317773097352,215.92627667745765,0.005840712443496468,1.1424755812806602,-0.0006737363329457984,1600.0,0.021827791358588006,True,0.35784849524497986,0.1527463685082604,True,True,True,0.85,True,True,True,4,True,True,True,True,True,False,True,False,True,0,0,True,4,15,24,15,,,,False,False,False,
161,2026-08-12T14:30:35.531126,shadow,analysis_full,silero,webrtc,False,0.24131657183170319,True,True,True,1,True,True,False,1,0.0,,,,,,,,,,,,,0.024170440498998445,0.6333177355963444,0.34741932669568765,0.01926293766659512,,,,,,,,,,,,,,False,True,temporal_v1,False,0.00046423899624332195,0.11691022964509394,3.5375720894685094,0.9139279661456758,79.74108893784046,1472.7011258326334,0.015307568645191871,0.00839727816410022,0.0004655936887063533,0.0,0.0,0.15244700887762647,0.1337905562754291,0.022460452738992432,0.033387261464223474,0.711418470637987,212.51431151523073,0.004504764426585125,0.9567072060791139,-0.000567576721910474,1300.0,0.022537697161618006,True,0.3254503756761551,0.15244700887762647,True,True,True,0.85,True,True,True,5,True,True,True,True,True,False,True,False,True,0,0,True,5,15,24,15,,,,False,False,False,
162,2026-08-12T14:30:35.551618,shadow,analysis_full,silero,webrtc,False,0.21176820993423462,True,True,False,1,True,True,False,1,0.0,,,,,,,,,,,,,0.029938943780172707,0.5370078662187221,0.43385231427748605,0.029139819470390627,,,,,,,,,,,,,,False,True,temporal_v1,False,0.0005162190792273838,0.1419624217118998,3.710942869144676,0.9004991347319504,80.60261246299666,1395.4221208295016,0.016077448316232826,0.012989080046051475,0.000872415416888407,0.0,0.0,0.16008357566336767,0.14260522436535814,0.022191333612154744,0.033781776377734926,0.7001730221833634,210.8084023973736,0.006134365332885011,1.7254723600410868,-0.0010297485231718063,1566.6666666666667,0.004032924745780404,True,0.309923380613327,0.16008357566336767,True,True,True,0.85,True,True,True,6,True,True,True,False,True,False,True,False,True,0,0,True,6,15,24,15,,,,False,False,False,
163,2026-08-12T14:30:35.568104,shadow,analysis_full,silero,webrtc,False,0.1997235268354416,True,True,True,1,True,True,False,1,0.0,,,,,,,,,,,,,0.055517435528234876,0.600441522243065,0.3739682034211133,0.025590274317809227,,,,,,,,,,,,,,False,True,temporal_v1,False,0.0007083455081640321,0.13987473903966596,3.5271490430149828,0.9141735217262961,83.42389288929512,1447.4965306379008,0.03333497349960457,0.020761755623041483,0.0014207064045888185,0.0,0.0,0.16205307541869768,0.14501475892394614,0.021603065403892844,0.03342183702489426,0.6314100208367469,205.0279716979185,0.00719795701806413,1.3047583030797902,-0.0007681421486773772,1333.3333333333335,0.010968251993909103,True,0.309923380613327,0.16205307541869768,True,True,True,0.85,True,True,True,7,True,True,True,True,True,True,True,False,True,0,0,True,7,15,24,15,,,,False,False,False,
164,2026-08-12T14:30:35.580770,shadow,analysis_full,silero,webrtc,False,0.19301068782806396,True,True,True,1,True,True,False,1,0.0,,,,,,,,,,,,,0.04187368460012111,0.7318242871192776,0.24051396356879964,0.027661749288041434,,,,,,,,,,,,,,False,True,temporal_v1,False,0.0006117311373095721,0.14613778705636743,3.6874786002687663,0.9154035797236916,82.15298077714563,1380.4262705372184,0.0306441793815411,0.010071205852404935,0.0011582993651750716,0.0,0.0,0.1558009564771614,0.1404402225431045,0.020000897758906188,0.0308779488843162,0.5884431099713348,171.3199976579777,0.007302888870040339,1.8269018220985362,-0.0010944252571486136,1333.3333333333335,0.00365712240735427,True,0.3026500344276428,0.1558009564771614,True,True,True,0.85,True,True,True,8,True,True,True,True,True,True,True,False,True,0,0,True,8,15,24,15,,,,False,False,False,
165,2026-08-12T14:30:35.592030,shadow,analysis_full,silero,webrtc,False,0.1598605215549469,True,True,True,1,True,True,False,1,0.0,,,,,,,,,,,,,0.017680350317952207,0.49528603502561686,0.45528636904873954,0.04942759586908362,,,,,,,,,,,,,,False,True,temporal_v1,False,0.0004136481753750598,0.1440501043841336,3.7580728714130527,0.8863207760192419,78.6005559470807,1540.9597405980464,0.008756830606842453,0.008049622499770188,0.0008738972103395659,0.0,0.0,0.1305781273143998,0.11810593264516075,0.017871318218300895,0.028000642548105366,0.40281417094966027,132.67561380095702,0.007632828443956132,1.2347886589445234,-0.0007277904164181658,1766.6666666666667,0.015435102714560955,True,0.271983303129673,0.1305781273143998,True,True,True,0.85,True,True,True,9,True,True,True,True,True,True,True,False,True,0,0,True,9,15,24,15,,,,False,False,False,
166,2026-08-12T14:30:35.603671,shadow,analysis_full,silero,webrtc,False,0.18777377903461456,True,True,True,1,True,True,False,1,0.0,,,,,,,,,,,,,0.0879214790712515,0.8384088863161946,0.11024416383395468,0.051346949838476805,,,,,,,,,,,,,,False,True,temporal_v1,False,0.0008966046222367083,0.09812108559498957,2.952990554889243,0.934644987039446,85.57028050576365,1367.3110447074157,0.07371414935140058,0.009692829943254667,0.004514499775596239,0.0,0.0,0.12248973515809031,0.11735428654369959,0.01606126951986411,0.026965878734810062,0.3076330086557763,136.3261122806141,0.010915079319592283,1.6399434639772812,-0.0009804962854605517,1066.6666666666667,0.003382012555094032,True,0.2265423908829689,0.12248973515809031,True,True,True,0.85,True,True,True,10,True,True,True,True,True,True,True,False,True,0,0,True,10,15,24,15,,,,False,False,False,
167,2026-08-12T14:30:35.614035,shadow,analysis_full,silero,webrtc,False,0.2607918381690979,True,True,True,1,True,True,False,1,0.0,,,,,,,,,,,,,0.03744455576164228,0.7540321107642214,0.1696273647628709,0.07634052444620174,,,,,,,,,,,,,,False,True,temporal_v1,False,0.0005907501367468028,0.11482254697286012,3.3307652517793986,0.9046209350326117,81.79628453309147,1628.7471406556865,0.028234397417579715,0.006351621318563754,0.0028585370244988166,0.0,0.0,0.11695306307838603,0.11786829322369977,0.018590468507046425,0.02506001965395728,0.2483727928898675,114.73725309759011,0.012956594666628247,0.9008479588620716,-0.0005411123909184038,1366.6666666666667,0.03603517818451377,True,0.2265423908829689,0.11695306307838603,True,True,True,0.85,True,True,True,11,True,True,True,True,True,True,True,False,True,0,0,True,11,15,24,15,,,,False,False,False,
168,2026-08-12T14:30:35.614035,shadow,analysis_full,silero,webrtc,False,0.3652801215648651,True,True,True,1,False,True,False,0,0.0,,,,,,,,,,,,,0.24030715014131948,0.9046522047779296,0.07046083264815547,0.024886962569753545,,,,,,,,,,,,,,False,False,temporal_v1,False,0.001460071183528699,0.07306889352818371,1.786036414969244,0.9541815652349382,89.89849964647544,1428.2268810447433,0.21739439319924564,0.016932241890262684,0.005980515050811163,0.0,0.0,0.14189425747484666,0.14014193636437722,0.01878369610417223,0.029844371237592374,0.5792171928118633,105.27986501059343,0.024299787735691244,0.9027900407145925,-0.0005439696712706167,766.6666666666667,0.009810500927293653,True,0.2265423908829689,0.14189425747484666,True,True,True,0.85,False,False,False,0,True,True,True,True,True,True,True,False,True,0,0,False,0,15,24,15,,,,False,False,False,
169,2026-08-12T14:30:35.633075,shadow,analysis_full,silero,webrtc,False,0.4978506863117218,True,True,True,1,False,True,False,0,0.0,,,,,,,,,,,,,0.20432025742255158,0.963142940324333,0.031159016494820113,0.005698043175952693,,,,,,,,,,,,,,False,False,temporal_v1,False,0.0013452289774113688,0.05845511482254697,1.483602593410219,0.9758409727330388,89.28434918844857,1335.7143171390546,0.19678961350178095,0.006366418271255177,0.0011642256485154677,0.0,0.0,0.1626375980845722,0.15732651802353184,0.020213177780656448,0.03324859966867383,0.8016498375930373,92.44387479051014,0.00825354152967888,0.8045939123477561,-0.00048414996272788327,400.0,0.009966717856250681,True,0.2265423908829689,0.1626375980845722,True,True,True,0.85,False,False,False,0,True,True,True,True,True,True,True,False,True,0,0,False,0,15,24,15,,,,False,False,False,
170,2026-08-12T14:30:35.635882,shadow,analysis_full,silero,webrtc,True,0.5169371962547302,True,True,True,1,False,True,False,0,0.0,,,,,,,,,,,,,0.09814480050120737,0.9807003175238388,0.017832117860062006,0.0014675646059101614,,,,,,,,,,,,,,False,False,temporal_v1,False,0.0009285525991825678,0.04592901878914405,0.8004979638081975,0.9840918734879074,86.09839277711346,1130.3120250324266,0.09625063701484789,0.0017501296498898026,0.00014403383546968582,0.0,0.0,0.16630861910435935,0.15958697664827398,0.021308733224381215,0.03560157035757701,1.0314636547367737,125.39895351216028,0.05569741410464138,0.854163576563486,-0.0005198316765105541,366.6666666666667,0.0036321000802646054,True,0.2265423908829689,0.16630861910435935,True,True,True,0.85,False,False,False,0,True,True,True,True,True,True,True,False,True,0,0,False,0,15,24,15,,,,False,False,False,
171,2026-08-12T14:30:35.653342,shadow,analysis_full,silero,webrtc,False,0.47033247351646423,True,True,True,1,True,True,False,1,0.0,,,,,,,,,,,,,0.013233088676281509,0.8490225598248605,0.1405456280865962,0.010431812012975142,,,,,,,,,,,,,,False,True,temporal_v1,False,0.00035461596369301294,0.081419624217119,2.8111443296015484,0.959780366673774,77.59691641363035,1175.6274442385823,0.011235190822325901,0.0018598527595336085,0.00013804509342199876,0.0,0.0,0.16454879350106127,0.15574384568452826,0.021953511209315647,0.03629206805421101,1.0062837328596068,141.79062238417504,0.06199023165752646,1.1998974445696347,-0.0007332341713508923,933.3333333333334,0.009315679345226341,True,0.23628002405166626,0.16454879350106127,True,True,True,0.85,True,True,True,1,True,True,True,True,True,True,True,False,True,0,0,True,1,15,24,15,,,,False,False,False,
172,2026-08-12T14:30:35.658959,shadow,analysis_full,silero,webrtc,True,0.529064416885376,True,True,True,1,False,True,False,0,0.0,,,,,,,,,,,,,0.4460045626375019,0.8788692795447552,0.08952106724016998,0.03160965321283269,,,,,,,,,,,,,,False,False,temporal_v1,False,0.0019774359325707624,0.08350730688935282,2.2954019827548735,0.9376891825989899,92.45854212677176,1499.3396057377342,0.3919797086388949,0.03992680444129441,0.01409804955631255,0.0,0.0,0.14824067447837522,0.13828186251444408,0.02195409751143478,0.034428412901374585,0.9647619586315045,146.0621289962775,0.02344925160644672,0.8863587782040919,-0.0005297500608467098,766.6666666666667,0.011415565138354946,True,0.3130359798669815,0.14824067447837522,True,True,True,0.85,False,False,False,0,True,True,True,True,True,True,True,False,True,0,0,False,0,15,24,15,,,,False,False,False,
173,2026-08-12T14:30:35.663948,shadow,analysis_full,silero,webrtc,True,0.6296189427375793,True,True,True,1,True,True,False,1,0.0,,,,,,,,,,,,,0.5709328471521455,0.7807627944242681,0.16499649372044298,0.05424071185353742,,,,,,,,,,,,,,False,True,temporal_v1,False,0.002243212327588327,0.13778705636743216,2.910118792359639,0.8971230127020635,93.36206166582383,1445.32342502724,0.4457631251711127,0.09420191792993361,0.03096780405009925,0.0,0.0,0.13310838855562893,0.12051500490581615,0.022978996904584725,0.034182576462431086,0.9251812849671254,145.98310191391954,0.0055568947139987505,1.524490673305052,-0.0009171724012854924,2133.3333333333335,0.0030097105505060523,True,0.4178062975406647,0.13310838855562893,True,True,True,0.85,True,True,True,1,True,True,True,True,True,True,True,True,True,0,0,True,1,15,24,15,,,,False,False,False,
174,2026-08-12T14:30:35.680548,shadow,analysis_full,silero,webrtc,True,0.5863339304924011,True,True,True,1,True,True,False,1,0.0,,,,,,,,,,,,,0.46157840781133724,0.7843671814173908,0.12511859201793962,0.09051422656250323,,,,,,,,,,,,,,False,True,temporal_v1,False,0.002006051731216243,0.1440501043841336,2.807568433041505,0.8812741754118047,92.31441452461708,1630.5658628828687,0.36204695473810555,0.05775204049123686,0.041779412580994886,0.0,0.0,0.13062998579720012,0.11666485640561776,0.02850539422046818,0.033895121073239914,0.8550025385374038,162.18312772233966,0.010432350938110194,1.140697641227881,-0.0006685963102776864,2266.666666666667,0.00723200129626267,True,0.484091579914093,0.13062998579720012,True,True,True,0.85,True,True,True,2,True,True,True,True,True,True,True,True,True,0,0,True,2,15,24,15,,,,False,False,False,
175,2026-08-12T14:30:35.680548,shadow,analysis_full,silero,webrtc,True,0.517798900604248,True,True,True,1,False,True,False,0,0.0,,,,,,,,,,,,,0.6491222600689144,0.8450132665580832,0.08220874855938916,0.07277798488098716,,,,,,,,,,,,,,False,False,temporal_v1,False,0.002382906447529509,0.11482254697286012,2.522214449577911,0.9031724844626154,93.91602709218839,1610.295288220559,0.548516921376399,0.0533635286623078,0.047241810029207666,0.0,0.0,0.0717997328615047,0.04923575507581376,0.030125430929314797,0.030939992501123777,0.7456229062332486,168.63623730662383,0.007736950606019402,0.9486147982517904,-0.0005645875284833916,1133.3333333333335,0.009832105647358706,True,0.507393941283226,0.0717997328615047,True,False,True,0.85,True,False,False,0,True,True,True,True,True,True,True,True,True,0,0,False,0,15,24,15,,,,False,False,False,
176,2026-08-12T14:30:35.700312,shadow,analysis_full,silero,webrtc,True,0.517798900604248,True,True,True,1,False,True,False,0,0.0,,,,,,,,,,,,,0.8212060804061225,0.8347402013069086,0.11993491145383524,0.04532488723803837,,,,,,,,,,,,,,False,False,temporal_v1,False,0.0026749471480465754,0.12317327766179541,2.517269263508849,0.9110742218597316,94.95861799369962,1765.147317376582,0.6854937288726641,0.0984912785388594,0.037221072993598975,0.0,0.0,0.07190766464478038,0.049519027135793536,0.02999108711192206,0.032068871714943506,0.7226610424896542,195.14359011934974,0.0031474176182679035,0.6897010855159518,-0.00040035903539268936,1200.0,0.022045682924433953,True,0.5173680484294891,0.07190766464478038,True,False,True,0.85,True,False,False,0,True,True,True,True,True,True,True,True,True,0,0,False,0,15,24,15,,,,False,False,False,
177,2026-08-12T14:30:35.709462,shadow,analysis_full,silero,webrtc,False,0.4746250808238983,True,True,True,1,False,True,False,0,0.0,,,,,,,,,,,,,1.0246601314408315,0.8827408494913521,0.08894291521897892,0.028316235288692808,,,,,,,,,,,,,,False,False,temporal_v1,False,0.0029899700811612346,0.12526096033402923,2.3946067543425427,0.9291305592271957,96.01069544336539,1446.8468151279758,0.9045093548680001,0.09113625919900967,0.029014517372821482,0.0,0.0,0.06322517594246838,0.043964382412118676,0.027762506725626655,0.032771298585682146,0.6427105987742687,187.34789980355717,0.0031941593720653887,0.9600656067722996,-0.0005760155117993581,800.0,0.007554438983540848,True,0.5173680484294891,0.06322517594246838,True,False,True,0.85,False,False,False,0,True,True,True,True,True,True,True,True,True,0,0,False,0,15,24,15,,,,False,False,False,
178,2026-08-12T14:30:35.713702,shadow,analysis_full,silero,webrtc,False,0.4363660216331482,True,True,True,1,False,True,False,0,0.0,,,,,,,,,,,,,1.4939067449807248,0.8925132796734564,0.08701449241731503,0.020472227908559043,,,,,,,,,,,,,,False,False,temporal_v1,False,0.0036035613326969363,0.1022964509394572,2.2761705839760618,0.933972727787832,97.65490293813129,1435.1338696851358,1.3333316084890445,0.12999153713330105,0.03058359935737899,0.0,0.0,0.06267001287353986,0.04338973874357279,0.027978352971898487,0.031634420696463696,0.6252186902114653,187.29109777369666,0.00232175803341907,0.9222489317035784,-0.0005427904343611106,800.0,0.006456607485931416,True,0.5173680484294891,0.06267001287353986,True,False,True,0.85,False,False,False,0,True,True,True,True,True,True,True,True,True,0,0,False,0,15,24,15,,,,False,False,False,
179,2026-08-12T14:30:35.729525,shadow,analysis_full,silero,webrtc,False,0.4499126970767975,True,True,True,1,False,True,False,0,0.0,,,,,,,,,,,,,1.4639189395722116,0.9113678820620315,0.08036117293107607,0.008270945006209405,,,,,,,,,,,,,,False,False,temporal_v1,False,0.003567858618876642,0.09394572025052192,1.9836306631779486,0.9444440574251821,97.61678346678613,1324.6949917321117,1.3341687034684215,0.11764224306004,0.01210799304275015,0.0,0.0,0.056532092839374604,0.03840580467571853,0.027708253564277557,0.028413967066136255,0.5775558530910088,187.9763049203434,0.0025816197868978622,0.9161701699424395,-0.0005365980575478827,766.6666666666667,0.0042579830009151,True,0.5173680484294891,0.056532092839374604,True,False,True,0.85,False,False,False,0,True,True,True,True,True,True,True,True,True,0,0,False,0,15,24,15,,,,False,False,False,
180,2026-08-12T14:30:35.730371,shadow,analysis_full,silero,webrtc,True,0.5031068921089172,True,True,True,1,False,True,False,0,0.0,,,,,,,,,,,,,0.42990819364133365,0.929194987926767,0.06672164146976407,0.004083370601142806,,,,,,,,,,,,,,False,False,temporal_v1,False,0.0019382124293616655,0.08977035490605428,2.18893498431471,0.9602489331413507,92.38780999421041,1247.8731991351667,0.39946853880017724,0.02868418036105097,0.0017554744791054304,0.0,0.0,0.04725031550876329,0.029835187345290632,0.027388279554125514,0.02145849391278954,0.286056519903409,170.7298756693663,0.011079133583587265,0.8725964556668764,-0.0005239260850016509,766.6666666666667,0.007589787715162006,True,0.5104528963565826,0.04725031550876329,True,False,False,0.85,False,False,False,0,True,True,True,True,True,True,True,True,True,0,0,False,0,15,24,15,,,,False,False,False,
181,2026-08-12T14:30:35.747017,shadow,analysis_full,silero,webrtc,True,0.5461993217468262,True,True,True,1,False,True,False,0,0.0,,,,,,,,,,,,,0.5382351781237771,0.9729839176312332,0.0252620498533807,0.0017540325135281087,,,,,,,,,,,,,,False,False,temporal_v1,False,0.0021703553423322174,0.05219206680584551,1.4773617468615472,0.9763254487368282,93.44207001418086,1156.683481167467,0.5236941722178172,0.013596923902606098,0.000944082002353698,0.0,0.0,0.058066312110560875,0.035440302098060816,0.02832523355462124,0.026497126392041,0.3887441755320785,173.92860994448168,0.010768434705713599,0.7791243874861766,-0.0004810469511809269,733.3333333333334,0.005196352732043131,True,0.517798900604248,0.058066312110560875,True,False,True,0.85,False,False,False,0,True,True,True,True,True,True,True,True,True,0,0,False,0,15,24,15,,,,False,False,False,
182,2026-08-12T14:30:35.759837,shadow,analysis_full,silero,webrtc,True,0.566117525100708,True,True,True,1,False,True,False,0,0.0,,,,,,,,,,,,,0.5521041264168975,0.8439455942569634,0.15119879340779346,0.004855612333431946,,,,,,,,,,,,,,False,False,temporal_v1,False,0.0021918185859971274,0.07724425887265135,2.4298549078270892,0.9494237258731564,93.4069544580695,1205.9740884698988,0.4659458450606302,0.08347747774969878,0.002680803605568558,0.0,0.0,0.05855155971923446,0.039438204772396034,0.029813093044145183,0.027104521698734833,0.3893861941611045,188.32196394910122,0.012121125685802602,1.1173721680694393,-0.0006637004765221086,1100.0,0.0037880256078764445,True,0.517798900604248,0.05855155971923446,True,False,True,0.85,True,False,False,0,True,True,True,True,True,True,True,True,True,0,0,False,0,15,24,15,,,,False,False,False,
183,2026-08-12T14:30:35.768462,shadow,analysis_full,silero,webrtc,True,0.5429677963256836,True,True,True,1,False,True,False,0,0.0,,,,,,,,,,,,,0.637220239607574,0.6514103411844984,0.3304079313197786,0.018181727494153796,,,,,,,,,,,,,,False,True,temporal_v1,False,0.0023611630138622055,0.11899791231732777,2.9095171813104823,0.9090515585921539,93.86439119845492,1500.1509182675804,0.4150918536924376,0.21054262116383216,0.011585764750304298,0.0,0.0,0.08476383767578817,0.07871054599416744,0.02920786602663111,0.025439764707883686,0.3892998061426003,189.5738253127956,0.010077500909650648,0.9048900913751208,-0.0005440448987639273,1633.3333333333335,0.01766105828534447,True,0.517798900604248,0.08476383767578817,True,False,True,0.85,True,False,False,0,True,True,True,True,True,True,True,False,True,0,0,False,0,15,24,15,,,,False,False,False,
184,2026-08-12T14:30:35.780379,shadow,analysis_full,silero,webrtc,True,0.5774972438812256,True,True,True,1,False,True,False,0,0.0,,,,,,,,,,,,,0.33380254473087345,0.6771173615299252,0.26831008808052925,0.05457255038654991,,,,,,,,,,,,,,False,True,temporal_v1,False,0.0017078008019615978,0.12943632567849686,3.1980014609008776,0.8849070173509019,90.93367826372132,1697.8127610609902,0.22602349836014388,0.08956259017824546,0.01821645619148417,0.0,0.0,0.09864842617408846,0.0911588420784428,0.023031467914246408,0.023449053999330224,0.44827229733374363,197.51275695332134,0.005367081809452788,0.8123488142283464,-0.00048138527983125097,1800.0000000000002,0.02540955400719007,True,0.517798900604248,0.09864842617408846,True,False,True,0.85,True,False,False,0,True,True,True,True,True,True,True,False,True,0,0,False,0,15,24,15,,,,False,False,False,
185,2026-08-12T14:30:35.780379,shadow,analysis_full,silero,webrtc,True,0.6059665679931641,True,True,True,1,False,True,False,0,0.0,,,,,,,,,,,,,0.10951910544178056,0.7500806702437979,0.22825847672767882,0.02166085301939232,,,,,,,,,,,,,,False,True,temporal_v1,False,0.000979253524584823,0.12526096033402923,3.173158102504442,0.9218728168572137,86.27740880737987,1395.3851750116967,0.08214816401427194,0.02499866418071887,0.0023722772457897383,0.0,0.0,0.10259299487371572,0.09398213732528854,0.016910418183668223,0.024185603278191446,0.5062885654598152,189.23022208264388,0.005009647612352109,1.0630779805707817,-0.0006139836118645597,1566.6666666666667,0.010944601764811818,True,0.5303833484649658,0.10259299487371572,True,False,True,0.85,True,False,False,0,True,True,True,True,True,True,True,False,True,0,0,False,0,15,24,15,,,,False,False,False,
186,2026-08-12T14:30:35.800324,shadow,analysis_full,silero,webrtc,True,0.6648649573326111,True,True,True,1,False,True,False,0,0.0,,,,,,,,,,,,,0.047959275382751354,0.43296718552883523,0.5124920299382558,0.05454078451205803,,,,,,,,,,,,,,False,True,temporal_v1,False,0.0006479382834834317,0.16075156576200417,3.578663269088848,0.8492018297701712,82.32802236228545,1712.6971235041483,0.020764792482472205,0.024578746395274062,0.002615736504005091,0.0,0.0,0.15824904704186027,0.14409028679999905,0.018409332202784606,0.02929086492967118,0.6090717767114283,180.02658751880725,0.00680199987316952,0.9687002306244245,-0.0005686228707066824,1833.3333333333335,0.025407534331973812,True,0.5445835590362549,0.15824904704186027,True,False,True,0.85,True,False,False,0,True,True,True,True,True,True,True,False,True,0,0,False,0,15,24,15,,,,False,False,False,
187,2026-08-12T14:30:35.813671,shadow,analysis_full,silero,webrtc,True,0.6950840950012207,True,True,True,1,False,True,False,0,0.0,,,,,,,,,,,,,0.048729264523656404,0.5144217216323772,0.35258318124231536,0.13299509710478585,,,,,,,,,,,,,,False,True,temporal_v1,False,0.000652513501224749,0.21085594989561587,3.599870064107185,0.8254959861378651,82.26661310981106,1725.8416623235098,0.025067392150138847,0.017181119105349075,0.00648075326716848,0.0,0.0,0.17534798728366677,0.14836045955248314,0.0382651263261356,0.042674603335787,0.6794120115049722,203.32553117729546,0.004915307581858725,1.1070403536071143,-0.0006427396951924341,2200.0,0.015691772339318826,True,0.5561584234237671,0.17534798728366677,True,False,True,0.85,True,False,False,0,True,True,True,True,True,True,True,False,True,0,0,False,0,15,24,15,,,,False,False,False,
188,2026-08-12T14:30:35.813671,shadow,analysis_full,silero,webrtc,True,0.7147859930992126,True,True,True,1,False,True,False,0,0.0,,,,,,,,,,,,,0.29399378042936103,0.9458987023546002,0.04815157005384262,0.005949727588155916,,,,,,,,,,,,,,False,False,temporal_v1,False,0.0016044831790222008,0.10647181628392484,2.054416801568472,0.9495200014854696,90.69723426212599,1144.3766144715328,0.27808833540845584,0.014156262113738403,0.001749182906166822,0.0,0.0,0.18012188733648257,0.15200229980182917,0.038949794498018775,0.04255801422392365,0.6957038141056634,221.91415615472033,0.0289308649536434,1.3738092814676934,-0.000815044912404038,800.0,0.0012775362105536163,True,0.5718073844909668,0.18012188733648257,True,False,True,0.85,False,False,False,0,True,True,True,True,True,True,True,False,True,0,0,False,0,15,24,15,,,,False,False,False,
189,2026-08-12T14:30:35.831479,shadow,analysis_full,silero,webrtc,True,0.7039434313774109,True,True,True,1,False,True,False,0,0.0,,,,,,,,,,,,,0.6280736451509873,0.890114545613644,0.09621326689062537,0.013672187494138514,,,,,,,,,,,,,,False,False,temporal_v1,False,0.0023445287711143436,0.09394572025052192,1.508505387817236,0.9361297488554842,93.93051278612899,1281.7814790796253,0.5590574872654761,0.06042901724787987,0.008587140636631319,0.0,0.0,0.1784758392513929,0.15075741942223672,0.03867166613966264,0.042558014223923656,0.7540093922558438,223.95009044768776,0.015840908545520296,1.669506783777179,-0.0010110290002362048,866.6666666666667,0.0010634961240989223,True,0.5917319059371948,0.1784758392513929,True,False,True,0.85,False,False,False,0,True,True,True,True,True,True,True,False,True,0,0,False,0,15,24,15,,,,False,False,False,
190,2026-08-12T14:30:35.847027,shadow,analysis_full,silero,webrtc,True,0.7205385565757751,True,True,True,1,False,True,False,0,0.0,,,,,,,,,,,,,0.63016115834567,0.9236940224994383,0.06772337645746755,0.008582601041507213,,,,,,,,,,,,,,False,False,temporal_v1,False,0.0023409049951664154,0.08977035490605428,1.9326783217424253,0.9461611686911252,93.963696353253,1333.0500320136366,0.5820760951752174,0.04267664135551763,0.0054084218139349395,0.0,0.0,0.17796375054116598,0.15066384158717647,0.038378313082523076,0.04255801422392365,0.7720842487289904,219.31311626141684,0.024395246728053203,0.8535209438383797,-0.0005084993193150466,766.6666666666667,0.005097347941411564,True,0.6354157626628876,0.17796375054116598,True,False,True,0.85,False,False,False,0,True,True,True,True,True,True,True,False,True,0,0,False,0,15,24,15,,,,False,False,False,
191,2026-08-12T14:30:35.856716,shadow,analysis_full,silero,webrtc,True,0.7560655474662781,True,True,True,1,False,True,False,0,0.0,,,,,,,,,,,,,0.0795772676749639,0.9438382117578324,0.052619573394380045,0.0035422148352210474,,,,,,,,,,,,,,False,False,temporal_v1,False,0.0008333226380315182,0.1127348643006263,2.227783303806854,0.9540634447435646,85.02288566996239,1033.3326629732128,0.07510806601891229,0.00418732187694699,0.0002818797781046134,0.0,0.0,0.17466416664688236,0.14753566337468543,0.038242402212999994,0.03691185913519278,0.6930918977792123,236.32520281534732,0.00870099785631598,1.6629456315795124,-0.0010006577596434493,766.6666666666667,0.0007414103423097594,True,0.6799745261669159,0.17466416664688236,True,False,True,0.85,False,False,False,0,True,True,True,True,True,True,True,False,True,0,0,False,0,15,24,15,,,,False,False,False,
192,2026-08-12T14:30:35.864046,shadow,analysis_full,silero,webrtc,True,0.7560655474662781,True,True,True,1,False,True,False,0,0.0,,,,,,,,,,,,,0.04560009399106803,0.9198679166712695,0.07741900096077628,0.0027130823460244685,,,,,,,,,,,,,,False,False,temporal_v1,False,0.000634780842491385,0.09394572025052192,2.437913025028224,0.956826334578672,82.66711711121943,1097.884514981303,0.041946063459577826,0.0035303137205059845,0.00012371680998422312,0.0,0.0,0.1798367994303831,0.15210553752788078,0.03839875010322587,0.03516056786110681,0.6928270413724111,247.30803267046437,0.0074774576698022266,1.062495192759246,-0.0006397667012619165,766.6666666666667,0.003876340912843922,True,0.6995137631893158,0.1798367994303831,True,False,True,0.85,False,False,False,0,True,True,True,True,True,True,True,False,True,0,0,False,0,15,24,15,,,,False,False,False,
193,2026-08-12T14:30:35.864046,shadow,analysis_full,silero,webrtc,True,0.7286779880523682,True,True,True,1,False,True,False,0,0.0,,,,,,,,,,,,,0.013243367149783442,0.8531995580868714,0.13315138412728203,0.013649057710336959,,,,,,,,,,,,,,False,False,temporal_v1,False,0.0003464008702440122,0.08559498956158663,2.8066975670505587,0.9509278740296789,77.35359422354365,1305.3847931453115,0.011299234999777422,0.0017633726664994433,0.00018075948250657488,0.0,0.0,0.1772684942872514,0.1470648925486284,0.03858127046244925,0.037034454987368196,0.6898346874684812,245.70610807143518,0.013206780235316842,1.075214345059379,-0.000647180864242019,900.0000000000001,0.012611448975683965,True,0.7093647122383118,0.1772684942872514,True,False,True,0.85,False,False,False,0,True,True,True,True,True,True,True,False,True,0,0,False,0,15,24,15,,,,False,False,False,
194,2026-08-12T14:30:35.882026,shadow,analysis_full,silero,webrtc,True,0.6391679644584656,True,True,True,1,False,True,False,0,0.0,,,,,,,,,,,,,0.006429175777716247,0.8502913013166175,0.13851276386061262,0.011195934667229053,,,,,,,,,,,,,,False,False,temporal_v1,False,0.00024158812972360232,0.11064718162839249,2.38711751453267,0.9391145886325571,74.13046724982104,1270.4263979670418,0.005466672238427624,0.000890522906317181,7.198063197144264e-05,0.0,0.0,0.17430576626440375,0.1447332321132262,0.03814422722819847,0.03702915876045263,0.6681792987684365,221.41755303676734,0.018458256405588933,1.2806674600415182,-0.0007730692846661223,933.3333333333334,0.005494777899044783,True,0.7093647122383118,0.17430576626440375,True,False,True,0.85,False,False,False,0,True,True,True,True,True,False,True,False,True,0,0,False,0,15,24,15,,,,False,False,False,
195,2026-08-12T14:30:35.897007,shadow,analysis_full,silero,webrtc,True,0.5408274531364441,True,True,True,1,False,True,False,0,0.0,,,,,,,,,,,,,0.012645162838320198,0.7658225517581122,0.16937615473135315,0.06480129343145301,,,,,,,,,,,,,,False,True,temporal_v1,False,0.0003371280496922636,0.11691022964509394,3.4256921013801094,0.8918088420982931,76.83752544165333,1736.0027013269148,0.009683950872239227,0.0021417890575064786,0.0008194229075744922,0.0,0.0,0.1738964178254177,0.1434644952398127,0.03972036138455554,0.036972618467244894,0.6947175016446082,252.82550100591203,0.01882778795895453,0.8903400438268744,-0.0005296280836633822,1700.0000000000002,0.04186617287319089,True,0.7093647122383118,0.1738964178254177,True,False,True,0.85,True,False,False,0,True,True,True,True,True,False,True,False,True,0,0,False,0,15,24,15,,,,False,False,False,
196,2026-08-12T14:30:35.907158,shadow,analysis_full,silero,webrtc,True,0.5534322261810303,True,True,True,1,False,True,False,0,0.0,,,,,,,,,,,,,0.341971756194743,0.9291935772686192,0.06837823983588964,0.002428182892566962,,,,,,,,,,,,,,False,False,temporal_v1,False,0.0017375786722651782,0.054279749478079335,2.008935349585365,0.9710919624425032,91.48595396998817,1389.4002826530752,0.31775795946342533,0.02338342676218452,0.000830369968133155,0.0,0.0,0.12480872410471364,0.08632834884337448,0.03973007995884044,0.038475147731391976,0.6291843343581792,225.35772653450576,0.02044397840606392,0.6488886824689402,-0.00040243580709434457,733.3333333333334,0.016776303674683805,True,0.7093647122383118,0.12480872410471364,True,False,True,0.85,False,False,False,0,True,True,True,True,True,True,True,False,True,0,0,False,0,15,24,15,,,,False,False,False,
197,2026-08-12T14:30:35.914860,shadow,analysis_full,silero,webrtc,True,0.8715231418609619,True,True,True,1,False,True,False,0,0.0,,,,,,,,,,,,,1.1315583176643922,0.8265702289080911,0.17195159024818088,0.0014781808428441692,,,,,,,,,,,,,,False,False,temporal_v1,False,0.0031464232020628623,0.06263048016701461,2.736841550022061,0.949520754351592,96.54806770504018,1049.6657312103018,0.9353124176547111,0.19457325218094845,0.0016726478277324813,0.0,0.0,0.05629907043253616,0.04473951321634213,0.017877674618831895,0.019853851236691006,0.5123739175755848,196.57070129673335,0.027919580203838768,1.831307238486775,-0.0011011612802706379,1233.3333333333335,0.0004420076773243269,True,0.7176622748374939,0.05629907043253616,True,False,True,0.85,True,False,False,0,True,True,True,True,True,True,True,False,True,0,0,False,0,15,24,15,,,,False,False,False,
198,2026-08-12T14:30:35.914860,shadow,analysis_full,silero,webrtc,True,0.8396264314651489,True,True,True,1,False,True,False,0,0.0,,,,,,,,,,,,,6.248611308774265,0.8436983395052435,0.1487592887249624,0.007542371769633954,,,,,,,,,,,,,,False,False,temporal_v1,False,0.007391613152939523,0.09394572025052192,2.608362476565215,0.9173284764223293,103.8170336342359,1722.9541524167075,5.271942985426534,0.9295389738120162,0.04712934953471449,0.0,0.0,0.05349549999437538,0.04268543470217749,0.017822938306953518,0.019333339294847977,0.507052423100377,234.32954060032932,0.029969092262544926,0.6577171014150287,-0.00038995117027260074,1066.6666666666667,0.026468222298216666,True,0.7246082723140717,0.05349549999437538,True,False,True,0.85,True,False,False,0,True,True,True,True,True,True,True,True,True,0,0,False,0,15,24,15,,,,False,False,False,
199,2026-08-12T14:30:35.932481,shadow,analysis_full,silero,webrtc,True,0.8803654313087463,True,True,True,1,False,True,False,0,0.0,,,,,,,,,,,,,6.298790503952597,0.7397790400756786,0.23924355090423202,0.02097740901993051,,,,,,,,,,,,,,False,True,temporal_v1,False,0.007401714925750033,0.1127348643006263,3.0501246409758838,0.9000458655576545,103.7466072161559,1452.9757561583936,4.659713192651853,1.5069450065674765,0.13213230473226786,0.0,0.0,0.06655999245880372,0.05656764084180701,0.017986102544876655,0.02037069137933704,0.44004928589566844,237.00500454371223,0.020541343587358884,1.386499418279323,-0.0008179896697920947,1533.3333333333335,0.0046353596707420916,True,0.7423717677593231,0.06655999245880372,True,False,True,0.85,True,False,False,0,True,True,True,True,True,True,True,True,True,0,0,False,0,15,24,15,,,,False,False,False,
200,2026-08-12T14:30:35.932481,shadow,analysis_full,silero,webrtc,True,0.8594954013824463,True,True,True,1,False,True,False,0,0.0,,,,,,,,,,,,,1.356181224880878,0.8229300718168073,0.17349696890327213,0.0035729592791830392,,,,,,,,,,,,,,False,False,temporal_v1,False,0.0034323130396314424,0.12108559498956159,2.7332076551431173,0.9424172416060597,97.27101524321533,1217.5838221211063,1.1160423127878267,0.2352933318003592,0.004845580291691953,0.0,0.0,0.06365745560507259,0.05439580363316211,0.018190020708588547,0.021931600812808177,0.3879783166595357,239.8148943147651,0.019805843835034576,1.1105768768938669,-0.0006566891549240026,1100.0,0.00393931819056072,True,0.7560655474662781,0.06365745560507259,True,False,True,0.85,True,False,False,0,True,True,True,True,True,True,True,True,True,0,0,False,0,15,24,15,,,,False,False,False,
201,2026-08-12T14:30:35.946981,shadow,analysis_full,silero,webrtc,True,0.8276100754737854,True,True,True,1,False,True,False,0,0.0,,,,,,,,,,,,,0.27628309857713074,0.7261473545741803,0.2657879473031559,0.008064698119044313,,,,,,,,,,,,,,False,True,temporal_v1,False,0.001556004830530819,0.11691022964509394,3.0098730968531346,0.9131362718248457,90.26070415589685,1526.5491795240616,0.20062224114534097,0.07343271764537106,0.0022281397854187206,0.0,0.0,0.06489088495817462,0.058640632013845985,0.017999754409062076,0.022274703412691676,0.3751588989601382,224.45745321178873,0.013155857946208755,0.8548087740316938,-0.0005128431719415456,1433.3333333333335,0.02042632936652791,True,0.7918378114700317,0.06489088495817462,True,False,True,0.85,True,False,False,0,True,True,True,True,True,True,True,True,True,0,0,False,0,15,24,15,,,,False,False,False,
202,2026-08-12T14:30:35.960768,shadow,analysis_full,silero,webrtc,True,0.852384626865387,True,True,True,1,False,True,False,0,0.0,,,,,,,,,,,,,0.17433038720848582,0.6725768839478532,0.31539615653626285,0.012026959510147657,,,,,,,,,,,,,,False,True,temporal_v1,False,0.001234191783275158,0.13569937369519833,3.3486262621755447,0.9029615641592561,88.19885348218627,1502.755625219668,0.11725058860610608,0.05498313409303491,0.002096664508344822,0.0,0.0,0.07182337114413342,0.06834833215093405,0.01764765697376075,0.02507306020209174,0.4048743194073702,206.25794545883358,0.010100530840737233,0.9346491439823339,-0.0005497618755487471,1700.0000000000002,0.016431112874097896,True,0.8336182534694672,0.07182337114413342,True,False,True,0.85,True,False,False,0,True,True,True,True,True,True,True,False,True,0,0,False,0,15,24,15,,,,False,False,False,
203,2026-08-12T14:30:35.969036,shadow,analysis_full,silero,webrtc,True,0.8110445737838745,True,True,True,1,False,True,False,0,0.0,,,,,,,,,,,,,0.06934444827381951,0.6830104467865494,0.28473867249313045,0.03225088070589915,,,,,,,,,,,,,,False,True,temporal_v1,False,0.0007778050525334108,0.15657620041753653,3.5709953879229075,0.8811357984946968,84.07803875827318,1512.920534049479,0.04736298259766823,0.01974504614625592,0.002236419528895347,0.0,0.0,0.07782939101709939,0.07243149431614605,0.018415815929102308,0.02937333166924686,0.46449479120262926,204.37846632055007,0.00571914392769286,1.3540090510517908,-0.0008021197675631378,2000.0000000000002,0.008867955217186512,True,0.8336182534694672,0.07782939101709939,True,False,True,0.85,True,False,False,0,True,True,True,True,True,True,True,False,True,0,0,False,0,15,24,15,,,,False,False,False,
204,2026-08-12T14:30:35.969036,shadow,analysis_full,silero,webrtc,True,0.7462409138679504,True,True,True,1,False,True,False,0,0.0,,,,,,,,,,,,,0.04824333915450877,0.6224806213225677,0.31447486498662486,0.06304451367007918,,,,,,,,,,,,,,False,True,temporal_v1,False,0.0006495484602804275,0.17954070981210857,3.460792011729156,0.8697621769755453,82.45351686574075,1764.3037915420348,0.030030543731573975,0.015171317567118097,0.0030414778548166948,0.0,0.0,0.08831222349889008,0.07716735223993688,0.022951491499146923,0.03639340505723518,0.46038374596327636,217.16017873026638,0.0073636643124045,0.9584272505079995,-0.0005596580747601194,1833.3333333333335,0.030396720253149122,True,0.8336182534694672,0.08831222349889008,True,False,True,0.85,True,False,False,0,True,True,True,True,True,True,True,False,True,0,0,False,0,15,24,15,,,,False,False,False,
205,2026-08-12T14:30:35.983073,shadow,analysis_full,silero,webrtc,True,0.6484041810035706,True,True,True,1,False,True,False,0,0.0,,,,,,,,,,,,,0.02423342105809209,0.5339502769870658,0.35516222230116695,0.11088750067050203,,,,,,,,,,,,,,False,True,temporal_v1,False,0.00046116054179026875,0.17536534446764093,3.6943114335436023,0.8338709365649865,79.28537194541087,1779.7489749998851,0.012939441886312464,0.008606795676951884,0.002687183493827745,0.0,0.0,0.11188041310928878,0.08579084471314168,0.03340582887387915,0.040669108713123514,0.49149483414019274,222.49695576086174,0.005065075936379787,1.3835050374149909,-0.0008234141229900074,2100.0,0.01414024556914337,True,0.8336182534694672,0.11188041310928878,True,False,True,0.85,True,False,False,0,True,True,True,True,True,True,True,False,True,0,0,False,0,15,24,15,,,,False,False,False,
206,2026-08-12T14:30:35.996987,shadow,analysis_full,silero,webrtc,True,0.5462518930435181,True,True,True,1,False,True,False,0,0.0,,,,,,,,,,,,,0.01537272304419521,0.47710550599015655,0.4252703466158931,0.09762414732890011,,,,,,,,,,,,,,False,True,temporal_v1,False,0.000370880740632663,0.16075156576200417,3.8645970112737844,0.8253180428323609,77.33687808907614,1745.3488844217577,0.007334410806447296,0.0065375632574350235,0.0015007489793128909,0.0,0.0,0.11750900715853266,0.08378759099159479,0.03845044368740034,0.03544144944118749,0.41883472198962673,231.54249655367335,0.00651684702284874,1.3047601769580426,-0.0007759759225478592,2166.666666666667,0.01816883044080343,True,0.8336182534694672,0.11750900715853266,True,False,True,0.85,True,False,False,0,True,True,True,True,True,True,True,False,True,0,0,False,0,15,24,15,,,,False,False,False,
207,2026-08-12T14:30:36.000871,shadow,analysis_full,silero,webrtc,True,0.7038355469703674,True,True,True,1,False,True,False,0,0.0,,,,,,,,,,,,,0.27157767435822805,0.8689928319903748,0.0879929920891394,0.043014175916803635,,,,,,,,,,,,,,False,False,temporal_v1,False,0.0015732715395969199,0.14822546972860126,3.2413105538613576,0.9329565866932017,90.45002078241924,1309.7518101537737,0.2359990523459164,0.023896932151390434,0.011681689859921233,0.0,0.0,0.12283376518917084,0.09639280993774094,0.03672915100762041,0.027131040797716728,0.38834579034849004,186.66910667118242,0.012393691832657396,1.0452603287652529,-0.0006246503454314892,866.6666666666667,0.010617229999295721,True,0.81932732462883,0.12283376518917084,True,False,True,0.85,False,False,False,0,True,True,True,True,True,True,True,False,True,0,0,False,0,15,24,15,,,,False,False,False,
208,2026-08-12T14:30:36.012743,shadow,analysis_full,silero,webrtc,True,0.7038355469703674,True,True,True,1,False,True,False,0,0.0,,,,,,,,,,,,,1.7031312877131506,0.8741781084090079,0.09035690307069084,0.03546498851971398,,,,,,,,,,,,,,False,False,temporal_v1,False,0.0038552566194407526,0.09603340292275574,2.109737439927375,0.9289317872022878,98.21788976306713,1747.079430177195,1.4888400874652798,0.15388966868055803,0.060401531566312575,0.0,0.0,0.1267020539003485,0.10445071392525794,0.03519227179978064,0.026780989913694493,0.4878482631907708,188.9852257489261,0.022663688424812395,0.6378495924964122,-0.00037388568085958796,866.6666666666667,0.018464281682964306,True,0.7786427438259125,0.1267020539003485,True,False,True,0.85,False,False,False,0,True,True,True,True,True,True,True,True,True,0,0,False,0,15,24,15,,,,False,False,False,
209,2026-08-12T14:30:36.016122,shadow,analysis_full,silero,webrtc,True,0.880355954170227,True,True,True,1,False,True,False,0,0.0,,,,,,,,,,,,,2.121815751276637,0.8176191713932175,0.12464297793249808,0.057737850673813144,,,,,,,,,,,,,,False,False,temporal_v1,False,0.0043002907454062584,0.12108559498956159,2.2558429520447696,0.9089496540883995,99.07241670096857,1475.7182374153622,1.7348372364078812,0.2644694338632007,0.12250908100455513,0.0,0.0,0.13109188073202452,0.11161312455368946,0.03464768472852305,0.026028304593751484,0.5656074030294732,187.86645989848049,0.03192713304166921,1.1998985327838823,-0.0007128962058729566,1033.3333333333335,0.005341033719852569,True,0.7786427438259125,0.13109188073202452,True,False,True,0.85,True,False,False,0,True,True,True,True,True,True,True,True,True,0,0,False,0,15,24,15,,,,False,False,False,
210,2026-08-12T14:30:36.030305,shadow,analysis_full,silero,webrtc,True,0.8582614660263062,True,True,True,1,False,True,False,0,0.0,,,,,,,,,,,,,2.4173702968327535,0.8652430096430724,0.10224221999405843,0.03251477036245534,,,,,,,,,,,,,,False,False,temporal_v1,False,0.0045861647979787735,0.1127348643006263,2.2499327517992858,0.922349813664157,99.69503131603288,1497.5631006478857,2.091612751053339,0.2471573056958767,0.07860024008253749,0.0,0.0,0.13528765680174162,0.11796337177254944,0.03206447251733996,0.026780989913694493,0.6157760363715266,152.5680515787155,0.020724237283372103,1.013323962072137,-0.0005949243540339223,933.3333333333334,0.00649379073877979,True,0.7786427438259125,0.13528765680174162,True,False,True,0.85,False,False,False,0,True,True,True,True,True,True,True,True,True,0,0,False,0,15,24,15,,,,False,False,False,
211,2026-08-12T14:30:36.033687,shadow,analysis_full,silero,webrtc,True,0.8201929330825806,True,True,True,1,False,True,False,0,0.0,,,,,,,,,,,,,2.293949660796287,0.8499966949414268,0.1116304069660237,0.03837289809211356,,,,,,,,,,,,,,False,False,temporal_v1,False,0.004466093546333476,0.11691022964509394,1.4988980762583153,0.9164229149866279,99.43662758697212,1563.9276162576712,1.949849630038851,0.25607453419426157,0.0880254965621744,0.0,0.0,0.14135376634333371,0.12310344933852654,0.029344056601793428,0.026780989913694493,0.7784780736138212,151.51573333260856,0.01430241330728436,1.2299044619060757,-0.0007214633202239912,1000.0000000000001,0.0022971314774389655,True,0.7786427438259125,0.14135376634333371,True,False,True,0.85,True,False,False,0,True,True,True,True,True,True,True,True,True,0,0,False,0,15,24,15,,,,False,False,False,
212,2026-08-12T14:30:36.050348,shadow,analysis_full,silero,webrtc,True,0.8042305707931519,True,True,True,1,False,True,False,0,0.0,,,,,,,,,,,,,1.811235198921002,0.8398406978442304,0.11148002977427382,0.04867927238094369,,,,,,,,,,,,,,False,False,temporal_v1,False,0.003971230009077607,0.12526096033402923,2.112431013646518,0.9131585363848795,98.40102062544338,1694.642858666521,1.5211490334218478,0.20191655390392607,0.08816961159422819,0.0,0.0,0.14385563210199628,0.1226980879852054,0.026206943196068654,0.027140677682035926,0.799963061367448,151.41350636478916,0.006264533918090726,0.8222798750282757,-0.00048043313911228826,1000.0000000000001,0.012562858830742724,True,0.7752357423305511,0.14385563210199628,True,False,True,0.85,True,False,False,0,True,True,True,True,True,True,True,True,True,0,0,False,0,15,24,15,,,,False,False,False,
213,2026-08-12T14:30:36.061148,shadow,analysis_full,silero,webrtc,True,0.7973718047142029,True,True,True,1,False,True,False,0,0.0,,,,,,,,,,,,,2.0258867574658797,0.8723360601032434,0.07907954307218364,0.04858439682407939,,,,,,,,,,,,,,False,False,temporal_v1,False,0.004207150697483527,0.12317327766179541,2.4700660734938187,0.9183758410064182,98.92658473320833,1448.917495612162,1.7672540722231205,0.16020619909638947,0.09842648614536978,0.0,0.0,0.14710457035838764,0.1241323749383063,0.02516677756936956,0.02685655879615919,0.7619438696168098,156.60743031514795,0.00691298584142165,0.998674867451873,-0.0005996421814320634,866.6666666666667,0.007943436513486068,True,0.7718063592910767,0.14710457035838764,True,False,True,0.85,False,False,False,0,True,True,True,True,True,True,True,True,True,0,0,False,0,15,24,15,,,,False,False,False,
214,2026-08-12T14:30:36.065200,shadow,analysis_full,silero,webrtc,True,0.7233815789222717,True,True,True,1,False,True,False,0,0.0,,,,,,,,,,,,,1.3621605529307381,0.8313062438317589,0.10943139534964978,0.059262360817857095,,,,,,,,,,,,,,False,False,temporal_v1,False,0.0034441135344528764,0.11064718162839249,2.6317979255170476,0.9058028037447268,97.12869245559203,1406.8283380045712,1.1323725727526437,0.14906312999746116,0.08072485017963313,0.0,0.0,0.14046410033524687,0.11699413418665122,0.02511035658655782,0.02339322726986462,0.7180342328501806,156.43851256154497,0.0015310234646754076,1.329350346673026,-0.0007970294578929186,1166.6666666666667,0.0034753659963581186,True,0.7603766918182373,0.14046410033524687,True,False,True,0.85,True,False,False,0,True,True,True,True,True,True,True,True,True,0,0,False,0,15,24,15,,,,False,False,False,
215,2026-08-12T14:30:36.082729,shadow,analysis_full,silero,webrtc,True,0.6499568223953247,True,True,True,1,False,True,False,0,0.0,,,,,,,,,,,,,1.4520948319967388,0.8499320943397506,0.10171194098279632,0.048355964676764424,,,,,,,,,,,,,,False,False,temporal_v1,False,0.0035522806267466412,0.11482254697286012,2.349059730497901,0.9114471569244104,97.42448666085528,1466.5262546222286,1.2341820017389165,0.14769538385347583,0.07021744640334647,0.0,0.0,0.11390144473892004,0.097787706682723,0.01764066447150829,0.017774751445706297,0.6224871294796681,141.32318820937803,0.0032804372741225994,1.0205325856888565,-0.0005975711383000551,1000.0000000000001,0.005243623616271275,True,0.7603766918182373,0.11390144473892004,True,False,True,0.85,True,False,False,0,True,True,True,True,True,True,True,True,True,0,0,False,0,15,24,15,,,,False,False,False,
216,2026-08-12T14:30:36.085870,shadow,analysis_full,silero,webrtc,True,0.6378364562988281,True,True,True,1,False,True,False,0,0.0,,,,,,,,,,,,,1.3396065889180746,0.7870680151200081,0.15164326822539684,0.061288716653848524,,,,,,,,,,,,,,False,False,temporal_v1,False,0.0034144174280021887,0.1524008350730689,2.4385501477916085,0.8912338687609584,96.98322985404292,1525.3762355422912,1.0543614989814336,0.20314232127981252,0.08210276865582841,0.0,0.0,0.026361089345821508,0.0195451415578572,0.009534791502866832,0.016096832172193102,0.41850854732816245,122.8848831039173,0.002880129550329347,0.9704144944544262,-0.0005753055045625839,1933.3333333333335,0.0065849382381633495,True,0.7603766918182373,0.026361089345821508,True,False,False,0.85,True,False,False,0,True,True,True,True,True,True,True,True,True,0,0,False,0,15,24,15,,,,False,False,False,
217,2026-08-12T14:30:36.101122,shadow,analysis_full,silero,webrtc,True,0.6631748080253601,True,True,True,1,False,True,False,0,0.0,,,,,,,,,,,,,0.9678706612434993,0.7771914966265647,0.17613797273560194,0.0466705306368001,,,,,,,,,,,,,,False,True,temporal_v1,False,0.002903092418863553,0.14822546972860126,2.672177734479716,0.8945857075634321,95.59034669204343,1512.5062920695202,0.7522208477527781,0.17047877614169651,0.045171037348024703,0.0,0.0,0.032012869335331054,0.02730976581197749,0.00943192531964035,0.016096832172193102,0.318160485745527,102.63024944720921,0.0038123706538020405,0.8944129534525932,-0.0005289491886220171,1966.6666666666667,0.007611507001212002,True,0.7603766918182373,0.032012869335331054,True,False,False,0.85,True,False,False,0,True,True,True,True,True,True,True,True,True,0,0,False,0,15,24,15,,,,False,False,False,
218,2026-08-12T14:30:36.113680,shadow,analysis_full,silero,webrtc,True,0.7758068442344666,True,True,True,1,False,True,False,0,0.0,,,,,,,,,,,,,0.30853154141554956,0.828516856898674,0.12543030894555876,0.046052834152526125,,,,,,,,,,,,,,False,False,temporal_v1,False,0.0016438924328888947,0.11482254697286012,2.6631116439676856,0.9195646793480224,90.76899889764037,1440.6835646772467,0.2556235829477142,0.03869920655920184,0.014208751907633549,0.0,0.0,0.02946387610382393,0.026034800812056696,0.008553151928402057,0.013885836449533104,0.3317675813174249,76.93564460605532,0.00810583803367237,0.9550605081870989,-0.0005654304155528989,1566.6666666666667,0.007261220900937547,True,0.7865893244743347,0.02946387610382393,True,False,False,0.85,True,False,False,0,True,True,True,True,True,True,True,True,True,0,0,False,0,15,24,15,,,,False,False,False,
219,2026-08-12T14:30:36.130472,shadow,analysis_full,silero,webrtc,True,0.7919927835464478,True,True,True,1,False,True,False,0,0.0,,,,,,,,,,,,,0.04197024623178336,0.7536499946407541,0.23073277781934842,0.015617227516071034,,,,,,,,,,,,,,False,True,temporal_v1,False,0.0006120905517168759,0.12943632567849686,2.9944300739999425,0.9203734813304404,82.18154770700451,1301.983082198327,0.03163087584765466,0.009683911498821415,0.0006554588843072837,0.0,0.0,0.037671952056358426,0.04246433261963127,0.012535204885950023,0.013935965986036442,0.38417829213771953,97.9436162568097,0.006276612249897774,1.366610410251098,-0.0008237294805017812,1766.6666666666667,0.004818023704577074,True,0.7838998138904572,0.037671952056358426,True,False,False,0.85,True,False,False,0,True,True,True,True,True,True,True,True,True,0,0,False,0,15,24,15,,,,False,False,False,
220,2026-08-12T14:30:36.142317,shadow,analysis_full,silero,webrtc,True,0.856827437877655,True,True,True,1,False,True,False,0,0.0,,,,,,,,,,,,,0.03356036955023688,0.7758039038787441,0.2077556336758481,0.016440462415610726,,,,,,,,,,,,,,False,False,temporal_v1,False,0.000542517116018784,0.13778705636743216,2.4238034032353255,0.9155529289202161,81.10768227475032,1633.0143573203318,0.026036265712687107,0.006972355842305101,0.0005517479942446762,0.0,0.0,0.03779348006535665,0.0471216126417934,0.014800168370117682,0.013785030496216434,0.3805463395651275,107.51867047917557,0.0078076088131571715,0.8781073781857834,-0.000524097160711411,1966.6666666666667,0.013673473770900052,True,0.7838998138904572,0.03779348006535665,True,False,False,0.85,True,False,False,0,True,True,True,True,True,True,True,True,True,0,0,False,0,15,24,15,,,,False,False,False,
221,2026-08-12T14:30:36.157701,shadow,analysis_full,silero,webrtc,True,0.8844977617263794,True,True,True,1,False,True,False,0,0.0,,,,,,,,,,,,,0.013523710995586793,0.7738569545333007,0.1761229513280811,0.05002009406467404,,,,,,,,,,,,,,False,True,temporal_v1,False,0.0003472837717456242,0.1524008350730689,3.011105264332502,0.8846015922235929,77.06241177706804,1921.5745503555875,0.010465417805033309,0.002381835893450768,0.000676457296102718,0.0,0.0,0.03796040480758528,0.04714196323918569,0.014853716446757181,0.015142536789802583,0.26533458259808407,166.388101152973,0.006300187505232574,0.8813717416691661,-0.0005435975039574201,1966.6666666666667,0.03086919422462205,True,0.7838998138904572,0.03796040480758528,True,False,False,0.85,True,False,False,0,True,True,True,True,True,True,True,False,True,0,0,False,0,15,24,15,,,,False,False,False,
222,2026-08-12T14:30:36.172943,shadow,analysis_full,silero,webrtc,True,0.799094557762146,True,True,True,1,False,True,False,0,0.0,,,,,,,,,,,,,0.005789881186438487,0.5137378284413306,0.3342616319467048,0.1520005394392495,,,,,,,,,,,,,,False,True,temporal_v1,False,0.0002333894662235979,0.2359081419624217,3.8355377864940987,0.7409785071608304,72.79759497609852,2324.9655856807635,0.0029744809876542234,0.0019353351341564518,0.0008800650636278119,0.0,0.0,0.0948534434697631,0.07147507320687382,0.03572245605373529,0.034733418527073776,0.42147390519131417,289.0363814633601,0.004080189364205196,0.8261842953375431,-0.00050589354616622,2933.3333333333335,0.07306479703412018,True,0.7838998138904572,0.0948534434697631,True,False,True,0.85,True,False,False,0,True,True,True,True,True,True,True,False,True,0,0,False,0,15,24,15,,,,False,False,False,
223,2026-08-12T14:30:36.185440,shadow,analysis_full,silero,webrtc,True,0.7290822863578796,True,True,True,1,False,True,False,0,0.0,,,,,,,,,,,,,0.010057447475694505,0.7112879056339503,0.20453030060696206,0.08418179365965892,,,,,,,,,,,,,,False,True,temporal_v1,False,0.0003027828608307387,0.18997912317327767,3.302911003464995,0.8336425790814954,75.60262262986812,2141.9502154816705,0.007153740751010204,0.002057052755542529,0.0008466539681417722,0.0,0.0,0.09077148243507183,0.06529310201698277,0.036722293336903446,0.036837987474092324,0.4400128094820999,325.68663028766923,0.005316868360969952,0.7622567789332266,-0.0004566117392781825,2000.0000000000002,0.044527959098479536,True,0.7524445652961731,0.09077148243507183,True,False,True,0.85,True,False,False,0,True,True,True,True,True,False,True,False,True,0,0,False,0,15,24,15,,,,False,False,False,
224,2026-08-12T14:30:36.192603,shadow,analysis_full,silero,webrtc,True,0.7290822863578796,True,True,True,1,False,True,False,0,0.0,,,,,,,,,,,,,0.006074037900065409,0.7697953552400556,0.17109315161189892,0.05911149298341032,,,,,,,,,,,,,,False,True,temporal_v1,False,0.00023508946590974341,0.14613778705636743,3.1105052646845004,0.8797351188327263,73.60642899367156,1877.12915356558,0.004675766163022413,0.0010392262873323112,0.0003590454487106848,0.0,0.0,0.08778186367578072,0.06093609631744163,0.03672179810636018,0.03465113033893041,0.4416382088442092,318.52092099453586,0.003923030464674473,0.9260162269664406,-0.0005605379765785462,1966.6666666666667,0.028418180336743457,True,0.7524445652961731,0.08778186367578072,True,False,True,0.85,True,False,False,0,True,True,True,True,True,False,True,False,True,0,0,False,0,15,24,15,,,,False,False,False,
225,2026-08-12T14:30:36.213855,shadow,analysis_full,silero,webrtc,True,0.7616791129112244,True,True,True,1,False,True,False,0,0.0,,,,,,,,,,,,,0.002442538143416189,0.8043341482683274,0.15515848362336998,0.04050736769889242,,,,,,,,,,,,,,False,False,temporal_v1,False,0.00015002935206493025,0.12317327766179541,3.055631491030936,0.909788370285944,69.73276956793045,1652.1060847448382,0.001964616837197562,0.00037898051452469727,9.894079069392959e-05,0.0,0.0,0.08377759995632572,0.055213731610902386,0.037001784571804176,0.03383141140743388,0.406115637042661,308.7859258453517,0.0027194706293463987,1.3670283139098802,-0.0008550627686030478,1566.6666666666667,0.01071371905038186,True,0.7687429785728455,0.08377759995632572,True,False,True,0.85,True,False,False,0,True,True,True,True,True,False,True,False,True,0,0,False,0,15,24,15,,,,False,False,False,
226,2026-08-12T14:30:36.230456,shadow,analysis_full,silero,webrtc,True,0.6898394823074341,True,True,False,1,False,True,False,0,0.0,,,,,,,,,,,,,0.0028410277815998208,0.6484629853856494,0.2359973442744806,0.11553966998788462,,,,,,,,,,,,,,False,True,temporal_v1,False,0.00016336187315596143,0.18997912317327767,3.3969486735641814,0.8118859130866439,70.01001452343867,2083.22539801931,0.0018423013568197885,0.0006704750114675768,0.0003282514123124552,0.0,0.0,0.0877892766201936,0.0546479945266477,0.04096948320379823,0.03559422427378791,0.38654111464153246,316.5081809304873,0.0047612650976960776,0.9922414796656008,-0.0006069175286168278,2133.3333333333335,0.03903992369137237,True,0.7687429785728455,0.0877892766201936,True,False,True,0.85,True,False,False,0,True,False,True,False,True,False,True,False,True,0,1,False,0,15,24,15,,,,False,False,False,
227,2026-08-12T14:30:36.242604,shadow,analysis_full,silero,webrtc,True,0.6854981184005737,True,True,False,1,False,True,False,0,0.0,,,,,,,,,,,,,0.005634684253699296,0.5707453195526634,0.26828628538764726,0.1609683948822171,,,,,,,,,,,,,,False,True,temporal_v1,False,0.00022637895331690822,0.21711899791231734,4.011961294980474,0.7834152060780681,72.76920893010099,2112.936069868769,0.0032159696649559652,0.0015117085077572515,0.000907006079986079,0.0,0.0,0.0991368249161343,0.0572635602160119,0.04989782774222332,0.039701116173753034,0.4589471899054068,315.32712870367254,0.00596714459912042,0.8401225553826421,-0.0004996786939654964,2966.666666666667,0.07308464293971244,True,0.7687429785728455,0.0991368249161343,True,False,True,0.85,True,False,False,0,True,False,True,False,True,False,True,False,True,0,2,False,0,15,24,15,,,,False,False,False,
228,2026-08-12T14:30:36.263726,shadow,analysis_full,silero,webrtc,False,0.49145880341529846,True,True,False,1,False,True,False,0,0.0,,,,,,,,,,,,,0.004205903123979778,0.5958935962367347,0.31288345071464585,0.09122295281085831,,,,,,,,,,,,,,False,True,temporal_v1,False,0.00019475023328895545,0.1941544885177453,3.7080873469781164,0.8376424793655122,71.72190392771127,1824.0740231174368,0.002506270737971627,0.001315957482802302,0.00038367490220584885,0.0,0.0,0.09704581339577925,0.0568849824137343,0.04919909586479411,0.03697969073149817,0.4480611362876556,285.2271497876524,0.004626550932494176,1.3722066181088566,-0.0008305898577453445,2133.3333333333335,0.016144879571201472,True,0.745380699634552,0.09704581339577925,True,False,True,0.85,True,False,False,0,True,False,True,False,True,False,True,False,True,0,3,False,0,15,24,15,,,,False,False,False,
229,2026-08-12T14:30:36.275959,shadow,analysis_full,silero,webrtc,False,0.36632058024406433,True,True,False,1,False,True,False,0,0.0,,,,,,,,,,,,,0.0027360061186810485,0.5452639097361357,0.40585390213945083,0.04888218775891716,,,,,,,,,,,,,,False,True,temporal_v1,False,0.00015815673880110654,0.18162839248434237,3.6868432363809642,0.8444926238943791,69.88810090668751,1734.436674577718,0.0014918453933340182,0.001110418759544117,0.0001337419648029132,0.0,0.0,0.1036657233380665,0.077670867099493,0.04584077662178447,0.03424117811984128,0.4512830263285388,218.08680574544343,0.006064183780556938,1.1331838914189103,-0.0006770202086266439,2100.0,0.02271168764432012,True,0.7290822863578796,0.1036657233380665,True,False,True,0.85,True,False,False,0,True,False,True,False,True,False,True,False,True,0,4,False,0,15,24,15,,,,False,False,False,
230,2026-08-12T14:30:36.293836,shadow,analysis_full,silero,webrtc,False,0.25682058930397034,True,True,False,1,False,True,False,0,0.0,,,,,,,,,,,,,0.0024236719165504454,0.7179421323793314,0.24082704563811688,0.04123082156995451,,,,,,,,,,,,,,False,True,temporal_v1,False,0.00014983964472555666,0.12317327766179541,3.373166393066856,0.9080325941375836,69.71302761909558,1540.9817364917694,0.0017400561839561277,0.0005836857472589163,9.992998433540108e-05,0.0,0.0,0.09916716278734122,0.07661814195258315,0.04280416196377488,0.03613561005998966,0.3287709158890084,231.94954271171633,0.007077978043581739,1.3136810288677025,-0.000787086612063131,1366.6666666666667,0.01472883452252125,True,0.7094608843326569,0.09916716278734122,True,False,True,0.85,True,False,False,0,True,False,True,False,True,False,True,False,True,0,5,False,0,15,24,15,,,,False,False,False,
231,2026-08-12T14:30:36.309527,shadow,analysis_full,silero,webrtc,False,0.1707417368888855,True,True,False,1,False,True,False,0,0.0,,,,,,,,,,,,,0.0026357056028755476,0.5372593587010334,0.4315413781003839,0.0311992628191777,,,,,,,,,,,,,,False,True,temporal_v1,False,0.00015785184228707595,0.1315240083507307,3.4934806020327085,0.9066964117747633,70.17907121399655,1479.503633913254,0.0014160575019256372,0.001137416028131817,8.223207181809342e-05,0.0,0.0,0.0986274417084171,0.08911948809115004,0.044647084047304206,0.03795910037851176,0.2945506769710514,267.14803766855385,0.006648824165627324,1.3884217484463706,-0.0008369924122721001,1233.3333333333335,0.011765284078133325,True,0.6876688003540039,0.0986274417084171,True,False,True,0.85,True,False,False,0,True,False,True,False,True,False,True,False,True,0,6,False,0,15,24,15,,,,False,False,False,
232,2026-08-12T14:30:36.325892,shadow,analysis_full,silero,webrtc,False,0.11012037098407745,True,True,False,1,False,True,False,0,0.0,,,,,,,,,,,,,0.0030615427348042296,0.6803681451698539,0.2605049119106513,0.05912694259286216,,,,,,,,,,,,,,False,True,temporal_v1,False,0.00017067471826605023,0.14613778705636743,3.8536441192783593,0.8944558893365837,70.82465935010381,1612.7731863596323,0.0020829761518369955,0.0007975469204408702,0.0001810196615263639,0.0,0.0,0.0892714754137164,0.08702349863577441,0.03845017138721899,0.03227546608240285,0.29667103886679197,230.71366962714018,0.004147489637449914,1.1041093895606702,-0.0006551927501003082,1500.0,0.03200820364468514,True,0.5884784609079361,0.0892714754137164,True,False,True,0.85,True,False,False,0,True,False,True,False,True,False,True,False,True,0,7,False,0,15,24,15,,,,False,False,False,
233,2026-08-12T14:30:36.342830,shadow,analysis_full,silero,webrtc,False,0.07724133878946304,True,True,False,1,True,True,False,1,0.0,,,,,,,,,,,,,0.0010068686602387393,0.6235025762859423,0.3152850293990153,0.06121239332186438,,,,,,,,,,,,,,False,True,temporal_v1,False,0.00010038547245066498,0.14822546972860126,3.5488093762793165,0.8879744845834925,65.88102347771897,1604.6692415977548,0.000627785203640429,0.00031745061514431807,6.163284045399234e-05,0.0,0.0,0.0879190311387899,0.08518439885152528,0.03841141320108957,0.03137155687607898,0.2894761075359156,207.60477925284823,0.0055095312755761,1.410805593166373,-0.0008460026114008556,1533.3333333333335,0.012110424034990713,True,0.4288896918296814,0.0879190311387899,True,True,True,0.85,True,True,True,1,True,False,True,False,True,False,True,False,True,0,8,True,1,15,24,15,,,,False,False,False,
234,2026-08-12T14:30:36.359686,shadow,analysis_full,silero,webrtc,False,0.05457335337996483,True,True,False,1,True,True,False,1,0.0,,,,,,,,,,,,,0.0030457037885546134,0.67211166573335,0.2678077476596411,0.060080586278677496,,,,,,,,,,,,,,False,True,temporal_v1,False,0.00016945792468105755,0.1524008350730689,3.892673560722684,0.8928381574833198,70.75251794484069,1542.5984701261527,0.002047053046655816,0.0008156630716512468,0.00018298766924755038,0.0,0.0,0.07896561221744548,0.07743777401988379,0.03838276078444949,0.03114777770615159,0.27237327432058717,211.6886505707041,0.00514748457958162,1.429606446836715,-0.0008461886658443377,1700.0000000000002,0.014291312691885607,True,0.31157058477401733,0.07896561221744548,True,True,True,0.85,True,True,True,2,True,False,True,False,True,False,True,False,True,0,9,True,2,15,24,15,,,,False,False,False,
235,2026-08-12T14:30:36.375922,shadow,analysis_full,silero,webrtc,False,0.040177762508392334,True,True,False,1,True,True,False,1,0.0,,,,,,,,,,,,,0.0017010916396661547,0.709973381644023,0.2314975996585295,0.05852901810958977,,,,,,,,,,,,,,False,True,temporal_v1,False,0.0001304627525376164,0.13569937369519833,3.7549323327024484,0.8976686540734886,68.39516606531427,1506.0585132592473,0.0012077297839001558,0.00039379863138190704,9.956322338409213e-05,0.0,0.0,0.06267229427890643,0.0668677821988624,0.03731717576541145,0.02983560765753628,0.20436861568182718,220.63055220703387,0.0032040715965754,1.8764898322126269,-0.0011606010611485513,1566.6666666666667,0.005007745600969477,True,0.21378116309642792,0.06267229427890643,True,True,True,0.85,True,True,True,3,True,False,True,False,True,False,True,False,False,0,0,True,3,15,24,24,,,,False,False,False,
236,2026-08-12T14:30:36.392516,shadow,analysis_full,silero,webrtc,False,0.03030848130583763,True,True,False,1,True,True,False,1,0.0,,,,,,,,,,,,,0.00131815881910548,0.6980747750663717,0.25328788256568796,0.048637341609306384,,,,,,,,,,,,,,False,True,temporal_v1,False,0.00011338355303753643,0.13987473903966596,3.7322908333315783,0.9033329808090593,67.11520452860843,1534.0664609148353,0.0009201734211488122,0.00033387365617651476,6.411174078015313e-05,0.0,0.0,0.06581049494676934,0.06547583964214934,0.03497881447704973,0.028909694151338223,0.1828564859708463,184.88493984822102,0.004723823051321601,1.2615616208743015,-0.0007498984611510317,1466.6666666666667,0.018771651355127705,True,0.14043105393648148,0.06581049494676934,True,True,True,0.85,True,True,True,4,True,False,True,False,True,False,True,False,False,0,0,True,4,15,24,24,,,,False,False,False,
237,2026-08-12T14:30:36.409195,shadow,analysis_full,silero,webrtc,False,0.028544673696160316,True,True,False,1,True,True,False,1,0.0,,,,,,,,,,,,,0.0013034040292847593,0.6103267400250862,0.3317528027858363,0.05792045642185566,,,,,,,,,,,,,,False,True,temporal_v1,False,0.00011331587651287936,0.15866388308977036,3.7672900480593845,0.8908963096986424,67.04933182036359,1558.249524592849,0.0007955023321289292,0.0004324079398775711,7.549375627825897e-05,0.0,0.0,0.06294812585530861,0.06528836753275019,0.014973417391480694,0.02098510542485021,0.15437666101469855,102.12169845142603,0.003943851781536794,1.5490042568047413,-0.0009311136709538337,1533.3333333333335,0.011012841634066904,True,0.09368085488677025,0.06294812585530861,True,True,True,0.85,True,True,True,5,True,False,True,False,True,False,True,False,False,0,0,True,5,15,24,24,,,,False,False,False,
238,2026-08-12T14:30:36.430309,shadow,analysis_full,silero,webrtc,False,0.023055896162986755,True,True,False,1,True,True,False,1,0.0,,,,,,,,,,,,,0.0026739805929947196,0.7204334717600936,0.2178017531978873,0.061764774668044725,,,,,,,,,,,,,,False,True,temporal_v1,False,0.0001627215259517811,0.16075156576200417,3.8633456637575754,0.9031187945918442,70.4365705030341,1549.5091171314957,0.0019264251220302998,0.0005823976611713762,0.00016515780879304348,0.0,0.0,0.06544391079096368,0.0702044552940158,0.009676228817459566,0.015921232538570033,0.1638259505269137,67.56705007221781,0.0036424224397610936,1.2478758034075912,-0.000741351076724091,1566.6666666666667,0.024081032245768186,True,0.06590734608471394,0.06544391079096368,True,True,True,0.85,True,True,True,6,True,False,True,False,True,False,True,False,False,0,0,True,6,15,24,24,,,,False,False,False,
239,2026-08-12T14:30:36.442468,shadow,analysis_full,silero,webrtc,False,0.020261727273464203,True,True,False,1,True,True,False,1,0.0,,,,,,,,,,,,,0.0006677651046526023,0.7131759520152863,0.22218393889429397,0.06464010759288709,,,,,,,,,,,,,,False,True,temporal_v1,False,8.373004668755046e-05,0.17118997912317327,3.7520190305158168,0.887898765721118,64.09024892870745,1569.7227848574214,0.0004762340142332069,0.0001483666812078756,4.316440821151972e-05,0.0,0.0,0.05702527775654226,0.06257240955125609,0.010170849938250742,0.013881127523907548,0.16460088087825453,38.310201450932816,0.003831752423355466,1.416984782917331,-0.0008477150822933484,1766.6666666666667,0.013121093948137921,True,0.04737555794417858,0.05702527775654226,True,True,True,0.85,True,True,True,7,True,False,True,False,True,False,True,False,False,0,0,True,7,15,24,24,,,,False,False,False,
240,2026-08-12T14:30:36.464412,shadow,analysis_full,silero,webrtc,False,0.020261727273464203,True,True,False,1,True,True,False,1,0.0,,,,,,,,,,,,,0.0004152601543426,0.580495411452923,0.34678829165214714,0.0727162944868009,,,,,,,,,,,,,,False,True,temporal_v1,False,6.931650233190727e-05,0.15657620041753653,3.921340215015157,0.8615771224332577,61.97388787611915,1647.821861633637,0.00024105661415511193,0.0001440073595156772,3.0196179671810897e-05,0.0,0.0,0.059899575173523005,0.06445109636420712,0.010465352448838026,0.011640586103925385,0.13400976642198736,48.02387200670697,0.0040075527385770564,1.4660065992796085,-0.0008785239574448211,1966.6666666666667,0.01383813357217269,True,0.03524312190711498,0.059899575173523005,True,True,True,0.85,True,True,True,8,True,False,True,False,True,False,True,False,False,0,0,True,8,15,24,24,,,,False,False,False,
241,2026-08-12T14:30:36.480354,shadow,analysis_full,silero,webrtc,False,0.019132031127810478,True,True,False,1,False,True,False,0,0.0,,,,,,,,,,,,,0.0005759156269234389,0.6057598781875981,0.3080012027438075,0.08623891733222888,,,,,,,,,,,,,,False,True,temporal_v1,False,7.946963553938687e-05,0.17745302713987474,3.978007502795877,0.8615353460690407,63.425763764833846,1679.1378652952774,0.0003488665800114766,0.0001773827057713731,4.966634014058922e-05,0.0,0.0,0.04902112414381,0.04446445453195035,0.00957805166976714,0.012437053034326913,0.11599966176028798,51.56855455423943,0.0038736740842586184,1.2968276004577994,-0.0007729709475851092,2033.3333333333335,0.021866837665499232,True,0.029426577500998974,0.04902112414381,True,True,False,0.85,True,False,False,0,True,False,True,False,True,False,True,False,False,0,0,False,0,15,24,24,,,,False,False,False,
242,2026-08-12T14:30:36.496949,shadow,analysis_full,silero,webrtc,False,0.01715858280658722,True,True,False,1,True,True,False,1,0.0,,,,,,,,,,,,,0.00045929685756017894,0.7031942397113389,0.24318061093876664,0.053625147172653403,,,,,,,,,,,,,,False,True,temporal_v1,False,7.202135170284638e-05,0.1315240083507307,3.6996905498380266,0.8984967483533051,62.571035707549285,1622.971475750748,0.0003229749045538371,0.00011169209042373999,2.4629861582601824e-05,0.0,0.0,0.050363238120115214,0.045343407959422884,0.00994084946762271,0.0141038377904422,0.11889272661639853,52.29323752180163,0.004026554637070502,0.9510822897768226,-0.0005701608445440876,1700.0000000000002,0.037569633454915874,True,0.025800284929573536,0.050363238120115214,True,True,True,0.85,True,True,True,1,True,False,True,False,True,False,True,False,False,0,0,True,1,15,24,24,,,,False,False,False,
243,2026-08-12T14:30:36.518530,shadow,analysis_full,silero,webrtc,False,0.018156031146645546,True,True,False,1,True,True,False,1,0.0,,,,,,,,,,,,,0.0011539428248586489,0.7265182594962003,0.22820308915926452,0.04527865047794111,,,,,,,,,,,,,,False,True,temporal_v1,False,0.00010785910980267436,0.12734864300626306,3.6978381017727866,0.9099360631159766,66.67426781103666,1496.8967069698117,0.0008383605326744343,0.0002633333173459118,5.2248973838302775e-05,0.0,0.0,0.05160682556597976,0.04489186476500244,0.011220056572045214,0.016095478302627458,0.09441652054741471,57.272194023535235,0.004812834310383153,1.4525967820391317,-0.0008709964380412713,1466.6666666666667,0.012352206900830914,True,0.02165881171822548,0.05160682556597976,True,True,True,0.85,True,True,True,2,True,False,True,False,True,False,True,False,False,0,0,True,2,15,24,24,,,,False,False,False,
244,2026-08-12T14:30:36.531347,shadow,analysis_full,silero,webrtc,False,0.016122400760650635,True,True,False,1,True,True,False,1,0.0,,,,,,,,,,,,,0.0006538669610685676,0.7723282147559053,0.19145995548667674,0.03621182822805494,,,,,,,,,,,,,,False,True,temporal_v1,False,8.285066044866483e-05,0.12108559498956159,3.5284463023800616,0.9178802323958736,64.12723191586039,1448.5133971191958,0.0005049999027299559,0.00012518933926039655,2.3677718078215257e-05,0.0,0.0,0.05940698824803713,0.04997785637460609,0.013464093773620034,0.01842490844569771,0.12056563089160514,67.86481323960321,0.0042481095779810536,1.3875980654927538,-0.00083173319511938,1333.3333333333335,0.010108508296829032,True,0.020261727273464203,0.05940698824803713,True,True,True,0.85,True,True,True,3,True,False,True,False,True,False,True,False,False,0,0,True,3,15,24,24,,,,False,False,False,
245,2026-08-12T14:30:36.547176,shadow,analysis_full,silero,webrtc,False,0.013134059496223927,True,True,False,1,True,True,False,1,0.0,,,,,,,,,,,,,0.0004781976574578647,0.6961253428256069,0.2594686376096006,0.04440601747360705,,,,,,,,,,,,,,False,True,temporal_v1,False,7.463263028122471e-05,0.12734864300626306,3.6100914545608527,0.9030497316895694,62.973302846702126,1577.5509502321236,0.0003328855082362582,0.00012407729468869461,2.1234853532911897e-05,0.0,0.0,0.05894566097820074,0.04922610008744527,0.014117721975210235,0.01913962151930926,0.12979503202931622,65.38993128567263,0.00713706686255235,1.08532415439734,-0.0006490494121741647,1666.6666666666667,0.026664354549413818,True,0.01969687920063734,0.05894566097820074,True,True,True,0.85,True,True,True,4,True,False,True,False,True,False,True,False,False,0,0,True,4,15,24,24,,,,False,False,False,
246,2026-08-12T14:30:36.569247,shadow,analysis_full,silero,webrtc,False,0.013255706056952477,True,True,False,1,True,True,False,1,0.0,,,,,,,,,,,,,0.000493814298179904,0.6934484094153371,0.25416668876856485,0.05238489979104537,,,,,,,,,,,,,,False,True,temporal_v1,False,7.505679849022101e-05,0.14822546972860126,3.7315996623269267,0.9035285497787104,63.03586001602624,1574.6016985604995,0.00034243473961940546,0.00012551114503495895,2.586841252553967e-05,0.0,0.0,0.05884079236474761,0.04921444200506782,0.013935503092674134,0.018984142386320235,0.12980730907723895,64.38184641101365,0.005860840363941366,1.0137895166949702,-0.0006028460792128602,1400.0,0.03005073600647978,True,0.018644031137228012,0.05884079236474761,True,True,True,0.85,True,True,True,5,True,False,True,False,True,False,True,False,False,0,0,True,5,15,24,24,,,,False,False,False,
247,2026-08-12T14:30:36.581173,shadow,analysis_full,silero,webrtc,False,0.01887691020965576,True,True,False,1,True,True,False,1,0.0,,,,,,,,,,,,,0.0005453964432598545,0.7344783326313619,0.19348166808747752,0.07203999744763187,,,,,,,,,,,,,,False,True,temporal_v1,False,7.940835654329307e-05,0.17118997912317327,3.681062854395909,0.871586388133695,63.467881785527574,1907.8773532924447,0.0004005818702685731,0.00010552421361089392,3.929035838038742e-05,0.0,0.0,0.05536524569327201,0.046549008139176125,0.014603947163271727,0.020029789400339906,0.13155447612942148,118.95498059454405,0.003712752679639136,0.9197690243686406,-0.0005713473854621851,1900.0000000000002,0.05362006309185884,True,0.018516470678150654,0.05536524569327201,True,True,True,0.85,True,True,True,6,True,False,True,False,True,False,True,False,False,0,0,True,6,15,24,24,,,,False,False,False,
248,2026-08-12T14:30:36.600000,shadow,analysis_full,silero,webrtc,False,0.05725233256816864,True,True,False,1,True,True,False,1,0.0,,,,,,,,,,,,,0.0004946892472497724,0.6334579343129081,0.21590803697649813,0.15063402668912262,,,,,,,,,,,,,,False,True,temporal_v1,False,7.673747801370999e-05,0.22964509394572025,3.837471587610916,0.7391354634350371,62.39703468461046,2398.671541304305,0.00031336482868964826,0.00010680738428707988,7.45170332730442e-05,0.0,0.0,0.05741678739680292,0.046668963726751035,0.031216106374643345,0.031409739114580816,0.1294657135837713,263.0688208021406,0.006531782813970657,0.7463199158751199,-0.000462077609408682,3400.0000000000005,0.10795189254005448,True,0.018516470678150654,0.05741678739680292,True,True,True,0.85,True,True,True,7,True,False,True,False,True,False,True,False,False,0,0,True,7,15,24,24,,,,False,False,False,
249,2026-08-12T14:30:36.612805,shadow,analysis_full,silero,webrtc,False,0.07886337488889694,True,True,False,1,True,True,False,1,0.0,,,,,,,,,,,,,0.0009135112276728135,0.5761493907253366,0.3289410639230229,0.0949095442569633,,,,,,,,,,,,,,False,True,temporal_v1,False,9.788795350006328e-05,0.1732776617954071,3.7913323089086925,0.8348026802251819,65.36957172092332,1968.2556798861947,0.0005263189372444457,0.0003004913551363221,8.670093429204577e-05,0.0,0.0,0.06510758142605924,0.051857058707694276,0.03221289611927746,0.0315157118311509,0.13025142108837398,271.520631883063,0.0073656738259120745,1.071822034945508,-0.0006538452378691265,2133.3333333333335,0.03977935088040853,True,0.018516470678150654,0.06510758142605924,True,True,True,0.85,True,True,True,8,True,False,True,False,True,False,True,False,False,0,0,True,8,15,24,24,,,,False,False,False,
250,2026-08-12T14:30:36.625503,shadow,analysis_full,silero,webrtc,False,0.03310101479291916,True,True,False,1,True,True,False,1,0.0,,,,,,,,,,,,,0.0010441321542585225,0.7048223603038305,0.24633411614335932,0.04884352259507692,,,,,,,,,,,,,,False,True,temporal_v1,False,0.0001024359172446712,0.14613778705636743,3.308547825371947,0.8942561524868786,66.10617672136618,1653.6421070584838,0.0007359276894336151,0.00025720537135613485,5.0999092468772484e-05,0.0,0.0,0.05787905325935803,0.042339359354360236,0.03286374412051424,0.03166402837519299,0.17169506195602266,271.3452547331002,0.006779646704414099,1.068768314407217,-0.0006394071101167765,1366.6666666666667,0.023937649507951846,True,0.018516470678150654,0.05787905325935803,True,True,True,0.85,True,True,True,9,True,False,True,False,True,False,True,False,False,0,0,True,9,15,24,24,,,,False,False,False,
251,2026-08-12T14:30:36.630566,shadow,analysis_full,silero,webrtc,True,0.7225121855735779,True,True,True,1,False,True,False,0,0.0,,,,,,,,,,,,,0.26411036998731935,0.9467689172874062,0.04240023244352414,0.010830850265283602,,,,,,,,,,,,,,False,False,temporal_v1,False,0.001530434770729689,0.05010438413361169,2.1220751814191363,0.968685810655147,90.37246826684296,1322.2912389296216,0.2500514890372706,0.011198341078207502,0.002860539870841308,0.0,0.0,0.09185240897640781,0.06997594590624687,0.03638163568030632,0.043572593157047604,0.4808797549556087,298.19369817727744,0.028311061335259572,0.7393881999544264,-0.00045489766691011037,633.3333333333334,0.013090746551587179,True,0.018516470678150654,0.09185240897640781,True,True,True,0.85,False,False,False,0,True,True,True,True,True,True,True,False,False,1,0,False,0,15,24,24,,,,False,False,False,
252,2026-08-12T14:30:36.646968,shadow,analysis_full,silero,webrtc,True,0.8729366064071655,True,True,True,1,False,True,False,0,0.0,,,,,,,,,,,,,0.32067013624288226,0.9062567668781538,0.08379710797406668,0.009946125144661009,,,,,,,,,,,,,,False,False,temporal_v1,False,0.0016904612347332035,0.054279749478079335,1.592205719774099,0.966299073420802,91.22563354948964,1265.0016782775292,0.2906094809058516,0.02687123003080348,0.003189425305227203,0.0,0.0,0.10731751441858044,0.08034480768882848,0.039484502319075104,0.051053979892315096,0.7396988923432805,325.20977606707976,0.02681338421947543,0.8455494488149577,-0.0005172519092447178,600.0,0.005283875952633578,True,0.02598896250128746,0.10731751441858044,True,True,True,0.85,False,False,False,0,True,True,True,True,True,True,True,False,False,2,0,False,0,15,24,24,,,,False,False,False,
253,2026-08-12T14:30:36.646968,shadow,analysis_full,silero,webrtc,True,0.847696840763092,True,True,True,1,False,True,False,0,0.0,,,,,,,,,,,,,0.30659515994286757,0.9419018383247983,0.052274021874865316,0.005824139797074714,,,,,,,,,,,,,,False,False,temporal_v1,False,0.00164291828162262,0.07515657620041753,2.16736775642702,0.964654809697825,90.97138693304126,1454.7892797676807,0.28878254477167253,0.01602696209758129,0.0017856530726137422,0.0,0.0,0.12309735840927502,0.09167287190986419,0.04228539730308994,0.0541305964232416,0.7957064277269781,327.575558003798,0.011891923016064143,0.5733289280522589,-0.00035528866685646354,766.6666666666667,0.017064658352187283,True,0.0451766736805439,0.12309735840927502,True,True,True,0.85,False,False,False,0,True,True,True,True,True,True,True,False,False,3,0,False,0,15,24,24,,,,False,False,False,
254,2026-08-12T14:30:36.670509,shadow,analysis_full,silero,webrtc,True,0.8414900302886963,True,True,True,1,False,True,False,0,0.0,,,,,,,,,,,,,0.1680505237579752,0.9087941613808234,0.08847500666141893,0.0027308319518071634,,,,,,,,,,,,,,False,False,temporal_v1,False,0.0012126980632840483,0.07515657620041753,2.5561967502142395,0.9672493198987411,88.34456145012341,982.6933089561559,0.1527233348082372,0.014868271208941795,0.0004589177397962075,0.0,0.0,0.13095740670888742,0.09624418029669739,0.044706844605834566,0.0565561674429632,0.8013177582206896,382.45167021828803,0.011896404169171461,1.1714570161123312,-0.000707664523560916,833.3333333333334,0.002208165689257244,True,0.06805785372853279,0.13095740670888742,True,True,True,0.85,False,False,False,0,True,True,True,True,True,True,True,False,False,4,0,False,0,15,24,24,,,,False,False,False,
255,2026-08-12T14:30:36.681072,shadow,analysis_full,silero,webrtc,True,0.791957437992096,True,True,True,1,False,True,False,0,0.0,,,,,,,,,,,,,0.21387281431735128,0.9299144026156263,0.06788265106879765,0.0022029463109004585,,,,,,,,,,,,,,False,False,temporal_v1,False,0.001369881282006876,0.0709812108559499,2.2995226778499935,0.9689706512801887,89.41148723812454,1154.0722934945456,0.19888341036164248,0.014518253627406507,0.00047115032730230775,0.0,0.0,0.1357109064491822,0.09689287142005343,0.04690340325927191,0.058810432186671,0.8044941142106546,406.4519334033461,0.0047811451249586655,0.7538704021659245,-0.00046285702061813475,833.3333333333334,0.007135119984772278,True,0.4006877802312374,0.1357109064491822,True,True,True,0.85,False,False,False,0,True,True,True,True,True,True,True,False,False,5,0,False,0,15,24,24,,,,False,False,False,
256,2026-08-12T14:30:36.681072,shadow,analysis_full,silero,webrtc,True,0.791957437992096,True,True,True,1,False,True,False,0,0.0,,,,,,,,,,,,,0.279994509999978,0.9237982962807695,0.07517994258083514,0.0010217611348238634,,,,,,,,,,,,,,False,False,temporal_v1,False,0.0015689250049110283,0.06680584551148225,1.9222269827385858,0.9707687510518355,90.59758801425494,959.1979781205447,0.25865845130594856,0.021049971184747416,0.00028608750828202907,0.0,0.0,0.13562713419634412,0.09384181143711978,0.04859895815064075,0.0598844778550872,0.8025477158142738,445.53218406393955,0.008010060114545364,0.8584481053906345,-0.0005366423442878728,766.6666666666667,0.002623926761188362,True,0.7572348117828369,0.13562713419634412,True,False,True,0.85,False,False,False,0,True,True,True,True,True,True,True,False,False,6,0,False,0,15,24,24,,,,False,False,False,
257,2026-08-12T14:30:36.701771,shadow,analysis_full,silero,webrtc,True,0.7494829893112183,True,True,True,1,False,True,False,0,0.0,,,,,,,,,,,,,0.26617387831223277,0.868298905840379,0.13093251942271894,0.0007685747331450171,,,,,,,,,,,,,,False,False,temporal_v1,False,0.0015248075028508083,0.08350730688935282,2.2022973174005362,0.9679989032321202,90.33815533341837,909.411557820219,0.23111848730180193,0.034850816491936845,0.00020457451749399856,0.0,0.0,0.1330434067126445,0.09210152944590552,0.048588767298879634,0.05680990794606279,0.7476362392599673,456.180308410356,0.009205093731800904,0.922736854074463,-0.0005705435493387793,933.3333333333334,0.0015970478962130847,True,0.7707202136516571,0.1330434067126445,True,False,True,0.85,False,False,False,0,True,True,True,True,True,True,True,False,False,7,0,False,0,15,24,24,,,,False,False,False,
258,2026-08-12T14:30:36.709291,shadow,analysis_full,silero,webrtc,True,0.7348564267158508,True,True,True,1,False,True,False,0,0.0,,,,,,,,,,,,,0.39925850381778755,0.9120919569364214,0.08589336542031999,0.0020146776407539537,,,,,,,,,,,,,,False,False,temporal_v1,False,0.0018736113185743406,0.06889352818371608,2.0258171816343373,0.9708761429807318,92.14062918697488,939.1539132338537,0.36416047007067354,0.03429365656559145,0.0008043771805225737,0.0,0.0,0.11623852220816613,0.08862114680888314,0.029076174670655125,0.0382815201418024,0.6314269722845054,332.0959286667716,0.004255830960152919,1.5219543429984266,-0.0009338256086504052,833.3333333333334,0.0009731872613979629,True,0.7707202136516571,0.11623852220816613,True,False,True,0.85,False,False,False,0,True,True,True,True,True,True,True,False,False,8,0,False,0,15,24,24,,,,False,False,False,
259,2026-08-12T14:30:36.720867,shadow,analysis_full,silero,webrtc,True,0.7837511301040649,True,True,True,1,False,True,False,0,0.0,,,,,,,,,,,,,0.40640375605237217,0.9397504747132753,0.058578602616737155,0.0016709226675270432,,,,,,,,,,,,,,False,False,temporal_v1,False,0.0018882076631354103,0.06680584551148225,1.7613512922224999,0.9765486761298222,92.23298004429991,1154.6790398397168,0.38191812267547487,0.023806564127741296,0.0006790692481560395,0.0,0.0,0.06805542872474342,0.05608725780286349,0.013854753963721671,0.02522642958132244,0.45187896218228685,233.99515176927713,0.002924492175113146,0.6104106675408396,-0.0003870962773133586,600.0,0.006145560712803138,True,0.7878542840480804,0.06805542872474342,True,False,True,0.85,False,False,False,0,True,True,True,True,True,True,True,False,False,9,0,False,0,15,24,24,,,,False,False,False,
260,2026-08-12T14:30:36.731469,shadow,analysis_full,silero,webrtc,True,0.7764115333557129,True,True,True,1,False,True,False,0,0.0,,,,,,,,,,,,,0.38885034968715754,0.9567393163824389,0.041246739749136285,0.0020139438658533203,,,,,,,,,,,,,,False,False,temporal_v1,False,0.001844352853166211,0.05219206680584551,1.7194165465452125,0.9781909082704552,92.03665432930443,987.093175854754,0.3720284177347634,0.016038809174906826,0.0007831227764873695,0.0,0.0,0.02445625051493437,0.025476363966684318,0.003503027682730491,0.01043005928751298,0.27893032179842814,177.5694789924564,0.00151780673441571,1.1244667075609658,-0.0006823899091788502,666.6666666666667,0.002386662378750874,True,0.7878542840480804,0.02445625051493437,True,False,False,0.85,False,False,False,0,True,True,True,True,True,True,True,False,True,0,0,False,0,15,24,15,,,,False,False,False,
261,2026-08-12T14:30:36.731469,shadow,analysis_full,silero,webrtc,True,0.7284780740737915,True,True,True,1,False,True,False,0,0.0,,,,,,,,,,,,,0.4438189417486858,0.9807299372853236,0.0183633976966359,0.0009066650157873147,,,,,,,,,,,,,,False,False,temporal_v1,False,0.001968894784261172,0.04801670146137787,1.5775203626974075,0.9800921680240114,92.6125909755305,920.816929946225,0.43526652290722734,0.008150023732631198,0.0004023951078272815,0.0,0.0,0.029332954889320376,0.02909541391834363,0.002717271140044658,0.010769286326955266,0.3085587743969226,170.93646387786896,0.003021546612933307,0.8018005686427888,-0.0005018093777425112,700.0,0.002069364688212924,True,0.7878542840480804,0.029332954889320376,True,False,False,0.85,False,False,False,0,True,True,True,True,True,True,True,False,True,0,0,False,0,15,24,15,,,,False,False,False,
262,2026-08-12T14:30:36.747056,shadow,analysis_full,silero,webrtc,True,0.7133360505104065,True,True,True,1,False,True,False,0,0.0,,,,,,,,,,,,,0.330383008837673,0.9785606472007697,0.020034537843002367,0.0014048149532009504,,,,,,,,,,,,,,False,False,temporal_v1,False,0.0016984111356201908,0.04801670146137787,1.4232361632943593,0.9786603617398667,91.32270260060471,1155.9255911601215,0.32329981095233096,0.006619070893243346,0.0004641269910986848,0.0,0.0,0.03214745012087114,0.03224671482214707,0.0013892356310760256,0.011593689667569787,0.333112609391922,161.53871650832676,0.0033501561473141734,0.6868543029632747,-0.0004175456871247979,733.3333333333334,0.004661344805856781,True,0.7800813317298889,0.03214745012087114,True,False,False,0.85,False,False,False,0,True,True,True,True,True,True,True,False,True,0,0,False,0,15,24,15,,,,False,False,False,
263,2026-08-12T14:30:36.759305,shadow,analysis_full,silero,webrtc,True,0.6847220659255981,True,True,True,1,False,True,False,0,0.0,,,,,,,,,,,,,0.26672779448029,0.9891152887682227,0.008777483535844354,0.0021072276921838082,,,,,,,,,,,,,,False,False,temporal_v1,False,0.001526477233225071,0.060542797494780795,1.5252119842599379,0.9755453373717777,90.38145871433038,1085.8491793063286,0.2638245394598832,0.002341198824602822,0.0005620561948039786,0.0,0.0,0.03616829322011861,0.03620970679631215,0.0006100346632520303,0.011205625804024753,0.34949973036124915,96.6754162050783,0.0029247612776204385,0.9106050484029521,-0.0005476266974266612,833.3333333333334,0.003500127709284765,True,0.7629472613334656,0.03616829322011861,True,False,False,0.85,False,False,False,0,True,True,True,True,True,True,True,False,True,0,0,False,0,15,24,15,,,,False,False,False,
264,2026-08-12T14:30:36.763589,shadow,analysis_full,silero,webrtc,True,0.6760324239730835,True,True,True,1,False,True,False,0,0.0,,,,,,,,,,,,,0.16317909951301124,0.9862202040546334,0.01252109159934721,0.0012587043398909837,,,,,,,,,,,,,,False,False,temporal_v1,False,0.001195065734351571,0.06889352818371608,1.4949224054773815,0.9738443823562815,88.24659136096814,922.1893450973487,0.16093052481917328,0.0020431804521014074,0.00020539424073652996,0.0,0.0,0.03719341336396715,0.037292799513988485,0.0005089619629272111,0.010734831008085546,0.2907026409994063,100.92673912614042,0.0032814216482851856,1.5141650617245674,-0.0009269429010129421,900.0000000000001,0.0005769968162958071,True,0.7421697080135345,0.03719341336396715,True,False,False,0.85,False,False,False,0,True,True,True,True,True,True,True,False,True,0,0,False,0,15,24,15,,,,False,False,False,
265,2026-08-12T14:30:36.781903,shadow,analysis_full,silero,webrtc,True,0.6725150346755981,True,True,True,1,False,True,False,0,0.0,,,,,,,,,,,,,0.1515607859443833,0.9625904312964149,0.03389277999326383,0.0035167887037232054,,,,,,,,,,,,,,False,False,temporal_v1,False,0.0011508749547610628,0.07306889352818371,2.0639421211263502,0.9624509818776966,87.86817611047294,1155.5923355798973,0.14589096230982754,0.005136816373619136,0.000533007259936618,0.0,0.0,0.03702582019293984,0.03723385835862279,0.0007677122380294578,0.010898023495731265,0.2563959673653127,101.13123507563961,0.008773933938200059,1.0073866408833856,-0.0006023291683637969,900.0000000000001,0.004827501010813406,True,0.7316672503948212,0.03702582019293984,True,False,False,0.85,False,False,False,0,True,True,True,True,True,True,True,False,True,0,0,False,0,15,24,15,,,,False,False,False,
266,2026-08-12T14:30:36.781903,shadow,analysis_full,silero,webrtc,True,0.6625276207923889,True,True,True,1,False,True,False,0,0.0,,,,,,,,,,,,,0.09138251784527178,0.9333255277658581,0.06553741675809499,0.001137055465103974,,,,,,,,,,,,,,False,False,temporal_v1,False,0.0008968433308412809,0.08350730688935282,2.6181430172648645,0.9567124623361576,85.67388672400695,891.0895075216772,0.08528963669651123,0.00598897415642963,0.00010390699133092771,0.0,0.0,0.03646307122615175,0.03665183398700864,0.000758727543774338,0.012423027596502581,0.360958948238471,107.04903737052567,0.014865676644467037,1.7246969974288484,-0.0010471813561287592,933.3333333333334,0.00028869715550646017,True,0.720907062292099,0.03646307122615175,True,False,False,0.85,False,False,False,0,True,True,True,True,True,True,True,False,True,0,0,False,0,15,24,15,,,,False,False,False,
267,2026-08-12T14:30:36.797083,shadow,analysis_full,silero,webrtc,True,0.6538779735565186,True,True,True,1,False,True,False,0,0.0,,,,,,,,,,,,,0.013883026888120214,0.8461342707816576,0.1500257311392076,0.0038399980071043404,,,,,,,,,,,,,,False,False,temporal_v1,False,0.0003559226808348323,0.10020876826722339,2.91684747264267,0.9537401201703172,77.60415779098997,1086.4219344245241,0.011746904832221742,0.0020828112593155135,5.3310795582957596e-05,0.0,0.0,0.04170414091066447,0.041163920934498145,0.0009299779577051655,0.015495331535710654,0.47733655639202544,103.15628358325802,0.0169836983183765,1.119273474799415,-0.0006703495925391761,966.6666666666667,0.003879895103598724,True,0.6990290582180023,0.04170414091066447,True,False,False,0.85,True,False,False,0,True,True,True,True,True,False,True,False,True,0,0,False,0,15,24,15,,,,False,False,False,
268,2026-08-12T14:30:36.809440,shadow,analysis_full,silero,webrtc,True,0.6771842241287231,True,True,True,1,False,True,False,0,0.0,,,,,,,,,,,,,0.049301532280835184,0.7197548322054731,0.2776732281593086,0.0025719396149350543,,,,,,,,,,,,,,False,True,temporal_v1,False,0.0006630093209128666,0.10020876826722339,2.879263849279957,0.9428460093495333,82.98205620919853,1059.1785233939756,0.03548501609426524,0.013689715621619867,0.0001268005639500794,0.0,0.0,0.08043738536531206,0.08000638699555286,0.0009465112387375711,0.018442641190277897,0.5592151546475328,98.7919609456169,0.01441799033829623,1.2451106082966932,-0.0007546509672074944,1100.0,0.002410593836031855,True,0.6809531450271606,0.08043738536531206,True,False,True,0.85,True,False,False,0,True,True,True,True,True,False,True,False,True,0,0,False,0,15,24,15,,,,False,False,False,
269,2026-08-12T14:30:36.813725,shadow,analysis_full,silero,webrtc,True,0.6153562664985657,True,True,True,1,False,True,False,0,0.0,,,,,,,,,,,,,0.09194692625101683,0.6520088304463882,0.34287819288302995,0.005112976659705978,,,,,,,,,,,,,,False,True,temporal_v1,False,0.0009017905381236639,0.10647181628392484,2.9706011577230895,0.9293120228581699,85.59479836478928,1440.5768275200337,0.0599502078480658,0.03152659591409788,0.00047012248785315594,0.0,0.0,0.11541179932311144,0.11446338989405677,0.0013062048891678193,0.02133628032899107,0.622171422162655,153.51164921073013,0.011860866739407934,0.7415392335219948,-0.00045282253067377377,1166.6666666666667,0.020458717788395534,True,0.6766083240509033,0.11541179932311144,True,False,True,0.85,True,False,False,0,True,True,True,True,True,True,True,False,True,0,0,False,0,15,24,15,,,,False,False,False,
270,2026-08-12T14:30:36.830281,shadow,analysis_full,silero,webrtc,True,0.7722652554512024,True,True,True,1,False,True,False,0,0.0,,,,,,,,,,,,,0.5560726922810183,0.700038476502669,0.29547250811261416,0.004489015382918614,,,,,,,,,,,,,,False,True,temporal_v1,False,0.0021988683863950476,0.10438413361169102,2.8260652589015227,0.9310493143331678,93.34999622526081,1231.6296530151767,0.3892722803291415,0.1643041930812064,0.00249621886967046,0.0,0.0,0.12792203421973716,0.12680306747390555,0.0014397345389136928,0.021715914194481576,0.6394511759874939,157.70147858357078,0.011750510216813632,1.0137270724686824,-0.0006088649340778931,1233.3333333333335,0.005315778766965746,True,0.6766083240509033,0.12792203421973716,True,False,True,0.85,True,False,False,0,True,True,True,True,True,True,True,False,True,0,0,False,0,15,24,15,,,,False,False,False,
271,2026-08-12T14:30:36.832480,shadow,analysis_full,silero,webrtc,True,0.8056926131248474,True,True,True,1,False,True,False,0,0.0,,,,,,,,,,,,,0.97279065308774,0.7246100096268655,0.2715123252852812,0.0038776650868253522,,,,,,,,,,,,,,False,False,temporal_v1,False,0.002908212188829064,0.1022964509394572,2.1112766749624585,0.935302442102302,95.79873259525127,1210.098191737619,0.7048938444988321,0.2641246522356396,0.0037721563522683625,0.0,0.0,0.1297848666742455,0.12873735003555659,0.0013566726414554436,0.019919599902925366,0.6040949696394132,149.42533103706143,0.01877786046802982,0.9426879940485667,-0.0005683146657019233,1166.6666666666667,0.0031627522615220623,True,0.6766083240509033,0.1297848666742455,True,False,True,0.85,True,False,False,0,True,True,True,True,True,True,True,False,True,0,0,False,0,15,24,15,,,,False,False,False,
272,2026-08-12T14:30:36.849056,shadow,analysis_full,silero,webrtc,True,0.8056926131248474,True,True,True,1,False,True,False,0,0.0,,,,,,,,,,,,,0.2381828370905336,0.739598911542858,0.25625146287135375,0.004149625581589795,,,,,,,,,,,,,,False,True,temporal_v1,False,0.0014422803649162734,0.09812108559498957,2.7469808555031436,0.9406213830219152,89.73020360074075,1113.9884769943817,0.1761597670603485,0.061034700435298565,0.000988369593886513,0.0,0.0,0.1257084726898568,0.12472992736388941,0.0012963263364336218,0.015954048579993985,0.5431658495328119,149.05443904547843,0.013327267037181892,1.606527549662747,-0.0009723738829785647,1166.6666666666667,0.0013615543977839903,True,0.6766083240509033,0.1257084726898568,True,False,True,0.85,True,False,False,0,True,True,True,True,True,True,True,False,True,0,0,False,0,15,24,15,,,,False,False,False,
273,2026-08-12T14:30:36.852596,shadow,analysis_full,silero,webrtc,True,0.8999099731445312,True,True,True,1,False,True,False,0,0.0,,,,,,,,,,,,,0.040462274098947336,0.7735014592640934,0.21893100458450906,0.007567536126682978,,,,,,,,,,,,,,False,False,temporal_v1,False,0.0005951149162768287,0.12526096033402923,2.5358295177000065,0.9295960685513437,81.97993105042991,1458.4987455004539,0.0312976280606795,0.008858446316256301,0.0003061997210115329,0.0,0.0,0.1136846599506769,0.11267183374480008,0.0017786998456368196,0.015911648444502068,0.4550138250073913,179.43047968626882,0.010406383652995819,0.7825511584583522,-0.00047075799034536423,1300.0,0.014706911923262095,True,0.6766083240509033,0.1136846599506769,True,False,True,0.85,True,False,False,0,True,True,True,True,True,True,True,False,True,0,0,False,0,15,24,15,,,,False,False,False,
274,2026-08-12T14:30:36.863705,shadow,analysis_full,silero,webrtc,True,0.9088402390480042,True,True,True,1,False,True,False,0,0.0,,,,,,,,,,,,,0.025198928158609357,0.6168872364902008,0.3667106742056657,0.016402089264449263,,,,,,,,,,,,,,False,True,temporal_v1,False,0.00046987791946605505,0.12317327766179541,2.6913202555130775,0.9135795552697114,79.84460672549459,1490.3606513249538,0.015544897154279631,0.009240715934303772,0.0004133150690259548,0.0,0.0,0.10827952383391594,0.10601080121189331,0.004031250470178755,0.014881238736698736,0.3023987758378307,185.9430219925492,0.008790041101618842,1.0074751980584622,-0.0006056896802935626,1333.3333333333335,0.011138526897691896,True,0.7247247397899628,0.10827952383391594,True,False,True,0.85,True,False,False,0,True,True,True,True,True,True,True,False,True,0,0,False,0,15,24,15,,,,False,False,False,
275,2026-08-12T14:30:36.876072,shadow,analysis_full,silero,webrtc,True,0.9139075875282288,True,True,True,1,False,True,False,0,0.0,,,,,,,,,,,,,0.007305815795004797,0.40696868649754536,0.5813669318941873,0.01166438147138991,,,,,,,,,,,,,,False,True,temporal_v1,False,0.00025461846870794173,0.15657620041753653,2.9142783356520496,0.9003645763356242,74.41191370252733,1536.7330816147705,0.002973238257886122,0.004247359713726031,8.521782239264169e-05,0.0,0.0,0.13325452565297877,0.13027767728734982,0.004401629014002359,0.019271244844917074,0.24336920408055085,207.8850574280471,0.006223468540186512,0.8118635523472097,-0.00047502892014909354,1333.3333333333335,0.018601720651229,True,0.7889789342880249,0.13325452565297877,True,False,True,0.85,True,False,False,0,True,True,True,True,True,False,True,False,True,0,0,False,0,15,24,15,,,,False,False,False,
276,2026-08-12T14:30:36.882983,shadow,analysis_full,silero,webrtc,True,0.8706193566322327,True,True,True,1,False,True,False,0,0.0,,,,,,,,,,,,,0.006568575235308053,0.5025640830932245,0.423701611086737,0.07373430566779839,,,,,,,,,,,,,,False,True,temporal_v1,False,0.0002418258085897751,0.1419624217118998,3.42542396033305,0.8691275340578173,73.80360585713842,1794.6009391026316,0.0033011299903614533,0.0027831159097444643,0.0004843293342021347,0.0,0.0,0.12380334989620312,0.11386936476192641,0.020540694592219067,0.019207815161188257,0.3182217927152802,226.9240995235939,0.006470032701713457,0.9863417695569641,-0.00057774411962909,1400.0,0.02875292802829316,True,0.8056926131248474,0.12380334989620312,True,False,True,0.85,True,False,False,0,True,True,True,True,True,False,True,False,True,0,0,False,0,15,24,15,,,,False,False,False,
277,2026-08-12T14:30:36.896884,shadow,analysis_full,silero,webrtc,True,0.8124292492866516,True,True,True,1,False,True,False,0,0.0,,,,,,,,,,,,,0.07857194229440817,0.9114621242915817,0.05499998011980744,0.03353789557588362,,,,,,,,,,,,,,False,False,temporal_v1,False,0.0008511820937445123,0.12943632567849686,2.8809179778338114,0.9487630039115618,85.18227197861262,1553.8535875041,0.07161534943337684,0.004321455264167107,0.002635137595864215,0.0,0.0,0.13429851275174098,0.13030693053973383,0.02109183054629618,0.01882274888607286,0.3171032835857048,217.3621220628145,0.015666274769209697,0.6737682589697869,-0.00041381350744123315,666.6666666666667,0.03119235006386731,True,0.8090609312057495,0.13429851275174098,True,False,True,0.85,False,False,False,0,True,True,True,True,True,False,True,False,True,0,0,False,0,15,24,15,,,,False,False,False,
278,2026-08-12T14:30:36.909035,shadow,analysis_full,silero,webrtc,True,0.9698235392570496,True,True,True,1,False,True,False,0,0.0,,,,,,,,,,,,,0.39054497796425386,0.9322470914811545,0.04479850454340869,0.02295440397287652,,,,,,,,,,,,,,False,False,temporal_v1,False,0.001852035663743438,0.06680584551148225,1.4287745314969114,0.9609166054599872,91.99550603803058,1423.0568148387838,0.3640844197997472,0.017495830969737072,0.008964727193769641,0.0,0.0,0.1549610930721202,0.15270022166293737,0.02064580389210778,0.024059127569680105,0.5161293960911294,187.51929733524676,0.027726599851888044,0.9948605039615462,-0.0005962469117316559,600.0,0.0060835885376793065,True,0.8415243029594421,0.1549610930721202,True,False,True,0.85,False,False,False,0,True,True,True,True,True,True,True,False,True,0,0,False,0,15,24,15,,,,False,False,False,
279,2026-08-12T14:30:36.913564,shadow,analysis_full,silero,webrtc,True,0.9696551561355591,True,True,True,1,False,True,False,0,0.0,,,,,,,,,,,,,0.3651165981544642,0.9368166676444933,0.038268889252045676,0.024914443100722154,,,,,,,,,,,,,,False,False,temporal_v1,False,0.0017967685900676395,0.060542797494780795,2.16425376836593,0.9597817115075896,91.72658456737895,1160.8336245959251,0.3420473147847587,0.013972606658856855,0.009096676709848633,0.0,0.0,0.16972970850501326,0.16787636741717094,0.020226703938353997,0.029174571715484127,0.5231744580702429,203.35696076544178,0.015547087804561543,1.7049604970783938,-0.0010367639800286659,733.3333333333334,0.0009233412763582739,True,0.885264664888382,0.16972970850501326,True,False,True,0.85,False,False,False,0,True,True,True,True,True,True,True,False,True,0,0,False,0,15,24,15,,,,False,False,False,
280,2026-08-12T14:30:36.928518,shadow,analysis_full,silero,webrtc,True,0.9610037803649902,True,True,True,1,False,True,False,0,0.0,,,,,,,,,,,,,0.2992902356918016,0.9681335675907823,0.025102079013787297,0.006764353392089292,,,,,,,,,,,,,,False,False,temporal_v1,False,0.001614666252500649,0.060542797494780795,1.6203357843139412,0.9766931048958912,90.87462173363392,1159.5486813442305,0.28975292362538996,0.007512807144390626,0.002024504921021042,0.0,0.0,0.1843012637577656,0.18051001634425665,0.020059341243591707,0.03287685959921424,0.5860108654116875,210.26398140037213,0.01330451855007155,0.8793436054854271,-0.0005213342348220689,566.6666666666667,0.003778748628505402,True,0.9043751060962677,0.1843012637577656,True,False,True,0.85,False,False,False,0,True,True,True,True,True,True,True,False,True,0,0,False,0,15,24,15,,,,False,False,False,
281,2026-08-12T14:30:36.933077,shadow,analysis_full,silero,webrtc,True,0.9489046931266785,True,True,True,1,False,True,False,0,0.0,,,,,,,,,,,,,0.31385844616087283,0.9823415008831982,0.015193604786065776,0.0024648943275499824,,,,,,,,,,,,,,False,False,temporal_v1,False,0.001663591673643146,0.04801670146137787,1.3698828321831416,0.9819847848076867,91.15661109880557,1037.740578780344,0.30831617706654024,0.004768641189737005,0.000773627903595587,0.0,0.0,0.1963939048724647,0.19045897742289475,0.020180919852723914,0.03730122869810259,0.6658765529582785,230.41591957023985,0.005053136335204827,0.8753795517555722,-0.0005392322234106391,500.00000000000006,0.003958709691518945,True,0.9113739132881165,0.1963939048724647,True,False,True,0.85,False,False,False,0,True,True,True,True,True,True,True,False,True,0,0,False,0,15,24,15,,,,False,False,False,
282,2026-08-12T14:30:36.947021,shadow,analysis_full,silero,webrtc,True,0.9510589241981506,True,True,True,1,False,True,False,0,0.0,,,,,,,,,,,,,0.41402554673915337,0.9634805733501957,0.03347828178490147,0.0030411448624875805,,,,,,,,,,,,,,False,False,temporal_v1,False,0.0019032531993674344,0.04801670146137787,1.9885748477975602,0.9727287963265913,92.28549083869653,1305.050806257992,0.3989055711538677,0.013860863919881271,0.0012591116644043879,0.0,0.0,0.20348124692210348,0.1958256934198853,0.020272793829088996,0.04057845087618983,0.6626914255328766,215.59791099971645,0.0070543638669079275,0.6394458817983971,-0.0003943167085305769,766.6666666666667,0.010444729515742412,True,0.9314061403274536,0.20348124692210348,True,False,True,0.85,False,False,False,0,True,True,True,True,True,True,True,False,True,0,0,False,0,15,24,15,,,,False,False,False,
283,2026-08-12T14:30:36.959319,shadow,analysis_full,silero,webrtc,True,0.9525049328804016,True,True,True,1,False,True,False,0,0.0,,,,,,,,,,,,,0.36459405700262404,0.9565562693460081,0.03696442101147107,0.006479309639778068,,,,,,,,,,,,,,False,False,temporal_v1,False,0.001785005213346766,0.08350730688935282,2.2606076911248416,0.9653381733587943,91.69515673117282,995.9709504986305,0.34875473099215587,0.013477008221325278,0.0023623177881428965,0.0,0.0,0.20849649321985714,0.19980046341191146,0.020343669801484388,0.0394897745842192,0.6581063106184152,244.1053035787907,0.008448253777611991,1.3529497392930458,-0.0008185191119461994,766.6666666666667,0.0010775133188152982,True,0.9499818086624146,0.20849649321985714,True,False,True,0.85,False,False,False,0,True,True,True,True,True,True,True,False,True,0,0,False,0,15,24,15,,,,False,False,False,
284,2026-08-12T14:30:36.963570,shadow,analysis_full,silero,webrtc,True,0.9510819315910339,True,True,True,1,False,True,False,0,0.0,,,,,,,,,,,,,0.5474117912998919,0.9323722301244594,0.05725333589271146,0.010374433981002403,,,,,,,,,,,,,,False,False,temporal_v1,False,0.002182084658503544,0.0709812108559499,2.1819435556571034,0.9560956575378948,93.39863189112748,1120.7320637667965,0.5103915526507053,0.03134115115892358,0.005679087489262995,0.0,0.0,0.1993865259374421,0.1894010232307953,0.02053553456244472,0.038441149066962985,0.6434171341730038,247.3763842110305,0.006709492280117788,1.216569890207405,-0.0007307312634315273,766.6666666666667,0.001973800143930646,True,0.9510704278945923,0.1993865259374421,True,False,True,0.85,False,False,False,0,True,True,True,True,True,True,True,False,True,0,0,False,0,15,24,15,,,,False,False,False,
285,2026-08-12T14:30:36.980224,shadow,analysis_full,silero,webrtc,True,0.9358124732971191,True,True,True,1,False,True,False,0,0.0,,,,,,,,,,,,,0.5687966164697086,0.91507866818827,0.0718144216731666,0.013106910136805275,,,,,,,,,,,,,,False,False,temporal_v1,False,0.002224145432715284,0.0918580375782881,1.5783955406953492,0.947438801182658,93.52508539793433,1380.5180965341085,0.5204936502690951,0.04084780006142607,0.007455166138187365,0.0,0.0,0.13431602568034498,0.11556408506773604,0.02048433597633494,0.03081295152817552,0.6245303084351672,237.2138745065675,0.011043555344793374,1.038988317256222,-0.0006114887676921721,733.3333333333334,0.004043655452061463,True,0.9510704278945923,0.13431602568034498,True,False,True,0.85,False,False,False,0,True,True,True,True,True,True,True,False,True,0,0,False,0,15,24,15,,,,False,False,False,
286,2026-08-12T14:30:36.992523,shadow,analysis_full,silero,webrtc,True,0.9158989787101746,True,True,True,1,False,True,False,0,0.0,,,,,,,,,,,,,0.9370991513167151,0.9254626781824531,0.06419836777047751,0.010338954046002323,,,,,,,,,,,,,,False,False,temporal_v1,False,0.0028533021163539667,0.0918580375782881,1.3272168975709189,0.9435489787864563,95.6712508124954,1316.819937350894,0.867250290300071,0.060160235953632825,0.009688625062011295,0.0,0.0,0.022644252709622947,0.016906999456036447,0.009832720629936082,0.023582498950217853,0.47520957544249554,170.0067013770957,0.011073248382780738,0.9869573070130473,-0.0005877978915104971,733.3333333333334,0.0025181589674455195,True,0.9510704278945923,0.022644252709622947,True,False,False,0.85,False,False,False,0,True,True,True,True,True,True,True,False,True,0,0,False,0,15,24,15,,,,False,False,False,
287,2026-08-12T14:30:37.001882,shadow,analysis_full,silero,webrtc,True,0.896820604801178,True,True,True,1,False,True,False,0,0.0,,,,,,,,,,,,,0.7306880345619879,0.9208310075944391,0.06608174710509862,0.013087245299093652,,,,,,,,,,,,,,False,False,temporal_v1,False,0.0025198751205942464,0.08977035490605428,1.6410964555186447,0.942359818130696,94.58627166416778,1409.0427893639642,0.6728401991029157,0.048285141912646844,0.009562693545425357,0.0,0.0,0.02151047328654223,0.017911442464114177,0.00720741904884376,0.016344035512358943,0.3405859345415034,147.83935187877532,0.004997348508333317,0.8168110199631422,-0.0004826357160562848,733.3333333333334,0.004287012953707745,True,0.9510704278945923,0.02151047328654223,True,False,False,0.85,False,False,False,0,True,True,True,True,True,True,True,False,True,0,0,False,0,15,24,15,,,,False,False,False,
288,2026-08-12T14:30:37.008988,shadow,analysis_full,silero,webrtc,True,0.896820604801178,True,True,True,1,False,True,False,0,0.0,,,,,,,,,,,,,0.8029727306657194,0.9313607017456293,0.057001552780851804,0.01163774547227336,,,,,,,,,,,,,,False,False,temporal_v1,False,0.002642953072716253,0.0918580375782881,1.3722093817305274,0.9421622203368354,94.99952006012882,1501.356220145448,0.7478572459154287,0.0457706924886267,0.009344792260663953,0.0,0.0,0.02155774309048839,0.018247208296140422,0.0061003432686430005,0.01736796403824056,0.34639555388506854,159.42680543102398,0.003261128105123127,0.7833413345324569,-0.0004679827351154091,733.3333333333334,0.006993462261965401,True,0.9499818086624146,0.02155774309048839,True,False,False,0.85,False,False,False,0,True,True,True,True,True,True,True,False,True,0,0,False,0,15,24,15,,,,False,False,False,
289,2026-08-12T14:30:37.014614,shadow,analysis_full,silero,webrtc,True,0.8785738348960876,True,True,True,1,False,True,False,0,0.0,,,,,,,,,,,,,0.34399925863780473,0.8614255378121123,0.1242322945769513,0.01434216760802935,,,,,,,,,,,,,,False,False,temporal_v1,False,0.0017313505288174334,0.09812108559498957,2.330914102815663,0.9350287442449339,91.29163400410485,1233.575700074864,0.29632974637903886,0.04273581723334462,0.004933695024421233,0.0,0.0,0.03275948453379969,0.02925587323740795,0.004025545119686037,0.01816283924843424,0.36916469065606927,157.35122462380676,0.00817721373986825,1.6398826324714253,-0.0009813211706700162,933.3333333333334,0.0009533201729302395,True,0.9423585832118988,0.03275948453379969,True,False,False,0.85,False,False,False,0,True,True,True,True,True,True,True,False,True,0,0,False,0,15,24,15,,,,False,False,False,
290,2026-08-12T14:30:37.034109,shadow,analysis_full,silero,webrtc,True,0.8930588364601135,True,True,True,1,False,True,False,0,0.0,,,,,,,,,,,,,0.0629078703843995,0.8078955797254366,0.18424747069036806,0.007856949568298965,,,,,,,,,,,,,,False,False,temporal_v1,False,0.0007423480818718844,0.1022964509394572,2.8785827286154193,0.940963135648114,83.9568748765046,1258.7429447585432,0.05082299041349706,0.01159061600484312,0.0004942639650593149,0.0,0.0,0.04842274267012935,0.046685480451989086,0.003973429958090132,0.018589756258441545,0.4917638363636277,154.69053678820836,0.020477702682929262,0.9934249599960142,-0.0005983137447527725,1500.0,0.00865194953748103,True,0.9258557260036469,0.04842274267012935,True,False,False,0.85,True,False,False,0,True,True,True,True,True,True,True,False,True,0,0,False,0,15,24,15,,,,False,False,False,
291,2026-08-12T14:30:37.049142,shadow,analysis_full,silero,webrtc,True,0.897373616695404,True,True,True,1,False,True,False,0,0.0,,,,,,,,,,,,,0.048387716550449766,0.9311642954538968,0.06538608361358023,0.0034496209118566445,,,,,,,,,,,,,,False,False,temporal_v1,False,0.0006499261865193134,0.09603340292275574,1.183164305323315,0.9467837064803608,82.82653657106357,1423.0122026727297,0.04505691399032242,0.0031638832802379285,0.00016691927888942337,0.0,0.0,0.044035421398809525,0.0429603325955935,0.0038124267480705233,0.015175600705959288,0.5142979642367242,143.0869553427194,0.03908837006145883,0.8457364254514881,-0.0005093794137005029,733.3333333333334,0.0063262164673667295,True,0.9066362977027893,0.044035421398809525,True,False,False,0.85,False,False,False,0,True,True,True,True,True,True,True,False,True,0,0,False,0,15,24,15,,,,False,False,False,
292,2026-08-12T14:30:37.067039,shadow,analysis_full,silero,webrtc,True,0.8483266234397888,True,True,True,1,False,True,False,0,0.0,,,,,,,,,,,,,0.026439519930393205,0.9338685136777842,0.060685594756137155,0.005445891528256529,,,,,,,,,,,,,,False,False,temporal_v1,False,0.00048149697713554217,0.08977035490605428,1.653989618541223,0.9488274072524953,80.22183882514975,1237.2029178581122,0.024691035179750454,0.0016044979920426536,0.00014398675760009803,0.0,0.0,0.04157313469739839,0.04099357524131158,0.0034656161285936014,0.008149988015007574,0.5166514733690816,144.03043119600113,0.006871004820770556,1.6386648840040166,-0.0010089576721890267,766.6666666666667,0.0015821885620341068,True,0.897097110748291,0.04157313469739839,True,False,False,0.85,False,False,False,0,True,True,True,True,True,True,True,False,True,0,0,False,0,15,24,15,,,,False,False,False,
293,2026-08-12T14:30:37.085010,shadow,analysis_full,silero,webrtc,True,0.7967894673347473,True,True,True,1,False,True,False,0,0.0,,,,,,,,,,,,,0.01451398423238451,0.8963673459615922,0.09830693183265317,0.005325722136855569,,,,,,,,,,,,,,False,False,temporal_v1,False,0.00035708867051858026,0.09812108559498957,1.575450992782399,0.9401447094898954,77.57049964947551,1396.8468717916112,0.0130098615257109,0.0014268252585532268,7.729744712038288e-05,0.0,0.0,0.03890004961254981,0.03880773010496215,0.0035851098456294726,0.008055858614436216,0.5016504319862163,108.71375291130342,0.00427164108798078,1.3121386623142637,-0.0008044341363201471,733.3333333333334,0.002995275383940209,True,0.896820604801178,0.03890004961254981,True,False,False,0.85,False,False,False,0,True,True,True,True,True,False,True,False,True,0,0,False,0,15,24,15,,,,False,False,False,
294,2026-08-12T14:30:37.085010,shadow,analysis_full,silero,webrtc,True,0.8054611682891846,True,True,True,1,False,True,False,0,0.0,,,,,,,,,,,,,0.010040373509830707,0.8285379506094647,0.1290132695165486,0.04244877977438876,,,,,,,,,,,,,,False,False,temporal_v1,False,0.0002981334040129601,0.1336116910229645,2.5991330542860362,0.9092798929017953,75.84340664760286,1722.7141243448978,0.008318830491188691,0.001295341413670604,0.0004262016039714104,0.0,0.0,0.043900100402434396,0.03965363855944571,0.010539125317438733,0.012401959699606797,0.5490878752242093,139.65911578953862,0.011479683553036477,0.9609090345143494,-0.000572263383783169,1166.6666666666667,0.022771179629163564,True,0.8949397206306458,0.043900100402434396,True,False,False,0.85,True,False,False,0,True,True,True,True,True,False,True,False,True,0,0,False,0,15,24,15,,,,False,False,False,
295,2026-08-12T14:30:37.105281,shadow,analysis_full,silero,webrtc,True,0.7420344948768616,True,True,True,1,False,True,False,0,0.0,,,,,,,,,,,,,0.01531716795253915,0.9180004814141843,0.06919839565572276,0.012801122864806617,,,,,,,,,,,,,,False,False,temporal_v1,False,0.00037242637974092737,0.09603340292275574,2.740544253030594,0.95989674056164,78.02874184547544,1140.398294947254,0.014061167554332855,0.001059923448304961,0.00019607694890133205,0.0,0.0,0.04404093490135885,0.0397949595586339,0.01053835551415401,0.012246354385020843,0.6068653224523377,158.27933610874817,0.01801216756096428,1.3318321977319065,-0.0007976298874518692,733.3333333333334,0.003126110151562828,True,0.8858163356781006,0.04404093490135885,True,False,False,0.85,False,False,False,0,True,True,True,True,True,False,True,False,True,0,0,False,0,15,24,15,,,,False,False,False,
296,2026-08-12T14:30:37.114309,shadow,analysis_full,silero,webrtc,True,0.5246392488479614,True,True,True,1,False,True,False,0,0.0,,,,,,,,,,,,,0.0026890986846954284,0.7819072414240887,0.195263536115365,0.022829222088674394,,,,,,,,,,,,,,False,True,temporal_v1,False,0.00015796535169509965,0.1127348643006263,3.159956123734526,0.9207091858923411,70.25211351938744,1480.2914509711893,0.002102625734467348,0.0005250829181368063,6.139003109127413e-05,0.0,0.0,0.054164849614467006,0.04904305668461133,0.010920894087010363,0.01266623074080794,0.6704895801080403,160.98395818284567,0.01085222594683638,1.1211081176611497,-0.0006654425341919889,1433.3333333333335,0.014519130001902232,True,0.8634502291679382,0.054164849614467006,True,False,True,0.85,True,False,False,0,True,True,True,True,True,False,True,False,True,0,0,False,0,15,24,15,,,,False,False,False,
297,2026-08-12T14:30:37.126608,shadow,analysis_full,silero,webrtc,True,0.5102062225341797,True,True,True,1,False,True,False,0,0.0,,,,,,,,,,,,,0.007122410840978428,0.7495153036318454,0.17772426637949404,0.07276042984825859,,,,,,,,,,,,,,False,True,temporal_v1,False,0.00026194586006908,0.10438413361169102,3.510220184967891,0.8940832041266273,74.63044190772399,1489.3904340101979,0.005338355924066694,0.0012658252415662463,0.0005182296743454874,0.0,0.0,0.06492431771693322,0.05156841830313316,0.020731090366244355,0.012137320963464407,0.7664102851643181,164.19025529661045,0.006548417089646352,1.2582251912337814,-0.0007547800943593088,1900.0000000000002,0.013323964422444101,True,0.8268938958644867,0.06492431771693322,True,False,True,0.85,True,False,False,0,True,True,True,True,True,False,True,False,True,0,0,False,0,15,24,15,,,,False,False,False,
298,2026-08-12T14:30:37.138999,shadow,analysis_full,silero,webrtc,True,0.5060434937477112,True,True,True,1,False,True,False,0,0.0,,,,,,,,,,,,,0.021137721643989842,0.8369640570448388,0.15603552192016693,0.007000420987685478,,,,,,,,,,,,,,False,False,temporal_v1,False,0.0004620044424394665,0.1022964509394572,2.5101900453601007,0.9399663285857258,79.8203730952239,1338.8628309000824,0.01769151326383824,0.003298235428923164,0.00014797295022844008,0.0,0.0,0.06120039756692287,0.04869629140206331,0.020961082902248105,0.011633095378501069,0.7019105211316126,160.19474898159459,0.01658873302298873,0.9922425837390699,-0.0005958395200330397,900.0000000000001,0.0091988517652859,True,0.8011253178119659,0.06120039756692287,True,False,True,0.85,True,False,False,0,True,True,True,True,True,False,True,False,True,0,0,False,0,15,24,15,,,,False,False,False,
299,2026-08-12T14:30:37.148464,shadow,analysis_full,silero,webrtc,True,0.7532236576080322,True,True,True,1,False,True,False,0,0.0,,,,,,,,,,,,,0.169636139832039,0.6960029977770513,0.29753787278067134,0.006459129436382308,,,,,,,,,,,,,,False,True,temporal_v1,False,0.0012212885037351639,0.08559498956158663,2.979462634562889,0.915487443416778,88.16709633329515,1275.0277206383669,0.11806726185442622,0.0504731761923494,0.0010957017842633885,0.0,0.0,0.07733895805415425,0.07080161474014005,0.0212832108285903,0.012748546672878515,0.7209222372277442,157.0622429531425,0.017815912548744477,1.7607787662038583,-0.0010639872791232436,1533.3333333333335,0.0013755208733791885,True,0.7750065624713898,0.07733895805415425,True,False,True,0.85,True,False,False,0,True,True,True,True,True,True,True,False,True,0,0,False,0,15,24,15,,,,False,False,False,
300,2026-08-12T14:30:37.164647,shadow,analysis_full,silero,webrtc,True,0.8280382752418518,True,True,True,1,False,True,False,0,0.0,,,,,,,,,,,,,0.36970062344908805,0.7626201725472902,0.2270403101029973,0.010339517347007672,,,,,,,,,,,,,,False,True,temporal_v1,False,0.0017941096766868302,0.11064718162839249,2.8730398379138293,0.9180030837627833,91.52131921163058,1385.5922076551356,0.2819411532455843,0.08393694419315238,0.003822526009351397,0.0,0.0,0.08024090389079264,0.07434910462463029,0.02117018995987472,0.01300577714168895,0.7206169200812793,152.10392362793664,0.006381181083970715,1.2233327832469088,-0.000723201310183928,1466.6666666666667,0.0066911465063197294,True,0.7750065624713898,0.08024090389079264,True,False,True,0.85,True,False,False,0,True,True,True,True,True,True,True,False,True,0,0,False,0,15,24,15,,,,False,False,False,
301,2026-08-12T14:30:37.185375,shadow,analysis_full,silero,webrtc,True,0.8768796920776367,True,True,True,1,False,True,False,0,0.0,,,,,,,,,,,,,0.40453731903642676,0.8518407836823303,0.1363949558430757,0.011764260472122083,,,,,,,,,,,,,,False,False,temporal_v1,False,0.0018758718444107589,0.09812108559498957,2.562318323994499,0.9360132305125758,91.9928650719789,1381.6801814585444,0.34460138687673864,0.05517684976684966,0.004759082391838475,0.0,0.0,0.07386071696051819,0.06938109894200853,0.020705781122056097,0.012909916353854115,0.577214878490214,151.68272426785146,0.01130038030421415,1.010709073111459,-0.0005977399463339125,933.3333333333334,0.007233953870764106,True,0.7750065624713898,0.07386071696051819,True,False,True,0.85,False,False,False,0,True,True,True,True,True,True,True,False,True,0,0,False,0,15,24,15,,,,False,False,False,
302,2026-08-12T14:30:37.202069,shadow,analysis_full,silero,webrtc,True,0.8560214042663574,True,True,True,1,False,True,False,0,0.0,,,,,,,,,,,,,0.2737400669160939,0.8856755593570336,0.10819148235091168,0.0061329582884017565,,,,,,,,,,,,,,False,False,temporal_v1,False,0.0015447189232148306,0.081419624217119,2.4340454793976165,0.951238037656447,90.37500704330704,1214.6372873261564,0.2424448868843433,0.029616343618489957,0.0016788364122607097,0.0,0.0,0.06797439580740183,0.0642137955046246,0.020659398701329216,0.013973445119567022,0.48763647110774566,154.01170394508588,0.004036665949366786,1.0969813472368104,-0.0006567467479935754,900.0000000000001,0.004478412153962835,True,0.7750065624713898,0.06797439580740183,True,False,True,0.85,False,False,False,0,True,True,True,True,True,True,True,False,True,0,0,False,0,15,24,15,,,,False,False,False,
303,2026-08-12T14:30:37.215635,shadow,analysis_full,silero,webrtc,True,0.892975389957428,True,True,True,1,False,True,False,0,0.0,,,,,,,,,,,,,0.13225101539291823,0.9306834152515142,0.06347906714150717,0.005837517599417257,,,,,,,,,,,,,,False,False,temporal_v1,False,0.0010812700680235378,0.06889352818371608,1.4652202802107883,0.9702468296661938,87.36076843047718,1368.1535687503679,0.12308382667636171,0.008395171085659554,0.0007720176298969627,0.0,0.0,0.07242600762230972,0.06825408498459812,0.0206241162693896,0.017220534970606494,0.5133733591108391,153.98579135236406,0.021370473499252685,0.7273482020668685,-0.0004397166468946956,533.3333333333334,0.009689798108399685,True,0.7793424129486084,0.07242600762230972,True,False,True,0.85,False,False,False,0,True,True,True,True,True,True,True,False,True,0,0,False,0,15,24,15,,,,False,False,False,
304,2026-08-12T14:30:37.235596,shadow,analysis_full,silero,webrtc,True,0.892975389957428,True,True,True,1,False,True,False,0,0.0,,,,,,,,,,,,,0.16976580890430876,0.9669837293394191,0.029485478870411756,0.0035307917842786374,,,,,,,,,,,,,,False,False,temporal_v1,False,0.0012183492891256163,0.054279749478079335,0.9390555375452104,0.9761673789051547,88.42460626241143,1548.5561057089153,0.16416077500861165,0.005005626171366356,0.0005994077233307505,0.0,0.0,0.08421038931378509,0.07801977217875225,0.019638499750864475,0.017881096538925976,0.7345485853271024,120.38607009435492,0.006579425753506659,0.5814416527664745,-0.00035624120729297915,400.0,0.012424454815299428,True,0.790630966424942,0.08421038931378509,True,False,True,0.85,False,False,False,0,True,True,True,True,True,True,True,False,True,0,0,False,0,15,24,15,,,,False,False,False,
305,2026-08-12T14:30:37.246890,shadow,analysis_full,silero,webrtc,True,0.876771092414856,True,True,True,1,False,True,False,0,0.0,,,,,,,,,,,,,0.2279294537381499,0.8366126420456417,0.1604257626245353,0.00296159532543562,,,,,,,,,,,,,,False,False,temporal_v1,False,0.00141323308058608,0.09812108559498957,2.206042877996434,0.952833457760382,89.60925978752778,1210.520745428488,0.19068866249189345,0.03656575644053644,0.0006750348047199991,0.0,0.0,0.07991026218177369,0.07371690400100538,0.02001429613299748,0.017945572586924096,0.7358126530273951,108.73760491212018,0.031110056715142997,0.8373971679915844,-0.0005115688936918896,1100.0,0.006009002007649205,True,0.8420298397541046,0.07991026218177369,True,False,True,0.85,True,False,False,0,True,True,True,True,True,True,True,False,True,0,0,False,0,15,24,15,,,,False,False,False,
306,2026-08-12T14:30:37.263581,shadow,analysis_full,silero,webrtc,True,0.8570577502250671,True,True,True,1,False,True,False,0,0.0,,,,,,,,,,,,,0.25741984143612695,0.8858190319443083,0.10723019656836295,0.006950771483444214,,,,,,,,,,,,,,False,False,temporal_v1,False,0.0014981049400585131,0.0918580375782881,2.277940771169037,0.947079939992751,90.08996326106265,1339.5662136554952,0.22802739474420733,0.027603180197792714,0.0017892664931269625,0.0,0.0,0.0797523674059851,0.07365827994425808,0.019956907014372808,0.016529648615296506,0.6990415909142003,102.37930116167307,0.008490176895594554,0.8555241403272327,-0.0005098617857154042,766.6666666666667,0.007372512228719627,True,0.8565395772457123,0.0797523674059851,True,False,True,0.85,False,False,False,0,True,True,True,True,True,True,True,False,True,0,0,False,0,15,24,15,,,,False,False,False,
307,2026-08-12T14:30:37.277193,shadow,analysis_full,silero,webrtc,True,0.8199496269226074,True,True,True,1,False,True,False,0,0.0,,,,,,,,,,,,,0.20983921589974638,0.9424312999505235,0.04492154721584415,0.01264715282886665,,,,,,,,,,,,,,False,False,temporal_v1,False,0.0013568085167296891,0.07515657620041753,2.0285677419545687,0.9602454555386244,89.28892130128794,1358.144313903031,0.19775904502099656,0.00942630224477617,0.0026538686329736372,0.0,0.0,0.07879249746124459,0.07861065145437021,0.003084958296106055,0.016231648866325818,0.5916574720006492,92.24636663917349,0.008775938013552306,0.7808696161959332,-0.0004686224690058035,733.3333333333334,0.009369682382604206,True,0.8565395772457123,0.07879249746124459,True,False,True,0.85,False,False,False,0,True,True,True,True,True,True,True,False,True,0,0,False,0,15,24,15,,,,False,False,False,
308,2026-08-12T14:30:37.292894,shadow,analysis_full,silero,webrtc,True,0.8576539754867554,True,True,True,1,False,True,False,0,0.0,,,,,,,,,,,,,0.19445556727789187,0.9832002498678064,0.014775567615925866,0.002024182511124987,,,,,,,,,,,,,,False,False,temporal_v1,False,0.001311098497789512,0.04592901878914405,1.071696588439771,0.9840269234234046,89.09666687850606,1033.8871277241017,0.19118876233580934,0.0028731913826077126,0.000393613558474797,0.0,0.0,0.08644039772788166,0.08559687926109408,0.003479353878332138,0.01931078259682201,0.6745280834824668,130.67586309641126,0.02432422167538917,0.8394634691750712,-0.0005176517792644502,366.6666666666667,0.0028208683607836285,True,0.8573558628559113,0.08644039772788166,True,False,True,0.85,False,False,False,0,True,True,True,True,True,True,True,False,True,0,0,False,0,15,24,15,,,,False,False,False,
309,2026-08-12T14:30:37.309064,shadow,analysis_full,silero,webrtc,True,0.9053139090538025,True,True,True,1,False,True,False,0,0.0,,,,,,,,,,,,,0.06258932519497132,0.9420687851043501,0.05239953703213715,0.005531677847535521,,,,,,,,,,,,,,False,False,temporal_v1,False,0.0007453830053658024,0.08977035490605428,2.0099639889492735,0.9741145060878307,84.14290672484881,1092.1139382786828,0.05896344954692772,0.0032796516633703744,0.0003462239836732197,0.0,0.0,0.0644383351304399,0.0630820435363336,0.0035012232252138184,0.019450212440671594,0.6048975556746861,146.3707917525969,0.01579027456728413,1.3149142736648631,-0.0007881008507385431,533.3333333333334,0.002462746002640803,True,0.8672125339508057,0.0644383351304399,True,False,True,0.85,False,False,False,0,True,True,True,True,True,True,True,False,True,0,0,False,0,15,24,15,,,,False,False,False,
310,2026-08-12T14:30:37.330185,shadow,analysis_full,silero,webrtc,True,0.8687090277671814,True,True,True,1,False,True,False,0,0.0,,,,,,,,,,,,,0.02049408850613738,0.9170750509823969,0.07584800351874581,0.007076945450062703,,,,,,,,,,,,,,False,False,temporal_v1,False,0.0004283511149537907,0.06471816283924843,2.123436558587902,0.9635309054252535,79.26783559346059,1394.2786298414635,0.018794617261603693,0.001554435697126996,0.00014503554640669125,0.0,0.0,0.04574754498824816,0.04502072266022733,0.0032998074569981503,0.017311409137058774,0.5325459832316769,146.94067889370504,0.0079027008532478,0.8357229660670249,-0.0005069613282697196,733.3333333333334,0.015930757256040044,True,0.8727400600910187,0.04574754498824816,True,False,False,0.85,False,False,False,0,True,True,True,True,True,True,True,False,True,0,0,False,0,15,24,15,,,,False,False,False,
311,2026-08-12T14:30:37.346898,shadow,analysis_full,silero,webrtc,True,0.8525744676589966,True,True,True,1,False,True,False,0,0.0,,,,,,,,,,,,,0.014765167143566894,0.8052988468605795,0.10421352300958321,0.09048763006211026,,,,,,,,,,,,,,False,False,temporal_v1,False,0.0003656753619115666,0.14613778705636743,2.908984261761972,0.8731813858751475,77.45789231010555,1994.3109060165018,0.011890372074418136,0.0015387300858564505,0.0013360649822923064,0.0,0.0,0.053559488607713014,0.041865159268532945,0.025541918260252826,0.026677447942104124,0.5826848976194553,257.08813325243483,0.009405136717226528,0.9650387191080663,-0.000585042294812584,1800.0000000000002,0.030052385219174936,True,0.8631815016269684,0.053559488607713014,True,False,True,0.85,True,False,False,0,True,True,True,True,True,True,True,False,True,0,0,False,0,15,24,15,,,,False,False,False,
312,2026-08-12T14:30:37.363535,shadow,analysis_full,silero,webrtc,True,0.8414826989173889,True,True,True,1,False,True,False,0,0.0,,,,,,,,,,,,,0.008148771904964403,0.776094220615488,0.15477019719898535,0.06913558206280873,,,,,,,,,,,,,,False,False,temporal_v1,False,0.00026982402610077134,0.09603340292275574,2.558304167808356,0.8943067759019422,74.89362508288374,1851.770872722706,0.006324214780556734,0.0012611870346608922,0.0005633700887467767,0.0,0.0,0.06688309023945507,0.04740186974404633,0.03010800525867195,0.027024001879389404,0.5941614059565288,291.0150425216024,0.003909723883644893,1.0064249871534756,-0.00059960358114288,1766.6666666666667,0.026287196371529976,True,0.8631815016269684,0.06688309023945507,True,False,True,0.85,True,False,False,0,True,True,True,True,True,False,True,False,True,0,0,False,0,15,24,15,,,,False,False,False,
313,2026-08-12T14:30:37.380202,shadow,analysis_full,silero,webrtc,True,0.8561437726020813,True,True,True,1,False,True,False,0,0.0,,,,,,,,,,,,,0.11801357751551614,0.9789753317758076,0.018817095968066955,0.002207572247651774,,,,,,,,,,,,,,False,False,temporal_v1,False,0.0010302046148168767,0.05010438413361169,1.7398581438074867,0.9825180678543095,86.99385423956748,1115.70914760104,0.1155323812023024,0.0022206728136443758,0.0002605234985693548,0.0,0.0,0.07066012573470706,0.050801318376566186,0.03030525719922921,0.028555500336614217,0.5768000649723257,304.957451224708,0.02551460060194849,0.6440401311880374,-0.0004090464930871647,400.0,0.006491062719863833,True,0.8573558628559113,0.07066012573470706,True,False,True,0.85,False,False,False,0,True,True,True,True,True,True,True,False,True,0,0,False,0,15,24,15,,,,False,False,False,
314,2026-08-12T14:30:37.396841,shadow,analysis_full,silero,webrtc,True,0.9488734602928162,True,True,True,1,False,True,False,0,0.0,,,,,,,,,,,,,0.2103092530324346,0.9952036090949626,0.004333857314193768,0.0004625335860887012,,,,,,,,,,,,,,False,False,temporal_v1,False,0.0013618470682115204,0.04801670146137787,0.6642170009701109,0.9866592588372222,89.43843930420519,889.9376918541418,0.20930052764394463,0.0009114502944972446,9.727509299272804e-05,0.0,0.0,0.07364153276982198,0.053601713129794684,0.0304880135443514,0.02920070344034382,0.6301316352323122,334.16364874407225,0.05831225692234772,0.8786801213959963,-0.0005462622206474935,366.6666666666667,0.0013686631579628837,True,0.8573558628559113,0.07364153276982198,True,False,True,0.85,False,False,False,0,True,True,True,True,True,True,True,False,True,0,0,False,0,15,24,15,,,,False,False,False,
315,2026-08-12T14:30:37.413719,shadow,analysis_full,silero,webrtc,True,0.9363846182823181,True,True,True,1,False,True,False,0,0.0,,,,,,,,,,,,,0.0742240696041374,0.9948442925674856,0.0036274223948958633,0.0015282850241457055,,,,,,,,,,,,,,False,False,temporal_v1,False,0.0008084914101695837,0.05010438413361169,1.6649330787040686,0.983490353258043,84.89154733771144,1111.5356356208242,0.07384139201680788,0.0002692420523223573,0.00011343553400715165,0.0,0.0,0.07397146985910653,0.04866696125063387,0.030570792980780453,0.029862620435960024,0.6298187877501265,338.92976044073856,0.03377720604145961,0.6177991310001129,-0.0003823934334943203,533.3333333333334,0.004839639609342929,True,0.8573558628559113,0.07397146985910653,True,False,True,0.85,False,False,False,0,True,True,True,True,True,True,True,False,True,0,0,False,0,15,24,15,,,,False,False,False,
316,2026-08-12T14:30:37.430189,shadow,analysis_full,silero,webrtc,True,0.8954290747642517,True,True,True,1,False,True,False,0,0.0,,,,,,,,,,,,,0.041598114172171456,0.9778847193090149,0.018481449740541663,0.0036338309264038766,,,,,,,,,,,,,,False,False,temporal_v1,False,0.0006061876474027604,0.05219206680584551,1.2300135602166056,0.9815850359301558,82.37636155016082,1171.3819654520228,0.04067816020103824,0.0007687934563743007,0.00015116051375891603,0.0,0.0,0.07460938503394275,0.04695937746294829,0.0307260649798763,0.030097405078814362,0.6459863882656739,341.6107688780645,0.014387578091343733,0.9015485435010034,-0.0005472632767319158,533.3333333333334,0.006075396794179371,True,0.8631815016269684,0.07460938503394275,True,False,True,0.85,False,False,False,0,True,True,True,True,True,True,True,False,True,0,0,False,0,15,24,15,,,,False,False,False,
317,2026-08-12T14:30:37.446883,shadow,analysis_full,silero,webrtc,True,0.9235236048698425,True,True,True,1,False,True,False,0,0.0,,,,,,,,,,,,,0.22038754568337302,0.9868354097820838,0.011806438395967163,0.001358151817411558,,,,,,,,,,,,,,False,False,temporal_v1,False,0.0013883540048169334,0.05636743215031315,2.262429524401507,0.9711739444744338,89.5377937374794,1044.7946908601998,0.21748623395531913,0.0026019919813491423,0.0002993197457047458,0.0,0.0,0.076438228790501,0.04829429575472423,0.031160446478604817,0.030415036084203477,0.6579600308784443,349.2461129847201,0.059717109916562275,0.794679802678588,-0.0004807308623808401,833.3333333333334,0.0041008583279751685,True,0.8820690512657166,0.076438228790501,True,False,True,0.85,False,False,False,0,True,True,True,True,True,True,True,False,True,0,0,False,0,15,24,15,,,,False,False,False,
318,2026-08-12T14:30:37.463538,shadow,analysis_full,silero,webrtc,True,0.9661439657211304,True,True,True,1,False,True,False,0,0.0,,,,,,,,,,,,,0.7295512549069183,0.9778650694454498,0.02030223349831494,0.0018326970548645666,,,,,,,,,,,,,,False,False,temporal_v1,False,0.002529255208223534,0.08559498956158663,2.2428059492677876,0.9673935530000571,94.73229003978969,989.7365103973347,0.7134026885435687,0.01481151992610894,0.001337046436240658,0.0,0.0,0.07612313305623979,0.04796537312300686,0.031170526956798502,0.029600955114431903,0.6166721858429687,352.4669367067567,0.025631866200679216,1.0691034998326407,-0.0006394005634884028,900.0000000000001,0.0021130680127384375,True,0.9003714919090271,0.07612313305623979,True,False,True,0.85,False,False,False,0,True,True,True,True,True,True,True,False,True,0,0,False,0,15,24,15,,,,False,False,False,
319,2026-08-12T14:30:37.480145,shadow,analysis_full,silero,webrtc,True,0.9623236656188965,True,True,True,1,False,True,False,0,0.0,,,,,,,,,,,,,0.7539825113343679,0.9516124189527971,0.04740177657392309,0.0009858044719534913,,,,,,,,,,,,,,False,False,temporal_v1,False,0.0025815331899757487,0.0918580375782881,2.5531516045890803,0.9617010260569004,94.88431282330197,960.986189810818,0.7174991214590026,0.03574011054291714,0.0007432793314481439,0.0,0.0,0.07626277968282935,0.04792690374776132,0.0313861977332653,0.02971924625861033,0.6437284484270747,361.0111976843461,0.02481277296386029,0.9001606410291415,-0.0005549555679937617,966.6666666666667,0.002435346513833682,True,0.9094763398170471,0.07626277968282935,True,False,True,0.85,False,False,False,0,True,True,True,True,True,True,True,False,True,0,0,False,0,15,24,15,,,,False,False,False,
320,2026-08-12T14:30:37.496816,shadow,analysis_full,silero,webrtc,True,0.9623236656188965,True,True,True,1,False,True,False,0,0.0,,,,,,,,,,,,,0.7774287751969909,0.8934646148468759,0.10446640666809387,0.0020689784837440417,,,,,,,,,,,,,,False,False,temporal_v1,False,0.002632916738296354,0.09394572025052192,2.1617392676006983,0.9570639675859782,95.03460248366397,1102.7199697649198,0.6946051012022579,0.08121519058520699,0.0016084834085260578,0.0,0.0,0.07717736140581472,0.05041594505884586,0.03159369780468586,0.030086542334360204,0.6445957471849187,360.1514343917668,0.023038332011979218,1.1124333205831278,-0.000669909604734226,833.3333333333334,0.0027770252722304164,True,0.9299541115760803,0.07717736140581472,True,False,True,0.85,False,False,False,0,True,True,True,True,True,True,True,False,True,0,0,False,0,15,24,15,,,,False,False,False,
321,2026-08-12T14:30:37.513496,shadow,analysis_full,silero,webrtc,True,0.9706091284751892,True,True,True,1,False,True,False,0,0.0,,,,,,,,,,,,,1.0857351417818208,0.8355361370092305,0.1637834435904929,0.0006804193993553997,,,,,,,,,,,,,,False,False,temporal_v1,False,0.0031025926481393525,0.09603340292275574,1.9957015047315307,0.9483010411988021,96.42066074704806,1203.1164309531407,0.9071709461795517,0.17782544034823866,0.0007387552530302363,0.0,0.0,0.07253605120852344,0.05933862615057254,0.0202668628996651,0.020944566510326706,0.5694661421942134,253.0657670081479,0.007878221714460683,0.7507529506806606,-0.000455544108038684,1000.0000000000001,0.004484703574689597,True,0.9426290392875671,0.07253605120852344,True,False,True,0.85,True,False,False,0,True,True,True,True,True,True,True,False,True,0,0,False,0,15,24,15,,,,False,False,False,
322,2026-08-12T14:30:37.513496,shadow,analysis_full,silero,webrtc,True,0.9690594673156738,True,True,True,1,False,True,False,0,0.0,,,,,,,,,,,,,1.148199646110307,0.8786627559748892,0.12095780644042223,0.00037943758381760374,,,,,,,,,,,,,,False,False,temporal_v1,False,0.0031719282640323395,0.09394572025052192,1.9836974706918344,0.9493020120224716,96.61723392033757,1011.5933598601003,1.0088802654606748,0.1388837105491718,0.00043567009946032255,0.0,0.0,0.053953563099421314,0.05429345709674773,0.000936773578441415,0.020713347398434175,0.5283888158908897,93.11752718715937,0.003480233842709847,1.1360088930106893,-0.0006861268929646668,800.0,0.0007871446823582814,True,0.9555985629558563,0.053953563099421314,True,False,True,0.85,False,False,False,0,True,True,True,True,True,True,True,False,True,0,0,False,0,15,24,15,,,,False,False,False,
323,2026-08-12T14:30:37.531794,shadow,analysis_full,silero,webrtc,True,0.9549209475517273,True,True,True,1,False,True,False,0,0.0,,,,,,,,,,,,,0.9040419981059276,0.8901516225471477,0.10933447551431938,0.0005139019374268954,,,,,,,,,,,,,,False,False,temporal_v1,False,0.0028091316127528063,0.10438413361169102,1.9317200281347195,0.950289500501632,95.56627933524913,1156.1239464884793,0.8047344514647569,0.0988429577058289,0.0004645889343419179,0.0,0.0,0.05526837356120867,0.05563597090575603,0.0009490507696339525,0.021412745561516636,0.5275290508463053,96.2649930768923,0.014457942237702576,0.825267158042397,-0.0005088309019190675,766.6666666666667,0.0038521386068799796,True,0.9586223065853119,0.05526837356120867,True,False,True,0.85,False,False,False,0,True,True,True,True,True,True,True,False,True,0,0,False,0,15,24,15,,,,False,False,False,
324,2026-08-12T14:30:37.546929,shadow,analysis_full,silero,webrtc,True,0.9371907711029053,True,True,True,1,False,True,False,0,0.0,,,,,,,,,,,,,0.803094005720743,0.8898883491894588,0.1082164367846896,0.001895214024606467,,,,,,,,,,,,,,False,False,temporal_v1,False,0.0026555829095966533,0.08350730688935282,2.097309159072143,0.9476990099760114,95.06646904204892,1408.175231113585,0.7146639989947817,0.08690797170224193,0.0015220350227193383,0.0,0.0,0.053406631032585056,0.05385829741722561,0.0009125465732820563,0.01908945802187245,0.3432199666391027,124.00472215745508,0.011197074059518806,0.6647032125068112,-0.00040007191338994316,966.6666666666667,0.0098664091910208,True,0.9586223065853119,0.053406631032585056,True,False,True,0.85,False,False,False,0,True,True,True,True,True,True,True,False,True,0,0,False,0,15,24,15,,,,False,False,False,
325,2026-08-12T14:30:37.546929,shadow,analysis_full,silero,webrtc,True,0.9592370986938477,True,True,True,1,False,True,False,0,0.0,,,,,,,,,,,,,0.7493861704846281,0.8400062916624795,0.1597176712029594,0.00027603713322664014,,,,,,,,,,,,,,False,False,temporal_v1,False,0.002594395159213861,0.09812108559498957,2.451992199600939,0.9470079801745986,94.86006328161237,1075.0544172126693,0.6294890980919391,0.11969021398150871,0.00020685841018026693,0.0,0.0,0.054128686955593544,0.05472946694714083,0.0009816827298045699,0.0166491875051164,0.34476656085967555,124.61798807550937,0.020098547213401846,0.9296585507247689,-0.0005756981201599338,1000.0000000000001,0.002874598192999001,True,0.9607803821563721,0.054128686955593544,True,False,True,0.85,True,False,False,0,True,True,True,True,True,True,True,False,True,0,0,False,0,15,24,15,,,,False,False,False,
326,2026-08-12T14:30:37.563479,shadow,analysis_full,silero,webrtc,True,0.9600213766098022,True,True,True,1,False,True,False,0,0.0,,,,,,,,,,,,,0.6727456825682483,0.8355445836324203,0.16406433045346092,0.0003910859126324425,,,,,,,,,,,,,,False,False,temporal_v1,False,0.00244362655968338,0.0918580375782881,2.166612544499531,0.9493588659919976,94.3510741201181,1120.2305828476567,0.5621090112319954,0.1103735699760162,0.00026310135923673884,0.0,0.0,0.05369544686494176,0.05407300266796768,0.0006610468633670397,0.012401959699606802,0.1911106242948016,123.1316299575095,0.009305599112806918,1.0025608035780798,-0.0006136138381794909,1100.0,0.0031494327299156594,True,0.9611725211143494,0.05369544686494176,True,False,True,0.85,True,False,False,0,True,True,True,True,True,True,True,False,True,0,0,False,0,15,24,15,,,,False,False,False,
327,2026-08-12T14:30:37.580146,shadow,analysis_full,silero,webrtc,True,0.9367967247962952,True,True,True,1,False,True,False,0,0.0,,,,,,,,,,,,,0.8217124099601721,0.8558314026749009,0.1434977765901097,0.0006708207337724534,,,,,,,,,,,,,,False,False,temporal_v1,False,0.002685858174927534,0.07306889352818371,2.1153811336088855,0.9549990087558602,95.19813099001212,1270.0298191228571,0.7032472844115873,0.11791390382578541,0.0005512217217994137,0.0,0.0,0.0458158568669943,0.04621023820318133,0.0006599354588080822,0.00824832829442105,0.1902204757909868,130.05233148287698,0.005853452845323439,0.7040493769214906,-0.0004343829038753971,933.3333333333334,0.007395358125010665,True,0.9611725211143494,0.0458158568669943,True,False,False,0.85,False,False,False,0,True,True,True,True,True,True,True,False,True,0,0,False,0,15,24,15,,,,False,False,False,
328,2026-08-12T14:30:37.592175,shadow,analysis_full,silero,webrtc,True,0.9515843391418457,True,True,True,1,False,True,False,0,0.0,,,,,,,,,,,,,0.7132643513833646,0.8213881101249438,0.17608160765794437,0.0025302822157098137,,,,,,,,,,,,,,False,False,temporal_v1,False,0.002503445659763286,0.0709812108559499,2.3688516011886516,0.9434619874442335,94.53436868554563,1480.7512197610827,0.5858668576022757,0.12559273367668378,0.0018047601034051229,0.0,0.0,0.037309531159828095,0.03734663264888466,0.0007744353896417033,0.01018481078718202,0.1986172202458,157.6700532269223,0.004051104837591783,0.5981406625443858,-0.00036800465120160285,1366.6666666666667,0.017347250205290703,True,0.959629237651825,0.037309531159828095,True,False,False,0.85,True,False,False,0,True,True,True,True,True,True,True,False,True,0,0,False,0,15,24,15,,,,False,False,False,
329,2026-08-12T14:30:37.602440,shadow,analysis_full,silero,webrtc,True,0.9050102829933167,True,True,True,1,False,True,False,0,0.0,,,,,,,,,,,,,0.7010949187087342,0.8039572625626332,0.19374871994321594,0.0022940174927245393,,,,,,,,,,,,,,False,False,temporal_v1,False,0.0024760116788561347,0.11064718162839249,2.4901888498957514,0.9396653325223461,94.42098459425678,1159.5196925210946,0.5636503516416458,0.13583624305851028,0.0016083240075781251,0.0,0.0,0.03034330693283441,0.03019923360726778,0.0008601209328268409,0.011972819172392207,0.18745558160733564,140.554174061727,0.0015984281968506324,1.2550522353036317,-0.0007572939545013189,1600.0,0.003279688230183574,True,0.9570790231227875,0.03034330693283441,True,False,False,0.85,True,False,False,0,True,True,True,True,True,True,True,False,True,0,0,False,0,15,24,15,,,,False,False,False,
330,2026-08-12T14:30:37.619736,shadow,analysis_full,silero,webrtc,True,0.9107879996299744,True,True,True,1,False,True,False,0,0.0,,,,,,,,,,,,,0.6052502100938009,0.8280758272783889,0.17122924369805653,0.0006949290219025069,,,,,,,,,,,,,,False,False,temporal_v1,False,0.002300732139032415,0.1336116910229645,2.362730935802181,0.9414075267183314,93.79148452507847,1055.2421915529908,0.5011930684338428,0.10363653572245135,0.0004206059365067718,0.0,0.0,0.028199555945290816,0.027930412515429864,0.0008140554455091183,0.01741182418538041,0.19542079617966865,144.4646354935937,0.002358663429581382,1.502672820838634,-0.0008981230400565694,1600.0,0.0006834918676237497,True,0.9532526433467865,0.028199555945290816,True,False,False,0.85,True,False,False,0,True,True,True,True,True,True,True,False,True,0,0,False,0,15,24,15,,,,False,False,False,
331,2026-08-12T14:30:37.632170,shadow,analysis_full,silero,webrtc,True,0.9206801652908325,True,True,True,1,False,True,False,0,0.0,,,,,,,,,,,,,0.2641323495655826,0.88190761511329,0.11713139755979338,0.0009609873231309103,,,,,,,,,,,,,,False,False,temporal_v1,False,0.0015405735776571946,0.10020876826722339,1.9696901740070545,0.9551255356110966,90.36949107072878,1053.0230896529902,0.2329403304796528,0.030938191245368576,0.0002538278395613071,0.0,0.0,0.02956413069292889,0.029279679230441998,0.000806230729112455,0.01746680639945878,0.19822806075398486,150.41076810136522,0.004916949592698383,1.627013829247942,-0.0009841672032444974,733.3333333333334,0.0006008612311006377,True,0.9443875551223755,0.02956413069292889,True,False,False,0.85,False,False,False,0,True,True,True,True,True,True,True,False,True,0,0,False,0,15,24,15,,,,False,False,False,
332,2026-08-12T14:30:37.642942,shadow,analysis_full,silero,webrtc,True,0.9274511933326721,True,True,True,1,False,True,False,0,0.0,,,,,,,,,,,,,0.03441769001457044,0.8589766924883684,0.13654754019261708,0.0044757672899598516,,,,,,,,,,,,,,False,False,temporal_v1,False,0.0005574431235920556,0.09603340292275574,2.849378098803559,0.9441142465843719,81.4772451624431,1278.9165602428357,0.029563993531805662,0.004699650910601593,0.0001540455711631922,0.0,0.0,0.028391391604615665,0.02828165828600641,0.001265736509453085,0.01745307708436481,0.26525700257099283,141.79558142261695,0.016110377805715125,0.9776874950422074,-0.0005912632520465113,866.6666666666667,0.011127669136511736,True,0.9369937479496002,0.028391391604615665,True,False,False,0.85,False,False,False,0,True,True,True,True,True,True,True,False,True,0,0,False,0,15,24,15,,,,False,False,False,
333,2026-08-12T14:30:37.647064,shadow,analysis_full,silero,webrtc,True,0.9166911840438843,True,True,True,1,False,True,False,0,0.0,,,,,,,,,,,,,0.004167220936755852,0.5737832208107628,0.3895504527760605,0.03666632617320837,,,,,,,,,,,,,,False,True,temporal_v1,False,0.0001978817846880472,0.05845511482254697,3.6422008500530874,0.8858932248603616,72.10710572527444,1538.6745143847393,0.002391081450921817,0.001623342802731121,0.000152796682102913,0.0,0.0,0.08549724393576322,0.07551302168933058,0.0105979543351828,0.020485901486811293,0.46303475468827304,171.7074577496276,0.00899007195677073,2.393834335946729,-0.0014754627021665784,1666.6666666666667,0.0013734929917961407,True,0.9321239590644836,0.08549724393576322,True,False,True,0.85,True,False,False,0,True,True,True,True,True,True,True,False,True,0,0,False,0,15,24,15,,,,False,False,False,
