frame,timestamp,processing_mode,speech_detector_implementation,comparison_speech_detector_implementation,is_speech,speech_probability,speech_gate_open,comparison_speech_evaluated,comparison_speech_is_speech,comparison_speech_aggressiveness,is_whisper,whisper_processed,trigger,raw_score,whisper_probability,stage1_silero_threshold,stage1_silero_low_pass,stage1_enter_count,stage1_exit_count,stage1_candidate,zcr_threshold,zcr_pass,centroid_threshold,centroid_pass,group_a_pass,entropy_threshold,group_b_pass,total_band_energy,low_proportion,mid_proportion,high_proportion,low_proportion_threshold,group_c_pass,silero_rolling_median,high_silero_threshold,high_silero_raw,high_silero_count,high_silero_normal_evidence,silero_penalty,group_count,effective_group_score,grouped_v1_raw_is_whisper,stage2_is_whisper,stage2_consecutive_count,legacy_is_whisper,grouped_v1_is_whisper,whisper_classifier_implementation,final_trigger,rms,zcr,entropy,voicing,hnr,spectral_centroid,band_energy_low,band_energy_mid,band_energy_high,temporal_score,formant_score,low_proportion_std,mid_proportion_std,high_proportion_std,zcr_std,entropy_std,spectral_centroid_std,spectral_flux,cepstral_peak_prominence,spectral_slope,spectral_rolloff,spectral_flatness,temporal_v1_window_full,temporal_v1_silero_median,temporal_v1_low_proportion_std,temporal_v1_silero_min_pass,temporal_v1_silero_max_pass,temporal_v1_low_proportion_std_pass,temporal_v1_raw_is_whisper,temporal_v1_is_whisper,temporal_v1_qualifying_run,confirmation_frames
0,2026-08-08T15:31:56.604694,shadow,silero,webrtc,False,0.0,True,True,True,1,False,True,False,0,0.0,,,,,,,,,,,,,88.69523592861634,0.20582604122404202,0.4282658685123872,0.3659080902635597,,,,,,,,,,,,,,,False,temporal_v1,False,0.028429089691788437,0.12734864300626306,4.722840786967693,0.6263131881252471,113.86281375926357,2278.7181762310347,18.25578928661952,37.98514224787996,32.45430439411587,0.0,0.0,,,,,,,,1.822901517079727,-0.00108812465610688,3400.0000000000005,0.012724681986825507,False,,,,,,False,False,0,20
1,2026-08-08T15:31:56.733013,shadow,silero,webrtc,False,0.008260281756520271,True,True,True,1,False,True,False,0,0.0,,,,,,,,,,,,,0.012732377272133649,0.6815117505464293,0.27067435194326883,0.04781389743176193,,,,,,,,,,,,,,,False,temporal_v1,False,0.0003428096759605022,0.1336116910229645,3.822782219197534,0.9096467155047353,77.07002078928724,1474.0672367895609,0.008677264723349374,0.0034463279668319803,0.0006087845809522951,0.0,0.0,,,,,,,0.006579555267019454,1.612225246381275,-0.0009663148625426832,1333.3333333333335,0.009234425375411777,False,,,,,,False,False,0,20
2,2026-08-08T15:31:56.781226,shadow,silero,webrtc,False,0.008689061738550663,True,True,True,1,False,True,False,0,0.0,,,,,,,,,,,,,0.010438580512138104,0.7027978029854384,0.24699446860768579,0.05020772831107734,,,,,,,,,,,,,,,False,temporal_v1,False,0.0003136558752920346,0.12943632567849686,3.798132005202748,0.9081719334596667,76.28377192394527,1518.6642157855608,0.007336211450217272,0.0025782716466140956,0.0005240974143067364,0.0,0.0,,,,,,,0.002233393025392268,1.3966430073589462,-0.0008299829216126071,1433.3333333333335,0.015770275422094023,False,,,,,,False,False,0,20
3,2026-08-08T15:31:56.787425,shadow,silero,webrtc,False,0.004133883863687515,True,True,True,1,False,True,False,0,0.0,,,,,,,,,,,,,0.00728408961001625,0.7186078900838236,0.22965204301356817,0.051740066765322654,,,,,,,,,,,,,,,False,temporal_v1,False,0.0002626351670902056,0.1524008350730689,3.8130354342631683,0.9121888884917743,74.74184466173948,1482.0720714524205,0.005234404265835279,0.0016728060604341369,0.0003768792827468338,0.0,0.0,,,,,,,0.0021176767405072213,1.7812779340882248,-0.0010797474508593575,1400.0,0.007112892661362905,False,,,,,,False,False,0,20
4,2026-08-08T15:31:56.794828,shadow,silero,webrtc,False,0.002803226700052619,True,True,True,1,False,True,False,0,0.0,,,,,,,,,,,,,0.006442774952595634,0.7280873954936148,0.22027087012396504,0.051641734227207546,,,,,,,,,,,,,,,False,temporal_v1,False,0.00024577191851456057,0.10855949895615867,3.7247084105302806,0.9111271707268508,74.15125512583764,1496.8940255749706,0.004690903234986853,0.001419155644821128,0.00033271607178765345,0.0,0.0,,,,,,,0.0012352701678968508,1.6566710768741335,-0.0009952911955537925,1466.6666666666667,0.009160901013543039,False,,,,,,False,False,0,20
5,2026-08-08T15:31:56.801892,shadow,silero,webrtc,False,0.002885223599150777,True,True,True,1,False,True,False,0,0.0,,,,,,,,,,,,,0.008303962831559365,0.7528266927976889,0.2030664309960228,0.0441068760858638,,,,,,,,,,,,,,,False,temporal_v1,False,0.0002774996009802757,0.11482254697286012,3.703964147744167,0.9190284760847905,75.25910957574938,1484.6278316083988,0.006251444875597769,0.0016862560953283879,0.00036626185963320755,0.0,0.0,,,,,,,0.0008045678018975983,1.2576033025682212,-0.0007452835356759129,1400.0,0.02068590995023913,False,,,,,,False,False,0,20
6,2026-08-08T15:31:56.813443,shadow,silero,webrtc,False,0.003271662164479494,True,True,False,1,False,True,False,0,0.0,,,,,,,,,,,,,0.005610385283662198,0.6902883958135136,0.2363344723280238,0.0733771316802215,,,,,,,,,,,,,,,False,temporal_v1,False,0.00022963894009769373,0.13569937369519833,3.8711843205436787,0.8975434072724306,73.48554209116853,1550.7514580296108,0.0038727838573549235,0.0013259274455712155,0.00041167397973605795,0.0,0.0,,,,,,,0.0025243764976245146,1.284884792720356,-0.0007681854012998245,1700.0000000000002,0.023979771958365585,False,,,,,,False,False,0,20
7,2026-08-08T15:31:56.823568,shadow,silero,webrtc,False,0.0033440222032368183,True,True,False,1,False,True,False,0,0.0,,,,,,,,,,,,,0.007320741482899922,0.7009496474562777,0.23249946076627548,0.06655089164084853,,,,,,,,,,,,,,,False,temporal_v1,False,0.00026410250937672824,0.1440501043841336,3.778608197154245,0.9046054679837678,74.75470076934593,1521.5908249293818,0.005131471161557248,0.0017020684471835358,0.00048720187315913743,0.0,0.0,,,,,,,0.0026559106476352003,1.375323712287898,-0.0008247976257298804,1533.3333333333335,0.018407899561252515,False,,,,,,False,False,0,20
8,2026-08-08T15:31:56.832951,shadow,silero,webrtc,False,0.0030885408632457256,True,True,False,1,False,True,False,0,0.0,,,,,,,,,,,,,0.0053359480418425555,0.7500836280658411,0.17007446033083015,0.07984191141592058,,,,,,,,,,,,,,,False,temporal_v1,False,0.00022466842909928854,0.1336116910229645,3.6972797305277756,0.9053851150946276,73.32968109781726,1512.0538995472166,0.004002407266396084,0.0009075084835697226,0.00042603229087674816,0.0,0.0,,,,,,,0.0025627613659714183,1.4169317927842389,-0.0008419457311736506,1600.0,0.014261800063222078,False,,,,,,False,False,0,20
9,2026-08-08T15:31:56.842947,shadow,silero,webrtc,False,0.003033108077943325,True,True,False,1,False,True,False,0,0.0,,,,,,,,,,,,,0.0064590229195205864,0.7425348939048836,0.18488063106193833,0.07258447487835595,,,,,,,,,,,,,,,False,temporal_v1,False,0.000244895742759511,0.1336116910229645,3.7480210393681226,0.9033504527622956,74.0825543525529,1530.2532087528664,0.00479604989827543,0.0011941482334044894,0.00046882478684066734,0.0,0.0,0.15563960348645497,0.06800008442415853,0.09260721817693428,0.012045404373070275,0.28977261156917833,232.3563722069143,0.0012493202994901997,1.6074099009967078,-0.000960460860056591,1600.0,0.010201112459115666,True,0.00318010151386261,0.15563960348645497,False,True,True,False,False,0,20
10,2026-08-08T15:31:56.856481,shadow,silero,webrtc,False,0.0025787765625864267,True,True,False,1,False,True,False,0,0.0,,,,,,,,,,,,,0.0049097643938456545,0.7388873947900166,0.2021738014265484,0.05893880357975924,,,,,,,,,,,,,,,False,temporal_v1,False,0.00021396836013387363,0.1440501043841336,3.641034003290926,0.9121180291544562,72.92896119214466,1485.2617229989326,0.0036277630220014007,0.0009926257316124891,0.0002893756392317647,0.0,0.0,0.024358054259044234,0.028534514225983246,0.011870572222480398,0.012527835648164924,0.0659789549913177,23.646590098603134,0.0017856525435162307,1.639152073988437,-0.0009863857509273353,1500.0,0.008629682392485724,True,0.00318010151386261,0.024358054259044234,False,True,False,False,False,0,20
11,2026-08-08T15:31:56.872390,shadow,silero,webrtc,False,0.0023439873475581408,True,True,False,1,False,True,False,0,0.0,,,,,,,,,,,,,0.004122552289062982,0.6947373140888254,0.24271306990298414,0.06254961576562214,,,,,,,,,,,,,,,False,temporal_v1,False,0.00019872689603843345,0.11064718162839249,3.7083619006338093,0.9071744346260312,72.24801551247691,1571.5215332448222,0.002864090904494355,0.0010005973219140507,0.0002578640616545755,0.0,0.0,0.022483597478877685,0.024480806776660417,0.01120183311644492,0.014196242171189975,0.063968190535271,28.264115292910642,0.00395315574049138,1.1083649597951213,-0.0006563301156673545,1566.6666666666667,0.030951617353217244,True,0.0030608244705945253,0.022483597478877685,False,True,False,False,False,0,20
12,2026-08-08T15:31:56.885025,shadow,silero,webrtc,False,0.0020408944692462683,True,True,False,1,False,True,False,0,0.0,,,,,,,,,,,,,0.005608444321841161,0.7246668723363565,0.22042413973638164,0.05490898774895903,,,,,,,,,,,,,,,False,temporal_v1,False,0.0002301969983703468,0.12317327766179541,3.8268181237380348,0.9094936585518952,73.56462558460242,1486.5006151158018,0.0040642538053812325,0.0012362365149012323,0.00030795400055869517,0.0,0.0,0.021555866766771674,0.02242194227921706,0.010824881069500051,0.014374722325763678,0.06671674888706171,29.50878293844139,0.0031003155823770144,1.6657974891538578,-0.0010071820753551404,1433.3333333333335,0.009661041557225839,True,0.002959165838547051,0.021555866766771674,False,True,False,False,False,0,20
13,2026-08-08T15:31:56.897079,shadow,silero,webrtc,False,0.001892855390906334,True,True,False,1,False,True,False,0,0.0,,,,,,,,,,,,,0.004993136346948738,0.7926528877408496,0.16347402522365226,0.04387308683522312,,,,,,,,,,,,,,,False,temporal_v1,False,0.0002182559738440808,0.08977035490605428,3.645800757523981,0.9244459399734021,73.16314680968178,1418.6403823710045,0.003957823944292714,0.0008162480971262329,0.00021906430452979075,0.0,0.0,0.029593409774538428,0.02631544001091343,0.011760081306207967,0.016728839772497384,0.07002416756259339,40.18088668503376,0.001605309410936514,1.6689565823533017,-0.0010135281393382697,1366.6666666666667,0.008163137937706727,True,0.002844225149601698,0.029593409774538428,False,True,False,False,False,0,20
14,2026-08-08T15:31:56.909716,shadow,silero,webrtc,False,0.001859262934885919,True,True,False,1,False,True,False,0,0.0,,,,,,,,,,,,,0.0058917385492742455,0.7274289089479561,0.21772269238090192,0.05484839850141278,,,,,,,,,,,,,,,False,temporal_v1,False,0.00023653664591327033,0.0918580375782881,3.804142844039852,0.9102242551717176,73.80848826252031,1498.7214691585177,0.004285820944705178,0.001282765179752338,0.00032315242381672943,0.0,0.0,0.029601820472614122,0.0262035251195528,0.01154675294372187,0.018864381952413314,0.07290041578079745,40.14406171079107,0.0013062623267783323,1.5021326482054709,-0.0008969815939824659,1433.3333333333335,0.012739788536329304,True,0.002732000080868602,0.029601820472614122,False,True,False,False,False,0,20
15,2026-08-08T15:31:56.916328,shadow,silero,webrtc,False,0.001964703667908907,True,True,False,1,False,True,False,0,0.0,,,,,,,,,,,,,0.005092606049141685,0.7523272593769863,0.19937860979777824,0.04829413062887237,,,,,,,,,,,,,,,False,temporal_v1,False,0.00021910082242854057,0.11691022964509394,3.5607652521795936,0.9150566339257259,73.15325597165639,1509.7382218256876,0.0038313063520374257,0.0010153567143256252,0.00024594298177863416,0.0,0.0,0.029566206003138674,0.026286841712651242,0.010982986318201207,0.018793782772320494,0.09090807439327285,39.50948674659647,0.002949346971121186,1.3402504761333887,-0.0007979081864129515,1333.3333333333335,0.017087449505983884,True,0.0024613819550722837,0.029566206003138674,False,True,False,False,False,0,20
16,2026-08-08T15:31:56.925086,shadow,silero,webrtc,False,0.001964703667908907,True,True,False,1,False,True,False,0,0.0,,,,,,,,,,,,,0.004832304950415973,0.7359783257026902,0.2236004144926586,0.040421259597710646,,,,,,,,,,,,,,,False,temporal_v1,False,0.00021220347510734846,0.11064718162839249,3.5768124848000586,0.9140551641448876,72.86449074330822,1509.2841853435407,0.003556471706691969,0.0010805053898679377,0.00019532785285606634,0.0,0.0,0.026188840683577033,0.025115733225506955,0.01185730263086418,0.018513402319328062,0.08743678739966375,36.9509778907153,0.004428664998128847,1.2523437631570145,-0.0007484868797925565,1466.6666666666667,0.02028767892927906,True,0.0021924409084022045,0.026188840683577033,False,True,False,False,False,0,20
17,2026-08-08T15:31:56.935632,shadow,silero,webrtc,False,0.0014120317064225674,True,True,False,1,False,True,False,0,0.0,,,,,,,,,,,,,0.004346591321257151,0.7312308831616677,0.22090103349412954,0.047868083114137414,,,,,,,,,,,,,,,False,temporal_v1,False,0.00020223656252875684,0.1127348643006263,3.734757731564533,0.90340654647455,72.38592537663335,1525.4839791047668,0.003178361810585707,0.0009601665150423187,0.00020806299462912569,0.0,0.0,0.023578759524063252,0.02409828286682813,0.011878952331438068,0.01671320046732812,0.0843683130507493,37.15047724525242,0.003559745033524336,1.3499857617543047,-0.0008039444100491555,1533.3333333333335,0.017874659868572545,True,0.0020027990685775876,0.023578759524063252,False,True,False,False,False,0,20
18,2026-08-08T15:31:56.944061,shadow,silero,webrtc,False,0.0013416447909548879,True,True,False,1,False,True,False,0,0.0,,,,,,,,,,,,,0.0023030182098080984,0.7497340076281921,0.2098149849310473,0.040451007006547655,,,,,,,,,,,,,,,False,temporal_v1,False,0.00015067189138784747,0.08977035490605428,3.583206347473786,0.9156736388449817,69.79970751370695,1469.8330407155756,0.0017266510720801301,0.0004832077309868137,9.315940574115422e-05,0.0,0.0,0.023562631087825435,0.021189024271875162,0.00980710073694015,0.017436837593170017,0.09068069335301665,38.45623775901666,0.0014623709023200491,1.2524042607194081,-0.0007492072232383153,1300.0,0.018558151290844895,True,0.001964703667908907,0.023562631087825435,False,True,False,False,False,0,20
19,2026-08-08T15:31:56.956276,shadow,silero,webrtc,False,0.001474712393246591,True,True,False,1,False,True,False,0,0.0,,,,,,,,,,,,,0.004203753008251415,0.699852352937102,0.2494891171416072,0.05065852968340802,,,,,,,,,,,,,,,False,temporal_v1,False,0.00019832948136951748,0.11691022964509394,3.7650948897325356,0.8963159113560857,72.17781847065366,1564.3364994871233,0.0029420064339911738,0.001048790626710021,0.0002129559465502201,0.0,0.0,0.026251408693871704,0.022789202009781327,0.00715941921932562,0.016062951199725544,0.0920399476714744,42.26212912457565,0.002326355313643154,1.4028262745626066,-0.0008370791290970939,1666.6666666666667,0.0165491500946582,True,0.0019287795294076204,0.026251408693871704,False,True,False,False,False,0,20
20,2026-08-08T15:31:56.963979,shadow,silero,webrtc,False,0.0011799830244854093,True,True,False,1,False,True,False,0,0.0,,,,,,,,,,,,,0.0029549515235530203,0.7213707783761878,0.24082264851611587,0.03780657276928121,,,,,,,,,,,,,,,False,temporal_v1,False,0.00016687457767262888,0.12317327766179541,3.3727816654931835,0.907309390650044,70.68338656121529,1506.5295174726045,0.0021316156806093444,0.0007116192521387701,0.00011171658980490565,0.0,0.0,0.0265001012178437,0.023555855708227113,0.007406601989025163,0.012560842552393588,0.13148873796205998,41.801680003673376,0.005309353369903788,1.6293329280738746,-0.0009901295845612078,1500.0,0.009136806220705517,True,0.0018760591628961265,0.0265001012178437,False,True,False,False,False,0,20
21,2026-08-08T15:31:56.972680,shadow,silero,webrtc,False,0.0011854927288368344,True,True,False,1,False,True,False,0,0.0,,,,,,,,,,,,,0.005007337095581742,0.7479451905030936,0.20438041670639648,0.04767439259080299,,,,,,,,,,,,,,,False,temporal_v1,False,0.00021988651898779995,0.1022964509394572,3.587580893854362,0.9150531034108599,73.18501612440649,1517.5610100497813,0.0037452136978680934,0.0010234016421843935,0.0002387217545292552,0.0,0.0,0.02344992241295806,0.02245116006264474,0.005655635270951072,0.012671391152812957,0.13184133896994346,36.09650631177444,0.006012509683616378,1.2746507401331189,-0.0007573042685098529,1466.6666666666667,0.01964777960976613,True,0.001666987664066255,0.02344992241295806,False,True,False,False,False,0,20
22,2026-08-08T15:31:56.988820,shadow,silero,webrtc,False,0.0010092084994539618,True,True,False,1,False,True,False,0,0.0,,,,,,,,,,,,,0.002586790202518476,0.7446698744718965,0.20674346666036245,0.04858665848116175,,,,,,,,,,,,,,,False,temporal_v1,False,0.00015737370216447518,0.09394572025052192,3.631822341129541,0.9102272099918979,70.16852128334887,1520.8634835656162,0.001926304735394565,0.0005348019739917307,0.0001256834921321804,0.0,0.0,0.023049815083388808,0.022495779527509977,0.005017864591446577,0.012130136990675531,0.11723375953343054,36.22014745273303,0.003318119924588023,1.483284797839496,-0.0008886473616375566,1533.3333333333335,0.012599732043536883,True,0.0014433720498345792,0.023049815083388808,False,True,False,False,False,0,20
23,2026-08-08T15:31:57.001741,shadow,silero,webrtc,False,0.0010315311374142766,True,True,False,1,False,True,False,0,0.0,,,,,,,,,,,,,0.0037427095717844448,0.7414673628758712,0.21446758959493223,0.044065047262010354,,,,,,,,,,,,,,,False,temporal_v1,False,0.00018862353627269632,0.1022964509394572,3.6993611554432726,0.9172186588943156,71.83013643763643,1475.2376392738204,0.0027750969962012937,0.0008026899004144909,0.0001649226741686601,0.0,0.0,0.015209969392042715,0.015117429726320327,0.00500986764921323,0.01111776781268839,0.11921025128923089,25.15640759414525,0.001280948295839711,1.4655230085817097,-0.0008810789765488126,1333.3333333333335,0.014097133366805167,True,0.0013768382486887276,0.015209969392042715,False,True,False,False,False,0,20
24,2026-08-08T15:31:57.012301,shadow,silero,webrtc,False,0.0011831338051706553,True,True,False,1,False,True,False,0,0.0,,,,,,,,,,,,,0.0016754513831232283,0.7169757924243989,0.23695775716632775,0.04606644981241917,,,,,,,,,,,,,,,False,temporal_v1,False,0.00013127213519581788,0.11482254697286012,3.526975108694529,0.9170490888731052,68.54508161034009,1541.5741296053723,0.0012012580830833319,0.0003970112019861019,7.718209705379448e-05,0.0,0.0,0.016044460558666148,0.016060896052495208,0.004076391571481662,0.01028912027586773,0.10752768439038489,26.523945673171138,0.0032234949509956537,1.0377602993515582,-0.0006151787148469264,1433.3333333333335,0.030118962319244273,True,0.0012635687598958611,0.016044460558666148,False,True,False,False,False,0,20
25,2026-08-08T15:31:57.023603,shadow,silero,webrtc,False,0.0009312441106885672,True,True,False,1,False,True,False,0,0.0,,,,,,,,,,,,,0.003216678904924174,0.7256884268515095,0.22560532994798982,0.04870624288962101,,,,,,,,,,,,,,,False,temporal_v1,False,0.0001784062777317732,0.10020876826722339,3.695189082802802,0.9153835656299075,71.3229262166937,1490.7197243329306,0.00233430665420086,0.0007256999056821569,0.00015667234404115695,0.0,0.0,0.014982476406249244,0.014430970333440995,0.004109521681088032,0.010118263729480277,0.10967401622136196,27.43084981649669,0.003481591065059898,1.458035975538078,-0.0008722394009327578,1400.0,0.013814222116158606,True,0.0011843132670037448,0.014982476406249244,False,True,False,False,False,0,20
26,2026-08-08T15:31:57.031355,shadow,silero,webrtc,False,0.0008274780702777207,True,True,False,1,False,True,False,0,0.0,,,,,,,,,,,,,0.0022378566481779435,0.7645925067923414,0.19551226529067356,0.039895227470129004,,,,,,,,,,,,,,,False,temporal_v1,False,0.00014751735408796078,0.12526096033402923,3.647854615585842,0.923863418468143,69.64595292617199,1417.6234733562674,0.0017110484244722804,0.0004375284226810636,8.92798000245995e-05,0.0,0.0,0.01799562551607364,0.016656777014219245,0.004173610829903876,0.011540939424705845,0.10911703831096599,39.50948013526753,0.0027265254231119388,1.827418603356261,-0.001100469608994046,1300.0,0.00480144947168138,True,0.0011815584148280323,0.01799562551607364,False,True,False,False,False,0,20
27,2026-08-08T15:31:57.040993,shadow,silero,webrtc,False,0.0008078530663624406,True,True,False,1,False,True,False,0,0.0,,,,,,,,,,,,,0.0012218076389533246,0.8189303697269222,0.15072303521717081,0.030346594237447438,,,,,,,,,,,,,,,False,temporal_v1,False,0.00011005469914552903,0.09603340292275574,2.9315023385204713,0.9300750908443248,66.96017431406082,1564.8401503247094,0.001000575381503224,0.00018415455579457026,3.707770065553022e-05,0.0,0.0,0.031004739591582682,0.026732685438868108,0.005968398421450758,0.011956426775178582,0.2285983196498362,43.33087086836802,0.0063590595146617475,0.936584256772379,-0.0005611371142623433,1333.3333333333335,0.024086897335976305,True,0.001105757080949843,0.031004739591582682,False,True,False,False,False,0,20
28,2026-08-08T15:31:57.054308,shadow,silero,webrtc,False,0.0008350484422408044,True,True,False,1,False,True,False,0,0.0,,,,,,,,,,,,,0.0010491708353802239,0.6189534527994679,0.3352919787111818,0.045754567536216685,,,,,,,,,,,,,,,False,temporal_v1,False,0.00010474547245591886,0.1524008350730689,3.69182014328841,0.8895616207140185,66.29613633591484,1501.1501754024694,0.0006493879111350917,0.0003517785654006989,4.800435784443333e-05,0.0,0.0,0.048246105703653966,0.045170515481482494,0.005915911949998451,0.016934697111209394,0.23273937196309602,41.636432547016206,0.007453600837710408,1.5116383270915015,-0.0009150126850412612,2033.3333333333335,0.010492811734043572,True,0.0010203698184341192,0.048246105703653966,False,True,False,False,False,0,20
29,2026-08-08T15:31:57.065922,shadow,silero,webrtc,False,0.0009371726191602647,True,True,False,1,False,True,False,0,0.0,,,,,,,,,,,,,0.00135936625480582,0.5754122822500043,0.3785689410305466,0.04601877598381219,,,,,,,,,,,,,,,False,temporal_v1,False,0.00011546113191645166,0.1440501043841336,3.5800075222731045,0.8814099585194076,67.17923880982303,1543.3582229519182,0.0007821960390914577,0.0005146138435544995,6.255637115986279e-05,0.0,0.0,0.06687893437275404,0.06439200480844896,0.005542191024552569,0.01938399589384728,0.22242645416063025,39.31165308710196,0.004286021516487022,1.3148350158275206,-0.0007888284713239812,2133.3333333333335,0.013525617434052215,True,0.0009731905593071133,0.06687893437275404,False,True,True,False,False,0,20
30,2026-08-08T15:31:57.074540,shadow,silero,webrtc,False,0.0007947020349092782,True,True,False,1,False,True,False,0,0.0,,,,,,,,,,,,,0.0011228001512928023,0.5138238258580697,0.4372793482936364,0.048896824957663294,,,,,,,,,,,,,,,False,temporal_v1,False,0.00010496682538951953,0.18162839248434237,3.6104849821693685,0.8404120775769449,66.07054236804512,1654.9045481063838,0.0005769214694112872,0.0004909773184213129,5.490136246020202e-05,0.0,0.0,0.09051580295833539,0.08772204026256764,0.0054013546520446255,0.02781323026278859,0.21627761582055421,59.03170974793501,0.004083634646503852,1.095134372340223,-0.0006458369958964439,2166.666666666667,0.025165559255626822,True,0.000934208364924416,0.09051580295833539,False,True,True,False,False,0,20
31,2026-08-08T15:31:57.083857,shadow,silero,webrtc,False,0.0008323712972924113,True,True,False,1,False,True,False,0,0.0,,,,,,,,,,,,,0.001099957407472763,0.6752505676749105,0.2846808379889146,0.040068593427048854,,,,,,,,,,,,,,,False,temporal_v1,False,0.00010687940649803946,0.1544885177453027,3.3076257059792256,0.8884319611759184,66.48374576602889,1583.6037051095968,0.0007427468638142061,0.00031313679651146013,4.407374614709685e-05,0.0,0.0,0.08902689321252225,0.08605506422291338,0.0054503179573990946,0.0286431279935574,0.22869196179789947,61.71152162905083,0.005046826480615392,1.0565431636873783,-0.0006252611126177108,2133.3333333333335,0.020726346671293683,True,0.0008831462764646858,0.08902689321252225,False,True,True,False,False,0,20
32,2026-08-08T15:31:57.086832,shadow,silero,webrtc,False,0.0008323712972924113,True,True,False,1,False,True,False,0,0.0,,,,,,,,,,,,,0.0010682536940374928,0.7249102994944808,0.22749158060162342,0.04759811896778855,,,,,,,,,,,,,,,False,temporal_v1,False,0.00010321354660836712,0.1336116910229645,3.3461154346671886,0.899749978338711,66.20456914347561,1525.062795345017,0.0007743881052808044,0.00024301872134011225,5.084686641657617e-05,0.0,0.0,0.08799547057616638,0.084828685831666,0.005371737277286864,0.02652671743458236,0.23228794341200423,61.666360033891635,0.004468365634741685,1.845611321040159,-0.0011268981005949444,2066.666666666667,0.004559874668563297,True,0.0008337098697666079,0.08799547057616638,False,True,True,False,False,0,20
33,2026-08-08T15:31:57.094274,shadow,silero,webrtc,False,0.0007655428489670157,True,True,False,1,False,True,False,0,0.0,,,,,,,,,,,,,0.0004542355232467234,0.6625867124425047,0.276935160834534,0.06047812452146027,,,,,,,,,,,,,,,False,temporal_v1,False,7.193946643663316e-05,0.1544885177453027,3.5452141738417655,0.8930000130385405,62.532684789107094,1534.1382397504635,0.00030097042202264736,0.00012579378768709005,2.7471312536986e-05,0.0,0.0,0.08633299576820871,0.08288592592142834,0.007359496487351009,0.02558582663858627,0.22374962031431408,58.92483540082618,0.002882556647121652,1.3713605755184932,-0.0008309447864703399,1666.6666666666667,0.011689879562297176,True,0.0008323712972924113,0.08633299576820871,False,True,True,False,False,0,20
34,2026-08-08T15:31:57.107371,shadow,silero,webrtc,False,0.0007547148852609098,True,True,False,1,False,True,False,0,0.0,,,,,,,,,,,,,0.0007582527587706776,0.7322276626753427,0.2208622782947046,0.04691005771113119,,,,,,,,,,,,,,,False,temporal_v1,False,8.88309234784199e-05,0.11691022964509394,3.286009906758072,0.9076936332635877,64.77952860577625,1547.3009472317049,0.0005552136452717837,0.00016746943182533691,3.5569680673556925e-05,0.0,0.0,0.0871090645722693,0.08375886288956112,0.007371672813352237,0.02542262662677669,0.231138023118146,59.00693827856694,0.005291798541918188,1.5068757267731505,-0.0009040220189852926,1533.3333333333335,0.00891799458447927,True,0.000829924683785066,0.0871090645722693,False,True,True,False,False,0,20
35,2026-08-08T15:31:57.118089,shadow,silero,webrtc,False,0.0006918760482221842,True,True,False,1,False,True,False,0,0.0,,,,,,,,,,,,,0.0003559838467056888,0.6447434021729809,0.30854985209988495,0.046706742918017775,,,,,,,,,,,,,,,False,temporal_v1,False,6.599997040556176e-05,0.15866388308977036,3.5140404844878934,0.8762292998630808,61.501976542723824,1752.6940495529198,0.0002295182364436507,0.00010983876325098839,1.6626846011049654e-05,0.0,0.0,0.08636007978052249,0.08272610178911245,0.007307949913829973,0.023161990141563237,0.21910913114747937,85.27577071607992,0.006247691619729316,0.8921696960756992,-0.000522839243219727,2133.3333333333335,0.03683048826142602,True,0.0008176655683200806,0.08636007978052249,False,True,True,False,False,0,20
36,2026-08-08T15:31:57.128474,shadow,silero,webrtc,False,0.0007359627052210271,True,True,False,1,False,True,False,0,0.0,,,,,,,,,,,,,0.0007478098295561678,0.7116954648483962,0.2511272930334799,0.037177240780885475,,,,,,,,,,,,,,,False,temporal_v1,False,8.878997906871471e-05,0.1524008350730689,3.5203204003842425,0.8987614126672766,64.73183390793817,1523.2812069001131,0.0005322128642641767,0.0001877954582002684,2.7801506091722577e-05,0.0,0.0,0.0821121889803147,0.07851460288569095,0.007549256985965675,0.022654964453028035,0.21053671341633423,72.22116098297141,0.005085366891219565,1.2182120114145754,-0.0007334710085890483,2066.666666666667,0.017726139496486926,True,0.0008012775506358594,0.0821121889803147,False,True,True,False,False,0,20
37,2026-08-08T15:31:57.138436,shadow,silero,webrtc,False,0.0007549364236183465,True,True,False,1,False,True,False,0,0.0,,,,,,,,,,,,,0.0007897375829716106,0.6661480761032482,0.27331230449899985,0.06053961813150854,,,,,,,,,,,,,,,False,temporal_v1,False,9.409496328939049e-05,0.16075156576200417,3.7029731288716476,0.8866949667341636,65.24509001609682,1560.6541858504477,0.0005260821715229678,0.000215844998751441,4.781041169720185e-05,0.0,0.0,0.06501425338734623,0.06459220400481971,0.007111794700810995,0.016226277705071436,0.14305288971765331,72.27954367882842,0.005902775004854008,1.3202914294792372,-0.0007945446854201982,2133.3333333333335,0.01892653992201432,True,0.000780122441938147,0.06501425338734623,False,True,True,False,False,0,20
38,2026-08-08T15:31:57.148418,shadow,silero,webrtc,False,0.0007187842857092619,True,True,False,1,False,True,False,0,0.0,,,,,,,,,,,,,0.0008476775363436168,0.6428406946745414,0.2982005919514878,0.05895871219427687,,,,,,,,,,,,,,,False,temporal_v1,False,9.717953892249682e-05,0.15657620041753653,3.7120331795821224,0.8941521294828332,65.59678854881565,1628.5419107716755,0.0005449216163231344,0.0002527779431216453,4.9977975898836974e-05,0.0,0.0,0.06416838109517929,0.06348062240284953,0.007765308122633929,0.016312004054795454,0.1457191246879317,69.74317610281578,0.005319388731883355,1.0001585546803775,-0.0005965391311682893,2100.0,0.040059723993193665,True,0.0007602396362926811,0.06416838109517929,False,True,True,False,False,0,20
39,2026-08-08T15:31:57.160864,shadow,silero,webrtc,False,0.0006988508393988013,True,True,False,1,False,True,False,0,0.0,,,,,,,,,,,,,0.0012852782248418417,0.7418379711546043,0.21541047349446357,0.042751554572890524,,,,,,,,,,,,,,,False,temporal_v1,False,0.0001184303304146158,0.1127348643006263,3.6970809088264303,0.917917329486557,67.59331134277397,1460.3884259426711,0.0009534681906858631,0.00027686239098530474,5.494764217067385e-05,0.0,0.0,0.06294815730131163,0.06100429455490109,0.007964162709906816,0.020002571301884733,0.15507642019945403,78.61644464761679,0.003411758794101218,1.3290898350486307,-0.0007962187857546811,1400.0,0.016397559333107686,True,0.0007548256544396281,0.06294815730131163,False,True,True,False,False,0,20
40,2026-08-08T15:31:57.171843,shadow,silero,webrtc,False,0.0006580899935215712,True,True,False,1,False,True,False,0,0.0,,,,,,,,,,,,,0.0016084665630921398,0.7328011711485998,0.21827935072670074,0.048919477502989264,,,,,,,,,,,,,,,False,temporal_v1,False,0.00012772153464973252,0.14822546972860126,3.764390140967041,0.911234157050517,68.26421760924376,1488.6226111172762,0.0011786861811872832,0.0003510950370573601,7.86853438474964e-05,0.0,0.0,0.03698516859561672,0.03349985459944078,0.007964133828672445,0.0166544222757237,0.1698139031874787,77.97492308977554,0.001857740018279629,1.787784077710993,-0.001091375400105149,1433.3333333333335,0.0067612298553641976,True,0.0007453387952409685,0.03698516859561672,False,True,False,False,False,0,20
41,2026-08-08T15:31:57.183425,shadow,silero,webrtc,False,0.0006011909572407603,True,True,False,1,False,True,False,0,0.0,,,,,,,,,,,,,0.0010875843662562846,0.7186217788037408,0.23677262006699407,0.04460560020979634,,,,,,,,,,,,,,,False,temporal_v1,False,0.00010734316924778902,0.11482254697286012,3.7234518793884748,0.9136662348292665,66.6464382693942,1508.684167774456,0.0007815618118782303,0.0002575101999424018,4.851235343565255e-05,0.0,0.0,0.03713302875160261,0.03268374102956135,0.007560809095042319,0.018514579380226315,0.15845575467897635,78.98102588645003,0.002749313892755126,1.2307711176468477,-0.0007348990851725523,1433.3333333333335,0.020669270494008896,True,0.0007273734954651445,0.03713302875160261,False,True,False,False,False,0,20
42,2026-08-08T15:31:57.191466,shadow,silero,webrtc,False,0.0006029885844327509,True,True,False,1,False,True,False,0,0.0,,,,,,,,,,,,,0.0016884610775998938,0.6732678677597882,0.25842660697858494,0.06830552466937145,,,,,,,,,,,,,,,False,temporal_v1,False,0.00013104985707218113,0.13569937369519833,3.9382886330095377,0.8957377724893582,68.42747171644002,1538.029402394273,0.0011367865895110748,0.00043634326729954573,0.00011533121978927304,0.0,0.0,0.03659651543173245,0.031597884763455805,0.009382315726946814,0.018442641190277893,0.16979598196333187,78.61836946781943,0.0027139665697341686,1.5363545234537128,-0.0009086356445252664,1600.0,0.011294923944727418,True,0.0007088175625540316,0.03659651543173245,False,True,False,False,False,0,20
43,2026-08-08T15:31:57.201052,shadow,silero,webrtc,False,0.0005806711269542575,True,True,False,1,False,True,False,0,0.0,,,,,,,,,,,,,0.0015427998384229744,0.7525197838509722,0.1937198990540807,0.053760316446774835,,,,,,,,,,,,,,,False,temporal_v1,False,0.00012524086828501617,0.1315240083507307,3.6814803604649615,0.9159308934038962,68.10476484789942,1493.101360936406,0.0011609874009353715,0.0002988710289599506,8.294140752765219e-05,0.0,0.0,0.03906401494536972,0.035632813895561735,0.008948417241638248,0.018061773380676358,0.167057635388459,80.6060778020685,0.0019432115119642358,1.4393173494727172,-0.0008636430003825553,1300.0,0.013274096364081776,True,0.0006953634438104928,0.03906401494536972,False,True,False,False,False,0,20
44,2026-08-08T15:31:57.213550,shadow,silero,webrtc,False,0.00054843322141096,True,True,False,1,False,True,False,0,0.0,,,,,,,,,,,,,0.0011180879008291674,0.7406881055093701,0.19981787826906922,0.05949401532717654,,,,,,,,,,,,,,,False,temporal_v1,False,0.00010903836515650513,0.14613778705636743,3.7516216792594377,0.9057453799090646,66.75750154903722,1555.6837958399863,0.0008281544090581044,0.0002234139520620017,6.651953870906113e-05,0.0,0.0,0.03980131905201378,0.03770315427910913,0.00918565507197895,0.016582299325520324,0.11467779171390341,80.61588837378537,0.0015900174337738072,1.2088668297085905,-0.0007131917711202535,1400.0,0.024377873861405233,True,0.0006749830208718777,0.03980131905201378,False,True,False,False,False,0,20
45,2026-08-08T15:31:57.225920,shadow,silero,webrtc,False,0.0005617180140689015,True,True,False,1,False,True,False,0,0.0,,,,,,,,,,,,,0.0011672944815159015,0.7257805712518862,0.21719401771929178,0.05702541017214015,,,,,,,,,,,,,,,False,temporal_v1,False,0.00010975640564573164,0.0918580375782881,3.752484508671443,0.9049996801828416,66.81592970297206,1545.6496596070956,0.0008471996556137854,0.00025352937830199623,6.656544660011995e-05,0.0,0.0,0.03519693874431634,0.03190824809606003,0.00909854930454932,0.021229792805860074,0.09681279655204267,44.76316406990112,0.0025737256946925195,1.4683111567864626,-0.0008809557684946194,1433.3333333333335,0.015059330842314781,True,0.000630539288977161,0.03519693874431634,False,True,False,False,False,0,20
46,2026-08-08T15:31:57.237379,shadow,silero,webrtc,False,0.0005072805215604603,True,True,False,1,False,True,False,0,0.0,,,,,,,,,,,,,0.0016370822737457765,0.7362598448426201,0.19320250671358732,0.07053764783294968,,,,,,,,,,,,,,,False,temporal_v1,False,0.00012569965976766412,0.13987473903966596,3.729543083144493,0.9014664988504172,68.06965344583645,1554.3792730324196,0.001205317940862669,0.0003162883989840632,0.0001154759328990441,0.0,0.0,0.03603351469956486,0.0338745026807663,0.008737823388885369,0.020528407812183472,0.0690814794123792,45.24765955680186,0.002847838378593054,1.6060316662954495,-0.0009667191328571147,1500.0,0.010402096824302636,True,0.0006020897708367556,0.03603351469956486,False,True,False,False,False,0,20
47,2026-08-08T15:31:57.248919,shadow,silero,webrtc,False,0.0005182797904126346,True,True,False,1,False,True,False,0,0.0,,,,,,,,,,,,,0.00042793717308964795,0.7294199003167451,0.17584901658579002,0.09473108076067319,,,,,,,,,,,,,,,False,temporal_v1,False,7.14313666165025e-05,0.13778705636743216,3.48358273456149,0.8908056676238818,62.4457348912579,1655.9132377153142,0.0003121458901368807,7.52523310483176e-05,4.053895090444962e-05,0.0,0.0,0.03263223599342266,0.03415524612631892,0.014465771089369025,0.018579202890427547,0.10470382237715699,58.1702962816709,0.005927891007299632,1.2145366679755998,-0.0007232206047851549,1666.6666666666667,0.019763195250971668,True,0.0005909310420975089,0.03263223599342266,False,True,False,False,False,0,20
48,2026-08-08T15:31:57.260910,shadow,silero,webrtc,False,0.0005182797904126346,True,True,False,1,False,True,False,0,0.0,,,,,,,,,,,,,0.0015927021626390356,0.7514712137356916,0.18614221360513591,0.06238657203130871,,,,,,,,,,,,,,,False,temporal_v1,False,0.0001252649506793393,0.1127348643006263,3.690664566261647,0.9052652287044736,68.0557127981239,1580.4489378688481,0.001196869827277817,0.0002964691061673173,9.936322819390135e-05,0.0,0.0,0.02152901755490584,0.02365407378677334,0.01447979999427242,0.017277387337119483,0.10513109109437101,52.613559985978384,0.0056185113444555375,1.1923836392603109,-0.0007110396596074618,1466.6666666666667,0.02567925517221345,True,0.0005711945705115795,0.02152901755490584,False,True,False,False,False,0,20
49,2026-08-08T15:31:57.280497,shadow,silero,webrtc,False,0.0004528128483798355,True,True,False,1,False,True,False,0,0.0,,,,,,,,,,,,,0.0007905506855480048,0.6891676923378196,0.23339923065004137,0.07743307574719795,,,,,,,,,,,,,,,False,temporal_v1,False,9.123119850517423e-05,0.1524008350730689,3.7549957319257343,0.8903936722574197,64.960268347296,1579.228427098002,0.0005448219916351998,0.0001845139217967671,6.121477111603791e-05,0.0,0.0,0.024316284637033954,0.024697568991591725,0.014018946059771447,0.01805091133295807,0.10523481120770592,46.82348470425879,0.002875551966481375,1.58124969438467,-0.0009495100239259953,1700.0000000000002,0.010847512778362482,True,0.0005550756177399307,0.024316284637033954,False,True,False,False,False,0,20
50,2026-08-08T15:31:57.293648,shadow,silero,webrtc,False,0.000451399915618822,True,True,False,1,False,True,False,0,0.0,,,,,,,,,,,,,0.0006319158033814858,0.8092525939091428,0.1352111744051979,0.05553623010316993,,,,,,,,,,,,,,,False,temporal_v1,False,8.542503698328979e-05,0.10855949895615867,3.2082571236499993,0.9180639628255207,64.43770562129424,1613.5502237075386,0.0005113795030186473,8.544207790041482e-05,3.509422146242368e-05,0.0,0.0,0.035165335130024906,0.03338741942956981,0.013449351885024705,0.01821076871360573,0.18643159416785635,45.43304726833054,0.0071662988719271145,0.9988129134806274,-0.0005946946946671692,1233.3333333333335,0.028778981542251277,True,0.0005333565059117973,0.035165335130024906,False,True,False,False,False,0,20
51,2026-08-08T15:31:57.302755,shadow,silero,webrtc,False,0.0005499146063812077,True,True,False,1,False,True,False,0,0.0,,,,,,,,,,,,,0.0020345830375280674,0.7129257372647142,0.22492426484868147,0.062149997395103115,,,,,,,,,,,,,,,False,temporal_v1,False,0.00014310550644986542,0.1524008350730689,3.857631186786264,0.907960593370082,69.29376769917977,1550.3048583659138,0.001450506612055979,0.00045762709398959784,0.00012644933048249038,0.0,0.0,0.0354329808390534,0.03236142048551101,0.011798143093815576,0.019135066635494333,0.1943526958500191,42.09955688866315,0.004288677522038558,1.1907267589606256,-0.0007062916539911654,1533.3333333333335,0.027318116261332317,True,0.0005333565059117973,0.0354329808390534,False,True,False,False,False,0,20
52,2026-08-08T15:31:57.313524,shadow,silero,webrtc,False,0.0004832307458855212,True,True,False,1,False,True,False,0,0.0,,,,,,,,,,,,,0.0006904169685072151,0.6997878658654961,0.23612456712940622,0.0640875655566976,,,,,,,,,,,,,,,False,temporal_v1,False,8.750578043796483e-05,0.11899791231732777,3.7809277588226022,0.9033702491689029,64.60887595993233,1555.9526596208475,0.00048314541694898953,0.00016302440782756304,4.424714273066257e-05,0.0,0.0,0.03173136137859047,0.028972358675420053,0.01178843426343929,0.019370500420482037,0.1789566471722001,41.21608035665628,0.0017709051738481992,1.2210011215971366,-0.0007312316934077553,1600.0,0.02352145767543076,True,0.0005182797904126346,0.03173136137859047,False,True,False,False,False,0,20
53,2026-08-08T15:31:57.325980,shadow,silero,webrtc,False,0.0005031437030993402,True,True,False,1,False,True,False,0,0.0,,,,,,,,,,,,,0.000718831756157804,0.6642007232783742,0.26303617978779487,0.07276309554268479,,,,,,,,,,,,,,,False,temporal_v1,False,8.987822772193553e-05,0.12108559498956159,3.828180718522162,0.8923753509343514,64.82207935782591,1578.203764542108,0.00047744857235547736,0.00018907875904990046,5.230442375242619e-05,0.0,0.0,0.03734460911819229,0.03450917380584187,0.01122654530875926,0.019499447897846543,0.1852702297699798,32.689484423613685,0.003478123003483338,1.5246802241111228,-0.0009149166678469516,1566.6666666666667,0.01351030165267059,True,0.0005127801559865475,0.03734460911819229,False,True,False,False,False,0,20
54,2026-08-08T15:31:57.338112,shadow,silero,webrtc,False,0.00047211197670549154,True,True,False,1,False,True,False,0,0.0,,,,,,,,,,,,,0.0017069786701025388,0.7267473746276233,0.21564359635084684,0.0576090284356994,,,,,,,,,,,,,,,False,temporal_v1,False,0.00013288865855028668,0.12734864300626306,3.812952610569306,0.9138365955814426,68.64261525016519,1523.8746118998226,0.001240542267042372,0.00036809901931509725,9.83373827450695e-05,0.0,0.0,0.037025216165422856,0.034529774438307535,0.011376137091949406,0.018561600609933386,0.1884028686456239,35.98389766114735,0.0033768910982267006,1.157860312152063,-0.0006863475075608781,1433.3333333333335,0.025320121568549583,True,0.0005052121123299003,0.037025216165422856,False,True,False,False,False,0,20
55,2026-08-08T15:31:57.348224,shadow,silero,webrtc,False,0.0004361549508757889,True,True,False,1,False,True,False,0,0.0,,,,,,,,,,,,,0.00041945406801021745,0.6967349780189657,0.21418166138681108,0.0890833582101719,,,,,,,,,,,,,,,False,temporal_v1,False,7.372383839212044e-05,0.15031315240083507,3.7457080149857016,0.8923911358830593,62.791944972888004,1576.0920949536019,0.0002922483208550646,8.983936916188482e-05,3.7366376993268005e-05,0.0,0.0,0.037938946716493276,0.03446195965253498,0.012458990908264994,0.01579066646960391,0.18818868963359942,34.744145664364595,0.0025088876441984233,1.4751831291802342,-0.0008934156481794699,1766.6666666666667,0.013382851854840571,True,0.0004931872244924307,0.037938946716493276,False,True,False,False,False,0,20
56,2026-08-08T15:31:57.355999,shadow,silero,webrtc,False,0.00041787506779655814,True,True,False,1,False,True,False,0,0.0,,,,,,,,,,,,,0.0008844562569582282,0.6987988400678633,0.23892075119520498,0.06228040760629354,,,,,,,,,,,,,,,False,temporal_v1,False,9.771564777920546e-05,0.17745302713987474,3.8483776499516127,0.8943155143481937,65.65107308824763,1556.32766015358,0.0006180570064531739,0.0002113149533117591,5.508429619329515e-05,0.0,0.0,0.038155007032860684,0.03524950568319624,0.012708983664521254,0.020844442523683653,0.19401986552903155,34.62314960814798,0.0034095645325902574,1.3610299174943234,-0.0008170035698708538,1766.6666666666667,0.017962013982838126,True,0.00047767136129550636,0.038155007032860684,False,True,False,False,False,0,20
57,2026-08-08T15:31:57.365107,shadow,silero,webrtc,False,0.0004936602781526744,True,True,False,1,False,True,False,0,0.0,,,,,,,,,,,,,0.0010438287009530904,0.7437118501507799,0.20582808091723837,0.050460067973970124,,,,,,,,,,,,,,,False,temporal_v1,False,0.00010435373675667858,0.12734864300626306,3.6138880305794103,0.9135221750980344,66.37629945871991,1506.400722595723,0.000776307774426308,0.0002148492583235085,5.2671667203273876e-05,0.0,0.0,0.038823411178366254,0.03323555250021814,0.010826816143658591,0.020985105424850204,0.18303662326187667,29.16520002415081,0.0035850725517776205,1.5361223597786382,-0.0009280419569578635,1433.3333333333335,0.01090142721082661,True,0.00047767136129550636,0.038823411178366254,False,True,False,False,False,0,20
58,2026-08-08T15:31:57.378865,shadow,silero,webrtc,False,0.0004592969489749521,True,True,False,1,False,True,False,0,0.0,,,,,,,,,,,,,0.00023207316402879723,0.6446071152091528,0.20887479412425414,0.14651808635760702,,,,,,,,,,,,,,,False,temporal_v1,False,5.671661371602448e-05,0.1837160751565762,3.8993366704793986,0.8429704148185397,59.53312733761949,1812.360560114887,0.00014959601278206352,4.847423435827928e-05,3.400291588845441e-05,0.0,0.0,0.04297711055188393,0.03191171782977564,0.026531104645117105,0.024076331095346126,0.19089492053208412,80.9011907385056,0.003431007187178533,1.1495967203375295,-0.0006793259889728631,2433.3333333333335,0.03171869922602618,True,0.0004657044628402218,0.04297711055188393,False,True,False,False,False,0,20
59,2026-08-08T15:31:57.388566,shadow,silero,webrtc,False,0.0004181998665444553,True,True,False,1,False,True,False,0,0.0,,,,,,,,,,,,,0.00030205349243145384,0.7192419258703034,0.2147808097659931,0.06597726105303149,,,,,,,,,,,,,,,False,temporal_v1,False,6.395875911528822e-05,0.12317327766179541,3.336901108298171,0.8996141092086503,61.25798780622986,1656.9416669294678,0.00021724953561224998,6.487529369707392e-05,1.9928662122129903e-05,0.0,0.0,0.04256278034955368,0.0314766298448258,0.026596402711177757,0.024403572770275498,0.22472931673936322,83.63773359682982,0.006015535923702838,1.2781365215804341,-0.0007781617978324801,1633.3333333333335,0.01823811183115011,True,0.0004657044628402218,0.04256278034955368,False,True,False,False,False,0,20
60,2026-08-08T15:31:57.399341,shadow,silero,webrtc,False,0.0003878591815009713,True,True,False,1,False,True,False,0,0.0,,,,,,,,,,,,,0.000890969274988155,0.7117190119925542,0.21658467290086034,0.07169631398421236,,,,,,,,,,,,,,,False,temporal_v1,False,9.721836890108872e-05,0.15031315240083507,3.746305703965438,0.8964291187473258,65.61150763076719,1607.8381334644334,0.000634119772110292,0.00019297028898802624,6.387921288983681e-05,0.0,0.0,0.02762025246256655,0.016611413850163858,0.025991753962890052,0.022313802448246156,0.15611417025847027,83.51485532786847,0.005881077968163791,1.2284065696340223,-0.0007362719056895101,1500.0,0.026359159201673733,True,0.0004657044628402218,0.02762025246256655,False,True,False,False,False,0,20
61,2026-08-08T15:31:57.407162,shadow,silero,webrtc,False,0.0003820217680186033,True,True,False,1,False,True,False,0,0.0,,,,,,,,,,,,,0.0010800131779445804,0.7501859526812368,0.1976352966542703,0.05217874973857821,,,,,,,,,,,,,,,False,temporal_v1,False,0.00010505023355842544,0.13778705636743216,3.7412328365741843,0.9152732552335671,66.44828332407167,1478.3769850135975,0.0008102107148046452,0.00021344872481359836,5.6353737326336794e-05,0.0,0.0,0.03115096565927633,0.0183661598435052,0.02662095008096112,0.022142234452612316,0.15171036900678203,89.70142940600242,0.0019690189636257824,1.7616861858873076,-0.001065303332878278,1366.6666666666667,0.006695137833878418,True,0.0004477259499253705,0.03115096565927633,False,True,False,False,False,0,20
62,2026-08-08T15:31:57.415979,shadow,silero,webrtc,False,0.0005307411774992943,True,True,False,1,False,True,False,0,0.0,,,,,,,,,,,,,0.0005281227791652642,0.7690057401346561,0.1550501417574328,0.07594411621441204,,,,,,,,,,,,,,,False,temporal_v1,False,7.90847845297402e-05,0.14613778705636743,3.519668816272535,0.9015915008479085,63.57235793507507,1616.316118272904,0.00040612944867395555,8.18855117749036e-05,4.010781771640509e-05,0.0,0.0,0.036352279021364696,0.026196556867108114,0.02644926290785283,0.02080991364405363,0.1636435252997452,89.55860786847856,0.0033676475273955184,1.0963934539838238,-0.0006600247516410725,1433.3333333333335,0.02710235918643276,True,0.0004477259499253705,0.036352279021364696,False,True,False,False,False,0,20
63,2026-08-08T15:31:57.430190,shadow,silero,webrtc,False,0.00047792107216082513,True,True,False,1,False,True,False,0,0.0,,,,,,,,,,,,,0.0015867542515590595,0.7175236888075198,0.21538043667700246,0.06709587388526048,,,,,,,,,,,,,,,False,temporal_v1,False,0.00012613912772251227,0.12734864300626306,3.893749514502909,0.9016608761252829,68.10288795800811,1531.6614655602943,0.0011385337638096717,0.00034175582359988047,0.00010646466314950753,0.0,0.0,0.032593651418428335,0.02035348784352401,0.02653991852307611,0.020181532398157787,0.16948657116479268,91.30913183970303,0.002566116372524569,1.765832944833552,-0.001081009199199722,1633.3333333333335,0.008804977844626286,True,0.0004477259499253705,0.032593651418428335,False,True,False,False,False,0,20
64,2026-08-08T15:31:57.434956,shadow,silero,webrtc,False,0.00047792107216082513,True,True,False,1,False,True,False,0,0.0,,,,,,,,,,,,,0.0002572937614282806,0.7647192447145922,0.17562284750188753,0.05965790389691224,,,,,,,,,,,,,,,False,temporal_v1,False,6.0500798915809674e-05,0.13569937369519833,3.154407714275526,0.910521290924832,60.659225203810145,1639.1327728077076,0.0001967574909092112,4.5186663026505956e-05,1.5349606492563427e-05,0.0,0.0,0.03549441529864622,0.02235036457199846,0.026421125518570957,0.01959421150288486,0.23444134442411613,89.92550743088955,0.006272454742641791,1.003580638792038,-0.0006077430354970081,1433.3333333333335,0.026721656003207424,True,0.0004477259499253705,0.03549441529864622,False,True,False,False,False,0,20
65,2026-08-08T15:31:57.442534,shadow,silero,webrtc,False,0.00039363562245853245,True,True,False,1,False,True,False,0,0.0,,,,,,,,,,,,,0.00029075035842432385,0.7241938394984215,0.207902964727384,0.06790319233481791,,,,,,,,,,,,,,,False,temporal_v1,False,6.643575171563818e-05,0.12526096033402923,3.536167326054345,0.9131838322892756,61.75516185520084,1587.32845745547,0.0002105596184028533,6.044786151196646e-05,1.9742877509504108e-05,0.0,0.0,0.03451120264935459,0.022150854260244043,0.02597949440020672,0.02045609450565167,0.2343110745795949,89.71288332495573,0.009167040019901982,1.0152870121307709,-0.0006072260244427801,1333.3333333333335,0.029370576516602215,True,0.0004387484077597037,0.03451120264935459,False,True,False,False,False,0,20
66,2026-08-08T15:31:57.452811,shadow,silero,webrtc,False,0.0003642723604571074,True,True,False,1,False,True,False,0,0.0,,,,,,,,,,,,,0.0006326318080453264,0.7878295966341683,0.15349719539817783,0.05867320638695557,,,,,,,,,,,,,,,False,temporal_v1,False,8.260574340250915e-05,0.12526096033402923,3.425887533107693,0.9088410986827283,64.0539666789847,1619.7311721185877,0.0004984060621502941,9.710720825463599e-05,3.71185366403963e-05,0.0,0.0,0.03806664069688857,0.023344257014835605,0.02613611535846202,0.017561370225313646,0.22897556998680232,88.6886829524674,0.0069090523739569155,1.0205136262868575,-0.0006143597832884346,1366.6666666666667,0.03516548491653098,True,0.0004387484077597037,0.03806664069688857,False,True,False,False,False,0,20
67,2026-08-08T15:31:57.461357,shadow,silero,webrtc,False,0.00039014036883600056,True,True,False,1,False,True,False,0,0.0,,,,,,,,,,,,,0.0011444162563217512,0.7179989945162586,0.22246055916609844,0.059540445443835056,,,,,,,,,,,,,,,False,temporal_v1,False,0.00010876885596619232,0.13569937369519833,3.815410452525529,0.9062541017230094,66.7364592574562,1533.5153843642593,0.0008216897213470782,0.0002545874803001098,6.813905367456319e-05,0.0,0.0,0.038143076514832536,0.02460663496011558,0.025536377564743903,0.017220534970606494,0.23912011495376198,85.98751189055344,0.0029961186318047985,1.4064681088562572,-0.0008402604978178956,1466.6666666666667,0.015487004355494096,True,0.00040591774450149387,0.038143076514832536,False,True,False,False,False,0,20
68,2026-08-08T15:31:57.470064,shadow,silero,webrtc,False,0.0003770875046029687,True,True,False,1,False,True,False,0,0.0,,,,,,,,,,,,,0.00031560854432370025,0.7141003623571911,0.18110639217472482,0.10479324229960207,,,,,,,,,,,,,,,False,temporal_v1,False,6.342722260207439e-05,0.15866388308977036,3.267934901122408,0.8798597974326037,61.06596511521727,1728.7017650600567,0.00022537617586457996,5.715872480198208e-05,3.307364265713822e-05,0.0,0.0,0.02632342280670017,0.02465172866975267,0.013830007177876557,0.011365893602351733,0.23691858358781717,67.89543964392125,0.006613005635159195,1.3587328797987601,-0.0008211828367492818,1766.6666666666667,0.01508763431447066,True,0.0003918879956472665,0.02632342280670017,False,True,False,False,False,0,20
69,2026-08-08T15:31:57.481576,shadow,silero,webrtc,False,0.0003390867495909333,True,True,False,1,False,True,False,0,0.0,,,,,,,,,,,,,0.0004359884644335733,0.7990787105264436,0.13757211604053207,0.0633491711393856,,,,,,,,,,,,,,,False,temporal_v1,False,7.173768926474984e-05,0.1127348643006263,3.571769351792699,0.9069566310421606,62.56970615343726,1563.1768676995912,0.000348389099963984,5.997985562138894e-05,2.7619507848200367e-05,0.0,0.0,0.031186809442266258,0.02869416704887066,0.013897330084025186,0.01291835365712316,0.22666686351250798,65.82078721525762,0.005969751504306657,1.3995007386038056,-0.000845601394303422,1366.6666666666667,0.014943655786333707,True,0.00038899977516848594,0.031186809442266258,False,True,False,False,False,0,20
70,2026-08-08T15:31:57.492998,shadow,silero,webrtc,False,0.0003393980150576681,True,True,False,1,False,True,False,0,0.0,,,,,,,,,,,,,0.0004033938169409237,0.6285529803926901,0.29624217391811264,0.07520484321023009,,,,,,,,,,,,,,,False,temporal_v1,False,6.986889978979869e-05,0.2045929018789144,3.9365575429934783,0.8828626662035017,62.16652609682381,1597.7906548512642,0.00025355438591020084,0.00011950226127570441,3.0337168755018424e-05,0.0,0.0,0.04646773348157778,0.043326811409705186,0.014027793537001279,0.024350829488532094,0.24788806156863039,65.62604173024778,0.005107038778513737,1.5911564394880615,-0.0009668468497203371,1833.3333333333335,0.01250804151831872,True,0.00038608106842730194,0.04646773348157778,False,True,False,False,False,0,20
71,2026-08-08T15:31:57.502650,shadow,silero,webrtc,False,0.0003104358329437673,True,True,False,1,False,True,False,0,0.0,,,,,,,,,,,,,0.0002634248833865872,0.7934496564023648,0.14018787688229348,0.06636246291919322,,,,,,,,,,,,,,,False,temporal_v1,False,6.29870635277132e-05,0.1336116910229645,3.1268525089410577,0.921534889745162,61.18566972061739,1613.7333562355757,0.0002090143832109206,3.6928975119931405e-05,1.748152405573519e-05,0.0,0.0,0.04938666576992588,0.04620932257498409,0.0129912591226846,0.02443659098487168,0.2763693377300094,54.272242803959024,0.008867132999637333,0.9537162124241143,-0.0005757710116395438,1066.6666666666667,0.031369998859938845,True,0.00038361393671948463,0.04938666576992588,False,True,False,False,False,0,20
72,2026-08-08T15:31:57.512957,shadow,silero,webrtc,False,0.0002679948811419308,True,True,False,1,False,True,False,0,0.0,,,,,,,,,,,,,0.00023923439229567425,0.7424311479137344,0.18160642001176244,0.07596242789450208,,,,,,,,,,,,,,,False,temporal_v1,False,5.856591738135614e-05,0.15866388308977036,3.590595624788146,0.9007901983984588,60.21967070976767,1603.9806053933787,0.0001776150644925221,4.344650152850696e-05,1.817282527464518e-05,0.0,0.0,0.04855082856909452,0.04495664486756239,0.01299211890014056,0.02500778946034131,0.2770548732462721,54.0979424065191,0.0066745920121631715,1.2194250089760617,-0.0007318101019865714,1533.3333333333335,0.019418559686033218,True,0.00037067993253003806,0.04855082856909452,False,True,False,False,False,0,20
73,2026-08-08T15:31:57.526624,shadow,silero,webrtc,False,0.0003081329632550478,True,True,False,1,False,True,False,0,0.0,,,,,,,,,,,,,0.0007130979360606487,0.7318490474464108,0.21004078929112543,0.05811016186013183,,,,,,,,,,,,,,,False,temporal_v1,False,8.75630151873964e-05,0.12734864300626306,3.6582055837182175,0.9079909609683582,64.63741782103298,1534.6262189907522,0.0005218800452419873,0.00014977965333205114,4.1438236486610234e-05,0.0,0.0,0.048105676422656174,0.04469673388546631,0.013454340135101576,0.02500778946034131,0.2543775982977984,53.71913196927212,0.0039036177647893437,1.4913975496642686,-0.0009033428826700436,1466.6666666666667,0.01332088668572018,True,0.00035183518775738776,0.048105676422656174,False,True,False,False,False,0,20
74,2026-08-08T15:31:57.535504,shadow,silero,webrtc,False,0.00029930571326985955,True,True,False,1,False,True,False,0,0.0,,,,,,,,,,,,,0.00024764542350109504,0.6496115803360487,0.23039442231493293,0.11999399331098694,,,,,,,,,,,,,,,False,temporal_v1,False,5.790693870457735e-05,0.16701461377870563,3.993233626055511,0.8474896758750926,59.81571912497981,1828.766622894565,0.0001608733349235364,5.70561242864717e-05,2.9715963291086925e-05,0.0,0.0,0.05428847190284323,0.04586354419117628,0.01991131837767491,0.02599479317957976,0.2620124646789916,86.74127056568916,0.002883135645355585,0.9895728207576007,-0.0005808860139347853,2233.3333333333335,0.0525354568207602,True,0.0003392423823243007,0.05428847190284323,False,True,True,False,False,0,20
75,2026-08-08T15:31:57.541664,shadow,silero,webrtc,False,0.0003060192393604666,True,True,False,1,False,True,False,0,0.0,,,,,,,,,,,,,0.000810658106413003,0.717068727673031,0.2225282798578748,0.060402991235528454,,,,,,,,,,,,,,,False,temporal_v1,False,9.665449833097055e-05,0.11899791231732777,3.652125143264755,0.9160921194567033,65.64945856898507,1525.6579927998273,0.0005812975769434006,0.00018039435397292758,4.896617449667471e-05,0.0,0.0,0.05439234581656948,0.04644606437704362,0.02030154771305301,0.02653000329083609,0.261839226835578,91.01271657711317,0.003530344846204926,1.1171588247377042,-0.0006654666433409003,1366.6666666666667,0.026257701255435875,True,0.0003247612912673503,0.05439234581656948,False,True,True,False,False,0,20
76,2026-08-08T15:31:57.549010,shadow,silero,webrtc,False,0.00028271842165850103,True,True,False,1,False,True,False,0,0.0,,,,,,,,,,,,,0.0005198223175626955,0.6801578783511734,0.2423449000178454,0.07749721970724699,,,,,,,,,,,,,,,False,temporal_v1,False,8.20697944547783e-05,0.14822546972860126,3.6552340876605722,0.9055826233747453,63.97236491085644,1605.6980831353176,0.00035356124463303286,0.00012597628757677611,4.028478435288653e-05,0.0,0.0,0.052132217378347105,0.04565795693761155,0.01963263869830466,0.02576914258740622,0.25520662076732287,91.03664008312532,0.004933494602640501,1.0748792386236539,-0.000636373982091868,1500.0,0.029757121013263808,True,0.00030928439809940755,0.052132217378347105,False,True,True,False,False,0,20
77,2026-08-08T15:31:57.557293,shadow,silero,webrtc,False,0.0002753985463641584,True,True,False,1,False,True,False,0,0.0,,,,,,,,,,,,,0.00029340161712742055,0.7294144113574689,0.18601921282585934,0.0845663724083743,,,,,,,,,,,,,,,False,temporal_v1,False,6.572940887671763e-05,0.1524008350730689,3.4191550269853157,0.9031934082469287,61.58640809229456,1649.3153535375093,0.00021401136784832692,5.457833785987694e-05,2.4811910419216697e-05,0.0,0.0,0.05225701308094778,0.04568878974075506,0.01894241276890553,0.02555173491573151,0.2536017459024873,87.41049056824411,0.005823011172534584,1.0080437604027432,-0.000607346167613727,1533.3333333333335,0.03304820001884766,True,0.0003070761013077572,0.05225701308094778,False,True,True,False,False,0,20
78,2026-08-08T15:31:57.565067,shadow,silero,webrtc,False,0.00025453712441958487,True,True,False,1,False,True,False,0,0.0,,,,,,,,,,,,,0.00030311011662664475,0.6971338396694335,0.19758560511094497,0.1052805519204904,,,,,,,,,,,,,,,False,temporal_v1,False,6.61795656162816e-05,0.16701461377870563,3.3034518142545424,0.9001850917243867,61.649517532578045,1622.8422119397317,0.00021130831944658266,5.98901958089247e-05,3.1911600371137374e-05,0.0,0.0,0.05264859769598942,0.045170715712131985,0.01901017754911863,0.026011554283377907,0.24931857746790304,80.35332032006717,0.005414403774268467,1.4751303944282537,-0.0008880757457300765,1400.0,0.009741254924690102,True,0.0003026624763151631,0.05264859769598942,False,True,True,False,False,0,20
79,2026-08-08T15:31:57.576776,shadow,silero,webrtc,False,0.00026998345856554806,True,True,False,1,False,True,False,0,0.0,,,,,,,,,,,,,0.00034080649652375676,0.7471458075022877,0.17877836344424008,0.07407582611925595,,,,,,,,,,,,,,,False,temporal_v1,False,6.578727567593904e-05,0.1544885177453027,3.6753648488656685,0.898521859669788,61.5744861254564,1602.6598244041045,0.00025463214504726784,6.092882769968233e-05,2.5245522776806612e-05,0.0,0.0,0.0464842946964206,0.04052202120945905,0.018408357473943877,0.023025161885531914,0.250465638227378,78.68427631217362,0.005506989379669877,1.2070622308139338,-0.0007227372422362243,1500.0,0.02214937349611576,True,0.0002910120674641803,0.0464842946964206,False,True,False,False,False,0,20
80,2026-08-08T15:31:57.582113,shadow,silero,webrtc,False,0.00026998345856554806,True,True,False,1,False,True,False,0,0.0,,,,,,,,,,,,,0.0005516245371455081,0.7361745902701633,0.18568547839236388,0.07813992952464557,,,,,,,,,,,,,,,False,temporal_v1,False,7.886522450495412e-05,0.15031315240083507,3.648161148592296,0.8978856771808145,63.52604258463698,1556.5500179160165,0.00040609196761606293,0.00010242866607282996,4.310390245661524e-05,0.0,0.0,0.0376021468582854,0.028347795451024484,0.018356944140735135,0.015420614039765667,0.22554005599705892,80.71653032039158,0.0027567303587534525,1.590476135012049,-0.0009639577655143769,1500.0,0.009603572836689596,True,0.0002790584840113297,0.0376021468582854,False,True,False,False,False,0,20
81,2026-08-08T15:31:57.596571,shadow,silero,webrtc,False,0.0002866173454094678,True,True,False,1,False,True,False,0,0.0,,,,,,,,,,,,,0.00028732727532124045,0.6395442106041812,0.2683049700620485,0.09215081585341856,,,,,,,,,,,,,,,False,temporal_v1,False,6.468743842779546e-05,0.13569937369519833,3.5552387439785784,0.8912528767483886,61.34787241173445,1666.5830071321298,0.00018375849548037297,7.709133600307539e-05,2.6477442837792123e-05,0.0,0.0,0.036879527816231,0.028493595625536862,0.018063522618816982,0.015240083507306887,0.17095393569491488,82.2172060952168,0.006280026040329816,1.0954452481463035,-0.000644393213729229,1700.0000000000002,0.0274899034290294,True,0.0002790584840113297,0.036879527816231,False,True,False,False,False,0,20
82,2026-08-08T15:31:57.610012,shadow,silero,webrtc,False,0.00023985533334780484,True,True,False,1,False,True,False,0,0.0,,,,,,,,,,,,,0.0002476445756323597,0.71743394393857,0.18164066901729814,0.10092538300608664,,,,,,,,,,,,,,,False,temporal_v1,False,5.94403500789678e-05,0.16910229645093947,3.5175433466694606,0.889084107904478,60.34226242974066,1662.4997043094245,0.00017766862459091728,4.4982326396366705e-05,2.4993623645075692e-05,0.0,0.0,0.03520605992013199,0.028490144863593848,0.018685437556207694,0.016257137648377273,0.1733874937760517,82.97150267152232,0.004627099045427558,1.0929901252828962,-0.0006602169028113814,1600.0,0.025426681899799134,True,0.0002790584840113297,0.03520605992013199,False,True,False,False,False,0,20
83,2026-08-08T15:31:57.620137,shadow,silero,webrtc,False,0.0002458689850755036,True,True,False,1,False,True,False,0,0.0,,,,,,,,,,,,,0.0004494667843556037,0.6966289024763321,0.2218412747611133,0.081529820537696,,,,,,,,,,,,,,,False,temporal_v1,False,7.396620343040016e-05,0.13569937369519833,3.799494067907812,0.8983046059674265,62.855414024973996,1594.1638019077411,0.00031311155268521045,9.971028440422554e-05,3.664494626616768e-05,0.0,0.0,0.03404168950417822,0.028697265810791125,0.01649312461130239,0.015307142196094662,0.18244176569699996,78.23667514447425,0.00608367955718654,1.1272245609551328,-0.0006762886712960529,1566.6666666666667,0.031990173062128875,True,0.00027269100246485323,0.03404168950417822,False,True,False,False,False,0,20
84,2026-08-08T15:31:57.634600,shadow,silero,webrtc,False,0.0002660384343471378,True,True,False,1,False,True,False,0,0.0,,,,,,,,,,,,,0.00029989381978530645,0.7893934836582204,0.12463554270516108,0.08597097030210493,,,,,,,,,,,,,,,False,temporal_v1,False,6.288878875176194e-05,0.1544885177453027,3.417800297292392,0.8954450178197717,61.04299459764664,1708.4232120023692,0.0002367342271278936,3.737742898286544e-05,2.578216267454739e-05,0.0,0.0,0.03846859911901464,0.03782575408640083,0.012441780610034833,0.014336772203247928,0.14265548265829717,51.728367989486294,0.005810086882080945,0.9717082693710101,-0.0005851101145054051,1633.3333333333335,0.03288717544491614,True,0.00026998345856554806,0.03846859911901464,False,True,False,False,False,0,20
85,2026-08-08T15:31:57.643738,shadow,silero,webrtc,False,0.00022336310939863324,True,True,False,1,False,True,False,0,0.0,,,,,,,,,,,,,0.00030583768135494576,0.7223860822507059,0.21812041689195558,0.05949349758763033,,,,,,,,,,,,,,,False,temporal_v1,False,6.382058997125524e-05,0.1315240083507307,3.5299879693476264,0.9105646897689162,61.286172354508814,1516.3465769343832,0.00022093288443863904,6.670944255840984e-05,1.819535335789692e-05,0.0,0.0,0.03853008753808391,0.0375965626331974,0.012616435198057056,0.01205806186070451,0.13981847720396642,53.46283443692442,0.004508813752841701,1.6066330309009935,-0.0009793000980955733,1533.3333333333335,0.007347614762728387,True,0.00026801094645634294,0.03853008753808391,False,True,False,False,False,0,20
86,2026-08-08T15:31:57.654365,shadow,silero,webrtc,False,0.00022500878549180925,True,True,False,1,False,True,False,0,0.0,,,,,,,,,,,,,0.00035017307163452184,0.6396497042227601,0.29592895244776857,0.06442134047374062,,,,,,,,,,,,,,,False,temporal_v1,False,6.614081886360747e-05,0.12526096033402923,3.9267359318119976,0.8779101091611425,61.534308491908206,1663.1892664390625,0.0002239881016977973,0.00010362635026422146,2.2558618672503096e-05,0.0,0.0,0.04380540404758427,0.04604785158445851,0.01383733234235384,0.014160891759592167,0.1782730376016439,54.84936100466307,0.005136148198338992,1.034434010812881,-0.000609995819149072,1866.6666666666667,0.0348295854840581,True,0.00026028777938336134,0.04380540404758427,False,True,False,False,False,0,20
87,2026-08-08T15:31:57.662737,shadow,silero,webrtc,False,0.00024000655685085803,True,True,False,1,False,True,False,0,0.0,,,,,,,,,,,,,0.0006928918132313009,0.7404935601394395,0.19211278059897707,0.06739365781835667,,,,,,,,,,,,,,,False,temporal_v1,False,8.741062089082471e-05,0.12943632567849686,3.6999941194604498,0.9002538593110208,64.58301284431141,1571.3489071090332,0.0005130819255711176,0.00013311337289413232,4.6696513766051e-05,0.0,0.0,0.04438104374205252,0.04582110314596028,0.014541314086402855,0.015031315240083507,0.17287281744475694,56.25658981350935,0.003459284538892901,1.3931989369079627,-0.0008392755980767174,1633.3333333333335,0.016149940740891083,True,0.00025020305474754423,0.04438104374205252,False,True,False,False,False,0,20
88,2026-08-08T15:31:57.671819,shadow,silero,webrtc,False,0.00027472851797938347,True,True,False,1,False,True,False,0,0.0,,,,,,,,,,,,,0.00046032662803924723,0.8198057942555309,0.11603932349633996,0.06415488007575855,,,,,,,,,,,,,,,False,temporal_v1,False,7.516335234744042e-05,0.12526096033402923,3.321690239040507,0.92019184467521,63.13002519673498,1548.1803644291715,0.00037737843691668544,5.3415990505025564e-05,2.9532199617536216e-05,0.0,0.0,0.05426435228468097,0.05331834072014261,0.012784733451900522,0.014196242171189978,0.1697242600836922,59.75957943401489,0.0051785646802666105,1.2587198874014531,-0.0007599689354071249,1066.6666666666667,0.01661439950239751,True,0.0002559537097113207,0.05426435228468097,False,True,True,False,False,0,20
89,2026-08-08T15:31:57.685867,shadow,silero,webrtc,False,0.0002485602453816682,True,True,False,1,False,True,False,0,0.0,,,,,,,,,,,,,0.0006789675878755087,0.7359109292620203,0.19543224540013357,0.06865682386502168,,,,,,,,,,,,,,,False,temporal_v1,False,8.451870176096049e-05,0.1419624217118998,3.4713253916599807,0.8919214150655757,64.20446044972462,1684.7914411052234,0.000499659668532258,0.00013269216025242318,4.661575809082744e-05,0.0,0.0,0.05390655699471051,0.05294105851548986,0.013002789371631192,0.013497477975152078,0.17278081264219458,63.829904022409416,0.007973422911518329,1.1096705996684206,-0.0006636267129540822,1600.0,0.030892465904727013,True,0.0002472146152285859,0.05390655699471051,False,True,True,False,False,0,20
90,2026-08-08T15:31:57.696134,shadow,silero,webrtc,False,0.00022656135843135417,True,True,False,1,False,True,False,0,0.0,,,,,,,,,,,,,0.0002803989189180277,0.69244824228822,0.2278144411819892,0.0797373129634432,,,,,,,,,,,,,,,False,temporal_v1,False,6.212189252140583e-05,0.1315240083507307,3.59187056213314,0.8908308987608144,60.87779229639757,1713.634665782879,0.00019416173854430542,6.387892302134439e-05,2.2358256352377912e-05,0.0,0.0,0.0544910176029995,0.05331133669113783,0.013034385169489827,0.013218510328414807,0.17166845602619712,66.25242272111493,0.00669161078361414,1.0055125007163146,-0.0005865090811579313,1633.3333333333335,0.03326486268664323,True,0.0002429377709631808,0.0544910176029995,False,True,True,False,False,0,20
91,2026-08-08T15:31:57.709542,shadow,silero,webrtc,False,0.00028881095931865275,True,True,False,1,False,True,False,0,0.0,,,,,,,,,,,,,0.00046851295254168575,0.6764486606968881,0.2493596817019201,0.07419165546677908,,,,,,,,,,,,,,,False,temporal_v1,False,7.584221585893951e-05,0.15657620041753653,3.820020927291944,0.8970690253277437,63.11421773626381,1539.3356490478873,0.00031692495926596804,0.00011682824071902155,3.475975155669617e-05,0.0,0.0,0.050026631761572,0.05129771264521541,0.011937537722549851,0.01429567291504801,0.18520498315789757,70.63885968064598,0.005458136243574895,1.585200159638532,-0.0009619883766429264,1633.3333333333335,0.011272421655467879,True,0.0002429377709631808,0.050026631761572,False,True,True,False,False,0,20
92,2026-08-08T15:31:57.722061,shadow,silero,webrtc,False,0.00026418745983392,True,True,False,1,False,True,False,0,0.0,,,,,,,,,,,,,0.0006195661560013512,0.7742517718601883,0.15116017188911612,0.07458805463666295,,,,,,,,,,,,,,,False,temporal_v1,False,8.434784343204413e-05,0.1419624217118998,3.4408000445878795,0.9039797746880746,64.24265209320359,1600.9916563247616,0.000479700194068652,9.365372663784318e-05,4.621223429485602e-05,0.0,0.0,0.05224247813297762,0.0533007185801935,0.008155738977315042,0.010636942966895194,0.1903801476299624,69.35329369370454,0.006277451358482901,1.1816865295140162,-0.0007005463703000054,1433.3333333333335,0.020197910677597283,True,0.0002472146152285859,0.05224247813297762,False,True,True,False,False,0,20
93,2026-08-08T15:31:57.734111,shadow,silero,webrtc,False,0.000295869103865698,True,True,False,1,False,True,False,0,0.0,,,,,,,,,,,,,0.0004218161687118096,0.637216807803427,0.30875311680369805,0.054030073022173865,,,,,,,,,,,,,,,False,temporal_v1,False,7.438009660096517e-05,0.10647181628392484,3.5676854832406573,0.9071770999448562,62.95587395842408,1481.5144242819395,0.0002687883525064111,0.00013023705680796575,2.2790758397432684e-05,0.0,0.0,0.05855370287190215,0.06255863253293403,0.009068610896698706,0.014134706371449483,0.17867094369438088,79.998684390685,0.008416876817310846,1.4902965364625074,-0.0009066094896027153,1500.0,0.011148810988417919,True,0.0002563738526077941,0.05855370287190215,False,True,True,False,False,0,20
94,2026-08-08T15:31:57.750481,shadow,silero,webrtc,False,0.00036105202161706984,True,True,False,1,False,True,False,0,0.0,,,,,,,,,,,,,0.0014646505867983756,0.7310312210978743,0.2175182916957539,0.05145048652361506,,,,,,,,,,,,,,,False,temporal_v1,False,0.00012146553196970363,0.15866388308977036,3.802293435275021,0.9053269604956881,67.76971774098969,1532.0782504405724,0.0010707053069489347,0.00031858829357156617,7.535698527787471e-05,0.0,0.0,0.05438553626985263,0.0560589158551266,0.00861055800388504,0.014768049422820374,0.18124150237530998,73.97624184389157,0.005021046450341499,1.3032469882552786,-0.0007706550626738666,1600.0,0.018351239304940124,True,0.0002563738526077941,0.05438553626985263,False,True,True,False,False,0,20
95,2026-08-08T15:31:57.763091,shadow,silero,webrtc,False,0.0002272456476930529,True,True,False,1,False,True,False,0,0.0,,,,,,,,,,,,,0.00022161499236033534,0.5756277237877612,0.2930631604776244,0.13130911122228434,,,,,,,,,,,,,,,False,temporal_v1,False,5.7411812858558034e-05,0.1419624217118998,3.809433007252674,0.8565328485845369,59.75508179596928,1793.5974946781018,0.00012756773360962192,6.494719007034446e-05,2.910006768036897e-05,0.0,0.0,0.06882636805124778,0.06051046384500883,0.021155729276307215,0.014863655541818427,0.18708310312142673,92.60637522208866,0.004637458750855546,1.0565304890717069,-0.000622811437982214,2000.0000000000002,0.03951387735756735,True,0.0002563738526077941,0.06882636805124778,False,True,True,False,False,0,20
96,2026-08-08T15:31:57.768757,shadow,silero,webrtc,False,0.0002272456476930529,True,True,False,1,False,True,False,0,0.0,,,,,,,,,,,,,0.00026029165644326976,0.7719419074025292,0.1723731628265348,0.05568492592909181,,,,,,,,,,,,,,,False,temporal_v1,False,6.071106799340879e-05,0.12734864300626306,3.5013590802487053,0.9121541146690528,60.7087118182769,1561.0689060974903,0.00020093003775578148,4.4867296078484195e-05,1.4494321609004089e-05,0.0,0.0,0.06822650554046682,0.057234250916279525,0.0216659140889916,0.01472667397791098,0.16532429438027577,92.12334210253894,0.005943917393750295,1.1102304767460556,-0.0006669047798377361,1433.3333333333335,0.02461574339318383,True,0.0002563738526077941,0.06822650554046682,False,True,True,False,False,0,20
97,2026-08-08T15:31:57.781944,shadow,silero,webrtc,False,0.00023042430984787643,True,True,False,1,False,True,False,0,0.0,,,,,,,,,,,,,0.0004823572381135409,0.6866601992276835,0.2461073752871238,0.0672324234120405,,,,,,,,,,,,,,,False,temporal_v1,False,7.693605771201123e-05,0.13569937369519833,3.717378888268338,0.9030846190043715,63.29341423662237,1526.9928986695365,0.00033121551722195916,0.00011871167382286974,3.243004606871202e-05,0.0,0.0,0.06816723198324301,0.05761484510623557,0.02166948483607996,0.014561493104360591,0.1664265413508896,94.55948660692454,0.004504577810340221,1.3862468649236246,-0.0008339791283446659,1400.0,0.014255486248492372,True,0.0002563738526077941,0.06816723198324301,False,True,True,False,False,0,20
98,2026-08-08T15:31:57.792334,shadow,silero,webrtc,False,0.00021837966050952673,True,True,False,1,False,True,False,0,0.0,,,,,,,,,,,,,0.00026765435890004866,0.7857620414189922,0.13003648532948417,0.08420146951536185,,,,,,,,,,,,,,,False,temporal_v1,False,6.298430205223701e-05,0.1336116910229645,3.467734930160871,0.9113394069682174,61.13738118214723,1561.8095271750312,0.00021031263544399383,3.480483211447867e-05,2.2536890341576167e-05,0.0,0.0,0.06327996351630068,0.055247961051769,0.021768455315112584,0.014111561266071975,0.1461512021869756,93.9245366823754,0.005572535646608067,1.2571560837708275,-0.0007539865208316242,1233.3333333333335,0.01499136842196364,True,0.00023949227761477232,0.06327996351630068,False,True,True,False,False,0,20
99,2026-08-08T15:31:57.804842,shadow,silero,webrtc,False,0.00017760605260264128,True,True,False,1,False,True,False,0,0.0,,,,,,,,,,,,,0.00016300219894158826,0.6547936568332828,0.2113565764831982,0.1338497605486324,,,,,,,,,,,,,,,False,temporal_v1,False,5.289788706218745e-05,0.17118997912317327,3.7576289555543427,0.8699172865048307,58.7607522627135,1743.6318164738232,0.00010673280591682884,3.445158672752729e-05,2.181780529723213e-05,0.0,0.0,0.06421167005571222,0.054768460725202556,0.02802316316106574,0.01736796403824056,0.14241509371026484,100.67856155230439,0.0046806458288925325,1.0203003313760428,-0.0005987391447099961,2066.666666666667,0.0352679720558303,True,0.00022883497877046466,0.06421167005571222,False,True,True,False,False,0,20
100,2026-08-08T15:31:57.813953,shadow,silero,webrtc,False,0.00016721880820114166,True,True,False,1,False,True,False,0,0.0,,,,,,,,,,,,,0.00029271935653312923,0.7097958951215855,0.2343368793577975,0.05586722210437568,,,,,,,,,,,,,,,False,temporal_v1,False,6.447727918119681e-05,0.12734864300626306,3.319272358706033,0.9110331101573591,61.40569491081054,1584.1984470392772,0.000207770997689847,6.859494053759602e-05,1.6353417305686264e-05,0.0,0.0,0.06425586610671621,0.05488736671606092,0.02899703233904588,0.0176270158061058,0.1732322356124338,94.04152310884096,0.005418430553789556,1.394433116838295,-0.0008484855989994033,1300.0,0.012686063077554485,True,0.00022883497877046466,0.06425586610671621,False,True,True,False,False,0,20
101,2026-08-08T15:31:57.824648,shadow,silero,webrtc,False,0.00020611644140444696,True,True,False,1,False,True,False,0,0.0,,,,,,,,,,,,,0.00020587326180778416,0.7051502785687408,0.21144510018189747,0.08340461639200439,,,,,,,,,,,,,,,False,temporal_v1,False,5.703682748141675e-05,0.15866388308977036,3.5927869598010824,0.8949889122418144,59.86283675123508,1579.6556895119427,0.0001451715879136143,4.3530892467720926e-05,1.7170780426448926e-05,0.0,0.0,0.0637631414747148,0.054129776533696355,0.029000113102913738,0.01783228100548027,0.15994582106661648,92.5268996755342,0.005276476643660799,1.20369798483623,-0.0007273348752759852,1800.0000000000002,0.018801095031798404,True,0.0002272456476930529,0.0637631414747148,False,True,True,False,False,0,20
102,2026-08-08T15:31:57.834621,shadow,silero,webrtc,False,0.00021438387921079993,True,True,False,1,False,True,False,0,0.0,,,,,,,,,,,,,0.00016657344420419306,0.581408493849777,0.33750508331008006,0.08108641683678494,,,,,,,,,,,,,,,False,temporal_v1,False,5.080272761337529e-05,0.18789144050104384,3.795945141250614,0.8612322798165315,58.15766530739714,1697.5658157147036,9.684721531012975e-05,5.621938416338315e-05,1.3506843730680138e-05,0.0,0.0,0.06836100830877069,0.05982078270386056,0.028963127499905997,0.022873229101966326,0.16060570284106168,97.3978059848507,0.00622993734944337,1.3659434769824088,-0.000823471346487794,2100.0,0.017629665869795752,True,0.0002228126541012898,0.06836100830877069,False,True,True,False,False,0,20
103,2026-08-08T15:31:57.848604,shadow,silero,webrtc,False,0.0002373884490225464,True,True,False,1,False,True,False,0,0.0,,,,,,,,,,,,,0.0002509085289637498,0.597321943758193,0.2960142557670858,0.10666379648920507,,,,,,,,,,,,,,,False,temporal_v1,False,5.928829327602692e-05,0.162839248434238,3.7759891468321234,0.8641519251347441,60.188699847306836,1667.7447182204887,0.00014987317022613591,7.427250146681868e-05,2.6762856270795224e-05,0.0,0.0,0.07203655431706625,0.058381576501247624,0.02857961627245505,0.01939298765863279,0.1642314023734953,89.23687273382502,0.005557071555163511,1.6800663792554293,-0.0010323338832778568,2166.666666666667,0.00973041781328522,True,0.0002228126541012898,0.07203655431706625,False,True,True,False,False,0,20
104,2026-08-08T15:31:57.865278,shadow,silero,webrtc,False,0.00019287118630018085,True,True,False,1,False,True,False,0,0.0,,,,,,,,,,,,,0.0005080306734716838,0.7443190258790242,0.2013900056660728,0.05429096648651794,,,,,,,,,,,,,,,False,temporal_v1,False,7.708157734753237e-05,0.1419624217118998,3.544239135167483,0.909494057773574,63.3439729982335,1547.1534529616004,0.00037813689599510835,0.00010231230020900118,2.7581476267574324e-05,0.0,0.0,0.07308152501850342,0.05906039985982401,0.02825630285957902,0.01933897435844802,0.15909357179254027,87.77248768618217,0.006417093545747682,1.2765262753883335,-0.0007658102726665983,1533.3333333333335,0.01694932133933363,True,0.00021638176986016333,0.07308152501850342,False,True,True,False,False,0,20
105,2026-08-08T15:31:57.879534,shadow,silero,webrtc,False,0.00018620640912558883,True,True,False,1,False,True,False,0,0.0,,,,,,,,,,,,,0.00022113188453091768,0.6769805368223166,0.24233338012976216,0.080686078525733,,,,,,,,,,,,,,,False,temporal_v1,False,5.719960546762872e-05,0.1524008350730689,3.7250107834138007,0.8808543641121974,59.82972852441576,1701.9807340637094,0.00014970198189827118,5.3587637032841544e-05,1.7842264599804943e-05,0.0,0.0,0.06421706736760462,0.05580349127119603,0.023745205874972697,0.01922029108389796,0.15130034224892472,73.44898083249434,0.005885852980436796,0.9776847914303235,-0.0005863628247909509,2000.0000000000002,0.03737518978033366,True,0.00021025016030762345,0.06421706736760462,False,True,True,False,False,0,20
106,2026-08-08T15:31:57.890660,shadow,silero,webrtc,False,0.0002198101719841361,True,True,False,1,False,True,False,0,0.0,,,,,,,,,,,,,0.000681579572880962,0.6999352211160925,0.23623464837052208,0.06383012904620525,,,,,,,,,,,,,,,False,temporal_v1,False,8.58039282014708e-05,0.1544885177453027,3.825430682842196,0.8971624287991538,64.38214709360108,1532.6660917675958,0.00047706154905264805,0.00016101271073606468,4.3505312092249265e-05,0.0,0.0,0.058572691377884636,0.05260124890407933,0.023015475275351978,0.01770103775468181,0.15707127373566687,76.06642694889261,0.0038001863981845015,1.8352264875863487,-0.0011192983985255014,1600.0,0.006532939730451722,True,0.00021025016030762345,0.058572691377884636,False,True,True,False,False,0,20
107,2026-08-08T15:31:57.904638,shadow,silero,webrtc,False,0.0002617704449221492,True,True,False,1,False,True,False,0,0.0,,,,,,,,,,,,,0.0002713655927743565,0.6681538549515978,0.24617152570548184,0.0856746156578547,,,,,,,,,,,,,,,False,temporal_v1,False,6.045720358850407e-05,0.16075156576200417,3.7813309009955813,0.8864439646473333,60.53477489347726,1605.7645694689238,0.00018131396691341175,6.680248199723581e-05,2.3249142863708904e-05,0.0,0.0,0.0587581914369708,0.05260264653432144,0.022563932847476813,0.016884436113232357,0.16085360533331125,70.48726843158158,0.003118388851312611,1.620104991539869,-0.0009836908452897383,1800.0000000000002,0.009841190802964956,True,0.00021025016030762345,0.0587581914369708,False,True,True,False,False,0,20
108,2026-08-08T15:31:57.922356,shadow,silero,webrtc,False,0.0002989427011925727,True,True,False,1,False,True,False,0,0.0,,,,,,,,,,,,,0.0004244566776868692,0.7138179797651375,0.22160757656118324,0.06457444131772622,,,,,,,,,,,,,,,False,temporal_v1,False,7.077527184896013e-05,0.1544885177453027,3.595516582073781,0.902265603772343,62.40128506909982,1542.3686472947775,0.0003029848081642631,9.406281569739835e-05,2.7409052825207768e-05,0.0,0.0,0.04930068919542602,0.040065000178799506,0.02321443471460134,0.015314258818449522,0.14989068594897723,72.36950693365021,0.0037351444101711806,1.7163911246418602,-0.0010449779154646614,1533.3333333333335,0.006334143808651872,True,0.00021025016030762345,0.04930068919542602,False,True,False,False,False,0,20
109,2026-08-08T15:31:57.943167,shadow,silero,webrtc,False,0.00023292745754588395,True,True,False,1,False,True,False,0,0.0,,,,,,,,,,,,,0.0004129126257680641,0.6728278149248642,0.2643840140047162,0.06278816864859978,,,,,,,,,,,,,,,False,temporal_v1,False,7.002437800370044e-05,0.162839248434238,3.683898741888423,0.8951235171359607,62.25073294031677,1611.2560580745924,0.00027781909975041475,0.00010916749743378797,2.5926027583861375e-05,0.0,0.0,0.04885021013426236,0.038907310214572895,0.015561734311879068,0.014745898443766428,0.1472538026923725,59.56931120469151,0.004506792168116833,1.2486460040035292,-0.0007434315311459304,1500.0,0.019696828189863454,True,0.00021709702559746802,0.04885021013426236,False,True,False,False,False,0,20
110,2026-08-08T15:31:57.953066,shadow,silero,webrtc,False,0.00026758969761431217,True,True,False,1,False,True,False,0,0.0,,,,,,,,,,,,,0.001958768474369861,0.7219856807858921,0.22117421939746906,0.05684009930611394,,,,,,,,,,,,,,,False,temporal_v1,False,0.0001408192055435737,0.14822546972860126,3.8724381892354254,0.9094799287893609,69.15383620669134,1509.6703030986857,0.0014142027904698673,0.0004332290882991254,0.0001113365946008682,0.0,0.0,0.049797004341226,0.03960236605819571,0.015451427821530717,0.011640586103925385,0.10531430665495138,66.248036170725,0.002373818821802849,1.3749597595806542,-0.0008191419873715138,1500.0,0.01795553982190878,True,0.00022636881476501003,0.049797004341226,False,True,False,False,False,0,20
111,2026-08-08T15:31:57.966967,shadow,silero,webrtc,False,0.000230696692597121,True,True,False,1,False,True,False,0,0.0,,,,,,,,,,,,,0.0002301762110901562,0.6702307453285643,0.2309358327976579,0.09883341752928022,,,,,,,,,,,,,,,False,temporal_v1,False,5.692597490634665e-05,0.15657620041753653,3.7497703875866164,0.8721993907158865,59.72709959715314,1750.9837768314485,0.00015427117351586033,5.3155934998314716e-05,2.274910157598115e-05,0.0,0.0,0.04900201827214618,0.03821935861446418,0.01700708392575164,0.011653683287643308,0.09663464044341732,79.67303398977238,0.0025206151780300186,0.972379545500467,-0.0005803140874766925,1933.3333333333335,0.045186547197582694,True,0.00023181207507150248,0.04900201827214618,False,True,False,False,False,0,20
112,2026-08-08T15:31:57.978415,shadow,silero,webrtc,False,0.000230696692597121,True,True,False,1,False,True,False,0,0.0,,,,,,,,,,,,,0.0015589306991838753,0.6329421139264614,0.25971490920875356,0.10734297622331984,,,,,,,,,,,,,,,False,temporal_v1,False,0.00012754333228761293,0.15031315240083507,4.0536547289894544,0.8486570793402612,67.94267554537771,1885.2870716666393,0.0009867128922062985,0.00040487754500127885,0.00016734026097629812,0.0,0.0,0.040971960219105,0.025306728978212314,0.019505966763387467,0.006332255068101502,0.13586383594488025,112.04817859732398,0.0035347958162779427,0.8527612669031884,-0.0005006061941787,2033.3333333333335,0.07201124854890951,True,0.00023181207507150248,0.040971960219105,False,True,False,False,False,0,20
113,2026-08-08T15:31:57.990063,shadow,silero,webrtc,False,0.0005413502221927047,True,True,False,1,False,True,False,0,0.0,,,,,,,,,,,,,0.0010283632399792138,0.7286735168488309,0.2132626558072397,0.05806382637151045,,,,,,,,,,,,,,,False,temporal_v1,False,0.00010319495581581732,0.15031315240083507,3.6949458683182,0.9070005824598252,66.23839680295498,1487.6127709704072,0.000749341058673712,0.0002193114756925049,5.971070461299701e-05,0.0,0.0,0.03261005292236314,0.01904510903775165,0.017774390127875444,0.005770469712352922,0.1371230806382636,119.63678950947237,0.003545973799930784,1.7602646302452059,-0.001056389606348596,1466.6666666666667,0.005544160112317098,True,0.00023181207507150248,0.03261005292236314,False,True,False,False,False,0,20
114,2026-08-08T15:31:58.003947,shadow,silero,webrtc,False,0.0005932047497481108,True,True,False,1,False,True,False,0,0.0,,,,,,,,,,,,,0.0023643105531678857,0.46183991592553014,0.47769964176346985,0.06046044188804374,,,,,,,,,,,,,,,False,temporal_v1,False,0.00014859526222733976,0.17849686847599164,3.7645847178880976,0.8568625088734952,69.38560805982276,1633.2395130460225,0.0010919329870969,0.0011294303042658903,0.0001429472608050955,0.0,0.0,0.07310848793036015,0.07380569952706709,0.01720199694109976,0.00842930155875675,0.11827559257509959,117.34225380596375,0.005603195237041344,1.2274621275811786,-0.0007260664928423648,1900.0000000000002,0.01754192956187245,True,0.00024734895123401657,0.07310848793036015,False,True,True,False,False,0,20
115,2026-08-08T15:31:58.011535,shadow,silero,webrtc,False,0.00035518337972462177,True,True,False,1,False,True,False,0,0.0,,,,,,,,,,,,,0.0019196609160707393,0.570908023143007,0.37983597616000675,0.04925600017606081,,,,,,,,,,,,,,,False,temporal_v1,False,0.00013438840182858626,0.1941544885177453,3.741756409074978,0.8687001606801357,68.52588411287522,1589.3090617090807,0.0010959498186988398,0.0007291562779519421,9.45548184199574e-05,0.0,0.0,0.07808822810088951,0.08139957311805428,0.01849910802949094,0.013801224718225607,0.11767785673618933,114.89751988592859,0.006444956691710301,1.287292254690153,-0.0007671888725041579,1900.0000000000002,0.016249277367051795,True,0.0002646800712682307,0.07808822810088951,False,True,True,False,False,0,20
116,2026-08-08T15:31:58.022187,shadow,silero,webrtc,False,0.00039216625737026334,True,True,False,1,False,True,False,0,0.0,,,,,,,,,,,,,0.002313389051250889,0.35902117265975164,0.5956172894997469,0.04536153740823515,,,,,,,,,,,,,,,False,temporal_v1,False,0.00014888800038667478,0.18997912317327767,3.8727134200979973,0.8306769245824184,69.2686059958956,1632.9514550391716,0.0008305556499983244,0.0013778945162644454,0.0001049388839881188,0.0,0.0,0.11590840788440886,0.12432321773645749,0.019963358206475396,0.01603613461854587,0.12047233842174002,111.61944969446661,0.005956980429815231,1.2410288600466919,-0.0007365890264745031,1933.3333333333335,0.01738498995517965,True,0.00028326619940344244,0.11590840788440886,False,True,True,False,False,0,20
117,2026-08-08T15:31:58.033976,shadow,silero,webrtc,False,0.0004194133507553488,True,True,False,1,False,True,False,0,0.0,,,,,,,,,,,,,0.003616689723471472,0.39153032311317926,0.5686561456042044,0.03981353100612039,,,,,,,,,,,,,,,False,temporal_v1,False,0.00018193990026285303,0.20041753653444677,3.8368057616933244,0.821924506550203,71.0315074307981,1642.3540559123032,0.0014160436960309005,0.0020566528379956234,0.00014399318844494842,0.0,0.0,0.1328899194856024,0.14363875395163803,0.0208361732131762,0.019186530684705192,0.12162873979379114,111.53371249155211,0.0061441793884617155,1.4405913685887388,-0.0008572744887482384,2033.3333333333335,0.011333667031804,True,0.00032706304045859724,0.1328899194856024,False,True,True,False,False,0,20
118,2026-08-08T15:31:58.044022,shadow,silero,webrtc,False,0.0004213932843413204,True,True,False,1,False,True,False,0,0.0,,,,,,,,,,,,,0.005053256079041325,0.28810449260291,0.6815165962342438,0.03037891096495394,,,,,,,,,,,,,,,False,temporal_v1,False,0.00021502080456367462,0.22129436325678498,3.5667502077538153,0.805288926644488,72.43219530068532,1722.8705583113533,0.0014558657786447713,0.003443877882888244,0.00015351241650830865,0.0,0.0,0.15372331549594853,0.16874862480884723,0.023189178392409988,0.024114542314024087,0.12636229638247617,110.73644730420216,0.006292485544202102,1.12852619363603,-0.0006606220420155057,1933.3333333333335,0.016946663018426247,True,0.00037367481854744256,0.15372331549594853,False,True,True,False,False,0,20
119,2026-08-08T15:31:58.052633,shadow,silero,webrtc,False,0.0004641535342670977,True,True,False,1,False,True,False,0,0.0,,,,,,,,,,,,,0.0034237792378345746,0.2313260200983847,0.7314736760729408,0.037200303536599706,,,,,,,,,,,,,,,False,temporal_v1,False,0.00017748172435701784,0.22755741127348644,3.197615979745425,0.7759132005314028,70.55934682370909,1768.4879170919405,0.0007920092247837531,0.0025044043851610675,0.00012736562688975416,0.0,0.0,0.17410102237316913,0.19090350106439039,0.02422958392603238,0.02824338383473459,0.21670079933437916,115.66137053256917,0.00982345602167881,1.2136588922756242,-0.0007093038258558407,2000.0000000000002,0.012185176970202128,True,0.00040578980406280607,0.17410102237316913,False,True,True,False,False,0,20
120,2026-08-08T15:31:58.061430,shadow,silero,webrtc,False,0.0002776844776235521,True,True,False,1,False,True,False,0,0.0,,,,,,,,,,,,,0.0024339491659196564,0.3313254367161935,0.6369704638568227,0.03170409901612891,,,,,,,,,,,,,,,False,temporal_v1,False,0.00015141599744189277,0.18997912317327767,3.5178153869395405,0.8197448210890397,69.3643295102626,1636.5558555959487,0.0008064292703433451,0.0015503537292197703,7.716616535654116e-05,0.0,0.0,0.1647552391884731,0.18477045992259827,0.02552552912444251,0.02597655320341189,0.22031114040996602,104.66059170285129,0.0074524698506388395,1.232490184876277,-0.0007331273816235007,1966.6666666666667,0.014674283833212846,True,0.00040578980406280607,0.1647552391884731,False,True,True,False,False,0,20
121,2026-08-08T15:31:58.074448,shadow,silero,webrtc,False,0.00026315401191823184,True,True,False,1,False,True,False,0,0.0,,,,,,,,,,,,,0.00172196276647026,0.36989076590311504,0.6028563579501655,0.02725287556598692,,,,,,,,,,,,,,,False,temporal_v1,False,0.00012940934221502323,0.20250521920668058,3.6994153949911994,0.8320257561263011,67.9907654445153,1620.9213749984262,0.0006369381265463312,0.0010380962019200521,4.692843700387659e-05,0.0,0.0,0.15175762667319198,0.16805899278929318,0.022298327466127796,0.024396651132610116,0.2196823952076689,102.4639857009074,0.005274395927403563,1.1524795024965884,-0.0006866803982252819,1966.6666666666667,0.01914053874449322,True,0.00040578980406280607,0.15175762667319198,False,True,True,False,False,0,20
122,2026-08-08T15:31:58.083447,shadow,silero,webrtc,False,0.0002481025585439056,True,True,False,1,False,True,False,0,0.0,,,,,,,,,,,,,0.0016537510240174603,0.47930046443066554,0.49331889668993695,0.027380638274711686,,,,,,,,,,,,,,,False,temporal_v1,False,0.00012600156741984713,0.1941544885177453,3.651941095691417,0.8455057141013157,67.81364556252824,1556.480389199853,0.0007926436338642574,0.0008158266305681469,4.528075858505612e-05,0.0,0.0,0.13827611330608713,0.14573699510291838,0.011600113508064459,0.020391274185742683,0.18422005778578732,74.44970510986606,0.004792729416444073,1.4476264480635885,-0.0008664393249493617,1966.6666666666667,0.00852754604623536,True,0.00040578980406280607,0.13827611330608713,False,True,True,False,False,0,20
123,2026-08-08T15:31:58.095224,shadow,silero,webrtc,False,0.00022200065723154694,True,True,False,1,False,True,False,0,0.0,,,,,,,,,,,,,0.0006590783942842767,0.4985624852457789,0.45034300700484314,0.051094506232107734,,,,,,,,,,,,,,,False,temporal_v1,False,8.464512895810545e-05,0.1524008350730689,3.8084091594712897,0.8495394662789051,64.0087707899469,1659.1866436783168,0.00032859176222616634,0.0002968113459339048,3.3675285124205535e-05,0.0,0.0,0.09866561774832039,0.10437631410457442,0.010710435563118605,0.01993955545515407,0.1897761700148305,57.77356197838737,0.0063943045772232,1.1191390132692678,-0.0006481402744104762,1933.3333333333335,0.02291840385958759,True,0.00037367481854744256,0.09866561774832039,False,True,True,False,False,0,20
124,2026-08-08T15:31:58.103820,shadow,silero,webrtc,False,0.00021785371063742787,True,True,False,1,False,True,False,0,0.0,,,,,,,,,,,,,0.0008075699665328498,0.5976513105795829,0.36616935340361534,0.0361793347785189,,,,,,,,,,,,,,,False,temporal_v1,False,9.441457929635245e-05,0.14613778705636743,3.5435592660597415,0.884009752530507,65.26613057915365,1547.815118839996,0.00048264524888306755,0.0002957073724735129,2.9217344176269277e-05,0.0,0.0,0.11456026337309445,0.11785803063397088,0.008268452533804139,0.024479359061321145,0.18985272991443217,64.9352129800935,0.007069593527261776,1.2233231632239965,-0.0007217577315395407,1933.3333333333335,0.014637555165795214,True,0.00031643392867408693,0.11456026337309445,False,True,True,False,False,0,20
125,2026-08-08T15:31:58.115067,shadow,silero,webrtc,False,0.00020835337636526674,True,True,False,1,False,True,False,0,0.0,,,,,,,,,,,,,0.000696897146446674,0.6667942241471254,0.2926031700738556,0.040602604344087065,,,,,,,,,,,,,,,False,temporal_v1,False,8.953995235644235e-05,0.12734864300626306,3.5070150416983616,0.9028800025422061,64.83545111370287,1588.5933308401954,0.0004646869920752557,0.00020391431426572081,2.8295839105697607e-05,0.0,0.0,0.13039750468280434,0.13249884164277162,0.00740731792131469,0.031148477333912065,0.19078462390156758,64.988875967811,0.005127396268480959,0.941690604084451,-0.0005593569185303798,1933.3333333333335,0.03271528211023612,True,0.00027041924477089196,0.13039750468280434,False,True,True,False,False,0,20
126,2026-08-08T15:31:58.128395,shadow,silero,webrtc,False,0.00023664925538469106,True,True,False,1,False,True,False,0,0.0,,,,,,,,,,,,,0.0007802148354909105,0.7573216849614617,0.2113007673914708,0.03137754636536922,,,,,,,,,,,,,,,False,temporal_v1,False,9.581832709545799e-05,0.10438413361169102,3.2048175831292514,0.9239653055501008,65.6019322253688,1466.3457274275788,0.000590873613845906,0.00016485999346943953,2.4481227175564965e-05,0.0,0.0,0.1622227849222545,0.16347481969502606,0.006945114299031426,0.03933717148497329,0.20692129077154167,82.92974781595376,0.005539348773266616,1.003673985151557,-0.0006006228847774966,1833.3333333333335,0.01730899570042952,True,0.00025562828523106873,0.1622227849222545,False,True,True,False,False,0,20
127,2026-08-08T15:31:58.138867,shadow,silero,webrtc,False,0.00026481744134798646,True,True,False,1,False,True,False,0,0.0,,,,,,,,,,,,,0.0005972955751670276,0.8155346585647993,0.14358770975665025,0.040877630004337584,,,,,,,,,,,,,,,False,temporal_v1,False,8.370466874356737e-05,0.1336116910229645,3.1160371028963327,0.9308821543320585,64.29205049432348,1439.6640232916782,0.00048711524295610726,8.576430368601464e-05,2.441602752490576e-05,0.0,0.0,0.19128509799765547,0.1935151421343805,0.007021212292277219,0.04038681349258872,0.2207264873961289,98.52719224500187,0.0049648579153322644,1.4650162623828729,-0.0008897709145355567,1066.6666666666667,0.007793465274097424,True,0.00025562828523106873,0.19128509799765547,False,True,True,False,False,0,20
128,2026-08-08T15:31:58.142169,shadow,silero,webrtc,False,0.00026481744134798646,True,True,False,1,False,True,False,0,0.0,,,,,,,,,,,,,0.0011666543732373204,0.7903377858105323,0.16788208628269888,0.04178012704961697,,,,,,,,,,,,,,,False,temporal_v1,False,0.00011167138708275093,0.11064718162839249,3.3490643125368567,0.9271081993453767,67.08384876095342,1433.7877969195413,0.0009220510341505582,0.0001958603701499158,4.87429679368465e-05,0.0,0.0,0.19402969696238276,0.1963170866491986,0.007038179154371523,0.03995554121160894,0.22196036267883174,100.82095963835347,0.004713401134232963,1.298008612203837,-0.0007820731048233792,1233.3333333333335,0.01493072974380682,True,0.00025562828523106873,0.19402969696238276,False,True,True,False,False,0,20
129,2026-08-08T15:31:58.153795,shadow,silero,webrtc,False,0.0002760689239948988,True,True,False,1,False,True,False,0,0.0,,,,,,,,,,,,,0.0005780916246654697,0.8252358672355667,0.1316993842584617,0.043064746776141825,,,,,,,,,,,,,,,False,temporal_v1,False,8.432571867991894e-05,0.10647181628392484,3.159482498025977,0.9335075792362786,64.37895077524783,1482.784671204325,0.0004770619432224267,7.613431101341611e-05,2.489536942962688e-05,0.0,0.0,0.17631930663602496,0.17975477453250957,0.007307520486871922,0.035392840907868525,0.22670490424195303,79.19240491534504,0.0035332771049655094,1.0164855486452513,-0.0006131832633908477,966.6666666666667,0.02200119892387141,True,0.00025562828523106873,0.17631930663602496,False,True,True,False,False,0,20
130,2026-08-08T15:31:58.167449,shadow,silero,webrtc,False,0.00024310928711201996,True,True,False,1,False,True,False,0,0.0,,,,,,,,,,,,,0.0011749267202313927,0.8085058540318109,0.1541142438081446,0.03737990130892761,,,,,,,,,,,,,,,False,temporal_v1,False,0.00011214067187721533,0.11064718162839249,3.511636216809562,0.9303505546018725,67.13913578407171,1405.9093485513158,0.0009499351313654767,0.00018107294301844456,4.391864484747146e-05,0.0,0.0,0.1571019719392537,0.15984564013349717,0.0070808411743626745,0.03366610825938732,0.22654327292574752,82.17920683568919,0.00492729983753842,1.3660064067622362,-0.0008183742580632544,1133.3333333333335,0.012333710971142369,True,0.0002456059228279628,0.1571019719392537,False,True,True,False,False,0,20
131,2026-08-08T15:31:58.176550,shadow,silero,webrtc,False,0.0002465086290612817,True,True,False,1,False,True,False,0,0.0,,,,,,,,,,,,,0.0005863128121169492,0.8235702332615501,0.14209737708413817,0.034332387948737754,,,,,,,,,,,,,,,False,temporal_v1,False,8.241529856340736e-05,0.08977035490605428,3.147780793530765,0.9318554651673205,64.13889139933534,1437.8545984122109,0.0004828697794393912,8.331351275264357e-05,2.012951892491449e-05,0.0,0.0,0.12961125025230305,0.12991007337472127,0.006313349786451969,0.029009776164494044,0.22750499367573107,77.97442862535871,0.006205125114379869,1.4688620353208852,-0.0008918189862899911,1033.3333333333335,0.007945266536825108,True,0.0002448089580866508,0.12961125025230305,False,True,True,False,False,0,20
132,2026-08-08T15:31:58.184852,shadow,silero,webrtc,False,0.0002711781417019665,True,True,False,1,False,True,False,0,0.0,,,,,,,,,,,,,0.000588906582267124,0.8276442854920156,0.12956134701300184,0.042794365796920336,,,,,,,,,,,,,,,False,temporal_v1,False,8.161532526929984e-05,0.14509394572025053,3.030786276318432,0.9229389173737778,63.99802127702978,1609.3524990673889,0.00048740516750201877,7.629953006335177e-05,2.5201883701753465e-05,0.0,0.0,0.1091169031016353,0.10709807126521181,0.005220111683448746,0.020117993906219246,0.23490730722719014,83.12262363471471,0.0106112806291248,0.851385545593739,-0.0005060573464337924,1133.3333333333335,0.025682823568380773,True,0.0002448089580866508,0.1091169031016353,False,True,True,False,False,0,20
133,2026-08-08T15:31:58.194456,shadow,silero,webrtc,False,0.0002806379343383014,True,True,False,1,False,True,False,0,0.0,,,,,,,,,,,,,0.0008569093398512074,0.7750657739310468,0.17953789748907595,0.045396327412892706,,,,,,,,,,,,,,,False,temporal_v1,False,9.68313619638225e-05,0.0918580375782881,3.5076509684392776,0.9178677247656044,65.67567915912407,1487.9201514707993,0.0006641611006805184,0.0001538477012156378,3.890053695505116e-05,0.0,0.0,0.07330760346715808,0.07441058485306834,0.004179617167262278,0.019349394899806426,0.18713114002520756,65.88479798599553,0.005696627073166627,1.3414001161834768,-0.0007898464883480047,1266.6666666666667,0.012720438704608136,True,0.00025566303520463407,0.07330760346715808,False,True,True,False,False,0,20
134,2026-08-08T15:31:58.207265,shadow,silero,webrtc,False,0.0003420791181270033,True,True,False,1,False,True,False,0,0.0,,,,,,,,,,,,,0.0025315149056805296,0.7797548595623288,0.20046808036878022,0.019777059673870515,,,,,,,,,,,,,,,False,temporal_v1,False,0.0001538269571324639,0.11064718162839249,3.3981439425034785,0.9375258746266215,70.09019447673315,1442.1581770244372,0.0019739610497588635,0.0005074879335667295,5.006592135493652e-05,0.0,0.0,0.046113267060889584,0.04723606897131015,0.007223366569516775,0.01667567163312659,0.17338994436261693,64.21725262675055,0.004982174791721098,0.871728840277479,-0.0005153449660784791,1166.6666666666667,0.02386806548127899,True,0.00026481744134798646,0.046113267060889584,False,True,False,False,False,0,20
135,2026-08-08T15:31:58.217430,shadow,silero,webrtc,False,0.0005817142082378268,True,True,False,1,False,True,False,0,0.0,,,,,,,,,,,,,0.005036840825250303,0.7433753861560538,0.23196598510610267,0.024658628539306237,,,,,,,,,,,,,,,False,temporal_v1,False,0.0002165598618419595,0.10438413361169102,3.4209034006849945,0.9280369907687501,73.11089610047146,1397.0263356595694,0.0037442634934770204,0.0011683757438518216,0.0001242015869214599,0.0,0.0,0.028522168177268756,0.03375497202923947,0.008119247554123715,0.016120168524146744,0.1644681232934024,56.960678929529394,0.005967674828856227,1.2412378669528676,-0.0007356365995508556,1133.3333333333335,0.012304049734921513,True,0.0002679977915249765,0.028522168177268756,False,True,False,False,False,0,20
136,2026-08-08T15:31:58.228278,shadow,silero,webrtc,False,0.0008594777900725603,True,True,False,1,False,True,False,0,0.0,,,,,,,,,,,,,0.00476302841434536,0.805273655560528,0.16852927779529328,0.02619706643422836,,,,,,,,,,,,,,,False,temporal_v1,False,0.00020851408007810423,0.11482254697286012,3.093283245763395,0.9365629700282262,72.81425457789854,1415.952110909609,0.003835541302758553,0.0008027097387880844,0.00012477737179872276,0.0,0.0,0.02574127768916189,0.030725973903606436,0.008560135238624542,0.016011655070445874,0.17305989496774593,58.411848144788436,0.009540102613389456,1.3172841744719042,-0.000786255806574234,1166.6666666666667,0.010293650905379755,True,0.00027362353284843266,0.02574127768916189,False,True,False,False,False,0,20
137,2026-08-08T15:31:58.237169,shadow,silero,webrtc,False,0.0007538023637607694,True,True,False,1,False,True,False,0,0.0,,,,,,,,,,,,,0.0022328051417728227,0.7649782281800332,0.20292237035312422,0.03209940101897532,,,,,,,,,,,,,,,False,temporal_v1,False,0.00014493040544792348,0.09812108559498957,3.551001685659905,0.9262062258907792,69.49564448339632,1411.4292444279797,0.0017080473212246418,0.0004530861119051847,7.167170764299588e-05,0.0,0.0,0.027014970799421743,0.03174117167587847,0.008425601563190749,0.014658818157909436,0.18243097096576807,59.763321412587594,0.006031302016937765,1.2334430314140197,-0.0007377504250710856,1200.0,0.014675549252758864,True,0.0002783534291666001,0.027014970799421743,False,True,False,False,False,0,20
138,2026-08-08T15:31:58.248979,shadow,silero,webrtc,False,0.0004947272245772183,True,True,False,1,False,True,False,0,0.0,,,,,,,,,,,,,0.002013552264751606,0.7868733125615157,0.18079130497364884,0.03233538196820057,,,,,,,,,,,,,,,False,temporal_v1,False,0.0001387620308179425,0.07933194154488518,3.1934766078681887,0.9316721142642534,69.12369084154668,1444.6596561612403,0.0015844105405808384,0.00036403274157708893,6.51089815936785e-05,0.0,0.0,0.027086632938149748,0.031855389109361414,0.008107756986785229,0.01697357911513471,0.18563713226642706,59.51289320705357,0.00697362922567598,1.306204622574131,-0.000777852063278319,1200.0,0.012384257965407538,True,0.00031135852623265237,0.027086632938149748,False,True,False,False,False,0,20
139,2026-08-08T15:31:58.260393,shadow,silero,webrtc,False,0.000354336341843009,True,True,False,1,False,True,False,0,0.0,,,,,,,,,,,,,0.0007058250903815918,0.7898886581235257,0.15617578870452903,0.05393555175516358,,,,,,,,,,,,,,,False,temporal_v1,False,8.52304117067708e-05,0.12317327766179541,3.2952872895679444,0.9168291939989799,64.40890591979249,1646.1259768585821,0.0005575232335114319,0.0001102327901777906,3.806906569236936e-05,0.0,0.0,0.025010196938413668,0.029505516598741285,0.00982378760594032,0.017825252782762032,0.17962738846850865,83.0635014409594,0.00622391187057113,0.8843610710379031,-0.0005208297466278437,1300.0,0.03297384022630233,True,0.00034820772998500615,0.025010196938413668,False,True,False,False,False,0,20
140,2026-08-08T15:31:58.269413,shadow,silero,webrtc,False,0.0003229844442103058,True,True,False,1,False,True,False,0,0.0,,,,,,,,,,,,,0.0009874391251647018,0.7336636858472084,0.21447837928057503,0.05185793385949579,,,,,,,,,,,,,,,False,temporal_v1,False,0.00010095237800254294,0.12317327766179541,3.6964948071113337,0.9093180571438769,66.03834230393049,1517.4098729579969,0.0007244482281180782,0.00021178434320355414,5.120655284306949e-05,0.0,0.0,0.0293258865628034,0.030838312449919966,0.011071586498038372,0.018480708973994127,0.2064260245038521,81.19621053001755,0.0054434796074479186,1.8692954945499087,-0.0011510204941812018,1333.3333333333335,0.004971276774893971,True,0.00034820772998500615,0.0293258865628034,False,True,False,False,False,0,20
141,2026-08-08T15:31:58.280495,shadow,silero,webrtc,False,0.0003063263138756156,True,True,False,1,False,True,False,0,0.0,,,,,,,,,,,,,0.0012170733540372365,0.7339517594437511,0.20280522406779192,0.06324301566681392,,,,,,,,,,,,,,,False,temporal_v1,False,0.00011063711951234185,0.1649269311064718,3.831048331888792,0.8967335966209798,66.85198338367134,1555.8376607519353,0.0008932731295677372,0.0002468288342724608,7.697138919703872e-05,0.0,0.0,0.029254561887111518,0.028540642011080284,0.013645700760533848,0.023985874929218973,0.24341741933902283,82.6305171557002,0.003209569495773057,1.456722690241567,-0.0008723484256617634,1600.0,0.013869878968075218,True,0.00034820772998500615,0.029254561887111518,False,True,False,False,False,0,20
142,2026-08-08T15:31:58.289232,shadow,silero,webrtc,False,0.00033124451874755323,True,True,False,1,False,True,False,0,0.0,,,,,,,,,,,,,0.0008201717470787332,0.787122622240966,0.16527328938610247,0.0476040871536746,,,,,,,,,,,,,,,False,temporal_v1,False,9.255396856005688e-05,0.10647181628392484,3.4647489167369447,0.9194705693353458,65.24129461812782,1498.2392748645582,0.0006455757362485668,0.00013555248250124872,3.904352732891757e-05,0.0,0.0,0.02385873650325786,0.022827052598096146,0.013846168603739465,0.021940541741647203,0.20976004899293108,73.13388952795408,0.0033809814032246047,1.309874801602929,-0.0007875483031500693,1300.0,0.016722679358234082,True,0.00034820772998500615,0.02385873650325786,False,True,False,False,False,0,20
143,2026-08-08T15:31:58.305391,shadow,silero,webrtc,False,0.00030614587012678385,True,True,False,1,False,True,False,0,0.0,,,,,,,,,,,,,0.0006683190077562449,0.7371998035728812,0.21018276746571535,0.05261742746511192,,,,,,,,,,,,,,,False,temporal_v1,False,8.673013562859038e-05,0.11482254697286012,3.405503511120529,0.9150262902988084,64.57543677679793,1533.9311869136284,0.0004926846412419266,0.00014046913860014842,3.5165226914169786e-05,0.0,0.0,0.02568814215942033,0.023230702233510845,0.014304580923421633,0.02092270533005018,0.20895594266753528,74.81015020022653,0.007884227414227141,1.1471873226677218,-0.0006864748070420893,1300.0,0.022269484450359523,True,0.00034820772998500615,0.02568814215942033,False,True,False,False,False,0,20
144,2026-08-08T15:31:58.312160,shadow,silero,webrtc,False,0.00030614587012678385,True,True,False,1,False,True,False,0,0.0,,,,,,,,,,,,,0.0005814857501182745,0.8196860692416722,0.12897127862066074,0.051342650417934496,,,,,,,,,,,,,,,False,temporal_v1,False,7.976088218284439e-05,0.0918580375782881,3.275397402068603,0.9218669807363764,63.7571160282728,1519.0999426358253,0.0004766357688344937,7.49949606924479e-05,2.9855019591332982e-05,0.0,0.0,0.03019226236691476,0.02996790102931561,0.012802157531407813,0.021956427736481963,0.21429679208966512,73.8271392987509,0.00803963572437773,1.242933753023419,-0.0007336097031016255,1100.0,0.01314418247332976,True,0.0003427904302952811,0.03019226236691476,False,True,False,False,False,0,20
145,2026-08-08T15:31:58.326142,shadow,silero,webrtc,False,0.0002722200006246567,True,True,False,1,False,True,False,0,0.0,,,,,,,,,,,,,0.00038728234484277133,0.8438464889875654,0.10797418495335763,0.048179323476981444,,,,,,,,,,,,,,,False,temporal_v1,False,6.918326108159877e-05,0.11064718162839249,2.8153701408300194,0.92859949655046,62.27762761658619,1519.0177323017278,0.00032680684694244414,4.181649553122342e-05,1.8659001369103756e-05,0.0,0.0,0.03579142828911651,0.03386809615448613,0.011163945488451515,0.021816034200606477,0.28132330381451365,66.517151882616,0.006353212803069827,1.4206080212931766,-0.0008646188287503441,933.3333333333334,0.007841922757709462,True,0.0003271144814789295,0.03579142828911651,False,True,False,False,False,0,20
146,2026-08-08T15:31:58.334662,shadow,silero,webrtc,False,0.00028673242195509374,True,True,False,1,False,True,False,0,0.0,,,,,,,,,,,,,0.0003763555765850969,0.7743641491840212,0.18550180672408262,0.04013404143483454,,,,,,,,,,,,,,,False,temporal_v1,False,6.656494352992659e-05,0.14613778705636743,3.204743396000319,0.897991161921485,61.704212670018315,1567.886228030294,0.0002914362658529803,6.981463942721932e-05,1.5104670304897323e-05,0.0,0.0,0.03481822278243894,0.03398598518968822,0.009331696469448963,0.024026497634814795,0.27251985033975956,61.3241076980456,0.005802610159029201,1.2210793228444967,-0.0007340813778572527,1833.3333333333335,0.014084703720775539,True,0.0003146553790429607,0.03481822278243894,False,True,False,False,False,0,20
147,2026-08-08T15:31:58.342798,shadow,silero,webrtc,False,0.0003016919072251767,True,True,False,1,False,True,False,0,0.0,,,,,,,,,,,,,0.000504785756590718,0.8008613249170627,0.1733918408152403,0.025746832286658524,,,,,,,,,,,,,,,False,temporal_v1,False,7.658626360853936e-05,0.12317327766179541,2.8569333316925687,0.9136682861335109,63.29643298302477,1455.9472600427898,0.0004042633898225044,8.752573155257843e-05,1.299663421563525e-05,0.0,0.0,0.03522479945351313,0.03273557057575929,0.010491396853540405,0.023341935474218232,0.3048875619412756,54.40772423857628,0.008157207675246105,1.4806513997709454,-0.0009006408387075278,1433.3333333333335,0.005418027068770276,True,0.0003062360920011997,0.03522479945351313,False,True,False,False,False,0,20
148,2026-08-08T15:31:58.349756,shadow,silero,webrtc,False,0.00028433409170247614,True,True,False,1,False,True,False,0,0.0,,,,,,,,,,,,,0.0002600116242866557,0.6853921205153325,0.25170721691628223,0.06290065872240329,,,,,,,,,,,,,,,False,temporal_v1,False,5.9327752689035566e-05,0.17118997912317327,3.4891468716030025,0.8667606545922543,60.2101911137273,1635.3711200555017,0.00017820991852846688,6.544680231507613e-05,1.635490244311268e-05,0.0,0.0,0.04520265142408891,0.04050995497807881,0.010312189430367191,0.024228814395699152,0.30707409868452806,56.01882645206352,0.006764475443470075,1.2424976549392235,-0.000746976582915229,2400.0,0.017544225400148376,True,0.00030614587012678385,0.04520265142408891,False,True,False,False,False,0,20
149,2026-08-08T15:31:58.357828,shadow,silero,webrtc,False,0.00030844478169456124,True,True,False,1,False,True,False,0,0.0,,,,,,,,,,,,,0.0003181451105142805,0.668084940333606,0.25245282095965316,0.07946223556352115,,,,,,,,,,,,,,,False,temporal_v1,False,6.382555860871155e-05,0.15031315240083507,3.620635698709643,0.8803982704809821,61.1399356318569,1627.1329910534566,0.00021254795717536156,8.031663062385073e-05,2.5280521715068227e-05,0.0,0.0,0.053931344758975173,0.04498175849572617,0.013650037936909937,0.02509043705649038,0.31833437972311895,52.782643174152746,0.003428375050479057,1.2752048823696953,-0.000771617753980602,2000.0000000000002,0.01888899544880151,True,0.00030614587012678385,0.053931344758975173,False,True,True,False,False,0,20
150,2026-08-08T15:31:58.368366,shadow,silero,webrtc,False,0.0003747412993106991,True,True,False,1,False,True,False,0,0.0,,,,,,,,,,,,,0.0006807866876828101,0.5387556403517957,0.3970065024077841,0.06423785577153146,,,,,,,,,,,,,,,False,temporal_v1,False,8.859332775356283e-05,0.1524008350730689,3.7867883270676015,0.8674371280593154,64.55550411171372,1565.2884560920575,0.0003667776678655303,0.0002702767417627329,4.373227705454699e-05,0.0,0.0,0.08539642074978547,0.07708405132931692,0.014106763240692146,0.025786050366003354,0.3286925729577831,52.41562032397695,0.005679032377623774,1.5461399956389066,-0.0009333613859388052,2166.666666666667,0.010779679870571117,True,0.00030614587012678385,0.08539642074978547,False,True,True,False,False,0,20
151,2026-08-08T15:31:58.378797,shadow,silero,webrtc,False,0.0002996923285536468,True,True,False,1,False,True,False,0,0.0,,,,,,,,,,,,,0.00046535158660805003,0.5325888440769508,0.4272110101470829,0.040200143627053424,,,,,,,,,,,,,,,False,temporal_v1,False,7.242323927035023e-05,0.1732776617954071,3.552991771510151,0.8632035263533435,62.45758410498938,1656.8351543038107,0.0002478410636009564,0.00019880332138837278,1.8707200618720803e-05,0.0,0.0,0.10555626998803443,0.10130282367157821,0.014216284760429564,0.026910869385088965,0.29939523859954886,61.87325472529472,0.005904907992558689,1.022002068016574,-0.0006083589252951593,2133.3333333333335,0.02600070866618453,True,0.00030391888867598027,0.10555626998803443,False,True,True,False,False,0,20
152,2026-08-08T15:31:58.388542,shadow,silero,webrtc,False,0.0002346574328839779,True,True,False,1,False,True,False,0,0.0,,,,,,,,,,,,,0.0005845491193309736,0.5809526713701034,0.3515438475095273,0.06750347940964906,,,,,,,,,,,,,,,False,temporal_v1,False,8.045538289745235e-05,0.12943632567849686,3.70539458412056,0.8800210720786471,63.644801127891604,1624.6484737938754,0.00033959537242237044,0.00020549464646791622,3.945909944068686e-05,0.0,0.0,0.11022727474823794,0.10476091883041164,0.014941918643440378,0.02539861388543301,0.3170263686792839,61.308532491479106,0.0035190994326811244,1.2804513783072835,-0.0007562453524629644,1933.3333333333335,0.017665474677537003,True,0.00030069211788941175,0.11022727474823794,False,True,True,False,False,0,20
153,2026-08-08T15:31:58.396890,shadow,silero,webrtc,False,0.0002213870466221124,True,True,False,1,False,True,False,0,0.0,,,,,,,,,,,,,0.0004354837712696202,0.634236751922544,0.3131222318769358,0.05264101390422339,,,,,,,,,,,,,,,False,temporal_v1,False,7.289632346348626e-05,0.1440501043841336,3.411081152021397,0.9018806099378975,62.71744749052729,1606.7447630917577,0.000276199812605024,0.00013635965040612846,2.2924307258467715e-05,0.0,0.0,0.11090769886360857,0.10553542072514073,0.014941823232383257,0.024418748845383597,0.31709097104640976,60.85332841110689,0.0039056620175398032,1.0029418619935786,-0.0006007818653189398,1433.3333333333335,0.025865398607270638,True,0.00029321237525437027,0.11090769886360857,False,True,True,False,False,0,20
154,2026-08-08T15:31:58.417052,shadow,silero,webrtc,False,0.000240144130657427,True,True,False,1,False,True,False,0,0.0,,,,,,,,,,,,,0.00040113479655825234,0.5624920225648339,0.3751018499824068,0.0624061249598318,,,,,,,,,,,,,,,False,temporal_v1,False,6.942351409878338e-05,0.1440501043841336,3.5071224767859097,0.8868452156350622,62.11610227333825,1610.8328324482022,0.00022563512303718452,0.00015046640428131684,2.5033268239751e-05,0.0,0.0,0.10711582952448648,0.1009685069558087,0.015168629537736525,0.01862138047680815,0.3176623254956159,58.16851918490721,0.0037584501037358498,1.1977723636638,-0.0007198853032773551,1633.3333333333335,0.018441171601707877,True,0.00028553325682878494,0.10711582952448648,False,True,True,False,False,0,20
155,2026-08-08T15:31:58.435603,shadow,silero,webrtc,False,0.0002513422805350274,True,True,False,1,False,True,False,0,0.0,,,,,,,,,,,,,0.0009990926612169335,0.710457079144832,0.2294008242884069,0.060142095565852795,,,,,,,,,,,,,,,False,temporal_v1,False,0.00010426132943416949,0.12108559498956159,3.619356214119878,0.9124406469409698,66.36237850045403,1469.532134634091,0.0007098124538832197,0.0002291926800236626,6.0087526310051004e-05,0.0,0.0,0.09070870701669262,0.08519920003517213,0.015107100290477175,0.016910229645093946,0.25666821020239533,65.39501122940443,0.004927974143053001,1.4234017359347246,-0.0008556761960086981,1300.0,0.012189080314322321,True,0.00028553325682878494,0.09070870701669262,False,True,True,False,False,0,20
156,2026-08-08T15:31:58.446915,shadow,silero,webrtc,False,0.00024513332755304873,True,True,False,1,False,True,False,0,0.0,,,,,,,,,,,,,0.00028389750388174684,0.5363190359975837,0.3856739025440381,0.07800705793598021,,,,,,,,,,,,,,,False,temporal_v1,False,6.305998757095285e-05,0.16910229645093947,3.6153700728042617,0.8773421615177386,60.9863868597497,1722.007845839291,0.00015225963560397873,0.00010949185824458452,2.2146009033183596e-05,0.0,0.0,0.08573715238124738,0.08034689329455479,0.01551266154276709,0.018338364305634864,0.24253762196331435,77.32138300143637,0.006570987704805579,0.9798623089197043,-0.0005815334295282339,2033.3333333333335,0.036048852541804816,True,0.00026783818611875176,0.08573715238124738,False,True,True,False,False,0,20
157,2026-08-08T15:31:58.456317,shadow,silero,webrtc,False,0.00023814789892639965,True,True,False,1,False,True,False,0,0.0,,,,,,,,,,,,,0.0003949255484378432,0.6387586759041454,0.31726263934494714,0.04397868221878466,,,,,,,,,,,,,,,False,temporal_v1,False,6.814725212863725e-05,0.1315240083507307,3.4808381438325973,0.910897810573568,62.0279261513048,1613.3641879122817,0.00025226212040087515,0.0001252951218421409,1.7368305194827158e-05,0.0,0.0,0.06336206634693475,0.0649987266288992,0.012170504890134036,0.01736168925786371,0.10751057407839763,61.272501668546845,0.0070648205895526475,0.9527390188621352,-0.0005576588217039415,1300.0,0.030933009569283014,True,0.00024823780404403806,0.06336206634693475,False,True,True,False,False,0,20
158,2026-08-08T15:31:58.463353,shadow,silero,webrtc,False,0.0003081726317759603,True,True,False,1,False,True,False,0,0.0,,,,,,,,,,,,,0.00048763384923121813,0.7063681062730939,0.22039468295548542,0.07323720872070177,,,,,,,,,,,,,,,False,temporal_v1,False,7.40936558396986e-05,0.1544885177453027,3.6688097507753255,0.887288686228919,62.81969691644215,1635.406806862516,0.0003444489986361149,0.0001074719075996773,3.5712941995425944e-05,0.0,0.0,0.06614872580228888,0.06930864781766018,0.012702779104064523,0.01584989803432343,0.1060166825672168,61.273795307547296,0.00444036748318148,1.1081606801526411,-0.0006645073250797979,1600.0,0.03021539430238079,True,0.00024823780404403806,0.06614872580228888,False,True,True,False,False,0,20
159,2026-08-08T15:31:58.473266,shadow,silero,webrtc,False,0.00023036105267237872,True,True,False,1,False,True,False,0,0.0,,,,,,,,,,,,,0.00028897277653736574,0.645442972612219,0.29690401062232846,0.057653013304918975,,,,,,,,,,,,,,,False,temporal_v1,False,6.16554531070151e-05,0.14613778705636743,3.5327422716459274,0.8846374720475759,60.758850656345786,1758.7433981382408,0.00018651544789228383,8.579717631461378e-05,1.6660151330468125e-05,0.0,0.0,0.06452010173970055,0.06572302381526153,0.01134869612675069,0.015811353844477235,0.10731491988674872,75.37030858136667,0.004442618701149325,0.8677692508571676,-0.0005184208479040026,1766.6666666666667,0.04787170732710768,True,0.00024263872910523787,0.06452010173970055,False,True,True,False,False,0,20
160,2026-08-08T15:31:58.482259,shadow,silero,webrtc,False,0.00023036105267237872,True,True,False,1,False,True,False,0,0.0,,,,,,,,,,,,,0.00043711839318558306,0.6634899257160876,0.24540742459818227,0.09110264739802038,,,,,,,,,,,,,,,False,temporal_v1,False,7.164202519644725e-05,0.16910229645093947,3.6981253062868604,0.8851746322657105,62.45000703150431,1596.63644616821,0.0002900236502238381,0.00010727209911616956,3.982264284557541e-05,0.0,0.0,0.061804502436334105,0.06631437583338318,0.01471440356161106,0.017164763917406654,0.09327291394092949,73.39179054472555,0.004249677870367779,1.6256096742656547,-0.0009846204148905137,1633.3333333333335,0.009383999011066055,True,0.00023914601479191333,0.061804502436334105,False,True,True,False,False,0,20
161,2026-08-08T15:31:58.496946,shadow,silero,webrtc,False,0.0002234975399915129,True,True,False,1,False,True,False,0,0.0,,,,,,,,,,,,,0.0009243378941481906,0.7007273986344692,0.2333011679635223,0.06597143232015301,,,,,,,,,,,,,,,False,temporal_v1,False,9.965621009056903e-05,0.1732776617954071,3.6558546762636155,0.909729108062334,65.91566347739476,1527.742466304226,0.000647708888025725,0.0002156491102977155,6.097989482475011e-05,0.0,0.0,0.05820106385309538,0.05896227891887831,0.012664288429474525,0.017164763917406654,0.09546350959794564,78.61172947148725,0.003906550796189991,1.2833495313784118,-0.0007663656387166671,1433.3333333333335,0.01824170039429892,True,0.00023640266590518877,0.05820106385309538,False,True,True,False,False,0,20
162,2026-08-08T15:31:58.505002,shadow,silero,webrtc,False,0.00028185747214592993,True,True,False,1,False,True,False,0,0.0,,,,,,,,,,,,,0.0001991951821651342,0.5614171537592925,0.34244086120017375,0.09614198002033192,,,,,,,,,,,,,,,False,temporal_v1,False,5.330686041609929e-05,0.17536534446764093,3.6131647881162414,0.8694659957504013,58.86161446703519,1706.1151110845462,0.00011183159221371343,6.821256972755405e-05,1.915101922386671e-05,0.0,0.0,0.06036808598658667,0.058175270737622874,0.015717010659138223,0.01766036407729153,0.08798012172653126,83.11924339483507,0.0033505952481553405,1.2918627908885574,-0.0007792485241302269,1800.0000000000002,0.020334794282305668,True,0.00023914601479191333,0.06036808598658667,False,True,True,False,False,0,20
163,2026-08-08T15:31:58.511462,shadow,silero,webrtc,False,0.00022125641407910734,True,True,False,1,False,True,False,0,0.0,,,,,,,,,,,,,0.0009634374641982319,0.706472098018926,0.22601151833087701,0.06751638261224692,,,,,,,,,,,,,,,False,temporal_v1,False,0.00010008312765167894,0.12526096033402923,3.661930163512261,0.9039606208476475,65.92935691140579,1558.5844399821176,0.0006806416866421588,0.00021774796410029234,6.504781245578077e-05,0.0,0.0,0.06394425182659945,0.0613781356703808,0.01486149447714658,0.019406467494128794,0.07011976101930183,85.38514792684065,0.00467457112884053,1.2164684739328366,-0.0007208325244316925,1366.6666666666667,0.022499264673597388,True,0.00023914601479191333,0.06394425182659945,False,True,True,False,False,0,20
164,2026-08-08T15:31:58.519215,shadow,silero,webrtc,False,0.00022185909620020539,True,True,False,1,False,True,False,0,0.0,,,,,,,,,,,,,0.0010574087629566823,0.6397651949462884,0.21226546709779182,0.14796933701021187,,,,,,,,,,,,,,,False,temporal_v1,False,0.00010632703216017917,0.15866388308977036,3.534801466341346,0.8833656379604431,66.40953901485511,1543.9479534582742,0.0006764933233708955,0.0002244513649822984,0.00015646407360348855,0.0,0.0,0.058129542902747064,0.0573640501291248,0.027502463038865266,0.01938287162995434,0.06664883787648489,88.39961355551398,0.0053897483675411605,1.3459874172679496,-0.0008039001555091411,2166.666666666667,0.014376985130503792,True,0.00023425447579938918,0.058129542902747064,False,True,True,False,False,0,20
165,2026-08-08T15:31:58.533143,shadow,silero,webrtc,False,0.00022505341621581465,True,True,False,1,False,True,False,0,0.0,,,,,,,,,,,,,0.00042321889314562576,0.250993021415394,0.38906133213126315,0.35994564409049934,,,,,,,,,,,,,,,False,temporal_v1,False,6.998498837052626e-05,0.2359081419624217,3.5615453102539636,0.7548612971685923,61.505158175754346,2004.1965366798197,0.00010622498871069938,0.00016465810635035588,0.0001523357970845705,0.0,0.0,0.13003009691403872,0.06526493530167086,0.08811751061993701,0.02903680671031901,0.06791687566171273,134.82859915259766,0.005507034316512764,0.7125031175418016,-0.0004239025353790566,2566.666666666667,0.06587296485520744,True,0.00023036105267237872,0.13003009691403872,False,True,True,False,False,0,20
166,2026-08-08T15:31:58.545596,shadow,silero,webrtc,False,0.0002503502182662487,True,True,True,1,False,True,False,0,0.0,,,,,,,,,,,,,0.057718535586304985,0.5911253490796249,0.38137379889140643,0.027500852011643245,,,,,,,,,,,,,,,False,temporal_v1,False,0.0007104085895913863,0.21085594989561587,3.510104402068812,0.8706427763633525,83.23703389650781,1520.622479609212,0.03411888949681929,0.022012337182997964,0.0015873089054877377,0.0,0.0,0.1281624047837929,0.0646235602110107,0.09109763632155368,0.03230516081324954,0.0730424300950873,140.00047363145416,0.011334863084375656,1.1901823541433376,-0.0007043344356094335,2133.3333333333335,0.011317828401143662,True,0.00023036105267237872,0.1281624047837929,False,True,True,False,False,0,20
167,2026-08-08T15:31:58.555781,shadow,silero,webrtc,False,0.0019670245237648487,True,True,True,1,False,True,False,0,0.0,,,,,,,,,,,,,0.04801819808782345,0.14369517843373855,0.5861629619993647,0.2701418595460714,,,,,,,,,,,,,,,False,temporal_v1,False,0.0006470323578813364,0.26931106471816285,3.6741588109477608,0.6331221373973447,81.0425608666661,2104.0103693401597,0.006899983542296394,0.028146489221030822,0.012971725323496235,0.0,0.0,0.18889463893161162,0.11109180622910465,0.10113342211990944,0.041779219730132724,0.06639906258476201,194.96420316977392,0.0124631502223515,1.4889859639574028,-0.0008775833870528046,3000.0,0.006623143789836635,True,0.00023036105267237872,0.18889463893161162,False,True,True,False,False,0,20
168,2026-08-08T15:31:58.567402,shadow,silero,webrtc,False,0.004404185805469751,True,True,True,1,False,True,False,0,0.0,,,,,,,,,,,,,0.08200104149870979,0.19200904991540388,0.362015405148859,0.445975544923542,,,,,,,,,,,,,,,False,temporal_v1,False,0.0008451898855594267,0.29227557411273486,3.7256679916077626,0.6126490343521518,83.22489535701942,2220.4994851396364,0.015744942070240873,0.029685640260783824,0.03657045916668508,0.0,0.0,0.2110274747159232,0.10730372262260723,0.1371848894668628,0.05196652729767052,0.07318318390438007,248.55031823655273,0.009012764603549401,1.123248442775827,-0.000646637208409579,2900.0,0.014410874227742706,True,0.00023036105267237872,0.2110274747159232,False,True,True,False,False,0,20
169,2026-08-08T15:31:58.585407,shadow,silero,webrtc,False,0.007170123979449272,True,True,True,1,False,True,False,0,0.0,,,,,,,,,,,,,0.14677994333382313,0.2050381989059943,0.4670670250939742,0.3278947759932186,,,,,,,,,,,,,,,False,temporal_v1,False,0.0011312719822355105,0.29436325678496866,3.841071489085943,0.6450131077630503,85.98303766982019,2149.709237975552,0.030095495216691002,0.06855607147639088,0.048128376639741254,0.0,0.0,0.2236423278727729,0.11436349560103515,0.14035332984683394,0.056666645729160046,0.0934222793355492,275.4931159983442,0.00666491636994759,1.007431801430409,-0.0005808340306544473,2833.3333333333335,0.02856422019626175,True,0.0002403556354693137,0.2236423278727729,False,True,True,False,False,0,20
170,2026-08-08T15:31:58.599406,shadow,silero,webrtc,False,0.042002368718385696,True,True,True,1,False,True,False,0,0.0,,,,,,,,,,,,,0.1450112364895277,0.11208937475162295,0.4344138324115395,0.4534967928299416,,,,,,,,,,,,,,,False,temporal_v1,False,0.0011565557267426657,0.3444676409185804,4.144839357150221,0.5157442324818269,85.20561876602956,2602.5149313386296,0.01625421883007089,0.06299488698615181,0.06576213067230502,0.0,0.0,0.23567439793433229,0.11201734887181568,0.15604354012549232,0.06729854846602269,0.17662902725008173,356.9489968207631,0.006558246686297164,1.0080603764742309,-0.0005920896563850698,3366.666666666667,0.04229937815766829,True,0.0002661038452060893,0.23567439793433229,False,True,True,False,False,0,20
171,2026-08-08T15:31:58.609704,shadow,silero,webrtc,False,0.17358580231666565,True,True,True,1,False,True,False,0,0.0,,,,,,,,,,,,,0.2016958516038924,0.038970692110964315,0.3084014262958525,0.6526278815882252,,,,,,,,,,,,,,,True,temporal_v1,False,0.0013598744703813715,0.37995824634655534,4.280080310208409,0.3946310792140576,85.45342034792795,2874.5323225018624,0.007860226932914039,0.06220328831259702,0.1316323363573813,0.0,0.0,0.2377421604560684,0.1053623717403338,0.19109729391192143,0.07818336766271934,0.2484255450706912,438.2459004403065,0.004827206857627314,0.7714760982230214,-0.0004431123268316273,3766.666666666667,0.06965167849553279,True,0.0011244409979553893,0.2377421604560684,False,True,True,False,False,0,20
172,2026-08-08T15:31:58.619410,shadow,silero,webrtc,True,0.5118552446365356,True,True,True,1,False,True,False,0,0.0,,,,,,,,,,,,,0.12299420308413847,0.11572918249864617,0.437806163623471,0.44646465386975237,,,,,,,,,,,,,,,True,temporal_v1,False,0.0010568610968898135,0.3068893528183716,4.223204140520414,0.5342397649588971,84.57471995017139,2641.1970406926735,0.014234018574999811,0.05384762020019275,0.05491256430794591,0.0,0.0,0.23459056644445272,0.10666080690450781,0.18530189419776083,0.07577569167115267,0.2791696983934775,458.7670951931491,0.003966924162223034,0.7620535324032042,-0.00042895083176461995,3366.666666666667,0.060517535835077046,True,0.0031856051646173,0.23459056644445272,False,True,True,False,False,0,20
173,2026-08-08T15:31:58.635381,shadow,silero,webrtc,True,0.6470049619674683,True,True,True,1,True,True,False,1,0.0,,,,,,,,,,,,,0.09163896639656167,0.17651688894495884,0.5124169065031268,0.3110662045410019,,,,,,,,,,,,,,,True,temporal_v1,False,0.0008987742838198034,0.2964509394572025,4.029671371552269,0.6311146959073513,83.8882815766882,2277.42303247623,0.016175825254452693,0.04695735567607012,0.028505785465038857,0.0,0.0,0.19283015672421214,0.09956001767547146,0.1654662552525215,0.06086731828913725,0.2807031809946362,419.4931985289954,0.005598093873604487,1.0990506914739278,-0.0006407094742845896,2900.0,0.030366383996450263,True,0.005787154892459512,0.19283015672421214,True,True,True,True,True,1,20
174,2026-08-08T15:31:58.646957,shadow,silero,webrtc,True,0.5143150091171265,True,True,True,1,True,True,False,1,0.0,,,,,,,,,,,,,0.07373807331018889,0.13007176861513225,0.611788223614804,0.25814000775650225,,,,,,,,,,,,,,,True,temporal_v1,False,0.0008112688144939707,0.2860125260960334,4.098761821694323,0.636602451711877,83.0348443048666,2348.287635631566,0.00959124160972855,0.04511208488321865,0.01903474681624169,0.0,0.0,0.14312546742438734,0.09246624438937534,0.15538759048404452,0.04584400939087947,0.2675507131659402,360.06983232191766,0.005788967798498511,1.172472242543312,-0.0007033770386782528,3000.0,0.032091666446342225,True,0.024586246348917484,0.14312546742438734,True,True,True,True,True,2,20
175,2026-08-08T15:31:58.657738,shadow,silero,webrtc,True,0.5174699425697327,True,True,True,1,True,True,False,1,0.0,,,,,,,,,,,,,0.08509878922068836,0.0828694442235408,0.19690923570093208,0.7202213200637759,,,,,,,,,,,,,,,True,temporal_v1,False,0.0009341159028434931,0.3757828810020877,4.292312455829182,0.35942308885952307,81.78410032971696,2955.2476293227464,0.00705208936681469,0.016756737544520464,0.0612899623083532,0.0,0.0,0.1454889199542393,0.11907326205735484,0.19015805180730674,0.047991279464343506,0.26244356783759354,399.5983150962513,0.00734888235041862,0.9351715350129366,-0.0005636123968523003,4000.0000000000005,0.05274953952620319,True,0.10779408551752567,0.1454889199542393,True,True,True,True,True,3,20
176,2026-08-08T15:31:58.663619,shadow,silero,webrtc,True,0.5174699425697327,True,True,True,1,False,True,False,0,0.0,,,,,,,,,,,,,0.08950297332250146,0.08895502600797879,0.20431571808702834,0.70672925589382,,,,,,,,,,,,,,,True,temporal_v1,False,0.0009543414771758192,0.3757828810020877,4.400176359047794,0.36920204473781804,82.08661046759073,2922.0043173225918,0.00796173931969455,0.018286864265311027,0.06325436973649587,0.0,0.0,0.04952195829714587,0.13680646760957865,0.16808912395274747,0.040309579072486286,0.23701312728926974,313.9007650579639,0.003367347394474883,0.9741006886694888,-0.0005917690882058733,3966.666666666667,0.05588422442953402,True,0.34272052347660065,0.04952195829714587,True,True,False,False,False,0,20
177,2026-08-08T15:31:58.673090,shadow,silero,webrtc,False,0.4211016595363617,True,True,True,1,True,True,False,1,0.0,,,,,,,,,,,,,0.23540029517854882,0.2569425971663849,0.6377897046725587,0.10526769815680831,,,,,,,,,,,,,,,True,temporal_v1,False,0.0014416959711183207,0.2546972860125261,3.712642603135403,0.743787806552536,88.70812532798494,2171.6665937520747,0.06048436321690997,0.1501358847417598,0.024780047218879057,0.0,0.0,0.0628386455439745,0.14405846945498288,0.1921903445897705,0.04240823023163131,0.23076863946329854,305.7094980598605,0.009075826253835875,0.8273012905278043,-0.0004851750078577295,2100.0,0.059249499530628955,True,0.46647845208644867,0.0628386455439745,True,True,True,True,True,1,20
178,2026-08-08T15:31:58.681943,shadow,silero,webrtc,True,0.7508518695831299,True,True,True,1,False,True,False,0,0.0,,,,,,,,,,,,,0.9526478208004241,0.12231563832802467,0.7460298161880585,0.13165454548286712,,,,,,,,,,,,,,,True,temporal_v1,False,0.002880472270012887,0.22755741127348644,3.901760569435192,0.767463181302786,94.85761849837132,1902.2790778047222,0.11652372630300553,0.7107036786436949,0.12542041585272368,0.0,0.0,0.06049609293645329,0.17256723027021129,0.21360843675420732,0.0504273688636549,0.20915907947066023,348.4229514233495,0.006289331799625465,1.4407535944790724,-0.0008365941352838103,2300.0,0.007728326107857069,True,0.513085126876831,0.06049609293645329,True,False,True,False,False,0,20
179,2026-08-08T15:31:58.695763,shadow,silero,webrtc,True,0.6011894941329956,True,True,True,1,False,True,False,0,0.0,,,,,,,,,,,,,0.6461244930414188,0.06276255813418213,0.8801129424962455,0.05712449936802466,,,,,,,,,,,,,,,True,temporal_v1,False,0.002370468136777458,0.18162839248434237,3.2548227684709077,0.8326641811595523,93.51845894730874,1815.2907138771286,0.04055242605643101,0.568662528789578,0.036909538194409786,0.0,0.0,0.05856882410191423,0.21464762998919382,0.23821593947914324,0.06429554246095728,0.322728535034924,392.2434101532349,0.008913264347428907,1.0222917131487608,-0.0005802038479830156,1866.6666666666667,0.01184567325909261,True,0.5158924758434296,0.05856882410191423,True,False,True,False,False,0,20
180,2026-08-08T15:31:58.707815,shadow,silero,webrtc,False,0.38352543115615845,True,True,True,1,False,True,False,0,0.0,,,,,,,,,,,,,0.28904418383838454,0.22005730021455527,0.761540326618393,0.018402373163592212,,,,,,,,,,,,,,,True,temporal_v1,False,0.0015867746497189212,0.15866388308977036,3.2251154473342494,0.8852501180481829,90.29670827713785,1471.93239855863,0.06360628273819449,0.22011880216743018,0.005319098931759901,0.0,0.0,0.06584994089388589,0.22717844992574787,0.2603099066252915,0.07547947337878662,0.3998298164723663,484.4010808999898,0.017061219615212328,1.5839625656885017,-0.0009432277506598189,1366.6666666666667,0.0028135273260798555,True,0.5158924758434296,0.06584994089388589,True,False,True,False,False,0,20
181,2026-08-08T15:31:58.716606,shadow,silero,webrtc,False,0.2067684531211853,True,True,True,1,False,True,False,0,0.0,,,,,,,,,,,,,0.12377754341924958,0.5676491614601377,0.4265090161647066,0.005841822367076707,,,,,,,,,,,,,,,True,temporal_v1,False,0.0010410092662555784,0.12734864300626306,3.1049537309374973,0.9200619480142662,86.8005832158845,1278.3956730711272,0.07026221872953281,0.05279223826702839,0.0007230864216883805,0.0,0.0,0.14112794945343177,0.21826091082164709,0.25508833730376723,0.0812988237198898,0.4523884880729542,540.974010407921,0.011841225439054663,1.4201667642730822,-0.000848730877630005,1233.3333333333335,0.0032157623492230732,True,0.5158924758434296,0.14112794945343177,True,False,True,False,False,0,20
182,2026-08-08T15:31:58.726009,shadow,silero,webrtc,False,0.10576425492763519,True,True,True,1,False,True,False,0,0.0,,,,,,,,,,,,,0.07816432031613205,0.7662371219502712,0.22248023379654902,0.01128264424038617,,,,,,,,,,,,,,,True,temporal_v1,False,0.0008283904880248953,0.12734864300626306,3.100898567171184,0.932354313721331,84.87135365358851,1321.3568407730038,0.059892403838232126,0.017390016258481404,0.000881900218418507,0.0,0.0,0.22210193155950195,0.23722822689747716,0.2593952101880528,0.08828330912101826,0.4780037802551323,572.0664327208566,0.012512822745890025,1.2474440576887849,-0.0007428093036972369,1166.6666666666667,0.008693214561475364,True,0.5158924758434296,0.22210193155950195,True,False,True,False,False,0,20
183,2026-08-08T15:31:58.736912,shadow,silero,webrtc,False,0.0777151808142662,True,True,True,1,True,True,False,1,0.0,,,,,,,,,,,,,0.14534145109860402,0.33770690185265606,0.6091570062962293,0.05313609184423429,,,,,,,,,,,,,,,True,temporal_v1,False,0.0011260091963123616,0.16701461377870563,3.6256139671720344,0.8635664141376796,87.20795550908859,1538.5760560956055,0.049082811161278876,0.08853576324197543,0.00772287669434971,0.0,0.0,0.22221908313177377,0.23869017728703978,0.2631049973624618,0.08871079315480565,0.4663890551970373,585.0219578195919,0.01367306406691842,1.4021930228498816,-0.0008310105657990106,1566.6666666666667,0.007962278082123265,True,0.4677083343267441,0.22221908313177377,True,True,True,True,True,1,20
184,2026-08-08T15:31:58.745662,shadow,silero,webrtc,False,0.05484902486205101,True,True,True,1,True,True,False,1,0.0,,,,,,,,,,,,,0.23146511823545715,0.2860969915084402,0.6822127395869891,0.03169026890025037,,,,,,,,,,,,,,,True,temporal_v1,False,0.0014207489180182715,0.1732776617954071,3.647314706630128,0.8433913484705338,89.12626860427861,1587.4712162124206,0.06622147396630969,0.15790845243023757,0.007335191837909882,0.0,0.0,0.21773117455548058,0.24202497504653916,0.26741971191146546,0.08780412108027687,0.4441874789186168,580.6598992948601,0.00827588343086494,1.4210421102917594,-0.0008280773965365489,1700.0000000000002,0.005690702285269732,True,0.40231354534626007,0.21773117455548058,True,True,True,True,True,2,20
185,2026-08-08T15:31:58.757440,shadow,silero,webrtc,False,0.05901295319199562,True,True,True,1,True,True,False,1,0.0,,,,,,,,,,,,,0.37486511962707575,0.6066736773719277,0.22736252577501817,0.16596379685038645,,,,,,,,,,,,,,,True,temporal_v1,False,0.0018113232573268986,0.19206680584551147,3.317764862042853,0.8062641106269138,91.04130505708378,2030.4050242969759,0.22742080064262563,0.08523028042336628,0.06221403856008382,0.0,0.0,0.22701707938400303,0.23788646641844627,0.1993375505603154,0.07006936100507148,0.3911752990609752,467.22217789431096,0.01197973156373252,0.882548154261592,-0.0005113234195772333,2566.666666666667,0.03311595401082991,True,0.2951469421386719,0.22701707938400303,True,True,True,True,True,3,20
186,2026-08-08T15:31:58.773063,shadow,silero,webrtc,False,0.04665315896272659,True,True,True,1,True,True,False,1,0.0,,,,,,,,,,,,,0.2514697289893283,0.2652449500539018,0.31015880138792706,0.4245962485541947,,,,,,,,,,,,,,,True,temporal_v1,False,0.0014958060510751139,0.25260960334029225,3.828420868191683,0.677958708945808,88.62668971722279,2021.5199650491868,0.0667010757058426,0.07799554972867692,0.10677310355380881,0.0,0.0,0.2139643428985109,0.22471652852103471,0.11951431042072606,0.043689966341695245,0.2878049584815026,299.8579119837846,0.009217499336827258,1.4205851513994592,-0.0008283181832663068,2800.0,0.01044303422767022,True,0.15626635402441025,0.2139643428985109,True,True,True,True,True,4,20
187,2026-08-08T15:31:58.781057,shadow,silero,webrtc,False,0.07797028869390488,True,True,True,1,True,True,False,1,0.0,,,,,,,,,,,,,0.15789734856244106,0.2362015748543581,0.4792935794142817,0.284504845725027,,,,,,,,,,,,,,,True,temporal_v1,False,0.001177726923411776,0.2630480167014614,3.5495918516830085,0.6794592156212369,86.55846590515212,2053.935467106455,0.0372956023957761,0.07567918537251686,0.0449225607931481,0.0,0.0,0.21494657434258085,0.22357587894982595,0.13170443995752149,0.045049463872460796,0.27816316367236643,283.5194826175694,0.006654411034329646,1.061511680367885,-0.0006172003540915161,2600.0,0.016359862389578272,True,0.09186727181077003,0.21494657434258085,True,True,True,True,True,5,20
188,2026-08-08T15:31:58.788911,shadow,silero,webrtc,False,0.16162393987178802,True,True,True,1,True,True,False,1,0.0,,,,,,,,,,,,,0.07081517094150483,0.3041832917221778,0.43539808826839377,0.2604186199953072,,,,,,,,,,,,,,,True,temporal_v1,False,0.0008440132481582115,0.325678496868476,4.2754584438145615,0.5723216147982108,82.9175215328276,2620.676539056496,0.02154079180085565,0.030832790048330713,0.018441589091318464,0.0,0.0,0.20249160900367566,0.2133729060553577,0.138488665596308,0.060751565762004175,0.351122745898544,394.4504196536712,0.008260034999198168,0.8964982996450784,-0.0005498317386861696,3900.0000000000005,0.07267383778804767,True,0.09186727181077003,0.20249160900367566,True,True,True,True,True,6,20
189,2026-08-08T15:31:58.797017,shadow,silero,webrtc,False,0.2938266098499298,True,True,True,1,True,True,False,1,0.0,,,,,,,,,,,,,0.05959075977329794,0.5570390123085908,0.27031193868129716,0.172649048993331,,,,,,,,,,,,,,,True,temporal_v1,False,0.000777733051986118,0.3089770354906054,4.166694158572662,0.6595470746603788,82.8207089311802,2505.890842795862,0.033194377966836386,0.01610809380181162,0.010288288003649934,0.0,0.0,0.18189309349093757,0.18180734857971337,0.13662545443827487,0.069008570993333,0.39330198032248137,451.91133555133763,0.004419523886679341,0.7587558285777148,-0.0004690689944124966,3700.0000000000005,0.10677159057634307,True,0.09186727181077003,0.18189309349093757,True,True,True,True,True,7,20
190,2026-08-08T15:31:58.805744,shadow,silero,webrtc,False,0.28039053082466125,True,True,True,1,True,True,False,1,0.0,,,,,,,,,,,,,0.005449050077031821,0.7869305251413155,0.1554989166812133,0.05757055799395286,,,,,,,,,,,,,,,True,temporal_v1,False,0.00022443547475498168,0.15657620041753653,3.479441540433963,0.9065365772938733,73.32599694638435,1660.9336412167356,0.004288023838639976,0.00084732138392013,0.0003137048534717137,0.0,0.0,0.19984394679999742,0.16562717403706226,0.13352798069469754,0.06916533967727918,0.37715218941808487,439.78601049563684,0.005910695341801426,1.336614958659024,-0.0008291929829563503,1400.0,0.01583156532258555,True,0.09186727181077003,0.19984394679999742,True,True,True,True,True,8,20
191,2026-08-08T15:31:58.813055,shadow,silero,webrtc,False,0.2642885744571686,True,True,True,1,True,True,False,1,0.0,,,,,,,,,,,,,0.003960882371794511,0.7070797355088544,0.21189928741947076,0.08102097681920577,,,,,,,,,,,,,,,True,temporal_v1,False,0.00019563484074798586,0.17536534446764093,3.7671453123780148,0.8809286860811629,71.98089484125421,1721.26401570511,0.0028006596598301467,0.0008393081521356001,0.0003209145588287638,0.0,0.0,0.21064520048068652,0.17222127125714712,0.12735576195214968,0.06483389208154088,0.338927782346312,399.223121828819,0.0041786506142468555,1.14745119987834,-0.0006904239643537607,1633.3333333333335,0.0296926888961211,True,0.09186727181077003,0.21064520048068652,True,True,True,True,True,9,20
192,2026-08-08T15:31:58.817743,shadow,silero,webrtc,False,0.2642885744571686,True,True,True,1,True,True,False,1,0.0,,,,,,,,,,,,,0.8374475110879229,0.8023744083875319,0.16194446307973065,0.03568112853154329,,,,,,,,,,,,,,,True,temporal_v1,False,0.002706108111015259,0.11482254697286012,3.365273366055485,0.9219535161674244,95.11053520613746,1478.6065733324435,0.6719464512647833,0.13561998754059046,0.029881072281549202,0.0,0.0,0.2156828881549086,0.17793122157216149,0.12480090523002949,0.06659675002046558,0.3012686412927005,378.4325499535512,0.006799106589876346,0.9437428761688815,-0.0005622254204005688,1166.6666666666667,0.01900176203773213,True,0.11979711428284645,0.2156828881549086,True,True,True,True,True,10,20
193,2026-08-08T15:31:58.828992,shadow,silero,webrtc,True,0.5645108222961426,True,True,True,1,True,True,False,1,0.0,,,,,,,,,,,,,1.3627297299341752,0.25680802870436564,0.6903297335875346,0.052862237707365915,,,,,,,,,,,,,,,True,temporal_v1,False,0.0034499857531793,0.18997912317327767,3.6123469825216104,0.8229997649754544,96.72774662241201,1939.5933508707985,0.34995993560122807,0.9407328514172721,0.07203694291467493,0.0,0.0,0.2226100946599906,0.1907606694050545,0.12482366059855941,0.06535780610494077,0.3016322915898775,356.2841374750527,0.01408413786958693,0.7640253102610253,-0.00044475843413422684,1933.3333333333335,0.042966345065751116,True,0.2129562571644783,0.2226100946599906,True,True,True,True,True,11,20
194,2026-08-08T15:31:58.844312,shadow,silero,webrtc,False,0.4160807430744171,True,True,True,1,True,True,False,1,0.0,,,,,,,,,,,,,2.0018350006366115,0.23372541706664343,0.7473782326418263,0.018896350291030626,,,,,,,,,,,,,,,True,temporal_v1,False,0.004171429968312816,0.1544885177453027,2.7755249076238973,0.8723711674861158,98.63006753165676,1753.8869456010254,0.46787972042239645,1.49612790481634,0.037827375396874925,0.0,0.0,0.22768870725087748,0.20233496545152194,0.12615680673700444,0.06679149115097265,0.4107730701679786,342.0005566111164,0.012856554168711934,0.8992364194101332,-0.0005072237860233285,1733.3333333333335,0.012301798366282616,True,0.2642885744571686,0.22768870725087748,True,True,True,True,True,12,20
195,2026-08-08T15:31:58.854425,shadow,silero,webrtc,False,0.3646635115146637,True,True,True,1,True,True,False,1,0.0,,,,,,,,,,,,,0.8988954455239302,0.41969068151273947,0.5613515398757591,0.018957778610388852,,,,,,,,,,,,,,,True,temporal_v1,False,0.0027985505660049707,0.1524008350730689,3.053325192022558,0.8877774580105979,95.23857058308374,1562.5385939435043,0.37725804214063585,0.5045963425321648,0.017041060850129523,0.0,0.0,0.22380359678949932,0.20376599526724368,0.13247793180332768,0.06907706305020186,0.4366726078777493,363.07628660683736,0.013172416321023304,1.2827980329733306,-0.0007521164120149884,1433.3333333333335,0.006177151906114048,True,0.2723395526409149,0.22380359678949932,True,True,True,True,True,13,20
196,2026-08-08T15:31:58.865945,shadow,silero,webrtc,False,0.3176030218601227,True,True,True,1,True,True,False,1,0.0,,,,,,,,,,,,,1.1252065324485647,0.4014121427968563,0.5855692519227148,0.013018605279540067,,,,,,,,,,,,,,,True,temporal_v1,False,0.003129845121321333,0.16075156576200417,3.0839610910606483,0.8828881789774295,96.1866085455051,1646.3409033540752,0.4516715652791988,0.658886347464458,0.014648619703907857,0.0,0.0,0.21572344155374085,0.20801135463267187,0.09709935939622341,0.0688267532405619,0.4523993324181384,371.1695926734653,0.008169714908119734,0.8591790078830006,-0.0004978338459425256,1700.0000000000002,0.014766797529735814,True,0.28710857033729553,0.21572344155374085,True,True,True,True,True,14,20
197,2026-08-08T15:31:58.876136,shadow,silero,webrtc,False,0.2317112684249878,True,True,True,1,True,True,False,1,0.0,,,,,,,,,,,,,0.4798710677258909,0.4476941574269279,0.5192784993595672,0.033027343211421055,,,,,,,,,,,,,,,True,temporal_v1,False,0.0020494670388829777,0.1544885177453027,3.334329046021043,0.8671930728599334,92.43047528776825,1801.9363380837635,0.214835473339103,0.24918672793477384,0.015848866451014076,0.0,0.0,0.20161811932404702,0.2093027346480258,0.07627565969249184,0.06658398703818963,0.4552525492206206,368.02166826390464,0.005833790300177166,0.8520376270810617,-0.0004967835431387869,1700.0000000000002,0.029142103068516983,True,0.28710857033729553,0.20161811932404702,True,True,True,True,True,15,20
198,2026-08-08T15:31:58.891124,shadow,silero,webrtc,False,0.217947855591774,True,True,True,1,True,True,False,1,0.0,,,,,,,,,,,,,0.343515856559922,0.30332175270244705,0.6672941374865039,0.029384109808137833,,,,,,,,,,,,,,,True,temporal_v1,False,0.0017319336233061432,0.15866388308977036,3.203306604629883,0.8762142430589535,91.0127279148883,1554.0406169648622,0.10419583169283794,0.22922611721609076,0.010093907649993274,0.0,0.0,0.20169839452952698,0.22071955194515613,0.0450225660421505,0.04888967714002033,0.37758983483834163,278.4180009994053,0.009295528951252316,1.621080918465723,-0.0009672280919647735,1733.3333333333335,0.0035175940748734466,True,0.28710857033729553,0.20169839452952698,True,True,True,True,True,16,20
199,2026-08-08T15:31:58.902269,shadow,silero,webrtc,False,0.17135407030582428,True,True,True,1,True,True,False,1,0.0,,,,,,,,,,,,,0.5476705152292757,0.5013996875667471,0.48543311774132736,0.013167194690099516,,,,,,,,,,,,,,,True,temporal_v1,False,0.0021853699344495984,0.1544885177453027,3.1519072655568436,0.8936008629525162,93.11850810230992,1469.336654160195,0.27460182522547827,0.2658574057027464,0.007211284300050985,0.0,0.0,0.20058102199204922,0.21176937340152352,0.02111293637815555,0.018056946610579303,0.2764583348050867,141.78955300607694,0.01022142464571484,1.3592542767766922,-0.0007876296877872587,1566.6666666666667,0.004900620170537966,True,0.2723395526409149,0.20058102199204922,True,True,True,True,True,17,20
200,2026-08-08T15:31:58.913021,shadow,silero,webrtc,False,0.16899654269218445,True,True,True,1,True,True,False,1,0.0,,,,,,,,,,,,,0.2855471333166478,0.4216393306375195,0.551070894971532,0.027289774387446616,,,,,,,,,,,,,,,True,temporal_v1,False,0.0015805080679845466,0.16075156576200417,3.529633268072292,0.8857013778377701,90.26459629636898,1444.305666080542,0.12039790215709394,0.15735671431336049,0.0077925168451934606,0.0,0.0,0.17395364484982326,0.18266758937774505,0.019843398957547453,0.01808588790861257,0.2804128022696255,155.68364270474402,0.007482598387876923,1.6394109337105964,-0.0009712628418671077,1666.6666666666667,0.0037152993778447594,True,0.2642885744571686,0.17395364484982326,True,True,True,True,True,18,20
201,2026-08-08T15:31:58.922335,shadow,silero,webrtc,False,0.14225071668624878,True,True,True,1,True,True,False,1,0.0,,,,,,,,,,,,,0.5393857546615192,0.47426188792953805,0.5091796898202666,0.016558422248341254,,,,,,,,,,,,,,,True,temporal_v1,False,0.002169240664193023,0.12526096033402923,2.427603756718891,0.9115896775541238,93.14054515317481,1571.178431619845,0.2558101063280707,0.2746442712520228,0.008931377080425636,0.0,0.0,0.15213510086631757,0.15202794581494877,0.011832434530237997,0.019370500420482037,0.3341717844544454,154.0808144213885,0.014353673118190186,0.8137304464670193,-0.0004824012045053216,1000.0000000000001,0.015021821340797936,True,0.24799992144107819,0.15213510086631757,True,True,True,True,True,19,20
202,2026-08-08T15:31:58.930515,shadow,silero,webrtc,False,0.11526515334844589,True,True,True,1,True,True,True,1,0.0,,,,,,,,,,,,,0.23476322868568147,0.5730438500413049,0.4042795165383334,0.022676633416102165,,,,,,,,,,,,,,,True,temporal_v1,True,0.0014379528783228068,0.14613778705636743,3.1527306618363173,0.8942165841959917,89.48466898029325,1541.4496920658885,0.1345296244141702,0.09490996459402551,0.005323639676485759,0.0,0.0,0.10308374766958572,0.09845088255455685,0.011390629972833318,0.015060282920143163,0.3267165461456895,149.30457236289823,0.007459416041869824,1.306372638923876,-0.0007744545017587479,1633.3333333333335,0.011045175435864666,True,0.2248295620083809,0.10308374766958572,True,True,True,True,True,20,20
203,2026-08-08T15:31:58.942293,shadow,silero,webrtc,False,0.1069439947605133,True,True,True,1,True,True,False,1,0.0,,,,,,,,,,,,,0.08966867948831406,0.6460386623379227,0.3106578759279917,0.04330346172293342,,,,,,,,,,,,,,,True,temporal_v1,False,0.0008988988103783775,0.14822546972860126,3.8013592503737588,0.8994301726151493,85.4259582063089,1511.472980683826,0.057929433750238346,0.027856281507107523,0.003882964229968193,0.0,0.0,0.1133908906174865,0.11700295081724961,0.00916015309599244,0.009889535935137377,0.3579101203887281,110.21454744463412,0.009943493631866328,1.1834755420181164,-0.0006976340223611878,1600.0,0.02149894650514048,True,0.19465096294879913,0.1133908906174865,True,True,True,True,True,21,20
204,2026-08-08T15:31:58.951979,shadow,silero,webrtc,False,0.11671280860900879,True,True,True,1,True,True,False,1,0.0,,,,,,,,,,,,,0.06485946508434187,0.7170566108285498,0.24192572881703622,0.04101766033899599,,,,,,,,,,,,,,,True,temporal_v1,False,0.0007743834816554082,0.1336116910229645,3.807713501616684,0.9120115125539107,84.18924383570258,1500.049660552294,0.04650790821353084,0.01569117336121252,0.0026603835085985046,0.0,0.0,0.1171650728302174,0.12299459127918037,0.010344863619802958,0.011172516208985095,0.38262075026216463,96.98051722862682,0.002435772633502451,1.3017412453182,-0.0007728606222884387,1533.3333333333335,0.019861765155372895,True,0.17017530649900436,0.1171650728302174,True,True,True,True,True,22,20
205,2026-08-08T15:31:58.963364,shadow,silero,webrtc,False,0.12057340145111084,True,True,True,1,True,True,False,1,0.0,,,,,,,,,,,,,0.08083266425221144,0.7031087429930498,0.24299355103199058,0.05389770596258817,,,,,,,,,,,,,,,True,temporal_v1,False,0.0008689217844411937,0.1315240083507307,3.9198039645597706,0.9056303099585054,85.16078209189808,1524.662711755203,0.05683415295515162,0.0196418161260215,0.0043566951700383045,0.0,0.0,0.1301540657907882,0.13892092650270982,0.01299209451642795,0.0123226342909175,0.42319205998254167,97.55567598533611,0.0007475621036990794,1.509782150345948,-0.0008980917003822925,1566.6666666666667,0.014318370675665144,True,0.1556236296892166,0.1301540657907882,True,True,True,True,True,23,20
206,2026-08-08T15:31:58.971640,shadow,silero,webrtc,False,0.10746651142835617,True,True,True,1,True,True,False,1,0.0,,,,,,,,,,,,,0.15529149606614706,0.7338218970377719,0.21356157010141244,0.052616532854376126,,,,,,,,,,,,,,,True,temporal_v1,False,0.0012035415330092641,0.10855949895615867,3.882432837137021,0.9114167353535666,88.02077581806812,1494.4956943348163,0.11395630023709373,0.03316429572328368,0.008170900104769648,0.0,0.0,0.1381089243623576,0.14764517036322392,0.013442554178371351,0.016048020911046023,0.44202544858164816,94.14439683478771,0.0001699590373626931,1.996931381966597,-0.0012083513832876007,1400.0,0.004748122419371576,True,0.1314120590686798,0.1381089243623576,True,True,True,True,True,24,20
207,2026-08-08T15:31:58.981218,shadow,silero,webrtc,False,0.09972723573446274,True,True,True,1,True,True,False,1,0.0,,,,,,,,,,,,,0.24532419409235326,0.7356882854358873,0.21211702395334783,0.05219469060668866,,,,,,,,,,,,,,,True,temporal_v1,False,0.0015128970777442787,0.11482254697286012,3.895826611207949,0.9110820836714765,90.00725012591941,1493.9781198975502,0.1804821357277442,0.05203743795462345,0.012804620408985615,0.0,0.0,0.14325798412971671,0.15445967832799748,0.014585792262920437,0.01736168925786371,0.46262224045504996,36.67628748362988,6.169514887288243e-05,1.8808354340558113,-0.0011377840342887192,1433.3333333333335,0.006248073063324688,True,0.11864310503005981,0.14325798412971671,True,True,True,True,True,25,20
208,2026-08-08T15:31:58.987925,shadow,silero,webrtc,False,0.09972723573446274,True,True,True,1,True,True,False,1,0.0,,,,,,,,,,,,,0.2921358540202455,0.7238783750411687,0.21745135607437718,0.058670268881031024,,,,,,,,,,,,,,,True,temporal_v1,False,0.0016538033506179732,0.1440501043841336,3.910635285149798,0.9072130913727402,90.76258266252425,1504.7817376107084,0.2114708272994394,0.06352533761464868,0.01713968910515743,0.0,0.0,0.11441277177547743,0.12872108540592947,0.015994037746747652,0.01615089389339577,0.46935760301266183,33.68304738207313,8.076767886723762e-05,1.817120010733369,-0.001102146079079114,1500.0,0.007357798639135097,True,0.11598898097872734,0.11441277177547743,True,True,True,True,True,26,20
209,2026-08-08T15:31:59.005050,shadow,silero,webrtc,False,0.09252109378576279,True,True,False,1,True,True,False,1,0.0,,,,,,,,,,,,,0.3418261465453037,0.7361143838679624,0.21023308046685635,0.05365253566225591,,,,,,,,,,,,,,,True,temporal_v1,False,0.0017875596741113845,0.11899791231732777,3.90203119625063,0.9101650677893406,91.45244240129969,1498.56487051122,0.251623143254156,0.07186316377233426,0.01833983951781342,0.0,0.0,0.11108775556402782,0.12376701842602654,0.014181840116448014,0.015756127151660294,0.4599128924033207,31.61676468888564,6.294879366016518e-05,1.8288894728704996,-0.0011071358511077173,1433.3333333333335,0.007138533228447043,True,0.11136583238840103,0.11108775556402782,True,True,True,True,True,27,20
210,2026-08-08T15:31:59.021742,shadow,silero,webrtc,False,0.08447038382291794,True,True,False,1,True,True,False,1,0.0,,,,,,,,,,,,,0.356460368218671,0.7347350189858901,0.21156245844128074,0.05370252257002386,,,,,,,,,,,,,,,True,temporal_v1,False,0.0018270547676453859,0.1336116910229645,3.8970257912464525,0.910374277648579,91.64331906926991,1497.8850152735995,0.2619039154108626,0.07541363183722621,0.019142820969582194,0.0,0.0,0.08417059529786629,0.09702864479237712,0.01360926850067853,0.012843915169329452,0.4656276004072583,23.87789026212746,1.6201159909441123e-05,1.953847855038012,-0.0011695104890664036,1433.3333333333335,0.005136506603014482,True,0.10720525309443474,0.08417059529786629,True,True,True,True,True,28,20
211,2026-08-08T15:31:59.032986,shadow,silero,webrtc,False,0.07612909376621246,True,True,False,1,True,True,False,1,0.0,,,,,,,,,,,,,0.41340505197982147,0.7334996164619403,0.21365910296669005,0.052841280568950766,,,,,,,,,,,,,,,True,temporal_v1,False,0.0019677225038865665,0.11482254697286012,3.896396565454756,0.9110983802864842,92.29119279789371,1494.9416560029315,0.3032324470706275,0.08832775256790652,0.02184485234028742,0.0,0.0,0.05080771174865986,0.05979227371968876,0.009926959417083598,0.013626028285662393,0.22142078992916284,14.804042123353952,1.4140535223275537e-05,1.7838535363778578,-0.0010763076866995203,1433.3333333333335,0.007831617305564196,True,0.10333561524748802,0.05080771174865986,True,True,True,True,True,29,20
212,2026-08-08T15:31:59.043964,shadow,silero,webrtc,False,0.06684663891792297,True,True,False,1,False,True,False,0,0.0,,,,,,,,,,,,,0.45477996835470125,0.7342453340899816,0.2133895623859858,0.05236510352183372,,,,,,,,,,,,,,,True,temporal_v1,False,0.0020631213109988658,0.08559498956158663,3.8946150079781665,0.911205107999075,92.70302076429134,1492.8358769213974,0.3339200698020289,0.09704529842912217,0.023814600122550194,0.0,0.0,0.026604700936161366,0.029702437967155812,0.0049792683051183085,0.01770103775468181,0.03929444283299208,9.455519510504208,8.988891970736073e-06,2.0252440112908667,-0.0012368959110300058,1433.3333333333335,0.004589971690982854,True,0.09972723573446274,0.026604700936161366,True,True,False,False,False,0,20
213,2026-08-08T15:31:59.054314,shadow,silero,webrtc,False,0.05962719768285751,True,True,False,1,False,True,False,0,0.0,,,,,,,,,,,,,0.45319628103871046,0.7331886526153953,0.2141101558610344,0.052701191521363766,,,,,,,,,,,,,,,True,temporal_v1,False,0.0020607171103146768,0.1022964509394572,3.9000478569081887,0.9111274973318003,92.69252080057095,1492.1219322806771,0.33227837066508015,0.09703392636883945,0.023883984003790878,0.0,0.0,0.010265729321403136,0.011817857928660237,0.004180269947080111,0.016582299325520324,0.029205125205602023,9.164912045514457,9.37819419378832e-06,1.9155618214902679,-0.001163726506956293,1433.3333333333335,0.0059169731938806605,True,0.09612416476011276,0.010265729321403136,True,True,False,False,False,0,20
214,2026-08-08T15:31:59.072889,shadow,silero,webrtc,False,0.0517582930624485,True,True,False,1,False,True,False,0,0.0,,,,,,,,,,,,,0.4107857380009652,0.7347986347186192,0.21276046569644091,0.05244089958250553,,,,,,,,,,,,,,,True,temporal_v1,False,0.001959330561113368,0.07933194154488518,3.894167987358392,0.9110848178565187,92.25399604433447,1493.6248601785176,0.3018447994449896,0.08739896491854152,0.02154197363643404,0.0,0.0,0.00964313314363863,0.009114566052917926,0.001814372762005124,0.01947372670971441,0.00956751911844772,9.322908285768237,7.092627491061025e-06,2.1325500572286993,-0.0013115503063877963,1433.3333333333335,0.0036599276631779382,True,0.08849573880434036,0.00964313314363863,True,True,False,False,False,0,20
215,2026-08-08T15:31:59.090938,shadow,silero,webrtc,False,0.04660758376121521,True,True,False,1,False,True,False,0,0.0,,,,,,,,,,,,,0.4062184478533083,0.7339631556249504,0.21338556404616835,0.05265128032641954,,,,,,,,,,,,,,,True,temporal_v1,False,0.0019480683211576645,0.09394572025052192,3.897528494622532,0.9108314649512425,92.20270602102472,1494.8608604988913,0.29814937385948354,0.08668115262113721,0.021387921371687574,0.0,0.0,0.003290407341382098,0.0017932976409741285,0.0018261135328970668,0.019230492636808927,0.006696304628344576,3.554535492751723,7.516784539701915e-06,2.0229100300125533,-0.0012333035364910112,1433.3333333333335,0.004629799273396462,True,0.0802997387945652,0.003290407341382098,True,True,False,False,False,0,20
216,2026-08-08T15:31:59.104896,shadow,silero,webrtc,False,0.04226277768611908,True,True,False,1,False,True,False,0,0.0,,,,,,,,,,,,,0.3447004587876422,0.7361366007970684,0.21151631671988366,0.052347082480146814,,,,,,,,,,,,,,,True,temporal_v1,False,0.0017920077914551297,0.08350730688935282,3.8860739153532515,0.9111466803972698,91.47871266102331,1495.083326812375,0.25374662402512493,0.07290977141441614,0.018044063347101156,0.0,0.0,0.0033922538140595928,0.0018584707512209087,0.0018391747893676262,0.020773229388903126,0.005947612915117522,3.5371521175304577,1.2944237044542073e-05,1.881590057069999,-0.0011352921310453497,1433.3333333333335,0.006236437731960595,True,0.07148786634206772,0.0033922538140595928,True,True,False,False,False,0,20
217,2026-08-08T15:31:59.115278,shadow,silero,webrtc,False,0.036744698882102966,True,True,False,1,False,True,False,0,0.0,,,,,,,,,,,,,0.31761892347110604,0.7369776485987959,0.2109018679262376,0.05212048347181824,,,,,,,,,,,,,,,True,temporal_v1,False,0.0017220300249722955,0.10020876826722339,3.888601096406105,0.9113374985857121,91.13352589773407,1493.8307056252384,0.23407804737021662,0.06698642424877697,0.016554451851112484,0.0,0.0,0.0034912923162100755,0.0019508707860040487,0.0018439916410241926,0.020692295103739232,0.00651129221962704,3.54529474202185,9.730947455820408e-06,2.0010688310998734,-0.0012111799088838574,1433.3333333333335,0.00478087256053396,True,0.06323691830039024,0.0034912923162100755,True,True,False,False,False,0,20
218,2026-08-08T15:31:59.127517,shadow,silero,webrtc,False,0.034145113080739975,True,True,False,1,False,True,False,0,0.0,,,,,,,,,,,,,0.2245048515783776,0.7357167277303924,0.21163463487740117,0.052648637387752044,,,,,,,,,,,,,,,True,temporal_v1,False,0.001447420852610896,0.0918580375782881,3.8871752565796185,0.9108193249123797,89.6215321259257,1497.9123309638321,0.1651719747628414,0.047513002291995086,0.011819874522541095,0.0,0.0,0.0011919311826042948,0.0012460685930337264,0.0005054544672061178,0.01650326027054002,0.005157892732631362,2.132883457319421,1.0457290948733347e-05,1.8295703131664858,-0.0010944485177469352,1433.3333333333335,0.006855473601525476,True,0.05569274537265301,0.0011919311826042948,True,True,False,False,False,0,20
219,2026-08-08T15:31:59.142764,shadow,silero,webrtc,False,0.03177327290177345,True,True,False,1,False,True,False,0,0.0,,,,,,,,,,,,,0.1701389252149773,0.7363462174396125,0.21065387183978201,0.05299991071472799,,,,,,,,,,,,,,,True,temporal_v1,False,0.0012617302006564665,0.0918580375782881,3.8942225824053556,0.9107732745145113,88.42808890299099,1495.0600778676828,0.12528115402128964,0.03584042334719409,0.00901734784549358,0.0,0.0,0.0012165943482489385,0.0011804173233702965,0.0004190885350426452,0.015420614039765666,0.00448565950809091,1.8089628505680468,1.608172186989902e-05,1.9433038732598544,-0.0011791653282532024,1433.3333333333335,0.005661189713187972,True,0.049182938411831856,0.0012165943482489385,True,True,False,False,False,0,20
220,2026-08-08T15:31:59.154763,shadow,silero,webrtc,False,0.029865071177482605,True,True,False,1,False,True,False,0,0.0,,,,,,,,,,,,,0.12729592130148432,0.7410931600937573,0.20665321440347922,0.05225362549490777,,,,,,,,,,,,,,,True,temporal_v1,False,0.001089576283247541,0.10020876826722339,3.868064141595056,0.911734609339247,87.15755911151204,1496.3649797151143,0.09433813658436324,0.026306111317404058,0.006651673398717015,0.0,0.0,0.0021980396986988207,0.0020839766038928424,0.0002622964365321452,0.009915943287714335,0.008699627845938139,1.5959911597205214,2.601336850279174e-05,1.7739516349931086,-0.0010605360782019136,1400.0,0.007625134209530671,True,0.044435180723667145,0.0021980396986988207,True,True,False,False,False,0,20
221,2026-08-08T15:31:59.164036,shadow,silero,webrtc,False,0.02761489525437355,True,True,False,1,False,True,False,0,0.0,,,,,,,,,,,,,0.07828729623275045,0.7396952133282566,0.20890771800232852,0.05139706865664144,,,,,,,,,,,,,,,True,temporal_v1,False,0.0008562885073282695,0.12317327766179541,3.8827048112475713,0.9126669068457488,85.06697353176257,1486.701125528732,0.05790873828777676,0.016354820404556186,0.0040237375394175014,0.0,0.0,0.0023848867147106623,0.0021613133340839846,0.00041062517692881087,0.011780155306610342,0.00877079103529071,2.8636677236527217,3.788646961327875e-05,1.87353908242175,-0.0011362637124256887,1400.0,0.0062882758020680685,True,0.03950373828411102,0.0023848867147106623,True,True,False,False,False,0,20
222,2026-08-08T15:31:59.171969,shadow,silero,webrtc,False,0.025879517197608948,True,True,False,1,False,True,False,0,0.0,,,,,,,,,,,,,0.05571241759660883,0.739432819322721,0.20718155989022857,0.05338562076910131,,,,,,,,,,,,,,,True,temporal_v1,False,0.0007223613360940514,0.09603340292275574,3.8809547662464667,0.9106900191419943,83.5778520286172,1501.3106601370553,0.04119559001474524,0.011542585582921237,0.0029742419979423658,0.0,0.0,0.0024626987852847423,0.002378826277527878,0.0005067016198451695,0.011337097271303102,0.008902531678065023,3.6004566839601977,0.000115075593874385,1.6451680165434392,-0.0009778146149479988,1400.0,0.010249756915786772,True,0.03544490598142147,0.0024626987852847423,True,True,False,False,False,0,20
223,2026-08-08T15:31:59.180845,shadow,silero,webrtc,False,0.02496476098895073,True,True,False,1,False,True,False,0,0.0,,,,,,,,,,,,,0.049984624953201766,0.7488687598833349,0.20024540934163348,0.05088583075502543,,,,,,,,,,,,,,,True,temporal_v1,False,0.0006826596780711157,0.10020876826722339,3.8493982027252622,0.9130361626419731,83.09701015200203,1494.9426949750248,0.037431924101937804,0.010009191684541915,0.002543509165722046,0.0,0.0,0.004131797358425047,0.003701219812792475,0.0006916138954627021,0.011242515254978087,0.013697843953615087,3.497463876559614,0.00015954385420508264,1.6186832177593489,-0.0009617273365936887,1400.0,0.010500641841246307,True,0.032959192991256714,0.004131797358425047,True,True,False,False,False,0,20
224,2026-08-08T15:31:59.187432,shadow,silero,webrtc,False,0.02496476098895073,True,True,False,1,False,True,False,0,0.0,,,,,,,,,,,,,0.05142716991388876,0.7326893044430688,0.21320131351495564,0.05410938202253051,,,,,,,,,,,,,,,True,temporal_v1,False,0.0006952021085815265,0.08350730688935282,3.885835090415932,0.9088961809159302,83.23576645083891,1511.6558110209264,0.03768013735368267,0.010964340175997891,0.002782692383208194,0.0,0.0,0.004353218582307217,0.00374355650834013,0.0008783733716571674,0.010677838707761523,0.01323189916953899,6.053495822311933,0.00013456771113093283,1.679492471572982,-0.0009955636183876671,1466.6666666666667,0.009637865958894565,True,0.03081917203962803,0.004353218582307217,True,True,False,False,False,0,20
225,2026-08-08T15:31:59.198564,shadow,silero,webrtc,False,0.022982804104685783,True,True,False,1,False,True,False,0,0.0,,,,,,,,,,,,,0.060226681463888446,0.7401509603402183,0.208452033954779,0.05139700568839877,,,,,,,,,,,,,,,True,temporal_v1,False,0.0007487360769292315,0.081419624217119,3.875079568903514,0.9121906136291265,83.89705610775351,1491.3424275199152,0.04457683612360146,0.012554374249494132,0.0030954710897928553,0.0,0.0,0.004157747892555464,0.0035071331447418066,0.0009328100900275061,0.011593689667569788,0.012286990098060975,6.253317467201529,0.00016358403527417614,1.8374974140372267,-0.0011121335569663218,1400.0,0.006860674573169787,True,0.028739983215928078,0.004157747892555464,True,True,False,False,False,0,20
226,2026-08-08T15:31:59.210413,shadow,silero,webrtc,False,0.01823144592344761,True,True,False,1,False,True,False,0,0.0,,,,,,,,,,,,,0.04137548383839693,0.7271309201250695,0.21964351134452098,0.053225568506240724,,,,,,,,,,,,,,,True,temporal_v1,False,0.000624240331493447,0.09603340292275574,3.9080494611946386,0.9090160865200322,82.29898825423474,1503.0743706151784,0.030085393634033505,0.009087856553843981,0.0022022336495194517,0.0,0.0,0.00540577935376827,0.00473716229982943,0.0009686557767005171,0.010919997353337806,0.014898314918380997,6.53560595181865,0.00022708546481586188,1.7061801577211302,-0.001020749848621709,1433.3333333333335,0.009347586917335672,True,0.02674720622599125,0.00540577935376827,True,True,False,False,False,0,20
227,2026-08-08T15:31:59.219990,shadow,silero,webrtc,False,0.01717348024249077,True,True,False,1,False,True,False,0,0.0,,,,,,,,,,,,,0.03802094886839491,0.7379732202530518,0.2098827336442392,0.05214404607640775,,,,,,,,,,,,,,,True,temporal_v1,False,0.0005956594320665891,0.10020876826722339,3.8761945171071757,0.9115279788555014,81.90278335616074,1493.4908714668504,0.02805844207348602,0.007979940684246567,0.0019825661096623272,0.0,0.0,0.005398693130681121,0.0047221706179070445,0.0009678984199739051,0.010919997353337806,0.01481399867524577,6.55399617620062,0.00026066791909186074,1.7453186496304371,-0.0010476264661140524,1400.0,0.008394568485437475,True,0.02542213909327984,0.005398693130681121,True,True,False,False,False,0,20
228,2026-08-08T15:31:59.229128,shadow,silero,webrtc,False,0.015520608052611351,True,True,False,1,False,True,False,0,0.0,,,,,,,,,,,,,0.019631892384463372,0.7425447866978411,0.20307538055748164,0.05437983269373988,,,,,,,,,,,,,,,True,temporal_v1,False,0.00043103952514509904,0.07933194154488518,3.828414230625932,0.9117043157994977,79.08282550658834,1507.8059747695117,0.014577559343096326,0.003986754017038425,0.0010675790233286243,0.0,0.0,0.005508821324589609,0.005048508642823125,0.0011301249095222972,0.012036355161085241,0.02132863136512755,7.294009520841628,0.0004696681206557928,1.5268061781596116,-0.0009055108353802743,1400.0,0.013071746105269923,True,0.02496476098895073,0.005508821324589609,True,True,False,False,False,0,20
229,2026-08-08T15:31:59.236430,shadow,silero,webrtc,False,0.01344315242022276,True,True,False,1,False,True,False,0,0.0,,,,,,,,,,,,,0.010547171579082375,0.730302531006401,0.2170915971168074,0.052605871781979584,,,,,,,,,,,,,,,True,temporal_v1,False,0.0003166341021889127,0.08977035490605428,3.872542843249044,0.9122388914165795,76.38606935565468,1496.1911057024654,0.007702626099162637,0.002289702323167992,0.0005548431557517465,0.0,0.0,0.0060290691432471006,0.005622958740585817,0.001122961333571621,0.012110359091668623,0.020332092313803684,7.253489855566311,0.0010175720614426856,1.511629475963644,-0.0009074322897549515,1433.3333333333335,0.014530375082461184,True,0.023973782546818256,0.0060290691432471006,True,True,False,False,False,0,20
230,2026-08-08T15:31:59.248886,shadow,silero,webrtc,False,0.012901706621050835,True,True,False,1,True,True,False,1,0.0,,,,,,,,,,,,,0.002627149986585295,0.3680413635978744,0.3638917215124401,0.2680669145090449,,,,,,,,,,,,,,,True,temporal_v1,False,0.00015896872957967288,0.10647181628392484,4.09958470064546,0.7568644044533387,69.45940232334328,1800.7945223519678,0.0009668998634389894,0.0009559981312899068,0.0007042519908563987,0.0,0.0,0.11103951064179232,0.04657618560443811,0.06464539707184097,0.012519135157047974,0.07086461434080836,90.97521270118322,0.004720534416144346,1.3281324909222885,-0.0007897216224628247,2600.0,0.01709249791981681,True,0.020607125014066696,0.11103951064179232,True,True,True,True,True,1,20
231,2026-08-08T15:31:59.258518,shadow,silero,webrtc,False,0.011990860104560852,True,True,False,1,True,True,False,1,0.0,,,,,,,,,,,,,0.000550227950978018,0.8536437172122633,0.08480825381425301,0.06154802715605514,,,,,,,,,,,,,,,True,temporal_v1,False,8.101510186529713e-05,0.0918580375782881,3.0402095469220956,0.9270711179713881,63.941860843946344,1610.1805739157537,0.0004696986333869623,4.666387172224012e-05,3.386544486881563e-05,0.0,0.0,0.11994762776348283,0.06291831869920965,0.06435906000632242,0.008508427504098049,0.26668884542476445,92.79423977332328,0.009554926547734075,0.8953711096335413,-0.0005317087000357628,833.3333333333334,0.026363719810970482,True,0.01770246308296919,0.11994762776348283,True,True,True,True,True,2,20
232,2026-08-08T15:31:59.267990,shadow,silero,webrtc,False,0.009990500286221504,True,True,False,1,True,True,False,1,0.0,,,,,,,,,,,,,0.0012885571048242418,0.756718074534707,0.1865037966260698,0.056778128063161466,,,,,,,,,,,,,,,True,temporal_v1,False,0.00011833736815925715,0.081419624217119,3.4679304037390746,0.920865842552142,67.59994592304218,1517.667709870253,0.0009750744512906168,0.0002403207922192177,7.316186031440737e-05,0.0,0.0,0.12045285872939733,0.06340515548825143,0.06425216282536605,0.009013375008318537,0.28416384662151734,92.22121498016465,0.004828890756555463,1.1517607549178144,-0.0006841373505183452,1266.6666666666667,0.024536080096993595,True,0.01634704414755106,0.12045285872939733,True,True,True,True,True,3,20
233,2026-08-08T15:31:59.276169,shadow,silero,webrtc,False,0.009708458557724953,True,True,False,1,True,True,False,1,0.0,,,,,,,,,,,,,0.0019936055891637957,0.7174320358449887,0.2309035374487234,0.05166442620468419,,,,,,,,,,,,,,,True,temporal_v1,False,0.00014289664800548263,0.1022964509394572,3.7695526986665704,0.9128351209815111,69.3036691026093,1497.455398037448,0.0014302765165057302,0.0004603305828154668,0.00010299848884259888,0.0,0.0,0.11990573751004509,0.06356750913664978,0.06422273663710101,0.00924492268287454,0.2829489758379448,92.09404648391735,0.003135492956123019,1.3874882101339472,-0.0008227825843136786,1433.3333333333335,0.015236839145749128,True,0.014481880236417055,0.11990573751004509,True,True,True,True,True,4,20
234,2026-08-08T15:31:59.284544,shadow,silero,webrtc,False,0.00921438354998827,True,True,False,1,True,True,False,1,0.0,,,,,,,,,,,,,0.0038486922718075365,0.7235092487053905,0.21040661589604504,0.06608413513873587,,,,,,,,,,,,,,,True,temporal_v1,False,0.00019180516173124455,0.11064718162839249,3.842499384727222,0.9030526308184816,71.91200416030367,1514.882096037715,0.0027845644540737133,0.0008097903165362853,0.0002543375001975376,0.0,0.0,0.11976864944070176,0.06357542963028955,0.0639219509002251,0.010480083839675268,0.28135171234674383,91.98938613280009,0.00205418830490956,1.602458507754006,-0.0009685720465239247,1533.3333333333335,0.011773250212296941,True,0.013172429520636797,0.11976864944070176,True,True,True,True,True,5,20
235,2026-08-08T15:31:59.295769,shadow,silero,webrtc,False,0.00840040110051632,True,True,False,1,True,True,False,1,0.0,,,,,,,,,,,,,0.009698394319604597,0.7482497254577755,0.2003044050131005,0.05144586942601403,,,,,,,,,,,,,,,True,temporal_v1,False,0.000301992582970719,0.10647181628392484,3.8388158481670516,0.91127827337525,75.96593665134911,1503.5533100528057,0.007256820887025389,0.0019426311037708326,0.0004989423278083742,0.0,0.0,0.11999867975772531,0.0636865767136438,0.06392001148595947,0.01017624852355235,0.28005005740178196,91.37070197656041,0.0011850906920014316,2.0879158810734983,-0.0012828356220905912,1433.3333333333335,0.003925471540987435,True,0.012446283362805843,0.11999867975772531,True,True,True,True,True,6,20
236,2026-08-08T15:31:59.307206,shadow,silero,webrtc,False,0.008246847428381443,True,True,False,1,True,True,False,1,0.0,,,,,,,,,,,,,0.008768451971305213,0.7353175476849799,0.21168913192317587,0.0529933202777991,,,,,,,,,,,,,,,True,temporal_v1,False,0.00028788257654617527,0.09812108559498957,3.9080253837307777,0.9094167073718515,75.53660842833318,1509.3423978368974,0.006447596600533677,0.001856185986115661,0.0004646693836558761,0.0,0.0,0.12013682164707447,0.06364393589786291,0.06392861238354708,0.01018695022860614,0.28004873630436516,91.1054207708817,0.0008545757852755163,1.4480942067656135,-0.0008622296557658728,1433.3333333333335,0.016091613203508597,True,0.010990680195391178,0.12013682164707447,True,True,True,True,True,7,20
237,2026-08-08T15:31:59.315477,shadow,silero,webrtc,False,0.007669677026569843,True,True,False,1,True,True,False,1,0.0,,,,,,,,,,,,,0.010818759632241517,0.7498894424013729,0.19525166987553477,0.05485888763066028,,,,,,,,,,,,,,,True,temporal_v1,False,0.0003188973473115861,0.10438413361169102,3.807787557614991,0.9116788562179565,76.44588488338175,1514.1595247723958,0.008112873628096073,0.0021123808841771825,0.000593505118968261,0.0,0.0,0.12045343447683693,0.06384034828460501,0.06382914011257763,0.010407051006776212,0.27781615683464006,90.13964941246593,0.0008837085966384444,1.4684055706048817,-0.0008757608523630113,1400.0,0.01531645346718186,True,0.009849479421973228,0.12045343447683693,True,True,True,True,True,8,20
238,2026-08-08T15:31:59.326065,shadow,silero,webrtc,False,0.00743244169279933,True,True,False,1,True,True,False,1,0.0,,,,,,,,,,,,,0.011348186830202354,0.723691585502411,0.22320051370891725,0.05310790070055207,,,,,,,,,,,,,,,True,temporal_v1,False,0.0003273491369055148,0.11899791231732777,3.8996973848016845,0.9083857026010511,76.65960800793468,1503.1890296410268,0.008212587319726721,0.002532921130165935,0.0006026783793096994,0.0,0.0,0.12011651093433956,0.06389514778438458,0.06387542418898959,0.010446760754235326,0.2806994483379633,90.35183382016977,0.0007571437045011233,1.8032894808961435,-0.0010883152009291948,1433.3333333333335,0.00730301392180636,True,0.009461421053856611,0.12011651093433956,True,True,True,True,True,9,20
239,2026-08-08T15:31:59.335509,shadow,silero,webrtc,False,0.0062976679764688015,True,True,False,1,True,True,False,1,0.0,,,,,,,,,,,,,0.012152687351437874,0.72327419802201,0.22301971621925898,0.05370608567644459,,,,,,,,,,,,,,,True,temporal_v1,False,0.0003384685415679075,0.10438413361169102,3.834736051321673,0.9096556082816346,76.95835667883189,1504.31428488833,0.008789725197923454,0.0027102888844190527,0.000652673268095367,0.0,0.0,0.12002015901447351,0.06396334214102704,0.06383439224241565,0.009767588781035145,0.2793376134416635,89.92923066253309,0.0005908553925007279,1.9387682771638717,-0.001178244104615369,1466.6666666666667,0.005692109661410536,True,0.008807392325252295,0.12002015901447351,True,True,True,True,True,10,20
240,2026-08-08T15:31:59.338674,shadow,silero,webrtc,False,0.0062976679764688015,True,True,False,1,False,True,False,0,0.0,,,,,,,,,,,,,0.010661005466151962,0.7106154450271502,0.23137576260613932,0.05800879227291046,,,,,,,,,,,,,,,True,temporal_v1,False,0.0003166743556706974,0.14613778705636743,3.938685404511722,0.9022325009375336,76.33932844858398,1529.2656580448509,0.007575875143766458,0.00246669826987913,0.0006184320515063721,0.0,0.0,0.039234326129735785,0.040897253575890684,0.004478985808522498,0.016385316801961237,0.262941689340608,31.150459961525662,0.0006578316743908824,1.7317474825351642,-0.0010420791765911282,1533.3333333333335,0.00953760872985149,True,0.008323624264448881,0.039234326129735785,True,True,False,False,False,0,20
241,2026-08-08T15:31:59.346436,shadow,silero,webrtc,False,0.005538669880479574,True,True,False,1,False,True,False,0,0.0,,,,,,,,,,,,,0.007662351813022715,0.7196911815310414,0.22581963453870266,0.054489183799747654,,,,,,,,,,,,,,,True,temporal_v1,False,0.000269505219490739,0.1524008350730689,3.8265119576616664,0.908667294178057,74.95255592166062,1506.5794075673994,0.005514527029620834,0.0017303094861237552,0.00041751529627812435,0.0,0.0,0.014936151920029037,0.014854243484195786,0.0040915580802186845,0.020528407812183472,0.12470799730857571,8.722703513972018,0.0010985036572181961,1.5677563989697128,-0.0009437661531492815,1500.0,0.012279941814178557,True,0.007958262227475643,0.014936151920029037,True,True,False,False,False,0,20
242,2026-08-08T15:31:59.357272,shadow,silero,webrtc,False,0.004976002499461174,True,True,True,1,True,True,False,1,0.0,,,,,,,,,,,,,0.016799546538470017,0.37776872832910896,0.33611994587178834,0.28611132573957737,,,,,,,,,,,,,,,True,temporal_v1,False,0.0003898722781993332,0.17536534446764093,4.263776434968266,0.7339044532866948,77.26475821893612,1898.5871407929674,0.0063463433323435025,0.005646662673181132,0.004806540531945384,0.0,0.0,0.10576360481673658,0.03764421025386305,0.06940709534202896,0.025125154711198975,0.1325273238779198,117.11572108252238,0.003969842292008758,1.458887520692305,-0.0008548611980492706,2800.0,0.015991181593818737,True,0.0075510593596845865,0.10576360481673658,True,True,True,True,True,1,20
243,2026-08-08T15:31:59.363454,shadow,silero,webrtc,False,0.003881639800965786,True,True,True,1,True,True,False,1,0.0,,,,,,,,,,,,,0.009165868413730587,0.7284518194276569,0.22186104862556538,0.04968713183767713,,,,,,,,,,,,,,,True,temporal_v1,False,0.0002922184111275841,0.11899791231732777,3.831248520052747,0.9073686763899778,75.65820207526843,1508.9295201898792,0.0066768935226165374,0.0020335491778342156,0.0004554257122798322,0.0,0.0,0.10606997723905855,0.03769161395409855,0.06948531548450967,0.024306938752113382,0.12799499998727407,116.66895611460149,0.004089694196245796,1.5441432800620298,-0.0009304602985394993,1600.0,0.012260459403356265,True,0.006865054834634066,0.10606997723905855,True,True,True,True,True,2,20
244,2026-08-08T15:31:59.373433,shadow,silero,webrtc,False,0.009330027736723423,True,True,True,1,True,True,False,1,0.0,,,,,,,,,,,,,0.5512295579123634,0.14799798700801697,0.806308691253617,0.04569332173655178,,,,,,,,,,,,,,,True,temporal_v1,False,0.0021904272536929846,0.16701461377870563,3.3921461518432934,0.8328769044771975,92.8333314071374,1839.8291107509476,0.0815808649503489,0.4444611834206276,0.025187509540386822,0.0,0.0,0.1940843385951363,0.17690151816879027,0.07010296342751948,0.02703448301779479,0.19935259721261694,144.49664803008667,0.014964231119971033,0.8954526228436053,-0.000504263217589138,2200.0,0.020976289478332282,True,0.006865054834634066,0.1940843385951363,True,True,True,True,True,3,20
245,2026-08-08T15:31:59.383355,shadow,silero,webrtc,False,0.041616372764110565,True,True,True,1,True,True,False,1,0.0,,,,,,,,,,,,,1.793858764176393,0.04940357267076996,0.7192898516800708,0.23130657564860188,,,,,,,,,,,,,,,True,temporal_v1,False,0.003949319911211225,0.24217118997912318,3.52856056272685,0.7159886481447526,97.29796769143607,1974.035531495499,0.08862303181708603,1.2903044044194327,0.41493132793887433,0.0,0.0,0.25691158181924156,0.2156041330924753,0.0833203648032045,0.042078071606994984,0.22216160580137678,182.86804273948786,0.007823579054101025,1.5146089147173523,-0.0008725974148567399,2566.666666666667,0.0036349862092056625,True,0.006865054834634066,0.25691158181924156,True,True,True,True,True,4,20
246,2026-08-08T15:31:59.394027,shadow,silero,webrtc,False,0.05481340363621712,True,True,True,1,True,True,False,1,0.0,,,,,,,,,,,,,2.7099297033512695,0.04669488277580757,0.4511466109413415,0.5021585062824818,,,,,,,,,,,,,,,True,temporal_v1,False,0.00485560114620443,0.2881002087682672,3.494637663623693,0.5851292008963206,98.21730073201935,2226.305915493359,0.1265398498286665,1.2225756015562002,1.3608142519654025,0.0,0.0,0.2923123656933592,0.2133770698883285,0.14634311750496223,0.057631008608086585,0.2402412408870573,250.14266563623727,0.010630917821668025,1.1768028329126012,-0.0006786313551806421,2900.0,0.009594918705236075,True,0.006865054834634066,0.2923123656933592,True,True,True,True,True,5,20
247,2026-08-08T15:31:59.409883,shadow,silero,webrtc,False,0.10601691901683807,True,True,True,1,True,True,False,1,0.0,,,,,,,,,,,,,0.729026049003073,0.1988820834482193,0.396361663728341,0.40475625282206795,,,,,,,,,,,,,,,True,temporal_v1,False,0.002521604589845496,0.2818371607515658,3.6690674374323478,0.659656952110085,93.04517986215389,2091.4113982268395,0.1449902195137548,0.28895797768415704,0.29507785180416113,0.0,0.0,0.29152181427362234,0.20593450992298215,0.16295028849897733,0.06417035308037787,0.2423348093463843,266.54417657004024,0.007433748779706386,1.0158731926254385,-0.0005891986162340226,2866.666666666667,0.019409294728488166,True,0.006865054834634066,0.29152181427362234,True,True,True,True,True,6,20
248,2026-08-08T15:31:59.424556,shadow,silero,webrtc,False,0.13397783041000366,True,True,True,1,True,True,False,1,0.0,,,,,,,,,,,,,0.7559820585431201,0.3611245213155907,0.38096783415624275,0.2579076445268439,,,,,,,,,,,,,,,True,temporal_v1,False,0.0025748908956738504,0.23799582463465555,3.7947312795903496,0.7297459815187832,93.66485862151919,1959.121348531041,0.2730036590145591,0.28800484750415034,0.1949735520234107,0.0,0.0,0.2764713651451768,0.1989792265049169,0.15931076475392777,0.06286005245896514,0.23864421118033188,257.8698481601166,0.0070802049451219136,1.556116562484361,-0.000914854051740031,2766.666666666667,0.005921117219437224,True,0.007813847856596112,0.2764713651451768,True,True,True,True,True,7,20
249,2026-08-08T15:31:59.434559,shadow,silero,webrtc,False,0.11084675788879395,True,True,True,1,True,True,False,1,0.0,,,,,,,,,,,,,4.5191502372667625,0.09440537965734357,0.552679856935696,0.3529147634067391,,,,,,,,,,,,,,,True,temporal_v1,False,0.006275910529921782,0.2567849686847599,3.592269704948052,0.6902776759328875,101.16263081408064,2151.667351162936,0.426632093877743,2.497643306603511,1.5948748367845085,0.0,0.0,0.2686514326445425,0.1943086378234934,0.15817371783163772,0.05820854648514693,0.2418519531044712,255.79931134312685,0.00882127197191034,0.8133581908651365,-0.00045528527000792914,2866.666666666667,0.02735791993889488,True,0.025473200250416994,0.2686514326445425,True,True,True,True,True,8,20
250,2026-08-08T15:31:59.443273,shadow,silero,webrtc,False,0.09058781713247299,True,True,True,1,True,True,False,1,0.0,,,,,,,,,,,,,5.958750434906254,0.039942441280720074,0.7284882438397727,0.23156931487933932,,,,,,,,,,,,,,,True,temporal_v1,False,0.007199067799033949,0.24217118997912318,3.6770498381345815,0.7333527137363601,102.61706251026881,2052.068254332784,0.23800703935270828,4.340879639804339,1.3798637557482065,0.0,0.0,0.2518201563921867,0.20007738617898707,0.14818091611572207,0.05527590807629744,0.232161118880833,233.56827874001397,0.006017705275242786,1.0364390693234746,-0.0005935387576662877,2766.666666666667,0.018286260749886814,True,0.04821488820016384,0.2518201563921867,True,True,True,True,True,9,20
251,2026-08-08T15:31:59.452319,shadow,silero,webrtc,False,0.0953092873096466,True,True,True,1,True,True,False,1,0.0,,,,,,,,,,,,,5.138137063103964,0.05700893846965639,0.7505333236759041,0.192457737854245,,,,,,,,,,,,,,,True,temporal_v1,False,0.006686576818258634,0.2254697286012526,3.5365551673621316,0.7684243639218944,102.17828066632774,1982.170634342083,0.2929197396791549,3.8563430874737668,0.988874235950043,0.0,0.0,0.2102124068081452,0.19477148545895598,0.13603691409797042,0.0510134135777245,0.23352701430146716,188.4302194928361,0.006433430808890107,0.9041128993072667,-0.0005152484760738967,2600.0,0.022078379679991326,True,0.07270061038434505,0.2102124068081452,True,True,True,True,True,10,20
252,2026-08-08T15:31:59.462604,shadow,silero,webrtc,False,0.0873328447341919,True,True,True,1,True,True,False,1,0.0,,,,,,,,,,,,,3.2120106065531506,0.03602435759868305,0.8794239927274236,0.08455164967358217,,,,,,,,,,,,,,,True,temporal_v1,False,0.005286807318960062,0.17954070981210857,3.3262763406056064,0.8252101686202915,100.44725437935553,1866.7988908658394,0.11571061870123353,2.824719192297805,0.27158079555311215,0.0,0.0,0.2079542417317231,0.20726658180513577,0.14466044429221608,0.05063265354161533,0.1542859487558636,189.8441938363436,0.006046261209952119,0.9600103144690268,-0.0005488019670475014,1833.3333333333335,0.020123554304157413,True,0.08896033093333244,0.2079542417317231,True,True,True,True,True,11,20
253,2026-08-08T15:31:59.475947,shadow,silero,webrtc,False,0.07880356907844543,True,True,True,1,True,True,False,1,0.0,,,,,,,,,,,,,2.226278068747321,0.05084435862195533,0.8719153642101337,0.0772402771674617,,,,,,,,,,,,,,,True,temporal_v1,False,0.004415343120732611,0.19832985386221294,3.418880295929425,0.8045769185574688,98.7726703474644,1871.3953951041362,0.1131936805195829,1.9411260531448535,0.1719583350818844,0.0,0.0,0.09848183875064724,0.18247451283474583,0.14132276781447048,0.03826159089397933,0.13688651269257415,121.59855343719194,0.005810658860308617,1.1996726810971807,-0.0007023949626154958,1866.6666666666667,0.013841317006940825,True,0.08896033093333244,0.09848183875064724,True,True,True,True,True,12,20
254,2026-08-08T15:31:59.488924,shadow,silero,webrtc,False,0.07221014052629471,True,True,True,1,True,True,False,1,0.0,,,,,,,,,,,,,2.9638981812864076,0.05382321937967295,0.9102223001619714,0.035954480458018204,,,,,,,,,,,,,,,True,temporal_v1,False,0.005082482431968324,0.16910229645093947,3.1456087002164614,0.8530675623393866,100.24877568260393,1643.8521342596978,0.159526542030392,2.6978062200163975,0.10656541923861784,0.0,0.0,0.09873144340309797,0.1934945873533362,0.14267213429103748,0.037910845804813915,0.17789678609034756,156.77634226438695,0.007989468812674174,1.2783380571302043,-0.0007481128506642749,1566.6666666666667,0.006531240068684771,True,0.08896033093333244,0.09873144340309797,True,True,True,True,True,13,20
255,2026-08-08T15:31:59.502266,shadow,silero,webrtc,False,0.0688144639134407,True,True,True,1,True,True,False,1,0.0,,,,,,,,,,,,,1.9485388686752303,0.12211703862197759,0.8403820748831736,0.03750088649433566,,,,,,,,,,,,,,,True,temporal_v1,False,0.004123742084945501,0.1649269311064718,3.267336193884661,0.8548650996331665,98.44222680908771,1624.4394982400795,0.23794979628243762,1.6375171374478017,0.07307193494399103,0.0,0.0,0.09749445912141194,0.20024084686735444,0.15478904077249295,0.04265468305450393,0.19301805103393047,190.07117890434117,0.006554038790167389,1.6710729259387778,-0.000990033699070256,1633.3333333333335,0.0030186042069756803,True,0.08896033093333244,0.09749445912141194,True,True,True,True,True,14,20
256,2026-08-08T15:31:59.506956,shadow,silero,webrtc,False,0.0688144639134407,True,True,True,1,True,True,False,1,0.0,,,,,,,,,,,,,0.9475402181502158,0.1227600538781956,0.8322994375691508,0.04494050855159825,,,,,,,,,,,,,,,True,temporal_v1,False,0.0028796916004880757,0.17745302713987474,3.5893717476053055,0.8437627871894714,95.26634558109096,1692.1182154940514,0.1163200882318777,0.7886371906405751,0.04258293927676304,0.0,0.0,0.09551110615000628,0.18977486192333512,0.12946887449061587,0.03888697770981228,0.1952154742952104,178.77517529619217,0.005524198988008471,1.081765990571185,-0.0006321008169314236,1666.6666666666667,0.016729599454072586,True,0.08896033093333244,0.09551110615000628,True,True,True,True,True,15,20
257,2026-08-08T15:31:59.517809,shadow,silero,webrtc,False,0.05763554200530052,True,True,True,1,True,True,False,1,0.0,,,,,,,,,,,,,1.648134682676516,0.12264310797532564,0.8552045561522574,0.022152335871810043,,,,,,,,,,,,,,,True,temporal_v1,False,0.0037905835728202185,0.1544885177453027,2.999106121427506,0.8792956044265959,97.83270029412179,1492.3675837049263,0.202132359845375,1.4094922897775115,0.036510033052629245,0.0,0.0,0.09135942032037955,0.16057255601059922,0.11011192840872533,0.03503887885182979,0.23681520277308643,201.36130311597995,0.008684492632707767,1.4247754192072697,-0.0008444316386289814,1500.0,0.003516313086707933,True,0.08306820690631866,0.09135942032037955,True,True,True,True,True,16,20
258,2026-08-08T15:31:59.528133,shadow,silero,webrtc,False,0.04962228238582611,True,True,True,1,False,True,False,0,0.0,,,,,,,,,,,,,0.9807812121274179,0.0971473016884011,0.892718906474951,0.010133791835628245,,,,,,,,,,,,,,,True,temporal_v1,False,0.0029275290403954503,0.13569937369519833,2.7253762614269537,0.889853885516019,95.64017175350172,1426.2459008167612,0.09528024830485798,0.8755619311815654,0.009939032639994402,0.0,0.0,0.033946277709300476,0.1026541733341666,0.10721830251479518,0.03748306190108783,0.286359857602163,229.61920626838153,0.012225527626265787,1.857038664580927,-0.0011177268756236765,1466.6666666666667,0.0013604435479185946,True,0.07550685480237007,0.033946277709300476,True,True,False,False,False,0,20
259,2026-08-08T15:31:59.538564,shadow,silero,webrtc,False,0.0441574826836586,True,True,True,1,False,True,False,0,0.0,,,,,,,,,,,,,0.6054703058150013,0.07214211488059755,0.9214672151096643,0.0063906700080864414,,,,,,,,,,,,,,,True,temporal_v1,False,0.002299274520133204,0.14822546972860126,2.9972273887515968,0.8807855186348315,93.49722362200094,1496.713494164541,0.04367990835889635,0.557921036530946,0.003869360924158854,0.0,0.0,0.03363560935738772,0.060800322941937594,0.07344625272974488,0.03200356934604571,0.287041109234005,206.61005892090782,0.012639710489739211,0.9542090524947316,-0.0005665676485176665,1433.3333333333335,0.010056562782194262,True,0.0705123022198677,0.03363560935738772,True,True,False,False,False,0,20
260,2026-08-08T15:31:59.554181,shadow,silero,webrtc,False,0.03614206984639168,True,True,True,1,False,True,False,0,0.0,,,,,,,,,,,,,0.41083396865528826,0.12159760078917503,0.8735703458139787,0.004832053394412218,,,,,,,,,,,,,,,True,temporal_v1,False,0.001894171413325988,0.16075156576200417,2.749083351211109,0.8903454750667282,91.86025053751428,1360.5081148344814,0.04995642491117819,0.3588923720703295,0.0019851716727806285,0.0,0.0,0.03345108072679965,0.04599526405986952,0.05374922023534512,0.024514942129833055,0.2898765196621767,197.69876063348627,0.015309643864933822,1.5680886505387845,-0.000937442210618595,1333.3333333333335,0.002047399429392911,True,0.0688144639134407,0.03345108072679965,True,True,False,False,False,0,20
261,2026-08-08T15:31:59.568429,shadow,silero,webrtc,False,0.028031382709741592,True,True,True,1,False,True,False,0,0.0,,,,,,,,,,,,,0.31773711268156846,0.10005172514478157,0.8969585068941486,0.0029897679579226127,,,,,,,,,,,,,,,True,temporal_v1,False,0.0016627147154738898,0.15031315240083507,2.641341214911214,0.8865913850170913,90.70952768000778,1428.2406387450897,0.031790146266312776,0.2849970061757175,0.0009499602385382,0.0,0.0,0.03224120486940758,0.027535964741509728,0.02797834588528471,0.017221800395524296,0.30250222997013687,171.52172449385276,0.007734566774219322,0.9986958544404075,-0.0005926932744521738,1333.3333333333335,0.005757151943512977,True,0.06322500295937061,0.03224120486940758,True,True,False,False,False,0,20
262,2026-08-08T15:31:59.579766,shadow,silero,webrtc,False,0.022604908794164658,True,True,True,1,False,True,False,0,0.0,,,,,,,,,,,,,0.1740221330484552,0.09489684610341981,0.9024391129225108,0.002664040968322994,,,,,,,,,,,,,,,True,temporal_v1,False,0.0012310717487024271,0.15657620041753653,2.526697134624794,0.8893635577752798,88.11098810707705,1425.8962861978496,0.0165141515784881,0.15704437937713106,0.00046360209183603956,0.0,0.0,0.02677491929284748,0.02855071922751887,0.023164088498734227,0.0164966565888421,0.332590969156591,150.10203994363553,0.013087846290017064,0.9577595867628088,-0.0005723340818123883,1266.6666666666667,0.006404431007930283,True,0.053628912195563316,0.02677491929284748,True,True,False,False,False,0,20
263,2026-08-08T15:31:59.593171,shadow,silero,webrtc,False,0.019898589700460434,True,True,True,1,False,True,False,0,0.0,,,,,,,,,,,,,0.10189823195666256,0.16209442042542718,0.8334386090183034,0.004466970546455679,,,,,,,,,,,,,,,True,temporal_v1,False,0.0009417553193235194,0.15031315240083507,2.74447487180504,0.8977239040363673,85.82271579985249,1439.8021130101552,0.01651713485139096,0.08492592070338527,0.0004551764008863205,0.0,0.0,0.02881792146597757,0.03175574553534554,0.01566209361675074,0.011259947023099624,0.30961497798348286,105.93780567567762,0.009260298118022623,0.9083740250910629,-0.0005394873207561773,1266.6666666666667,0.008089786521306555,True,0.046889882534742355,0.02881792146597757,True,True,False,False,False,0,20
264,2026-08-08T15:31:59.603527,shadow,silero,webrtc,False,0.017332682386040688,True,True,True,1,True,True,False,1,0.0,,,,,,,,,,,,,0.027491694020158955,0.3581065191371524,0.6356729190175303,0.006220561808942678,,,,,,,,,,,,,,,True,temporal_v1,False,0.0004911126438913,0.13569937369519833,3.249220457314693,0.8986327036072272,80.15885499485506,1405.760787873946,0.009844954850742792,0.017475725386531225,0.0001710137818849386,0.0,0.0,0.07701741619416559,0.0768512544734839,0.014606746310172797,0.012038165547673063,0.3179907365714779,98.07361481286054,0.01456145174197289,1.0861833813997106,-0.0006279225199555987,1366.6666666666667,0.007043736962614852,True,0.04014977626502514,0.07701741619416559,True,True,True,True,True,1,20
265,2026-08-08T15:31:59.613826,shadow,silero,webrtc,False,0.014821904711425304,True,True,True,1,True,True,False,1,0.0,,,,,,,,,,,,,0.014011022860903768,0.3159464064975247,0.6787088940682691,0.005344699362833875,,,,,,,,,,,,,,,True,temporal_v1,False,0.0003512982168325083,0.12526096033402923,3.0120790588626765,0.9102619499029957,77.2871705673054,1291.554080252587,0.004426732324257213,0.009509405830689231,7.488470495732323e-05,0.0,0.0,0.09339286683316642,0.09229464792361507,0.012520098428557641,0.013979681872887853,0.3012088034604907,99.61210552086597,0.014046565805868333,1.4109215426439121,-0.0008419316585980571,1200.0,0.0036878687496430546,True,0.032086726278066635,0.09339286683316642,True,True,True,True,True,2,20
266,2026-08-08T15:31:59.628020,shadow,silero,webrtc,False,0.014020946808159351,True,True,True,1,True,True,False,1,0.0,,,,,,,,,,,,,0.008233872741512526,0.3143655253946277,0.6714994247529297,0.014135049730993152,,,,,,,,,,,,,,,True,temporal_v1,False,0.00027119755855513486,0.12943632567849686,2.9850641711725685,0.906987983945579,74.99963824195704,1507.3107260411196,0.002588445730418089,0.005529040809414489,0.00011638620067994848,0.0,0.0,0.10355805733777165,0.10413328459104593,0.005756176222787471,0.011588049341442936,0.20761263525791127,62.42264129248962,0.012619835764475722,0.9848138783860781,-0.0005861746414898224,1133.3333333333335,0.016652696978241684,True,0.025318145751953125,0.10355805733777165,True,True,True,True,True,3,20
267,2026-08-08T15:31:59.638466,shadow,silero,webrtc,False,0.01155824214220047,True,True,True,1,True,True,False,1,0.0,,,,,,,,,,,,,0.008220335692804557,0.3151439208431077,0.6672973464413776,0.017558732593865013,,,,,,,,,,,,,,,True,temporal_v1,False,0.00027053394925992787,0.12108559498956159,2.885109013233274,0.9131416417569793,75.00743032021074,1457.4597479743104,0.0025905888208769723,0.005485408194665825,0.0001443386762617593,0.0,0.0,0.10958556185732606,0.1120468918293895,0.004687117339527683,0.013005777141688952,0.20290069940860656,59.6067093429901,0.00536529336557313,1.1139120822430515,-0.0006597791587932632,1100.0,0.01218455199451704,True,0.021251749247312546,0.10958556185732606,True,True,True,True,True,4,20
268,2026-08-08T15:31:59.647149,shadow,silero,webrtc,False,0.009472769685089588,True,True,True,1,True,True,False,1,0.0,,,,,,,,,,,,,0.0027637177456823836,0.49372857501514145,0.46358966141084323,0.042681763212183865,,,,,,,,,,,,,,,True,temporal_v1,False,0.0001623170054755731,0.12317327766179541,3.601590187165106,0.8920431345525511,70.36052741484535,1568.5193184823484,0.0013645264243198224,0.0012812309739560351,0.00011796034640652609,0.0,0.0,0.135612508250667,0.14472521790022166,0.01160297194710119,0.014049654579032348,0.29690436513013585,73.75681182472782,0.011258251737342581,1.121858855014858,-0.000664518071167578,1600.0,0.02305216096506747,True,0.01861563604325056,0.135612508250667,True,True,True,True,True,5,20
269,2026-08-08T15:31:59.656213,shadow,silero,webrtc,False,0.008060874417424202,True,True,True,1,True,True,False,1,0.0,,,,,,,,,,,,,0.004400566112422919,0.7330339295694297,0.22343173883526132,0.04353433136806554,,,,,,,,,,,,,,,True,temporal_v1,False,0.00020744700558038593,0.11899791231732777,3.7256965555073145,0.920218440053105,72.69209232576625,1463.1428853155135,0.003225764269719441,0.0009832261383581789,0.0001915757033452993,0.0,0.0,0.19026283146087944,0.2036747424333399,0.015052359794252802,0.01505594132117143,0.3799580801900133,71.75285158280639,0.00625523518413312,1.397929600806985,-0.0008400692217755034,1300.0,0.015958481396314207,True,0.016077293548732996,0.19026283146087944,True,True,True,True,True,6,20
270,2026-08-08T15:31:59.662675,shadow,silero,webrtc,False,0.007399784401059151,True,True,True,1,True,True,False,1,0.0,,,,,,,,,,,,,0.005745324419602516,0.7193662132253545,0.22681420248411896,0.05381958411647178,,,,,,,,,,,,,,,True,temporal_v1,False,0.00023500851326380828,0.09394572025052192,3.8902801243874268,0.9082560100630226,73.74176293152738,1529.1698210410461,0.00413299227148062,0.0013031211762446783,0.00030921097087721703,0.0,0.0,0.21661843608550804,0.2338677318793987,0.018665268545742058,0.01769611259104872,0.4489563425736855,72.12478857268977,0.0024448311084768726,1.259616429367083,-0.0007509261259670268,1466.6666666666667,0.025762922817775567,True,0.014421425759792328,0.21661843608550804,True,True,True,True,True,7,20
271,2026-08-08T15:31:59.675589,shadow,silero,webrtc,False,0.00593775836750865,True,True,False,1,True,True,False,1,0.0,,,,,,,,,,,,,0.007462226196170727,0.6889807601301089,0.2566360560431553,0.05438318369272747,,,,,,,,,,,,,,,True,temporal_v1,False,0.0002658772765423895,0.1732776617954071,3.862440663940086,0.9027269281249859,74.80474146930008,1511.805710584994,0.0051413302769005185,0.0019150763002871724,0.0004058196179830356,0.0,0.0,0.21781041835163029,0.23690674554475813,0.020445854052928293,0.021253388881209877,0.4662168036992799,73.74706357830908,0.001967558041031828,1.5026754967919662,-0.000898440566671186,1800.0000000000002,0.013624717373477539,True,0.01278959447517991,0.21781041835163029,True,True,True,True,True,8,20
272,2026-08-08T15:31:59.683029,shadow,silero,webrtc,False,0.00593775836750865,True,True,False,1,True,True,False,1,0.0,,,,,,,,,,,,,0.009466892202713484,0.6813082659362644,0.2717044602914716,0.04698727366663273,,,,,,,,,,,,,,,True,temporal_v1,False,0.0002997193537713219,0.11899791231732777,3.963410352163572,0.9072922191798377,75.88050792231543,1513.1716319670682,0.006449871910436266,0.002572196836575808,0.00044482345470141005,0.0,0.0,0.2007796147242018,0.21959275712365497,0.020036059576872364,0.019998212968397572,0.4424860043971028,74.35146098835294,0.000846733655594286,1.2130486116409054,-0.0007219368871044551,1566.6666666666667,0.02887095676266905,True,0.010515505913645029,0.2007796147242018,True,True,True,True,True,9,20
273,2026-08-08T15:31:59.696942,shadow,silero,webrtc,False,0.004899157676845789,True,True,False,1,True,True,False,1,0.0,,,,,,,,,,,,,0.005906521302178018,0.7241415544693368,0.22743390239196512,0.04842454296939366,,,,,,,,,,,,,,,True,temporal_v1,False,0.00023794141461852742,0.0918580375782881,3.782557902825177,0.9116616978276634,73.8677096970219,1501.017765577492,0.004277157517265442,0.0013433431893156182,0.0002860205945969584,0.0,0.0,0.18223363328631123,0.19999156816659608,0.018984949477738756,0.021412745561516632,0.3979391195552486,74.2344129829322,0.0009759860767404509,1.43960942774203,-0.0008577976784252699,1500.0,0.014782735453957268,True,0.008766822051256895,0.18223363328631123,True,True,True,True,True,10,20
274,2026-08-08T15:31:59.708648,shadow,silero,webrtc,False,0.004077752586454153,True,True,False,1,True,True,False,1,0.0,,,,,,,,,,,,,0.005448918446446275,0.6961170953702798,0.25378128217042667,0.05010162227577084,,,,,,,,,,,,,,,True,temporal_v1,False,0.00023048363034709093,0.13569937369519833,3.8578439539869525,0.9101399957628042,73.57873729283676,1517.9782329480036,0.0037930852818497188,0.001382833509781225,0.00027299965381533136,0.0,0.0,0.17768811395783088,0.19387480332254134,0.01720447451805601,0.021412745561516636,0.40210131300553276,71.36222605532922,0.0009357825952050467,1.2590677729742743,-0.0007464494638921251,1500.0,0.023837304303817364,True,0.007730329409241676,0.17768811395783088,True,True,True,True,True,11,20
275,2026-08-08T15:31:59.718990,shadow,silero,webrtc,False,0.0034264337737113237,True,True,False,1,True,True,False,1,0.0,,,,,,,,,,,,,0.007738836114258209,0.7457399969394434,0.20838616428319842,0.04587383864813976,,,,,,,,,,,,,,,True,temporal_v1,False,0.00027231525799479645,0.11691022964509394,3.8075450907084507,0.9163358624220793,75.08036257269653,1482.6771954480437,0.0057711596201617706,0.00161266637386656,0.00035501011922987793,0.0,0.0,0.16282985375027087,0.17528027876449143,0.013475389821041173,0.02147778062565626,0.3633231302290244,30.71075236798103,0.0010721116846436364,1.4736710275146423,-0.0008798715270670214,1333.3333333333335,0.014498762081206441,True,0.0066687713842839,0.16282985375027087,True,True,True,True,True,12,20
276,2026-08-08T15:31:59.742266,shadow,silero,webrtc,False,0.003172254655510187,True,True,False,1,True,True,False,1,0.0,,,,,,,,,,,,,0.011095275861494376,0.7522694302146501,0.198890226286472,0.04884034340874949,,,,,,,,,,,,,,,True,temporal_v1,False,0.00032330735861005165,0.08768267223382047,3.787514392211183,0.9153012346985211,76.58356625046278,1490.157782019837,0.008346636850400735,0.002206741926803447,0.0005418970832901941,0.0,0.0,0.13332516785188903,0.1419812390181049,0.009915158083245999,0.02364156604073831,0.29234169315302405,31.023800506866305,0.0007960521399478655,1.530305803111934,-0.0009061391170314234,1366.6666666666667,0.012159770220490645,True,0.00593775836750865,0.13332516785188903,True,True,True,True,True,13,20
277,2026-08-08T15:31:59.759902,shadow,silero,webrtc,False,0.002683062106370926,True,True,False,1,True,True,False,1,0.0,,,,,,,,,,,,,0.007850353077312595,0.7486676270118783,0.19996446988010433,0.051367902980634685,,,,,,,,,,,,,,,True,temporal_v1,False,0.0002706705303732154,0.0918580375782881,3.793845913748044,0.9107780843803165,75.00064276719291,1525.4502324463717,0.005877305209597016,0.0015697916914764586,0.0004032561752391203,0.0,0.0,0.07228274722031587,0.07392989008561518,0.003760496311353501,0.02487410606865383,0.09328005309257666,27.428522065345135,0.0013875331907933933,1.4261945641739708,-0.0008464651041173495,1366.6666666666667,0.016620596753123107,True,0.005418458022177219,0.07228274722031587,True,True,True,True,True,14,20
278,2026-08-08T15:31:59.771279,shadow,silero,webrtc,False,0.0025753104127943516,True,True,False,1,False,True,False,0,0.0,,,,,,,,,,,,,0.009692252957012603,0.7591252773523748,0.19362144527550612,0.047253277268943905,,,,,,,,,,,,,,,True,temporal_v1,False,0.00030249089707716807,0.0918580375782881,3.747098471423292,0.9169378994243695,76.00727424234618,1482.4332806160924,0.007357634214161567,0.0018766280255125781,0.000457990716338458,0.0,0.0,0.02652527127139422,0.025651399217300683,0.003257275440726775,0.025637729235116702,0.06797802063627295,20.42249275404728,0.0015640106470720648,1.6816099216230709,-0.0010015687875883168,1366.6666666666667,0.008563353469954755,True,0.004488455131649971,0.02652527127139422,False,True,False,False,False,0,20
279,2026-08-08T15:31:59.782901,shadow,silero,webrtc,False,0.0023972131311893463,True,True,False,1,False,True,False,0,0.0,,,,,,,,,,,,,0.012685411067519475,0.726910971128201,0.21768547803914143,0.05540355075382676,,,,,,,,,,,,,,,True,temporal_v1,False,0.00034473727011510635,0.11482254697286012,3.908859045427279,0.9080826264628984,77.1117222520146,1506.6062142997068,0.00922116447825101,0.0027614297723559922,0.0007028168159124709,0.0,0.0,0.026400243045995343,0.025768079517830816,0.003189854051223322,0.02555599886818768,0.0641795276404666,15.872165590132463,0.0011093227825601246,1.7691202282258522,-0.001063763802474802,1466.6666666666667,0.007782399276280897,True,0.0037520931800827384,0.026400243045995343,False,True,False,False,False,0,20
280,2026-08-08T15:31:59.791436,shadow,silero,webrtc,False,0.0021808354649692774,True,True,False,1,False,True,False,0,0.0,,,,,,,,,,,,,0.01222694030518707,0.7365398521935519,0.20943374400300005,0.054026403721661384,,,,,,,,,,,,,,,True,temporal_v1,False,0.0003396150224387505,0.09394572025052192,3.851271952135424,0.9107418394564061,76.99325570226424,1503.0209783423509,0.009005628805161868,0.002560733885816512,0.0006605776132086903,0.0,0.0,0.02658380553246611,0.026202752743239004,0.0032135426241514595,0.02555599886818768,0.06216736307241329,13.875737841892366,0.000654630343702762,1.6252989904865895,-0.0009781428611062909,1466.6666666666667,0.01117878128815363,True,0.0032993442146107554,0.02658380553246611,False,True,False,False,False,0,20
281,2026-08-08T15:31:59.802372,shadow,silero,webrtc,False,0.0019323915475979447,True,True,False,1,False,True,False,0,0.0,,,,,,,,,,,,,0.018504163873392532,0.7330028217174722,0.2154578130181031,0.05153936521038293,,,,,,,,,,,,,,,True,temporal_v1,False,0.0004202575052675571,0.1022964509394572,3.8622032106774102,0.913406116203362,78.86965898925324,1492.2430820326376,0.013563604332719236,0.003986866679889746,0.0009536928597835518,0.0,0.0,0.02356599655209632,0.023840830582086952,0.002951799316828742,0.015240083507306887,0.062157395063533905,13.936141509232382,0.0003947788985349447,1.5545505899117729,-0.0009312505649663405,1433.3333333333335,0.012348686994991769,True,0.0029276583809405565,0.02356599655209632,False,True,False,False,False,0,20
282,2026-08-08T15:31:59.812223,shadow,silero,webrtc,False,0.002093494636937976,True,True,False,1,False,True,False,0,0.0,,,,,,,,,,,,,0.0176858152780717,0.7439787981389587,0.20581664349601803,0.05020455830848093,,,,,,,,,,,,,,,False,temporal_v1,False,0.0004070179622246824,0.10438413361169102,3.8255375482498244,0.9136632929160639,78.59120726538772,1497.9710923279008,0.013157871594687419,0.003640035138023312,0.0008879085443609736,0.0,0.0,0.01713886713331791,0.01652140514147925,0.0027781010695761632,0.014469915199301422,0.045464145033212576,13.39604558940381,0.0002519855079080501,1.549878586838506,-0.0009235651201347526,1366.6666666666667,0.012352572119042466,True,0.0026291862595826387,0.01713886713331791,False,True,False,False,False,0,20
283,2026-08-08T15:31:59.822504,shadow,silero,webrtc,False,0.001950911246240139,True,True,False,1,False,True,False,0,0.0,,,,,,,,,,,,,0.028926766824099583,0.7413597577965076,0.20798712087562762,0.05065312129329479,,,,,,,,,,,,,,,False,temporal_v1,False,0.0005175211126787811,0.09394572025052192,3.8603186020677067,0.9128674142778864,80.68376807484876,1501.162871965543,0.02144514084655052,0.006016394947985095,0.0014652310285639717,0.0,0.0,0.01665384119654257,0.015844161415873068,0.0027069055055706716,0.014320042287801683,0.044622107130202114,13.397266821294606,0.00021602835697421484,1.4788401474061905,-0.0008787347235911319,1400.0,0.014459686561229503,True,0.002486261771991849,0.01665384119654257,False,True,False,False,False,0,20
284,2026-08-08T15:31:59.831825,shadow,silero,webrtc,False,0.0019667719025164843,True,True,False,1,False,True,False,0,0.0,,,,,,,,,,,,,0.03415868212000327,0.7284879937501597,0.21884567885475859,0.05266632736580672,,,,,,,,,,,,,,,False,temporal_v1,False,0.0005658337685076581,0.081419624217119,3.9033527369782823,0.9101843158559177,81.4488742061066,1496.8391801753357,0.024884189806750633,0.0074754799773360196,0.0017990123349166207,0.0,0.0,0.009904481696695768,0.007917063611147041,0.0027751480002105667,0.010906019111990793,0.049285907457392385,11.982033531514663,0.00014807947048889222,1.7745051260203177,-0.00107033481803796,1433.3333333333335,0.007962851058396806,True,0.002289024298079312,0.009904481696695768,False,True,False,False,False,0,20
285,2026-08-08T15:31:59.839137,shadow,silero,webrtc,False,0.0018120730528607965,True,True,False,1,False,True,False,0,0.0,,,,,,,,,,,,,0.041102857833570795,0.7356768402425315,0.2128010357403091,0.05152212399283001,,,,,,,,,,,,,,,False,temporal_v1,False,0.0006186948755703428,0.08977035490605428,3.883119745796112,0.9113576124510049,82.23244095535848,1492.4105650926463,0.03023842057593935,0.008746730718870542,0.0021177065377608988,0.0,0.0,0.009944703144329797,0.008069722285946263,0.002242143430316045,0.00906160100802117,0.05031766017678364,11.070096491138049,0.00010139023413960457,2.106695855706628,-0.0012935504004205132,1433.3333333333335,0.003983314271507323,True,0.0021371650509536266,0.009944703144329797,False,True,False,False,False,0,20
286,2026-08-08T15:31:59.847678,shadow,silero,webrtc,False,0.0017520856345072389,True,True,False,1,False,True,False,0,0.0,,,,,,,,,,,,,0.046876642824539176,0.7298890922617106,0.2178991572354645,0.052211750481492264,,,,,,,,,,,,,,,False,temporal_v1,False,0.0006635703992991914,0.10647181628392484,3.910853925936661,0.9103206742706674,82.83719554453194,1499.0379238753244,0.03421475027947933,0.01021438096549497,0.0024475115785648743,0.0,0.0,0.00957871544645515,0.007925659458964724,0.0020879462766288425,0.009254346663591439,0.05049018029293507,10.688446673865158,0.00011649848488994851,1.6026662897407038,-0.0009626256330863472,1433.3333333333335,0.011953049946302861,True,0.00203013326972723,0.00957871544645515,False,True,False,False,False,0,20
287,2026-08-08T15:31:59.858873,shadow,silero,webrtc,False,0.0016879434697329998,True,True,False,1,False,True,False,0,0.0,,,,,,,,,,,,,0.05404948366835078,0.7367091286209546,0.21013447784873682,0.053156393511807024,,,,,,,,,,,,,,,False,temporal_v1,False,0.0007114834974596013,0.14822546972860126,3.884575336377785,0.9114345058927136,83.44934681970233,1491.6867568996174,0.03981874801572322,0.011357660028642719,0.002873075622984841,0.0,0.0,0.008943091642202973,0.007198023978103699,0.0021293274531650986,0.01768502595786837,0.04676376163524891,6.563184094231654,0.00012877045203762847,1.8159667341730408,-0.0010929924432422351,1433.3333333333335,0.0069232510466619365,True,0.0019588415743783116,0.008943091642202973,False,True,False,False,False,0,20
288,2026-08-08T15:31:59.863366,shadow,silero,webrtc,False,0.0016879434697329998,True,True,False,1,False,True,False,0,0.0,,,,,,,,,,,,,0.05493589271155133,0.7326031257982633,0.2151947409283678,0.05220213325516594,,,,,,,,,,,,,,,False,temporal_v1,False,0.0007199606793274877,0.11899791231732777,3.909449092276517,0.9105327686800047,83.54812724958092,1496.9321745764548,0.04024620671900053,0.011821915199730897,0.002867770791819902,0.0,0.0,0.005178467968290864,0.004341957709749655,0.0014747848168869735,0.017892061679386916,0.02779135943987268,4.654581065685013,0.00012335618473615533,1.6369033518141596,-0.0009853933882905913,1433.3333333333335,0.011172409924982935,True,0.0019416513969190419,0.005178467968290864,False,True,False,False,False,0,20
289,2026-08-08T15:31:59.879553,shadow,silero,webrtc,False,0.0015837544342502952,True,True,False,1,False,True,False,0,0.0,,,,,,,,,,,,,0.05653576292854305,0.7337046474374315,0.21248887805882474,0.05380647448605593,,,,,,,,,,,,,,,False,temporal_v1,False,0.0007262733146822834,0.10855949895615867,3.8934324777830267,0.9095505499766902,83.61942040817334,1501.613933550409,0.041480552007092886,0.01201322083488581,0.0030419900855643586,0.0,0.0,0.004542839739172858,0.004067410911272837,0.0011966355259756206,0.01766036407729153,0.02654424626585889,3.886728937484074,0.00014517435116193108,1.6509694897123839,-0.0009863507067485507,1433.3333333333335,0.010458392424119226,True,0.0018722323002293706,0.004542839739172858,False,True,False,False,False,0,20
290,2026-08-08T15:31:59.890189,shadow,silero,webrtc,False,0.0016507264226675034,True,True,False,1,False,True,False,0,0.0,,,,,,,,,,,,,0.06136996485258872,0.7371680899047272,0.21157252282889538,0.05125938725008289,,,,,,,,,,,,,,,False,temporal_v1,False,0.0007583626235648924,0.10855949895615867,3.896479695567362,0.9106138041776323,84.00070961430119,1494.5074219715432,0.04523997976790307,0.012984198289782834,0.0031457867939028213,0.0,0.0,0.004565289240215068,0.003949506910473275,0.0010533968563017151,0.01730259509394027,0.025360410259511686,3.4459945181891554,0.00011848830385880523,1.856522718597158,-0.0011192566161002965,1433.3333333333335,0.006653909463070823,True,0.0017820793436840177,0.004565289240215068,False,True,False,False,False,0,20
291,2026-08-08T15:31:59.900646,shadow,silero,webrtc,False,0.0015310628805309534,True,True,False,1,False,True,False,0,0.0,,,,,,,,,,,,,0.06681882371478198,0.7370678863528647,0.20870860854754122,0.05422350508462819,,,,,,,,,,,,,,,False,temporal_v1,False,0.000794398771891557,0.12317327766179541,3.8900772584827377,0.9113480535750113,84.40810643869837,1493.9142897291783,0.04925000916403903,0.013945663722295597,0.0036231508274473558,0.0,0.0,0.004527204463695611,0.004017135144841876,0.0012460187461428704,0.0179455725869241,0.024444153946028675,3.2746436232414076,7.418496523607704e-05,1.6970369206258513,-0.001022543058657127,1400.0,0.009390704834322937,True,0.0017200145521201193,0.004527204463695611,False,True,False,False,False,0,20
292,2026-08-08T15:31:59.911429,shadow,silero,webrtc,False,0.0014953698264434934,True,True,False,1,False,True,False,0,0.0,,,,,,,,,,,,,0.05610247592524057,0.7267930702083525,0.22082814104385626,0.0523787887299668,,,,,,,,,,,,,,,False,temporal_v1,False,0.0007270370357256488,0.1440501043841336,3.9397586662219783,0.9091797557911857,83.62679437084282,1494.2345124200651,0.040774890723995774,0.012389005466528574,0.0029385797337162243,0.0,0.0,0.004301125777431887,0.004173625445221824,0.0010556538537766884,0.020788959139047353,0.019921977773442855,3.310729467115512,0.00010099383684405186,1.9206825435986765,-0.0011692598315345506,1433.3333333333335,0.006161098404547793,True,0.0016879434697329998,0.004301125777431887,False,True,False,False,False,0,20
293,2026-08-08T15:31:59.925422,shadow,silero,webrtc,False,0.0014734194846823812,True,True,False,1,False,True,False,0,0.0,,,,,,,,,,,,,0.07122065057248633,0.7376331505045267,0.20710377444856132,0.055263075032871076,,,,,,,,,,,,,,,False,temporal_v1,False,0.0008155830283753608,0.1127348643006263,3.8945581922206975,0.9096794621214104,84.62910575488316,1500.078677705434,0.05253471286276512,0.014750065552244009,0.0039358721564772044,0.0,0.0,0.0037714595254339264,0.004299899180774878,0.0011870439075289873,0.019872502110918185,0.015818809440380024,3.1619524973663253,0.0001014360911100688,1.7720563532168379,-0.001061798438567224,1433.3333333333335,0.007881577866768004,True,0.0016693349462002516,0.0037714595254339264,False,True,False,False,False,0,20
294,2026-08-08T15:31:59.937892,shadow,silero,webrtc,False,0.001310361665673554,True,True,False,1,False,True,False,0,0.0,,,,,,,,,,,,,0.06530621914402737,0.740413815379625,0.20856021929879173,0.05102596530627083,,,,,,,,,,,,,,,False,temporal_v1,False,0.0007820571206266357,0.10855949895615867,3.874296121618289,0.9123323697293675,84.27657184873603,1492.3999436102617,0.048353626884447214,0.0136202793862533,0.0033323128723268605,0.0,0.0,0.0038593885337803247,0.004139135015539952,0.0013106235505520147,0.016831435800205737,0.0176075056339371,3.3373578163912727,5.864319470670723e-05,1.6750469847894298,-0.0010000030100274103,1400.0,0.009553140720073744,True,0.0016172404284588993,0.0038593885337803247,False,True,False,False,False,0,20
295,2026-08-08T15:31:59.950439,shadow,silero,webrtc,False,0.0013176981592550874,True,True,False,1,False,True,False,0,0.0,,,,,,,,,,,,,0.06975708209048086,0.7313200818273966,0.21490070034644507,0.05377921781182276,,,,,,,,,,,,,,,False,temporal_v1,False,0.0008093607758015755,0.08559498956158663,3.8909867794512802,0.9109295376513916,84.56844209888716,1498.9045250527852,0.05101475498245088,0.014990845795368796,0.0037514813116611705,0.0,0.0,0.003976108415806929,0.0042004027581320335,0.0012815156566850755,0.01753653444676409,0.01710896139100692,3.268787816015803,9.113977385329206e-05,1.6516480551988266,-0.0009873950642067535,1433.3333333333335,0.010135718769457552,True,0.0015574086573906243,0.003976108415806929,False,True,False,False,False,0,20
296,2026-08-08T15:31:59.958154,shadow,silero,webrtc,False,0.001562681165523827,True,True,True,1,False,True,False,0,0.0,,,,,,,,,,,,,0.12954234672804887,0.4729776015350467,0.47098850172209283,0.05603389673514089,,,,,,,,,,,,,,,False,temporal_v1,False,0.0010775543127751485,0.1544885177453027,4.008848467345697,0.8549449239757794,86.78189071711307,1642.2325810674433,0.061270628452653964,0.061012955795007595,0.007258762479387307,0.0,0.0,0.07864045065860614,0.07774131998983332,0.0015516159769228715,0.02046461521601,0.03741854201067538,43.97308052587106,0.002814778089553536,1.1396271852825977,-0.0006758952477051492,1866.6666666666667,0.027898378237286883,True,0.0015468720230273902,0.07864045065860614,False,True,True,False,False,0,20
297,2026-08-08T15:31:59.967116,shadow,silero,webrtc,False,0.010387981310486794,True,True,True,1,False,True,False,0,0.0,,,,,,,,,,,,,1.1256003448064693,0.0703048811765258,0.8323849685435813,0.09731015027900435,,,,,,,,,,,,,,,False,temporal_v1,False,0.003144071473574297,0.18997912317327767,3.5281502851961744,0.8054776267908501,95.82757199478584,1758.7186930479536,0.07913519849387529,0.9369328076043772,0.10953233870721664,0.0,0.0,0.2059408501183198,0.19343597342687427,0.013284783299617261,0.028294840078688557,0.12050319167699111,85.66441925464913,0.009698313004806555,1.4202216063297997,-0.0008455910740591843,1933.3333333333335,0.009262915285100896,True,0.0015468720230273902,0.2059408501183198,False,True,True,False,False,0,20
298,2026-08-08T15:31:59.980831,shadow,silero,webrtc,False,0.010252655483782291,True,True,True,1,False,True,False,0,0.0,,,,,,,,,,,,,3.205682760428181,0.07537271273934337,0.8703734973829431,0.05425378987740155,,,,,,,,,,,,,,,False,temporal_v1,False,0.005287355525169586,0.17536534446764093,3.2416056953755263,0.81525741109327,100.39543641850128,1820.0202033845,0.24162100583521856,2.790141315694083,0.1739204388978791,0.0,0.0,0.26339645364562697,0.2547596841086695,0.013213506771463369,0.03183698962957537,0.22302681800702662,118.83257475221433,0.009113663577142541,0.9959849338017022,-0.0005797528433900052,1800.0000000000002,0.016622086722482016,True,0.0015468720230273902,0.26339645364562697,False,True,True,False,False,0,20
299,2026-08-08T15:31:59.992639,shadow,silero,webrtc,False,0.007503351662307978,True,True,True,1,False,True,False,0,0.0,,,,,,,,,,,,,4.8130917499655546,0.07505781845382756,0.903041887574633,0.02190029397133178,,,,,,,,,,,,,,,True,temporal_v1,False,0.0064791152529163195,0.16075156576200417,3.0910563624008316,0.8657734901647098,102.42188576113746,1682.5977293450599,0.3612601667705298,4.346423458958788,0.10540812423523736,0.0,0.0,0.2961132730339263,0.2943595797861211,0.017104157364399845,0.03199062911679867,0.3059802220862975,120.85531073449705,0.012989424575823619,0.9784847768890159,-0.0005689502637252938,1500.0,0.012737472948169518,True,0.0015468720230273902,0.2961132730339263,False,True,True,False,False,0,20
300,2026-08-08T15:32:00.001070,shadow,silero,webrtc,False,0.007328832987695932,True,True,True,1,False,True,False,0,0.0,,,,,,,,,,,,,1.9376246726782764,0.3232406157408532,0.6635193656094691,0.013240018649161524,,,,,,,,,,,,,,,True,temporal_v1,False,0.004111324416083957,0.13778705636743216,2.857070649721246,0.899680428661376,98.63744234808699,1396.5131555177284,0.6263189922711953,1.2856514936047452,0.025654186801335875,0.0,0.0,0.29039817671013024,0.2912885570572099,0.021192739277681182,0.030626383071881636,0.3941201942420269,131.52157770606468,0.013292849956589145,1.5724924490010501,-0.0009393596232180988,1333.3333333333335,0.0024767697341355507,True,0.0015468720230273902,0.29039817671013024,False,True,True,False,False,0,20
301,2026-08-08T15:32:00.008523,shadow,silero,webrtc,False,0.006619840860366821,True,True,True,1,False,True,False,0,0.0,,,,,,,,,,,,,1.8381044911698483,0.6287727070144999,0.36234064273933986,0.008886650245616216,,,,,,,,,,,,,,,True,temporal_v1,False,0.004002836863088211,0.1336116910229645,2.790881942921682,0.9198459940124937,98.5011344438391,1303.9254057898831,1.1557499366883754,0.66601996275255,0.0163345917279228,0.0,0.0,0.2821008837291172,0.28042148139681794,0.024583654447004943,0.03023610353274601,0.452834019523772,154.0783883649781,0.014972087906796449,1.402241040167231,-0.0008390388011670583,1166.6666666666667,0.00362210394744243,True,0.004091261012945324,0.2821008837291172,False,True,True,False,False,0,20
302,2026-08-08T15:32:00.016143,shadow,silero,webrtc,False,0.007422345224767923,True,True,True,1,True,True,False,1,0.0,,,,,,,,,,,,,2.907607494161621,0.19391091866182145,0.7845459588566414,0.021543122481193226,,,,,,,,,,,,,,,True,temporal_v1,False,0.005032830074578802,0.1524008350730689,3.0038705090085434,0.8864078238393895,100.32993066679194,1639.0993650616856,0.5638168403008765,2.281151709485785,0.06263894437395912,0.0,0.0,0.2766056989920653,0.2761874857786397,0.025555896308871628,0.030442966402602394,0.45140827390945215,154.12174001561772,0.012441169529516474,0.9066622276079982,-0.0005247744263251124,1400.0,0.015427955355632132,True,0.006974336924031377,0.2766056989920653,True,True,True,True,True,1,20
303,2026-08-08T15:32:00.027915,shadow,silero,webrtc,False,0.005583442747592926,True,True,True,1,True,True,False,1,0.0,,,,,,,,,,,,,3.8926183677586197,0.04992774428448901,0.9089802769003982,0.04109197881485582,,,,,,,,,,,,,,,True,temporal_v1,False,0.005825128185245436,0.1732776617954071,3.2047746650343725,0.8430333837188209,101.38211135432728,1797.975209019035,0.19434965446255736,3.538313321792806,0.15995539150225585,0.0,0.0,0.27075963497194877,0.2687616473337509,0.025245565838407497,0.030213752613198395,0.4252827638595581,165.4356886536441,0.014983965045994951,0.9457467879125393,-0.0005514247843173114,1700.0000000000002,0.020800110628553515,True,0.006974336924031377,0.27075963497194877,True,True,True,True,True,2,20
304,2026-08-08T15:32:00.032651,shadow,silero,webrtc,False,0.005583442747592926,True,True,True,1,True,True,False,1,0.0,,,,,,,,,,,,,3.30158288749041,0.05090559660488892,0.8319731120260473,0.11712129136876089,,,,,,,,,,,,,,,True,temporal_v1,False,0.005361559838208655,0.21920668058455114,3.7890057984744705,0.7584857642924375,100.2035257286139,1878.1233624554295,0.16806904662819117,2.7468281895173394,0.38668565134387917,0.0,0.0,0.24565688382550716,0.23593759871926304,0.03392731320453248,0.03405931275078599,0.4154060941265297,179.46804103852256,0.010222424995367428,1.4296104677580295,-0.0008297214212151028,2400.0,0.007345792541236252,True,0.006974336924031377,0.24565688382550716,True,True,True,True,True,3,20
305,2026-08-08T15:32:00.044933,shadow,silero,webrtc,False,0.0034259683452546597,True,True,True,1,True,True,False,1,0.0,,,,,,,,,,,,,3.8509951212644116,0.057038516630695583,0.8570433674275527,0.08591811594149204,,,,,,,,,,,,,,,True,temporal_v1,False,0.00578487777048441,0.22964509394572025,3.7916698454540514,0.7753354553993083,100.95885907388221,1861.9313403852498,0.2196550492689677,3.300469826675528,0.3308702453189159,0.0,0.0,0.19665697372347438,0.18025789059632769,0.03574709654469301,0.03056940635527098,0.40313511783364137,183.55915059348555,0.005355380965522685,1.3034749698664307,-0.0007530350935578088,2233.3333333333335,0.008965907415735965,True,0.006974336924031377,0.19665697372347438,True,True,True,True,True,4,20
306,2026-08-08T15:32:00.055439,shadow,silero,webrtc,False,0.0036530750803649426,True,True,True,1,True,True,False,1,0.0,,,,,,,,,,,,,3.7562303417359004,0.043034987734254244,0.8663080773731507,0.09065693489232869,,,,,,,,,,,,,,,True,temporal_v1,False,0.005716880524607545,0.23173277661795408,3.5844963800949006,0.7544670378827831,100.73780506533011,1903.3619749937197,0.1616493266836381,3.254052685519921,0.3405283295313411,0.0,0.0,0.17837086209727382,0.15689240866988324,0.03762374404408163,0.034509337738511676,0.3480938722530283,194.82558609344798,0.0082316800256802,1.254370075751808,-0.0007262688917684402,2266.666666666667,0.008800943079202017,True,0.006974336924031377,0.17837086209727382,True,True,True,True,True,5,20
307,2026-08-08T15:32:00.064169,shadow,silero,webrtc,False,0.0031557234469801188,True,True,True,1,True,True,False,1,0.0,,,,,,,,,,,,,2.771821732010529,0.038213040894276754,0.8195922955825705,0.1421946635227919,,,,,,,,,,,,,,,True,temporal_v1,False,0.00491055203859684,0.2359081419624217,3.570546239293904,0.7376956791739842,99.31973329562544,1944.395337157486,0.10591973719696338,2.271763736284166,0.39413825852839945,0.0,0.0,0.18017695045508064,0.15657754284957032,0.04444041293538569,0.038327033794949214,0.3512338282061972,207.56544176486452,0.0049934307111569,1.6691652811367748,-0.0009762219286153244,2466.666666666667,0.0030436802448821575,True,0.006101641803979874,0.18017695045508064,True,True,True,True,True,6,20
308,2026-08-08T15:32:00.073478,shadow,silero,webrtc,False,0.0032155518420040607,True,True,True,1,True,True,False,1,0.0,,,,,,,,,,,,,1.902105764459986,0.06320884609645996,0.7347569220717273,0.20203423183128708,,,,,,,,,,,,,,,True,temporal_v1,False,0.004069013017216792,0.2630480167014614,3.7342382743797873,0.6916190168372185,97.40713516082373,2051.364616390331,0.12022991052494057,1.397585376949509,0.38429047698453633,0.0,0.0,0.18074078482275321,0.15460996102382826,0.06148225592187547,0.04463737002317021,0.3744232854294356,228.90777074753183,0.008101622874791629,1.4625640199911305,-0.0008515720828709438,2766.666666666667,0.007021317914372049,True,0.005583442747592926,0.18074078482275321,True,True,True,True,True,7,20
309,2026-08-08T15:32:00.085446,shadow,silero,webrtc,False,0.004071923904120922,True,True,True,1,False,True,False,0,0.0,,,,,,,,,,,,,0.9723306365937701,0.08930823202267657,0.20920737663485303,0.701484391341442,,,,,,,,,,,,,,,True,temporal_v1,False,0.0029153761565470313,0.31315240083507306,3.4685032031756524,0.531689790074466,93.37087736243085,2380.705585565684,0.08683713009567323,0.20341874170347926,0.6820747647936176,0.0,0.0,0.18018122210552875,0.2218433393781519,0.1954522995367084,0.055474643120132006,0.36618193229235624,295.66586386160344,0.011372534578980421,1.1050892745512522,-0.0006328237504310962,3000.0,0.013324553248152404,True,0.004827683325856924,0.18018122210552875,False,True,True,False,False,0,20
310,2026-08-08T15:32:00.094802,shadow,silero,webrtc,False,0.00854799896478653,True,True,True,1,False,True,False,0,0.0,,,,,,,,,,,,,0.2246230861704947,0.14239888001303172,0.11649949858458916,0.7411016213979271,,,,,,,,,,,,,,,True,temporal_v1,False,0.0014166269696735483,0.30062630480167013,3.743779002653126,0.5226318857556387,87.02588270682725,2388.6108109900906,0.03198607589574916,0.026168476909385598,0.16646853336435993,0.0,0.0,0.17111000773348067,0.28382216304019064,0.2589930775880147,0.05608410973501457,0.33496618819105917,304.6617790055151,0.007401628738557432,1.1672146383607944,-0.0006803560512612582,3100.0,0.01605026258161377,True,0.004827683325856924,0.17111000773348067,False,True,True,False,False,0,20
311,2026-08-08T15:32:00.106434,shadow,silero,webrtc,False,0.01569201610982418,True,True,True,1,False,True,False,0,0.0,,,,,,,,,,,,,0.14330105489008724,0.3030625477607549,0.16533408675801717,0.5316033654742495,,,,,,,,,,,,,,,True,temporal_v1,False,0.0011564110546784388,0.29227557411273486,4.017229092539091,0.6286973158244188,86.0629505315991,2169.6213733581844,0.04342918279179363,0.023692549041713064,0.07617932305558053,0.0,0.0,0.08188338682222548,0.3087842817877848,0.26476278198064207,0.0500282128030136,0.28537017371284207,233.39938074950805,0.0053703827511312795,1.1957283501460294,-0.0007036654735520381,3033.3333333333335,0.023468725060838427,True,0.004827683325856924,0.08188338682222548,False,True,True,False,False,0,20
312,2026-08-08T15:32:00.121309,shadow,silero,webrtc,False,0.017924796789884567,True,True,True,1,False,True,False,0,0.0,,,,,,,,,,,,,0.9488249310595599,0.07402463752904272,0.059021178513789935,0.8669541839561135,,,,,,,,,,,,,,,True,temporal_v1,False,0.00288725717694863,0.33820459290187893,3.109778869951291,0.7033233854535068,94.49958713778668,2408.0921026244764,0.07023642160020287,0.056000765634400713,0.8225877438239564,0.0,0.0,0.07629586839018924,0.34671824350847597,0.304698896025353,0.04809107428923374,0.2646001528291331,227.9411283367975,0.009372799218706958,1.6261094313050588,-0.0009569766959902858,2933.3333333333335,0.002972700438568386,True,0.004827683325856924,0.07629586839018924,False,True,True,False,False,0,20
313,2026-08-08T15:32:00.133937,shadow,silero,webrtc,False,0.013259267434477806,True,True,True,1,False,True,False,0,0.0,,,,,,,,,,,,,2.0765695851272934,0.07351482869196954,0.14067665815006206,0.7858085131574867,,,,,,,,,,,,,,,True,temporal_v1,False,0.004265229757598343,0.3298538622129436,3.5050787348307857,0.6270489313540957,97.39125783545231,2415.995326439973,0.15265865731758724,0.2921248696517684,1.6317860581569374,0.0,0.0,0.07534484952968082,0.34530335902127623,0.31055691624908294,0.04257490872490356,0.23304055474592436,227.30745124341053,0.008875203019000265,0.9602786458651048,-0.0005443528730358541,3000.0,0.0186708898765697,True,0.004827683325856924,0.07534484952968082,False,True,True,False,False,0,20
314,2026-08-08T15:32:00.148858,shadow,silero,webrtc,False,0.008209560997784138,True,True,True,1,True,True,False,1,0.0,,,,,,,,,,,,,2.008384955233879,0.0857637407837124,0.3535364287397049,0.5606998304760848,,,,,,,,,,,,,,,True,temporal_v1,False,0.004191218086187748,0.325678496868476,3.902204501440228,0.5744342359010225,96.85925793901175,2292.781772739734,0.17224660669458625,0.7100372446079377,1.1261011039303552,0.0,0.0,0.07409085096607348,0.3258222479838082,0.2944630848995446,0.04046013042296665,0.24295796536000375,213.08986589705268,0.0064483253547002115,1.1244277819548203,-0.000635207911076581,3066.666666666667,0.016751248995524312,True,0.00614074245095253,0.07409085096607348,True,True,True,True,True,1,20
315,2026-08-08T15:32:00.170524,shadow,silero,webrtc,False,0.011542323976755142,True,True,True,1,True,True,False,1,0.0,,,,,,,,,,,,,1.5951818048216206,0.14907537413690358,0.6007822785029517,0.2501423473595177,,,,,,,,,,,,,,,True,temporal_v1,False,0.003732820521721215,0.24008350730688935,3.9360519467845907,0.7017219019237242,96.72082447352834,2040.9407960688623,0.2378023243701642,0.958356959327184,0.3990225211232722,0.0,0.0,0.07427673614647433,0.3004931380782645,0.2765734778446556,0.03910436401579527,0.25535256502157017,191.94651141048482,0.0069960585987373595,1.178087482580729,-0.0006842553915243658,2833.3333333333335,0.017596504689337312,True,0.008378779981285334,0.07427673614647433,True,True,True,True,True,2,20
316,2026-08-08T15:32:00.186766,shadow,silero,webrtc,False,0.0110446996986866,True,True,True,1,True,True,False,1,0.0,,,,,,,,,,,,,1.3670307075978179,0.11943843023639693,0.6973504031023149,0.18321116666055653,,,,,,,,,,,,,,,True,temporal_v1,False,0.003450413617814599,0.2150313152400835,3.8037367217998135,0.7555109007457524,96.3578743241572,1930.2692781537212,0.1632760018004343,0.9532994149965811,0.25045529079980233,0.0,0.0,0.07125872444006427,0.2780829433710068,0.2644281522984371,0.0417019512880104,0.25757212530585594,187.92152713963176,0.006331921791841908,0.9686489924774723,-0.0005385918043814431,2833.3333333333335,0.020704193758471996,True,0.009796349331736565,0.07125872444006427,True,True,True,True,True,3,20
317,2026-08-08T15:32:00.205633,shadow,silero,webrtc,False,0.007901315577328205,True,True,True,1,True,True,False,1,0.0,,,,,,,,,,,,,1.612042402323773,0.1192093624679414,0.7177273625814431,0.16306327494999512,,,,,,,,,,,,,,,True,temporal_v1,False,0.003743096110452699,0.23382045929018788,3.3046063668212406,0.7635441947807079,97.1109440987116,1907.7118965539319,0.19217054705230566,1.1570069417892952,0.262864913481172,0.0,0.0,0.06666164703702004,0.2636386170928837,0.26169175141275114,0.04195359227417276,0.2801483454804286,193.2035547380791,0.006580461813130762,1.0693641802616767,-0.0006158373776718676,2800.0,0.011099679503940092,True,0.009796349331736565,0.06666164703702004,True,True,True,True,True,4,20
318,2026-08-08T15:32:00.217832,shadow,silero,webrtc,False,0.009578452445566654,True,True,True,1,True,True,False,1,0.0,,,,,,,,,,,,,1.0699958637036864,0.19243727970183486,0.7021151155319507,0.10544760476527971,,,,,,,,,,,,,,,True,temporal_v1,False,0.003052965638451163,0.1941544885177453,3.591607455818333,0.8107680314856504,95.60092215095304,1872.3480003969075,0.20590709330335266,0.7512602694630232,0.11282850093631043,0.0,0.0,0.06655710571582556,0.25938754475957543,0.27395480817425844,0.04992181421032441,0.27925423057141247,213.26905531076298,0.005978985472280059,0.8694822231049734,-0.0005001598060934884,2000.0000000000002,0.028023536990188624,True,0.010311576072126627,0.06655710571582556,True,True,True,True,True,5,20
319,2026-08-08T15:32:00.230824,shadow,silero,webrtc,False,0.00910693034529686,True,True,True,1,True,True,False,1,0.0,,,,,,,,,,,,,1.0222651950629007,0.1127127359932231,0.811283747116071,0.07600351688972759,,,,,,,,,,,,,,,True,temporal_v1,False,0.0029812327089775905,0.20041753653444677,3.2715450361907075,0.8081904186206204,95.38058320955308,1772.1843152697854,0.11522230704618544,0.8293471379969714,0.07769575001874385,0.0,0.0,0.0653153582957707,0.28248018841854616,0.28926557109474027,0.05338470343310771,0.2969194412759873,233.38793468848093,0.008386058228802644,1.2121582445947516,-0.0006920112924128744,1733.3333333333335,0.006377330160339995,True,0.010311576072126627,0.0653153582957707,True,True,True,True,True,6,20
320,2026-08-08T15:32:00.237126,shadow,silero,webrtc,False,0.00910693034529686,True,True,True,1,True,True,False,1,0.0,,,,,,,,,,,,,0.6730802239927418,0.13123938017792972,0.8085541504413404,0.06020646937924426,,,,,,,,,,,,,,,True,temporal_v1,False,0.002422626641482209,0.162839248434238,3.5470221857436512,0.8326599216092713,93.7074610762449,1777.1147994003002,0.08833463140682954,0.5442218086893185,0.04052378389559388,0.0,0.0,0.06531171344341098,0.2803879024562621,0.28730633493109914,0.06026897982162839,0.2944789940680222,235.06347999692136,0.006100855941996309,0.9137731938123432,-0.0005312945177985063,1700.0000000000002,0.022949645222654247,True,0.010311576072126627,0.06531171344341098,True,True,True,True,True,7,20
321,2026-08-08T15:32:00.248027,shadow,silero,webrtc,False,0.007480096071958542,True,True,True,1,False,True,False,0,0.0,,,,,,,,,,,,,0.35157960519781256,0.17915505393828995,0.7926920878345299,0.028152858224335685,,,,,,,,,,,,,,,True,temporal_v1,False,0.0017531182319623496,0.16910229645093947,3.217911632183105,0.8562796356923993,91.01854660935011,1564.9712096127207,0.0629872631328168,0.2786943712842938,0.00989797077970193,0.0,0.0,0.03883968288585854,0.2670971866974757,0.296492877222675,0.06353007378515302,0.27810404723253,273.39714636914255,0.00990377707759435,1.671501763520529,-0.000994736304981229,1500.0,0.0034228285879710917,True,0.009342691395431757,0.03883968288585854,True,True,False,False,False,0,20
322,2026-08-08T15:32:00.258257,shadow,silero,webrtc,False,0.007191299460828304,True,True,True,1,False,True,False,0,0.0,,,,,,,,,,,,,0.20474285813497675,0.19662150091842376,0.7891696717315484,0.014208827345143617,,,,,,,,,,,,,,,True,temporal_v1,False,0.0013358063029893729,0.1524008350730689,3.3096455294215295,0.8818519087285019,88.7839237641825,1509.9284673327566,0.04025684806882704,0.16157685414375858,0.002909155921391118,0.0,0.0,0.04054952203135854,0.2119924308045238,0.24087203269203797,0.0593963147925758,0.25412783270420636,271.52556376532493,0.009776566891885455,1.170734508641532,-0.000687504006582618,1400.0,0.008017259647673776,True,0.00910693034529686,0.04054952203135854,True,True,False,False,False,0,20
323,2026-08-08T15:32:00.268223,shadow,silero,webrtc,False,0.0058153895661234856,True,True,True,1,False,True,False,0,0.0,,,,,,,,,,,,,0.16455111595218663,0.1794080196868918,0.8099026500279694,0.010689330279061686,,,,,,,,,,,,,,,True,temporal_v1,False,0.00120087987929234,0.1524008350730689,3.2368518387813143,0.8887426098504136,87.89216810700148,1576.0647727160328,0.029521789850249912,0.1332703848747356,0.0017589412262010988,0.0,0.0,0.03649491385722007,0.13502068208386758,0.1574678046943134,0.05045976956661683,0.26994929172954263,227.9359501129559,0.007240577144625001,0.8709285225285659,-0.0005148063442114302,1400.0,0.017551716833533716,True,0.008658245671540499,0.03649491385722007,True,True,False,False,False,0,20
324,2026-08-08T15:32:00.282508,shadow,silero,webrtc,False,0.006498590111732483,True,True,True,1,True,True,False,1,0.0,,,,,,,,,,,,,0.08843878831086677,0.29517448231439614,0.6944161805485969,0.010409337125699589,,,,,,,,,,,,,,,True,temporal_v1,False,0.0008808023748238867,0.1419624217118998,3.3809134914792853,0.8946364543950641,85.22544449125849,1363.2840024755365,0.026104873556172567,0.061413325591178,0.0009205891625161923,0.0,0.0,0.05229355630698392,0.06709228673428722,0.07949107551152364,0.03368616860380785,0.23803345331801518,206.50822183307898,0.00782795256001646,1.434903087287859,-0.0008631594609067921,1366.6666666666667,0.004551121112006448,True,0.008504122961312532,0.05229355630698392,True,True,True,True,True,1,20
325,2026-08-08T15:32:00.296029,shadow,silero,webrtc,False,0.005503983702510595,True,True,True,1,True,True,False,1,0.0,,,,,,,,,,,,,0.05353258382310596,0.3470971978508894,0.6429802809871253,0.009922521143305045,,,,,,,,,,,,,,,True,temporal_v1,False,0.0006882208319033611,0.15031315240083507,3.3394922645608545,0.9063160353926912,83.13556091129497,1361.4503772018468,0.01858100983871793,0.03442039578854751,0.0005311781948405185,0.0,0.0,0.07440531490054754,0.05887651259273452,0.061853310525112934,0.029883046307319503,0.17857623038226675,205.2910262860787,0.007540095443904415,1.5861499770850565,-0.0009507869681191541,1300.0,0.003679881550283264,True,0.0076907058246433735,0.07440531490054754,True,True,True,True,True,2,20
326,2026-08-08T15:32:00.305227,shadow,silero,webrtc,False,0.003111401805654168,True,True,True,1,True,True,False,1,0.0,,,,,,,,,,,,,0.015553456459296634,0.4655635133607525,0.5082323595496616,0.026204127025291405,,,,,,,,,,,,,,,True,temporal_v1,False,0.00038107196563924963,0.12317327766179541,3.433122934651326,0.9132647953232692,78.01345906212029,1400.4396503481619,0.007241121834093631,0.007904769875461255,0.0004075647487417481,0.0,0.0,0.10781544794311,0.09246011681872329,0.04866183619550173,0.030954779985439794,0.11979150500028238,197.84885002389618,0.006567659514892258,1.4606395578715337,-0.0008720744580238003,1200.0,0.009002894883975984,True,0.007335697766393423,0.10781544794311,True,True,True,True,True,3,20
327,2026-08-08T15:32:00.313550,shadow,silero,webrtc,False,0.0045042987912893295,True,True,True,1,True,True,False,1,0.0,,,,,,,,,,,,,0.01736211842977791,0.5132892096661286,0.32010629715426697,0.16660449312200792,,,,,,,,,,,,,,,True,temporal_v1,False,0.0003978116643239122,0.15031315240083507,4.077332022769768,0.8240704815450623,77.94356975746868,1670.4152509658757,0.008911788046950428,0.005557723441310063,0.0028926069405174207,0.0,0.0,0.13232693839080412,0.15353094393107525,0.04948610072628054,0.02207915665130548,0.24294645660450437,173.5192327109259,0.006114853722907002,2.1768577232351642,-0.001333222223370313,2500.0,0.0031493200828614353,True,0.006844944786280394,0.13232693839080412,True,True,True,True,True,4,20
328,2026-08-08T15:32:00.323368,shadow,silero,webrtc,False,0.0032855398021638393,True,True,True,1,True,True,False,1,0.0,,,,,,,,,,,,,0.013381602278923132,0.6979266178625334,0.24885233179915567,0.05322105026358139,,,,,,,,,,,,,,,True,temporal_v1,False,0.0003549675464430946,0.13987473903966596,3.851162128104922,0.9098189594607575,77.37601925472194,1514.9755895575156,0.00933937642011039,0.003330042930318917,0.0007121829274938233,0.0,0.0,0.18316207634322396,0.20193429668252724,0.04608026126035978,0.019460293463662133,0.2700518091864639,145.5861181402726,0.0023409081215593533,1.4206359859457154,-0.0008516851151432282,1433.3333333333335,0.017375366475145707,True,0.006156989838927984,0.18316207634322396,True,True,True,True,True,5,20
329,2026-08-08T15:32:00.336385,shadow,silero,webrtc,False,0.0020907302387058735,True,True,True,1,True,True,False,1,0.0,,,,,,,,,,,,,0.021726069509910153,0.7607268483074945,0.18770272565590157,0.05157042599057636,,,,,,,,,,,,,,,True,temporal_v1,False,0.00045086337063864214,0.13778705636743216,3.7935434263697934,0.9141787953220675,79.48715757782254,1493.496224010686,0.016527604384383502,0.004078042464799713,0.0011204226597269391,0.0,0.0,0.2133931773966144,0.2339637284271254,0.04503735647717211,0.012401959699606802,0.27766555909252255,125.94317395133133,0.000531066356966668,1.7422600437784252,-0.0010450866936813831,1400.0,0.007896862668672955,True,0.0056596866343170404,0.2133931773966144,True,True,True,True,True,6,20
330,2026-08-08T15:32:00.348571,shadow,silero,webrtc,False,0.001565188867971301,True,True,True,1,True,True,False,1,0.0,,,,,,,,,,,,,0.036611269077092584,0.7380309261507069,0.2063838827551316,0.05558519106684768,,,,,,,,,,,,,,,True,temporal_v1,False,0.0005886341106621611,0.12108559498956159,3.8869928585006974,0.9096022519875077,81.79024581783466,1500.3746251696964,0.027020248824519373,0.007555975864723251,0.0020350443868499633,0.0,0.0,0.22112278741842895,0.24470299202634205,0.0448830958774526,0.013672329294390764,0.29904201673913144,93.28148710828596,0.00034427715405924814,1.871137113094333,-0.0011331559955212597,1433.3333333333335,0.006771129815951414,True,0.005004141246899962,0.22112278741842895,True,True,True,True,True,7,20
331,2026-08-08T15:32:00.360268,shadow,silero,webrtc,False,0.001198298530653119,True,True,False,1,False,True,False,0,0.0,,,,,,,,,,,,,0.04673198732996106,0.7349939104078337,0.2141294580117438,0.050876631559023944,,,,,,,,,,,,,,,True,temporal_v1,False,0.000662816477111529,0.1336116910229645,3.8454142588021107,0.9113331615209161,82.83210582717547,1499.3715168891217,0.03434772610877742,0.01000669511877624,0.002377566101407404,0.0,0.0,0.2190983285818416,0.24177853943996805,0.04466596751157218,0.010999532252458864,0.28783462427125944,90.43119831041356,0.00015601491035245016,1.793694606351546,-0.0010811559625206787,1433.3333333333335,0.0076080967677598435,True,0.0038949192967265844,0.2190983285818416,False,True,True,False,False,0,20
332,2026-08-08T15:32:00.368573,shadow,silero,webrtc,False,0.00100985961034894,True,True,False,1,False,True,False,0,0.0,,,,,,,,,,,,,0.06791628310370251,0.7348456294257206,0.21303969425760205,0.0521146763019532,,,,,,,,,,,,,,,True,temporal_v1,False,0.0007968518967870594,0.11064718162839249,3.8860849566791473,0.911596317229376,84.43611511506198,1493.5045927532728,0.04990798380559571,0.014468864187525528,0.00353943510958127,0.0,0.0,0.2053891557870959,0.2250629759208879,0.043491023747373084,0.013295768958739587,0.27838637633492086,90.18463124872727,0.0001247038061921853,1.8213321276142953,-0.0010997245965734424,1433.3333333333335,0.0070365011743099715,True,0.0031984708039090037,0.2053891557870959,False,True,True,False,False,0,20
333,2026-08-08T15:32:00.380398,shadow,silero,webrtc,False,0.003814972471445799,True,True,True,1,False,True,False,0,0.0,,,,,,,,,,,,,0.1535732144730931,0.7365346498498928,0.21074123095807892,0.052724119185516734,,,,,,,,,,,,,,,True,temporal_v1,False,0.0012144645585448635,0.05636743215031315,3.487563846138969,0.9119194418032625,88.1016968861903,1490.6205164569562,0.11311199374826213,0.0323642082602487,0.008097012463582284,0.0,0.0,0.17086121884413205,0.18544932483596596,0.041602546652798764,0.026344537042751328,0.24755197518982774,85.28826513254508,0.006047794772883316,2.2759199261141103,-0.0013967406760642745,1433.3333333333335,0.00037812360155568613,True,0.0031984708039090037,0.17086121884413205,False,True,True,False,False,0,20
