frame,timestamp,processing_mode,speech_detector_implementation,comparison_speech_detector_implementation,is_speech,speech_probability,speech_gate_open,comparison_speech_evaluated,comparison_speech_is_speech,comparison_speech_aggressiveness,is_whisper,whisper_processed,trigger,raw_score,whisper_probability,stage1_silero_threshold,stage1_silero_low_pass,stage1_enter_count,stage1_exit_count,stage1_candidate,zcr_threshold,zcr_pass,centroid_threshold,centroid_pass,group_a_pass,entropy_threshold,group_b_pass,total_band_energy,low_proportion,mid_proportion,high_proportion,low_proportion_threshold,group_c_pass,silero_rolling_median,high_silero_threshold,high_silero_raw,high_silero_count,high_silero_normal_evidence,silero_penalty,group_count,effective_group_score,grouped_v1_raw_is_whisper,stage2_is_whisper,stage2_consecutive_count,legacy_is_whisper,grouped_v1_is_whisper,whisper_classifier_implementation,final_trigger,rms,zcr,entropy,voicing,hnr,spectral_centroid,band_energy_low,band_energy_mid,band_energy_high,temporal_score,formant_score,low_proportion_std,mid_proportion_std,high_proportion_std,zcr_std,entropy_std,spectral_centroid_std,spectral_flux,cepstral_peak_prominence,spectral_slope,spectral_rolloff,spectral_flatness,temporal_v1_window_full,temporal_v1_silero_median,temporal_v1_low_proportion_std,temporal_v1_silero_min_pass,temporal_v1_silero_max_pass,temporal_v1_low_proportion_std_pass,temporal_v1_raw_is_whisper,temporal_v1_is_whisper,temporal_v1_qualifying_run,confirmation_frames
0,2026-08-08T15:35:02.340106,shadow,silero,webrtc,False,0.0,True,True,True,1,False,True,False,0,0.0,,,,,,,,,,,,,66.00060315788089,0.21177393058454272,0.41146990950606527,0.37675615990937694,,,,,,,,,,,,,,,False,temporal_v1,False,0.024697935451062566,0.11899791231732777,4.544710215782802,0.6108567577444387,112.53242703462725,2328.3287678025854,13.97720715169502,27.157262208718976,24.8661337974659,0.0,0.0,,,,,,,,1.7291344948885325,-0.0010484786689053211,3433.3333333333335,0.011520355675697905,False,,,,,,False,False,0,20
1,2026-08-08T15:35:02.513189,shadow,silero,webrtc,False,0.008560110814869404,True,True,True,1,False,True,False,0,0.0,,,,,,,,,,,,,0.011064667566477214,0.5679847702105257,0.4188966104510538,0.013118619248042739,,,,,,,,,,,,,,,False,temporal_v1,False,0.0003168990676988884,0.10647181628392484,2.897149122529402,0.9254456709618829,76.45575972321755,1322.2709028136846,0.006284562665201417,0.004634951739365015,0.0001451531609107822,0.0,0.0,,,,,,,0.019080184128140148,1.58357453606565,-0.0009579896350691642,1200.0,0.0033799131981070117,False,,,,,,False,False,0,20
2,2026-08-08T15:35:02.551578,shadow,silero,webrtc,False,0.012108391150832176,True,True,True,1,False,True,False,0,0.0,,,,,,,,,,,,,0.005331542273148766,0.5169888183728324,0.469037674434447,0.013973507005157653,,,,,,,,,,,,,,,False,temporal_v1,False,0.00022471050890198856,0.1022964509394572,3.073545356508151,0.9228952382365044,73.41432636473951,1471.5185525036966,0.002756347739899985,0.002500694188946642,7.450034330213843e-05,0.0,0.0,,,,,,,0.013578422285564795,0.9026957250672397,-0.000540570550941921,1266.6666666666667,0.020579438518653348,False,,,,,,False,False,0,20
3,2026-08-08T15:35:02.557317,shadow,silero,webrtc,False,0.005926342215389013,True,True,True,1,False,True,False,0,0.0,,,,,,,,,,,,,0.0028669765823878643,0.585087516387892,0.3867764994299737,0.028135983833334804,,,,,,,,,,,,,,,True,temporal_v1,False,0.0001653860225324263,0.12317327766179541,3.254056742143054,0.9147778303800398,70.63871166581598,1466.7167501556728,0.0016774322081315623,0.0011088791664836878,8.066520677261441e-05,0.0,0.0,,,,,,,0.012642979398696802,1.535725948676663,-0.0009268561088974566,1266.6666666666667,0.006436383084760255,False,,,,,,False,False,0,20
4,2026-08-08T15:35:02.562608,shadow,silero,webrtc,False,0.004703572951257229,True,True,True,1,False,True,False,0,0.0,,,,,,,,,,,,,0.002369758900387355,0.5939767817386274,0.3800808642509676,0.025942353588421136,,,,,,,,,,,,,,,True,temporal_v1,False,0.00015087896365712444,0.1336116910229645,3.510289008376782,0.9190093281554855,69.82801352152703,1410.4429653579245,0.0014075817651485498,0.0009007000109256485,6.147712331315683e-05,0.0,0.0,,,,,,,0.008625013608192506,1.4151169449346093,-0.0008471525273164837,1200.0,0.008815140611892045,False,,,,,,False,False,0,20
5,2026-08-08T15:35:02.567850,shadow,silero,webrtc,False,0.004294473212212324,True,True,False,1,False,True,False,0,0.0,,,,,,,,,,,,,0.0014896648043416728,0.6520952225402233,0.2863855424653634,0.061519234323121286,,,,,,,,,,,,,,,True,temporal_v1,False,0.0001237693310177697,0.12943632567849686,3.8347193077879367,0.9025497399517121,67.93092980727909,1514.6503934210243,0.0009714033020975214,0.0004266184630829494,9.1643038161202e-05,0.0,0.0,,,,,,,0.005312566182656911,1.3408685683497508,-0.0008044706681449407,1333.3333333333335,0.01788422223227708,False,,,,,,False,False,0,20
6,2026-08-08T15:35:02.583623,shadow,silero,webrtc,False,0.0033304474782198668,True,True,False,1,False,True,False,0,0.0,,,,,,,,,,,,,0.002219593934433587,0.7365415264663778,0.2044049617687368,0.059053511314352415,,,,,,,,,,,,,,,True,temporal_v1,False,0.0001446806259086117,0.1336116910229645,3.7855984563993017,0.9001929354638192,69.35637127021829,1576.116315218493,0.0016348231046032276,0.00045369601331001744,0.00013107481552034183,0.0,0.0,,,,,,,0.0036576855653975724,1.2795676061412693,-0.0007593888219618654,1433.3333333333335,0.021297025525581628,False,,,,,,False,False,0,20
7,2026-08-08T15:35:02.595973,shadow,silero,webrtc,False,0.003291691653430462,True,True,False,1,False,True,False,0,0.0,,,,,,,,,,,,,0.0018764813287119337,0.7431579220522991,0.20200293566528793,0.054839141749500636,,,,,,,,,,,,,,,True,temporal_v1,False,0.00013544029113908554,0.11899791231732777,3.503399983521189,0.906312637445068,68.78167373256093,1614.5933255040043,0.001394521965015498,0.00037905473712091073,0.00010290462557552503,0.0,0.0,,,,,,,0.0046401151731907345,1.2874346551036508,-0.0007744928113382497,1400.0,0.01807972943914409,False,,,,,,False,False,0,20
8,2026-08-08T15:35:02.607466,shadow,silero,webrtc,False,0.0037490196991711855,True,True,False,1,False,True,False,0,0.0,,,,,,,,,,,,,0.0007299101911284094,0.7433505823504731,0.20853502350479983,0.0481143927746954,,,,,,,,,,,,,,,True,temporal_v1,False,9.208041395979349e-05,0.11691022964509394,3.3836713514222874,0.9173274083429522,65.18061293904071,1554.5094577111975,0.0005425791656388483,0.00015221183886335578,3.511918562620528e-05,0.0,0.0,,,,,,,0.002912206852833676,1.1846527516712961,-0.0007113462828452246,1266.6666666666667,0.021306329448285793,False,,,,,,False,False,0,20
9,2026-08-08T15:35:02.623534,shadow,silero,webrtc,False,0.0038223713636398315,True,True,False,1,False,True,False,0,0.0,,,,,,,,,,,,,0.00041063344974549056,0.7128730028876852,0.2296553903185056,0.05747160435854741,,,,,,,,,,,,,,,True,temporal_v1,False,7.13670939908203e-05,0.11691022964509394,3.5314923854984483,0.9053377113211056,62.506206547433294,1607.766999430627,0.0002927295004061972,9.430418517913508e-05,2.3599763160158293e-05,0.0,0.0,0.1528489258164225,0.09870643644081804,0.10250536692514292,0.009935702742622787,0.4353495923391668,261.95925476446973,0.003932692594385828,1.0704552807149714,-0.0006338839817158406,1433.3333333333335,0.026841236093420377,True,0.004058422287926078,0.1528489258164225,False,True,True,False,False,0,20
10,2026-08-08T15:35:02.635864,shadow,silero,webrtc,False,0.0029206934850662947,True,True,False,1,False,True,False,0,0.0,,,,,,,,,,,,,0.002077230988437014,0.729898944716107,0.21887903785485555,0.0512220169476275,,,,,,,,,,,,,,,True,temporal_v1,False,0.000144457117518222,0.12526096033402923,3.6292238341946352,0.9135769029028741,69.40633376600043,1487.940852524473,0.0015161687063917721,0.0004546623201513842,0.00010639996089385775,0.0,0.0,0.08143859743003987,0.09771032928792468,0.018065926335425486,0.010046938969115625,0.2819753795812114,86.79117715431386,0.0035790921686463897,1.6844218819709191,-0.0010007336233969523,1400.0,0.007086518515177159,True,0.004058422287926078,0.08143859743003987,False,True,True,False,False,0,20
11,2026-08-08T15:35:02.644669,shadow,silero,webrtc,False,0.047436073422431946,True,True,True,1,False,True,False,0,0.0,,,,,,,,,,,,,0.0996880613070718,0.9041013904767407,0.08106173702289471,0.014836872490333369,,,,,,,,,,,,,,,True,temporal_v1,False,0.0010344097194805663,0.12108559498956159,2.817225599798416,0.9600257004432807,86.9285536569092,1359.188773001685,0.09012811484165419,0.00808088740999606,0.00147905905442156,0.0,0.0,0.10361309694086812,0.10870689791355904,0.01780296169580041,0.008869580704070143,0.29793850523026777,79.52050086719248,0.007868061011946051,0.896636090716426,-0.000547187300972809,800.0,0.018862910392476746,True,0.004058422287926078,0.10361309694086812,False,True,True,False,False,0,20
12,2026-08-08T15:35:02.656398,shadow,silero,webrtc,False,0.04262017458677292,True,True,True,1,False,True,False,0,0.0,,,,,,,,,,,,,0.624101735279919,0.36200232806650195,0.5875642203007223,0.05043345163117338,,,,,,,,,,,,,,,True,temporal_v1,False,0.002366896155929408,0.11482254697286012,3.663263449114985,0.8744684741765235,93.71780460651883,1505.7144968602727,0.22592628112167437,0.3666998494780734,0.03147560467917117,0.0,0.0,0.13533825597509927,0.1337103700399846,0.015355221888980962,0.006565421792699949,0.2788386307894256,78.68018734907831,0.013104772958762891,1.6263025014311507,-0.0009816130562976474,1533.3333333333335,0.005906627380741096,True,0.004058422287926078,0.13533825597509927,False,True,True,False,False,0,20
13,2026-08-08T15:35:02.667836,shadow,silero,webrtc,False,0.013991036452353,True,True,True,1,False,True,False,0,0.0,,,,,,,,,,,,,0.10489246622623616,0.34777457524917244,0.6001791413190197,0.0520462834222743,,,,,,,,,,,,,,,True,temporal_v1,False,0.00097867359031239,0.14613778705636743,3.768967069605476,0.8696480154268286,86.01922083447985,1596.4514362649106,0.036478932888667444,0.06295427031049669,0.005459263026072022,0.0,0.0,0.1664770177211981,0.16308569983317697,0.014347167861458397,0.009466207973907834,0.27781601115896126,81.1691119087459,0.003476024186065062,1.2021693204990527,-0.0007121194150120229,1566.6666666666667,0.01946585187009448,True,0.004058422287926078,0.1664770177211981,False,True,True,False,False,0,20
14,2026-08-08T15:35:02.680199,shadow,silero,webrtc,False,0.007503305561840534,True,True,True,1,False,True,False,0,0.0,,,,,,,,,,,,,0.010356016973204778,0.7302379218931863,0.23489114392244223,0.03487093408780937,,,,,,,,,,,,,,,True,temporal_v1,False,0.0003201328163245278,0.10647181628392484,3.5781834416570066,0.9297403156100911,76.5647281404001,1406.3773103561139,0.0075623563136036215,0.002432536673316298,0.00036112398528485894,0.0,0.0,0.16669926083517475,0.16175640235815242,0.01320737057793301,0.010622592261552025,0.27776850960890276,81.73874574606779,0.007659534586078672,1.1149257049499546,-0.0006669702819750208,1200.0,0.02033708112223498,True,0.004058422287926078,0.16669926083517475,False,True,True,False,False,0,20
15,2026-08-08T15:35:02.691922,shadow,silero,webrtc,False,0.004042032174766064,True,True,True,1,False,True,False,0,0.0,,,,,,,,,,,,,0.003961047660988582,0.5779668561210377,0.3674626987617532,0.05457044486475058,,,,,,,,,,,,,,,True,temporal_v1,False,0.00019485260891003928,0.11899791231732777,3.782645774219064,0.8949301057232655,72.01334612292202,1516.4885653876618,0.0022893542635671607,0.0014555372634307943,0.00021615613299062666,0.0,0.0,0.1687967927763358,0.1636259302724755,0.012672979666209682,0.010446760754235326,0.27281806029131794,81.72333218472072,0.0059154604575269104,1.5857224950113957,-0.0009569792771513857,1500.0,0.009578728356466754,True,0.003932201769202948,0.1687967927763358,False,True,True,False,False,0,20
16,2026-08-08T15:35:02.696451,shadow,silero,webrtc,False,0.004042032174766064,True,True,True,1,False,True,False,0,0.0,,,,,,,,,,,,,0.0012452312556261805,0.5528436050319335,0.3997658132947603,0.04739058087024266,,,,,,,,,,,,,,,True,temporal_v1,False,0.00011425854761834087,0.13569937369519833,3.802744863781715,0.8957537540507,67.15089681000411,1510.8087848351986,0.0006884181364588187,0.0004978008856454556,5.9012232521906315e-05,0.0,0.0,0.16933062456799983,0.16348901262901663,0.012102500203192281,0.010696190778663463,0.27437821353098957,79.76492031538027,0.005039128231512105,1.3052503999998037,-0.0007826766765766739,1500.0,0.017147807879771954,True,0.004042032174766064,0.16933062456799983,False,True,True,False,False,0,20
17,2026-08-08T15:35:02.712203,shadow,silero,webrtc,False,0.0026786141097545624,True,True,False,1,False,True,False,0,0.0,,,,,,,,,,,,,0.005455643066576925,0.7544784991298968,0.19713278377469212,0.04838871691211456,,,,,,,,,,,,,,,True,temporal_v1,False,0.00022791762956470522,0.12108559498956159,3.748708518352483,0.9173343493018216,73.51374555643005,1465.776758668894,0.0041161653926593865,0.0010754861049954072,0.0002639915679221314,0.0,0.0,0.1700500023742912,0.16382584087598304,0.011813538126297821,0.010653320102023444,0.28036623807766803,73.62523761204189,0.004050157654815121,1.4456090281259768,-0.0008627543608523587,1300.0,0.013509432081978336,True,0.004042032174766064,0.1700500023742912,False,True,True,False,False,0,20
18,2026-08-08T15:35:02.724146,shadow,silero,webrtc,False,0.0017823312664404511,True,True,False,1,False,True,False,0,0.0,,,,,,,,,,,,,0.0008571661126503874,0.693929488478096,0.2558256417876011,0.05024486856766791,,,,,,,,,,,,,,,True,temporal_v1,False,9.296506724272654e-05,0.12526096033402923,3.492081484476493,0.9001951188016494,65.19316719509885,1637.320623078227,0.0005948128420922413,0.0002192850708873685,4.3068198670777544e-05,0.0,0.0,0.16772188727794096,0.16142102916992715,0.0118700048671215,0.010521589284638123,0.2749721982841555,83.20101385533488,0.0038589819469159806,1.1149683202603409,-0.0006559455438643339,1433.3333333333335,0.02277899312472101,True,0.004042032174766064,0.16772188727794096,False,True,True,False,False,0,20
19,2026-08-08T15:35:02.735946,shadow,silero,webrtc,False,0.0015924976905807853,True,True,False,1,False,True,False,0,0.0,,,,,,,,,,,,,0.0012633187309086583,0.7615440890236873,0.1712621518930136,0.06719375829173334,,,,,,,,,,,,,,,True,temporal_v1,False,0.00011365927741905404,0.12943632567849686,3.6831395184551905,0.9040630665231472,67.14137736654999,1534.8612224846258,0.0009620729120763949,0.00021635868438216782,8.48871334500957e-05,0.0,0.0,0.1705467220106486,0.1654887257429008,0.013092846409462967,0.010446760754235326,0.27597849613635916,77.24141207320173,0.0038015739899907933,1.4543867547297484,-0.0008728308660284297,1466.6666666666667,0.013115525485436038,True,0.004042032174766064,0.1705467220106486,False,True,True,False,False,0,20
20,2026-08-08T15:35:02.748206,shadow,silero,webrtc,False,0.0016498458571732044,True,True,False,1,False,True,False,0,0.0,,,,,,,,,,,,,0.0007519011405347102,0.6811870147407266,0.2558734437438234,0.06293954018548793,,,,,,,,,,,,,,,True,temporal_v1,False,8.845635227845858e-05,0.1524008350730689,3.7999029524751293,0.8886320966381167,64.64542458774073,1629.5560036860427,0.0005121852933009868,0.00019239153418352484,4.7324312050198604e-05,0.0,0.0,0.16863661483664077,0.16378376432862943,0.013906589805258746,0.013414884197425758,0.28266405454664634,85.85070741723027,0.002774443977674174,1.1714697517212997,-0.000696913003282407,1733.3333333333335,0.0261509688196585,True,0.004042032174766064,0.16863661483664077,False,True,True,False,False,0,20
21,2026-08-08T15:35:02.757888,shadow,silero,webrtc,False,0.0014404312241822481,True,True,False,1,False,True,False,0,0.0,,,,,,,,,,,,,0.0008414066165910069,0.7252798135850993,0.2220559251583303,0.052664260068084355,,,,,,,,,,,,,,,True,temporal_v1,False,9.714857498192392e-05,0.11482254697286012,3.645132464542084,0.9111893877293947,65.67578778626527,1499.6538870590718,0.0006102552340303947,0.00018683932468145656,4.431205687915573e-05,0.0,0.0,0.14747705943127276,0.14837319176227384,0.008311117790920563,0.013822918878703004,0.09853221213320552,68.80142540100478,0.0031037453381236907,1.6040422443109403,-0.0009612147590148529,1533.3333333333335,0.008743025935471967,True,0.003360323142260313,0.14747705943127276,False,True,True,False,False,0,20
22,2026-08-08T15:35:02.767803,shadow,silero,webrtc,False,0.0014477119548246264,True,True,False,1,False,True,False,0,0.0,,,,,,,,,,,,,0.0010822170845302776,0.7537701720157662,0.18877207357913292,0.057457753481071794,,,,,,,,,,,,,,,True,temporal_v1,False,0.00010726334859637981,0.12317327766179541,3.604377973850333,0.9180041918177345,66.65988954426741,1462.1761778582697,0.0008157429579647884,0.0002042923631095443,6.218176245594493e-05,0.0,0.0,0.12428907818494728,0.1253840057107002,0.008438614353270462,0.013335047534589823,0.1020383768773657,71.5424979782587,0.0020018561936883195,1.5551946988283558,-0.0009366250325025914,1333.3333333333335,0.009779376121138704,True,0.0022304726880975068,0.12428907818494728,False,True,True,False,False,0,20
23,2026-08-08T15:35:02.780176,shadow,silero,webrtc,False,0.0012694665929302573,True,True,False,1,False,True,False,0,0.0,,,,,,,,,,,,,0.0005883014229968159,0.7369090228374966,0.1917057363498446,0.07138523911285002,,,,,,,,,,,,,,,True,temporal_v1,False,8.062074243977612e-05,0.17745302713987474,3.7307024552215045,0.8935564421519955,63.731944283969646,1573.0139938217542,0.00043352462675449235,0.000112780757491266,4.1996037751057626e-05,0.0,0.0,0.0702843493787823,0.07309122793304197,0.010101714094415284,0.01958976231765428,0.09971850757681415,69.55054908561802,0.0032426993323632506,1.3801266499610967,-0.0008304186004559306,1666.6666666666667,0.015969748336813177,True,0.0017160885618068278,0.0702843493787823,False,True,True,False,False,0,20
24,2026-08-08T15:35:02.789110,shadow,silero,webrtc,False,0.0011656892020255327,True,True,False,1,False,True,False,0,0.0,,,,,,,,,,,,,0.0011064327297719589,0.7632022096608442,0.1765049762266893,0.060292813208660964,,,,,,,,,,,,,,,False,temporal_v1,False,0.0001116591070873441,0.16075156576200417,3.678954242205317,0.9146539762612299,67.02469727898679,1490.661205972779,0.0008444319042030387,0.00019529088266483053,6.670994190408957e-05,0.0,0.0,0.07251236193635026,0.07620860483448905,0.007703034162606024,0.019705114649748442,0.09310961336173616,59.165576706261106,0.003740871578108959,1.4347773774209551,-0.0008614109900811092,1300.0,0.012213441610637883,True,0.0016211717738769948,0.07251236193635026,False,True,True,False,False,0,20
25,2026-08-08T15:35:02.802337,shadow,silero,webrtc,False,0.0010774574475362897,True,True,False,1,False,True,False,0,0.0,,,,,,,,,,,,,0.0014213265044077745,0.7010374602773851,0.21895848924586694,0.08000404977317983,,,,,,,,,,,,,,,False,temporal_v1,False,0.00012231511257858993,0.1544885177453027,3.864257356071833,0.896875334261351,67.79388677232448,1559.497019935583,0.0009964031228749599,0.00031121150413023537,0.0001137118764025793,0.0,0.0,0.06012273817085848,0.06391488186668265,0.010193649928827618,0.019535177562070283,0.10329281455227883,59.441933685120595,0.0019284828333222801,1.7427987735558128,-0.001052021717308378,1566.6666666666667,0.008805108485012248,True,0.0015201048227027059,0.06012273817085848,False,True,True,False,False,0,20
26,2026-08-08T15:35:02.812386,shadow,silero,webrtc,False,0.0011833541793748736,True,True,False,1,False,True,False,0,0.0,,,,,,,,,,,,,0.0008552535061772193,0.786062251411669,0.17311227761854941,0.040825469800537584,,,,,,,,,,,,,,,False,temporal_v1,False,9.997825823654644e-05,0.10020876826722339,3.200834671268408,0.935851720228149,66.06935934569017,1461.536428385498,0.0006722824965933888,0.00014805488239558857,3.491612618824195e-05,0.0,0.0,0.03266154751592073,0.03020921060190193,0.011139046583242827,0.022839859082797738,0.17750867807695084,63.27215600864501,0.004908127093608199,1.0473087827804382,-0.0006314551978584305,1166.6666666666667,0.021619135559525587,True,0.0014440715895034373,0.03266154751592073,False,True,False,False,False,0,20
27,2026-08-08T15:35:02.824858,shadow,silero,webrtc,False,0.0012169001856818795,True,True,False,1,False,True,False,0,0.0,,,,,,,,,,,,,0.0008813106816623541,0.6696659765113179,0.21548217584448623,0.11485184650952229,,,,,,,,,,,,,,,False,temporal_v1,False,0.00010098127487553602,0.13569937369519833,3.6103944640671255,0.8750631984511809,65.87450862599623,1697.2448177392569,0.0005901837782452756,0.0001899067432795914,0.00010122015913748716,0.0,0.0,0.037367226350552785,0.030225585611993788,0.019461026469946782,0.022305988123913285,0.17423246707096587,76.07334380163292,0.006182705719686306,1.1814393555493519,-0.0007079752064722666,2000.0000000000002,0.02185565760098238,True,0.0013549489085562527,0.037367226350552785,False,True,False,False,False,0,20
28,2026-08-08T15:35:02.837807,shadow,silero,webrtc,False,0.0011165470350533724,True,True,False,1,False,True,False,0,0.0,,,,,,,,,,,,,0.0005364521498682649,0.5396025978199804,0.3514337860649032,0.10896361425101728,,,,,,,,,,,,,,,False,temporal_v1,False,7.794837677467786e-05,0.1732776617954071,4.03874363667475,0.8370592472031264,63.100410665737414,1796.2257904947573,0.0002894709736750292,0.0001885274100708612,5.8453765122374526e-05,0.0,0.0,0.06759098228738095,0.05167929298620282,0.02250624517472268,0.02426476487825952,0.20510153867694528,103.39341532988843,0.0073554345595233045,1.3065813535751527,-0.0007872137448472183,2166.666666666667,0.02476702172470021,True,0.0012431833893060684,0.06759098228738095,False,True,True,False,False,0,20
29,2026-08-08T15:35:02.846557,shadow,silero,webrtc,False,0.0011404689867049456,True,True,False,1,False,True,False,0,0.0,,,,,,,,,,,,,0.0006229283328486262,0.6852260010777262,0.22956156285447177,0.08521243446248089,,,,,,,,,,,,,,,False,temporal_v1,False,8.456973101930264e-05,0.1649269311064718,3.68088946215638,0.8863325739229557,64.18278593294032,1620.456720421579,0.00042684669047587893,0.0001430004016350612,5.308123973768604e-05,0.0,0.0,0.06583209297596718,0.04948724580027172,0.02279614584627803,0.02473353356095179,0.20510539692658977,103.63623538757751,0.004112654359172965,1.315514108144537,-0.0007968699206798063,1933.3333333333335,0.02017657020469646,True,0.0012001271825283766,0.06583209297596718,False,True,True,False,False,0,20
30,2026-08-08T15:35:02.858279,shadow,silero,webrtc,False,0.0011351520661264658,True,True,False,1,False,True,False,0,0.0,,,,,,,,,,,,,0.0005438207223097565,0.7247639061187252,0.19519321321128646,0.08004287883114691,,,,,,,,,,,,,,,False,temporal_v1,False,7.851862204008795e-05,0.1649269311064718,3.6033172881156763,0.8905345658511149,63.44475568240011,1622.1242630645613,0.00039414163092952567,0.00010615011419852411,4.352897618170663e-05,0.0,0.0,0.06560680438380355,0.048718431520953245,0.022583300566644704,0.025349660520518645,0.2025960881216163,103.29714182855531,0.005384623384581815,1.6472825184570115,-0.0010092876737916247,1500.0,0.008162454612539184,True,0.0011745216907002032,0.06560680438380355,False,True,True,False,False,0,20
31,2026-08-08T15:35:02.867806,shadow,silero,webrtc,False,0.0011717119487002492,True,True,False,1,False,True,False,0,0.0,,,,,,,,,,,,,0.00027315461327419684,0.41947310348265193,0.42272535883918355,0.1578015340172341,,,,,,,,,,,,,,,False,temporal_v1,False,6.089106348616819e-05,0.19832985386221294,4.288428378710272,0.808213420075009,60.21902905446947,1887.186815246798,0.00011458101336073094,0.00011546938191491327,4.3104216998552596e-05,0.0,0.0,0.10815613994583265,0.0789272781835884,0.03211872434002795,0.027078781406414964,0.2750197600300038,134.51484144466812,0.005350096435326074,1.1023073635398573,-0.0006569261178900039,2533.3333333333335,0.052688593061502885,True,0.001168700575362891,0.10815613994583265,False,True,True,False,False,0,20
32,2026-08-08T15:35:02.872868,shadow,silero,webrtc,False,0.0011717119487002492,True,True,False,1,False,True,False,0,0.0,,,,,,,,,,,,,0.00020276994639112367,0.5788314168865052,0.292338594486046,0.12882998369575158,,,,,,,,,,,,,,,False,temporal_v1,False,5.691490684797714e-05,0.1732776617954071,3.868279227120693,0.8496736523902061,59.611371830988716,1784.2565046730501,0.0001173696153715748,5.927748113199198e-05,2.6122848887556882e-05,0.0,0.0,0.1086279826960978,0.07880016277757812,0.03297213020942863,0.02523938414982449,0.2743514260355777,132.12313812062996,0.00451217659889283,1.2797033957082837,-0.0007731294591223301,2300.0,0.025923970863413075,True,0.001168700575362891,0.1086279826960978,False,True,True,False,False,0,20
33,2026-08-08T15:35:02.879827,shadow,silero,webrtc,False,0.0010324276518076658,True,True,False,1,False,True,False,0,0.0,,,,,,,,,,,,,0.000411376924681366,0.588040696322418,0.3119225285613792,0.10003677268534207,,,,,,,,,,,,,,,False,temporal_v1,False,7.003113854327353e-05,0.13987473903966596,3.906921117728748,0.8588168733800366,62.07217051758691,1738.0425675173647,0.00024190637324060537,0.00012831773053841573,4.11528199023449e-05,0.0,0.0,0.10732636667992156,0.07866299588965073,0.03222126468616871,0.025208282001041468,0.27776784450692243,131.8801610877426,0.004446634254595613,1.1334728488846515,-0.0006744046417884231,1966.6666666666667,0.031470635177836714,True,0.0011530790943652391,0.10732636667992156,False,True,True,False,False,0,20
34,2026-08-08T15:35:02.891132,shadow,silero,webrtc,False,0.0009864085586741567,True,True,False,1,False,True,False,0,0.0,,,,,,,,,,,,,0.0002531373132758444,0.5980729730448723,0.2723294927280049,0.1295975302766978,,,,,,,,,,,,,,,False,temporal_v1,False,5.870288585654323e-05,0.16910229645093947,3.9239048251714164,0.8548350155143781,60.021094233091915,1767.1840581282256,0.00015139458553947548,6.893675611494076e-05,3.280597062142818e-05,0.0,0.0,0.10044309082708255,0.07374666897802534,0.03130348135022784,0.02546972860125261,0.27909451335762153,120.79936949659027,0.004381230607232281,1.0669808507837908,-0.0006356349985501516,2100.0,0.039902662053797354,True,0.0011378105264157057,0.10044309082708255,False,True,True,False,False,0,20
35,2026-08-08T15:35:02.906511,shadow,silero,webrtc,False,0.0009397240355610847,True,True,False,1,False,True,False,0,0.0,,,,,,,,,,,,,0.0002712368240458218,0.6029697144425139,0.3102994786830923,0.08673080318757892,,,,,,,,,,,,,,,False,temporal_v1,False,6.314915270280885e-05,0.1544885177453027,3.6146024988474452,0.8784802605856953,61.008428675605806,1705.6701954249163,0.00016354759034120357,8.416464510107614e-05,2.3524587603542145e-05,0.0,0.0,0.09768818985930525,0.07271844037004317,0.03087974333461723,0.02546972860125261,0.2832397278824749,112.25681694956906,0.00385639012752696,1.1529519295800092,-0.0006814812212367021,2000.0000000000002,0.02398329821441376,True,0.0011378105264157057,0.09768818985930525,False,True,True,False,False,0,20
36,2026-08-08T15:35:02.917725,shadow,silero,webrtc,False,0.0009246591362170875,True,True,False,1,False,True,False,0,0.0,,,,,,,,,,,,,0.0006860205912762915,0.7205671222041962,0.23568401060537633,0.04374886573274535,,,,,,,,,,,,,,,False,temporal_v1,False,9.039319936803203e-05,0.12734864300626306,3.6399681101279713,0.9178837779722081,65.00087212581377,1472.421949135928,0.0004943238832287784,0.00016168408430986803,3.001262273764505e-05,0.0,0.0,0.08800137962475456,0.0658388196093037,0.030295320045560934,0.020112306228185953,0.21742429982295874,109.8894728247453,0.003070390825799962,1.3048230285915603,-0.0007830133232931208,1366.6666666666667,0.01634187957150573,True,0.001125849550589919,0.08800137962475456,False,True,True,False,False,0,20
37,2026-08-08T15:35:02.925771,shadow,silero,webrtc,False,0.0009001982980407774,True,True,False,1,False,True,False,0,0.0,,,,,,,,,,,,,0.0006165836094513459,0.6707643055462138,0.264007452255326,0.06522824057662005,,,,,,,,,,,,,,,False,temporal_v1,False,8.433077619219461e-05,0.11899791231732777,3.75811696620033,0.8991953461824685,64.21706104373312,1528.2384004847263,0.00041358227660481,0.00016278266783364279,4.021866401289313e-05,0.0,0.0,0.08807303885084428,0.06232691675911158,0.03205585481526391,0.02260970936270941,0.20764668158250563,122.66406177432341,0.005129552973593232,1.5371309844649341,-0.0009296197066695689,1700.0000000000002,0.01229988625608239,True,0.001074487343430519,0.08807303885084428,False,True,True,False,False,0,20
38,2026-08-08T15:35:02.938549,shadow,silero,webrtc,False,0.000915979384444654,True,True,False,1,False,True,False,0,0.0,,,,,,,,,,,,,0.00043255260818379933,0.7463565875978683,0.20219947264387536,0.051443937446398726,,,,,,,,,,,,,,,False,temporal_v1,False,6.965008075533196e-05,0.12734864300626306,2.9786183848848276,0.9121218440485096,62.273044967348824,1600.3395425004146,0.00032283848860061823,8.746190926549706e-05,2.225220931768399e-05,0.0,0.0,0.09260695880637605,0.06334134949832279,0.03473245314476936,0.023767513096794878,0.3170133401346925,120.09871190616691,0.00742728826505127,1.5784858674010025,-0.0009671477379374415,1266.6666666666667,0.007608853067446485,True,0.0010094181052409112,0.09260695880637605,False,True,True,False,False,0,20
39,2026-08-08T15:35:02.949954,shadow,silero,webrtc,False,0.0007750888471491635,True,True,False,1,False,True,False,0,0.0,,,,,,,,,,,,,0.0006713016836370356,0.687387467338724,0.2658481034297678,0.04676442774186497,,,,,,,,,,,,,,,False,temporal_v1,False,8.5288701472878e-05,0.11899791231732777,3.667263653491067,0.9087558240618696,64.37738883661639,1524.7477469676805,0.0004614443641354832,0.00017846427942411588,3.1393039077436446e-05,0.0,0.0,0.0927298616909673,0.06173200698202938,0.03739316222216359,0.025555998868187678,0.3172348201715364,127.46012729191474,0.00428173704774492,1.2821012263742153,-0.0007673464236621373,1400.0,0.018784180769496454,True,0.0009630662971176207,0.0927298616909673,False,True,True,False,False,0,20
40,2026-08-08T15:35:02.962244,shadow,silero,webrtc,False,0.0007899424526840448,True,True,False,1,False,True,False,0,0.0,,,,,,,,,,,,,0.0004029100118184288,0.6661615676056887,0.2641070637382724,0.0697313661740952,,,,,,,,,,,,,,,False,temporal_v1,False,7.01360384400992e-05,0.1419624217118998,3.5965173886536266,0.897472678786358,62.279492539176914,1659.3116956742567,0.0002684031650769911,0.00010641138017211786,2.8095465569319883e-05,0.0,0.0,0.08854864845848542,0.055742495443943656,0.03776687341458178,0.02507306020209174,0.31750196823019167,126.75320533582654,0.002747926633239532,1.0300269131733946,-0.0006091569252546362,1400.0,0.032313121420405815,True,0.0009321915858890861,0.08854864845848542,False,True,True,False,False,0,20
41,2026-08-08T15:35:02.983231,shadow,silero,webrtc,False,0.0007398690213449299,True,True,False,1,False,True,False,0,0.0,,,,,,,,,,,,,0.00026021418513642793,0.37325303957833794,0.5437341608279715,0.08301279575070239,,,,,,,,,,,,,,,False,temporal_v1,False,5.8828901668526904e-05,0.16075156576200417,3.7129109709999115,0.8599374989973327,60.07317043468792,1785.2203551925604,9.71257355435721e-05,0.00014148734159069007,2.160110700216575e-05,0.0,0.0,0.09979721355929393,0.08819845908849727,0.029757949143907364,0.01922935939819533,0.2562807398244526,111.83238361693243,0.007322542784425243,0.9786203063137152,-0.0005752016346339217,1833.3333333333335,0.03800069254327434,True,0.0009203192603308707,0.09979721355929393,False,True,True,False,False,0,20
42,2026-08-08T15:35:02.999771,shadow,silero,webrtc,False,0.0007181132677942514,True,True,False,1,False,True,False,0,0.0,,,,,,,,,,,,,0.0003704867518720394,0.6498118706815932,0.26663086866294794,0.0835572579563071,,,,,,,,,,,,,,,False,temporal_v1,False,6.676841595881083e-05,0.15031315240083507,3.725764069413818,0.8781789890514689,61.63960224318586,1633.642720943194,0.00024074668929671716,9.878320447975593e-05,3.095685709556634e-05,0.0,0.0,0.09890646515285584,0.08864842614583109,0.025149716136698096,0.01670798411249841,0.24852050990126257,103.44570721672432,0.00826382192158951,1.299313902159608,-0.0007874492815781366,1800.0000000000002,0.01992916196871285,True,0.0009080888412427157,0.09890646515285584,False,True,True,False,False,0,20
43,2026-08-08T15:35:03.009459,shadow,silero,webrtc,False,0.000703429919667542,True,True,False,1,False,True,False,0,0.0,,,,,,,,,,,,,0.0004381469406530327,0.7668660198941802,0.17933022531641996,0.0538037525070604,,,,,,,,,,,,,,,False,temporal_v1,False,7.162153051586312e-05,0.12108559498956159,2.6731470524503904,0.9181172274580007,62.60544426595377,1702.4144406692287,0.0003360000005074028,7.857298958900844e-05,2.3573949556621452e-05,0.0,0.0,0.1055829939107811,0.09464113950972404,0.024545613545955178,0.017744074622860772,0.3687417820334515,100.63400057999586,0.00849363397789116,0.910485540736141,-0.000537276756495418,1300.0,0.025390961660110463,True,0.0008450703753624111,0.1055829939107811,False,True,True,False,False,0,20
44,2026-08-08T15:35:03.017391,shadow,silero,webrtc,False,0.0006735820206813514,True,True,False,1,False,True,False,0,0.0,,,,,,,,,,,,,0.0012341918760706667,0.9044248744521267,0.07116382625639465,0.02441129848123186,,,,,,,,,,,,,,,False,temporal_v1,False,0.00011902151074716255,0.1544885177453027,3.1131249935147425,0.9622175965487076,29.458968130006067,1166.3538061745023,0.0011162338325650474,8.782981623574669e-05,3.0128226269872566e-05,0.0,0.0,0.12853719190734778,0.11368561321491313,0.019316901874520686,0.01569098741053323,0.36209153631761987,164.57117947377535,0.009902841265152309,1.2500387201746441,-0.000765217605059802,533.3333333333334,0.009228999344860286,True,0.0007825156499166042,0.12853719190734778,False,True,True,False,False,0,20
45,2026-08-08T15:35:03.029042,shadow,silero,webrtc,False,0.0007477756589651108,True,True,False,1,False,True,False,0,0.0,,,,,,,,,,,,,0.0005766231500791261,0.804149352769101,0.14957666854399254,0.04627397695267135,,,,,,,,,,,,,,,False,temporal_v1,False,8.131425309195996e-05,0.09812108559498957,3.1650399683562163,0.9286590639235168,63.98664049367889,1479.710353159432,0.00046369113292780946,8.62493697941783e-05,2.6682646357138235e-05,0.0,0.0,0.13080916056573236,0.11679934181414478,0.017634771887830997,0.018480414176476594,0.3664976414278871,160.94037582486575,0.007401789105306363,1.2881432382234201,-0.0007770737891263295,1066.6666666666667,0.013729352820581225,True,0.0007614322530571371,0.13080916056573236,False,True,True,False,False,0,20
46,2026-08-08T15:35:03.036904,shadow,silero,webrtc,False,0.0006776887457817793,True,True,False,1,False,True,False,0,0.0,,,,,,,,,,,,,0.0008709278254817467,0.8346361196471015,0.13124939592013027,0.034114483284567405,,,,,,,,,,,,,,,False,temporal_v1,False,0.00010261527441519684,0.12734864300626306,3.1096859749087384,0.9452438393726276,66.36345296371124,1356.3742699596369,0.0007269078207527731,0.0001143087509845119,2.9711252744461686e-05,0.0,0.0,0.13702083369935972,0.12166404872484972,0.018560236596902806,0.01848041417647659,0.36674439890649535,170.39956332702175,0.008760648481847641,1.376695370767574,-0.000830499153299153,833.3333333333334,0.008021721983900623,True,0.0007438223401550204,0.13702083369935972,False,True,True,False,False,0,20
47,2026-08-08T15:35:03.044421,shadow,silero,webrtc,False,0.0006504686316475272,True,True,False,1,False,True,False,0,0.0,,,,,,,,,,,,,0.0006263215471395765,0.7039381335944869,0.21856139151633883,0.07750047329255047,,,,,,,,,,,,,,,False,temporal_v1,False,8.730389007985506e-05,0.11691022964509394,3.612320257880673,0.9085088933464299,64.61056065453026,1524.3077350782685,0.0004408916209234449,0.00013688970887949204,4.8540216336639635e-05,0.0,0.0,0.13642179387560638,0.12129847880514044,0.019521638231724068,0.018636587813337623,0.35286638495576406,170.4391555128234,0.008000338118526601,1.2989026632128222,-0.0007716294015832983,1333.3333333333335,0.015205516542568149,True,0.0007289911445695907,0.13642179387560638,False,True,True,False,False,0,20
48,2026-08-08T15:35:03.050861,shadow,silero,webrtc,False,0.0006504686316475272,True,True,False,1,False,True,False,0,0.0,,,,,,,,,,,,,0.0008312198414228577,0.8048316989152828,0.15852175542268362,0.03664654445898235,,,,,,,,,,,,,,,False,temporal_v1,False,9.630765887377474e-05,0.12108559498956159,3.4289550546655136,0.9321098307848812,65.68924353228338,1540.0253776597235,0.0006689920771444505,0.0001317664284045161,3.0461334873891016e-05,0.0,0.0,0.13892653938294536,0.1229684209799911,0.02043099867333753,0.01887708485253831,0.33260947089927695,169.3757736319622,0.0054430738032710336,0.8333550149276008,-0.0005037294653022415,1066.6666666666667,0.0405546084806928,True,0.0007107715937308967,0.13892653938294536,False,True,True,False,False,0,20
49,2026-08-08T15:35:03.062911,shadow,silero,webrtc,False,0.0006462897872552276,True,True,False,1,False,True,False,0,0.0,,,,,,,,,,,,,0.0004956411302017347,0.6341586147634999,0.31884570684969404,0.04699567636921732,,,,,,,,,,,,,,,False,temporal_v1,False,7.664197595158901e-05,0.12004175365344467,3.4570054390338094,0.913505079074101,63.303055894645084,1483.7549586075904,0.00031431509254854756,0.00015803304650295334,2.3292990150233827e-05,0.0,0.0,0.1410600362424554,0.12573123352715937,0.020421134299672954,0.018812615819468376,0.32023086344841695,170.12221767423205,0.006488692568641458,1.4343621794419088,-0.0008657247150987774,1433.3333333333335,0.010856547159254042,True,0.0006905593327246606,0.1410600362424554,False,True,True,False,False,0,20
50,2026-08-08T15:35:03.076284,shadow,silero,webrtc,False,0.0005492964410223067,True,True,False,1,False,True,False,0,0.0,,,,,,,,,,,,,0.000899930866810176,0.6545528185555137,0.2967061918325481,0.048740988500741815,,,,,,,,,,,,,,,False,temporal_v1,False,9.759218064827261e-05,0.12526096033402923,3.346177060104126,0.9105412248648475,65.71693052363162,1541.524043016216,0.0005890522853757073,0.00026701506040381135,4.38635200306574e-05,0.0,0.0,0.1414978777971861,0.12698518170570833,0.019934187037520004,0.018523110834842166,0.31035218893078853,164.97654216378947,0.006935231045829181,1.1369518158990648,-0.0006718996131525154,1433.3333333333335,0.018272634073013484,True,0.0006756353832315654,0.1414978777971861,False,True,True,False,False,0,20
51,2026-08-08T15:35:03.086624,shadow,silero,webrtc,False,0.0005263278144411743,True,True,False,1,False,True,False,0,0.0,,,,,,,,,,,,,0.0006757583528222589,0.6775360968879718,0.26539728821114317,0.05706661342106629,,,,,,,,,,,,,,,False,temporal_v1,False,8.724130550290572e-05,0.13778705636743216,3.6481152585478354,0.9048078881949443,64.58494880180088,1507.4330613774503,0.0004578506768106382,0.0001793444343250564,3.8563240686564364e-05,0.0,0.0,0.08760678157213053,0.07631486194653624,0.017459697534859125,0.015723244522713807,0.30297085126723877,139.646905046258,0.007831744435515946,1.2932977778953663,-0.0007772322665269586,1400.0,0.01686419007529898,True,0.0006620253261644393,0.08760678157213053,False,True,True,False,False,0,20
52,2026-08-08T15:35:03.101896,shadow,silero,webrtc,False,0.0005950522026978433,True,True,False,1,False,True,False,0,0.0,,,,,,,,,,,,,0.0004397603217542663,0.5425039203189372,0.4050409434730379,0.05245513393405893,,,,,,,,,,,,,,,False,temporal_v1,False,7.298695410508848e-05,0.15031315240083507,3.6913535909129385,0.8919487710648328,62.682471840798335,1571.8989188605485,0.00023857169855240668,0.0001781209356253547,2.3067686576504886e-05,0.0,0.0,0.10354608377649514,0.09611255455901456,0.013741502775981062,0.015723244522713807,0.2985967113815671,134.5899094372636,0.006369490452502296,1.3294508856014056,-0.0007982950538667388,1633.3333333333335,0.014284829160955937,True,0.0006504686316475272,0.10354608377649514,False,True,True,False,False,0,20
53,2026-08-08T15:35:03.118505,shadow,silero,webrtc,False,0.0005127904005348682,True,True,False,1,False,True,False,0,0.0,,,,,,,,,,,,,0.0006507354404401071,0.7193840740545734,0.24422766222077863,0.03638826218792521,,,,,,,,,,,,,,,False,temporal_v1,False,8.762620444247635e-05,0.1022964509394572,3.379034069951741,0.9264764280136373,64.73228176171637,1419.0032887151679,0.00046812871227550144,0.00015892759534289608,2.3679131821709603e-05,0.0,0.0,0.10296025136909019,0.09537336296427477,0.013972018157470156,0.017382074012164402,0.20506005278930495,114.6942200090983,0.008037067618241538,1.459792946266562,-0.000879876338575636,1300.0,0.008434050952372669,True,0.0006483792094513774,0.10296025136909019,False,True,True,False,False,0,20
54,2026-08-08T15:35:03.130974,shadow,silero,webrtc,False,0.0004957197234034538,True,True,False,1,False,True,False,0,0.0,,,,,,,,,,,,,0.0015648886206129035,0.30670801403703146,0.3963992492589137,0.2968927360650318,,,,,,,,,,,,,,,False,temporal_v1,False,0.00012640186448646787,0.1649269311064718,4.481419089418474,0.692667930588014,66.97826753529797,2523.248374844196,0.00047996388101733317,0.0006203206743847719,0.00046460406421079843,0.0,0.0,0.14719260234467008,0.09246121806842479,0.07548265472155628,0.019306550282002108,0.36522652939103734,315.32672915212487,0.009093298740371186,0.5166292419747638,-0.0002989354949421888,3000.0,0.23299558868592135,True,0.0006206709949765354,0.14719260234467008,False,True,True,False,False,0,20
55,2026-08-08T15:35:03.141510,shadow,silero,webrtc,False,0.005108264274895191,True,True,True,1,False,True,False,0,0.0,,,,,,,,,,,,,0.005455378345086311,0.12454943954957283,0.3912616931443031,0.4841888671228187,,,,,,,,,,,,,,,False,temporal_v1,False,0.00022327139490238728,0.20668058455114824,4.162191316368738,0.5938546919810456,71.44544453230966,2370.933425870013,0.0006794643154113762,0.0021344805680412362,0.0026414334606336986,0.0,0.0,0.2115653406899152,0.09243044838442088,0.14348939430621288,0.02862200761650861,0.38692801201242716,387.83338442546705,0.003932510081462932,1.1384193981066177,-0.0006745191873613973,2966.666666666667,0.036849375462126785,True,0.0006206709949765354,0.2115653406899152,False,True,True,False,False,0,20
56,2026-08-08T15:35:03.149132,shadow,silero,webrtc,False,0.004640978295356035,True,True,True,1,False,True,False,0,0.0,,,,,,,,,,,,,0.02072984743522657,0.4650703759882372,0.48331004239850034,0.051619581565023,,,,,,,,,,,,,,,False,temporal_v1,False,0.0004279165340021514,0.19832985386221294,3.6769914492984004,0.8610571920814702,78.77132781296933,1598.828506307286,0.009640837940879615,0.010018943442833796,0.0010700660505131607,0.0,0.0,0.19932381254381484,0.09507988601517102,0.14257017392713764,0.033643607041325935,0.3456278745368487,373.93275708531564,0.009964873309251939,1.3801567055296091,-0.0008202971230568365,1866.6666666666667,0.01074424078454743,True,0.0006206709949765354,0.19932381254381484,False,True,True,False,False,0,20
57,2026-08-08T15:35:03.155752,shadow,silero,webrtc,False,0.0024088944774121046,True,True,True,1,False,True,False,0,0.0,,,,,,,,,,,,,0.0026683662143520475,0.2517809780768863,0.7159686045624473,0.0322504169859053,,,,,,,,,,,,,,,False,temporal_v1,False,0.0001626502935587578,0.16910229645093947,3.7530197423129783,0.840241571857733,70.11923519431542,1679.476846908237,0.000671843855316877,0.0019104664349512157,8.605592308395509e-05,0.0,0.0,0.21310591661056108,0.14639786149686695,0.14451555149252873,0.03302252738391893,0.34510962530651396,369.1734448963094,0.00730180071791061,0.9868989772965702,-0.000582797717461375,1833.3333333333335,0.030291288290049324,True,0.0006206709949765354,0.21310591661056108,False,True,True,False,False,0,20
58,2026-08-08T15:35:03.166779,shadow,silero,webrtc,False,0.0019235241925343871,True,True,True,1,False,True,False,0,0.0,,,,,,,,,,,,,0.00728207902193619,0.23137178743196676,0.7486217677424625,0.020006444688247232,,,,,,,,,,,,,,,False,temporal_v1,False,0.00025604225661448866,0.21711899791231734,3.647155684548246,0.8080611025419964,73.99171454044799,1703.3913786695616,0.0016848676395262046,0.005451522870242173,0.0001456885111678119,0.0,0.0,0.20524678092946247,0.16763152430272243,0.14549288199895102,0.037056367432150315,0.33384333792514437,364.2699661670752,0.006919740252638269,1.1519561539912666,-0.0006830011796424772,2000.0000000000002,0.016892713293099947,True,0.0006206709949765354,0.20524678092946247,False,True,True,False,False,0,20
59,2026-08-08T15:35:03.173876,shadow,silero,webrtc,False,0.0015878909034654498,True,True,False,1,False,True,False,0,0.0,,,,,,,,,,,,,0.01063747546705646,0.2521370409262906,0.7148415171796081,0.033021441800094004,,,,,,,,,,,,,,,False,temporal_v1,False,0.00030726255728724623,0.18789144050104384,3.8594462461645653,0.8394148144719339,75.76135573049535,1702.688120298175,0.002682101587189627,0.0076041091018315,0.0003512647770353327,0.0,0.0,0.20496976693991445,0.18352430000235082,0.14618234125527077,0.03544452368757755,0.3232923219355804,354.66685398474544,0.006593314134319133,1.0319362653884165,-0.0006077987936501895,2033.3333333333335,0.02945220762188741,True,0.0010914715530816466,0.20496976693991445,False,True,True,False,False,0,20
60,2026-08-08T15:35:03.180994,shadow,silero,webrtc,False,0.0016439093742519617,True,True,False,1,False,True,False,0,0.0,,,,,,,,,,,,,0.011175478234373103,0.3542694607023198,0.6232933229127491,0.022437216295449355,,,,,,,,,,,,,,,False,temporal_v1,False,0.0003141057714399585,0.18162839248434237,3.5588231751293735,0.8495256657257534,76.0067602284026,1612.5563625896907,0.003959130647181872,0.006965600963841514,0.0002507466223497158,0.0,0.0,0.1902502684440756,0.17947440809862508,0.14751427069692874,0.032913957703576385,0.3013254710761765,350.8742408242299,0.00659736543109427,1.1403881376384604,-0.0006692192132764322,2066.666666666667,0.015593924070939638,True,0.0016159001388587058,0.1902502684440756,False,True,True,False,False,0,20
61,2026-08-08T15:35:03.190286,shadow,silero,webrtc,False,0.0011998660629615188,True,True,False,1,False,True,False,0,0.0,,,,,,,,,,,,,0.004037460745494065,0.17054544382168926,0.8016855034039807,0.02776905252664944,,,,,,,,,,,,,,,False,temporal_v1,False,0.00019091264893109322,0.17954070981210857,3.7228591743352752,0.8366302067816681,71.53894412642666,1667.7452800255357,0.0006885705347529337,0.0032367737502252206,0.00011211645951590988,0.0,0.0,0.1744412498690501,0.18181696618070675,0.14879470165540967,0.030948443357338498,0.29873448445031847,342.1125475127145,0.007235697019446984,1.2083921723316364,-0.0007102740463792596,2000.0000000000002,0.01566017878919252,True,0.0016159001388587058,0.1744412498690501,False,True,True,False,False,0,20
62,2026-08-08T15:35:03.201737,shadow,silero,webrtc,False,0.0008832579478621483,True,True,False,1,False,True,False,0,0.0,,,,,,,,,,,,,0.002269981966163611,0.2970012510286959,0.6659728021586366,0.03702594637213529,,,,,,,,,,,,,,,False,temporal_v1,False,0.00014684704685230624,0.16910229645093947,3.583841870210689,0.8613910233132845,69.30073723270843,1603.6585837377006,0.0006741874837631713,0.0015117462508555514,8.404823054488808e-05,0.0,0.0,0.16124854827532017,0.17745864339258094,0.14941754457412082,0.02989762767166303,0.30409398090371004,340.26213134042655,0.008640578269609619,1.2578579769057563,-0.0007438860789601371,1966.6666666666667,0.01440529017925006,True,0.0016159001388587058,0.16124854827532017,False,True,True,False,False,0,20
63,2026-08-08T15:35:03.207568,shadow,silero,webrtc,False,0.0007543136598542333,True,True,False,1,False,True,False,0,0.0,,,,,,,,,,,,,0.0017048846781706035,0.4542174858263541,0.502239907641852,0.04354260594524394,,,,,,,,,,,,,,,False,temporal_v1,False,0.00012800388607270706,0.1544885177453027,3.8601233015992134,0.8718417814349133,68.09242905390924,1531.349548463681,0.0007743884321425243,0.0008562611233044126,7.423512172366661e-05,0.0,0.0,0.10490221512620007,0.1422343959848866,0.14910813789571098,0.01877057769769439,0.2729191126701666,329.5751070151657,0.007064567131796231,1.5828400795698687,-0.0009571452470580319,1900.0000000000002,0.008678935129879562,True,0.0016159001388587058,0.10490221512620007,False,True,True,False,False,0,20
64,2026-08-08T15:35:03.216930,shadow,silero,webrtc,False,0.0007543136598542333,True,True,False,1,False,True,False,0,0.0,,,,,,,,,,,,,0.001597769680542026,0.43858212467647467,0.4984237626730544,0.06299411202459862,,,,,,,,,,,,,,,False,temporal_v1,False,0.0001234834302679716,0.16701461377870563,3.716847168431505,0.8511886809110419,67.65539634311276,1851.1448490021535,0.0007007532212357739,0.0007963663760606806,0.00010065008224557154,0.0,0.0,0.11397427702699754,0.13009237505076318,0.1348128000745902,0.018580375782881006,0.16605598438633887,227.9757982013679,0.007676474892005432,0.8656108603983681,-0.0005129251812659651,2066.666666666667,0.05387739015346189,True,0.0016159001388587058,0.11397427702699754,False,True,True,False,False,0,20
65,2026-08-08T15:35:03.224701,shadow,silero,webrtc,False,0.000766924349591136,True,True,False,1,False,True,False,0,0.0,,,,,,,,,,,,,0.0014025076191216716,0.5277565646192266,0.4207803521880659,0.05146308247969887,,,,,,,,,,,,,,,False,temporal_v1,False,0.00011862158728040043,0.15866388308977036,3.864919647081621,0.8667356035407848,67.35952937000677,1697.217374120842,0.0007401826029199441,0.0005901476499204628,7.217736528126468e-05,0.0,0.0,0.1146937354948,0.12523634922843388,0.013233114309874035,0.01806056680908741,0.10614570699397602,82.1906981817227,0.007447272051479598,0.9963970888141289,-0.0005913763206801215,2000.0000000000002,0.04063006657511329,True,0.0013938784832134843,0.1146937354948,False,True,True,False,False,0,20
66,2026-08-08T15:35:03.231195,shadow,silero,webrtc,False,0.0006157318130135536,True,True,False,1,False,True,False,0,0.0,,,,,,,,,,,,,0.0008288059718303839,0.500645465100328,0.4323368706117429,0.06701766308137398,,,,,,,,,,,,,,,False,temporal_v1,False,9.523339478461147e-05,0.162839248434238,3.9399566485368993,0.8695864087311374,65.27877049544139,1643.4479351708019,0.00041493795124495194,0.00035832338020547254,5.554463937995941e-05,0.0,0.0,0.11886138769009466,0.13147678412069097,0.01541887007459846,0.017242034563637557,0.12246211472211531,79.66001801481066,0.003963786200501149,1.1040354250518478,-0.0006603781462371278,1966.6666666666667,0.0332985857226441,True,0.0010415620054118335,0.11886138769009466,False,True,True,False,False,0,20
67,2026-08-08T15:35:03.238140,shadow,silero,webrtc,False,0.0006234314059838653,True,True,False,1,False,True,False,0,0.0,,,,,,,,,,,,,0.0011011933349964124,0.662219313503841,0.3037047733154085,0.03407591227264492,,,,,,,,,,,,,,,False,temporal_v1,False,0.00010588883175673346,0.1419624217118998,3.758470758710136,0.903285927723899,66.46684027309882,1469.225044042393,0.0007292314943363295,0.00033443767218152413,3.752416747855904e-05,0.0,0.0,0.14630411269088503,0.15506293697930548,0.01533956847615698,0.01985385123669101,0.12248336032072771,99.47331795183202,0.005345741123828455,1.4424228667753325,-0.0008703332715451049,1700.0000000000002,0.011141329090408192,True,0.0008250911487266421,0.14630411269088503,False,True,True,False,False,0,20
68,2026-08-08T15:35:03.248567,shadow,silero,webrtc,False,0.000607543857768178,True,True,False,1,False,True,False,0,0.0,,,,,,,,,,,,,0.0012323720647350346,0.6457986492319983,0.29696524523959544,0.057236104716963054,,,,,,,,,,,,,,,False,temporal_v1,False,0.00010951695835795265,0.15866388308977036,3.835617746268591,0.8846310341438349,66.69647318418632,1581.1336617069194,0.0007958642147571341,0.00036597167243046616,7.053617654743442e-05,0.0,0.0,0.15429737774843094,0.1624078258921999,0.014548449629600153,0.01321026473449384,0.11947985345634533,99.4569753494677,0.0063604328495208765,1.4317683813187156,-0.0008566915044944869,1800.0000000000002,0.013892075811187652,True,0.0007606190047226846,0.15429737774843094,False,True,True,False,False,0,20
69,2026-08-08T15:35:03.258370,shadow,silero,webrtc,False,0.0005528408219106495,True,True,False,1,False,True,False,0,0.0,,,,,,,,,,,,,0.0007228351458947606,0.5680334812872002,0.3622933385332789,0.0696731787960795,,,,,,,,,,,,,,,False,temporal_v1,False,9.019608643175203e-05,0.13987473903966596,3.7887642310495013,0.8833534011447951,64.81300305060257,1627.027149534494,0.0004105945643193421,0.00026187835821540255,5.036222236001586e-05,0.0,0.0,0.14673626212811852,0.15572089072265524,0.015955779649224303,0.013172268521375664,0.11602544047023242,96.94337073543629,0.005806946882774769,1.204592539724069,-0.0007169372665991163,1900.0000000000002,0.02314862109688623,True,0.0007543136598542333,0.14673626212811852,False,True,True,False,False,0,20
70,2026-08-08T15:35:03.272853,shadow,silero,webrtc,False,0.0005073373904451728,True,True,False,1,False,True,False,0,0.0,,,,,,,,,,,,,0.0012989272189952135,0.6661497489656593,0.24439625423324637,0.0894539960312284,,,,,,,,,,,,,,,False,temporal_v1,False,0.00011753779204362973,0.14822546972860126,3.7957089915978797,0.8968299219369711,67.42173409144468,1589.2019040183689,0.0008652800408583234,0.0003174529468440379,0.00011619423029285238,0.0,0.0,0.15353100106166903,0.16470304744756434,0.01803440441689301,0.011774604302466452,0.09400991564338036,97.57738497571145,0.0039114401969443475,1.1859196381694206,-0.0007088281721784725,1566.6666666666667,0.02523094827329853,True,0.0006888725329190493,0.15353100106166903,False,True,True,False,False,0,20
71,2026-08-08T15:35:03.282530,shadow,silero,webrtc,False,0.0005297755706124008,True,True,False,1,False,True,False,0,0.0,,,,,,,,,,,,,0.001958396009365967,0.7310602028719814,0.20441128065731365,0.06452851596008295,,,,,,,,,,,,,,,False,temporal_v1,False,0.00013946342594475258,0.13987473903966596,3.580615475158667,0.8998777134545834,69.01925497846207,1572.064631410095,0.0014317053839107627,0.0004003182363086697,0.00012637238814653456,0.0,0.0,0.1252554501215185,0.1325400210520852,0.01593175608489498,0.01047176300959036,0.11169315644555634,97.71712721544685,0.003505089487524927,1.5326955716424735,-0.0009183674898050015,1733.3333333333335,0.009890529149043148,True,0.0006195816094987094,0.1252554501215185,False,True,True,False,False,0,20
72,2026-08-08T15:35:03.295402,shadow,silero,webrtc,False,0.0005104435258544981,True,True,False,1,False,True,False,0,0.0,,,,,,,,,,,,,0.0019654914194663243,0.7218653724853403,0.22099245787495314,0.05714216913092783,,,,,,,,,,,,,,,False,temporal_v1,False,0.00013763414920102426,0.12526096033402923,3.688486854330675,0.8961327772801495,68.88017689865661,1629.0349845388585,0.0014188201956297985,0.0004343587797199935,0.00011231244311653212,0.0,0.0,0.10251486165003737,0.10539257432410759,0.014389552565673206,0.012281892342449042,0.09753342056433868,97.67896824158717,0.004925177663784793,1.0986128434856446,-0.0006498101405308963,1666.6666666666667,0.03006496412645561,True,0.0006116378353908658,0.10251486165003737,False,True,True,False,False,0,20
73,2026-08-08T15:35:03.308256,shadow,silero,webrtc,False,0.00045675263390876353,True,True,False,1,False,True,False,0,0.0,,,,,,,,,,,,,0.0030387371653209064,0.6991398276586519,0.20145934576358415,0.09940082624867988,,,,,,,,,,,,,,,False,temporal_v1,False,0.00017055113240872346,0.1315240083507307,3.7408872994095437,0.8924085840319862,70.8081903741247,1575.2410058093835,0.002124502178062399,0.0006121820012730381,0.00030205298498546946,0.0,0.0,0.09579616153659372,0.10005345722979385,0.017527834358488023,0.013276086092346262,0.09461488743419938,94.57482453058054,0.003778241945627705,1.3237528534672918,-0.0007938305873112349,1866.6666666666667,0.01837555711218732,True,0.0005801923398394138,0.09579616153659372,False,True,True,False,False,0,20
74,2026-08-08T15:35:03.321657,shadow,silero,webrtc,False,0.00042204008786939085,True,True,False,1,False,True,False,0,0.0,,,,,,,,,,,,,0.004249683297044748,0.6593508160746041,0.27727663625934496,0.06337254743073924,,,,,,,,,,,,,,,False,temporal_v1,False,0.00020197622710095968,0.13569937369519833,3.9655156297272023,0.8969685710814418,72.3434472631467,1538.908624946279,0.002802032149965069,0.0011783378897720904,0.00026931325630758857,0.0,0.0,0.07565852867024431,0.0803597663035572,0.017523226011688577,0.011899791231732779,0.1087319189920444,59.170959387143675,0.002570976536319587,1.8699853836473344,-0.0011311159146172862,1566.6666666666667,0.006557898273949069,True,0.0005413081962615252,0.07565852867024431,False,True,True,False,False,0,20
75,2026-08-08T15:35:03.336059,shadow,silero,webrtc,False,0.0004539626825135201,True,True,False,1,False,True,False,0,0.0,,,,,,,,,,,,,0.004077604390740101,0.7317759604476795,0.21068773941959143,0.05753629988748689,,,,,,,,,,,,,,,False,temporal_v1,False,0.0001955550264653659,0.16701461377870563,3.8096839635504653,0.904603174501739,72.092296322864,1522.3882767836737,0.0029838928693595125,0.0008591012513324323,0.00023461026904815572,0.0,0.0,0.07045399411831059,0.07215611971939243,0.017132771897808586,0.013112575154440257,0.10646448393636761,50.81150924506576,0.0014450122164705462,1.6863572098768433,-0.001011186408879813,1500.0,0.008943855859650258,True,0.0005201095482334495,0.07045399411831059,False,True,True,False,False,0,20
76,2026-08-08T15:35:03.347517,shadow,silero,webrtc,False,0.000519547495059669,True,True,False,1,False,True,False,0,0.0,,,,,,,,,,,,,0.009958796631335755,0.7511396115256914,0.20206122754073005,0.04679916083316471,,,,,,,,,,,,,,,False,temporal_v1,False,0.00030576783692693463,0.11064718162839249,3.827757562627991,0.9174771933758387,76.1044374969799,1480.8601059540595,0.007480446632924903,0.00201228667215619,0.00046606332525466095,0.0,0.0,0.05193738539740651,0.05247465421592004,0.01805491842262096,0.01522720879232607,0.09545147187686633,52.22657659693937,0.0009209486344255282,1.366790728313674,-0.0008084282829536061,1333.3333333333335,0.017262582201485667,True,0.0005149955104570836,0.05193738539740651,False,True,True,False,False,0,20
77,2026-08-08T15:35:03.359317,shadow,silero,webrtc,False,0.0006438337732106447,True,True,False,1,False,True,False,0,0.0,,,,,,,,,,,,,0.009410225156301598,0.5859356700667983,0.34800909268587227,0.06605523714106196,,,,,,,,,,,,,,,False,temporal_v1,False,0.0002939487931684371,0.16701461377870563,3.9272421021622175,0.8821330755313801,75.58776568205688,1541.1464835708045,0.0055137865824370184,0.0032748439186142896,0.0006215946542502889,0.0,0.0,0.05956703767430824,0.0581775942922968,0.015070842912531714,0.017286214233389937,0.10476870265931941,43.69071091080618,0.0019848799766776287,2.043000640832356,-0.001241724611340287,1900.0000000000002,0.0038342744924857327,True,0.0005149955104570836,0.05956703767430824,False,True,True,False,False,0,20
78,2026-08-08T15:35:03.366935,shadow,silero,webrtc,False,0.0010503092780709267,True,True,True,1,False,True,False,0,0.0,,,,,,,,,,,,,0.023341885681814813,0.16675027088196676,0.7017434308743693,0.13150629820082255,,,,,,,,,,,,,,,False,temporal_v1,False,0.000456007732051704,0.23173277661795408,3.901116755876242,0.76676327309532,78.82342282570933,1885.9498419320341,0.003892265760338521,0.016380014941434044,0.003069604979042249,0.0,0.0,0.1646148957886363,0.14621164762556838,0.024015890734427944,0.03189511819656173,0.10900096285497808,105.88618365792956,0.006861890146842715,0.8451913264626418,-0.0004903623803487911,2433.3333333333335,0.035433816513922384,True,0.0005149955104570836,0.1646148957886363,False,True,True,False,False,0,20
79,2026-08-08T15:35:03.375718,shadow,silero,webrtc,False,0.0028231926262378693,True,True,True,1,False,True,False,0,0.0,,,,,,,,,,,,,0.09032705099322569,0.23689229675476187,0.6318618177512989,0.13124588548286814,,,,,,,,,,,,,,,False,temporal_v1,False,0.0008893922309210169,0.22964509394572025,3.705434028743343,0.7770484083780889,84.69907933313107,1919.829233497262,0.021397782568869726,0.057074214632693854,0.01185505379066209,0.0,0.0,0.20235216345034565,0.17725726600076433,0.029290854442298942,0.03957797072888348,0.1128555797480115,143.99356415508302,0.006998812702759103,0.8626798034760992,-0.0004973825914763438,2466.666666666667,0.03644341685567847,True,0.0005149955104570836,0.20235216345034565,False,True,True,False,False,0,20
80,2026-08-08T15:35:03.378806,shadow,silero,webrtc,False,0.0028231926262378693,True,True,True,1,False,True,False,0,0.0,,,,,,,,,,,,,0.2687608263903304,0.2646974320219724,0.6233530678307582,0.11194950014354883,,,,,,,,,,,,,,,False,temporal_v1,False,0.0015298993714967107,0.22338204592901878,3.724264915090899,0.7891823630336974,89.48103834672025,1825.144987521873,0.0711403005736236,0.16753288564314223,0.030087640172564593,0.0,0.0,0.22302239427225815,0.1956773668846241,0.030706109172324088,0.04379359165829574,0.11478172463714638,155.0267112320995,0.006240417698830211,0.9412389135210877,-0.0005499312780219463,2300.0,0.024369723530190762,True,0.0005246615328360349,0.22302239427225815,False,True,True,False,False,0,20
81,2026-08-08T15:35:03.384254,shadow,silero,webrtc,False,0.007764201145619154,True,True,True,1,False,True,False,0,0.0,,,,,,,,,,,,,0.5206729791916197,0.49903541539372576,0.4438182332954355,0.05714635130891812,,,,,,,,,,,,,,,False,temporal_v1,False,0.0021290337170911055,0.16075156576200417,3.246021466260993,0.8511694530989717,92.6805221459937,1760.9756061541214,0.25983425645517866,0.23108416174949573,0.029754560985945314,0.0,0.0,0.21542436079534402,0.18945603620851967,0.031224562099358963,0.04297990557814704,0.19253144045503404,156.00067141362018,0.010061274998997656,0.9676148539413298,-0.0005629611691368574,2133.3333333333335,0.01726017697310023,True,0.0005816906341351569,0.21542436079534402,False,True,True,False,False,0,20
82,2026-08-08T15:35:03.390623,shadow,silero,webrtc,False,0.01020857784897089,True,True,True,1,False,True,False,0,0.0,,,,,,,,,,,,,0.21637485559151268,0.5358107960160178,0.398306491588532,0.06588271239082867,,,,,,,,,,,,,,,False,temporal_v1,False,0.0013746462791594943,0.19206680584551147,3.615927044887058,0.8308159079731102,88.77440830400998,1748.572405081935,0.1159359836123393,0.08618350959863066,0.014255362379542717,0.0,0.0,0.20602267407779115,0.18129286787053764,0.030627083389545395,0.04091858037578289,0.19618285912941494,157.1366499423216,0.00829535917568618,1.125584142398861,-0.0006556483419955067,2166.666666666667,0.016749672066126754,True,0.0008470715256407857,0.20602267407779115,False,True,True,False,False,0,20
83,2026-08-08T15:35:03.400951,shadow,silero,webrtc,False,0.015045258216559887,True,True,True,1,False,True,False,0,0.0,,,,,,,,,,,,,0.22757919451749953,0.5425547728584438,0.4018809612846293,0.05556426585253278,,,,,,,,,,,,,,,True,temporal_v1,False,0.0014116137092404794,0.17745302713987474,3.3998103380608553,0.8370581302897765,89.03740372146034,1661.8873660745787,0.12347417818874956,0.09145974546107435,0.012645270866675615,0.0,0.0,0.19703896111568026,0.16843187565938775,0.031112048359696484,0.03827924303861853,0.22210979645311052,153.47285464356625,0.00519584790689536,1.4124360662431483,-0.0008313338270904551,2100.0,0.007395392772635792,True,0.001936750952154398,0.19703896111568026,False,True,True,False,False,0,20
84,2026-08-08T15:35:03.411634,shadow,silero,webrtc,False,0.011403261683881283,True,True,True,1,False,True,False,0,0.0,,,,,,,,,,,,,1.0945387873361734,0.5613112426586416,0.37487919545572074,0.063809561884724,,,,,,,,,,,,,,,True,temporal_v1,False,0.0030855744031099844,0.17536534446764093,2.9807055715365527,0.8594303124366367,95.94588822541377,1730.4189535440048,0.6143769268577501,0.4103198199916649,0.06984204048575832,0.0,0.0,0.19108579472688728,0.16237148620189443,0.031090779479169075,0.035483850517676496,0.2945182902508574,145.33608569716452,0.014664059796765945,1.133913165915077,-0.0006629339226246416,2000.0000000000002,0.011179953925309629,True,0.0028231926262378693,0.19108579472688728,False,True,True,False,False,0,20
85,2026-08-08T15:35:03.421013,shadow,silero,webrtc,False,0.013663703575730324,True,True,True,1,True,True,False,1,0.0,,,,,,,,,,,,,0.8883934610344375,0.230673627929224,0.5705665937867571,0.19875977828289326,,,,,,,,,,,,,,,True,temporal_v1,False,0.0027802926958160066,0.22338204592901878,3.442299071802142,0.764614253712133,94.53400910058048,1951.9045803432473,0.2049289426854134,0.5068876310048471,0.17657688734317697,0.0,0.0,0.18612013359227336,0.14822969076407944,0.04650206223532227,0.036866371698779314,0.2906806571861965,147.6678405225156,0.009763900139035084,1.885672601697106,-0.0011133052768150676,2933.3333333333335,0.002014213118211613,True,0.005293696885928512,0.18612013359227336,True,True,True,True,True,1,20
86,2026-08-08T15:35:03.428902,shadow,silero,webrtc,False,0.009702037088572979,True,True,True,1,True,True,False,1,0.0,,,,,,,,,,,,,0.7313512025155218,0.10514950683810294,0.7263883629745345,0.1684621301859953,,,,,,,,,,,,,,,True,temporal_v1,False,0.0025221081063828226,0.21294363256784968,3.6795307097312966,0.7699551997516466,93.71751931722676,1883.6631916987271,0.07690121826996066,0.5312450027547071,0.12320498148985404,0.0,0.0,0.17797136604359087,0.13658017395480754,0.04871901247107679,0.026361902434655304,0.2811415437612533,121.12948836979827,0.006342874409876835,1.4953770184794588,-0.0008649881634373513,2633.3333333333335,0.005391068495314881,True,0.008733119117096066,0.17797136604359087,True,True,True,True,True,2,20
87,2026-08-08T15:35:03.438263,shadow,silero,webrtc,False,0.008546213619410992,True,True,True,1,True,True,False,1,0.0,,,,,,,,,,,,,0.6230466999725799,0.1402580478482461,0.7479059185688992,0.11183603358124963,,,,,,,,,,,,,,,True,temporal_v1,False,0.0023281679481195914,0.21085594989561587,3.7556675936211064,0.7846275000038366,93.1042359457045,1874.7896740490166,0.08738731385644595,0.4659803144543137,0.06967907166082021,0.0,0.0,0.17481317295508272,0.13829164006250166,0.04695995670053043,0.0241702808157099,0.2629920051075485,89.5653595373701,0.005291088381751661,1.1779780451919888,-0.0006826651655303631,2266.666666666667,0.013868991831131858,True,0.009124125353991985,0.17481317295508272,True,True,True,True,True,3,20
88,2026-08-08T15:35:03.450837,shadow,silero,webrtc,False,0.006305389106273651,True,True,True,1,True,True,False,1,0.0,,,,,,,,,,,,,0.6779384710361788,0.08097239600167382,0.8615812560640036,0.057446347932847516,,,,,,,,,,,,,,,True,temporal_v1,False,0.002426701655243128,0.18789144050104384,3.420870208684896,0.8319820024285973,93.71858703829213,1725.1018112160502,0.05489430234151074,0.584099079409461,0.03894508928420699,0.0,0.0,0.1843734220101514,0.16090032910948968,0.04873029082378826,0.022625125513388442,0.23606101162380844,91.47473692545536,0.006299136542736097,1.7987172939425435,-0.0010441000211216952,1866.6666666666667,0.0015911102365592776,True,0.009124125353991985,0.1843734220101514,True,True,True,True,True,4,20
89,2026-08-08T15:35:03.460600,shadow,silero,webrtc,False,0.005967259407043457,True,True,True,1,True,True,False,1,0.0,,,,,,,,,,,,,0.8752748592424175,0.13969393653505083,0.8219881902138249,0.038317873249981906,,,,,,,,,,,,,,,True,temporal_v1,False,0.00275835379062675,0.162839248434238,2.6743415086282885,0.8746737190086477,95.04847951332292,1623.8871824236137,0.12227059063773582,0.719465597488335,0.03353867111534671,0.0,0.0,0.1909300431970795,0.17660206426714117,0.051109705357128006,0.02256339771344324,0.32929691375130515,98.20655228448996,0.012607728592799142,1.1220132462783987,-0.0006459300836927857,1500.0,0.004957714061422004,True,0.009124125353991985,0.1909300431970795,True,True,True,True,True,5,20
90,2026-08-08T15:35:03.471873,shadow,silero,webrtc,False,0.004907552152872086,True,True,True,1,True,True,False,1,0.0,,,,,,,,,,,,,0.6097036969979716,0.1961735177025967,0.7587956002039339,0.04503088209182928,,,,,,,,,,,,,,,True,temporal_v1,False,0.002301744578753135,0.17745302713987474,3.4279874679034448,0.8497522876498761,93.35095042182546,1657.9666676267843,0.11960771899637022,0.46264048271013325,0.027455495290468063,0.0,0.0,0.19364388983718184,0.18317031764803704,0.05254056990526034,0.020421976113083915,0.31106807922365604,102.97957842199239,0.011551983449153105,1.1607989139617827,-0.0006700989507749008,1633.3333333333335,0.007815053946162163,True,0.009124125353991985,0.19364388983718184,True,True,True,True,True,6,20
91,2026-08-08T15:35:03.479618,shadow,silero,webrtc,False,0.004250559024512768,True,True,True,1,True,True,False,1,0.0,,,,,,,,,,,,,1.1041028866531355,0.11346479807794559,0.8542265885391421,0.03230861338200668,,,,,,,,,,,,,,,True,temporal_v1,False,0.0030983859266227104,0.1732776617954071,3.1914523393580185,0.8387763688944848,95.87652729850421,1781.0545370512637,0.12527681109137487,0.943154042261927,0.0356720332988337,0.0,0.0,0.18913824221836195,0.18713599677089418,0.05441035008576145,0.019043740178674252,0.313564025252197,103.13728169906534,0.010279829187398407,0.9295800070485956,-0.0005301132916186753,1800.0000000000002,0.013847151879798148,True,0.009124125353991985,0.18913824221836195,True,True,True,True,True,7,20
92,2026-08-08T15:35:03.486719,shadow,silero,webrtc,False,0.00410401402041316,True,True,True,1,True,True,False,1,0.0,,,,,,,,,,,,,0.7054314555269313,0.15428236470223178,0.78078461053138,0.06493302476497065,,,,,,,,,,,,,,,True,temporal_v1,False,0.002479998442676426,0.18789144050104384,3.3849587790327145,0.8036683637304589,93.7570263820988,1942.092075586372,0.10883563309403221,0.5507900242601796,0.04580579817171952,0.0,0.0,0.16786775064402457,0.16972366085936252,0.05444225824418798,0.01902542228079211,0.30207393958381,115.81707458641328,0.010885845785007273,0.933215233912283,-0.000536919879634996,2066.666666666667,0.025756565705945436,True,0.007425801362842321,0.16786775064402457,True,True,True,True,True,8,20
93,2026-08-08T15:35:03.494247,shadow,silero,webrtc,False,0.004824663978070021,True,True,True,1,True,True,False,1,0.0,,,,,,,,,,,,,0.5417506806453034,0.22060632160837457,0.6383453613342472,0.14104831705553242,,,,,,,,,,,,,,,True,temporal_v1,False,0.0021710736364219867,0.25052192066805845,3.679880245250898,0.748401765805215,92.29233562387435,1943.9481073082734,0.11951362488599362,0.3458240339896006,0.07641302176870925,0.0,0.0,0.1309751352491606,0.1421874509794882,0.05604920982703499,0.025974665578281063,0.3192111700071595,117.15805836392065,0.007146248717814565,1.0031632374323922,-0.0005784868665134402,2466.666666666667,0.021706970397097524,True,0.006136324256658554,0.1309751352491606,True,True,True,True,True,9,20
94,2026-08-08T15:35:03.507419,shadow,silero,webrtc,False,0.007299194578081369,True,True,True,1,True,True,False,1,0.0,,,,,,,,,,,,,0.09914010817579674,0.5240839067608658,0.3736498728020605,0.10226622042698698,,,,,,,,,,,,,,,True,temporal_v1,False,0.0009290011694379389,0.19832985386221294,3.644194547635977,0.8144285316280475,85.28179448036767,1727.7726386511308,0.05195773520946641,0.037043688809468976,0.010138684155861364,0.0,0.0,0.1206081928357772,0.14248043172079103,0.0552837448435417,0.025025211637082045,0.30113724148997656,117.3437042893002,0.0076195348823599055,1.5364915406281556,-0.0008934669157068906,2200.0,0.005075072066589876,True,0.006136324256658554,0.1206081928357772,True,True,True,True,True,10,20
95,2026-08-08T15:35:03.520361,shadow,silero,webrtc,False,0.010851242579519749,True,True,True,1,True,True,False,1,0.0,,,,,,,,,,,,,0.04172116322969153,0.45202510885380304,0.45775423757398753,0.09022065354824076,,,,,,,,,,,,,,,True,temporal_v1,False,0.0006037827938206486,0.20876826722338204,3.724051218057311,0.8243438659169535,81.58460549781776,1695.2096873906669,0.0188590133504086,0.01909803926490733,0.003764110613375601,0.0,0.0,0.14398934287770637,0.15706453701626333,0.043436807420599285,0.023934715069672673,0.31387038309129983,111.70114645068263,0.007661793037039983,1.2804059302971311,-0.0007524354014014718,2066.666666666667,0.012713220945596732,True,0.006136324256658554,0.14398934287770637,True,True,True,True,True,11,20
96,2026-08-08T15:35:03.524981,shadow,silero,webrtc,False,0.010851242579519749,True,True,True,1,True,True,False,1,0.0,,,,,,,,,,,,,0.16115810926790253,0.18302599368348144,0.6295166397643029,0.18745736654601053,,,,,,,,,,,,,,,True,temporal_v1,False,0.0011863937664352256,0.22755741127348644,3.982891186445468,0.7415787672732569,87.00134883064975,1888.6653905709175,0.02949612308890894,0.10145171141709837,0.03021027476089522,0.0,0.0,0.14001456720345293,0.15825322480578358,0.04728209036085749,0.025267860821854185,0.3467275975131463,112.1497029890125,0.005482151685881857,1.2293677159265102,-0.0007223195022940055,2833.3333333333335,0.01717527024129104,True,0.006136324256658554,0.14001456720345293,True,True,True,True,True,12,20
97,2026-08-08T15:35:03.538184,shadow,silero,webrtc,False,0.02946697734296322,True,True,True,1,True,True,False,1,0.0,,,,,,,,,,,,,0.6509652968936752,0.051054636136362345,0.7631716111558243,0.18577375270627713,,,,,,,,,,,,,,,True,temporal_v1,False,0.0023801685349940883,0.22755741127348644,3.739594671174987,0.7443030276308,93.06736596666902,2006.6226489136186,0.03323479637030567,0.49679823443687565,0.1209322660854939,0.0,0.0,0.14748242160419836,0.15885325538538933,0.055620060746252996,0.02654642647136829,0.3455211439103318,128.38047031833153,0.006469695093138296,0.8848457120302611,-0.0005046777001614039,2800.0,0.02808441199543282,True,0.006136324256658554,0.14748242160419836,True,True,True,True,True,13,20
98,2026-08-08T15:35:03.551327,shadow,silero,webrtc,False,0.009978669695556164,True,True,True,1,True,True,False,1,0.0,,,,,,,,,,,,,0.9364232713628653,0.046762698213644316,0.8638033627200391,0.08943393906524869,,,,,,,,,,,,,,,True,temporal_v1,False,0.00285248916692344,0.18997912317327767,3.011264768234834,0.8219722264056974,95.07041141813998,1816.481745014318,0.04378967883897523,0.8088855707325427,0.08374802179034734,0.0,0.0,0.1508300898364958,0.15908892512463274,0.05430243346086191,0.026456796513471215,0.3740374325165549,126.00899869770846,0.011890158246330843,1.0454053271091768,-0.0006001796171531693,1900.0000000000002,0.010278148401611585,True,0.006633226992562413,0.1508300898364958,True,True,True,True,True,14,20
99,2026-08-08T15:35:03.565295,shadow,silero,webrtc,False,0.004309260752052069,True,True,True,1,True,True,False,1,0.0,,,,,,,,,,,,,0.6194641373594143,0.061969268685144394,0.7751029018009719,0.16292782951226942,,,,,,,,,,,,,,,True,temporal_v1,False,0.002321126356966998,0.21711899791231734,3.475341569752646,0.7730438188445454,93.01343877792051,1920.810982459814,0.03838773956883674,0.48014845042891785,0.1009279473606597,0.0,0.0,0.15606746694263468,0.15591306365525986,0.05354290713124728,0.02360466643023394,0.2720634483762437,113.3910610971073,0.010348010543351677,0.9741286051475629,-0.0005588273961552292,2666.666666666667,0.01779169190644755,True,0.0061033733654767275,0.15606746694263468,True,True,True,True,True,15,20
100,2026-08-08T15:35:03.577707,shadow,silero,webrtc,False,0.004929428920149803,True,True,True,1,True,True,False,1,0.0,,,,,,,,,,,,,1.1016743125285104,0.03853607889697927,0.8672818396503144,0.09418208145179843,,,,,,,,,,,,,,,True,temporal_v1,False,0.0030956803140145153,0.1732776617954071,3.1090454807970573,0.8276133079452638,95.81082849466387,1761.4837811988427,0.04245420822637408,0.9554621244652219,0.10375797983591421,0.0,0.0,0.16347790926233247,0.16392472004555483,0.04943915153107078,0.02413418958934184,0.2990586142498155,100.4656907486277,0.014379020504323835,1.288354675238921,-0.0007411895460956313,1900.0000000000002,0.005463470712190815,True,0.006114311749115586,0.16347790926233247,True,True,True,True,True,16,20
101,2026-08-08T15:35:03.588453,shadow,silero,webrtc,False,0.004738073330372572,True,True,True,1,True,True,False,1,0.0,,,,,,,,,,,,,1.4128530829241943,0.04365219205004546,0.9125277872579517,0.043820020691295127,,,,,,,,,,,,,,,True,temporal_v1,False,0.003506519421544834,0.15657620041753653,2.0752945813429413,0.8642758517407055,97.0813488630439,1666.397629457607,0.06167413411430574,1.2892676974813904,0.06191125132749831,0.0,0.0,0.16779938001100392,0.17020959038598402,0.047598843924527554,0.02673864325108203,0.5188031237854103,113.23057360215509,0.01334592011083126,1.2295526544385234,-0.000711021916326823,1633.3333333333335,0.004829785807618456,True,0.006114311749115586,0.16779938001100392,True,True,True,True,True,17,20
102,2026-08-08T15:35:03.605737,shadow,silero,webrtc,False,0.004765709396451712,True,True,True,1,True,True,False,1,0.0,,,,,,,,,,,,,0.941301579983023,0.07235485179460745,0.8708385725995543,0.056806575604775825,,,,,,,,,,,,,,,True,temporal_v1,False,0.002865645586730062,0.16701461377870563,3.2762003183407375,0.8404664059126651,95.20691823483625,1693.6617197858131,0.06810773631370146,0.819721724298121,0.053472119370200535,0.0,0.0,0.17071259861257282,0.17619483053392754,0.04852759457386611,0.028643127993557407,0.5197798136999345,114.68032880030101,0.013823023172768472,1.0588814606353332,-0.0006149803552927525,1766.6666666666667,0.013633052387255313,True,0.006114311749115586,0.17071259861257282,True,True,True,True,True,18,20
103,2026-08-08T15:35:03.614990,shadow,silero,webrtc,False,0.004080608021467924,True,True,True,1,True,True,False,1,0.0,,,,,,,,,,,,,0.4546342004547863,0.1530201758326837,0.7803293079823554,0.0666505161827612,,,,,,,,,,,,,,,True,temporal_v1,False,0.0020007115340666707,0.15866388308977036,3.4823319670569557,0.8409193553494747,92.08794782885715,1674.8885010151876,0.06956820529314298,0.3547643910259949,0.030301604134648438,0.0,0.0,0.1698876971110786,0.17514726720843388,0.049712680519763186,0.026121907840696543,0.511380714845806,112.12603027779613,0.008814789663212152,1.2358603533720125,-0.0007153079825570419,1766.6666666666667,0.013588096267985359,True,0.006114311749115586,0.1698876971110786,True,True,True,True,True,19,20
104,2026-08-08T15:35:03.626796,shadow,silero,webrtc,False,0.0044055054895579815,True,True,True,1,False,True,False,0,0.0,,,,,,,,,,,,,0.3035961956100724,0.17662198958550557,0.7621175407955262,0.0612604696156746,,,,,,,,,,,,,,,True,temporal_v1,False,0.0016378990453489869,0.17536534446764093,3.705144740599384,0.8452597344098915,90.37179098104792,1672.6919592270067,0.05362176409924132,0.2313759859932259,0.018598445516605243,0.0,0.0,0.12087390821343531,0.12891434286387235,0.051665544866721945,0.026513569937369523,0.5151758780292219,116.09443476109685,0.004609612894794974,1.2532736606623636,-0.0007353428821958639,1633.3333333333335,0.017446812849892995,True,0.004847569158300757,0.12087390821343531,False,True,True,False,False,0,20
105,2026-08-08T15:35:03.636032,shadow,silero,webrtc,False,0.0038283441681414843,True,True,True,1,False,True,False,0,0.0,,,,,,,,,,,,,0.2474828414748782,0.18195140069839505,0.7620272552225804,0.05602134407498382,,,,,,,,,,,,,,,True,temporal_v1,False,0.001478066462361861,0.18997912317327767,3.5181627969533187,0.8613208301545862,89.56121282742679,1583.2086300235558,0.04502984965517295,0.1885886704037864,0.013864321414918827,0.0,0.0,0.060561329091008566,0.07782377210785493,0.05355219355628312,0.02578605036600336,0.5041358212724772,128.44962992583024,0.0044198168952836545,1.3402349728613072,-0.0007778700821104365,1700.0000000000002,0.010219591167436573,True,0.004751891363412142,0.060561329091008566,False,True,True,False,False,0,20
106,2026-08-08T15:35:03.645509,shadow,silero,webrtc,False,0.0032041475642472506,True,True,True,1,False,True,False,0,0.0,,,,,,,,,,,,,0.1666964085270826,0.2351678754583348,0.7315668632037807,0.033265261331885544,,,,,,,,,,,,,,,True,temporal_v1,False,0.0012129066370737426,0.17118997912317327,3.545548544137428,0.8752323745393698,87.91241266458455,1521.2831189577357,0.03920164023984866,0.12194956869349377,0.005545199592740156,0.0,0.0,0.06905691901603998,0.059509325869063594,0.04820709355527925,0.022547939359165943,0.46359255989469605,140.7715073282696,0.004310873657238393,1.322477361676333,-0.0007770527480873332,1533.3333333333335,0.01048868423789125,True,0.004571789409965277,0.06905691901603998,False,True,True,False,False,0,20
107,2026-08-08T15:35:03.653119,shadow,silero,webrtc,False,0.0026723744813352823,True,True,True,1,False,True,False,0,0.0,,,,,,,,,,,,,0.085020071349953,0.30610074684225813,0.6404196931347385,0.05347956001124144,,,,,,,,,,,,,,,True,temporal_v1,False,0.000868157477343115,0.15031315240083507,3.708517493114448,0.8735976954180015,84.99690675217421,1595.2319493567782,0.026024707336802688,0.054448528004230466,0.00454683600791984,0.0,0.0,0.08840214084519922,0.07758582626519549,0.03511552912310559,0.01876128763144967,0.46068875702295237,111.50187185734916,0.005546003861815338,1.1719290310714803,-0.0006886858858263785,1500.0,0.019567608964395432,True,0.004357383120805025,0.08840214084519922,False,True,True,False,False,0,20
108,2026-08-08T15:35:03.666277,shadow,silero,webrtc,False,0.002675653900951147,True,True,True,1,False,True,False,0,0.0,,,,,,,,,,,,,0.053738457702591606,0.35399909224936155,0.6062218002054458,0.039779107526584076,,,,,,,,,,,,,,,False,temporal_v1,False,0.0006917559241672837,0.13569937369519833,3.6540713699431295,0.8862601688132713,83.08309023672109,1590.8874845036491,0.01902336524559814,0.03257742456872929,0.0021376678872641816,0.0,0.0,0.10534017181209115,0.09235211117542345,0.03577333066769761,0.021306640204046892,0.4620600581205132,106.46130125156107,0.0043307589079234965,1.0417388295006997,-0.0006134751180253606,1400.0,0.028011880057211783,True,0.004194934386759996,0.10534017181209115,False,True,True,False,False,0,20
109,2026-08-08T15:35:03.680451,shadow,silero,webrtc,False,0.002832346595823765,True,True,True,1,False,True,False,0,0.0,,,,,,,,,,,,,0.03344613027273815,0.5568758678318501,0.4219041982890379,0.02121993384921313,,,,,,,,,,,,,,,False,temporal_v1,False,0.0005480944045590824,0.13569937369519833,3.4701201789430383,0.9172981253327882,81.20508290064821,1359.077613557591,0.01862534282124817,0.01411106277859031,0.0007097246718996682,0.0,0.0,0.15233487357076747,0.13948282480429003,0.019056875971116282,0.01659806197102377,0.46192666655623427,106.47375767325522,0.004950696685389541,1.5037648318092667,-0.0008952600794580319,1200.0,0.006570344867682069,True,0.003954476094804704,0.15233487357076747,False,True,True,False,False,0,20
110,2026-08-08T15:35:03.694996,shadow,silero,webrtc,False,0.0023802006617188454,True,True,True,1,False,True,False,0,0.0,,,,,,,,,,,,,0.016301145252486705,0.5217055652939178,0.41003093293541804,0.06826350170931884,,,,,,,,,,,,,,,False,temporal_v1,False,0.0003860523904484087,0.17118997912317327,3.933858697027754,0.875623947498826,77.94441177846467,1570.275328906675,0.00850439819888684,0.006683973795792884,0.001112773256806981,0.0,0.0,0.16574312991543252,0.16193575367313168,0.01443349284909136,0.01645962700995994,0.4838628053124428,94.37196327228217,0.006319563426472101,1.4180616794679892,-0.0008434258623316778,1700.0000000000002,0.015746770505382247,True,0.0035162458661943674,0.16574312991543252,False,True,True,False,False,0,20
111,2026-08-08T15:35:03.704516,shadow,silero,webrtc,False,0.0018559014424681664,True,True,True,1,False,True,False,0,0.0,,,,,,,,,,,,,0.02931864914626896,0.6137971869733924,0.3324199262322922,0.053782886760207385,,,,,,,,,,,,,,,False,temporal_v1,False,0.0005219647722748656,0.19206680584551147,3.9772715773699616,0.8870069279583002,80.63361055279636,1520.7815323610478,0.01799570437183974,0.009746103186433186,0.0015768415869960345,0.0,0.0,0.17899778789455675,0.17512577140053556,0.01431195654243429,0.018753155048262943,0.20430791944112583,93.11218162550013,0.002774775263231839,1.9375119168375983,-0.0011766377693568802,1800.0000000000002,0.005242342449978125,True,0.0030182470800355077,0.17899778789455675,False,True,True,False,False,0,20
112,2026-08-08T15:35:03.709372,shadow,silero,webrtc,False,0.0018559014424681664,True,True,True,1,False,True,False,0,0.0,,,,,,,,,,,,,0.0261660067589486,0.7097026279901043,0.23727711550601338,0.05302025646566481,,,,,,,,,,,,,,,False,temporal_v1,False,0.0004949582232821469,0.17118997912317327,3.9305919306567403,0.9050292166203651,80.25762319596892,1515.3319707317023,0.018570083760832655,0.006208594608074174,0.0013873283890417736,0.0,0.0,0.19337571849113577,0.19106111913468699,0.014204412013874217,0.01884588972206264,0.18534869510981863,86.10411158525164,0.0014929396410083406,1.3882978385142117,-0.0008294345970785713,1600.0,0.019201545487410307,True,0.002754000248387456,0.19337571849113577,False,True,True,False,False,0,20
113,2026-08-08T15:35:03.724820,shadow,silero,webrtc,False,0.0012476214906200767,True,True,True,1,False,True,False,0,0.0,,,,,,,,,,,,,0.04050961269204219,0.6943187006421292,0.25548507262523307,0.05019622670795225,,,,,,,,,,,,,,,False,temporal_v1,False,0.000613194052672388,0.1649269311064718,3.945792139727397,0.904731180055993,82.12300880935786,1510.0274102811986,0.02812658164785464,0.01034960134064646,0.0020334297025410893,0.0,0.0,0.1977244459325037,0.1976188534072105,0.013174093434719956,0.0187240812733016,0.18492992100052602,77.99985240332865,0.0005933433454558381,1.6177815838463727,-0.0009659594338316884,1566.6666666666667,0.011215530952674354,True,0.0026740141911432147,0.1977244459325037,False,True,True,False,False,0,20
114,2026-08-08T15:35:03.738785,shadow,silero,webrtc,False,0.0009488653740845621,True,True,True,1,False,True,False,0,0.0,,,,,,,,,,,,,0.03346737283308841,0.7365538370156871,0.21228577027697915,0.05116039267745399,,,,,,,,,,,,,,,False,temporal_v1,False,0.0005615824168279654,0.11064718162839249,3.8351681101784365,0.9120756752584674,81.39215906571042,1494.9012016977788,0.024650521875045836,0.007104647021019019,0.001712203936023559,0.0,0.0,0.19589428870082082,0.19796738764177704,0.012570987533531386,0.02456112305001209,0.18666178347410778,65.94324036433048,0.00042359256901913496,1.6251275144687558,-0.0009762466216208533,1500.0,0.01057075128510051,True,0.002526287571527064,0.19589428870082082,False,True,True,False,False,0,20
115,2026-08-08T15:35:03.752114,shadow,silero,webrtc,False,0.0006913302931934595,True,True,False,1,False,True,False,0,0.0,,,,,,,,,,,,,0.02341828887893306,0.7450979277626323,0.20463237681556767,0.050269695379098464,,,,,,,,,,,,,,,False,temporal_v1,False,0.00046854093706186824,0.10020876826722339,3.826233620355364,0.9143459353714757,79.82359151888078,1487.3259999261202,0.01744891851543972,0.004792140114249648,0.0011772302482436943,0.0,0.0,0.17918358429429676,0.18327810154477703,0.012320777125175755,0.027884439009710226,0.17024145253744324,63.881068204410845,0.00039773786475043814,1.7303383265143966,-0.0010393214094348564,1366.6666666666667,0.00832754855112075,True,0.002118051052093506,0.17918358429429676,False,True,True,False,False,0,20
116,2026-08-08T15:35:03.765277,shadow,silero,webrtc,False,0.0006344313151203096,True,True,False,1,False,True,False,0,0.0,,,,,,,,,,,,,0.031730666106786286,0.7373167894129288,0.20999317877314264,0.05269003178241333,,,,,,,,,,,,,,,False,temporal_v1,False,0.0005462641384064234,0.13778705636743216,3.8832324407546066,0.9110304879499465,81.14619020227339,1497.7636547350319,0.0233955528597893,0.006663223440353271,0.0016718898056437147,0.0,0.0,0.15313394549354162,0.15502274495110724,0.011431447340464626,0.02717518178751228,0.15240495736956694,64.09473151989229,0.00012658435499264808,1.723856245383802,-0.0010252906159112754,1433.3333333333335,0.008505440746951956,True,0.0018559014424681664,0.15313394549354162,False,True,True,False,False,0,20
117,2026-08-08T15:35:03.775447,shadow,silero,webrtc,False,0.0005344681558199227,True,True,False,1,False,True,False,0,0.0,,,,,,,,,,,,,0.025611577267112676,0.7369643032132885,0.21062781494705946,0.052407881800607146,,,,,,,,,,,,,,,False,temporal_v1,False,0.0004920364591401478,0.12108559498956159,3.856051902213952,0.9118148162029436,80.23840268105499,1495.408690029791,0.018874818194850995,0.0053945105571197235,0.001342248514141958,0.0,0.0,0.12265077294172522,0.12631934349991114,0.011397543204652834,0.028210765647780984,0.14832545442842363,58.19270676252425,0.00010651779076149225,1.783685032142878,-0.0010720516058661837,1433.3333333333335,0.007524550012735294,True,0.0015517614665441215,0.12265077294172522,False,True,True,False,False,0,20
118,2026-08-08T15:35:03.789331,shadow,silero,webrtc,False,0.0004765231569763273,True,True,False,1,False,True,False,0,0.0,,,,,,,,,,,,,0.02029485672410839,0.7254066321501068,0.22093639911034985,0.053656968690269806,,,,,,,,,,,,,,,False,temporal_v1,False,0.00043541302896988227,0.12526096033402923,3.89994879129156,0.9091468420729933,79.15878738044907,1498.786283418564,0.014722023666204417,0.004483872565084979,0.0010889604918189956,0.0,0.0,0.07852718993005664,0.08060640295598162,0.0109940861270476,0.028689500114304507,0.136854449406621,50.5234602120205,0.00014077866654821589,2.101392362984637,-0.0012964894116993047,1433.3333333333335,0.004216048861396921,True,0.0010982434323523194,0.07852718993005664,False,True,True,False,False,0,20
119,2026-08-08T15:35:03.804143,shadow,silero,webrtc,False,0.00044165796134620905,True,True,False,1,False,True,False,0,0.0,,,,,,,,,,,,,0.024839122403220913,0.7330359740897835,0.21248152753248176,0.054482498337475704,,,,,,,,,,,,,,,False,temporal_v1,False,0.0004832955825610556,0.1336116910229645,3.9095652604479785,0.9092859850422915,80.07001424973367,1504.5617725833179,0.018207970286380406,0.005277854670802669,0.0013532974450378389,0.0,0.0,0.06855618461400982,0.06440087130369798,0.004954821864626326,0.028749444651527355,0.04700883728257214,22.439894734260747,0.00017281794429564623,1.65415068431306,-0.000991852117851485,1433.3333333333335,0.010774840728523227,True,0.0008200978336390108,0.06855618461400982,False,True,True,False,False,0,20
120,2026-08-08T15:35:03.817772,shadow,silero,webrtc,False,0.0003830225905403495,True,True,False,1,False,True,False,0,0.0,,,,,,,,,,,,,0.02751539911162979,0.7337172504672965,0.21505034719945365,0.05123240229690656,,,,,,,,,,,,,,,False,temporal_v1,False,0.0005069525870108017,0.10647181628392484,3.8916691659887044,0.9109344159159807,80.49466615809044,1496.680017269123,0.020188522981695305,0.005917196132287525,0.0014096799966469627,0.0,0.0,0.03715820717541144,0.03677658034379862,0.0014307900683593556,0.028913462900021444,0.04563334144788844,9.8335383295001,0.0001144855932504254,1.6696129593791988,-0.0010065520813781657,1433.3333333333335,0.010382496057929885,True,0.0006628808041568846,0.03715820717541144,False,True,False,False,False,0,20
121,2026-08-08T15:35:03.829804,shadow,silero,webrtc,False,0.0003384843876119703,True,True,False,1,False,True,False,0,0.0,,,,,,,,,,,,,0.025808064096596264,0.7422230039240673,0.20494772979570133,0.052829266241483916,,,,,,,,,,,,,,,False,temporal_v1,False,0.0004907192635828745,0.14822546972860126,3.8696963940224967,0.9116768931471299,80.21437731192202,1495.6976834452637,0.019155338859240548,0.005289304147019352,0.001363421089336366,0.0,0.0,0.01499468106391845,0.015242369410890709,0.0013580359129694314,0.022808351204588996,0.03695579224850603,7.73890831053536,0.00010010202001314926,1.6661391358637059,-0.0010032224027152056,1400.0,0.009872456802747717,True,0.0005844497354701161,0.01499468106391845,False,True,False,False,False,0,20
122,2026-08-08T15:35:03.840749,shadow,silero,webrtc,False,0.0003342288837302476,True,True,False,1,False,True,False,0,0.0,,,,,,,,,,,,,0.014122524834487457,0.7356706726754269,0.2116664252573683,0.05266290199639586,,,,,,,,,,,,,,,False,temporal_v1,False,0.0003662847695913951,0.1649269311064718,3.885825505580271,0.9118705695398733,77.66052747667662,1482.7708063675652,0.01038952734486281,0.0029892643473243673,0.0007437331413002796,0.0,0.0,0.013529800629452445,0.013947240531837653,0.0013404259105292567,0.02178504620997276,0.03370549424360647,7.292237701653801,0.00017368873046721663,1.8810585796317358,-0.0011518610312558743,1400.0,0.0068010673979080425,True,0.000505495656398125,0.013529800629452445,False,True,False,False,False,0,20
123,2026-08-08T15:35:03.854877,shadow,silero,webrtc,False,0.00031483874772675335,True,True,False,1,False,True,False,0,0.0,,,,,,,,,,,,,0.014838799646514408,0.7247430782984717,0.22208784618533384,0.05316907544880362,,,,,,,,,,,,,,,False,temporal_v1,False,0.0003731577863668865,0.16701461377870563,3.917218018952721,0.9077701725441466,77.80369367035624,1508.5806813361392,0.010754317334069126,0.0032955170534700777,0.0007889652579752051,0.0,0.0,0.006073853171781467,0.005468656536598922,0.0011938357385463162,0.02211367461689413,0.02890280755132771,7.029925761438882,0.00022206526568438692,1.5632700155762416,-0.0009357963793564557,1466.6666666666667,0.013211933346432413,True,0.0004590905591612682,0.006073853171781467,False,True,False,False,False,0,20
124,2026-08-08T15:35:03.870588,shadow,silero,webrtc,False,0.0002974249073304236,True,True,False,1,False,True,False,0,0.0,,,,,,,,,,,,,0.012286650757828062,0.730605356112567,0.21266589420529172,0.056728749600752006,,,,,,,,,,,,,,,False,temporal_v1,False,0.0003395871812636501,0.10855949895615867,3.8952839525503347,0.9082770153055459,76.98078505844917,1502.6424853533863,0.008976692852353713,0.00261295157020163,0.000697006334272718,0.0,0.0,0.006189869246913564,0.005468558419184307,0.0016651824910637032,0.0223186850115851,0.025536855722876502,7.261448621105907,0.00026240610874407323,2.068853969371164,-0.0012629698068408292,1433.3333333333335,0.0042195720822870405,True,0.00041234027594327927,0.006189869246913564,False,True,False,False,False,0,20
125,2026-08-08T15:35:03.883001,shadow,silero,webrtc,False,0.00026247420464642346,True,True,False,1,False,True,False,0,0.0,,,,,,,,,,,,,0.007751944023863448,0.7413613787459654,0.1988000821275619,0.059838538997472726,,,,,,,,,,,,,,,False,temporal_v1,False,0.00027223334168238224,0.13778705636743216,3.861268803994345,0.9090170320796747,75.04293650354857,1500.2907834502337,0.005746991909492953,0.0015410871085923161,0.00046386500477817855,0.0,0.0,0.005624476942632746,0.006492630016967125,0.0024007358062452197,0.019784579980289988,0.019013884402493606,6.535712051715852,0.0004154912978329224,1.8278030496601136,-0.0011005509009353847,1400.0,0.006705737877749675,True,0.0003607534890761599,0.005624476942632746,False,True,False,False,False,0,20
126,2026-08-08T15:35:03.896875,shadow,silero,webrtc,False,0.000272381235845387,True,True,False,1,False,True,False,0,0.0,,,,,,,,,,,,,0.00599942377847968,0.7303401853818665,0.2152421327518587,0.05441768169959198,,,,,,,,,,,,,,,False,temporal_v1,False,0.000242298887832231,0.12943632567849686,3.8826368297830074,0.9123410474893834,74.03136747381106,1481.9041719662491,0.004381620274559228,0.001291328769362181,0.00032647473355827065,0.0,0.0,0.005615430411142143,0.006527259180937705,0.0023643081251783437,0.01982858977770405,0.019026446635953508,8.192182359740697,0.00038948619454783767,1.8744199856485297,-0.0011303343486053074,1400.0,0.006050316061475047,True,0.00033635663567110896,0.005615430411142143,False,True,False,False,False,0,20
127,2026-08-08T15:35:03.908757,shadow,silero,webrtc,False,0.00024658243637531996,True,True,False,1,False,True,False,0,0.0,,,,,,,,,,,,,0.0032216894167717775,0.735643018550813,0.2033792753259549,0.06097770581283594,,,,,,,,,,,,,,,False,temporal_v1,False,0.00017688529006952048,0.1127348643006263,3.8817776311290353,0.9045765996768064,71.19462183759919,1533.7669785707694,0.0023700133273871988,0.0006552248589083424,0.00019645122947623643,0.0,0.0,0.005545275542436716,0.007069396481561287,0.0030375125479541534,0.020528407812183472,0.01621006449769167,13.761523473451449,0.0006556775899957518,1.4504643510415263,-0.0008615775187674552,1433.3333333333335,0.015990263512389528,True,0.0003245338157285005,0.005545275542436716,False,True,False,False,False,0,20
128,2026-08-08T15:35:03.917943,shadow,silero,webrtc,False,0.00024658243637531996,True,True,False,1,False,True,False,0,0.0,,,,,,,,,,,,,0.0025259525174894555,0.7144894065758876,0.23006207148177948,0.05544852154644265,,,,,,,,,,,,,,,False,temporal_v1,False,0.00015803538960931175,0.1440501043841336,3.908309097086718,0.9068831092512942,70.19053725805202,1507.25717312566,0.0018047663152599104,0.0005811258686382399,0.00014006033259130512,0.0,0.0,0.007658733594049657,0.008618701838838902,0.0030057080015689613,0.020557049895768134,0.016927671629344658,13.885918731875591,0.0006811192844578862,1.7447261679441108,-0.0010569701341291149,1533.3333333333335,0.008729906750818457,True,0.0003061318275285885,0.007658733594049657,False,True,False,False,False,0,20
129,2026-08-08T15:35:03.929779,shadow,silero,webrtc,False,0.00023137868265621364,True,True,False,1,False,True,False,0,0.0,,,,,,,,,,,,,0.001551140935867364,0.7006326945774695,0.2380408303234004,0.06132647445444341,,,,,,,,,,,,,,,False,temporal_v1,False,0.0001312473446801374,0.11691022964509394,3.7574382094967427,0.9088330417892985,68.50426465425734,1523.9575724880704,0.001086780053566169,0.0003692348763224837,9.512600497871134e-05,0.0,0.0,0.012150121736808657,0.011501107297737402,0.0035066903326031874,0.02129026936781956,0.04223733921495207,15.455818245136868,0.0015920774751803047,1.4019002346593652,-0.0008355662398013675,1400.0,0.015660052188746346,True,0.0002849030715879053,0.012150121736808657,False,True,False,False,False,0,20
130,2026-08-08T15:35:03.938300,shadow,silero,webrtc,False,0.0002319228951819241,True,True,False,1,False,True,False,0,0.0,,,,,,,,,,,,,0.002413405438643847,0.7293269525064824,0.20341299569829657,0.06726005138086864,,,,,,,,,,,,,,,False,temporal_v1,False,0.00015658308709482662,0.11691022964509394,3.8582181833644698,0.9040015132411352,70.093149195888,1536.0275275549568,0.0017601616337286873,0.0004909180301091064,0.00016232577380605298,0.0,0.0,0.012048558379006783,0.012033243345218424,0.0045357065300666525,0.020159924755561547,0.042118068394470146,18.047027844518876,0.0013169665357005906,1.4701109407487873,-0.000876556653806074,1466.6666666666667,0.015237218406607236,True,0.0002674277202459052,0.012048558379006783,False,True,False,False,False,0,20
131,2026-08-08T15:35:03.946172,shadow,silero,webrtc,False,0.00027013098588213325,True,True,False,1,False,True,False,0,0.0,,,,,,,,,,,,,0.0003219431076611032,0.6027195485375203,0.3341652045034476,0.06311524385289322,,,,,,,,,,,,,,,False,temporal_v1,False,6.750326086021671e-05,0.12734864300626306,3.6804884235643796,0.9034412681565892,61.88644773225235,1580.0465935591778,0.00019404140450426642,0.00010758218441004801,2.0319517746788784e-05,0.0,0.0,0.03890880966155573,0.03758738760669979,0.004533905431339413,0.019722801281514803,0.07123388028808052,27.757320041533223,0.0031101956841927247,1.2061787150297154,-0.0007235102512588585,1500.0,0.024770396535415455,True,0.00026630259526427835,0.03890880966155573,False,True,False,False,False,0,20
132,2026-08-08T15:35:03.953068,shadow,silero,webrtc,False,0.0002304449735675007,True,True,False,1,False,True,False,0,0.0,,,,,,,,,,,,,0.0005249701422228385,0.6725645670057045,0.24575719742744648,0.08167823366197886,,,,,,,,,,,,,,,False,temporal_v1,False,7.92228774263892e-05,0.15657620041753653,3.775042820076388,0.8925915334151368,63.546938142243334,1579.8769539901086,0.00035307631639502646,0.00012901519088577278,4.2878633942039276e-05,0.0,0.0,0.04007220728755411,0.03759237535432278,0.007904760142187961,0.018472157935886132,0.07381135877080894,31.29109073015258,0.004078294716057982,1.3420309388175324,-0.0008140302090719599,1600.0,0.0188802489848562,True,0.0002545283205108717,0.04007220728755411,False,True,False,False,False,0,20
133,2026-08-08T15:35:03.962629,shadow,silero,webrtc,False,0.00025112429284490645,True,True,False,1,False,True,False,0,0.0,,,,,,,,,,,,,0.00921357702497101,0.8810531130433772,0.09946068699176361,0.019486199856323737,,,,,,,,,,,,,,,False,temporal_v1,False,0.0002890462138009929,0.08977035490605428,2.7723182535895683,0.9583281226514497,75.79882406769364,1202.079825628293,0.008117650720115646,0.0009163887005551462,0.0001795376033002178,0.0,0.0,0.06573107110273148,0.05449280528450231,0.014832901405714145,0.018252603753147717,0.3257962745935753,102.30914101528377,0.008769636827342804,1.2003168148897354,-0.000720739138997939,633.3333333333334,0.00659096013664716,True,0.0002488533646101132,0.06573107110273148,False,True,True,False,False,0,20
134,2026-08-08T15:35:03.975512,shadow,silero,webrtc,False,0.0006425522733479738,True,True,False,1,False,True,False,0,0.0,,,,,,,,,,,,,0.004474794852728101,0.8841097835803542,0.09391848307917072,0.021971733117001086,,,,,,,,,,,,,,,False,temporal_v1,False,0.00020516457371855593,0.10438413361169102,2.741412535091732,0.9559016930950831,72.75890678413413,1249.9655266904922,0.003956209908811924,0.00042026594465870436,9.831899825747201e-05,0.0,0.0,0.08153507672154868,0.06608763837983032,0.018378500711222268,0.018644771241558333,0.4326656242604952,125.76242545526817,0.00632653460142502,1.5620617160821157,-0.0009363378474294499,733.3333333333334,0.00338251589836649,True,0.0002488533646101132,0.08153507672154868,False,True,True,False,False,0,20
135,2026-08-08T15:35:03.986218,shadow,silero,webrtc,False,0.0007581023965030909,True,True,False,1,False,True,False,0,0.0,,,,,,,,,,,,,0.006668399729883721,0.33663617074139096,0.6398013896287728,0.023562439479875238,,,,,,,,,,,,,,,False,temporal_v1,False,0.00024522090877484155,0.15866388308977036,3.7400490744639114,0.870833656390097,73.93528396921275,1647.8883437198676,0.002244824550040982,0.004266451413779738,0.00015712376506300156,0.0,0.0,0.14566121046215727,0.14565777498608456,0.02044139305361046,0.021121736734766996,0.4271722397223413,136.69403475606407,0.014875737106078191,0.870418329197762,-0.0005065257848814247,1666.6666666666667,0.030800168039385813,True,0.0002488533646101132,0.14566121046215727,False,True,True,False,False,0,20
136,2026-08-08T15:35:03.995666,shadow,silero,webrtc,False,0.002057909034192562,True,True,True,1,False,True,False,0,0.0,,,,,,,,,,,,,0.18756310749892677,0.17849814415628415,0.8008435837835303,0.02065827205485403,,,,,,,,,,,,,,,False,temporal_v1,False,0.0012809222173971162,0.1837160751565762,3.378944689061695,0.8502230421324459,88.26085984968313,1568.1354465168633,0.03347966660074405,0.15020871119501605,0.003874729702166661,0.0,0.0,0.21245815501563595,0.21902283251240484,0.02228984776278512,0.027424236949767058,0.42049255883456393,138.97323675401884,0.009312157644096018,1.061551409306915,-0.0006243867423180719,1733.3333333333335,0.012728019083770003,True,0.0002488533646101132,0.21245815501563595,False,True,True,False,False,0,20
137,2026-08-08T15:35:04.005360,shadow,silero,webrtc,False,0.003021483775228262,True,True,True,1,False,True,False,0,0.0,,,,,,,,,,,,,0.37567513121904655,0.08473344394841159,0.8810430938894469,0.03422346215947969,,,,,,,,,,,,,,,False,temporal_v1,False,0.0018081406465537424,0.16075156576200417,3.4412726291389677,0.8495670011657632,91.25302660058837,1714.49211642407,0.03183224767396125,0.3309859799065527,0.012856903637532606,0.0,0.0,0.2669894645106492,0.273865247052654,0.022122401710778724,0.02798507279459496,0.40619601153986146,154.0462053182281,0.00861427023475426,0.9550197493840226,-0.0005496691823616375,1666.6666666666667,0.014777751360061899,True,0.00026062763936351985,0.2669894645106492,False,True,True,False,False,0,20
138,2026-08-08T15:35:04.018557,shadow,silero,webrtc,False,0.0023162388242781162,True,True,True,1,False,True,False,0,0.0,,,,,,,,,,,,,0.41674756616467085,0.10836635227359742,0.8611318088470512,0.030501838876951817,,,,,,,,,,,,,,,False,temporal_v1,False,0.001904138218120273,0.1837160751565762,3.3110184338401547,0.8219828912609289,91.55927429327599,1726.7952078734866,0.04516141356416507,0.35887458548398915,0.012711567115516607,0.0,0.0,0.2964117277812578,0.30388003185212054,0.02219564066216811,0.03145411100901746,0.38596170548895176,167.04735410202736,0.008480773130041102,1.0746889089586986,-0.0006249850468723005,1900.0000000000002,0.013080538546556358,True,0.00045634162961505353,0.2964117277812578,False,True,True,False,False,0,20
139,2026-08-08T15:35:04.029995,shadow,silero,webrtc,False,0.0030832334887236357,True,True,True,1,False,True,False,0,0.0,,,,,,,,,,,,,0.09991337757646782,0.2799982049868906,0.6449612617946783,0.07504053320842238,,,,,,,,,,,,,,,False,temporal_v1,False,0.0009393430896279245,0.20250521920668058,3.8392740593278116,0.8239119075124264,85.42827739638831,1721.4801018694634,0.027975566375588436,0.0644402580718868,0.007497553127992577,0.0,0.0,0.2973350957771293,0.3013787086948222,0.02369692525129799,0.03543468516028969,0.39328457125066896,176.2437757084443,0.008820948531752523,1.2550248062007878,-0.0007318696686449289,2000.0000000000002,0.01631034598600366,True,0.0007003273349255323,0.2973350957771293,False,True,True,False,False,0,20
140,2026-08-08T15:35:04.042481,shadow,silero,webrtc,False,0.004807509481906891,True,True,True,1,False,True,False,0,0.0,,,,,,,,,,,,,0.027187745649532972,0.5263810774143272,0.38947525194404187,0.08414367060484969,,,,,,,,,,,,,,,False,temporal_v1,False,0.0005021402777401066,0.1732776617954071,4.006339500983058,0.8460910696322406,80.090922251064,1770.469760286976,0.014311114847467853,0.010588954086642382,0.0022876767144227373,0.0,0.0,0.2860499385881954,0.28919827230821593,0.025818345881307606,0.03444106994121299,0.41064318113442505,187.69070912539595,0.006979387479739782,0.9346862778857266,-0.0005519543190285342,2166.666666666667,0.0480900489960769,True,0.0014080057153478265,0.2860499385881954,False,True,True,False,False,0,20
141,2026-08-08T15:35:04.052329,shadow,silero,webrtc,False,0.0064670490100979805,True,True,True,1,False,True,False,0,0.0,,,,,,,,,,,,,0.03202090422555696,0.49296828602842635,0.43141161731355687,0.0756200966267872,,,,,,,,,,,,,,,False,temporal_v1,False,0.0005375008912367442,0.1941544885177453,3.9431951193900883,0.8341775756715681,80.62282935452208,1698.1870545329575,0.01578529027315321,0.013814190079790034,0.002421423871613716,0.0,0.0,0.28227163205098865,0.28509604491985874,0.026923414798223837,0.03508300883106472,0.43124379833115395,191.2502412566629,0.005449868031851598,1.5174645916116212,-0.00092835735624715,2166.666666666667,0.01392622132881901,True,0.002187073929235339,0.28227163205098865,False,True,True,False,False,0,20
142,2026-08-08T15:35:04.062437,shadow,silero,webrtc,False,0.04127718508243561,True,True,True,1,False,True,False,0,0.0,,,,,,,,,,,,,0.023191936298616884,0.5593215810137352,0.2922248557926379,0.14845356315050862,,,,,,,,,,,,,,,False,temporal_v1,False,0.0004728638745074048,0.2755741127348643,4.21585662167743,0.7683061612897537,79.14890788869161,2123.4176219815286,0.012971750477312229,0.006777260240415363,0.003442925579889295,0.0,0.0,0.2750759705285026,0.28112216545751234,0.03991821017612886,0.04904988113175434,0.477659985914084,249.57912523181264,0.005257803210881883,1.0282516743218548,-0.0006236781528250504,2733.3333333333335,0.05790240064205298,True,0.002668861299753189,0.2750759705285026,False,True,True,False,False,0,20
143,2026-08-08T15:35:04.079364,shadow,silero,webrtc,False,0.03594192489981651,True,True,True,1,False,True,False,0,0.0,,,,,,,,,,,,,0.02923110173134979,0.5789744405411601,0.26213441403143406,0.15889114539319577,,,,,,,,,,,,,,,True,temporal_v1,False,0.0005314339670896794,0.33402922755741127,4.323221285794887,0.7759254000840567,80.21002097295428,2047.404133847426,0.01692406077130998,0.007662477723840615,0.004644563235199196,0.0,0.0,0.23837460367484264,0.2606588257243953,0.048968281738945144,0.061046068918570576,0.45479244697031346,228.42300280036204,0.0021128880256445,1.3074399178945866,-0.0008051969829275376,3066.666666666667,0.03824492388351806,True,0.003052358631975949,0.23837460367484264,False,True,True,False,False,0,20
144,2026-08-08T15:35:04.084089,shadow,silero,webrtc,False,0.03594192489981651,True,True,True,1,False,True,False,0,0.0,,,,,,,,,,,,,0.02647311811729903,0.7235486682659508,0.17589723213074074,0.10055409956553442,,,,,,,,,,,,,,,True,temporal_v1,False,0.0004969954998462071,0.2839248434237996,4.02346010529447,0.8463500493022216,80.00269619038556,2023.7266194880835,0.019154589358618926,0.004656548202703065,0.0026619805549770396,0.0,0.0,0.20902893401919773,0.2477962752174637,0.04734082967614926,0.05743973483172277,0.33241065771815886,179.62682046706394,0.001286375841915943,0.6713841424760086,-0.00038930887122119067,2000.0000000000002,0.11555015664116754,True,0.003945371485315263,0.20902893401919773,False,True,True,False,False,0,20
145,2026-08-08T15:35:04.096425,shadow,silero,webrtc,False,0.05630283057689667,True,True,True,1,True,True,False,1,0.0,,,,,,,,,,,,,0.17884294683747756,0.8300825009353038,0.13371194449661944,0.03620555456248521,,,,,,,,,,,,,,,True,temporal_v1,False,0.0012903377495189546,0.13778705636743216,3.192394947387261,0.910106993023955,88.61976516150855,1542.1811911041477,0.14845440058549295,0.02391343818114466,0.006475108069839936,0.0,0.0,0.24625682183792702,0.27228546370464224,0.046098343861014274,0.05978213387589291,0.38274675046043183,191.24878887327603,0.007301984082081916,1.1487780194572021,-0.000676738630101244,1033.3333333333335,0.014214807327281137,True,0.005637279246002436,0.24625682183792702,True,True,True,True,True,1,20
146,2026-08-08T15:35:04.108160,shadow,silero,webrtc,False,0.06476151943206787,True,True,True,1,True,True,False,1,0.0,,,,,,,,,,,,,0.16349321145952583,0.7318866137926335,0.1854746326300381,0.08263875357121189,,,,,,,,,,,,,,,True,temporal_v1,False,0.0012129409131524738,0.15031315240083507,3.322533036006725,0.8777007769561921,87.92487612079839,1509.0022505095408,0.11965849291319536,0.03032384333296069,0.013510875212369792,0.0,0.0,0.24427936504750733,0.26387393145299415,0.042183615636972455,0.062205937591527996,0.38879977324261455,198.89101387630302,0.00845978743010679,1.4399821626825087,-0.0008503600183914924,2166.666666666667,0.005864766365730178,True,0.021204486954957247,0.24427936504750733,True,True,True,True,True,2,20
147,2026-08-08T15:35:04.122533,shadow,silero,webrtc,False,0.018758533522486687,True,True,True,1,True,True,False,1,0.0,,,,,,,,,,,,,0.04212348006542767,0.7576836294277928,0.19372117282184012,0.048595197726627466,,,,,,,,,,,,,,,True,temporal_v1,False,0.0006184630341311066,0.1544885177453027,3.714857766323326,0.9102904201945466,82.22409448852737,1524.1941856700664,0.03191627126010251,0.00816020996161205,0.002046998842713108,0.0,0.0,0.21369671015489958,0.22261947168013202,0.04072980835037567,0.06272400810614118,0.3746468438796808,213.55020094354606,0.009523235850825318,1.3409091821756434,-0.0007946516434315223,1433.3333333333335,0.016907268946209062,True,0.0273502292111516,0.21369671015489958,True,True,True,True,True,3,20
148,2026-08-08T15:35:04.139171,shadow,silero,webrtc,False,0.012803543359041214,True,True,True,1,True,True,False,1,0.0,,,,,,,,,,,,,0.032386660901211076,0.7338594525960349,0.21569908383384948,0.05044146353923863,,,,,,,,,,,,,,,True,temporal_v1,False,0.0005478302195147693,0.1336116910229645,3.8293406911785444,0.9111101941462232,81.17151212402759,1504.0388309466073,0.023767257240376167,0.006985773084828783,0.001633630575006124,0.0,0.0,0.15657026524708667,0.14824696721998337,0.03848501801211391,0.06643326427910988,0.33906854829630517,227.89428362068927,0.0009136839857666825,1.5864363426502506,-0.0009480431759826806,1400.0,0.011288294873392083,True,0.0273502292111516,0.15657026524708667,True,True,True,True,True,4,20
149,2026-08-08T15:35:04.161027,shadow,silero,webrtc,False,0.01744415983557701,True,True,True,1,True,True,False,1,0.0,,,,,,,,,,,,,0.0888417263802172,0.3850029032390198,0.46910568970828986,0.14589140704143427,,,,,,,,,,,,,,,True,temporal_v1,False,0.0008910668834810154,0.2359081419624217,3.976139531786949,0.7715187821944459,84.68441774654471,1815.4353579130568,0.034204322585150236,0.04167615932846696,0.012961244465599996,0.0,0.0,0.13540808263607715,0.1111888462089284,0.04215160224721187,0.06711209813982066,0.34147450149881103,228.60845421407478,0.005299577402161469,1.450411780982801,-0.0008647126571463815,2466.666666666667,0.012820197818394361,True,0.0273502292111516,0.13540808263607715,True,True,True,True,True,5,20
150,2026-08-08T15:35:04.179222,shadow,silero,webrtc,False,0.010478120297193527,True,True,True,1,True,True,False,1,0.0,,,,,,,,,,,,,0.13168104171757358,0.6751280964246578,0.1502017765482292,0.17467012701951892,,,,,,,,,,,,,,,True,temporal_v1,False,0.001093790821756509,0.21711899791231734,3.5674957941656356,0.8478098550820158,86.87579014658604,1618.1917493202209,0.0889015710300014,0.019778726403701034,0.023000744282871147,0.0,0.0,0.13109319176665013,0.10969032686106392,0.048490892594396574,0.06617130801054709,0.3473199401754421,232.16846449678687,0.006949272350800535,1.587901796697826,-0.0009401895152857793,2600.0,0.006501697691132285,True,0.0273502292111516,0.13109319176665013,True,True,True,True,True,6,20
151,2026-08-08T15:35:04.187160,shadow,silero,webrtc,False,0.051478661596775055,True,True,True,1,True,True,False,1,0.0,,,,,,,,,,,,,0.15883978227115345,0.5844137364129905,0.10547152970251901,0.3101147338781948,,,,,,,,,,,,,,,True,temporal_v1,False,0.0012236340302833803,0.21920668058455114,3.7190042572719175,0.8097881412677486,87.65184650750682,1702.7319242087628,0.09282815064811067,0.016753074813753613,0.04925855680828916,0.0,0.0,0.12297866844349442,0.09914582530071349,0.07780665033951012,0.06593376515457831,0.34528328011657544,232.08947145279143,0.0036415709557077536,1.1569386699674138,-0.0006784531797896571,2633.3333333333335,0.018679470230784468,True,0.03594192489981651,0.12297866844349442,True,True,True,True,True,7,20
152,2026-08-08T15:35:04.195863,shadow,silero,webrtc,False,0.03327968716621399,True,True,True,1,True,True,False,1,0.0,,,,,,,,,,,,,0.24401573076083563,0.6087305835271375,0.25857533771272706,0.13269407875603734,,,,,,,,,,,,,,,True,temporal_v1,False,0.0014846333119637222,0.18162839248434237,3.8094289099334415,0.8468577056058156,89.52624663508152,1631.9524873975288,0.14853983817584435,0.06309644998870095,0.032379442595290325,0.0,0.0,0.11995084707902955,0.0971325172602933,0.07748767014735734,0.0631533497746128,0.3151880156721766,194.98240582526853,0.00514557218157229,1.1957015052828288,-0.0007029014010278341,2433.3333333333335,0.016378986280847663,True,0.03461080603301525,0.11995084707902955,True,True,True,True,True,8,20
153,2026-08-08T15:35:04.211335,shadow,silero,webrtc,False,0.08708804845809937,True,True,True,1,True,True,False,1,0.0,,,,,,,,,,,,,0.3211471248063446,0.85554758921974,0.0971653527676536,0.04728705800949268,,,,,,,,,,,,,,,True,temporal_v1,False,0.0016973862731204375,0.12526096033402923,2.8694187426715856,0.9041794381586065,90.9739949284747,1638.5553320589404,0.2747566484129191,0.031204373672126154,0.015186102720299402,0.0,0.0,0.12937986360841525,0.10163114383488771,0.07967488579891881,0.0501517695206566,0.34964105681544183,154.89240277558793,0.011100030775811547,0.8586863439862289,-0.0005120276366542482,933.3333333333334,0.024034732031438553,True,0.03461080603301525,0.12937986360841525,True,True,True,True,True,9,20
154,2026-08-08T15:35:04.221461,shadow,silero,webrtc,False,0.07681620121002197,True,True,True,1,True,True,False,1,0.0,,,,,,,,,,,,,0.12821640600454756,0.7814856877041031,0.18456663113568927,0.0339476811524083,,,,,,,,,,,,,,,True,temporal_v1,False,0.0010672942364080408,0.1336116910229645,3.2466290172220855,0.9111162791949042,86.97498957283341,1458.889283011126,0.10019928622141235,0.023664470112585104,0.00435264966955011,0.0,0.0,0.13208463558541847,0.10147146918853531,0.08313814529756326,0.03927341185404266,0.33338189442741845,102.9538532672707,0.007683853499362974,1.5227686424516962,-0.0009038153976245868,1466.6666666666667,0.006280262175174885,True,0.04237917438149452,0.13208463558541847,True,True,True,True,True,10,20
155,2026-08-08T15:35:04.229173,shadow,silero,webrtc,False,0.09027926623821259,True,True,True,1,True,True,False,1,0.0,,,,,,,,,,,,,0.029892958899183916,0.7651987832605003,0.18082833086997185,0.053972885836075124,,,,,,,,,,,,,,,True,temporal_v1,False,0.000525656691457977,0.12317327766179541,3.624712508374516,0.9060346669816516,80.7871546343419,1552.7419635861127,0.022874055777711677,0.0054054938625040985,0.0016134092579681394,0.0,0.0,0.12674498847167623,0.09938585059484599,0.08180138514106154,0.0406514221801609,0.31500792015990114,102.4645877041643,0.0060355369446267295,1.4931951762303375,-0.0008910420080715844,1500.0,0.011771787798467014,True,0.04237917438149452,0.12674498847167623,True,True,True,True,True,11,20
156,2026-08-08T15:35:04.237484,shadow,silero,webrtc,False,0.10113309323787689,True,True,True,1,True,True,False,1,0.0,,,,,,,,,,,,,0.014953809882088526,0.7366219351514403,0.21236639401646912,0.05101167076521811,,,,,,,,,,,,,,,True,temporal_v1,False,0.00037931008025143457,0.11482254697286012,3.8594806282153846,0.9134310387407301,77.97368111333638,1489.0774879979658,0.01101530437323078,0.0031756866814669814,0.0007628188263907649,0.0,0.0,0.12691719468433812,0.09920968180329616,0.0833190965488621,0.043444370428668104,0.31436010818492144,104.30581505113881,0.0019732783744849146,1.4460082631985063,-0.0008691988609764466,1433.3333333333335,0.016571536360991544,True,0.04237917438149452,0.12691719468433812,True,True,True,True,True,12,20
157,2026-08-08T15:35:04.248767,shadow,silero,webrtc,False,0.1285611391067505,True,True,True,1,True,True,False,1,0.0,,,,,,,,,,,,,0.056328288803616545,0.4331134872249598,0.2818314053382022,0.2850551074190849,,,,,,,,,,,,,,,True,temporal_v1,False,0.0007133156587660474,0.19832985386221294,4.232549051257851,0.7265765434643409,82.4884148160746,2088.0077766005984,0.02439654159314902,0.01587508079381937,0.016056666415648152,0.0,0.0,0.14522220271356037,0.10154466412137077,0.09650528193610515,0.044474991306404955,0.36413342337333576,177.94716042962287,0.005285280503259118,1.0609617646913023,-0.0006236402158318583,3000.0,0.04710087986478397,True,0.06414743140339851,0.14522220271356037,True,True,True,True,True,13,20
158,2026-08-08T15:35:04.259306,shadow,silero,webrtc,False,0.1447059065103531,True,True,True,1,True,True,False,1,0.0,,,,,,,,,,,,,0.17740520216007724,0.2732230244776835,0.6072761990867591,0.11950077642992056,,,,,,,,,,,,,,,True,temporal_v1,False,0.0012440519770173823,0.20250521920668058,3.8433964036414476,0.7845901902625251,87.65854690197014,1892.2249804178634,0.048471185892251176,0.10773395686598981,0.02120005940083625,0.0,0.0,0.18167270062345356,0.15530773306230813,0.09308191859248631,0.043905410975737684,0.3647591619367091,184.11427987482838,0.008049336486130132,1.1478875966730748,-0.0006618495818619421,2200.0,0.018370207040737822,True,0.08195212483406067,0.18167270062345356,True,True,True,True,True,14,20
159,2026-08-08T15:35:04.272378,shadow,silero,webrtc,False,0.10703704506158829,True,True,True,1,True,True,False,1,0.0,,,,,,,,,,,,,0.1328445733459955,0.5296295779988974,0.29972525685003965,0.17064516514353523,,,,,,,,,,,,,,,True,temporal_v1,False,0.0010757002454803385,0.1941544885177453,3.5080696148758608,0.8067750239151167,86.51558155288414,1850.1674292993775,0.07035841532068318,0.03981687386726243,0.02266928415704988,0.0,0.0,0.16847495412463925,0.1394297623166247,0.09365500115543679,0.03971483639871655,0.35293071308327123,186.77909774844164,0.008953874886999596,0.9978069488382941,-0.0005773586495902868,2766.666666666667,0.0187979341370068,True,0.08868365734815598,0.16847495412463925,True,True,True,True,True,15,20
160,2026-08-08T15:35:04.280023,shadow,silero,webrtc,False,0.10703704506158829,True,True,True,1,True,True,False,1,0.0,,,,,,,,,,,,,0.17153476191409128,0.3740478380133592,0.5583873322991674,0.06756482968164373,,,,,,,,,,,,,,,True,temporal_v1,False,0.0012221947759125161,0.18162839248434237,3.6576531339057734,0.8239848195681241,87.71697222926107,1740.1057307758458,0.06416220683810216,0.09578283810178224,0.011589716973206885,0.0,0.0,0.1829812527923381,0.16518085836851276,0.0949517111222816,0.03692071380210987,0.3524206666320691,185.52158169341644,0.006613007242666803,1.1410576866046547,-0.0006600838335567632,1900.0000000000002,0.012408303562871023,True,0.09570617973804474,0.1829812527923381,True,True,True,True,True,16,20
161,2026-08-08T15:35:04.288953,shadow,silero,webrtc,False,0.08506487309932709,True,True,True,1,True,True,False,1,0.0,,,,,,,,,,,,,0.23260772723338075,0.35462008263079586,0.6279806124483793,0.017399304916525693,,,,,,,,,,,,,,,True,temporal_v1,False,0.0014225225598184673,0.17536534446764093,3.51834820154423,0.8477112877871743,89.15921901627883,1670.523842046601,0.0824873714520631,0.146073143008244,0.004047212772073629,0.0,0.0,0.19668355419979497,0.18374402885311267,0.07757343253576766,0.03289607634048519,0.352894355876381,185.802738226871,0.0051264018378448465,1.01090306094123,-0.0005873772351684205,1933.3333333333335,0.016960475551252303,True,0.09570617973804474,0.19668355419979497,True,True,True,True,True,17,20
162,2026-08-08T15:35:04.305759,shadow,silero,webrtc,False,0.07274893671274185,True,True,True,1,True,True,False,1,0.0,,,,,,,,,,,,,0.29588744954249613,0.18094709796051012,0.8118946828271598,0.007158219208950615,,,,,,,,,,,,,,,True,temporal_v1,False,0.0016052967931663002,0.18789144050104384,3.490538250414321,0.8243925024250446,90.08863624743839,1793.2537613736638,0.05353997531765154,0.24022944699884213,0.0021180272250025016,0.0,0.0,0.22791485657923963,0.23090265551661113,0.08100979223971082,0.0333009927041176,0.34844207764218543,186.09016526471171,0.005451317453808809,0.8584157957809775,-0.0004967377100987397,2100.0,0.02087130355625576,True,0.09570617973804474,0.22791485657923963,True,True,True,True,True,18,20
163,2026-08-08T15:35:04.316035,shadow,silero,webrtc,False,0.06281111389398575,True,True,True,1,True,True,False,1,0.0,,,,,,,,,,,,,0.33829570850234264,0.10851760160454169,0.8771922602550303,0.014290138137472038,,,,,,,,,,,,,,,True,temporal_v1,False,0.001715885992158747,0.19624217118997914,3.2435874173545707,0.7998097165233462,90.53621325177858,1693.609039092137,0.03671103891978338,0.2967503771757468,0.00483429240581245,0.0,0.0,0.23086514000589378,0.25096714426079664,0.08313722566592376,0.03189170180196795,0.2836485636517182,184.48493558433222,0.00776709146809005,1.3294206901117538,-0.00077834139200513,2066.666666666667,0.005976859940714225,True,0.09570617973804474,0.23086514000589378,True,True,True,True,True,19,20
164,2026-08-08T15:35:04.324269,shadow,silero,webrtc,False,0.05124359205365181,True,True,True,1,True,True,True,1,0.0,,,,,,,,,,,,,0.4861950283321186,0.03477207483800414,0.9503121439551355,0.014915781204803571,,,,,,,,,,,,,,,True,temporal_v1,True,0.002057160060384691,0.17118997912317327,2.8873869093149542,0.8397422638589628,92.32351437782653,1779.5532697671247,0.01690600991102997,0.46203703975462346,0.007251978665465154,0.0,0.0,0.23352658462854656,0.270057610715941,0.08442458534012733,0.029408921341027697,0.34507524941120254,162.35697698092486,0.012315756231468767,0.9378057978884138,-0.0005447855073936823,1900.0000000000002,0.013007245738614233,True,0.09570617973804474,0.23352658462854656,True,True,True,True,True,20,20
165,2026-08-08T15:35:04.334073,shadow,silero,webrtc,False,0.04538240283727646,True,True,True,1,True,True,False,1,0.0,,,,,,,,,,,,,0.5562788234352849,0.031622389745178676,0.9425865856367536,0.025791024616270163,,,,,,,,,,,,,,,True,temporal_v1,False,0.002199315939270262,0.1544885177453027,2.7684417347915966,0.8672308288099316,93.04382158470108,1650.9121637823903,0.017590865761660014,0.5243409568438957,0.014347000828729237,0.0,0.0,0.21521068346247293,0.2651730972971864,0.08571197086342379,0.02512949104555604,0.4225319052017203,152.50394446726705,0.010349000390169444,1.021016682365407,-0.0005921151950708175,1666.6666666666667,0.008433079010501438,True,0.09309898316860199,0.21521068346247293,True,True,True,True,True,21,20
166,2026-08-08T15:35:04.345684,shadow,silero,webrtc,False,0.04225528985261917,True,True,True,1,True,True,False,1,0.0,,,,,,,,,,,,,0.3098403754022386,0.1962381556731052,0.777885574070381,0.025876270253286534,,,,,,,,,,,,,,,True,temporal_v1,False,0.0016409903234644533,0.17118997912317327,3.0466627857706468,0.8825896913435695,90.57562728378545,1547.5111244911263,0.06080250382199785,0.2410203582899527,0.008017513289288078,0.0,0.0,0.16132437562170993,0.2309530051038524,0.08680854420091777,0.014457861956727174,0.42392093328815394,142.62932060638278,0.013947480002422423,0.9662568636929232,-0.0005625921717004364,1466.6666666666667,0.00857166601832479,True,0.07890690490603447,0.16132437562170993,True,True,True,True,True,22,20
167,2026-08-08T15:35:04.355880,shadow,silero,webrtc,False,0.0496264211833477,True,True,True,1,True,True,False,1,0.0,,,,,,,,,,,,,0.03865880135012216,0.15160877415706672,0.8213615157219151,0.02702971009515089,,,,,,,,,,,,,,,True,temporal_v1,False,0.0005812176731912597,0.16701461377870563,3.272611912438761,0.8597312479990631,81.43518532475096,1599.436599149292,0.005861013483073577,0.03175285167292875,0.0010449361931198298,0.0,0.0,0.15146726548273542,0.19306335657594415,0.051753704925052636,0.01425292625361026,0.3264632610694777,103.96993579776961,0.01176422665167657,1.1997956376073338,-0.0007033710096689091,1500.0,0.0088557936947255,True,0.0677800253033638,0.15146726548273542,True,True,True,True,True,23,20
168,2026-08-08T15:35:04.366686,shadow,silero,webrtc,False,0.0964295044541359,True,True,True,1,True,True,False,1,0.0,,,,,,,,,,,,,0.011534502034392257,0.2473407805956338,0.6263403127292978,0.12631890658837203,,,,,,,,,,,,,,,True,temporal_v1,False,0.0003236203287084271,0.21085594989561587,4.115105899295459,0.7787484209763106,75.89119654037474,2047.9128051948044,0.002852952736968507,0.007224523611397968,0.0014570256850257824,0.0,0.0,0.1508156201463708,0.1919581437149424,0.05271378510786821,0.01570764451438554,0.3761190568043813,135.27762335800728,0.01249773295064916,0.907819424806349,-0.0005325174126378198,2466.666666666667,0.06133614773246375,True,0.0677800253033638,0.1508156201463708,True,True,True,True,True,24,20
169,2026-08-08T15:35:04.376631,shadow,silero,webrtc,False,0.11146371811628342,True,True,True,1,True,True,False,1,0.0,,,,,,,,,,,,,0.0071320369449529904,0.32148999981856663,0.4747508130144053,0.2037591870268155,,,,,,,,,,,,,,,True,temporal_v1,False,0.0002564999857664814,0.2359081419624217,4.217347446943198,0.7339101970291904,73.59024342778481,2228.35987912408,0.0022928785561389473,0.003385940338065208,0.0014532180497488342,0.0,0.0,0.11744787595873575,0.1567333405511454,0.060650101590277,0.022659773505376467,0.4572156074752949,199.27348692391797,0.004119945804218955,0.7631515233301819,-0.00043457653427917667,2766.666666666667,0.08921183334327035,True,0.0677800253033638,0.11744787595873575,True,True,True,True,True,25,20
170,2026-08-08T15:35:04.390108,shadow,silero,webrtc,False,0.1147724837064743,True,True,True,1,True,True,False,1,0.0,,,,,,,,,,,,,0.012530399394781183,0.3906484870029212,0.5301118362934207,0.0792396766238521,,,,,,,,,,,,,,,True,temporal_v1,False,0.0003342302853619317,0.20250521920668058,4.023714151386532,0.836670773514364,76.48507323730011,1716.619604259289,0.004894981565113588,0.006642513032657421,0.000992904796010173,0.0,0.0,0.119984446125727,0.16032210994125765,0.06103020811028119,0.023192077987508046,0.4882374578856649,199.80997498043126,0.0056762392301274184,1.271155097130454,-0.0007510783003993125,2033.3333333333335,0.0215516614747106,True,0.0677800253033638,0.119984446125727,True,True,True,True,True,26,20
171,2026-08-08T15:35:04.402546,shadow,silero,webrtc,False,0.11341933906078339,True,True,True,1,True,True,False,1,0.0,,,,,,,,,,,,,0.10258998085584912,0.36781078167838327,0.6233172382066543,0.00887198010521489,,,,,,,,,,,,,,,True,temporal_v1,False,0.0009454936056109783,0.1336116910229645,2.76006718794007,0.9046572190961918,85.89051402432932,1302.362809193712,0.037733701050960244,0.06394610353474141,0.00091017626914747,0.0,0.0,0.12171745516189632,0.1606654392417532,0.061595090292708155,0.028180623042215403,0.5301221893463207,244.23637570893143,0.013728048821031277,1.1250630500182413,-0.0006713967710263623,1233.3333333333335,0.003699066906764094,True,0.0677800253033638,0.12171745516189632,True,True,True,True,True,27,20
172,2026-08-08T15:35:04.415092,shadow,silero,webrtc,False,0.10495453327894211,True,True,True,1,True,True,False,1,0.0,,,,,,,,,,,,,0.4026378034591089,0.06818669306894205,0.9109514349588793,0.020861871969694953,,,,,,,,,,,,,,,True,temporal_v1,False,0.0018702764665041343,0.1544885177453027,2.9429389888242854,0.8784197913150974,91.69145967578437,1432.7568135187407,0.02745454032241927,0.36678348482976647,0.008399778305923129,0.0,0.0,0.12829289160212443,0.1674812953364696,0.06069864335785705,0.02936813790531815,0.5442335219477313,259.26104481613424,0.024185111411823782,1.8876327091517213,-0.0011198636306052015,1400.0,0.0004961350412654822,True,0.07962030917406082,0.12829289160212443,True,True,True,True,True,28,20
173,2026-08-08T15:35:04.425627,shadow,silero,webrtc,False,0.09572633355855942,True,True,True,1,True,True,False,1,0.0,,,,,,,,,,,,,0.5817356454081061,0.02409297165062178,0.947133476133114,0.028773552214545032,,,,,,,,,,,,,,,True,temporal_v1,False,0.002248359765084851,0.1732776617954071,2.8012180592518705,0.8515509340822018,93.15624580789702,1578.2302760076402,0.014015740412973664,0.5509813040259202,0.016738600968212194,0.0,0.0,0.13604101530020285,0.1738411559716015,0.05988458194690501,0.028882544643876854,0.5667907009135018,261.8389581975126,0.01778627734513445,1.4171999162133384,-0.0008358090741262316,1533.3333333333335,0.0020834472809340586,True,0.09607791900634766,0.13604101530020285,True,True,True,True,True,29,20
174,2026-08-08T15:35:04.438766,shadow,silero,webrtc,False,0.08990107476711273,True,True,True,1,True,True,False,1,0.0,,,,,,,,,,,,,0.465074778026255,0.022298807503764295,0.9261485912752783,0.051552601218807295,,,,,,,,,,,,,,,True,temporal_v1,False,0.0020106307958193182,0.18580375782881003,2.9310906891745767,0.8331908355977438,92.0908082268256,1681.5121734074658,0.01037061295006337,0.43072835050667885,0.023975814568512846,0.0,0.0,0.1374477657386753,0.1713355449072144,0.05835129454599387,0.028898384956307296,0.5638801644666217,260.0705596808545,0.013584068632777195,1.339857702376494,-0.0007822354913695148,1733.3333333333335,0.0035555658309222213,True,0.09607791900634766,0.1374477657386753,True,True,True,True,True,30,20
175,2026-08-08T15:35:04.455782,shadow,silero,webrtc,False,0.07817509770393372,True,True,True,1,True,True,False,1,0.0,,,,,,,,,,,,,0.4616078289592234,0.018383972162275795,0.9405835949769785,0.041032432858579354,,,,,,,,,,,,,,,True,temporal_v1,False,0.0020034797600284567,0.1732776617954071,2.912888176568607,0.8524752966858051,92.15916197648012,1752.759306419988,0.00848618547747493,0.4341807512319846,0.018940892248763917,0.0,0.0,0.13894663672585061,0.17112074250352904,0.05763756493511587,0.02784063979652552,0.5521153099626759,260.7816174656949,0.010967831012972044,0.8347561404406341,-0.00046930090813165166,1566.6666666666667,0.010873422793679418,True,0.09607791900634766,0.13894663672585061,True,True,True,True,True,31,20
176,2026-08-08T15:35:04.461881,shadow,silero,webrtc,False,0.07817509770393372,True,True,True,1,True,True,False,1,0.0,,,,,,,,,,,,,0.11838134315830193,0.1394726337039821,0.7882610073959776,0.07226635889159284,,,,,,,,,,,,,,,True,temporal_v1,False,0.0010154906795197558,0.18789144050104384,3.5731850860257337,0.8147738191068975,86.05764325640506,1705.0717569329443,0.01651095771170325,0.093315396814852,0.008554988630746656,0.0,0.0,0.1393593159582174,0.1712704149055821,0.05645190136351261,0.027715117787517483,0.5503227210921552,256.49701387036106,0.011049933510670858,1.9114147458232054,-0.001119097084791533,1966.6666666666667,0.0017389707357314149,True,0.09607791900634766,0.1393593159582174,True,True,True,True,True,32,20
177,2026-08-08T15:35:04.474061,shadow,silero,webrtc,False,0.08437719196081161,True,True,True,1,True,True,False,1,0.0,,,,,,,,,,,,,0.012183213641783876,0.3719654170972297,0.6150074712654675,0.013027111555222553,,,,,,,,,,,,,,,True,temporal_v1,False,0.00032971784270740726,0.15657620041753653,3.7166183109996895,0.853049128637493,76.45016953116098,1506.269314679129,0.004531734143850798,0.007492767413720449,0.00015871208321262777,0.0,0.0,0.1508455911573597,0.1748940569888871,0.05756316985581566,0.028463775166805275,0.5597143850466263,261.78171512302555,0.011285646163045473,1.120116168028482,-0.0006582428860124604,1900.0000000000002,0.013086995682285383,True,0.09607791900634766,0.1508455911573597,True,True,True,True,True,33,20
178,2026-08-08T15:35:04.486848,shadow,silero,webrtc,False,0.1500411331653595,True,True,True,1,True,True,False,1,0.0,,,,,,,,,,,,,0.005578142649580887,0.1985374073713746,0.7538170978055643,0.04764549464379001,,,,,,,,,,,,,,,True,temporal_v1,False,0.00022558574989404144,0.14613778705636743,3.92382802471348,0.8157397243150037,72.91113590642294,1764.941728641611,0.0011074699795954794,0.0042048993032525045,0.00026577336573290275,0.0,0.0,0.1499301227490616,0.17087133705007415,0.05384218046217409,0.02839248434237996,0.5377675781322289,236.16493506220272,0.005587937853930075,1.211521100784912,-0.0007303432914697597,2133.3333333333335,0.028673744108025458,True,0.10034043341875076,0.1499301227490616,True,True,True,True,True,34,20
179,2026-08-08T15:35:04.497198,shadow,silero,webrtc,False,0.20434895157814026,True,True,True,1,True,True,False,1,0.0,,,,,,,,,,,,,0.06615261688151138,0.577745860735363,0.38175200702981327,0.040502132219707,,,,,,,,,,,,,,,True,temporal_v1,False,0.0007612967624841844,0.18997912317327767,3.475876672195021,0.8639274589875974,83.80600904083443,1755.5734512575532,0.0382194005801055,0.025253894264791275,0.002679322035614595,0.0,0.0,0.1871117175835068,0.18738656917842228,0.022274362101325603,0.02088100167022963,0.4631881752840289,150.99696996818525,0.011163729361891365,0.811654625037144,-0.0004632182687568529,1933.3333333333335,0.027781721246495094,True,0.10034043341875076,0.1871117175835068,True,True,True,True,True,35,20
180,2026-08-08T15:35:04.507039,shadow,silero,webrtc,False,0.16045896708965302,True,True,True,1,True,True,False,1,0.0,,,,,,,,,,,,,0.19359286436232206,0.2032963588415597,0.7558756016379486,0.040828039515326195,,,,,,,,,,,,,,,True,temporal_v1,False,0.0012970298718081598,0.21920668058455114,3.2610359044208823,0.7896956631497654,88.04915434197434,1780.1548850963172,0.03935672442256802,0.14633212282268399,0.00790401711607007,0.0,0.0,0.17803776358405088,0.17362832435613176,0.01817648801032913,0.023843493169551963,0.39678591575599303,156.19251203573998,0.01218972124714858,1.1543297616118045,-0.0006619469581414892,1966.6666666666667,0.007122826642982879,True,0.10034043341875076,0.17803776358405088,True,True,True,True,True,36,20
181,2026-08-08T15:35:04.521681,shadow,silero,webrtc,False,0.10907020419836044,True,True,True,1,True,True,False,1,0.0,,,,,,,,,,,,,0.449900600968085,0.10414594592223998,0.8682266546636485,0.027627399411888926,,,,,,,,,,,,,,,True,temporal_v1,False,0.0019781981915104343,0.18580375782881003,3.0042292236784296,0.8384621898003733,91.97685939461147,1769.33523097266,0.046855323658805445,0.3906156937096854,0.012429583598594146,0.0,0.0,0.17047498036215183,0.16923414759171004,0.016070873801943084,0.02031498681819471,0.3739820713832762,117.47040568276604,0.012571705537086,1.0261871556186994,-0.0005922674325143192,1866.6666666666667,0.00951853409583684,True,0.10034043341875076,0.17047498036215183,True,True,True,True,True,37,20
182,2026-08-08T15:35:04.531404,shadow,silero,webrtc,False,0.08279359340667725,True,True,True,1,True,True,False,1,0.0,,,,,,,,,,,,,0.40815147255043543,0.08712307389267641,0.8780742115887706,0.03480271451610289,,,,,,,,,,,,,,,True,temporal_v1,False,0.0018831920352433986,0.1837160751565762,3.358426992401629,0.8101450483598687,91.4002108706277,1668.1777741449296,0.03555941090241627,0.35838728246851936,0.01420477917849981,0.0,0.0,0.16940408639359608,0.1671350320774154,0.015060954372669801,0.01888285607308727,0.35989820378941567,86.55459447985605,0.007597849869952881,1.4529830638616459,-0.0008473149047416548,1833.3333333333335,0.002935780263707575,True,0.09281370416283607,0.16940408639359608,True,True,True,True,True,38,20
183,2026-08-08T15:35:04.540894,shadow,silero,webrtc,False,0.07317942380905151,True,True,True,1,True,True,False,1,0.0,,,,,,,,,,,,,0.3105626234136041,0.03672499945480811,0.9527413377627038,0.010533662779268404,,,,,,,,,,,,,,,True,temporal_v1,False,0.0016431891801150307,0.19624217118997914,3.1801440622153403,0.8230251875301035,90.28418908729276,1777.6453915490463,0.011405412175548385,0.2958858492901719,0.0032713619468838317,0.0,0.0,0.16831991981695452,0.16768496176564845,0.017234271209745956,0.019297235921989717,0.3239820337419335,79.78458659279657,0.009055752449582408,0.8483223708339913,-0.00048121950156088355,1833.3333333333335,0.01281814641965578,True,0.08713913336396217,0.16831991981695452,True,True,True,True,True,39,20
184,2026-08-08T15:35:04.549997,shadow,silero,webrtc,False,0.07054738700389862,True,True,True,1,True,True,False,1,0.0,,,,,,,,,,,,,0.285859674044077,0.06818912060030767,0.9288511739321207,0.0029597054640735014,,,,,,,,,,,,,,,True,temporal_v1,False,0.001576177516841957,0.18162839248434237,3.375939874904764,0.8273245754739703,89.94500165895543,1685.8539441983423,0.019492519788156203,0.2655210938156943,0.0008460604392265247,0.0,0.0,0.16465336171561587,0.16791256663601536,0.019433100731322175,0.019265589970871532,0.2948755164495088,79.60655793844855,0.006101728725648452,0.8781096974898647,-0.0004965816911181861,1833.3333333333335,0.008924907430661658,True,0.08358539268374443,0.16465336171561587,True,True,True,True,True,40,20
185,2026-08-08T15:35:04.559727,shadow,silero,webrtc,False,0.06545214354991913,True,True,True,1,True,True,False,1,0.0,,,,,,,,,,,,,0.40329246411525027,0.09479239840552729,0.9025802509963721,0.0026273505956211254,,,,,,,,,,,,,,,True,temporal_v1,False,0.0018716360616363706,0.13778705636743216,1.9193082366180056,0.8930031553545615,91.76917027906754,1521.293722133976,0.03822905993235962,0.36400381348608796,0.001059590695802714,0.0,0.0,0.15861233255905738,0.16477893959749723,0.021204590313529253,0.023382977911637848,0.5179459354892684,97.38654944069451,0.02307530449287902,1.150292913348001,-0.0006727772535953568,1500.0,0.002817831234043074,True,0.08358539268374443,0.15861233255905738,True,True,True,True,True,41,20
186,2026-08-08T15:35:04.571346,shadow,silero,webrtc,False,0.06684142351150513,True,True,True,1,True,True,False,1,0.0,,,,,,,,,,,,,0.1749189216025169,0.695089448713354,0.3023059989349599,0.0026045523459691093,,,,,,,,,,,,,,,True,temporal_v1,False,0.0012329985560237129,0.14613778705636743,2.089057596690709,0.8910862329176655,88.13308498794197,1530.3314505643132,0.12158429678622786,0.05287903932767481,0.0004555854876142221,0.0,0.0,0.21800711610748508,0.2187411731759628,0.016956121180539855,0.025004303568289196,0.6157448110792902,108.74474243342048,0.03572993738049259,1.0909273107492237,-0.000632899515766921,1633.3333333333335,0.004117913519177939,True,0.08358539268374443,0.21800711610748508,True,True,True,True,True,42,20
187,2026-08-08T15:35:04.580843,shadow,silero,webrtc,False,0.06487531960010529,True,True,True,1,True,True,False,1,0.0,,,,,,,,,,,,,0.0863741289894756,0.4247795549523097,0.5736488875980472,0.001571557438065509,,,,,,,,,,,,,,,True,temporal_v1,False,0.0008680086281363732,0.17745302713987474,3.202135246538197,0.8594943146556192,84.92478038857766,1458.6574292068733,0.03668996407154283,0.049548423012062914,0.00013574190486984007,0.0,0.0,0.2216581687565919,0.22132619778219742,0.017905367136368137,0.024297074832489548,0.5853622225006726,116.81299562232786,0.01102615476454962,1.1964170493146216,-0.0007054798079579842,1900.0000000000002,0.004241294903443337,True,0.07798650860786438,0.2216581687565919,True,True,True,True,True,43,20
188,2026-08-08T15:35:04.590541,shadow,silero,webrtc,False,0.0682278424501419,True,True,True,1,True,True,False,1,0.0,,,,,,,,,,,,,0.0353982902268309,0.47669352556851985,0.5183666246619356,0.004939849741294461,,,,,,,,,,,,,,,True,temporal_v1,False,0.00055582919743566,0.17954070981210857,3.4213206287086058,0.85973517655211,81.04605693342315,1450.6848870982938,0.0168741357673257,0.018349292223685917,0.00017486223481927686,0.0,0.0,0.23083774094650836,0.22987615077392412,0.016081457509256904,0.022102831922142324,0.5295927815625368,129.00163845334126,0.007132122287264735,1.6167369545860468,-0.0009665637625638806,1866.6666666666667,0.002621443308657924,True,0.07186340540647507,0.23083774094650836,True,True,True,True,True,44,20
189,2026-08-08T15:35:04.599571,shadow,silero,webrtc,False,0.0735640749335289,True,True,True,1,True,True,False,1,0.0,,,,,,,,,,,,,0.03418632284345454,0.3879633078584317,0.6086228890413344,0.0034138030709824326,,,,,,,,,,,,,,,True,temporal_v1,False,0.0005469532738666562,0.19206680584551147,3.2936480967568706,0.8383755331963646,80.79657504597643,1480.699464597252,0.01326303889386289,0.02080657857468307,0.000116705373908582,0.0,0.0,0.21238403431247987,0.20676533021704485,0.014399210682453473,0.02220807707218739,0.5168764094564791,130.67214746409638,0.006387146994271474,1.3077240005140356,-0.0007764219898809743,1866.6666666666667,0.004594128846763329,True,0.07186340540647507,0.21238403431247987,True,True,True,True,True,45,20
190,2026-08-08T15:35:04.609141,shadow,silero,webrtc,False,0.07093269377946854,True,True,True,1,True,True,False,1,0.0,,,,,,,,,,,,,0.02730617176322874,0.6850572451015416,0.3072919312305849,0.007650823631251787,,,,,,,,,,,,,,,True,temporal_v1,False,0.0004894559248421652,0.13778705636743216,3.260183910596232,0.8968338856180305,80.12066974034633,1375.117223170684,0.018706290802386987,0.008390966255636626,0.00020891470420513074,0.0,0.0,0.24644708728643974,0.24175365788913528,0.01109134103810076,0.021229792805860074,0.5168351779473073,135.0605512132367,0.008076212076940164,1.8837218578486261,-0.0011286504923640331,1733.3333333333335,0.0017493419768828723,True,0.07074004039168358,0.24644708728643974,True,True,True,True,True,46,20
191,2026-08-08T15:35:04.621065,shadow,silero,webrtc,False,0.06737068295478821,True,True,True,1,True,True,False,1,0.0,,,,,,,,,,,,,0.01644850960235781,0.5546615801785068,0.4287294504105627,0.016608969350134818,,,,,,,,,,,,,,,True,temporal_v1,False,0.0003878810401923373,0.18580375782881003,3.7688341140854433,0.8847144634856188,78.03053163579088,1405.6121292098076,0.009123356327625124,0.007051960481891727,0.0002731927918409591,0.0,0.0,0.24659732835271508,0.2442168155748871,0.009737533526306592,0.021229792805860074,0.5646103031183212,125.60553894621815,0.009265626241810895,1.8522564944233235,-0.0011200328082421498,1733.3333333333335,0.0035547867887379364,True,0.06938761472702026,0.24659732835271508,True,True,True,True,True,47,20
192,2026-08-08T15:35:04.625597,shadow,silero,webrtc,False,0.06737068295478821,True,True,True,1,True,True,False,1,0.0,,,,,,,,,,,,,0.008518609205599846,0.5702318978460534,0.40234537511830143,0.027422726918254852,,,,,,,,,,,,,,,True,temporal_v1,False,0.0002843403589097017,0.15657620041753653,3.891511245056995,0.8932517942078362,75.34991735394102,1460.6542785906938,0.004857582694318062,0.003427423016313286,0.00023360349396849648,0.0,0.0,0.23729534475894795,0.23952087938833455,0.007829369949795618,0.021269788103465602,0.6109912063325236,118.92053930455005,0.0031277758281699052,1.4388069720658074,-0.0008636678330638192,1700.0000000000002,0.012393213745887274,True,0.06779926270246506,0.23729534475894795,True,True,True,True,True,48,20
193,2026-08-08T15:35:04.637389,shadow,silero,webrtc,False,0.0715426430106163,True,True,True,1,True,True,False,1,0.0,,,,,,,,,,,,,0.007162274813882677,0.6283584590794071,0.3236777915605362,0.04796374922043619,,,,,,,,,,,,,,,True,temporal_v1,False,0.00026089686591432824,0.13569937369519833,3.9548388006892514,0.9011350308055512,74.63043263676465,1518.2506690293649,0.004500475965554566,0.0023182692943071953,0.000343529553020915,0.0,0.0,0.21188557012147227,0.21833068123322502,0.014356455523328086,0.02129947951145546,0.6584159273619162,80.95762047679057,0.003238865600338165,1.3204652066404219,-0.000784567016359381,1600.0,0.0200015867900705,True,0.06779926270246506,0.21188557012147227,True,True,True,True,True,49,20
194,2026-08-08T15:35:04.650878,shadow,silero,webrtc,False,0.07276146113872528,True,True,True,1,True,True,False,1,0.0,,,,,,,,,,,,,0.010420766952786402,0.6946959513049575,0.25656127010745605,0.04874277849162416,,,,,,,,,,,,,,,True,temporal_v1,False,0.000315035956631779,0.12108559498956159,3.725440059510509,0.9125223935629713,76.34303445395824,1524.8314422845137,0.007239264611593213,0.002673565204900684,0.0005079371352925048,0.0,0.0,0.176931483584792,0.1861963111622429,0.017720769067614935,0.02363419072749045,0.6749574758008501,50.38783583026208,0.0014673574573937167,1.321638369851743,-0.0007789850257926602,1400.0,0.018846387559027903,True,0.06779926270246506,0.176931483584792,True,True,True,True,True,50,20
195,2026-08-08T15:35:04.663541,shadow,silero,webrtc,False,0.06302261352539062,True,True,True,1,True,True,False,1,0.0,,,,,,,,,,,,,0.014137844607085075,0.701405856580954,0.24403700670762243,0.05455713664069144,,,,,,,,,,,,,,,True,temporal_v1,False,0.00036463048121772903,0.13569937369519833,3.872123621097314,0.9093244506599721,77.60885402956026,1501.3436529502605,0.009916367006840928,0.003450157279210544,0.000771320320033603,0.0,0.0,0.11263258237348958,0.1254048124672486,0.02035087480940903,0.023811482942006995,0.5272913035843818,48.79056049956322,0.0005621815918193504,1.7200300488077116,-0.0010350055304827065,1433.3333333333335,0.00868092765498481,True,0.06779926270246506,0.11263258237348958,True,True,True,True,True,51,20
196,2026-08-08T15:35:04.676782,shadow,silero,webrtc,False,0.05309302732348442,True,True,False,1,True,True,False,1,0.0,,,,,,,,,,,,,0.01261236410687467,0.7176185675778277,0.22828594853068798,0.05409548381219706,,,,,,,,,,,,,,,True,temporal_v1,False,0.0003482423440078244,0.12317327766179541,3.87584129331678,0.9091927766448977,77.20562574438891,1507.5487667544185,0.009050866664145408,0.0028792255033522874,0.0006822719383769739,0.0,0.0,0.11507310412622428,0.1327207307388976,0.021393867547378494,0.02575560837292883,0.28244456368712245,46.42357180775118,0.0005859763507700814,1.979175834798766,-0.001213295042334481,1500.0,0.005061595727077269,True,0.06779926270246506,0.11507310412622428,True,True,True,True,True,52,20
197,2026-08-08T15:35:04.688985,shadow,silero,webrtc,False,0.04693172127008438,True,True,False,1,True,True,False,1,0.0,,,,,,,,,,,,,0.013625244663683655,0.7200580173100438,0.21893231734246218,0.06100966527410074,,,,,,,,,,,,,,,True,temporal_v1,False,0.000358844833382974,0.1419624217118998,3.832688418492697,0.9091843067888731,77.46819038934036,1487.1079114326396,0.009810966657896308,0.002983006388578279,0.0008312716162090671,0.0,0.0,0.1080617033890123,0.1258985801097262,0.02183986049343052,0.02477315020205755,0.24905967239773547,46.61439675393755,0.0006392890776210847,1.685688582615763,-0.0010052402055152764,1466.6666666666667,0.008377505193290407,True,0.06779926270246506,0.1080617033890123,True,True,True,True,True,53,20
198,2026-08-08T15:35:04.702311,shadow,silero,webrtc,False,0.036930859088897705,True,True,False,1,True,True,False,1,0.0,,,,,,,,,,,,,0.022687279673561194,0.7146845459123795,0.23277496907308542,0.052540484970457574,,,,,,,,,,,,,,,True,temporal_v1,False,0.00046177139275733396,0.11482254697286012,3.8892598583766205,0.9103887354559721,79.67778166145237,1493.2601372800734,0.01621424817148624,0.005281030824365647,0.0011920006767093096,0.0,0.0,0.10126629004498049,0.11740847413190288,0.020425220990767632,0.02490912524137729,0.23796228051343893,46.49172839504021,0.00046256076848359175,1.8373859485706263,-0.0011146845027296965,1400.0,0.006877396941534234,True,0.06737068295478821,0.10126629004498049,True,True,True,True,True,54,20
199,2026-08-08T15:35:04.716617,shadow,silero,webrtc,False,0.0325201041996479,True,True,False,1,True,True,False,1,0.0,,,,,,,,,,,,,0.012648138788180224,0.7062559419290777,0.24041295702181917,0.053331100970040075,,,,,,,,,,,,,,,True,temporal_v1,False,0.00034461404545147736,0.1315240083507307,3.9346938682081682,0.9083059797835147,77.10963677879818,1504.886381925659,0.008932823173495927,0.0030407764468887762,0.0006745391667955198,0.0,0.0,0.05907051374923262,0.07148103156911428,0.01738218955673004,0.019338974358448027,0.19194018571912494,47.32400092340936,0.0001978611912627432,1.4883181433958494,-0.0008923095299497454,1466.6666666666667,0.01583816757043494,True,0.06519664824008942,0.05907051374923262,True,True,True,True,True,55,20
200,2026-08-08T15:35:04.729947,shadow,silero,webrtc,False,0.02931292913854122,True,True,False,1,True,True,False,1,0.0,,,,,,,,,,,,,0.01463450678302044,0.7233914833591752,0.22362307089764613,0.052985445674846976,,,,,,,,,,,,,,,True,temporal_v1,False,0.00037026282850772586,0.09812108559498957,3.8702714610568765,0.9102393358183994,77.74735234020983,1508.467978555273,0.010586477569999067,0.003272613347891463,0.0007754158641299091,0.0,0.0,0.0611749027045716,0.07363325530640381,0.01311917539014979,0.02281599347359374,0.06638191541766385,33.16293495933611,0.0006996342366074039,1.4727702487428622,-0.0008779735410269601,1466.6666666666667,0.014877487054657305,True,0.05805782042443752,0.0611749027045716,True,True,True,True,True,56,20
201,2026-08-08T15:35:04.741260,shadow,silero,webrtc,False,0.02550278790295124,True,True,False,1,False,True,False,0,0.0,,,,,,,,,,,,,0.013247434407663027,0.7404800275890996,0.20598934885834574,0.05353062347706836,,,,,,,,,,,,,,,True,temporal_v1,False,0.0003529355692933873,0.11064718162839249,3.857020215821154,0.9120259608308333,77.33635010204611,1498.748304748579,0.009809460595671105,0.002728830387678152,0.0007091434233137696,0.0,0.0,0.049466940528649195,0.05708481572224224,0.008422135325219859,0.016030358096411245,0.058917012153515795,16.91964489915779,0.0007347261906881563,1.5605648836377952,-0.0009351364374475133,1400.0,0.012640911175418025,True,0.0500123742967844,0.049466940528649195,True,True,False,False,False,0,20
202,2026-08-08T15:35:04.754435,shadow,silero,webrtc,False,0.021867673844099045,True,True,False,1,False,True,False,0,0.0,,,,,,,,,,,,,0.014114770119734095,0.7194113029998817,0.22573482659780209,0.05485387033146839,,,,,,,,,,,,,,,True,temporal_v1,False,0.00036597593969056174,0.12108559498956159,3.942023523303544,0.9067829595359529,77.62893214525289,1520.376376716991,0.010154325163381701,0.003186195185446014,0.0007742497699063786,0.0,0.0,0.028726914632623262,0.03091020387184836,0.003376435835946735,0.012645568034161007,0.06256547136547119,11.455439844814068,0.0002503196735125358,1.475105128901589,-0.0008804004727583076,1466.6666666666667,0.016383884732393425,True,0.04193129017949104,0.028726914632623262,True,True,False,False,False,0,20
203,2026-08-08T15:35:04.767398,shadow,silero,webrtc,False,0.01905091293156147,True,True,False,1,False,True,False,0,0.0,,,,,,,,,,,,,0.00825019770768342,0.7209474094685134,0.22154551822981836,0.05750707218045907,,,,,,,,,,,,,,,True,temporal_v1,False,0.0002787721709769949,0.14613778705636743,3.9236141561150526,0.9048449583223177,75.23190193607931,1513.2545844335098,0.005947958664957429,0.0018277943266471826,0.00047444471507880837,0.0,0.0,0.012134764327994929,0.013603325779373775,0.003048846339242433,0.013979681872887853,0.05921336167049394,11.032419878915045,0.00047633956327178105,1.7704745172242198,-0.0010684894572709294,1500.0,0.008073967685445368,True,0.034725481644272804,0.012134764327994929,True,True,False,False,False,0,20
204,2026-08-08T15:35:04.781593,shadow,silero,webrtc,False,0.017161782830953598,True,True,False,1,False,True,False,0,0.0,,,,,,,,,,,,,0.010170853259410287,0.7232852068394695,0.22039108825263615,0.05632370480957419,,,,,,,,,,,,,,,True,temporal_v1,False,0.00031047145024879825,0.13987473903966596,3.9162031882069632,0.9081430032210079,76.19407281211747,1507.8874525220729,0.007356427703466463,0.0022415654182993045,0.0005728601366445205,0.0,0.0,0.009980035642849753,0.010446507272765637,0.0024533097254708946,0.014651011323192274,0.03432740919365178,9.147573688516273,0.00047223749989002225,1.5120829316442348,-0.0009071249314067375,1466.6666666666667,0.014884231322543058,True,0.030916516669094563,0.009980035642849753,True,True,False,False,False,0,20
205,2026-08-08T15:35:04.789965,shadow,silero,webrtc,False,0.015851913020014763,True,True,False,1,False,True,False,0,0.0,,,,,,,,,,,,,0.010523547561420486,0.723672820210921,0.21965138943116683,0.05667579026288717,,,,,,,,,,,,,,,True,temporal_v1,False,0.0003156422886427862,0.13778705636743216,3.889773176621601,0.9068256763028696,76.33271529531113,1510.4360994976266,0.007615605342396923,0.002311511843610977,0.0005964303744125851,0.0,0.0,0.00818335728824195,0.008690360162992492,0.002490768842323113,0.014797532481561041,0.033740993589278435,9.260890451496348,0.0003246406301687436,1.8473791497408842,-0.0011232376203380175,1500.0,0.00702206200855418,True,0.02740785852074623,0.00818335728824195,True,True,False,False,False,0,20
206,2026-08-08T15:35:04.801720,shadow,silero,webrtc,False,0.014256165362894535,True,True,False,1,False,True,False,0,0.0,,,,,,,,,,,,,0.013095033422627012,0.7285809159180341,0.21360122583665686,0.05781785816894426,,,,,,,,,,,,,,,True,temporal_v1,False,0.0003530741820783003,0.16075156576200417,3.8946210703337782,0.9087260832504879,77.32406891750125,1499.7730077197516,0.009540791445034858,0.002797115191445122,0.0007571267851470333,0.0,0.0,0.008391180375099777,0.009031149310328793,0.002562258681426901,0.017915188269665913,0.033244950765822255,9.356761048289547,0.0005421151342676352,1.6298434242282334,-0.0009731116671177499,1466.6666666666667,0.010376899219643873,True,0.023685230873525143,0.008391180375099777,True,True,False,False,False,0,20
207,2026-08-08T15:35:04.817158,shadow,silero,webrtc,False,0.01270515937358141,True,True,False,1,False,True,False,0,0.0,,,,,,,,,,,,,0.010341976215925685,0.7225842952680505,0.2238737125410978,0.053541992094158414,,,,,,,,,,,,,,,True,temporal_v1,False,0.0003130996500781619,0.14822546972860126,3.8454220100331447,0.9101849143113186,76.27775811865945,1492.2293755871876,0.0074729495956636,0.002315296610471017,0.0005537300087910674,0.0,0.0,0.008364586700478896,0.00897022513358453,0.0018948799964101095,0.018415444000000305,0.03100139794317285,8.495713947033106,0.0004296203613547494,1.8910406902176884,-0.0011582041871504814,1433.3333333333335,0.006215972687188328,True,0.020459293387830257,0.008364586700478896,True,True,False,False,False,0,20
208,2026-08-08T15:35:04.822250,shadow,silero,webrtc,False,0.01270515937358141,True,True,False,1,False,True,False,0,0.0,,,,,,,,,,,,,0.010388993965418933,0.714081257283112,0.22696555329155915,0.05895318932907314,,,,,,,,,,,,,,,True,temporal_v1,False,0.0003154432996218728,0.1544885177453027,3.849237443468788,0.9089356529619681,76.33728811378037,1506.7722775986203,0.007418585872733015,0.0023579437635039774,0.0006124643281819407,0.0,0.0,0.008421488996279352,0.008477377728437728,0.0020619412120447414,0.018793782772320494,0.034081120573758755,7.554262484539541,0.00047117236803135274,1.599537740476916,-0.0009467297527581438,1433.3333333333335,0.010405404251408056,True,0.018106347881257534,0.008421488996279352,True,True,False,False,False,0,20
209,2026-08-08T15:35:04.833479,shadow,silero,webrtc,False,0.011636628769338131,True,True,False,1,False,True,False,0,0.0,,,,,,,,,,,,,0.010523576764335867,0.7286100937409141,0.2207005516078395,0.05068935455622163,,,,,,,,,,,,,,,True,temporal_v1,False,0.0003173587472167863,0.15031315240083507,3.831831600018312,0.9140337738520204,76.41466331366162,1481.934931710479,0.007667584252752462,0.0023225591967763687,0.0005334333138070364,0.0,0.0,0.006656068248248403,0.005911893934173584,0.002460313057684398,0.019298365174758445,0.035233342365346754,10.530328772101543,0.00035277665505736297,1.669732095738043,-0.0010013304512768164,1333.3333333333335,0.009296978354822667,True,0.01650684792548418,0.006656068248248403,True,True,False,False,False,0,20
210,2026-08-08T15:35:04.846269,shadow,silero,webrtc,False,0.010178652592003345,True,True,False,1,False,True,False,0,0.0,,,,,,,,,,,,,0.005010781748223081,0.719535554971994,0.23364187717029422,0.0468225676581421,,,,,,,,,,,,,,,True,temporal_v1,False,0.00022101936142621904,0.12943632567849686,3.874934258326408,0.9133011110240988,73.22229197810516,1476.9462077567318,0.0036054356260512327,0.0011707284537454893,0.00023461766742635876,0.0,0.0,0.006819069519139757,0.007129383146168934,0.003508471610898909,0.01479164057112179,0.035105639735878914,13.117571459275624,0.0006244958001562502,1.6366315176192472,-0.0009727618217067427,1400.0,0.009412719386317563,True,0.015054039191454649,0.006819069519139757,True,True,False,False,False,0,20
211,2026-08-08T15:35:04.856934,shadow,silero,webrtc,False,0.008814649656414986,True,True,False,1,False,True,False,0,0.0,,,,,,,,,,,,,0.003814946059763419,0.7230602629891264,0.21920924174421905,0.057730495004527614,,,,,,,,,,,,,,,True,temporal_v1,False,0.00019471013818685205,0.11899791231732777,3.8767956210007135,0.9080438454147794,72.07013891308972,1526.2189096238078,0.0027584359012618694,0.0008362714330558353,0.00022023872444571437,0.0,0.0,0.004099830294079613,0.005129836968263677,0.0035970102915398048,0.013276086092346255,0.03416070311250081,15.11682710575171,0.0007830785820904732,1.352261866805268,-0.0008045533462406827,1500.0,0.019446241165370116,True,0.013480662368237972,0.004099830294079613,True,True,False,False,False,0,20
212,2026-08-08T15:35:04.870253,shadow,silero,webrtc,False,0.008561620488762856,True,True,False,1,False,True,False,0,0.0,,,,,,,,,,,,,0.004275570664820591,0.7165655170576366,0.23144706930340445,0.05198741340507185,,,,,,,,,,,,,,,True,temporal_v1,False,0.00020389697093271087,0.14613778705636743,3.897863304064692,0.9090697577377026,72.48577124726624,1491.4088352064841,0.00306372650415363,0.0009895682999723344,0.00022227585969462595,0.0,0.0,0.004384674547759914,0.005736857970391369,0.003716753574317246,0.011593689667569783,0.028877918596030474,14.37866842794141,0.0005710709386110193,1.670412537791935,-0.0010031847444464425,1466.6666666666667,0.00968571350853353,True,0.01270515937358141,0.004384674547759914,True,True,False,False,False,0,20
213,2026-08-08T15:35:04.883627,shadow,silero,webrtc,False,0.007275877986103296,True,True,False,1,False,True,False,0,0.0,,,,,,,,,,,,,0.0015093914099893948,0.724795696650118,0.21507634905954517,0.060127953627818226,,,,,,,,,,,,,,,True,temporal_v1,False,0.00012337638657984904,0.17536534446764093,3.827248702422042,0.9019997770165125,67.89898774618766,1523.4721779961574,0.0010940003985209672,0.00032463439376235814,9.07566167060695e-05,0.0,0.0,0.004435877587601502,0.006220355032729908,0.003981062741112763,0.015112284819084642,0.02880437130699458,15.550750117919998,0.0011276248256262356,1.4839669477607411,-0.0008871326365633754,1500.0,0.013666339358290563,True,0.01217089407145977,0.004435877587601502,True,True,False,False,False,0,20
214,2026-08-08T15:35:04.895036,shadow,silero,webrtc,False,0.00702594593167305,True,True,False,1,False,True,False,0,0.0,,,,,,,,,,,,,0.0022084868574368632,0.6929249419659472,0.24572935267670667,0.06134570490454742,,,,,,,,,,,,,,,True,temporal_v1,False,0.0001450460851670175,0.17745302713987474,3.9626236343892116,0.8954977262737333,69.3566041268522,1584.7421026359734,0.0015303156275219955,0.0005426900458729746,0.0001354811830418931,0.0,0.0,0.00988572865055737,0.009274267234630002,0.0044023750972820965,0.017561370225313646,0.038064872758170186,29.468766983935673,0.0013631805364903158,1.2498949015285337,-0.000748805397012439,1666.6666666666667,0.028723909599069106,True,0.010907640680670738,0.00988572865055737,True,True,False,False,False,0,20
215,2026-08-08T15:35:04.911540,shadow,silero,webrtc,False,0.006631710100919008,True,True,False,1,False,True,False,0,0.0,,,,,,,,,,,,,0.002387821640470703,0.7468268078925578,0.19367218312230566,0.05950100856634462,,,,,,,,,,,,,,,True,temporal_v1,False,0.00015343871087250557,0.15031315240083507,3.790400945926737,0.9107321301199639,69.94149568670286,1523.755098385726,0.001783289213569506,0.00046245463001664633,0.00014207779588455035,0.0,0.0,0.012867530792575495,0.01320952003543902,0.004552419965936534,0.017093519407481186,0.04521900809052593,29.78508697246909,0.001031751110568994,1.288435458986648,-0.0007537763277741395,1366.6666666666667,0.019557139612848173,True,0.009496651124209166,0.012867530792575495,True,True,False,False,False,0,20
216,2026-08-08T15:35:04.919389,shadow,silero,webrtc,False,0.005844078492373228,True,True,False,1,False,True,False,0,0.0,,,,,,,,,,,,,0.0022635436897971463,0.7104408168094849,0.2282871274011363,0.06127205534759355,,,,,,,,,,,,,,,True,temporal_v1,False,0.00014954220916129992,0.13569937369519833,3.872328577014685,0.9048204721731848,69.67962001940215,1544.5199096391887,0.00160811382786344,0.0005167378866907593,0.00013869197424294687,0.0,0.0,0.013054885859111161,0.012964682455288172,0.004812132901305507,0.01733656742549202,0.04424766058962797,31.134240233359932,0.0016286427540037815,1.266626251057138,-0.0007553144796087726,1533.3333333333335,0.02558012804270852,True,0.00868813507258892,0.013054885859111161,True,True,False,False,False,0,20
217,2026-08-08T15:35:04.929572,shadow,silero,webrtc,False,0.005453403573483229,True,True,False,1,False,True,False,0,0.0,,,,,,,,,,,,,0.0010293126769103545,0.7324789921290971,0.19993933940933084,0.06758166749004994,,,,,,,,,,,,,,,True,temporal_v1,False,0.00010418687444620081,0.14613778705636743,3.713302765442798,0.8934880502763246,66.26481026473289,1668.183541486635,0.0007539499121689994,0.00020580009666710627,6.956266707424878e-05,0.0,0.0,0.013581951310123961,0.014818086082214967,0.005782834068256229,0.01735290075350009,0.0631653094008189,54.289725360783386,0.002689796263674529,1.0266794454747248,-0.0006101858442227971,1566.6666666666667,0.037257164733559035,True,0.007918749237433076,0.013581951310123961,True,True,False,False,False,0,20
218,2026-08-08T15:35:04.943134,shadow,silero,webrtc,False,0.004877280443906784,True,True,False,1,False,True,False,0,0.0,,,,,,,,,,,,,0.001300211768696893,0.6622883883844163,0.2752234117992076,0.062488199047270473,,,,,,,,,,,,,,,True,temporal_v1,False,0.00011788563267987754,0.11482254697286012,3.897624027505899,0.9011828604502246,67.47025434407871,1537.3521586128222,0.0008611151568487167,0.0003578487190422411,8.124789180593504e-05,0.0,0.0,0.022290320294908704,0.02195997600588985,0.005960011501587199,0.019867018377236444,0.06478049639287738,53.59458096060767,0.0019915931944411167,1.280131420049629,-0.0007715784441056496,1500.0,0.0235695375228499,True,0.007150911958888173,0.022290320294908704,True,True,False,False,False,0,20
219,2026-08-08T15:35:04.952786,shadow,silero,webrtc,False,0.004828468430787325,True,True,False,1,False,True,False,0,0.0,,,,,,,,,,,,,0.001205565966129871,0.6210133614178335,0.313935842550467,0.06505079520221353,,,,,,,,,,,,,,,True,temporal_v1,False,0.00011336087784739967,0.1440501043841336,3.8158636417569265,0.8943315773607088,67.06988844023638,1585.865987779832,0.0007486725730372492,0.00037847036732714884,7.842302476547293e-05,0.0,0.0,0.035526200713178406,0.03406344241069061,0.005763360677620011,0.01977135793828279,0.06551213068927308,52.18973557543265,0.003075006047966635,1.2095709648735367,-0.0007185229773932069,1600.0,0.025397207390330336,True,0.006828828016296029,0.035526200713178406,True,True,False,False,False,0,20
220,2026-08-08T15:35:04.962392,shadow,silero,webrtc,False,0.004246899392455816,True,True,False,1,False,True,False,0,0.0,,,,,,,,,,,,,0.0004923812239741987,0.6269148476587125,0.3057557822473762,0.06732936806296458,,,,,,,,,,,,,,,True,temporal_v1,False,7.767381056427306e-05,0.162839248434238,3.8796627149938674,0.8895551218968439,63.32741139665572,1596.754937834302,0.0003086811000177952,0.0001505484063001517,3.315171665625183e-05,0.0,0.0,0.04200948476225511,0.039998506938382694,0.0044178201475482525,0.019876888008590422,0.06568630371055882,48.529213160572716,0.0035769679083208494,1.2746609970671336,-0.0007643156687926748,1500.0,0.022901022180876193,True,0.006237894296646118,0.04200948476225511,True,True,False,False,False,0,20
221,2026-08-08T15:35:04.972361,shadow,silero,webrtc,False,0.004079211037606001,True,True,False,1,False,True,False,0,0.0,,,,,,,,,,,,,0.0005321011764844218,0.6288810424049016,0.2580564457704036,0.11306250994535305,,,,,,,,,,,,,,,True,temporal_v1,False,7.897737766603333e-05,0.16075156576200417,3.5329101021101867,0.8639955697872752,63.37383553946193,1749.3138385576956,0.0003346283425323977,0.00013731213839382014,6.0160694558204e-05,0.0,0.0,0.0452581670444685,0.039397954616830086,0.015937280275543735,0.017794356857920697,0.11552831893234604,73.52768819897135,0.005894614202845886,1.2844004386294086,-0.0007731190877261039,2233.3333333333335,0.01958220729443687,True,0.005648741032928228,0.0452581670444685,True,True,False,False,False,0,20
222,2026-08-08T15:35:04.986544,shadow,silero,webrtc,False,0.004010708536952734,True,True,False,1,False,True,False,0,0.0,,,,,,,,,,,,,0.0004316525580882047,0.7115435452002161,0.2258026754115277,0.06265377707157807,,,,,,,,,,,,,,,True,temporal_v1,False,7.360394122449142e-05,0.14926931106471816,3.464998570635784,0.9080939803109846,62.84996926949113,1613.7117053344632,0.0003071395914768234,9.74683024645465e-05,2.7044663146834782e-05,0.0,0.0,0.044946480239365615,0.03965222236489446,0.01524022375798961,0.01772717974234507,0.15290960522734556,67.61965392125174,0.0036151780884142648,0.9786113871811248,-0.0005877106171938508,1433.3333333333335,0.033861483393302985,True,0.005165342008695006,0.044946480239365615,True,True,False,False,False,0,20
223,2026-08-08T15:35:04.995436,shadow,silero,webrtc,False,0.0037334386724978685,True,True,False,1,False,True,False,0,0.0,,,,,,,,,,,,,0.0006321389827849886,0.5435016904436213,0.38361254664162014,0.072885761332828,,,,,,,,,,,,,,,True,temporal_v1,False,8.788257233176791e-05,0.1732776617954071,3.531541805611047,0.846762019674397,64.37052039216223,1656.162017167605,0.00034356860573895253,0.00024249644501759274,4.6073931028443344e-05,0.0,0.0,0.059705264138792125,0.05551004118969981,0.015057276283585677,0.017457134596729453,0.1679354114255382,65.71197285744024,0.0061001342543716116,1.3312911059896824,-0.0008049993661776766,2400.0,0.01684315790678612,True,0.0048528744373470545,0.059705264138792125,False,True,True,False,False,0,20
224,2026-08-08T15:35:05.000163,shadow,silero,webrtc,False,0.0037334386724978685,True,True,False,1,False,True,False,0,0.0,,,,,,,,,,,,,0.0010410555604379124,0.6339737333627777,0.28199824939005225,0.08402801628660649,,,,,,,,,,,,,,,True,temporal_v1,False,0.00010530932311624554,0.19206680584551147,3.226761399511689,0.8546335224977365,66.17444389740422,1779.1042949803502,0.0006600018802889022,0.00029357584556127103,8.747783358773915e-05,0.0,0.0,0.05983196190914478,0.05544786288154972,0.015390372244602263,0.019998485392067437,0.21230675699952922,83.0073019769354,0.007102663523126461,0.9823337180368631,-0.0005780538711203022,2400.0,0.029239179881303857,True,0.004537683911621571,0.05983196190914478,False,True,True,False,False,0,20
225,2026-08-08T15:35:05.010378,shadow,silero,webrtc,False,0.003209009300917387,True,True,False,1,False,True,False,0,0.0,,,,,,,,,,,,,0.0005790815937763875,0.5255108102054477,0.42470792643816496,0.04978126162951507,,,,,,,,,,,,,,,True,temporal_v1,False,8.410242326937013e-05,0.1847599164926931,3.1536650302572546,0.84166673788586,63.902480019336856,1667.5415447582534,0.0003043136375204913,0.0002459405429312773,2.8827412324618913e-05,0.0,0.0,0.06499206928713279,0.06713676259699743,0.01639687326248676,0.022107761078984708,0.2579801670128474,76.32698458896628,0.007745187860791556,1.1994340099488439,-0.0007230613243622915,2400.0,0.01636289090399892,True,0.004163055215030909,0.06499206928713279,False,True,True,False,False,0,20
226,2026-08-08T15:35:05.017903,shadow,silero,webrtc,False,0.003060249611735344,True,True,False,1,False,True,False,0,0.0,,,,,,,,,,,,,0.0006515846205786166,0.6372026886610241,0.2761167401898149,0.08668056961444087,,,,,,,,,,,,,,,True,temporal_v1,False,8.864124138286866e-05,0.16701461377870563,3.311492830096398,0.8454641712066933,64.44940991625492,1944.5597926073333,0.00041519147212286774,0.000179913421391985,5.647972606376381e-05,0.0,0.0,0.06057941046866215,0.06422973681332735,0.016717988750591304,0.0211557566856633,0.2555586257168469,112.25610521445212,0.0042421007618876705,0.6574350700698054,-0.0003970088481680361,2400.0,0.05835290186441787,True,0.0040449597872793674,0.06057941046866215,False,True,True,False,False,0,20
227,2026-08-08T15:35:05.023440,shadow,silero,webrtc,False,0.003018725896254182,True,True,False,1,False,True,False,0,0.0,,,,,,,,,,,,,0.000679629914921551,0.7047205888857604,0.2418966346046962,0.053382775038154334,,,,,,,,,,,,,,,False,temporal_v1,False,8.881520753373433e-05,0.13778705636743216,3.4644413675381434,0.8914467484516053,64.699449427689,1554.5480932707233,0.00047894919386789466,0.0001644001891961992,3.6280530857457126e-05,0.0,0.0,0.056420053249318314,0.05907850284002406,0.01770482007636914,0.021821028142345378,0.2507879995514142,118.44349871959909,0.0049747869708350375,1.4941177881608962,-0.0009020641152824723,1866.6666666666667,0.009662771748506297,True,0.0038720736047253013,0.056420053249318314,False,True,True,False,False,0,20
228,2026-08-08T15:35:05.028983,shadow,silero,webrtc,False,0.002782480325549841,True,True,False,1,False,True,False,0,0.0,,,,,,,,,,,,,0.002044526651277941,0.6693624835518809,0.2751625407024505,0.055474975256557764,,,,,,,,,,,,,,,False,temporal_v1,False,0.00014452143991367216,0.12734864300626306,3.8743074021590176,0.9049774210027697,69.36923692844533,1568.2988895466399,0.0013685294369874129,0.0005625771478995112,0.00011342006539101668,0.0,0.0,0.05686860280534913,0.05908092560028549,0.01818945659844737,0.01950503497222779,0.24742552270512694,115.34031823154491,0.003739770032534059,1.0742025772793624,-0.0006382362235184827,1566.6666666666667,0.03510524687947204,True,0.0037334386724978685,0.05686860280534913,False,True,True,False,False,0,20
229,2026-08-08T15:35:05.041229,shadow,silero,webrtc,False,0.002913222648203373,True,True,False,1,False,True,False,0,0.0,,,,,,,,,,,,,0.003634282793504361,0.588551046559994,0.3080908605561493,0.10335809260869924,,,,,,,,,,,,,,,False,temporal_v1,False,0.00019148468419202748,0.15657620041753653,3.9618078445910423,0.8591536764444281,71.68098251076616,1673.7683003017544,0.0021389609416119703,0.0011196893133551648,0.0003756325375372259,0.0,0.0,0.05821451459345578,0.05895612922660869,0.020422890852897224,0.018836636799093153,0.26760018493458704,111.76673521743582,0.003122934988812484,1.4591212663717956,-0.0008666730719327233,2233.3333333333335,0.014753497663385821,True,0.0034712239867076278,0.05821451459345578,False,True,True,False,False,0,20
230,2026-08-08T15:35:05.054283,shadow,silero,webrtc,False,0.002696169773116708,True,True,False,1,False,True,False,0,0.0,,,,,,,,,,,,,0.0017675012530357814,0.7105407072545145,0.22433652501403312,0.06512276716568194,,,,,,,,,,,,,,,False,temporal_v1,False,0.00014061246205096146,0.10855949895615867,3.5217201051692757,0.9087938202169464,69.13699898767068,1538.0800778641576,0.0012558815904052847,0.0003965150890639965,0.00011510457256650028,0.0,0.0,0.06337688357532789,0.06283394364896189,0.020514817720468318,0.024532714310019847,0.24256204405665152,117.40078559301523,0.0038429667143965343,1.3044485183582621,-0.0007791158013652842,1433.3333333333335,0.016105390260247297,True,0.0031346294563263655,0.06337688357532789,False,True,True,False,False,0,20
231,2026-08-08T15:35:05.067901,shadow,silero,webrtc,False,0.002707473933696747,True,True,False,1,False,True,False,0,0.0,,,,,,,,,,,,,0.0032548293760326147,0.6875470244275954,0.26113161223724596,0.05132136302792294,,,,,,,,,,,,,,,False,temporal_v1,False,0.00018300056904970805,0.1419624217118998,3.7795980929957764,0.9059494868021225,71.50581961894267,1562.3906106034165,0.002237848252510751,0.0008499388425205459,0.0001670422800013177,0.0,0.0,0.06519311528844672,0.06268430971017801,0.017015365975988114,0.024795132096213767,0.25636235353105224,118.87393767738654,0.002565791457775069,1.1780395296935955,-0.0006982891934286759,1433.3333333333335,0.027333144052174355,True,0.003039487753994763,0.06519311528844672,False,True,True,False,False,0,20
232,2026-08-08T15:35:05.078239,shadow,silero,webrtc,False,0.0026253960095345974,True,True,False,1,False,True,False,0,0.0,,,,,,,,,,,,,0.01603605624641015,0.4914833940270819,0.49527530366373956,0.013241302246819126,,,,,,,,,,,,,,,False,temporal_v1,False,0.000381986284565023,0.1315240083507307,3.615955687720154,0.907817654976527,78.00808198108032,1435.4451619381828,0.007881455350794847,0.007942262627009594,0.00021233826760570857,0.0,0.0,0.07426009630433518,0.08360286560528664,0.02380618191391402,0.025679557660931007,0.2565916540240411,135.9863813341732,0.006865800895714217,1.0576940367162762,-0.000633425968084393,1433.3333333333335,0.022698681493560413,True,0.0029659742722287774,0.07426009630433518,False,True,True,False,False,0,20
233,2026-08-08T15:35:05.091469,shadow,silero,webrtc,False,0.00496408436447382,True,True,True,1,False,True,False,0,0.0,,,,,,,,,,,,,0.07253837631003432,0.17872063051286574,0.8099660165615385,0.01131335291180993,,,,,,,,,,,,,,,False,temporal_v1,False,0.0007967035016850878,0.15866388308977036,3.080588676225288,0.8776670718064253,84.26995630870367,1567.0265601229405,0.012964104350508857,0.05875361970768037,0.0008206522508450913,0.0,0.0,0.15171014952727194,0.17032214626267123,0.028154910991363864,0.024833992350196454,0.2920219567373601,137.416888339729,0.007774783446127303,0.9729671158184601,-0.0005668462014380789,1600.0,0.013711185799420243,True,0.0029659742722287774,0.15171014952727194,False,True,True,False,False,0,20
234,2026-08-08T15:35:05.104094,shadow,silero,webrtc,False,0.011167068034410477,True,True,True,1,False,True,False,0,0.0,,,,,,,,,,,,,0.10707008502256762,0.1821468987765172,0.7988793652435686,0.018973735970574456,,,,,,,,,,,,,,,False,temporal_v1,False,0.0009672274871169741,0.16910229645093947,3.1882880211317377,0.8602037323643686,85.86958428752718,1575.1147362223246,0.019502483938598717,0.08553608155940375,0.002031519523565157,0.0,0.0,0.19173266302250744,0.21214305502779915,0.02875320101043192,0.02176828434209292,0.2958125917631728,128.48202301835013,0.00636673701790519,1.2717265299720149,-0.0007450385113066868,1900.0000000000002,0.007301324474617074,True,0.0029659742722287774,0.19173266302250744,False,True,True,False,False,0,20
235,2026-08-08T15:35:05.116880,shadow,silero,webrtc,False,0.01999380625784397,True,True,True,1,False,True,False,0,0.0,,,,,,,,,,,,,0.06665592937109942,0.43259791070876086,0.5519093244582415,0.015492764817995188,,,,,,,,,,,,,,,False,temporal_v1,False,0.0007687911050394982,0.17954070981210857,3.332515151040619,0.8356411888206664,83.74684179899259,1522.8987635376006,0.028835215782288336,0.03678802895033974,0.0010326846374713412,0.0,0.0,0.19432606069484518,0.21632261352769705,0.030659284817971155,0.020935200228345174,0.27958490826447296,129.18093093589607,0.01277731690578452,1.704111735412023,-0.0010074238947238134,1966.6666666666667,0.002329830263041138,True,0.0029659742722287774,0.19432606069484518,False,True,True,False,False,0,20
236,2026-08-08T15:35:05.129488,shadow,silero,webrtc,False,0.02524944767355919,True,True,True,1,False,True,False,0,0.0,,,,,,,,,,,,,0.01406211547039726,0.5940043682398208,0.3893862853055549,0.01660934638351118,,,,,,,,,,,,,,,True,temporal_v1,False,0.00035495017206144846,0.15866388308977036,3.463576838600779,0.8686086596610486,77.17445282065404,1474.0349646899801,0.008352958016108735,0.005475594906555765,0.00023356254673275934,0.0,0.0,0.19232673853618412,0.2111723813956221,0.02884283265799867,0.020309622558689452,0.2722462140491006,60.36368583480231,0.010505517802535428,1.6683233656870806,-0.00100008348426295,2000.0000000000002,0.004742433136231446,True,0.0029659742722287774,0.19232673853618412,False,True,True,False,False,0,20
237,2026-08-08T15:35:05.141008,shadow,silero,webrtc,False,0.03588977828621864,True,True,True,1,False,True,False,0,0.0,,,,,,,,,,,,,0.005548949559317863,0.6642226673695791,0.31989438440041545,0.01588294804979104,,,,,,,,,,,,,,,True,temporal_v1,False,0.00022455339455092012,0.1544885177453027,3.6813176933657483,0.8945262842598761,73.27235268440927,1498.9454730589794,0.003685738077389362,0.0017750778033469444,8.81336775815565e-05,0.0,0.0,0.1888733884526616,0.20523051424453653,0.0293482166396055,0.020171811823267077,0.2749221119559111,61.96668920107741,0.009138980034860168,1.0710697856204372,-0.0006408437817329419,1900.0000000000002,0.022782813865858634,True,0.003938653506338596,0.1888733884526616,False,True,True,False,False,0,20
238,2026-08-08T15:35:05.151866,shadow,silero,webrtc,False,0.0426192507147789,True,True,True,1,True,True,False,1,0.0,,,,,,,,,,,,,0.00658893472468077,0.5888113816359482,0.35569692732625946,0.05549169088602271,,,,,,,,,,,,,,,True,temporal_v1,False,0.0002466438723550037,0.19206680584551147,3.900715953305636,0.857729328491754,73.92061749504788,1704.746254564437,0.00387963975874836,0.002343663835922243,0.0003656311290101664,0.0,0.0,0.18398242275003984,0.19998363141510525,0.02934928759215637,0.022544073114391435,0.27813306849777486,79.01942197443348,0.005415821800727942,1.4376339336001103,-0.0008564980940001126,2066.666666666667,0.013809286507810846,True,0.008065576199442148,0.18398242275003984,True,True,True,True,True,1,20
239,2026-08-08T15:35:05.164964,shadow,silero,webrtc,False,0.04758866876363754,True,True,True,1,True,True,False,1,0.0,,,,,,,,,,,,,0.0021425981859949698,0.39417192432199544,0.2616504463366201,0.3441776288746616,,,,,,,,,,,,,,,True,temporal_v1,False,0.00014600509236984484,0.27139874739039666,4.205198974070387,0.6654958167992273,68.12922949372032,2251.729455903937,0.0008445520500224539,0.0005606117716856164,0.0007374343632868998,0.0,0.0,0.1851180631236812,0.20376248513202,0.0963965097730268,0.041573725053508565,0.3203258313839738,223.62457400427985,0.006071283222467779,1.225468083384629,-0.0007433389667905737,3300.0000000000005,0.03347670435701609,True,0.015580437146127224,0.1851180631236812,True,True,True,True,True,2,20
240,2026-08-08T15:35:05.171387,shadow,silero,webrtc,False,0.04758866876363754,True,True,False,1,True,True,False,1,0.0,,,,,,,,,,,,,0.0022674895057544137,0.6668448422168272,0.22115381382643318,0.11200134351572331,,,,,,,,,,,,,,,True,temporal_v1,False,0.00014907335937964315,0.17118997912317327,3.8367297634895055,0.8652505078602425,69.45689108968742,1686.303990818372,0.0015120636816931133,0.0005014639520090026,0.00025396187105229776,0.0,0.0,0.1803729005877649,0.20411192382224358,0.09762658460185249,0.036802476408217634,0.3287248121331891,223.07638447425268,0.0054644152899734864,1.3801092381016067,-0.000829837094052295,2133.3333333333335,0.016476524932182535,True,0.02262162696570158,0.1803729005877649,True,True,True,True,True,3,20
241,2026-08-08T15:35:05.178666,shadow,silero,webrtc,False,0.055864762514829636,True,True,True,1,True,True,False,1,0.0,,,,,,,,,,,,,0.016019669633771362,0.579762040841068,0.37171361914035445,0.04852433995615453,,,,,,,,,,,,,,,True,temporal_v1,False,0.00037628251887030303,0.15031315240083507,3.7433239102031997,0.8721285064219242,77.70290689601364,1594.5469001026506,0.009287596360474968,0.005954729377001989,0.0007773438952944071,0.0,0.0,0.17111259696260434,0.1966282660383781,0.09767066116564077,0.036181413913803646,0.3270118700455733,222.3399695827725,0.00611809687340198,1.1996825167754612,-0.0007002213137495046,2033.3333333333335,0.017418828881359743,True,0.030569612979888916,0.17111259696260434,True,True,True,True,True,4,20
242,2026-08-08T15:35:05.184761,shadow,silero,webrtc,False,0.09212678670883179,True,True,True,1,True,True,False,1,0.0,,,,,,,,,,,,,0.013151280756633113,0.40207513030430797,0.5349187292361427,0.06300614038351104,,,,,,,,,,,,,,,True,temporal_v1,False,0.0003406645470557227,0.21085594989561587,3.840134427285518,0.7862239446333515,76.38247241598215,1923.9105612575238,0.005287802923891797,0.007034866390165922,0.0008286114415753934,0.0,0.0,0.17246717186969412,0.1977453184244883,0.09615400933576221,0.034733418527073776,0.33460281208740184,227.58916492247505,0.005821678453461153,0.8042087679657466,-0.00046937571900256887,2266.666666666667,0.04738840793057471,True,0.03925451450049877,0.17246717186969412,True,True,True,True,True,5,20
243,2026-08-08T15:35:05.193857,shadow,silero,webrtc,False,0.05503832548856735,True,True,True,1,True,True,False,1,0.0,,,,,,,,,,,,,0.013085042331068641,0.26309056047716783,0.5769627057291334,0.15994673371727555,,,,,,,,,,,,,,,True,temporal_v1,False,0.0003403451167542029,0.23382045929018788,3.895819790387898,0.7254226464583374,76.0251459661231,1938.4099562509784,0.0034425511207483153,0.007549581427913611,0.0020929097814067145,0.0,0.0,0.15968283897438648,0.1665875140643882,0.09739057614454755,0.03700796627333668,0.28747859094317085,236.2717848390842,0.00610746236871005,1.2003765776508784,-0.000700085537425929,2533.3333333333335,0.01597746710308067,True,0.04510395973920822,0.15968283897438648,True,True,True,True,True,6,20
244,2026-08-08T15:35:05.206950,shadow,silero,webrtc,False,0.05545361712574959,True,True,True,1,True,True,False,1,0.0,,,,,,,,,,,,,0.002293119346745893,0.28253460257323104,0.4308361185792771,0.2866292784114047,,,,,,,,,,,,,,,True,temporal_v1,False,0.0001506813985867275,0.27139874739039666,4.373389045083101,0.6875931567541037,68.557863334202,2181.2392703916494,0.0006478855632858381,0.000987958638791048,0.000657275143669007,0.0,0.0,0.14314411713835257,0.1157347083563188,0.11134382890337198,0.04360458992527228,0.2927163783004324,267.7337909401034,0.007567753863486721,1.0306548494407988,-0.000602279405487978,3133.3333333333335,0.05713149448793943,True,0.04758866876363754,0.14314411713835257,True,True,True,True,True,7,20
245,2026-08-08T15:35:05.218141,shadow,silero,webrtc,False,0.05796186253428459,True,True,True,1,True,True,False,1,0.0,,,,,,,,,,,,,0.029150837066184886,0.0931298530067047,0.7143654008435614,0.19250474611542967,,,,,,,,,,,,,,,True,temporal_v1,False,0.0005055107573740459,0.2776617954070981,3.7668550443175923,0.6581263074248852,79.05996593753582,2183.6174855169456,0.0027148131709961976,0.020824349405710513,0.005611674488478179,0.0,0.0,0.18585604147132861,0.14373459550258424,0.10866818708915583,0.04877141294513182,0.24430092131130904,278.0351085454524,0.0073901990734992744,1.1773431432453856,-0.0006795194255657284,2533.3333333333335,0.014040287437483692,True,0.05131349712610245,0.18585604147132861,True,True,True,True,True,8,20
246,2026-08-08T15:35:05.228567,shadow,silero,webrtc,False,0.06615594029426575,True,True,True,1,True,True,False,1,0.0,,,,,,,,,,,,,0.052922424096129614,0.21418736033514366,0.44864193856278234,0.3371707010831785,,,,,,,,,,,,,,,True,temporal_v1,False,0.0006804340645731403,0.2609603340292276,3.619775029270647,0.646393602101387,81.57066804405835,2069.7787882591583,0.011335314319687003,0.023743218939929294,0.01784389083551332,0.0,0.0,0.19184501042889038,0.14366835051374993,0.117562361256731,0.04782069461645161,0.22172094332284828,255.3322972978518,0.008893992100147676,1.5742822288155693,-0.000927551405497835,2766.666666666667,0.005176361826242279,True,0.05524597130715847,0.19184501042889038,True,True,True,True,True,9,20
247,2026-08-08T15:35:05.240398,shadow,silero,webrtc,False,0.06452345848083496,True,True,True,1,True,True,False,1,0.0,,,,,,,,,,,,,0.028545285849451756,0.2222510470570333,0.5043679822485733,0.27338097065936146,,,,,,,,,,,,,,,True,temporal_v1,False,0.0005010309295433753,0.24634655532359082,4.0635516169799475,0.7002242004465543,79.25109567984205,2053.0849047808865,0.006344219668582969,0.014397328226596732,0.007803737953272057,0.0,0.0,0.1798466070331813,0.1409885216029034,0.11084868502213463,0.04305133742651625,0.215956484411607,219.12243606100884,0.007275426317972552,0.9722245770989115,-0.0005625392761715634,2833.3333333333335,0.033383076331292186,True,0.05565918982028961,0.1798466070331813,True,True,True,True,True,10,20
248,2026-08-08T15:35:05.251485,shadow,silero,webrtc,False,0.0645800530910492,True,True,True,1,True,True,False,1,0.0,,,,,,,,,,,,,0.02733879553429829,0.46027451662404684,0.35922417594057077,0.18050130739880427,,,,,,,,,,,,,,,True,temporal_v1,False,0.0004917951622554922,0.20250521920668058,3.792364003339107,0.7835495348075092,79.57654876832399,1773.4882113167153,0.012583350899632795,0.00982075629701606,0.004934688336649433,0.0,0.0,0.16800096306978135,0.14077634308759848,0.10197476263219095,0.042272352257445904,0.21956842972992455,212.00936832395044,0.006016522542190403,1.8242956576444511,-0.0010872176498476895,2900.0,0.004190297190188382,True,0.056913312524557114,0.16800096306978135,True,True,True,True,True,11,20
249,2026-08-08T15:35:05.266006,shadow,silero,webrtc,False,0.05663406476378441,True,True,True,1,True,True,False,1,0.0,,,,,,,,,,,,,0.05336012983934774,0.48887269468192074,0.4960344979787908,0.015092807320547845,,,,,,,,,,,,,,,True,temporal_v1,False,0.0006834694097709168,0.14613778705636743,2.958060043597321,0.876532078934462,82.93027398916435,1563.629573702542,0.026086310463139098,0.026468465216943952,0.0008053541582646912,0.0,0.0,0.17239415602944294,0.1276323609132777,0.10316024753686369,0.046401066327542526,0.3398350771504359,219.51237063938635,0.011667945463682954,0.9953006010403044,-0.0005879106297099712,1600.0,0.013555186331136962,True,0.0572979636490345,0.17239415602944294,True,True,True,True,True,12,20
250,2026-08-08T15:35:05.279231,shadow,silero,webrtc,False,0.05072791874408722,True,True,True,1,True,True,False,1,0.0,,,,,,,,,,,,,0.026591506314261288,0.261711377517688,0.7094526884643917,0.028835933980314303,,,,,,,,,,,,,,,True,temporal_v1,False,0.00048296290811429885,0.21711899791231734,3.5603000657328323,0.8229989204379716,79.63144882917854,1763.484983185934,0.006959299747775621,0.018865415644970518,0.0007667909205151494,0.0,0.0,0.14219979525660123,0.11770730940394557,0.1103505881048898,0.04382940487812161,0.3460149037659123,213.24288805578755,0.01207101854379019,1.025902297482176,-0.0006010827996803688,1800.0000000000002,0.024289015493817893,True,0.0572979636490345,0.14219979525660123,True,True,True,True,True,13,20
251,2026-08-08T15:35:05.292841,shadow,silero,webrtc,False,0.07043150812387466,True,True,True,1,True,True,False,1,0.0,,,,,,,,,,,,,0.005777375541971978,0.864077768583758,0.09314752232209383,0.04277470892105927,,,,,,,,,,,,,,,True,temporal_v1,False,0.0002377694208870887,0.10855949895615867,3.1276524582218492,0.9282859776066797,73.93964935539192,1581.4848215470402,0.004992101766577526,0.0005381482172589538,0.00024712555713549844,0.0,0.0,0.20464803499992013,0.169712911828306,0.11093583558868444,0.051712198993978845,0.39504615211610605,215.16891287228006,0.0168736718726954,1.0950950351293267,-0.0006613230060858093,900.0000000000001,0.021965215831113934,True,0.061242660507559776,0.20464803499992013,True,True,True,True,True,14,20
252,2026-08-08T15:35:05.303689,shadow,silero,webrtc,False,0.12578269839286804,True,True,True,1,True,True,False,1,0.0,,,,,,,,,,,,,0.018053560496180846,0.4398056140702668,0.3472468076811299,0.2129475781932126,,,,,,,,,,,,,,,True,temporal_v1,False,0.0004015728378113603,0.13987473903966596,4.084693125435211,0.7905320181442206,77.84557964542952,1939.796450329734,0.007940057260177527,0.006269041249576955,0.003844461985426365,0.0,0.0,0.20582155114673448,0.17368377014541164,0.10715383987990183,0.05676654496653809,0.410254495463608,215.3744039811662,0.011764915355861353,1.0228104968489484,-0.0005935911917568909,2666.666666666667,0.040045826853597,True,0.061242660507559776,0.20582155114673448,True,True,True,True,True,15,20
253,2026-08-08T15:35:05.318094,shadow,silero,webrtc,False,0.12964926660060883,True,True,True,1,True,True,False,1,0.0,,,,,,,,,,,,,0.10908155092101131,0.15623694345655317,0.7522348112754518,0.09152824525882762,,,,,,,,,,,,,,,True,temporal_v1,False,0.0009957536036889604,0.2818371607515658,4.042958643014517,0.7319892939576178,85.42210363826165,2040.1072112281254,0.01704256810339917,0.08205493987070052,0.009984042945911617,0.0,0.0,0.21316570912544783,0.1917016526143115,0.10991617665931748,0.06045238371606842,0.41869591626994346,219.09021524876005,0.005391765500596646,1.1253477134153227,-0.0006576598180675818,2300.0,0.02745667247179304,True,0.06455175578594208,0.21316570912544783,True,True,True,True,True,16,20
254,2026-08-08T15:35:05.335285,shadow,silero,webrtc,False,0.17463867366313934,True,True,True,1,True,True,False,1,0.0,,,,,,,,,,,,,0.03994113755531735,0.44948952097189443,0.42827896923686015,0.12223150976620863,,,,,,,,,,,,,,,True,temporal_v1,False,0.0005919756102609661,0.20250521920668058,3.770176456256591,0.8052929745767682,81.3111033657828,1770.4565935225967,0.017953122786812138,0.01710594922233896,0.004882065545166255,0.0,0.0,0.2138972421521335,0.1917761640453572,0.10272398784949889,0.05751404731594639,0.3626500106963023,203.25273552044308,0.00781678873602536,1.3971443553126508,-0.0008272098030902703,2300.0,0.01173081022433832,True,0.06536799669265747,0.2138972421521335,True,True,True,True,True,17,20
255,2026-08-08T15:35:05.348788,shadow,silero,webrtc,False,0.14593490958213806,True,True,True,1,True,True,False,1,0.0,,,,,,,,,,,,,0.08138474219317458,0.3582069433863894,0.4936288415328283,0.14816421506849484,,,,,,,,,,,,,,,True,temporal_v1,False,0.0008422455806350171,0.1941544885177453,3.542221717858704,0.7827983239982682,84.25731012526357,1864.208132837132,0.02915257973930639,0.04017385600726466,0.012058306445603526,0.0,0.0,0.19406816816276595,0.17621200016715724,0.10173268973383962,0.05270561540826144,0.3634462458151957,175.2366938865915,0.007036913919839321,1.024707634832274,-0.0005906939936353181,2466.666666666667,0.01901584192715244,True,0.0682937242090702,0.19406816816276595,True,True,True,True,True,18,20
256,2026-08-08T15:35:05.356094,shadow,silero,webrtc,False,0.14593490958213806,True,True,True,1,True,True,False,1,0.0,,,,,,,,,,,,,0.14995488694143902,0.27810246755948026,0.6977990144696983,0.024098517964152865,,,,,,,,,,,,,,,True,temporal_v1,False,0.0011429132082130008,0.18789144050104384,3.104911850216909,0.8251126497396472,87.13997443442516,1622.4166066588123,0.041702824081017074,0.10463837232265118,0.0036136905367707803,0.0,0.0,0.18911208276797525,0.1895021523337837,0.08458494060067948,0.04865734016947198,0.39962354215687435,168.33193716850155,0.014294035088589743,1.1054380897138474,-0.0006308056151579245,1766.6666666666667,0.0052352155841459925,True,0.09810710325837135,0.18911208276797525,True,True,True,True,True,19,20
257,2026-08-08T15:35:05.369097,shadow,silero,webrtc,False,0.12028153240680695,True,True,True,1,True,True,False,1,0.0,,,,,,,,,,,,,0.09504147013244421,0.27171867139788086,0.7142627037662731,0.014018624825324304,,,,,,,,,,,,,,,True,temporal_v1,False,0.0009128668864247166,0.17954070981210857,3.291485211458848,0.8339575930116554,85.23221887125541,1736.2212521819702,0.025824541992089115,0.06788457742672109,0.0013323507126340008,0.0,0.0,0.1850562025596144,0.20138832264658413,0.07027814643226941,0.04530271398747391,0.37748149754843,145.45358606125865,0.011541236251779639,0.8617817369393247,-0.0004909739955277541,1733.3333333333335,0.025645023922420355,True,0.1230321153998375,0.1850562025596144,True,True,True,True,True,20,20
258,2026-08-08T15:35:05.378919,shadow,silero,webrtc,False,0.12428829818964005,True,True,True,1,True,True,False,1,0.0,,,,,,,,,,,,,0.07978479157335326,0.18868810989736248,0.8003704618702906,0.01094142821981318,,,,,,,,,,,,,,,True,temporal_v1,False,0.0008360506902643087,0.21085594989561587,3.418991159923083,0.8144704343627613,84.36516249836453,1618.721497394587,0.01505444152053104,0.06385739048178962,0.0008729595700326002,0.0,0.0,0.1943320905999848,0.2117687242710119,0.06625950138560209,0.04567447017322522,0.36777576531809236,151.8754081266142,0.006882503729971005,1.2471873221229073,-0.000720847646785246,2000.0000000000002,0.00846017923845406,True,0.12503549829125404,0.1943320905999848,True,True,True,True,True,21,20
259,2026-08-08T15:35:05.387960,shadow,silero,webrtc,False,0.11162456125020981,True,True,True,1,True,True,False,1,0.0,,,,,,,,,,,,,0.09686616487019917,0.21163064839925505,0.778738402614483,0.009630948975938487,,,,,,,,,,,,,,,True,temporal_v1,False,0.0009186731371456201,0.2045929018789144,3.3707798493974575,0.8160003796001927,85.19284647311329,1673.4084235199973,0.02049984927942939,0.07543340249841005,0.0009329130913597332,0.0,0.0,0.19597678645364588,0.22091664759514526,0.06673939644072052,0.04379209880521088,0.3266021968224825,141.62521553615824,0.010965174738422871,1.0362532915415186,-0.0006072661820236424,1866.6666666666667,0.013369750529865877,True,0.12503549829125404,0.19597678645364588,True,True,True,True,True,22,20
260,2026-08-08T15:35:05.395550,shadow,silero,webrtc,False,0.09503033012151718,True,True,True,1,True,True,False,1,0.0,,,,,,,,,,,,,0.13993746479517868,0.14810027302452794,0.8437306047247677,0.008169122243558397,,,,,,,,,,,,,,,True,temporal_v1,False,0.0011062987594349751,0.22129436325678498,3.3818268765491952,0.7734044283472928,86.57623412038171,1893.3138893579167,0.02072477674252623,0.118069521795287,0.0011431662563654642,0.0,0.0,0.20378539990897493,0.2320834532335123,0.06829986261411848,0.04404218828830688,0.32940061847260044,147.10007057506124,0.013413442332318684,0.76047840266576,-0.00043376488897576827,2166.666666666667,0.027879476484569544,True,0.12503549829125404,0.20378539990897493,True,True,True,True,True,23,20
261,2026-08-08T15:35:05.406108,shadow,silero,webrtc,False,0.07987486571073532,True,True,True,1,True,True,False,1,0.0,,,,,,,,,,,,,0.3058749704519549,0.08987000087385826,0.8986988743081522,0.011431124814720329,,,,,,,,,,,,,,,True,temporal_v1,False,0.0016314211768973035,0.18580375782881003,3.372529125425152,0.8144942028854396,90.17653973774298,1668.1957473609093,0.027488983861808553,0.27488949162421117,0.0034964949649351888,0.0,0.0,0.11747205685254371,0.17725789488254523,0.07010166372718854,0.034212526806883505,0.3082225698099202,137.75432335095658,0.010063018233872612,1.4754619148693158,-0.0008605400516529139,2133.3333333333335,0.003917571637263938,True,0.12503549829125404,0.11747205685254371,True,True,True,True,True,24,20
262,2026-08-08T15:35:05.416171,shadow,silero,webrtc,False,0.08993835747241974,True,True,True,1,True,True,False,1,0.0,,,,,,,,,,,,,0.08750848974361346,0.43602276483062175,0.5472408838096678,0.016736351348282857,,,,,,,,,,,,,,,True,temporal_v1,False,0.0008747295086211446,0.13778705636743216,3.547993301737056,0.8801268286673641,85.09429414480633,1458.019532002682,0.03815569364416244,0.047888223268144285,0.0014645728303067217,0.0,0.0,0.11689448175576214,0.14795422024397015,0.05085026943784769,0.03458818316745761,0.24949848953759116,157.24976633728056,0.011557388801091821,1.307396372706038,-0.0007774571977892378,1633.3333333333335,0.007882920578804664,True,0.1222849152982235,0.11689448175576214,True,True,True,True,True,25,20
263,2026-08-08T15:35:05.427816,shadow,silero,webrtc,False,0.08894283324480057,True,True,True,1,True,True,False,1,0.0,,,,,,,,,,,,,0.13143033311450966,0.03635184042391448,0.9020589924189087,0.061589167149568115,,,,,,,,,,,,,,,True,temporal_v1,False,0.0010696541333135921,0.20041753653444677,3.363571943255212,0.8032989975744461,86.44783294413617,1844.0585474041027,0.004777734496240579,0.11855791386255612,0.008094684754712953,0.0,0.0,0.1319740689356922,0.16003376371474118,0.04890787552886569,0.021691816631082318,0.16701284416668413,127.29547950788714,0.012333147168239167,1.009136979658054,-0.000581574072557612,1866.6666666666667,0.014379618027207683,True,0.11595304682850838,0.1319740689356922,True,True,True,True,True,26,20
264,2026-08-08T15:35:05.438915,shadow,silero,webrtc,False,0.08197381347417831,True,True,True,1,True,True,False,1,0.0,,,,,,,,,,,,,0.038043073180804916,0.2719438402897267,0.6332693345337852,0.09478682515020212,,,,,,,,,,,,,,,True,temporal_v1,False,0.0005781837576017294,0.18580375782881003,3.7984772169573606,0.8009252957236118,81.08206826423623,1760.6958178060675,0.010345579417211197,0.02409151163682842,0.003605982125765299,0.0,0.0,0.11426937837287932,0.1335026957460631,0.04498034966504583,0.02149806373587641,0.1731113131190182,126.90257092699619,0.010739605983119918,1.0659346561464327,-0.0006225182561833763,2066.666666666667,0.02004040355004531,True,0.1033274456858635,0.11426937837287932,True,True,True,True,True,27,20
265,2026-08-08T15:35:05.453129,shadow,silero,webrtc,False,0.10180801898241043,True,True,True,1,True,True,False,1,0.0,,,,,,,,,,,,,0.02618956156061132,0.23006307575404272,0.11555198266344485,0.6543849415443294,,,,,,,,,,,,,,,True,temporal_v1,False,0.0004809156797187318,0.2630480167014614,3.7640535846445533,0.584104334489718,78.10762069694061,2444.161573844498,0.006025251085284088,0.0030262557634149812,0.017138054710912256,0.0,0.0,0.1059508413332807,0.2205337652341706,0.18984721281107364,0.030583660485652638,0.19962690436059408,252.59995323854517,0.011833259119072832,0.6359454497025304,-0.0003593807416965846,3066.666666666667,0.06284129380884412,True,0.0984191745519638,0.1059508413332807,True,True,True,True,True,28,20
266,2026-08-08T15:35:05.462758,shadow,silero,webrtc,False,0.12151645869016647,True,True,True,1,True,True,False,1,0.0,,,,,,,,,,,,,0.05226694302583189,0.16759109275329673,0.18619355062137896,0.6462153566061918,,,,,,,,,,,,,,,True,temporal_v1,False,0.0006772530545008682,0.29018789144050106,3.67700168834261,0.5831238697527941,81.08297257915285,2199.0139386371056,0.008759474096573468,0.00973176770210496,0.03377570122615346,0.0,0.0,0.10467870332195185,0.267802775998017,0.25020575115107896,0.04094413585680589,0.17549736720031356,276.56416923626756,0.0053460009659143,1.0956560428250723,-0.0006418624164869649,2933.3333333333335,0.020945294849099967,True,0.0984191745519638,0.10467870332195185,True,True,True,True,True,29,20
267,2026-08-08T15:35:05.474428,shadow,silero,webrtc,False,0.10738342255353928,True,True,True,1,True,True,False,1,0.0,,,,,,,,,,,,,0.17881079990660395,0.17853187305668658,0.2800305111611119,0.5414376157766089,,,,,,,,,,,,,,,True,temporal_v1,False,0.0012478300360776308,0.3068893528183716,3.6826673438172004,0.583293533386899,86.39936752021876,2191.9099735951,0.0319234270300904,0.050072479698973604,0.09681489317653992,0.0,0.0,0.10246658961638692,0.2870779645274726,0.27018533715683746,0.049120915192442646,0.16841010057285594,294.39402143375065,0.007665446849143251,1.0925566293285929,-0.000618298721788778,3066.666666666667,0.012897220942427068,True,0.0984191745519638,0.10246658961638692,True,True,True,True,True,30,20
268,2026-08-08T15:35:05.487005,shadow,silero,webrtc,False,0.09876664727926254,True,True,True,1,True,True,False,1,0.0,,,,,,,,,,,,,0.40569000445879244,0.3816950841528358,0.5038934300166972,0.11441148582800213,,,,,,,,,,,,,,,True,temporal_v1,False,0.0018791985277093709,0.20250521920668058,3.682678886290201,0.7961500622300569,91.30627533309155,1933.080316939214,0.15484988039186312,0.20442452787023008,0.04641559619569925,0.0,0.0,0.11650949448195833,0.27992835283059553,0.2644556591763575,0.049351069773925456,0.16838840226218896,281.8504325125424,0.009744709947179459,0.8377790309265222,-0.0004603202117032819,2366.666666666667,0.024526186852354172,True,0.09689848870038986,0.11650949448195833,True,True,True,True,True,31,20
269,2026-08-08T15:35:05.496267,shadow,silero,webrtc,False,0.09745541214942932,True,True,True,1,True,True,False,1,0.0,,,,,,,,,,,,,1.029642890380566,0.23366691486535862,0.7545810445231783,0.011752040610491711,,,,,,,,,,,,,,,True,temporal_v1,False,0.002997226251809942,0.162839248434238,3.128460080292978,0.8566737223251211,95.6793950656865,1533.1864480980662,0.24059347760827746,0.7769490077092318,0.012100405062056476,0.0,0.0,0.11662985436398911,0.2782063494583174,0.2642909500063262,0.052150714306855805,0.2073914685621381,296.2238719646165,0.013566079530447977,1.0726365276662093,-0.0006366548058258983,1633.3333333333335,0.007933158382001643,True,0.09624287113547325,0.11662985436398911,True,True,True,True,True,32,20
270,2026-08-08T15:35:05.505336,shadow,silero,webrtc,False,0.09354013949632645,True,True,True,1,True,True,False,1,0.0,,,,,,,,,,,,,0.6719461508782087,0.45761179291157195,0.533884718078838,0.00850348900810187,,,,,,,,,,,,,,,True,temporal_v1,False,0.002416983173907479,0.1544885177453027,3.1160095484258026,0.8783082329859463,93.91876089179122,1428.9378788402412,0.30749048284340674,0.3587417813257728,0.005713886708029208,0.0,0.0,0.13392342939935978,0.2624137330865094,0.2642646625208952,0.055191080918373055,0.24036558712201872,327.24143101470537,0.010439860802687051,1.385549535081608,-0.0008125615239632381,1633.3333333333335,0.002599525226587736,True,0.09549777582287788,0.13392342939935978,True,True,True,True,True,33,20
271,2026-08-08T15:35:05.516496,shadow,silero,webrtc,False,0.09547673910856247,True,True,True,1,True,True,False,1,0.0,,,,,,,,,,,,,0.20926699069692997,0.7415436318461712,0.2497431920920585,0.008713176056991675,,,,,,,,,,,,,,,True,temporal_v1,False,0.0013491729803595217,0.13987473903966596,2.8830784203444138,0.9171928570321137,89.04092498666466,1356.9439298808284,0.15518060430692038,0.0522630062561504,0.00182338013285919,0.0,0.0,0.18842261543061198,0.24419074593055842,0.26447636211018183,0.0587262575258236,0.3051566964091556,356.205233148421,0.01297302467519457,1.1069987590547015,-0.0006363007498299586,1333.3333333333335,0.0046575733137148015,True,0.0964660756289959,0.18842261543061198,True,True,True,True,True,34,20
272,2026-08-08T15:35:05.522157,shadow,silero,webrtc,False,0.09547673910856247,True,True,True,1,True,True,False,1,0.0,,,,,,,,,,,,,0.01070829060429761,0.5354984182016456,0.45012140753288377,0.014380174172084998,,,,,,,,,,,,,,,True,temporal_v1,False,0.0003101576961644424,0.12943632567849686,3.438803194293212,0.9013676801579809,76.15248323392042,1354.865797967866,0.005734272680244914,0.004820030839077595,0.00015398708397510095,0.0,0.0,0.1970564166319259,0.24287902900481237,0.26465463645696585,0.05971830789305973,0.30392121144272405,367.7018092757611,0.016092026393548616,1.3028467870691047,-0.000777648530481553,1633.3333333333335,0.007835212872484568,True,0.0964660756289959,0.1970564166319259,True,True,True,True,True,35,20
273,2026-08-08T15:35:05.539205,shadow,silero,webrtc,False,0.176041379570961,True,True,True,1,True,True,False,1,0.0,,,,,,,,,,,,,0.02204042666273827,0.5512417859413817,0.417674010700266,0.031084203312981208,,,,,,,,,,,,,,,True,temporal_v1,False,0.0004447722593530258,0.15031315240083507,3.782447437390704,0.8825528257319154,79.21558901456481,1870.9500175162598,0.012149604156477891,0.009205713401770971,0.0006851091034894083,0.0,0.0,0.18200690731319477,0.19331796794881628,0.26658122899469106,0.061835243606091286,0.31721779839004316,368.07806833997097,0.007311694563026873,0.612865476776067,-0.0003671521982012931,1466.6666666666667,0.08195930018806692,True,0.09811102971434593,0.18200690731319477,True,True,True,True,True,36,20
274,2026-08-08T15:35:05.548962,shadow,silero,webrtc,False,0.17524076998233795,True,True,True,1,True,True,False,1,0.0,,,,,,,,,,,,,0.25061736967142334,0.11578686675738098,0.8763361496553057,0.007876983583323194,,,,,,,,,,,,,,,True,temporal_v1,False,0.0014759380424137474,0.1649269311064718,3.1589179629844444,0.8597817426069375,89.54093172337636,1478.0966334760258,0.029018199989230387,0.2196250607745955,0.0019741089065974417,0.0,0.0,0.19631056785767925,0.23113153320817237,0.2716479349586366,0.06257791809697326,0.31411634942401195,381.19200768339664,0.012254042705931795,1.6971506240790133,-0.0010013425780064688,1566.6666666666667,0.0015626433503892546,True,0.10028733313083649,0.19631056785767925,True,True,True,True,True,37,20
275,2026-08-08T15:35:05.559819,shadow,silero,webrtc,False,0.1549951136112213,True,True,True,1,True,True,False,1,0.0,,,,,,,,,,,,,0.6219535966648935,0.07754828332001262,0.9047508488066466,0.017700867871733073,,,,,,,,,,,,,,,True,temporal_v1,False,0.002325905001834807,0.17745302713987474,3.0692977258399536,0.8278996084547914,93.32869127177949,1820.738069041831,0.048231433726070014,0.5627130445009091,0.011009118436914442,0.0,0.0,0.21112583774513716,0.24242741217203248,0.23002003177622699,0.058611481882519585,0.30966083149718554,312.0341134839703,0.01375129637322262,0.7021399178257494,-0.00040086583257212976,1700.0000000000002,0.017916565270727238,True,0.10307503491640091,0.21112583774513716,True,True,True,True,True,38,20
276,2026-08-08T15:35:05.573076,shadow,silero,webrtc,False,0.14039061963558197,True,True,True,1,True,True,False,1,0.0,,,,,,,,,,,,,0.5611939890512061,0.031506139220081365,0.9557569801850235,0.012736880593113278,,,,,,,,,,,,,,,True,temporal_v1,False,0.0022089802608488496,0.18997912317327767,2.9412094144479104,0.8302797810847163,92.89305665307452,1618.3661292061038,0.017681055948520118,0.5363650722735679,0.007147860828118132,0.0,0.0,0.22592942991999398,0.24769562237658868,0.1578504069872454,0.04784210792285074,0.31344921233338563,267.780594665883,0.011774749385268426,1.3239348310126728,-0.0007654613134528522,1800.0000000000002,0.0027154949893238357,True,0.10307503491640091,0.22592942991999398,True,True,True,True,True,39,20
277,2026-08-08T15:35:05.583371,shadow,silero,webrtc,False,0.13446980714797974,True,True,True,1,True,True,False,1,0.0,,,,,,,,,,,,,0.2876206722838028,0.0794161548090445,0.9069230315259048,0.01366081366157397,,,,,,,,,,,,,,,True,temporal_v1,False,0.001582356887685362,0.18789144050104384,3.1032748048485526,0.8255307041244996,89.9695170909661,1604.2717367601372,0.022841727836371936,0.2608498120371452,0.003929132409285663,0.0,0.0,0.23439286407463947,0.23984041446782936,0.030780066929108726,0.022197280490204682,0.28769937244644445,200.29752779178818,0.019884569819270653,1.35238004253877,-0.0007935580116323662,1733.3333333333335,0.003831842216326224,True,0.11661822721362114,0.23439286407463947,True,True,True,True,True,40,20
278,2026-08-08T15:35:05.598364,shadow,silero,webrtc,False,0.12634214758872986,True,True,True,1,True,True,False,1,0.0,,,,,,,,,,,,,0.18565864800901682,0.12862883015099918,0.8581087775504939,0.013262392293120758,,,,,,,,,,,,,,,True,temporal_v1,False,0.001271424276628704,0.18997912317327767,3.2347875142860136,0.8197156453522988,88.03765689939175,1779.0668578613786,0.02388105470081597,0.15931531548469485,0.0024622778225060044,0.0,0.0,0.2400190974410223,0.2410078310540401,0.0063926638470876195,0.02037924779738919,0.24558655870493473,178.8642168438679,0.007781145980711085,0.8149964879273708,-0.0004722068083793805,1766.6666666666667,0.021725718655334784,True,0.1304059773683548,0.2400190974410223,True,True,True,True,True,41,20
279,2026-08-08T15:35:05.611636,shadow,silero,webrtc,False,0.10994329303503036,True,True,True,1,True,True,False,1,0.0,,,,,,,,,,,,,0.1418809679315273,0.16483682958081686,0.8290047221640925,0.006158448248042411,,,,,,,,,,,,,,,True,temporal_v1,False,0.0011131800087566294,0.18162839248434237,3.1658964650447086,0.8305555589564262,86.93935441882562,1564.472770956625,0.023387208931690506,0.1176199924004483,0.0008737665983884757,0.0,0.0,0.2426586753800747,0.2439934764044677,0.006794124379397268,0.020976796137086383,0.2449711302596808,178.21098636817356,0.008572510302289846,1.184734495072624,-0.0006883862021607232,1833.3333333333335,0.005107270005440217,True,0.1304059773683548,0.2426586753800747,True,True,True,True,True,42,20
280,2026-08-08T15:35:05.624124,shadow,silero,webrtc,False,0.10303200781345367,True,True,True,1,True,True,False,1,0.0,,,,,,,,,,,,,0.040393552559636114,0.5060860527990664,0.4791602410633253,0.014753706112851943,,,,,,,,,,,,,,,True,temporal_v1,False,0.0005936696226325908,0.1524008350730689,3.485693552591894,0.8772490913803245,81.70729987709628,1465.8028244647096,0.020442613573437865,0.01935498438187934,0.0005959546033189096,0.0,0.0,0.24644586323115839,0.24819567241219959,0.006598898774980417,0.02110625499352772,0.25862446705505887,175.24591406728726,0.010396428050941178,1.6495378823700986,-0.0009809191126568867,1733.3333333333335,0.003450779875784366,True,0.1304059773683548,0.24644586323115839,True,True,True,True,True,43,20
281,2026-08-08T15:35:05.632916,shadow,silero,webrtc,False,0.1174735575914383,True,True,True,1,True,True,False,1,0.0,,,,,,,,,,,,,0.0210516609357475,0.641844674315995,0.3435670859228107,0.014588239713692134,,,,,,,,,,,,,,,True,temporal_v1,False,0.0004310252246189553,0.15866388308977036,3.63296306802139,0.8932782432343611,78.99395885634422,1474.7225679545015,0.013511896457115608,0.007232657801529839,0.000307106676102053,0.0,0.0,0.22954402579673575,0.2325516742941125,0.006356205971906864,0.019432277708927095,0.256933120642601,162.59708306632209,0.006184960704365081,1.179717557492813,-0.0006927775341288224,1766.6666666666667,0.015852866126080566,True,0.1304059773683548,0.22954402579673575,True,True,True,True,True,44,20
282,2026-08-08T15:35:05.638578,shadow,silero,webrtc,False,0.1353721171617508,True,True,True,1,True,True,False,1,0.0,,,,,,,,,,,,,0.009893558331044931,0.6025035535814175,0.35700280820522956,0.040493638112277026,,,,,,,,,,,,,,,True,temporal_v1,False,0.0003037182395582408,0.1524008350730689,3.8004671950129487,0.8829773562612823,75.87882587660421,1555.7605039298962,0.0059609040520196095,0.003532028107325285,0.0004006261707000369,0.0,0.0,0.23764482237167958,0.24403730773161417,0.01002594496894032,0.015707644514385534,0.2961935011226257,141.75643029897512,0.006226536379644004,1.243942071105338,-0.0007437465164649913,1866.6666666666667,0.023672323433354427,True,0.13492096215486526,0.23764482237167958,True,True,True,True,True,45,20
283,2026-08-08T15:35:05.644047,shadow,silero,webrtc,False,0.1519760936498642,True,True,True,1,True,True,False,1,0.0,,,,,,,,,,,,,0.004226215820233319,0.755572023649199,0.213557238006844,0.030870738107338848,,,,,,,,,,,,,,,True,temporal_v1,False,0.00019695008023501393,0.11064718162839249,3.460288810367153,0.9221368767948583,72.238877021594,1457.1198225892877,0.003193210439671948,0.0009025389777898564,0.00013046640177151502,0.0,0.0,0.26629121716784987,0.27301403727609513,0.009996612654466502,0.023430459869057535,0.26153838389613693,122.49342905469601,0.006872291894936557,1.3811915943294588,-0.0008254343623588866,1433.3333333333335,0.011607176046739864,True,0.13492096215486526,0.26629121716784987,True,True,True,True,True,46,20
284,2026-08-08T15:35:05.655270,shadow,silero,webrtc,False,0.15520243346691132,True,True,True,1,True,True,False,1,0.0,,,,,,,,,,,,,0.003142043401279528,0.5718569512467104,0.2570503667751683,0.1710926816598571,,,,,,,,,,,,,,,True,temporal_v1,False,0.00017413929594786368,0.22964509394572025,4.148233730183903,0.7872340932102283,70.45150760072389,1988.22289212856,0.0017967993601405551,0.0008076634087223999,0.000537580631416573,0.0,0.0,0.2681082390942006,0.28947561479606265,0.04682741968958899,0.030072052571270547,0.35711322140176666,166.85504566754753,0.005079741826400067,1.1651833304227295,-0.0007029801539624441,3033.3333333333335,0.037421286954209605,True,0.13492096215486526,0.2681082390942006,True,True,True,True,True,47,20
285,2026-08-08T15:35:05.666121,shadow,silero,webrtc,False,0.1549757570028305,True,True,True,1,True,True,False,1,0.0,,,,,,,,,,,,,0.00572980906489012,0.20529215909567783,0.12781818085695218,0.6668896598728441,,,,,,,,,,,,,,,True,temporal_v1,False,0.0002525596745203199,0.38204592901878914,4.282990471818259,0.4108646228308211,70.93904179874482,2809.6979619391523,0.0011762848741372796,0.0007323737713319295,0.003821150418420911,0.0,0.0,0.2573657021490486,0.3039701852205704,0.19510893651237118,0.06964886118486482,0.4228568819489275,391.18567934726576,0.006221444929674656,0.7806952294971646,-0.00046345788151878567,4000.0000000000005,0.0802016876161269,True,0.13492096215486526,0.2573657021490486,True,True,True,True,True,48,20
286,2026-08-08T15:35:05.677458,shadow,silero,webrtc,False,0.14481298625469208,True,True,False,1,True,True,False,1,0.0,,,,,,,,,,,,,0.003420609080384098,0.35602974937165216,0.1563093691949532,0.48766088114104905,,,,,,,,,,,,,,,True,temporal_v1,False,0.0002000917811660671,0.3736951983298539,4.294424153593052,0.43695653502195075,69.141296807648,2775.8743032286843,0.001217838593587548,0.0005346732476173673,0.0016680972381791827,0.0,0.0,0.23200540023829663,0.28686435636077234,0.22411099434525494,0.0880806654950433,0.4306496724632979,497.35485889929447,0.0034452770338689776,0.8357826547825891,-0.0005072161559217909,4200.0,0.07647642095543047,True,0.13492096215486526,0.23200540023829663,True,True,True,True,True,49,20
287,2026-08-08T15:35:05.685881,shadow,silero,webrtc,False,0.11811626702547073,True,True,False,1,True,True,False,1,0.0,,,,,,,,,,,,,0.002325169417032621,0.4358471493378073,0.1272336649168836,0.4369191853152328,,,,,,,,,,,,,,,True,temporal_v1,False,0.0001624283087979947,0.33402922755741127,4.185124869993166,0.5240299053082531,68.05973694954353,2622.314259248179,0.001013418462141119,0.00029583982648171407,0.0010159111274097876,0.0,0.0,0.20572106340692536,0.25728661107423195,0.23484272930070016,0.0947552686515869,0.41248188165231287,539.5509387172253,0.0027990547904897215,1.0241004382637378,-0.0006286402438230957,4066.666666666667,0.04964205875848794,True,0.13085713237524033,0.20572106340692536,True,True,True,True,True,50,20
288,2026-08-08T15:35:05.689148,shadow,silero,webrtc,False,0.11811626702547073,True,True,False,1,True,True,False,1,0.0,,,,,,,,,,,,,0.0017222700261564452,0.7051695177169751,0.183553740466572,0.11127674123582387,,,,,,,,,,,,,,,True,temporal_v1,False,0.00013762010762873194,0.17118997912317327,3.7316070847173575,0.8236513680485731,68.51322830435899,2041.7729994907065,0.0012144923237231427,0.0003161291053944763,0.00019164859603882636,0.0,0.0,0.1915638145919843,0.20483137430078902,0.22931439060395453,0.09564321203261049,0.37318345070146514,537.0120816695088,0.004982710560320491,1.0482733188840987,-0.0006412155129104703,2466.666666666667,0.04356342042590501,True,0.12674419209361076,0.1915638145919843,True,True,True,True,True,51,20
289,2026-08-08T15:35:05.704292,shadow,silero,webrtc,False,0.110254667699337,True,True,False,1,True,True,False,1,0.0,,,,,,,,,,,,,0.0012995166597685127,0.6852200965163509,0.2694768357241523,0.04530306698997991,,,,,,,,,,,,,,,True,temporal_v1,False,0.00011816165391423774,0.1315240083507307,3.499159969353598,0.9007572502317323,67.48959993486368,1714.8587181770056,0.0008904549310311862,0.0003501896374452387,5.887209029208786e-05,0.0,0.0,0.16357854436577676,0.10846532168209763,0.22631953709364405,0.09901780097812439,0.32518607718011844,527.3069100762382,0.0042147387584126625,0.9177796623622839,-0.0005585287528312676,1533.3333333333335,0.04525455450010738,True,0.12674419209361076,0.16357854436577676,True,True,True,True,True,52,20
290,2026-08-08T15:35:05.715792,shadow,silero,webrtc,False,0.1016855388879776,True,True,False,1,True,True,False,1,0.0,,,,,,,,,,,,,0.0013305850701558564,0.7427110473795329,0.2102638900922025,0.0470250617767154,,,,,,,,,,,,,,,True,temporal_v1,False,0.00011406765042054436,0.1419624217118998,3.419601887375028,0.8998323666877851,67.15466143717939,1708.2121828142995,0.0009882402310830254,0.00027977399294957654,6.257084512325434e-05,0.0,0.0,0.17286578123590107,0.07763595887247346,0.2238432976752138,0.09977310480798204,0.3331401127618817,507.8359211959542,0.00461240265369838,0.9611302835548042,-0.0005767564100509733,1566.6666666666667,0.03935771770483096,True,0.12674419209361076,0.17286578123590107,True,True,True,True,True,53,20
291,2026-08-08T15:35:05.724499,shadow,silero,webrtc,False,0.09271775931119919,True,True,False,1,True,True,False,1,0.0,,,,,,,,,,,,,0.002393157892193588,0.752049626458044,0.20292267551945362,0.045027697604644666,,,,,,,,,,,,,,,True,temporal_v1,False,0.00015413166103665795,0.1127348643006263,3.3965715677199104,0.920048187205619,70.02647042301523,1512.3416477138237,0.0017997734988793076,0.000485626002424419,0.00010775838988986171,0.0,0.0,0.1804290894363754,0.06678875840350995,0.22142428874796985,0.10341618014500867,0.3550483745501144,503.94526363460943,0.004286740784887552,1.697390091062539,-0.0010318324433611714,1366.6666666666667,0.007361744270172293,True,0.12674419209361076,0.1804290894363754,True,True,True,True,True,54,20
292,2026-08-08T15:35:05.732848,shadow,silero,webrtc,False,0.08644609898328781,True,True,False,1,True,True,False,1,0.0,,,,,,,,,,,,,0.0018155095531859247,0.7288834252775559,0.23194739433508466,0.03916917983654988,,,,,,,,,,,,,,,True,temporal_v1,False,0.00013208049473265209,0.09394572025052192,3.237619835909384,0.9204571793039584,68.61769853283334,1528.6072077011402,0.0013232948217502818,0.000421102710251929,7.111202018371381e-05,0.0,0.0,0.185822378170183,0.04695224817279797,0.22152497005340321,0.1082702506003676,0.3962042429970861,506.4985732040573,0.006793903106244449,1.277267014959546,-0.0007630812086190269,1300.0,0.016373468959891575,True,0.11811626702547073,0.185822378170183,True,True,True,True,True,55,20
293,2026-08-08T15:35:05.740394,shadow,silero,webrtc,False,0.07743451744318008,True,True,False,1,True,True,False,1,0.0,,,,,,,,,,,,,0.002135468265860275,0.7858940819433832,0.17873288862742634,0.035373028960909186,,,,,,,,,,,,,,,True,temporal_v1,False,0.00014347442752091165,0.11482254697286012,3.15355741958151,0.9254475567890426,69.39991706896348,1445.682924294939,0.0016782518723174893,0.00038167841172940777,7.553798081337803e-05,0.0,0.0,0.18866206218535606,0.046961670846000204,0.22116855116648773,0.10790088475117618,0.42915354353559626,507.7703460603689,0.008515654261208877,1.5489151106706067,-0.0009402257162710652,1366.6666666666667,0.007169584991961316,True,0.11418546736240387,0.18866206218535606,True,True,True,True,True,56,20
294,2026-08-08T15:35:05.754009,shadow,silero,webrtc,False,0.06211957708001137,True,True,False,1,True,True,False,1,0.0,,,,,,,,,,,,,0.0013990297566686743,0.7994140012182496,0.15916281640213406,0.04142318166483527,,,,,,,,,,,,,,,True,temporal_v1,False,0.00011912451946787012,0.12108559498956159,3.119478833666627,0.9197095712499662,67.65554293187765,1637.9241977427762,0.001118403975601899,0.0002226735163017785,5.795226376499677e-05,0.0,0.0,0.1977731996022607,0.04293949903484977,0.22671751942756485,0.11065919499914971,0.4408820688325101,520.3206977916354,0.0073414364916474985,0.882267817499277,-0.0005299041862010242,1366.6666666666667,0.03323805306188766,True,0.1059701032936573,0.1977731996022607,True,True,True,True,True,57,20
295,2026-08-08T15:35:05.764118,shadow,silero,webrtc,False,0.05440349876880646,True,True,False,1,True,True,False,1,0.0,,,,,,,,,,,,,0.002316882902504298,0.7761741617210608,0.18044156226630653,0.043384275581018435,,,,,,,,,,,,,,,True,temporal_v1,False,0.00014854876775136747,0.12734864300626306,3.527378680578742,0.9171745099844006,69.67780397309527,1495.0913517340257,0.0017983046446571316,0.0004180619705159703,0.00010051628633119633,0.0,0.0,0.14538153675551305,0.03865131433736256,0.16619162533187914,0.0932390494297426,0.3839078875405804,456.1295274349113,0.005446012443894169,1.2509784045453178,-0.0007470666722368736,1433.3333333333335,0.01713863555285193,True,0.0972016490995884,0.14538153675551305,True,True,True,True,True,58,20
296,2026-08-08T15:35:05.775169,shadow,silero,webrtc,False,0.04796089231967926,True,True,False,1,True,True,False,1,0.0,,,,,,,,,,,,,0.003157693943660252,0.7504645974381414,0.2054083657369028,0.04412703650826906,,,,,,,,,,,,,,,True,temporal_v1,False,0.0001740584877999388,0.09812108559498957,3.660998953544196,0.9169577738915125,71.10898284141466,1483.7752782150521,0.002369737514261848,0.000648616752464568,0.00013933967593383605,0.0,0.0,0.09918711723840437,0.03714847061301259,0.11784128841903904,0.06651849736743842,0.30000960381803327,344.3821867731767,0.004371860977674025,1.423553727991618,-0.0008479048510189491,1366.6666666666667,0.012860082163357704,True,0.0895819291472435,0.09918711723840437,True,True,True,True,True,59,20
297,2026-08-08T15:35:05.781634,shadow,silero,webrtc,False,0.04305059835314751,True,True,False,1,False,True,False,0,0.0,,,,,,,,,,,,,0.005059372484966992,0.7465624047976811,0.20221525940550203,0.05122233559916383,,,,,,,,,,,,,,,True,temporal_v1,False,0.0002198941965750708,0.10438413361169102,3.696570668393204,0.9094819612356255,73.15883566257017,1560.764437923552,0.0037771372891441776,0.0010230823194766598,0.00025915287534615473,0.0,0.0,0.03325854318867175,0.02951353566146124,0.02072181135677876,0.02177704215120715,0.2094518270701876,168.073569648803,0.003933442098882327,1.2009688093150863,-0.0007134821372969962,1433.3333333333335,0.02639836901358418,True,0.08194030821323395,0.03325854318867175,True,True,False,False,False,0,20
298,2026-08-08T15:35:05.788913,shadow,silero,webrtc,False,0.040783002972602844,True,True,False,1,False,True,False,0,0.0,,,,,,,,,,,,,0.005597136702386611,0.7188887016725467,0.23412231409500972,0.046988984053780714,,,,,,,,,,,,,,,True,temporal_v1,False,0.00023575443326842046,0.10647181628392484,3.77876910687449,0.9142392679090234,73.79831248161626,1501.4844162347458,0.00402371833706247,0.001310414597068865,0.0002630037672552752,0.0,0.0,0.031742658563239066,0.030173871102047292,0.004215525823120312,0.014518028100804771,0.21628841120156503,90.43273708791122,0.002210036275225435,1.1688673297011716,-0.0006888458017289,1466.6666666666667,0.02471124710747377,True,0.06977704726159573,0.031742658563239066,True,True,False,False,False,0,20
299,2026-08-08T15:35:05.803226,shadow,silero,webrtc,False,0.03929451107978821,True,True,False,1,False,True,False,0,0.0,,,,,,,,,,,,,0.005698158943245755,0.7228348967484016,0.2118229158061,0.06534218727000306,,,,,,,,,,,,,,,True,temporal_v1,False,0.0002370773180015627,0.09812108559498957,3.8109189375463295,0.9033974762815337,73.79589833497246,1538.171776542299,0.004118828131397027,0.0012070006420849212,0.00037233016876380684,0.0,0.0,0.025650209911276898,0.022240185621623908,0.007714745660490367,0.014226910260877515,0.24219309888641619,73.99757095703728,0.0016032976837917394,1.4721478151329856,-0.000885647185733085,1566.6666666666667,0.015517361365147976,True,0.05826153792440891,0.025650209911276898,True,True,False,False,False,0,20
300,2026-08-08T15:35:05.815983,shadow,silero,webrtc,False,0.037595875561237335,True,True,False,1,False,True,False,0,0.0,,,,,,,,,,,,,0.006050554426800931,0.7768732507548406,0.17019967803883826,0.05292707104104709,,,,,,,,,,,,,,,True,temporal_v1,False,0.00023999699329092732,0.10020876826722339,3.656487613268697,0.9134754282258525,73.95235975937848,1493.202504518948,0.00470051388641793,0.001029802415397986,0.00032023812398501483,0.0,0.0,0.026397977269016184,0.023885132822081722,0.007998160173116053,0.010404956822026818,0.24665643771403203,49.54448755421671,0.002733716594282942,1.4684744531894665,-0.0008803397778847132,1433.3333333333335,0.012874809102113423,True,0.05118219554424286,0.026397977269016184,True,True,False,False,False,0,20
301,2026-08-08T15:35:05.824990,shadow,silero,webrtc,False,0.033709507435560226,True,True,False,1,False,True,False,0,0.0,,,,,,,,,,,,,0.008682935487987894,0.7589843433014923,0.1879082121524915,0.053107444430847785,,,,,,,,,,,,,,,True,temporal_v1,False,0.0002837629394296382,0.10647181628392484,3.6161265488900103,0.9135686741155359,75.4295437778605,1512.974806204366,0.0065902120892797145,0.0016315948837832266,0.00046112851392495326,0.0,0.0,0.02638132569383531,0.023981206389239316,0.00821396586814865,0.010272162505338243,0.24590189521880146,49.53544132425537,0.0041961922905920275,1.477445004917056,-0.0008870661658465578,1433.3333333333335,0.012854762710717813,True,0.045505745336413383,0.02638132569383531,True,True,False,False,False,0,20
302,2026-08-08T15:35:05.836591,shadow,silero,webrtc,False,0.030238255858421326,True,True,False,1,False,True,False,0,0.0,,,,,,,,,,,,,0.017340551043982206,0.7320348782436215,0.21351599002277102,0.05444913167593929,,,,,,,,,,,,,,,True,temporal_v1,False,0.0004018012339746004,0.12943632567849686,3.8529318749156642,0.9071822917852443,78.44759244156405,1515.8331235687929,0.012693888172158817,0.0037024849236962564,0.0009441779471271336,0.0,0.0,0.026066518263743982,0.021768867623119838,0.007975880568228321,0.011203680889351763,0.24306284805411466,49.4556676242799,0.0027518221257006965,1.874810360588332,-0.001132235464938911,1533.3333333333335,0.006323368883602761,True,0.041916800662875175,0.026066518263743982,True,True,False,False,False,0,20
303,2026-08-08T15:35:05.850035,shadow,silero,webrtc,False,0.028474565595388412,True,True,False,1,False,True,False,0,0.0,,,,,,,,,,,,,0.033220179371267304,0.7520421235691064,0.197590513448178,0.05036736295261347,,,,,,,,,,,,,,,True,temporal_v1,False,0.000559463177204924,0.11482254697286012,3.8394396111598237,0.9142081687356783,81.36933036573714,1482.9282540123806,0.024982974239714486,0.006563992298809277,0.001673212831743543,0.0,0.0,0.024201360437429296,0.021141827212769797,0.006593960409135392,0.011203680889351763,0.2047349038480125,45.03736311777583,0.0006830857622521128,1.9040971834707707,-0.0011645817110926002,1400.0,0.006193306982414534,True,0.040038757026195526,0.024201360437429296,True,True,False,False,False,0,20
304,2026-08-08T15:35:05.859625,shadow,silero,webrtc,False,0.028474565595388412,True,True,False,1,False,True,False,0,0.0,,,,,,,,,,,,,0.06587890633614035,0.7351879815071669,0.21141125519413084,0.05340076328352278,,,,,,,,,,,,,,,True,temporal_v1,False,0.000784829667087005,0.09603340292275574,3.8850027263952587,0.9099195680647266,84.29587153285034,1502.3601289895744,0.048433380173166736,0.013927542279340012,0.0035179838826336,0.0,0.0,0.01913755725525164,0.017470997035136895,0.00591997986451539,0.011388878243829524,0.11193126447830104,23.348405791964005,0.00015586104112245047,1.662453959152958,-0.00099274748998597,1433.3333333333335,0.009937077770440172,True,0.03844519332051277,0.01913755725525164,True,True,False,False,False,0,20
305,2026-08-08T15:35:05.874357,shadow,silero,webrtc,False,0.027225153520703316,True,True,False,1,False,True,False,0,0.0,,,,,,,,,,,,,0.09047744674061932,0.7470858221355027,0.20273775889899348,0.05017641895445134,,,,,,,,,,,,,,,True,temporal_v1,False,0.0009185126991337024,0.10020876826722339,3.8778720994443265,0.9126242308559166,85.67683475142509,1488.7672544169052,0.06759441768293674,0.018343194783096203,0.004539834273586373,0.0,0.0,0.016513627364321264,0.016007318485496788,0.005303820420717867,0.009578346344012074,0.09596151007059095,23.788813782437366,0.00015121836514691596,1.6854926241292607,-0.001012509429546703,1400.0,0.00981596191010942,True,0.03565269149839878,0.016513627364321264,True,True,False,False,False,0,20
306,2026-08-08T15:35:05.891137,shadow,silero,webrtc,False,0.025856632739305496,True,True,False,1,False,True,False,0,0.0,,,,,,,,,,,,,0.12237438523623945,0.730258447957758,0.2177159561581296,0.0520255958759407,,,,,,,,,,,,,,,True,temporal_v1,False,0.0010693302463610711,0.09812108559498957,3.8903055322573366,0.9115109668949446,86.99343927072024,1500.012433510835,0.08936492863240099,0.02664285629097117,0.006366600311867278,0.0,0.0,0.01684364809724411,0.016555633550681872,0.004579872188359274,0.009578346344012074,0.09516368594550191,22.602710897991454,0.00018552748701105768,1.5370833764725722,-0.0009051400694826454,1433.3333333333335,0.012587496812323705,True,0.031973881646990776,0.01684364809724411,True,True,False,False,False,0,20
307,2026-08-08T15:35:05.906000,shadow,silero,webrtc,False,0.025196602568030357,True,True,False,1,False,True,False,0,0.0,,,,,,,,,,,,,0.14199037737245593,0.737307061112872,0.21126352654147476,0.05142941233861057,,,,,,,,,,,,,,,True,temporal_v1,False,0.0011529942186375719,0.09603340292275574,3.8900416263910915,0.911593580099473,87.64866613902754,1492.4719546736067,0.10469050784679312,0.02999738785865986,0.007302481666002956,0.0,0.0,0.016825933524765715,0.016629959397457022,0.004572246245434781,0.00998820351891915,0.0937689960192519,15.247382554167698,0.00011925085268083722,1.707163684970731,-0.0010236765094210397,1400.0,0.00925516550709605,True,0.02935641072690487,0.016825933524765715,True,True,False,False,False,0,20
308,2026-08-08T15:35:05.920329,shadow,silero,webrtc,False,0.02403312735259533,True,True,False,1,False,True,False,0,0.0,,,,,,,,,,,,,0.17862004026114894,0.7379382207344484,0.21183375203887272,0.05022802722108041,,,,,,,,,,,,,,,True,temporal_v1,False,0.0012956063238076148,0.08768267223382047,3.8797928109007866,0.9132019596871418,88.66991344258133,1482.2748911069657,0.1318105546978278,0.03783775331785369,0.008971732244467468,0.0,0.0,0.015197340533967523,0.013969303996317314,0.004235774612202543,0.011156901224123076,0.09531204138668795,16.456820580951387,4.064672896661883e-05,2.0414832746362164,-0.0012462223107609525,1400.0,0.004498935371119958,True,0.028474565595388412,0.015197340533967523,True,True,False,False,False,0,20
309,2026-08-08T15:35:05.937031,shadow,silero,webrtc,False,0.022414011880755424,True,True,False,1,False,True,False,0,0.0,,,,,,,,,,,,,0.1529858321758153,0.7340538753352358,0.2141307163917709,0.05181540826645677,,,,,,,,,,,,,,,True,temporal_v1,False,0.0011942382976527443,0.07515657620041753,3.879899489778201,0.9108132456650617,87.95044969780753,1497.964049100923,0.11229984298004322,0.03275896584159856,0.007927023353173508,0.0,0.0,0.014032745232590842,0.014121479364081379,0.001397743825662138,0.013893681112296313,0.09689603304134567,10.798215981442475,4.2852881839660067e-05,1.7781334539896527,-0.0010688801151984974,1433.3333333333335,0.00786394643706122,True,0.027849859558045864,0.014032745232590842,True,True,False,False,False,0,20
310,2026-08-08T15:35:05.958742,shadow,silero,webrtc,False,0.02192522957921028,True,True,False,1,False,True,False,0,0.0,,,,,,,,,,,,,0.14355777309127266,0.7312185919822694,0.21510475845672847,0.05367664955403644,,,,,,,,,,,,,,,True,temporal_v1,False,0.0011574829585442126,0.0709812108559499,3.9085175859579055,0.9096937857583959,87.67338939847632,1497.551718796024,0.1049721127079105,0.03087996010538404,0.007705700276978125,0.0,0.0,0.009271373385561998,0.008880150349762252,0.0014643559215056802,0.01646624554213862,0.08075456656761319,10.728744431237951,0.00011052404598241127,1.8723493421893622,-0.001133711080364636,1433.3333333333335,0.0067539555153050945,True,0.026540893130004406,0.009271373385561998,True,True,False,False,False,0,20
311,2026-08-08T15:35:05.968332,shadow,silero,webrtc,False,0.021264519542455673,True,True,False,1,False,True,False,0,0.0,,,,,,,,,,,,,0.1421691547796174,0.7360738080571659,0.2110544627788312,0.05287172915696904,,,,,,,,,,,,,,,True,temporal_v1,False,0.001147810272120548,0.0709812108559499,3.8743118167971584,0.9106533628937487,87.60501437918919,1499.2498054975879,0.10464699114690161,0.030005434585732647,0.0075167290459831415,0.0,0.0,0.006665477065849937,0.005707665279672019,0.0014492475238855331,0.017910321995429822,0.01847211041549089,9.437715267456435,0.00015896912653954185,2.168008611461239,-0.0013376609868233163,1433.3333333333335,0.0035563285857668106,True,0.025526617653667927,0.006665477065849937,True,True,False,False,False,0,20
312,2026-08-08T15:35:05.976867,shadow,silero,webrtc,False,0.01969520002603531,True,True,False,1,False,True,False,0,0.0,,,,,,,,,,,,,0.14292586569920238,0.743321542933082,0.20548869680405288,0.05118976025586857,,,,,,,,,,,,,,,True,temporal_v1,False,0.0011573581095535653,0.09603340292275574,3.880164051874615,0.9120653268024479,87.6837509578071,1495.5600316014788,0.10623987501657757,0.029369649882120177,0.007316340799504639,0.0,0.0,0.006630468617654003,0.005809724349761846,0.001220091237526057,0.013568331364736468,0.016506263338950233,6.738457374030499,9.692908866007564e-05,1.61248740952299,-0.0009579634697562189,1400.0,0.010844426917435245,True,0.024614864960312843,0.006630468617654003,True,True,False,False,False,0,20
313,2026-08-08T15:35:05.985813,shadow,silero,webrtc,False,0.018609706312417984,True,True,False,1,False,True,False,0,0.0,,,,,,,,,,,,,0.13431765777342144,0.7408934819118058,0.20762863910505266,0.05147787897569631,,,,,,,,,,,,,,,True,temporal_v1,False,0.0011211277362832331,0.09394572025052192,3.8823019393055866,0.9125858966670086,87.40975971524877,1488.2979601839033,0.09951507714998854,0.027888192491273694,0.006914388131159184,0.0,0.0,0.0049839620175976046,0.0042711883527074175,0.0011400038976444556,0.011054866217013551,0.009247503317971181,6.0169546400900495,1.91098022392703e-05,1.772534626419646,-0.0010678927500488516,1400.0,0.0077003954325943575,True,0.023223569616675377,0.0049839620175976046,True,True,False,False,False,0,20
314,2026-08-08T15:35:05.997789,shadow,silero,webrtc,False,0.01725894585251808,True,True,False,1,False,True,False,0,0.0,,,,,,,,,,,,,0.13099384087497257,0.7297300634661418,0.2162486993979754,0.05402123712824877,,,,,,,,,,,,,,,True,temporal_v1,False,0.0011081947087733864,0.08977035490605428,3.891739027997607,0.9102024205762889,87.29754811001442,1499.7813651283486,0.09559014381536741,0.028327247718358164,0.007076449340246979,0.0,0.0,0.005464733015290076,0.004572172309200068,0.0012366426281288062,0.010785462507799158,0.009478670368025391,5.720410978769042,6.552840402348212e-05,1.7869616701112245,-0.0010821279542142339,1466.6666666666667,0.007930297189033169,True,0.022169620729982853,0.005464733015290076,True,True,False,False,False,0,20
315,2026-08-08T15:35:06.006389,shadow,silero,webrtc,False,0.01668672263622284,True,True,False,1,False,True,False,0,0.0,,,,,,,,,,,,,0.11959478096627517,0.7343465708077335,0.21283977491173395,0.052813654272170905,,,,,,,,,,,,,,,True,temporal_v1,False,0.0010589251153780611,0.09603340292275574,3.895458861583254,0.9107393994304606,86.90475318507174,1493.8713090567696,0.08782401728908616,0.02545452626148013,0.0063162374147088625,0.0,0.0,0.004269917862089082,0.0035704803833711413,0.0011183798388773865,0.010373493318417406,0.009532610142299147,5.434051487885474,7.773723822970969e-05,1.8596387995857893,-0.0011237034633220348,1433.3333333333335,0.006809426252007444,True,0.021594874560832977,0.004269917862089082,True,True,False,False,False,0,20
316,2026-08-08T15:35:06.016413,shadow,silero,webrtc,False,0.016592789441347122,True,True,False,1,False,True,False,0,0.0,,,,,,,,,,,,,0.1028297031174091,0.7267712158853513,0.2211532746976579,0.05207550940726597,,,,,,,,,,,,,,,True,temporal_v1,False,0.00098055462656478,0.12317327766179541,3.9092631245120497,0.9100234680153171,86.23283311406513,1499.460924024283,0.07473366836376912,0.022741125580602983,0.005354909172037005,0.0,0.0,0.004795023611024881,0.004184940420821631,0.0011179027367970683,0.014745898443766432,0.011609843922951765,5.3824446582540455,8.636223059410441e-05,1.6549684958175621,-0.000992465061399908,1433.3333333333335,0.010369764279308347,True,0.02047985978424549,0.004795023611024881,True,True,False,False,False,0,20
317,2026-08-08T15:35:06.024995,shadow,silero,webrtc,False,0.015070837922394276,True,True,False,1,False,True,False,0,0.0,,,,,,,,,,,,,0.10978042851741289,0.7351454921166021,0.21145054553580467,0.05340396233848417,,,,,,,,,,,,,,,True,temporal_v1,False,0.0010091157820066293,0.13778705636743216,3.891344341553515,0.9090195108887863,86.47768146476785,1510.5197384476835,0.08070458714720495,0.023213131499161363,0.005862709870046572,0.0,0.0,0.00474203697907387,0.004179006286315183,0.0011454760636560057,0.02061315750813717,0.011626425537664447,7.101389243232538,9.416254658212079e-05,1.6332307262969017,-0.0009713898433719471,1433.3333333333335,0.010686450188741788,True,0.019152453169226646,0.00474203697907387,True,True,False,False,False,0,20
318,2026-08-08T15:35:06.030587,shadow,silero,webrtc,False,0.014411117881536484,True,True,False,1,False,True,False,0,0.0,,,,,,,,,,,,,0.09850945014172938,0.7368650007941727,0.21055931354212162,0.052575685653554236,,,,,,,,,,,,,,,True,temporal_v1,False,0.0009574516309350791,0.1022964509394572,3.9044768210975334,0.9105160493234424,86.02785607440963,1502.3540266149892,0.07258816605691894,0.020742082199254393,0.005179201884556037,0.0,0.0,0.004684978121871061,0.00422248354835885,0.0008990834461119688,0.020620556534222543,0.011965695114963879,5.456888002690974,4.988931080438089e-05,1.5634788240373712,-0.0009379547771783892,1466.6666666666667,0.013110662729229046,True,0.017934326082468033,0.004684978121871061,True,True,False,False,False,0,20
319,2026-08-08T15:35:06.041434,shadow,silero,webrtc,False,0.013724888674914837,True,True,False,1,False,True,False,0,0.0,,,,,,,,,,,,,0.08977598931356405,0.7399270663367727,0.2060345161205571,0.05403841753153134,,,,,,,,,,,,,,,True,temporal_v1,False,0.0009110060232428874,0.09603340292275574,3.8865285994358323,0.909619510573066,85.5911792881824,1502.594625362763,0.0664276844002669,0.018496952517464475,0.00485135239483267,0.0,0.0,0.004912005099121236,0.004603791487853311,0.0009527699919054195,0.019468130650312766,0.011464043490150358,5.589911284425627,4.894782149784367e-05,2.0205317963566354,-0.0012267843988582063,1466.6666666666667,0.004756317706566254,True,0.01697283424437046,0.004912005099121236,True,True,False,False,False,0,20
320,2026-08-08T15:35:06.047409,shadow,silero,webrtc,False,0.013724888674914837,True,True,False,1,False,True,False,0,0.0,,,,,,,,,,,,,0.07394578031161164,0.7397047571069143,0.2078014454605053,0.05249379741905694,,,,,,,,,,,,,,,True,temporal_v1,False,0.0008308650406468261,0.1127348643006263,3.880246316581275,0.9113159612218771,84.79838784118519,1494.3877920010282,0.05469804546448193,0.015366040034457873,0.00388169481167183,0.0,0.0,0.004843822806366491,0.004593945553845489,0.0009108907148373523,0.01768502595786837,0.010596472151337018,5.7459987632187355,0.00011576499509054554,2.0266193137187987,-0.0012282428146578634,1433.3333333333335,0.004517570725532881,True,0.01663975603878498,0.004843822806366491,True,True,False,False,False,0,20
321,2026-08-08T15:35:06.061431,shadow,silero,webrtc,False,0.01262802816927433,True,True,False,1,False,True,False,0,0.0,,,,,,,,,,,,,0.06042021772144282,0.7289000693881054,0.21699076754657534,0.05410916304876864,,,,,,,,,,,,,,,True,temporal_v1,False,0.0007541578982774628,0.09812108559498957,3.904552676786801,0.9098405049414537,83.94864710455076,1501.7363700952521,0.0440403008896041,0.013110629418707071,0.0032692874121316496,0.0,0.0,0.005327951494936689,0.004930494678737597,0.0010054769919358036,0.014537528483134603,0.010110656780975757,5.821706856306542,0.00011909553085139066,1.747872303259458,-0.0010550084634330483,1433.3333333333335,0.00847335092558956,True,0.0158318136818707,0.005327951494936689,True,True,False,False,False,0,20
322,2026-08-08T15:35:06.073431,shadow,silero,webrtc,False,0.01168634369969368,True,True,False,1,False,True,False,0,0.0,,,,,,,,,,,,,0.05213406781434995,0.7402224207292472,0.20659256476666907,0.05318501448490262,,,,,,,,,,,,,,,True,temporal_v1,False,0.0006969654511734643,0.1336116910229645,3.8704280115988907,0.9107493342527178,83.26664985060376,1503.511403581343,0.03859080588000085,0.010770510781486008,0.0027727511518630976,0.0,0.0,0.00494378493236063,0.0048026982700124605,0.0008478008328244696,0.01655599490013097,0.01161837571773041,5.860060261248656,0.00011919542144355033,1.6088574983444042,-0.0009590660168992701,1433.3333333333335,0.011210002136432395,True,0.01474097790196538,0.00494378493236063,True,True,False,False,False,0,20
323,2026-08-08T15:35:06.085312,shadow,silero,webrtc,False,0.011582273989915848,True,True,False,1,False,True,False,0,0.0,,,,,,,,,,,,,0.03735018256544004,0.7323083927188329,0.2151665520217538,0.052525055232639666,,,,,,,,,,,,,,,True,temporal_v1,False,0.0005933090563406613,0.16910229645093947,3.8817228355340103,0.9112739923061685,81.86713849372433,1500.9027994503867,0.027351852162252367,0.008036509999988756,0.001961820402198913,0.0,0.0,0.004624439687405782,0.004690058785071154,0.0007032799810209117,0.023789508178016273,0.011666091028943296,4.474108316651721,0.00012133839443699195,1.6071531110956,-0.0009600782202822384,1466.6666666666667,0.011047115545885288,True,0.01406800327822566,0.004624439687405782,True,True,False,False,False,0,20
324,2026-08-08T15:35:06.098515,shadow,silero,webrtc,False,0.010039759799838066,True,True,False,1,False,True,False,0,0.0,,,,,,,,,,,,,0.02178625864970798,0.7394207184049062,0.2088771179445351,0.05170216360465823,,,,,,,,,,,,,,,True,temporal_v1,False,0.0004528281238643463,0.12108559498956159,3.846201925360808,0.9121838403247344,79.51563537479498,1495.082412072174,0.016109211022122177,0.004550650917545202,0.0011263967090406025,0.0,0.0,0.004560875658060959,0.004619149009930287,0.0007500330321720484,0.022153057862016386,0.017923168567266543,4.802858825399408,0.00011051221765804651,1.7335900003520148,-0.001039588051170226,1433.3333333333335,0.008392652288198134,True,0.013724888674914837,0.004560875658060959,True,True,False,False,False,0,20
325,2026-08-08T15:35:06.108962,shadow,silero,webrtc,False,0.01063331589102745,True,True,False,1,False,True,False,0,0.0,,,,,,,,,,,,,0.016215592420547556,0.7479539077842896,0.20136567015599413,0.050680421998047405,,,,,,,,,,,,,,,True,temporal_v1,False,0.0003896276361896069,0.12317327766179541,3.834484512164737,0.9151211144804166,78.21641993644866,1473.8835793796136,0.012128515717985852,0.0032652636347400175,0.0008218130668216891,0.0,0.0,0.005891073988969354,0.005538666340588138,0.0010028160582576842,0.020794199744928337,0.023515234283714378,9.235285165979692,0.00029682539063152796,1.7393135120060923,-0.0010547181749774876,1400.0,0.008578412084665383,True,0.013176458422094584,0.005891073988969354,True,True,False,False,False,0,20
326,2026-08-08T15:35:06.122758,shadow,silero,webrtc,False,0.009211607277393341,True,True,False,1,False,True,False,0,0.0,,,,,,,,,,,,,0.008157992227015442,0.7502794825563641,0.2007767290915352,0.04894378822952144,,,,,,,,,,,,,,,True,temporal_v1,False,0.00027876106702307,0.11691022964509394,3.7619316834963668,0.9179958881084348,75.29414668788321,1464.0878145137526,0.0061207741867839865,0.0016379349952943296,0.0003992830439371258,0.0,0.0,0.006136573992514359,0.005003392678423547,0.0015054146239404742,0.020835031231523422,0.040884401107623224,13.809590163890883,0.0005443530158698635,1.5938519806980551,-0.0009444043178592309,1366.6666666666667,0.009845680518963477,True,0.012157185934484005,0.006136573992514359,True,True,False,False,False,0,20
327,2026-08-08T15:35:06.134874,shadow,silero,webrtc,False,0.008173038251698017,True,True,False,1,False,True,False,0,0.0,,,,,,,,,,,,,0.0033118579444885556,0.6912583427346453,0.2546713413726996,0.054070315590709774,,,,,,,,,,,,,,,True,temporal_v1,False,0.0001808701379599669,0.1315240083507307,3.870790900752232,0.9083857560247327,71.4126117406833,1501.0145857264527,0.002289349434079728,0.0008434353051587322,0.00017907320425009557,0.0,0.0,0.01566767282463047,0.014769240435322128,0.0015635214193154827,0.020413437604876218,0.040076924022917335,13.005922000575053,0.0007884323544064951,1.380017462803164,-0.0008211972153190577,1433.3333333333335,0.017052858295824577,True,0.011634308844804764,0.01566767282463047,True,True,False,False,False,0,20
328,2026-08-08T15:35:06.144328,shadow,silero,webrtc,False,0.007221036124974489,True,True,False,1,False,True,False,0,0.0,,,,,,,,,,,,,0.0004466364179362448,0.5885106285812622,0.3581530258537101,0.053336343326070124,,,,,,,,,,,,,,,True,temporal_v1,False,7.174476512099949e-05,0.13569937369519833,3.5339434447515785,0.8974437978108561,62.52520187518443,1560.4768562527759,0.00026285027906694275,0.00015996418454032835,2.3821953328973697e-05,0.0,0.0,0.04649275233176381,0.04593551729031202,0.0015869701318567088,0.019894421930190302,0.10475311889013617,23.891974750216207,0.004189827668528245,1.2161112610296752,-0.0007215982914760923,1433.3333333333335,0.0152829010394604,True,0.01110779494047165,0.04649275233176381,True,True,False,False,False,0,20
329,2026-08-08T15:35:06.156697,shadow,silero,webrtc,False,0.008101297542452812,True,True,False,1,False,True,False,0,0.0,,,,,,,,,,,,,0.00042178695829199936,0.718188018658506,0.22915745032063567,0.052654528649993225,,,,,,,,,,,,,,,True,temporal_v1,False,7.194189595463265e-05,0.12943632567849686,2.9773402108898552,0.9195889566763477,62.66049533092371,1504.0534409682086,0.0003029223398717289,9.665562394069088e-05,2.2208993479579576e-05,0.0,0.0,0.04600881803028539,0.04536807105220622,0.0015057808628166722,0.0176270158061058,0.2730565874991613,23.913233716214016,0.00998100554969667,1.9255445308502577,-0.001194553487349455,1433.3333333333335,0.0027175771224199207,True,0.010336537845432758,0.04600881803028539,True,True,False,False,False,0,20
330,2026-08-08T15:35:06.166913,shadow,silero,webrtc,False,0.007816310040652752,True,True,False,1,False,True,False,0,0.0,,,,,,,,,,,,,0.001872915853390695,0.6773483411852756,0.2566753799771292,0.06597627830366842,,,,,,,,,,,,,,,True,temporal_v1,False,0.0001397230590411808,0.15657620041753653,3.948238584853686,0.8925494149944189,69.00074505947717,1563.2705600054237,0.0012686164464737922,0.0004807313883342458,0.00012356801758265715,0.0,0.0,0.046818980814081236,0.04535077203818757,0.00435442211158707,0.018904770643293146,0.2773720581208665,30.376799042860334,0.009894328522912483,1.7232420317746198,-0.0010493819835913777,1633.3333333333335,0.008828768488305314,True,0.009625683538615704,0.046818980814081236,True,True,False,False,False,0,20
331,2026-08-08T15:35:06.178593,shadow,silero,webrtc,False,0.007603346835821867,True,True,False,1,False,True,False,0,0.0,,,,,,,,,,,,,0.006753372371879464,0.7199587202726557,0.22441934844781672,0.05562193113145334,,,,,,,,,,,,,,,True,temporal_v1,False,0.0002518182662592021,0.1440501043841336,3.835936757785555,0.9067723740517594,74.34509821383422,1535.7876202880905,0.004862149330383049,0.001515587427522676,0.0003756356129737393,0.0,0.0,0.04656164960435731,0.04511248410820529,0.004391492777718969,0.01550517296670325,0.2741194508790775,31.505645884511875,0.0022008550653150253,1.3732023152535888,-0.0008173554501799066,1566.6666666666667,0.01893281777163391,True,0.008692322764545679,0.04656164960435731,True,True,False,False,False,0,20
332,2026-08-08T15:35:06.188079,shadow,silero,webrtc,False,0.007527768611907959,True,True,False,1,False,True,False,0,0.0,,,,,,,,,,,,,0.007413623858704007,0.7129475810827464,0.22499668704996115,0.06205573173240568,,,,,,,,,,,,,,,True,temporal_v1,False,0.0002671026902977625,0.15657620041753653,3.9243156078761237,0.904264964503043,74.85262479525264,1519.6651881807138,0.0052855251971203575,0.0016680408072429508,0.00046005785334069806,0.0,0.0,0.04553075657936767,0.044259488311888806,0.005015251778486324,0.016624299834336918,0.2772192711926435,31.535037019850673,0.000908334563267138,1.5775218697417148,-0.0009488106254267501,1533.3333333333335,0.012632358964074048,True,0.008137167897075415,0.04553075657936767,True,True,False,False,False,0,20
333,2026-08-08T15:35:06.193622,shadow,silero,webrtc,False,0.010641902685165405,True,True,False,1,False,True,False,0,0.0,,,,,,,,,,,,,0.03002078813947725,0.7381931750249537,0.20903102832137588,0.052775796620360214,,,,,,,,,,,,,,,True,temporal_v1,False,0.000537142298370513,0.03966597077244259,3.4999684448566324,0.9122775249377915,81.00535710373379,1488.2853016739807,0.022161140913432183,0.006275276215813094,0.0015843710092319735,0.0,0.0,0.045880184946163784,0.044604987531999436,0.005004647628945942,0.031460345787549575,0.2815314385026733,32.19227385118148,0.0052576861977015705,2.3024835059230444,-0.0014142477213702686,1433.3333333333335,0.0006148387995735236,True,0.008137167897075415,0.045880184946163784,True,True,False,False,False,0,20
